mode,ref_n,rep,domain,facets,n_indicators,n_personas,n_boot,R1,R1_absolute,load_min,ref_load_min,ev_ratio,ref_ev_ratio,congruence,congruence_lo90,congruence_hi90,rmsd,rmsd_lo90,rmsd_hi90,R2,r4,level4,loadings,ref_loadings,note
c10_n310_rep,11150,0,Honesty-Humility,Sincerity; Fairness; Greed Avoidance; Modesty,4,310,500,False,False,0.502093219338569,0.5565211484079214,2.8084071734816454,3.3156290974220988,0.996593793708242,0.9828278086738171,0.9989910521237783,0.05931581545519214,0.03391931648408584,0.1294064197190123,unresolved,not applicable,fail,0.661;0.502;0.775;0.558,0.632;0.557;0.768;0.659,4 shared facets
c10_n310_rep,11150,0,Emotionality,Fearfulness; Anxiety; Dependence; Sentimentality,4,310,500,True,False,0.5002125472128366,0.53731469765033,2.8555603413266426,2.7331564178946106,0.9978361393399059,0.9906513018311184,0.9993569830952833,0.04873234273805621,0.03322823623104608,0.09572904900313794,pass,not applicable,pass,0.582;0.855;0.759;0.500,0.537;0.779;0.778;0.538,4 shared facets
c10_n310_rep,11150,0,Extraversion,Social Boldness; Sociability; Liveliness,3,310,500,True,True,0.7439897628445139,0.7146441523997545,5.084879798441283,4.8826801011344045,0.9969373871126556,0.9925422767121127,0.9989540854566858,0.06392751944695081,0.04126228120341811,0.0971328802107827,pass,not applicable,pass,0.878;0.750;0.744,0.792;0.814;0.715,3 shared facets (SSE excluded)
c10_n310_rep,11150,0,Extraversion_4pos,Social Self-Esteem; Social Boldness; Sociability; Liveliness,4,310,500,True,True,0.6877604350141968,0.6578857344642357,5.5194465382075135,5.1830485021422685,0.9982235823443506,0.9955888466550796,0.9993201090480078,0.047657820280290905,0.03363511290458606,0.07783758570148144,pass,not applicable,pass,0.791;0.941;0.742;0.688,0.827;0.872;0.788;0.658,4 positional facets (SSE paired with Expressiveness)
c10_n310_rep,11150,0,Agreeableness,Forgiveness; Gentleness; Flexibility; Patience,4,310,500,True,True,0.7239994493152917,0.7399089365241488,5.51523277113784,6.2148424295638565,0.9998910649640004,0.9982715928995342,0.9999070660011703,0.014752616627015634,0.01646333666509235,0.05685523619090082,pass,not applicable,pass,0.730;0.850;0.783;0.724,0.755;0.846;0.785;0.740,4 shared facets
c10_n310_rep,11150,0,Conscientiousness,Organization; Diligence; Perfectionism; Prudence,4,310,500,True,True,0.5813319944115354,0.599182396923535,3.97331661555163,3.835623815050767,0.9992466190613182,0.9945686181110112,0.9998149414569718,0.04001537989833774,0.02575162706874133,0.08112913567953133,pass,not applicable,pass,0.785;0.753;0.581;0.739,0.743;0.730;0.599;0.678,4 shared facets
c10_n310_rep,11150,0,Openness,Aesthetic Appreciation; Inquisitiveness; Creativity; Unconventionality,4,310,500,False,False,0.4588918022600579,0.48709783988364735,2.6972943783875474,2.7387557895873536,0.9986345781972725,0.9886984238331746,0.9995244121805805,0.03549616216393168,0.02782116889772807,0.09731061753128559,pass,not applicable,fail,0.459;0.631;0.768;0.634,0.487;0.632;0.754;0.571,4 shared facets
c4_n310_rep,11150,0,Honesty-Humility,Sincerity; Fairness; Greed Avoidance; Modesty,4,310,500,False,False,0.38243290330056595,0.5565211484079214,2.045423694507589,3.3156290974220988,0.9963786845002621,0.9661558384270782,0.9982795546432665,0.1454484911591409,0.10843170813562,0.21802442997639274,fail,not applicable,fail,0.489;0.382;0.599;0.587,0.632;0.557;0.768;0.659,4 shared facets
c4_n310_rep,11150,0,Emotionality,Fearfulness; Anxiety; Dependence; Sentimentality,4,310,500,False,False,0.454947947689031,0.53731469765033,2.4248615301886787,2.7331564178946106,0.9830323010431655,0.960543746987308,0.9934579946468639,0.12963452380755133,0.085005042440792,0.19160491460169635,unresolved,not applicable,fail,0.518;0.862;0.547;0.455,0.537;0.779;0.778;0.538,4 shared facets
c4_n310_rep,11150,0,Extraversion,Social Boldness; Sociability; Liveliness,3,310,500,True,True,0.6684784262947413,0.7146441523997545,3.993978816796665,4.8826801011344045,0.9983354754014878,0.9911515127098754,0.9998012759685045,0.05781482919509379,0.02963165624240637,0.11451086065899199,unresolved,not applicable,unresolved,0.809;0.727;0.668,0.792;0.814;0.715,3 shared facets (SSE excluded)
c4_n310_rep,11150,0,Extraversion_4pos,Social Self-Esteem; Social Boldness; Sociability; Liveliness,4,310,500,True,True,0.6716653672256769,0.6578857344642357,5.013310413885489,5.1830485021422685,0.9980332759459889,0.993978451510114,0.999465257606313,0.0632596319634652,0.040993349504672115,0.10119361145440568,unresolved,not applicable,unresolved,0.777;0.859;0.673;0.672,0.827;0.872;0.788;0.658,4 positional facets (SSE paired with Expressiveness)
c4_n310_rep,11150,0,Agreeableness,Forgiveness; Gentleness; Flexibility; Patience,4,310,500,True,True,0.5772242939707115,0.7399089365241488,3.6791468861603494,6.2148424295638565,0.989379425049054,0.9781398875417535,0.9947616564638111,0.1472781500500542,0.11258424968214148,0.1970186077445421,fail,not applicable,fail,0.669;0.577;0.704;0.760,0.755;0.846;0.785;0.740,4 shared facets
c4_n310_rep,11150,0,Conscientiousness,Organization; Diligence; Perfectionism; Prudence,4,310,500,True,True,0.4970601878702454,0.599182396923535,3.331284494186615,3.835623815050767,0.9948786277504361,0.9862770328728404,0.9981940536160551,0.06972394230899354,0.0432082235277117,0.11754655980220706,unresolved,not applicable,unresolved,0.769;0.684;0.497;0.757,0.743;0.730;0.599;0.678,4 shared facets
c4_n310_rep,11150,0,Openness,Aesthetic Appreciation; Inquisitiveness; Creativity; Unconventionality,4,310,500,False,False,0.20238603071247632,0.48709783988364735,1.9628737728805266,2.7387557895873536,0.9681502362583615,0.9300564623059699,0.9874464727228948,0.15613524572711557,0.10076486413729005,0.22821814849711478,fail,not applicable,fail,0.202;0.560;0.848;0.521,0.487;0.632;0.754;0.571,4 shared facets
c10_n310_rep,11150,1,Honesty-Humility,Sincerity; Fairness; Greed Avoidance; Modesty,4,310,500,True,True,0.5857220900418197,0.5565211484079214,3.372902810534549,3.3156290974220988,0.9999542923969537,0.9944775119357184,0.9997600026678486,0.02215166361338254,0.025372077105712865,0.07703043865731701,pass,not applicable,pass,0.647;0.586;0.791;0.679,0.632;0.557;0.768;0.659,4 shared facets
c10_n310_rep,11150,1,Emotionality,Fearfulness; Anxiety; Dependence; Sentimentality,4,310,500,False,False,0.437584990869379,0.53731469765033,2.2011301695154573,2.7331564178946106,0.9960812188407414,0.9822896627531288,0.9989839958986816,0.07054392807261392,0.04213849824751841,0.13232516116328638,unresolved,not applicable,fail,0.479;0.813;0.704;0.438,0.537;0.779;0.778;0.538,4 shared facets
c10_n310_rep,11150,1,Extraversion,Social Boldness; Sociability; Liveliness,3,310,500,True,True,0.6991263765178818,0.7146441523997545,4.688655707163797,4.8826801011344045,0.9995894565317941,0.9962198753864209,0.9999130108173251,0.02242892845262835,0.014420883040164156,0.07254213459052156,pass,not applicable,pass,0.819;0.791;0.699,0.792;0.814;0.715,3 shared facets (SSE excluded)
c10_n310_rep,11150,1,Extraversion_4pos,Social Self-Esteem; Social Boldness; Sociability; Liveliness,4,310,500,True,True,0.6227430787518046,0.6578857344642357,4.585155931192306,5.1830485021422685,0.9991807900271418,0.9967062000229209,0.999788659550305,0.03297916737952643,0.021598203278090755,0.06866220325771043,pass,not applicable,pass,0.794;0.913;0.769;0.623,0.827;0.872;0.788;0.658,4 positional facets (SSE paired with Expressiveness)
c10_n310_rep,11150,1,Agreeableness,Forgiveness; Gentleness; Flexibility; Patience,4,310,500,True,True,0.7256522698386133,0.7399089365241488,6.0449694676132255,6.2148424295638565,0.9994828073948835,0.9974528800650676,0.9998471530632278,0.02537586857427474,0.018526103360013597,0.059144862320413646,pass,not applicable,pass,0.742;0.883;0.756;0.726,0.755;0.846;0.785;0.740,4 shared facets
c10_n310_rep,11150,1,Conscientiousness,Organization; Diligence; Perfectionism; Prudence,4,310,500,True,True,0.5861749112975408,0.599182396923535,4.1966336729123315,3.835623815050767,0.9969116180248214,0.9905887460402655,0.998910106647453,0.07050048095553414,0.05216519151209781,0.104875029129893,unresolved,not applicable,unresolved,0.836;0.705;0.586;0.780,0.743;0.730;0.599;0.678,4 shared facets
c10_n310_rep,11150,1,Openness,Aesthetic Appreciation; Inquisitiveness; Creativity; Unconventionality,4,310,500,False,False,0.44776846383777513,0.48709783988364735,2.499990752258235,2.7387557895873536,0.9974874382353502,0.9825902636992228,0.9991337188833302,0.044197472666439606,0.031657142753506166,0.11581254637792268,unresolved,not applicable,fail,0.448;0.657;0.808;0.517,0.487;0.632;0.754;0.571,4 shared facets
c4_n310_rep,11150,1,Honesty-Humility,Sincerity; Fairness; Greed Avoidance; Modesty,4,310,500,False,False,0.42257759892900154,0.5565211484079214,2.396274907933109,3.3156290974220988,0.9863558389374126,0.9633340840643949,0.9950204363336927,0.12308783273374517,0.07793363151144546,0.18577819187156328,unresolved,not applicable,fail,0.423;0.429;0.759;0.678,0.632;0.557;0.768;0.659,4 shared facets
c4_n310_rep,11150,1,Emotionality,Fearfulness; Anxiety; Dependence; Sentimentality,4,310,500,False,False,0.4126380499552314,0.53731469765033,2.3456095547829086,2.7331564178946106,0.9835890514521888,0.9631445108862977,0.9935150772399054,0.1234730116370148,0.08323626107416467,0.18089420928763528,unresolved,not applicable,fail,0.504;0.899;0.605;0.413,0.537;0.779;0.778;0.538,4 shared facets
c4_n310_rep,11150,1,Extraversion,Social Boldness; Sociability; Liveliness,3,310,500,True,True,0.6667571628812045,0.7146441523997545,3.6549956089249798,4.8826801011344045,0.997672889250248,0.9866406013673923,0.99969284841093,0.09459621778907526,0.06117554170229167,0.15065552396048001,unresolved,not applicable,unresolved,0.667;0.709;0.707,0.792;0.814;0.715,3 shared facets (SSE excluded)
c4_n310_rep,11150,1,Extraversion_4pos,Social Self-Esteem; Social Boldness; Sociability; Liveliness,4,310,500,True,True,0.6247478118235084,0.6578857344642357,4.05135190533734,5.1830485021422685,0.9988513145938054,0.9945215773577292,0.9997601516990651,0.08923175402098849,0.06219021264720017,0.1294343833281083,unresolved,not applicable,unresolved,0.749;0.728;0.727;0.625,0.827;0.872;0.788;0.658,4 positional facets (SSE paired with Expressiveness)
c4_n310_rep,11150,1,Agreeableness,Forgiveness; Gentleness; Flexibility; Patience,4,310,500,True,True,0.5193499968232957,0.7399089365241488,3.2618706445189942,6.2148424295638565,0.9914174409591796,0.9792538606004022,0.9970374433946538,0.14624409665932986,0.11361843202132041,0.19598422292668025,fail,not applicable,fail,0.714;0.748;0.519;0.682,0.755;0.846;0.785;0.740,4 shared facets
c4_n310_rep,11150,1,Conscientiousness,Organization; Diligence; Perfectionism; Prudence,4,310,500,True,True,0.5345446165187552,0.599182396923535,3.4828349890807364,3.835623815050767,0.9933809513016233,0.9852774265689984,0.996715033776814,0.08501592126550309,0.06589436666733406,0.12150219211226744,unresolved,not applicable,unresolved,0.831;0.668;0.535;0.793,0.743;0.730;0.599;0.678,4 shared facets
c4_n310_rep,11150,1,Openness,Aesthetic Appreciation; Inquisitiveness; Creativity; Unconventionality,4,310,500,False,False,0.2682888700087988,0.48709783988364735,1.915839742233307,2.7387557895873536,0.9848900313889976,0.9477932256361272,0.9949258342548556,0.1310794453041699,0.09329142569571856,0.2144276216305426,unresolved,not applicable,fail,0.268;0.496;0.708;0.567,0.487;0.632;0.754;0.571,4 shared facets
c10_n310_rep,11150,2,Honesty-Humility,Sincerity; Fairness; Greed Avoidance; Modesty,4,310,500,True,True,0.6075612507446808,0.5565211484079214,3.7074894825357294,3.3156290974220988,0.9942897805917814,0.9857779399210694,0.9977210012671367,0.0826094796773541,0.0570419429478089,0.1265040541714363,unresolved,not applicable,unresolved,0.751;0.659;0.763;0.608,0.632;0.557;0.768;0.659,4 shared facets
c10_n310_rep,11150,2,Emotionality,Fearfulness; Anxiety; Dependence; Sentimentality,4,310,500,True,False,0.5229329569309643,0.53731469765033,2.7570092478677317,2.7331564178946106,0.998669920685667,0.9878795060256499,0.9996448542017587,0.03469198022663302,0.024386771567082414,0.10689310020061407,unresolved,not applicable,unresolved,0.552;0.816;0.723;0.523,0.537;0.779;0.778;0.538,4 shared facets
c10_n310_rep,11150,2,Extraversion,Social Boldness; Sociability; Liveliness,3,310,500,True,True,0.6895731163942616,0.7146441523997545,4.57318409789303,4.8826801011344045,0.999663600734801,0.9957305093965978,0.999919587712389,0.021098749257924893,0.013988182263422,0.07466036428834111,pass,not applicable,pass,0.812;0.797;0.690,0.792;0.814;0.715,3 shared facets (SSE excluded)
c10_n310_rep,11150,2,Extraversion_4pos,Social Self-Esteem; Social Boldness; Sociability; Liveliness,4,310,500,True,True,0.6244352231874049,0.6578857344642357,4.914320172573955,5.1830485021422685,0.9997162129703439,0.9976452258672629,0.99989765723019,0.01882611917192199,0.0153079731191434,0.05760138039298768,pass,not applicable,pass,0.841;0.881;0.789;0.624,0.827;0.872;0.788;0.658,4 positional facets (SSE paired with Expressiveness)
c10_n310_rep,11150,2,Agreeableness,Forgiveness; Gentleness; Flexibility; Patience,4,310,500,True,True,0.7326820375583254,0.7399089365241488,6.0446836274733196,6.2148424295638565,0.9994275068054709,0.997578166407743,0.9998121079074694,0.02649731474706586,0.01946558926489013,0.05842693943966069,pass,not applicable,pass,0.797;0.834;0.757;0.733,0.755;0.846;0.785;0.740,4 shared facets
c10_n310_rep,11150,2,Conscientiousness,Organization; Diligence; Perfectionism; Prudence,4,310,500,True,True,0.5631313451083856,0.599182396923535,3.9121438170280967,3.835623815050767,0.9985093989380593,0.9944184747280459,0.9996956530159075,0.053416501027102686,0.03887457635359423,0.08950831643879611,pass,not applicable,pass,0.805;0.766;0.563;0.748,0.743;0.730;0.599;0.678,4 shared facets
c10_n310_rep,11150,2,Openness,Aesthetic Appreciation; Inquisitiveness; Creativity; Unconventionality,4,310,500,True,False,0.45587786873526087,0.48709783988364735,2.8195211508167075,2.7387557895873536,0.9924895731189486,0.9752174016497098,0.9978644198324612,0.08008034344779938,0.053836174375873666,0.14081167418156734,unresolved,not applicable,unresolved,0.573;0.654;0.822;0.456,0.487;0.632;0.754;0.571,4 shared facets
c4_n310_rep,11150,2,Honesty-Humility,Sincerity; Fairness; Greed Avoidance; Modesty,4,310,500,True,True,0.5789002982848926,0.5565211484079214,3.555657134259262,3.3156290974220988,0.9847893165859597,0.9701141878911312,0.9924191521129323,0.11532392291021627,0.08467548300455632,0.16256713228346126,unresolved,not applicable,unresolved,0.798;0.612;0.641;0.579,0.632;0.557;0.768;0.659,4 shared facets
c4_n310_rep,11150,2,Emotionality,Fearfulness; Anxiety; Dependence; Sentimentality,4,310,500,False,False,0.3687249686503376,0.53731469765033,2.2431046473425966,2.7331564178946106,0.9915195960360824,0.9727234681352697,0.997574132019104,0.10717021787261133,0.06854097376947003,0.17787387117049525,unresolved,not applicable,fail,0.369;0.684;0.702;0.589,0.537;0.779;0.778;0.538,4 shared facets
c4_n310_rep,11150,2,Extraversion,Social Boldness; Sociability; Liveliness,3,310,500,True,True,0.5850564499402046,0.7146441523997545,3.3766974227915454,4.8826801011344045,0.9971735892266987,0.9864266744042396,0.9995527630682275,0.08158519477531127,0.04684829021191921,0.1430581155080127,unresolved,not applicable,unresolved,0.787;0.758;0.585,0.792;0.814;0.715,3 shared facets (SSE excluded)
c4_n310_rep,11150,2,Extraversion_4pos,Social Self-Esteem; Social Boldness; Sociability; Liveliness,4,310,500,True,True,0.5050505555522309,0.6578857344642357,3.5931875081848563,5.1830485021422685,0.9964310749858907,0.9904872966176801,0.9989597721571382,0.08069104036242775,0.04674039324271945,0.12507037156889741,unresolved,not applicable,unresolved,0.796;0.870;0.747;0.505,0.827;0.872;0.788;0.658,4 positional facets (SSE paired with Expressiveness)
c4_n310_rep,11150,2,Agreeableness,Forgiveness; Gentleness; Flexibility; Patience,4,310,500,True,True,0.5635437656942057,0.7399089365241488,3.641038662891652,6.2148424295638565,0.9905542193519611,0.9802582353851994,0.995402570070751,0.13391334194617105,0.10127615072356211,0.18290471695380206,fail,not applicable,fail,0.798;0.713;0.564;0.686,0.755;0.846;0.785;0.740,4 shared facets
c4_n310_rep,11150,2,Conscientiousness,Organization; Diligence; Perfectionism; Prudence,4,310,500,True,True,0.5894914834433121,0.599182396923535,3.4207500222787153,3.835623815050767,0.9984859494129054,0.9923518007539032,0.9994845173121865,0.040511151829462695,0.027627419400940347,0.09155557799742733,pass,not applicable,pass,0.753;0.740;0.589;0.599,0.743;0.730;0.599;0.678,4 shared facets
c4_n310_rep,11150,2,Openness,Aesthetic Appreciation; Inquisitiveness; Creativity; Unconventionality,4,310,500,False,False,0.33722871251388814,0.48709783988364735,1.984562934099663,2.7387557895873536,0.9859985050387241,0.9468621880201453,0.9956058893025636,0.13202051052420738,0.09160161044817879,0.2046678156352984,unresolved,not applicable,fail,0.408;0.539;0.737;0.337,0.487;0.632;0.754;0.571,4 shared facets
c10_n310_rep,11150,3,Honesty-Humility,Sincerity; Fairness; Greed Avoidance; Modesty,4,310,500,True,True,0.5993954305177985,0.5565211484079214,3.358318480541063,3.3156290974220988,0.9983459321817509,0.9912869036785105,0.9995135947078448,0.03912652624667766,0.025720670223714482,0.090473084219318,pass,not applicable,pass,0.685;0.599;0.747;0.628,0.632;0.557;0.768;0.659,4 shared facets
c10_n310_rep,11150,3,Emotionality,Fearfulness; Anxiety; Dependence; Sentimentality,4,310,500,False,False,0.427353361387895,0.53731469765033,2.4922200804429075,2.7331564178946106,0.9926440887813716,0.9744839354434082,0.9980518502249343,0.08212696828447197,0.04691008479739302,0.15197258011617767,unresolved,not applicable,fail,0.544;0.861;0.688;0.427,0.537;0.779;0.778;0.538,4 shared facets
c10_n310_rep,11150,3,Extraversion,Social Boldness; Sociability; Liveliness,3,310,500,True,True,0.7594654427623732,0.7146441523997545,5.992586321278307,4.8826801011344045,0.9998167599515824,0.9978958494832029,0.9999632503065413,0.03949828911251159,0.022399563163882474,0.07208063210660554,pass,not applicable,pass,0.841;0.831;0.759,0.792;0.814;0.715,3 shared facets (SSE excluded)
c10_n310_rep,11150,3,Extraversion_4pos,Social Self-Esteem; Social Boldness; Sociability; Liveliness,4,310,500,True,True,0.7196306243875684,0.6578857344642357,6.694006920923991,5.1830485021422685,0.9997486680799818,0.9987100022030234,0.9999291458867581,0.03974320068967293,0.02184835521903229,0.0691508935564312,pass,not applicable,pass,0.861;0.894;0.816;0.720,0.827;0.872;0.788;0.658,4 positional facets (SSE paired with Expressiveness)
c10_n310_rep,11150,3,Agreeableness,Forgiveness; Gentleness; Flexibility; Patience,4,310,500,True,True,0.7082060596040328,0.7399089365241488,5.351561667470218,6.2148424295638565,0.999214231487969,0.9957662376021889,0.9998060701649434,0.044768412992183364,0.026646036751005246,0.08950168710581431,pass,not applicable,pass,0.708;0.845;0.710;0.727,0.755;0.846;0.785;0.740,4 shared facets
c10_n310_rep,11150,3,Conscientiousness,Organization; Diligence; Perfectionism; Prudence,4,310,500,True,True,0.6230326367812531,0.599182396923535,4.057926132307686,3.835623815050767,0.9995415287606906,0.9953825295745948,0.9997763468438204,0.02742788710196851,0.02323131704564481,0.07602985108329827,pass,not applicable,pass,0.733;0.741;0.623;0.725,0.743;0.730;0.599;0.678,4 shared facets
c10_n310_rep,11150,3,Openness,Aesthetic Appreciation; Inquisitiveness; Creativity; Unconventionality,4,310,500,False,False,0.48242381478801105,0.48709783988364735,2.684994589828799,2.7387557895873536,0.9993101510468363,0.9910444414817999,0.9995195897240641,0.032548417106713586,0.031771623552114096,0.09061539452377321,pass,not applicable,fail,0.482;0.690;0.785;0.567,0.487;0.632;0.754;0.571,4 shared facets
c4_n310_rep,11150,3,Honesty-Humility,Sincerity; Fairness; Greed Avoidance; Modesty,4,310,500,False,False,0.5161424328746121,0.5565211484079214,2.7341049812300597,3.3156290974220988,0.9909851332693409,0.9735198431692499,0.9974947643945212,0.09571885093411518,0.059236204338893775,0.15203371519700204,unresolved,not applicable,fail,0.724;0.516;0.660;0.537,0.632;0.557;0.768;0.659,4 shared facets
c4_n310_rep,11150,3,Emotionality,Fearfulness; Anxiety; Dependence; Sentimentality,4,310,500,False,False,0.4874521345042243,0.53731469765033,2.410638851537669,2.7331564178946106,0.9844986038747356,0.9520557822987538,0.9947671282717316,0.1315166148325441,0.08916618136922333,0.2104220388641176,unresolved,not applicable,fail,0.487;0.817;0.524;0.505,0.537;0.779;0.778;0.538,4 shared facets
c4_n310_rep,11150,3,Extraversion,Social Boldness; Sociability; Liveliness,3,310,500,True,True,0.6834111997904678,0.7146441523997545,4.022465033889141,4.8826801011344045,0.9970438854654331,0.9873166335439636,0.999513448172959,0.06357938131970622,0.03310786045164232,0.12930552916207866,unresolved,not applicable,unresolved,0.696;0.859;0.683,0.792;0.814;0.715,3 shared facets (SSE excluded)
c4_n310_rep,11150,3,Extraversion_4pos,Social Self-Esteem; Social Boldness; Sociability; Liveliness,4,310,500,True,True,0.642024859065441,0.6578857344642357,4.919014349597725,5.1830485021422685,0.9966578553575284,0.993163197168627,0.9984033849185474,0.06518121469596189,0.04858094775605435,0.0955016763338406,pass,not applicable,pass,0.861;0.757;0.836;0.642,0.827;0.872;0.788;0.658,4 positional facets (SSE paired with Expressiveness)
c4_n310_rep,11150,3,Agreeableness,Forgiveness; Gentleness; Flexibility; Patience,4,310,500,True,True,0.5786439458399986,0.7399089365241488,3.444680186738931,6.2148424295638565,0.9961083430512998,0.9871930173468816,0.9986438488995171,0.12927247346152548,0.09547515215794573,0.18021104943838712,unresolved,not applicable,unresolved,0.630;0.775;0.579;0.682,0.755;0.846;0.785;0.740,4 shared facets
c4_n310_rep,11150,3,Conscientiousness,Organization; Diligence; Perfectionism; Prudence,4,310,500,True,True,0.5895001983451793,0.599182396923535,3.049281733303519,3.835623815050767,0.9969390627226418,0.9851595450685565,0.9993325249774064,0.07917435056051766,0.05292896825603158,0.14161037125737874,unresolved,not applicable,unresolved,0.609;0.716;0.590;0.596,0.743;0.730;0.599;0.678,4 shared facets
c4_n310_rep,11150,3,Openness,Aesthetic Appreciation; Inquisitiveness; Creativity; Unconventionality,4,310,500,False,False,0.45720178472883305,0.48709783988364735,2.2596478549247188,2.7387557895873536,0.9949768140639942,0.9779872235969956,0.998266205724881,0.06292488692613472,0.03780684840451729,0.13393417328445958,unresolved,not applicable,fail,0.501;0.604;0.799;0.457,0.487;0.632;0.754;0.571,4 shared facets
c10_n310_rep,11150,4,Honesty-Humility,Sincerity; Fairness; Greed Avoidance; Modesty,4,310,500,True,True,0.6264911959874551,0.5565211484079214,3.581120188960675,3.3156290974220988,0.996611617576832,0.9885748356537992,0.9988912740439151,0.05763809260370325,0.03970044696353526,0.10716142895362862,unresolved,not applicable,unresolved,0.626;0.669;0.762;0.637,0.632;0.557;0.768;0.659,4 shared facets
c10_n310_rep,11150,4,Emotionality,Fearfulness; Anxiety; Dependence; Sentimentality,4,310,500,False,False,0.41491933912645,0.53731469765033,2.6821835524807627,2.7331564178946106,0.9913424630022212,0.9748444065670957,0.997631675630529,0.08784403076676214,0.048528576547888294,0.15074939556974878,unresolved,not applicable,fail,0.651;0.799;0.728;0.415,0.537;0.779;0.778;0.538,4 shared facets
c10_n310_rep,11150,4,Extraversion,Social Boldness; Sociability; Liveliness,3,310,500,True,True,0.7558057713289648,0.7146441523997545,5.328053857459681,4.8826801011344045,0.9990332185565072,0.9960630699905819,0.9998946306176498,0.03972649282093641,0.022982988292232682,0.07437613720492647,pass,not applicable,pass,0.763;0.861;0.756,0.792;0.814;0.715,3 shared facets (SSE excluded)
c10_n310_rep,11150,4,Extraversion_4pos,Social Self-Esteem; Social Boldness; Sociability; Liveliness,4,310,500,True,True,0.7027663033431625,0.6578857344642357,5.329231071944739,5.1830485021422685,0.9995376517992001,0.9977956852689224,0.9998934501183535,0.025559562744329047,0.016455345814789878,0.057059020800525315,pass,not applicable,pass,0.811;0.866;0.806;0.703,0.827;0.872;0.788;0.658,4 positional facets (SSE paired with Expressiveness)
c10_n310_rep,11150,4,Agreeableness,Forgiveness; Gentleness; Flexibility; Patience,4,310,500,True,True,0.7680139825649844,0.7399089365241488,6.608420348810051,6.2148424295638565,0.9998413492609441,0.9986855080874447,0.999943293513307,0.03241117291191834,0.021968136066344297,0.058384669446619394,pass,not applicable,pass,0.768;0.898;0.801;0.773,0.755;0.846;0.785;0.740,4 shared facets
c10_n310_rep,11150,4,Conscientiousness,Organization; Diligence; Perfectionism; Prudence,4,310,500,True,True,0.6739479287399935,0.599182396923535,4.355216146779755,3.835623815050767,0.999172440158474,0.995256527426766,0.9998003522747977,0.04037497291064042,0.02577004650221438,0.08502709281304445,pass,not applicable,pass,0.770;0.733;0.674;0.692,0.743;0.730;0.599;0.678,4 shared facets
c10_n310_rep,11150,4,Openness,Aesthetic Appreciation; Inquisitiveness; Creativity; Unconventionality,4,310,500,True,False,0.5084307905994131,0.48709783988364735,2.8304393687346234,2.7387557895873536,0.9982646924119285,0.98924936349513,0.9993829904595719,0.04990820042723475,0.03661887861304359,0.10545922362927802,unresolved,not applicable,unresolved,0.508;0.718;0.792;0.545,0.487;0.632;0.754;0.571,4 shared facets
c4_n310_rep,11150,4,Honesty-Humility,Sincerity; Fairness; Greed Avoidance; Modesty,4,310,500,False,False,0.535935466422482,0.5565211484079214,2.7885352039724096,3.3156290974220988,0.9979075944613366,0.9874121244011,0.999423880300888,0.07255166131656036,0.04704863267171183,0.1288194297045593,unresolved,not applicable,fail,0.617;0.536;0.641;0.595,0.632;0.557;0.768;0.659,4 shared facets
c4_n310_rep,11150,4,Emotionality,Fearfulness; Anxiety; Dependence; Sentimentality,4,310,500,True,False,0.40792592213579393,0.53731469765033,2.81703846295889,2.7331564178946106,0.9905794136953102,0.9749706812811084,0.9964991030061948,0.09179875497005144,0.058880689418020604,0.15075584184849944,unresolved,not applicable,unresolved,0.666;0.766;0.768;0.408,0.537;0.779;0.778;0.538,4 shared facets
c4_n310_rep,11150,4,Extraversion,Social Boldness; Sociability; Liveliness,3,310,500,True,True,0.6472175655475124,0.7146441523997545,3.5594110462325093,4.8826801011344045,0.9992731762278158,0.9915485251613656,0.9999045311838723,0.07562765823262392,0.04576294049557491,0.12922103379627695,unresolved,not applicable,unresolved,0.688;0.774;0.647,0.792;0.814;0.715,3 shared facets (SSE excluded)
c4_n310_rep,11150,4,Extraversion_4pos,Social Self-Esteem; Social Boldness; Sociability; Liveliness,4,310,500,True,True,0.588116503523171,0.6578857344642357,3.742883776341423,5.1830485021422685,0.9964477196094614,0.9904676599564088,0.9986305506646873,0.10648853246967216,0.07620493909774262,0.14840221551881438,unresolved,not applicable,unresolved,0.696;0.720;0.798;0.588,0.827;0.872;0.788;0.658,4 positional facets (SSE paired with Expressiveness)
c4_n310_rep,11150,4,Agreeableness,Forgiveness; Gentleness; Flexibility; Patience,4,310,500,True,True,0.5998488639749389,0.7399089365241488,3.7856836180426314,6.2148424295638565,0.9939130686437864,0.9857411994996907,0.9973324010072517,0.1166897967659551,0.08325530299198687,0.16235368076341425,unresolved,not applicable,unresolved,0.660;0.747;0.600;0.776,0.755;0.846;0.785;0.740,4 shared facets
c4_n310_rep,11150,4,Conscientiousness,Organization; Diligence; Perfectionism; Prudence,4,310,500,True,True,0.5919582904788387,0.599182396923535,3.8254184867577354,3.835623815050767,0.999243437051516,0.9948307355412157,0.9996875995626197,0.026851492610495464,0.02387474115447888,0.07657800003878498,pass,not applicable,pass,0.754;0.692;0.592;0.714,0.743;0.730;0.599;0.678,4 shared facets
c4_n310_rep,11150,4,Openness,Aesthetic Appreciation; Inquisitiveness; Creativity; Unconventionality,4,310,500,True,False,0.47934108439924084,0.48709783988364735,2.755266179985501,2.7387557895873536,0.9996499276141263,0.9900884133290704,0.9994787266308822,0.02317564993733555,0.025939488858546873,0.09555876548536027,pass,not applicable,pass,0.479;0.636;0.731;0.531,0.487;0.632;0.754;0.571,4 shared facets
c10_n310_rep,11150,5,Honesty-Humility,Sincerity; Fairness; Greed Avoidance; Modesty,4,310,500,True,True,0.5179436287647333,0.5565211484079214,3.14713786859364,3.3156290974220988,0.9996784813389965,0.9917960880181858,0.9996947175522356,0.02207984716943411,0.021343744399185786,0.09007264750194743,pass,not applicable,pass,0.637;0.518;0.749;0.650,0.632;0.557;0.768;0.659,4 shared facets
c10_n310_rep,11150,5,Emotionality,Fearfulness; Anxiety; Dependence; Sentimentality,4,310,500,False,False,0.45962979858673125,0.53731469765033,2.434240021001194,2.7331564178946106,0.9987955289498882,0.9897191179239605,0.9993953016890809,0.046220165816863466,0.030422973404170685,0.1109077632567741,unresolved,not applicable,fail,0.546;0.743;0.745;0.460,0.537;0.779;0.778;0.538,4 shared facets
c10_n310_rep,11150,5,Extraversion,Social Boldness; Sociability; Liveliness,3,310,500,True,True,0.728836312634602,0.7146441523997545,5.082504899380621,4.8826801011344045,0.99972087804131,0.9972198468758854,0.9999593037686678,0.018817370322820177,0.013784296635593683,0.06131604560268142,pass,not applicable,pass,0.813;0.793;0.729,0.792;0.814;0.715,3 shared facets (SSE excluded)
c10_n310_rep,11150,5,Extraversion_4pos,Social Self-Esteem; Social Boldness; Sociability; Liveliness,4,310,500,True,True,0.6635945060015087,0.6578857344642357,5.060115994646623,5.1830485021422685,0.9995154235215895,0.9979509294761795,0.9997988134715895,0.024662004887529076,0.019339113710421407,0.05560813858483775,pass,not applicable,pass,0.802;0.905;0.763;0.664,0.827;0.872;0.788;0.658,4 positional facets (SSE paired with Expressiveness)
c10_n310_rep,11150,5,Agreeableness,Forgiveness; Gentleness; Flexibility; Patience,4,310,500,True,True,0.7761796523779722,0.7399089365241488,6.771740222309292,6.2148424295638565,0.9998177640430175,0.9985087422681405,0.9999366556748872,0.02434225267566043,0.01601748977661327,0.056297507681393015,pass,not applicable,pass,0.785;0.847;0.796;0.776,0.755;0.846;0.785;0.740,4 shared facets
c10_n310_rep,11150,5,Conscientiousness,Organization; Diligence; Perfectionism; Prudence,4,310,500,False,False,0.47530228049778517,0.599182396923535,2.859127712811248,3.835623815050767,0.9954047965711552,0.9841262481411727,0.9985181567394892,0.07860980852512876,0.046198292537302406,0.13584043143814808,unresolved,not applicable,fail,0.776;0.646;0.475;0.643,0.743;0.730;0.599;0.678,4 shared facets
c10_n310_rep,11150,5,Openness,Aesthetic Appreciation; Inquisitiveness; Creativity; Unconventionality,4,310,500,True,False,0.5547382079292943,0.48709783988364735,2.9504174266983543,2.7387557895873536,0.9979945847618107,0.9886923285073129,0.9993819274331219,0.046726553671804574,0.03290645701887257,0.10369835605428972,unresolved,not applicable,unresolved,0.555;0.613;0.814;0.555,0.487;0.632;0.754;0.571,4 shared facets
c4_n310_rep,11150,5,Honesty-Humility,Sincerity; Fairness; Greed Avoidance; Modesty,4,310,500,False,False,0.3951629897843194,0.5565211484079214,2.661836664216711,3.3156290974220988,0.9915908684650124,0.9777042788837575,0.9971940887906964,0.08664743812966215,0.05226289287188176,0.14191226834201398,unresolved,not applicable,fail,0.688;0.395;0.741;0.668,0.632;0.557;0.768;0.659,4 shared facets
c4_n310_rep,11150,5,Emotionality,Fearfulness; Anxiety; Dependence; Sentimentality,4,310,500,False,False,0.40392840617080134,0.53731469765033,2.223769041600586,2.7331564178946106,0.9792889144776616,0.9514536335903218,0.9930868545188478,0.1447638838723846,0.09435629718483705,0.21324818309591367,unresolved,not applicable,fail,0.532;0.854;0.532;0.404,0.537;0.779;0.778;0.538,4 shared facets
c4_n310_rep,11150,5,Extraversion,Social Boldness; Sociability; Liveliness,3,310,500,True,True,0.6606004693728266,0.7146441523997545,3.5913000340331616,4.8826801011344045,0.9944354631359992,0.9829347719462747,0.9989582903603453,0.10874582127155641,0.07162930772734596,0.16696049471519628,unresolved,not applicable,unresolved,0.661;0.684;0.749,0.792;0.814;0.715,3 shared facets (SSE excluded)
c4_n310_rep,11150,5,Extraversion_4pos,Social Self-Esteem; Social Boldness; Sociability; Liveliness,4,310,500,True,True,0.6395672879436894,0.6578857344642357,3.796392624920256,5.1830485021422685,0.9988807903772493,0.9947379140739167,0.9996082278708182,0.0867460449299488,0.06123987380465268,0.1265990822741306,unresolved,not applicable,unresolved,0.749;0.783;0.662;0.640,0.827;0.872;0.788;0.658,4 positional facets (SSE paired with Expressiveness)
c4_n310_rep,11150,5,Agreeableness,Forgiveness; Gentleness; Flexibility; Patience,4,310,500,True,True,0.6965531646436486,0.7399089365241488,5.335771226586534,6.2148424295638565,0.9992816052225811,0.9966044965274085,0.9997610788280078,0.04830828861975139,0.029116370452140314,0.08851415567860539,pass,not applicable,pass,0.697;0.771;0.768;0.737,0.755;0.846;0.785;0.740,4 shared facets
c4_n310_rep,11150,5,Conscientiousness,Organization; Diligence; Perfectionism; Prudence,4,310,500,False,False,0.3897839284377728,0.599182396923535,2.283849568765801,3.835623815050767,0.9941315683645334,0.9772631562695907,0.9987775830160908,0.1313389236993076,0.09071187031829304,0.18868876688544345,unresolved,not applicable,fail,0.674;0.619;0.390;0.589,0.743;0.730;0.599;0.678,4 shared facets
c4_n310_rep,11150,5,Openness,Aesthetic Appreciation; Inquisitiveness; Creativity; Unconventionality,4,310,500,False,False,0.2831196520980891,0.48709783988364735,2.1732965625351186,2.7387557895873536,0.982596326063676,0.9587293619957931,0.9924569326492766,0.11500599535407013,0.07879993304555176,0.17726968707326823,unresolved,not applicable,fail,0.283;0.568;0.809;0.635,0.487;0.632;0.754;0.571,4 shared facets
c10_n310_rep,11150,6,Honesty-Humility,Sincerity; Fairness; Greed Avoidance; Modesty,4,310,500,True,True,0.4927979609841011,0.5565211484079214,3.1914099780161336,3.3156290974220988,0.9962527717340316,0.9865824944175496,0.9988272443064732,0.05779385760191923,0.03936824493769684,0.108864121422782,unresolved,not applicable,unresolved,0.582;0.493;0.815;0.727,0.632;0.557;0.768;0.659,4 shared facets
c10_n310_rep,11150,6,Emotionality,Fearfulness; Anxiety; Dependence; Sentimentality,4,310,500,True,False,0.4889172088933456,0.53731469765033,2.8211904985159717,2.7331564178946106,0.9980161089695145,0.9891147518022049,0.999505374684928,0.042147482522049855,0.028324356053405705,0.10127660116673384,unresolved,not applicable,unresolved,0.489;0.756;0.786;0.602,0.537;0.779;0.778;0.538,4 shared facets
c10_n310_rep,11150,6,Extraversion,Social Boldness; Sociability; Liveliness,3,310,500,True,True,0.6936037851118003,0.7146441523997545,4.236459979692417,4.8826801011344045,0.9981864934470467,0.9920583254844775,0.999714411487512,0.049564097169810466,0.024395655123073668,0.10156298334082689,unresolved,not applicable,unresolved,0.717;0.850;0.694,0.792;0.814;0.715,3 shared facets (SSE excluded)
c10_n310_rep,11150,6,Extraversion_4pos,Social Self-Esteem; Social Boldness; Sociability; Liveliness,4,310,500,True,True,0.6267582152175296,0.6578857344642357,4.488870333646783,5.1830485021422685,0.9997481621920732,0.9977864830598467,0.9998949016606303,0.021569806695322977,0.015032307466412582,0.06269413034622884,pass,not applicable,pass,0.839;0.847;0.778;0.627,0.827;0.872;0.788;0.658,4 positional facets (SSE paired with Expressiveness)
c10_n310_rep,11150,6,Agreeableness,Forgiveness; Gentleness; Flexibility; Patience,4,310,500,True,True,0.720242468517564,0.7399089365241488,5.789937310732473,6.2148424295638565,0.9995489539430399,0.9972956215083834,0.999829783775598,0.026553800713182668,0.0182817253843225,0.06299505194739058,pass,not applicable,pass,0.720;0.816;0.810;0.728,0.755;0.846;0.785;0.740,4 shared facets
c10_n310_rep,11150,6,Conscientiousness,Organization; Diligence; Perfectionism; Prudence,4,310,500,False,False,0.49945103714335404,0.599182396923535,2.996773711025373,3.835623815050767,0.9983287938783909,0.9908870651596747,0.9994491876290642,0.052865604502005635,0.03241957785961088,0.10888546565886145,unresolved,not applicable,fail,0.726;0.703;0.499;0.664,0.743;0.730;0.599;0.678,4 shared facets
c10_n310_rep,11150,6,Openness,Aesthetic Appreciation; Inquisitiveness; Creativity; Unconventionality,4,310,500,True,False,0.49963598327033354,0.48709783988364735,2.844604128133977,2.7387557895873536,0.9998327775523635,0.9919149533858107,0.9997004521002325,0.016881746464430192,0.024751075958427207,0.08690221164759898,pass,not applicable,pass,0.500;0.626;0.782;0.584,0.487;0.632;0.754;0.571,4 shared facets
c4_n310_rep,11150,6,Honesty-Humility,Sincerity; Fairness; Greed Avoidance; Modesty,4,310,500,False,False,0.3135848892657621,0.5565211484079214,2.35097734877085,3.3156290974220988,0.9819678736929168,0.9578082472010601,0.9921514178977311,0.12691251353138602,0.08533517966478465,0.1909117496923149,unresolved,not applicable,fail,0.673;0.314;0.795;0.604,0.632;0.557;0.768;0.659,4 shared facets
c4_n310_rep,11150,6,Emotionality,Fearfulness; Anxiety; Dependence; Sentimentality,4,310,500,False,False,0.49668685990309647,0.53731469765033,2.612629279972488,2.7331564178946106,0.998169307884775,0.9870362150190122,0.9994137344893473,0.07998632330824534,0.05247212303352493,0.13762881651483524,unresolved,not applicable,fail,0.526;0.644;0.705;0.497,0.537;0.779;0.778;0.538,4 shared facets
c4_n310_rep,11150,6,Extraversion,Social Boldness; Sociability; Liveliness,3,310,500,False,False,0.5699306160631088,0.7146441523997545,2.908708480335971,4.8826801011344045,0.986656946379077,0.9629111288665628,0.9969863662828891,0.14585925619271176,0.09577425421855128,0.21849491173628638,unresolved,not applicable,fail,0.570;0.862;0.605,0.792;0.814;0.715,3 shared facets (SSE excluded)
c4_n310_rep,11150,6,Extraversion_4pos,Social Self-Esteem; Social Boldness; Sociability; Liveliness,4,310,500,True,True,0.5507692835197281,0.6578857344642357,3.049190513520471,5.1830485021422685,0.998378861742772,0.9923851364899968,0.9994726955433981,0.11672304724130664,0.08698312802486341,0.16359994090731542,unresolved,not applicable,unresolved,0.691;0.721;0.745;0.551,0.827;0.872;0.788;0.658,4 positional facets (SSE paired with Expressiveness)
c4_n310_rep,11150,6,Agreeableness,Forgiveness; Gentleness; Flexibility; Patience,4,310,500,True,True,0.612328409980713,0.7399089365241488,3.6012350106736624,6.2148424295638565,0.9995425151628848,0.9926887497941733,0.9997267301712223,0.12635278285646478,0.09811757758532313,0.17037423886128508,unresolved,not applicable,unresolved,0.612;0.695;0.676;0.646,0.755;0.846;0.785;0.740,4 shared facets
c4_n310_rep,11150,6,Conscientiousness,Organization; Diligence; Perfectionism; Prudence,4,310,500,False,False,0.44301473826733406,0.599182396923535,2.19930083533892,3.835623815050767,0.9938385273643406,0.9694037231148647,0.9984897170167089,0.1538116286693307,0.11183378445070769,0.21883570672861666,fail,not applicable,fail,0.643;0.632;0.458;0.443,0.743;0.730;0.599;0.678,4 shared facets
c4_n310_rep,11150,6,Openness,Aesthetic Appreciation; Inquisitiveness; Creativity; Unconventionality,4,310,500,False,False,0.35089562104476263,0.48709783988364735,1.908499549864355,2.7387557895873536,0.9940655779539953,0.9509045598529857,0.9983139406367008,0.13428522555283173,0.09470576937947583,0.21093152071884333,unresolved,not applicable,fail,0.351;0.451;0.688;0.443,0.487;0.632;0.754;0.571,4 shared facets
c10_n310_rep,11150,7,Honesty-Humility,Sincerity; Fairness; Greed Avoidance; Modesty,4,310,500,True,True,0.508921596141183,0.5565211484079214,3.0887496289870726,3.3156290974220988,0.9979989876318819,0.9871947379361868,0.9994674117423068,0.04425164547217178,0.02687103153759234,0.11134095689119598,unresolved,not applicable,unresolved,0.572;0.509;0.808;0.641,0.632;0.557;0.768;0.659,4 shared facets
c10_n310_rep,11150,7,Emotionality,Fearfulness; Anxiety; Dependence; Sentimentality,4,310,500,False,False,0.473646201202066,0.53731469765033,2.379063274993155,2.7331564178946106,0.9993343830691487,0.9903269169564071,0.9995803827803923,0.040096803741386876,0.027398402894708938,0.10657536354677877,unresolved,not applicable,fail,0.518;0.737;0.766;0.474,0.537;0.779;0.778;0.538,4 shared facets
c10_n310_rep,11150,7,Extraversion,Social Boldness; Sociability; Liveliness,3,310,500,True,True,0.7543384634229802,0.7146441523997545,5.724365829607956,4.8826801011344045,0.9998691791206209,0.9976403149584588,0.9999508040321363,0.028390057820014063,0.014803382783179326,0.06592381032609226,pass,not applicable,pass,0.819;0.826;0.754,0.792;0.814;0.715,3 shared facets (SSE excluded)
c10_n310_rep,11150,7,Extraversion_4pos,Social Self-Esteem; Social Boldness; Sociability; Liveliness,4,310,500,True,True,0.721881549112753,0.6578857344642357,6.621596866136854,5.1830485021422685,0.9995027086723258,0.9981161796913062,0.9998558161751283,0.03745115378689303,0.021116702022201183,0.0665183986486852,pass,not applicable,pass,0.864;0.878;0.798;0.722,0.827;0.872;0.788;0.658,4 positional facets (SSE paired with Expressiveness)
c10_n310_rep,11150,7,Agreeableness,Forgiveness; Gentleness; Flexibility; Patience,4,310,500,True,True,0.707701794155601,0.7399089365241488,5.949041956478565,6.2148424295638565,0.9989211046921559,0.9966054353268605,0.99962980542668,0.03635420450260478,0.02638197654795513,0.06831157602359446,pass,not applicable,pass,0.778;0.890;0.743;0.708,0.755;0.846;0.785;0.740,4 shared facets
c10_n310_rep,11150,7,Conscientiousness,Organization; Diligence; Perfectionism; Prudence,4,310,500,True,True,0.5527369937796931,0.599182396923535,3.5221395570757696,3.835623815050767,0.9989345819463542,0.9924379904220147,0.999636866676001,0.03451028804592278,0.023660418552098703,0.09245869057807896,pass,not applicable,pass,0.760;0.683;0.553;0.690,0.743;0.730;0.599;0.678,4 shared facets
c10_n310_rep,11150,7,Openness,Aesthetic Appreciation; Inquisitiveness; Creativity; Unconventionality,4,310,500,True,True,0.5585186993383497,0.48709783988364735,3.1323709424018578,2.7387557895873536,0.9964145323691622,0.9851959193986145,0.998604321987013,0.07501472126186345,0.050110377439260625,0.12476541502514427,unresolved,not applicable,unresolved,0.602;0.632;0.851;0.559,0.487;0.632;0.754;0.571,4 shared facets
c4_n310_rep,11150,7,Honesty-Humility,Sincerity; Fairness; Greed Avoidance; Modesty,4,310,500,False,False,0.4675172401725712,0.5565211484079214,2.5011776597615207,3.3156290974220988,0.9844595040379366,0.9599967517593975,0.9948930380100074,0.12027924589288749,0.07696805971247346,0.18726207482359977,unresolved,not applicable,fail,0.544;0.497;0.867;0.468,0.632;0.557;0.768;0.659,4 shared facets
c4_n310_rep,11150,7,Emotionality,Fearfulness; Anxiety; Dependence; Sentimentality,4,310,500,False,False,0.2930790845140518,0.53731469765033,2.125080041600147,2.7331564178946106,0.9701263920423474,0.9351604625055489,0.9884663589779773,0.1668885688589557,0.11302209459164483,0.23698557641699647,fail,not applicable,fail,0.293;0.591;0.899;0.496,0.537;0.779;0.778;0.538,4 shared facets
c4_n310_rep,11150,7,Extraversion,Social Boldness; Sociability; Liveliness,3,310,500,True,True,0.7172772888349721,0.7146441523997545,5.0612630214653676,4.8826801011344045,0.9996912961182213,0.996726548816178,0.9999424909901783,0.025188909840477686,0.015400181599784388,0.06546919734210048,pass,not applicable,pass,0.791;0.858;0.717,0.792;0.814;0.715,3 shared facets (SSE excluded)
c4_n310_rep,11150,7,Extraversion_4pos,Social Self-Esteem; Social Boldness; Sociability; Liveliness,4,310,500,True,True,0.6696846619079647,0.6578857344642357,4.862408494909198,5.1830485021422685,0.9991196313417025,0.9970147166569732,0.9997289996044989,0.03329077430404947,0.021126055897404964,0.06477874593180391,pass,not applicable,pass,0.767;0.899;0.793;0.670,0.827;0.872;0.788;0.658,4 positional facets (SSE paired with Expressiveness)
c4_n310_rep,11150,7,Agreeableness,Forgiveness; Gentleness; Flexibility; Patience,4,310,500,True,True,0.5197437533923173,0.7399089365241488,3.4679487016219754,6.2148424295638565,0.9901320071910245,0.978804928543898,0.995380917921572,0.13929804606300794,0.10247378995719686,0.18440497373481027,fail,not applicable,fail,0.695;0.791;0.520;0.722,0.755;0.846;0.785;0.740,4 shared facets
c4_n310_rep,11150,7,Conscientiousness,Organization; Diligence; Perfectionism; Prudence,4,310,500,False,False,0.440846078469195,0.599182396923535,2.5982207065746428,3.835623815050767,0.9933324355243474,0.9793919835391661,0.9974456980167752,0.1007121969616977,0.06822325757453901,0.15978430105816446,unresolved,not applicable,fail,0.769;0.657;0.441;0.580,0.743;0.730;0.599;0.678,4 shared facets
c4_n310_rep,11150,7,Openness,Aesthetic Appreciation; Inquisitiveness; Creativity; Unconventionality,4,310,500,False,False,0.48815438137573447,0.48709783988364735,2.655669932912058,2.7387557895873536,0.9912442172178308,0.9737788650646402,0.9959121616316193,0.0831638345266723,0.06240171644691854,0.14334707507061256,unresolved,not applicable,fail,0.601;0.547;0.729;0.488,0.487;0.632;0.754;0.571,4 shared facets
c10_n310_rep,11150,8,Honesty-Humility,Sincerity; Fairness; Greed Avoidance; Modesty,4,310,500,True,True,0.5367709649908975,0.5565211484079214,3.4488570604766577,3.3156290974220988,0.9981116144670313,0.9923183523759513,0.9993256062747273,0.046309518502198464,0.032225072999515415,0.08816705355842876,pass,not applicable,pass,0.720;0.537;0.762;0.679,0.632;0.557;0.768;0.659,4 shared facets
c10_n310_rep,11150,8,Emotionality,Fearfulness; Anxiety; Dependence; Sentimentality,4,310,500,False,False,0.4727109154404759,0.53731469765033,2.4160259898552354,2.7331564178946106,0.9973127215219241,0.9848293283184818,0.9994122953662256,0.05156848133556352,0.028425121278696563,0.11919895080532776,unresolved,not applicable,fail,0.590;0.781;0.718;0.473,0.537;0.779;0.778;0.538,4 shared facets
c10_n310_rep,11150,8,Extraversion,Social Boldness; Sociability; Liveliness,3,310,500,True,True,0.7518411689570931,0.7146441523997545,5.218773720736066,4.8826801011344045,0.9991581438820283,0.9957912345165775,0.999921546280604,0.03466879712426105,0.01830726344584987,0.07678216742891542,pass,not applicable,pass,0.760;0.849;0.752,0.792;0.814;0.715,3 shared facets (SSE excluded)
c10_n310_rep,11150,8,Extraversion_4pos,Social Self-Esteem; Social Boldness; Sociability; Liveliness,4,310,500,True,True,0.6807245019583568,0.6578857344642357,5.011121025723076,5.1830485021422685,0.9996793210886943,0.9981723284039532,0.9999025778553087,0.02014900101636865,0.015015577954290569,0.052071434408526664,pass,not applicable,pass,0.803;0.864;0.810;0.681,0.827;0.872;0.788;0.658,4 positional facets (SSE paired with Expressiveness)
c10_n310_rep,11150,8,Agreeableness,Forgiveness; Gentleness; Flexibility; Patience,4,310,500,True,True,0.6703205643589727,0.7399089365241488,5.162894100342128,6.2148424295638565,0.9988835134428788,0.9957872247888826,0.999800202898118,0.03784801917018181,0.019833837962086525,0.0748301494839749,pass,not applicable,pass,0.742;0.863;0.806;0.670,0.755;0.846;0.785;0.740,4 shared facets
c10_n310_rep,11150,8,Conscientiousness,Organization; Diligence; Perfectionism; Prudence,4,310,500,True,True,0.6207010921950248,0.599182396923535,4.276718335548522,3.835623815050767,0.999584086922677,0.9950345698513019,0.9997598562371939,0.028726423809772115,0.026402274798210588,0.0818628909341093,pass,not applicable,pass,0.735;0.753;0.621;0.725,0.743;0.730;0.599;0.678,4 shared facets
c10_n310_rep,11150,8,Openness,Aesthetic Appreciation; Inquisitiveness; Creativity; Unconventionality,4,310,500,True,False,0.5005770426725987,0.48709783988364735,2.934231806231991,2.7387557895873536,0.9990710447247213,0.9895201801742228,0.999642809623437,0.029322245842862204,0.026008117683441603,0.09382876089137085,pass,not applicable,pass,0.501;0.598;0.783;0.606,0.487;0.632;0.754;0.571,4 shared facets
c4_n310_rep,11150,8,Honesty-Humility,Sincerity; Fairness; Greed Avoidance; Modesty,4,310,500,True,True,0.531138086581473,0.5565211484079214,3.306283885059929,3.3156290974220988,0.9941910661877621,0.9834834062565039,0.9979128207703396,0.07134211492133867,0.04557190262007922,0.12200806545951255,unresolved,not applicable,unresolved,0.758;0.531;0.719;0.620,0.632;0.557;0.768;0.659,4 shared facets
c4_n310_rep,11150,8,Emotionality,Fearfulness; Anxiety; Dependence; Sentimentality,4,310,500,False,False,0.3487708159412471,0.53731469765033,1.845771346124426,2.7331564178946106,0.9689922597803916,0.9240746143170945,0.9946089489613749,0.1721081238641482,0.09356128181808919,0.25765995797423646,unresolved,not applicable,fail,0.518;0.888;0.512;0.349,0.537;0.779;0.778;0.538,4 shared facets
c4_n310_rep,11150,8,Extraversion,Social Boldness; Sociability; Liveliness,3,310,500,True,True,0.6822107668791915,0.7146441523997545,4.0424451323445,4.8826801011344045,0.9991031395983564,0.9931975454981382,0.9999126618137111,0.04896459410097323,0.025430408148199763,0.10915308500559477,unresolved,not applicable,unresolved,0.714;0.812;0.682,0.792;0.814;0.715,3 shared facets (SSE excluded)
c4_n310_rep,11150,8,Extraversion_4pos,Social Self-Esteem; Social Boldness; Sociability; Liveliness,4,310,500,True,True,0.6357425659786109,0.6578857344642357,4.00751881135124,5.1830485021422685,0.9984278522302612,0.9943154503536505,0.9996416802284533,0.0758974894251782,0.05171654564689685,0.11968938558371316,unresolved,not applicable,unresolved,0.695;0.804;0.763;0.636,0.827;0.872;0.788;0.658,4 positional facets (SSE paired with Expressiveness)
c4_n310_rep,11150,8,Agreeableness,Forgiveness; Gentleness; Flexibility; Patience,4,310,500,True,True,0.633393529379486,0.7399089365241488,3.918446767634263,6.2148424295638565,0.9989778499175999,0.9940460903277359,0.9997608647368099,0.09002705231206405,0.060093666464913466,0.13272745899038543,unresolved,not applicable,unresolved,0.636;0.780;0.736;0.633,0.755;0.846;0.785;0.740,4 shared facets
c4_n310_rep,11150,8,Conscientiousness,Organization; Diligence; Perfectionism; Prudence,4,310,500,True,True,0.6263878486600348,0.599182396923535,3.7512978695781305,3.835623815050767,0.997197575933684,0.9895360888333632,0.9991199416789803,0.05454473910574577,0.037328455103774826,0.1067714748351549,unresolved,not applicable,unresolved,0.639;0.717;0.626;0.694,0.743;0.730;0.599;0.678,4 shared facets
c4_n310_rep,11150,8,Openness,Aesthetic Appreciation; Inquisitiveness; Creativity; Unconventionality,4,310,500,False,False,0.49376691330849476,0.48709783988364735,2.6359042767848115,2.7387557895873536,0.9986556125114698,0.9866773740397297,0.9992169979894907,0.05555558401346444,0.03941893115346363,0.1227769270008768,unresolved,not applicable,fail,0.494;0.601;0.662;0.518,0.487;0.632;0.754;0.571,4 shared facets
c10_n310_rep,11150,9,Honesty-Humility,Sincerity; Fairness; Greed Avoidance; Modesty,4,310,500,False,False,0.5465702421011654,0.5565211484079214,2.842513362909744,3.3156290974220988,0.9992396973257921,0.9909445299778167,0.9996256211048867,0.027630108068937998,0.025398765703761105,0.09059612605016995,pass,not applicable,fail,0.597;0.547;0.794;0.627,0.632;0.557;0.768;0.659,4 shared facets
c10_n310_rep,11150,9,Emotionality,Fearfulness; Anxiety; Dependence; Sentimentality,4,310,500,False,False,0.41196029778543014,0.53731469765033,2.310062541682434,2.7331564178946106,0.9946414972355122,0.9741464372138412,0.9989605072817543,0.0750999301434256,0.04132530916241198,0.1548628327862553,unresolved,not applicable,fail,0.412;0.705;0.814;0.538,0.537;0.779;0.778;0.538,4 shared facets
c10_n310_rep,11150,9,Extraversion,Social Boldness; Sociability; Liveliness,3,310,500,True,True,0.7145732236302875,0.7146441523997545,5.1128422671562,4.8826801011344045,0.9996290652420289,0.9967908620964614,0.9999460165077936,0.027216806416550478,0.01529727259472052,0.07290333667066883,pass,not applicable,pass,0.839;0.816;0.715,0.792;0.814;0.715,3 shared facets (SSE excluded)
c10_n310_rep,11150,9,Extraversion_4pos,Social Self-Esteem; Social Boldness; Sociability; Liveliness,4,310,500,True,True,0.6665646645146274,0.6578857344642357,5.354900672780283,5.1830485021422685,0.9995967425027098,0.9977817641215933,0.9998684703823372,0.023973699579623614,0.01725283258064018,0.054545249271765225,pass,not applicable,pass,0.806;0.914;0.787;0.667,0.827;0.872;0.788;0.658,4 positional facets (SSE paired with Expressiveness)
c10_n310_rep,11150,9,Agreeableness,Forgiveness; Gentleness; Flexibility; Patience,4,310,500,True,True,0.7032546777253554,0.7399089365241488,5.77584589006851,6.2148424295638565,0.9994196117998899,0.996723460243161,0.9998182584020238,0.027143067312492154,0.019360258772359612,0.06736949792505181,pass,not applicable,pass,0.791;0.830;0.779;0.703,0.755;0.846;0.785;0.740,4 shared facets
c10_n310_rep,11150,9,Conscientiousness,Organization; Diligence; Perfectionism; Prudence,4,310,500,True,True,0.5323026288714426,0.599182396923535,3.4023241888308644,3.835623815050767,0.9970487412528473,0.9894653684215552,0.9990609662635729,0.053239266815390957,0.03479560467493725,0.1029762212241972,unresolved,not applicable,unresolved,0.802;0.674;0.532;0.693,0.743;0.730;0.599;0.678,4 shared facets
c10_n310_rep,11150,9,Openness,Aesthetic Appreciation; Inquisitiveness; Creativity; Unconventionality,4,310,500,False,False,0.4870054129150752,0.48709783988364735,2.681452122612277,2.7387557895873536,0.9988453848618573,0.9910540582192467,0.9995297162948432,0.044453553062147495,0.03411783773705034,0.09422579435848705,pass,not applicable,fail,0.487;0.682;0.827;0.557,0.487;0.632;0.754;0.571,4 shared facets
c4_n310_rep,11150,9,Honesty-Humility,Sincerity; Fairness; Greed Avoidance; Modesty,4,310,500,False,False,0.39257594007323476,0.5565211484079214,2.1443535849803803,3.3156290974220988,0.9825809069976728,0.9558044267354886,0.9927502634022712,0.13637254269434618,0.09440704339953698,0.20516926056773355,unresolved,not applicable,fail,0.631;0.565;0.711;0.393,0.632;0.557;0.768;0.659,4 shared facets
c4_n310_rep,11150,9,Emotionality,Fearfulness; Anxiety; Dependence; Sentimentality,4,310,500,False,False,0.29631484648970113,0.53731469765033,1.964691699286144,2.7331564178946106,0.9855939916359095,0.9475050586402961,0.9949759438831633,0.1702432106894378,0.1289949874686792,0.2425294148288159,fail,not applicable,fail,0.296;0.595;0.624;0.549,0.537;0.779;0.778;0.538,4 shared facets
c4_n310_rep,11150,9,Extraversion,Social Boldness; Sociability; Liveliness,3,310,500,True,True,0.7115599077613526,0.7146441523997545,4.398546128840275,4.8826801011344045,0.9991526402696235,0.995058070931637,0.9998508854824152,0.04520255076014968,0.028372874231595922,0.09318287611900292,pass,not applicable,pass,0.776;0.738;0.712,0.792;0.814;0.715,3 shared facets (SSE excluded)
c4_n310_rep,11150,9,Extraversion_4pos,Social Self-Esteem; Social Boldness; Sociability; Liveliness,4,310,500,True,True,0.6448699934825682,0.6578857344642357,4.00484173816649,5.1830485021422685,0.9966094676109196,0.9911934316831645,0.9986641708366251,0.08287901380140815,0.05732106364785669,0.12554170278277965,unresolved,not applicable,unresolved,0.698;0.891;0.686;0.645,0.827;0.872;0.788;0.658,4 positional facets (SSE paired with Expressiveness)
c4_n310_rep,11150,9,Agreeableness,Forgiveness; Gentleness; Flexibility; Patience,4,310,500,True,True,0.649776581500692,0.7399089365241488,4.165956670484021,6.2148424295638565,0.9944141762062194,0.986210807550909,0.9981768660828744,0.11012649724746,0.08024263187718271,0.15580525020262181,unresolved,not applicable,unresolved,0.736;0.675;0.650;0.756,0.755;0.846;0.785;0.740,4 shared facets
c4_n310_rep,11150,9,Conscientiousness,Organization; Diligence; Perfectionism; Prudence,4,310,500,False,False,0.49534507226778984,0.599182396923535,2.7348515102679896,3.835623815050767,0.9920104121953491,0.9778992441042825,0.9962452091675975,0.10586092732617623,0.07624789992313892,0.16475836627473184,unresolved,not applicable,fail,0.762;0.694;0.500;0.495,0.743;0.730;0.599;0.678,4 shared facets
c4_n310_rep,11150,9,Openness,Aesthetic Appreciation; Inquisitiveness; Creativity; Unconventionality,4,310,500,False,False,0.19758849377672358,0.48709783988364735,2.0055495643604,2.7387557895873536,0.9608487650078741,0.9292137158038578,0.9820802891535052,0.1721395925209677,0.11784587708351303,0.23116711277939342,fail,not applicable,fail,0.198;0.530;0.909;0.585,0.487;0.632;0.754;0.571,4 shared facets
c10_n310_rep,11150,10,Honesty-Humility,Sincerity; Fairness; Greed Avoidance; Modesty,4,310,500,False,False,0.5589505921394177,0.5565211484079214,2.8242852478843465,3.3156290974220988,0.9992214698563578,0.9899528001089914,0.9994352914474222,0.05372602591369321,0.03427025754569182,0.1214268812304879,unresolved,not applicable,fail,0.581;0.559;0.694;0.601,0.632;0.557;0.768;0.659,4 shared facets
c10_n310_rep,11150,10,Emotionality,Fearfulness; Anxiety; Dependence; Sentimentality,4,310,500,True,False,0.5504584677915372,0.53731469765033,2.924013152633132,2.7331564178946106,0.9995561875949263,0.9949448869605564,0.9997852369705816,0.034964801745698194,0.024050823404766105,0.08287665808734299,pass,not applicable,pass,0.550;0.784;0.835;0.576,0.537;0.779;0.778;0.538,4 shared facets
c10_n310_rep,11150,10,Extraversion,Social Boldness; Sociability; Liveliness,3,310,500,True,True,0.7241681283972417,0.7146441523997545,4.670692085370734,4.8826801011344045,0.9995056793227648,0.9956595737074332,0.9999220817812101,0.0331859207550378,0.0213235476178038,0.08112844012749683,pass,not applicable,pass,0.768;0.763;0.724,0.792;0.814;0.715,3 shared facets (SSE excluded)
c10_n310_rep,11150,10,Extraversion_4pos,Social Self-Esteem; Social Boldness; Sociability; Liveliness,4,310,500,True,True,0.6495438969052133,0.6578857344642357,4.722287119102776,5.1830485021422685,0.9996357500454348,0.996893700386444,0.9998489727128949,0.030354459595087452,0.02069879055150113,0.07317095959542975,pass,not applicable,pass,0.805;0.869;0.732;0.650,0.827;0.872;0.788;0.658,4 positional facets (SSE paired with Expressiveness)
c10_n310_rep,11150,10,Agreeableness,Forgiveness; Gentleness; Flexibility; Patience,4,310,500,True,True,0.7135914897689009,0.7399089365241488,4.9799315378802955,6.2148424295638565,0.9993893991302293,0.9967133560297123,0.9998120471687441,0.03626227574470215,0.020911305287743997,0.07532235784469399,pass,not applicable,pass,0.727;0.858;0.725;0.714,0.755;0.846;0.785;0.740,4 shared facets
c10_n310_rep,11150,10,Conscientiousness,Organization; Diligence; Perfectionism; Prudence,4,310,500,True,True,0.6201784766425359,0.599182396923535,3.7419533561191973,3.835623815050767,0.9993618685490077,0.9944711956085319,0.9997184762313264,0.02463752831415811,0.02166449069045511,0.077707517293622,pass,not applicable,pass,0.722;0.704;0.620;0.707,0.743;0.730;0.599;0.678,4 shared facets
c10_n310_rep,11150,10,Openness,Aesthetic Appreciation; Inquisitiveness; Creativity; Unconventionality,4,310,500,True,False,0.48893456934868845,0.48709783988364735,2.9629200208986304,2.7387557895873536,0.9983588557693716,0.9898892992048314,0.9994163451823149,0.0500142780583881,0.03818392854123098,0.1019392900096596,unresolved,not applicable,unresolved,0.489;0.616;0.820;0.644,0.487;0.632;0.754;0.571,4 shared facets
c4_n310_rep,11150,10,Honesty-Humility,Sincerity; Fairness; Greed Avoidance; Modesty,4,310,500,False,False,0.3116229228858617,0.5565211484079214,1.83984069869006,3.3156290974220988,0.9541976298197089,0.866699490972852,0.987953125669462,0.23512778036916596,0.16397458359984118,0.3411696375220715,fail,not applicable,fail,0.312;0.467;0.439;0.701,0.632;0.557;0.768;0.659,4 shared facets
c4_n310_rep,11150,10,Emotionality,Fearfulness; Anxiety; Dependence; Sentimentality,4,310,500,True,True,0.5131273746498926,0.53731469765033,3.121981816740401,2.7331564178946106,0.9860535095719084,0.9747271487178524,0.9928756219679645,0.11466815620931778,0.08577507779183002,0.15419748697120783,unresolved,not applicable,unresolved,0.744;0.683;0.778;0.513,0.537;0.779;0.778;0.538,4 shared facets
c4_n310_rep,11150,10,Extraversion,Social Boldness; Sociability; Liveliness,3,310,500,False,False,0.4640938390972996,0.7146441523997545,2.679402844419779,4.8826801011344045,0.9859022881636728,0.9630427743481877,0.9949112183254496,0.14861685193012247,0.09865986212238873,0.22119203236864576,unresolved,not applicable,fail,0.804;0.757;0.464,0.792;0.814;0.715,3 shared facets (SSE excluded)
c4_n310_rep,11150,10,Extraversion_4pos,Social Self-Esteem; Social Boldness; Sociability; Liveliness,4,310,500,False,False,0.38430488468544477,0.6578857344642357,2.6720642228687255,5.1830485021422685,0.9852213265133559,0.9700586389499183,0.9925388693561146,0.1602771829126477,0.12109351515649941,0.21358155065990617,fail,not applicable,fail,0.666;0.880;0.744;0.384,0.827;0.872;0.788;0.658,4 positional facets (SSE paired with Expressiveness)
c4_n310_rep,11150,10,Agreeableness,Forgiveness; Gentleness; Flexibility; Patience,4,310,500,True,True,0.4942453133962853,0.7399089365241488,3.151708603229871,6.2148424295638565,0.9872614709725902,0.9761146472304045,0.9939078847330044,0.1545518387636342,0.11685868243184398,0.20194006218474073,fail,not applicable,fail,0.724;0.820;0.494;0.645,0.755;0.846;0.785;0.740,4 shared facets
c4_n310_rep,11150,10,Conscientiousness,Organization; Diligence; Perfectionism; Prudence,4,310,500,False,False,0.4825909670160434,0.599182396923535,2.904725603169817,3.835623815050767,0.9969489825290394,0.9860084842681445,0.9989963847346766,0.07609614401903045,0.04640562476226521,0.13672143277220397,unresolved,not applicable,fail,0.670;0.667;0.483;0.694,0.743;0.730;0.599;0.678,4 shared facets
c4_n310_rep,11150,10,Openness,Aesthetic Appreciation; Inquisitiveness; Creativity; Unconventionality,4,310,500,False,False,0.5063637950479313,0.48709783988364735,2.4422552800617328,2.7387557895873536,0.9896278605816559,0.9682866479100712,0.99568611944717,0.0956447320023742,0.06802442742655143,0.15836158371694684,unresolved,not applicable,fail,0.594;0.506;0.683;0.506,0.487;0.632;0.754;0.571,4 shared facets
c10_n310_rep,11150,11,Honesty-Humility,Sincerity; Fairness; Greed Avoidance; Modesty,4,310,500,True,True,0.5166750154194659,0.5565211484079214,3.056030502214886,3.3156290974220988,0.9990384609049212,0.9883213395407766,0.9996080970382014,0.03403325877364611,0.02465716183997413,0.10725989206645324,unresolved,not applicable,unresolved,0.651;0.517;0.760;0.608,0.632;0.557;0.768;0.659,4 shared facets
c10_n310_rep,11150,11,Emotionality,Fearfulness; Anxiety; Dependence; Sentimentality,4,310,500,False,False,0.49529653767724563,0.53731469765033,2.7130625379419593,2.7331564178946106,0.9990891811440576,0.9913974089396611,0.9996306691547766,0.029198173464513675,0.022935541287403972,0.08914005164164193,pass,not applicable,fail,0.495;0.777;0.816;0.552,0.537;0.779;0.778;0.538,4 shared facets
c10_n310_rep,11150,11,Extraversion,Social Boldness; Sociability; Liveliness,3,310,500,True,True,0.6968512614472863,0.7146441523997545,4.505845119391506,4.8826801011344045,0.9996683459730383,0.9959625244256042,0.9999374290455716,0.023061583094809088,0.013830524856662432,0.0743210694770661,pass,not applicable,pass,0.759;0.828;0.697,0.792;0.814;0.715,3 shared facets (SSE excluded)
c10_n310_rep,11150,11,Extraversion_4pos,Social Self-Esteem; Social Boldness; Sociability; Liveliness,4,310,500,True,True,0.6198760598005978,0.6578857344642357,4.633442645005349,5.1830485021422685,0.9996505636229637,0.9978812345208322,0.9999216092433569,0.021923219381285254,0.01380768702176488,0.05597184508746755,pass,not applicable,pass,0.834;0.856;0.801;0.620,0.827;0.872;0.788;0.658,4 positional facets (SSE paired with Expressiveness)
c10_n310_rep,11150,11,Agreeableness,Forgiveness; Gentleness; Flexibility; Patience,4,310,500,True,True,0.739924071604287,0.7399089365241488,6.49925006176677,6.2148424295638565,0.9999543881417822,0.9987508566833913,0.9999375530631813,0.010088943265327284,0.013483461537578215,0.04656167552633737,pass,not applicable,pass,0.772;0.856;0.785;0.740,0.755;0.846;0.785;0.740,4 shared facets
c10_n310_rep,11150,11,Conscientiousness,Organization; Diligence; Perfectionism; Prudence,4,310,500,True,True,0.6292923541569657,0.599182396923535,4.2668619889827015,3.835623815050767,0.9989010348053663,0.9938463097309426,0.9995744663133412,0.036716652968467337,0.02612298385305519,0.08214971732344789,pass,not applicable,pass,0.706;0.759;0.629;0.726,0.743;0.730;0.599;0.678,4 shared facets
c10_n310_rep,11150,11,Openness,Aesthetic Appreciation; Inquisitiveness; Creativity; Unconventionality,4,310,500,True,False,0.45622589918994755,0.48709783988364735,2.7837987542589704,2.7387557895873536,0.9992690561013976,0.9916423291203227,0.9997272866169995,0.025633934014827078,0.02450104030749839,0.08383390195756855,pass,not applicable,pass,0.456;0.670;0.770;0.574,0.487;0.632;0.754;0.571,4 shared facets
c4_n310_rep,11150,11,Honesty-Humility,Sincerity; Fairness; Greed Avoidance; Modesty,4,310,500,False,False,0.2418577699265996,0.5565211484079214,1.6546332003174367,3.3156290974220988,0.935080666669796,0.8923214922673047,0.9635455156664572,0.2360373735657927,0.18486377042422328,0.29818731654375896,fail,not applicable,fail,0.242;0.385;0.926;0.533,0.632;0.557;0.768;0.659,4 shared facets
c4_n310_rep,11150,11,Emotionality,Fearfulness; Anxiety; Dependence; Sentimentality,4,310,500,False,False,0.5049058578670165,0.53731469765033,2.545435623306235,2.7331564178946106,0.9971319486238757,0.9841270871492355,0.999267584699516,0.05476856807986614,0.03218103691204278,0.12130488103422576,unresolved,not applicable,fail,0.530;0.819;0.681;0.505,0.537;0.779;0.778;0.538,4 shared facets
c4_n310_rep,11150,11,Extraversion,Social Boldness; Sociability; Liveliness,3,310,500,True,True,0.5897631933059366,0.7146441523997545,3.0338599265672674,4.8826801011344045,0.9924818632033184,0.9731649150427806,0.9984859963346178,0.1267883474625425,0.08149198010483981,0.19649076569468846,unresolved,not applicable,unresolved,0.590;0.814;0.630,0.792;0.814;0.715,3 shared facets (SSE excluded)
c4_n310_rep,11150,11,Extraversion_4pos,Social Self-Esteem; Social Boldness; Sociability; Liveliness,4,310,500,True,True,0.5700580128895704,0.6578857344642357,3.390298169489513,5.1830485021422685,0.998959758142839,0.9946106948317388,0.999562081519905,0.09739824236197335,0.07260300550468647,0.14051943877219336,unresolved,not applicable,unresolved,0.760;0.724;0.727;0.570,0.827;0.872;0.788;0.658,4 positional facets (SSE paired with Expressiveness)
c4_n310_rep,11150,11,Agreeableness,Forgiveness; Gentleness; Flexibility; Patience,4,310,500,True,True,0.6574384174401722,0.7399089365241488,4.148317798320979,6.2148424295638565,0.9989957867793811,0.9946775981174006,0.9996441259694733,0.08511678099506018,0.05774302527314408,0.13188944970728805,unresolved,not applicable,unresolved,0.688;0.764;0.657;0.704,0.755;0.846;0.785;0.740,4 shared facets
c4_n310_rep,11150,11,Conscientiousness,Organization; Diligence; Perfectionism; Prudence,4,310,500,True,True,0.5163922113113013,0.599182396923535,3.081826215889695,3.835623815050767,0.9877198579408103,0.9673624268666071,0.9958587165025343,0.11600326491665816,0.07798175558839836,0.18145597997688534,unresolved,not applicable,unresolved,0.516;0.713;0.644;0.664,0.743;0.730;0.599;0.678,4 shared facets
c4_n310_rep,11150,11,Openness,Aesthetic Appreciation; Inquisitiveness; Creativity; Unconventionality,4,310,500,False,False,0.2811406902415542,0.48709783988364735,2.028268911032309,2.7387557895873536,0.9820954423923802,0.9473228308074949,0.9939709929433561,0.13355842820368574,0.08939444065731943,0.20436443207252336,unresolved,not applicable,fail,0.281;0.690;0.611;0.499,0.487;0.632;0.754;0.571,4 shared facets
c10_n310_rep,11150,12,Honesty-Humility,Sincerity; Fairness; Greed Avoidance; Modesty,4,310,500,True,True,0.6200775483903449,0.5565211484079214,4.073684517081391,3.3156290974220988,0.9993653453243619,0.9939879069794916,0.9996383878205946,0.03861984518589972,0.031387560991352655,0.0944827700110191,pass,not applicable,pass,0.659;0.620;0.773;0.694,0.632;0.557;0.768;0.659,4 shared facets
c10_n310_rep,11150,12,Emotionality,Fearfulness; Anxiety; Dependence; Sentimentality,4,310,500,True,False,0.5378104404519713,0.53731469765033,2.9646062360064027,2.7331564178946106,0.99794233061688,0.9913115550832274,0.9993071109155491,0.04490694387047958,0.03169473533589658,0.09209595483779613,pass,not applicable,pass,0.622;0.786;0.749;0.538,0.537;0.779;0.778;0.538,4 shared facets
c10_n310_rep,11150,12,Extraversion,Social Boldness; Sociability; Liveliness,3,310,500,True,True,0.7808989363454721,0.7146441523997545,6.0353790918423105,4.8826801011344045,0.9977676671984241,0.99410604384556,0.9992680106329443,0.057508853801994615,0.036725265180498706,0.08981823891003933,pass,not applicable,pass,0.807;0.781;0.807,0.792;0.814;0.715,3 shared facets (SSE excluded)
c10_n310_rep,11150,12,Extraversion_4pos,Social Self-Esteem; Social Boldness; Sociability; Liveliness,4,310,500,True,True,0.7420615866157576,0.6578857344642357,6.214489740280351,5.1830485021422685,0.9986209626286461,0.9967386045010841,0.999496117488938,0.04327444652934869,0.0284069311082777,0.06808367601260351,pass,not applicable,pass,0.809;0.864;0.787;0.742,0.827;0.872;0.788;0.658,4 positional facets (SSE paired with Expressiveness)
c10_n310_rep,11150,12,Agreeableness,Forgiveness; Gentleness; Flexibility; Patience,4,310,500,True,True,0.7113627947888773,0.7399089365241488,5.840999673092177,6.2148424295638565,0.9995642323734952,0.9974156678350983,0.9998358417829992,0.02565960844848464,0.017185734281895137,0.06424800321108186,pass,not applicable,pass,0.751;0.866;0.748;0.711,0.755;0.846;0.785;0.740,4 shared facets
c10_n310_rep,11150,12,Conscientiousness,Organization; Diligence; Perfectionism; Prudence,4,310,500,True,True,0.619132014035085,0.599182396923535,3.738409372188171,3.835623815050767,0.9995759622743279,0.9941516998090223,0.9997356308746015,0.021474078732852085,0.021131226803246184,0.08074946168866684,pass,not applicable,pass,0.706;0.724;0.619;0.674,0.743;0.730;0.599;0.678,4 shared facets
c10_n310_rep,11150,12,Openness,Aesthetic Appreciation; Inquisitiveness; Creativity; Unconventionality,4,310,500,True,False,0.5313357210380983,0.48709783988364735,2.902565267342645,2.7387557895873536,0.998165276784975,0.988980876199733,0.999303415113026,0.041798003665605904,0.031254537219559654,0.09897096030384668,pass,not applicable,pass,0.531;0.674;0.714;0.611,0.487;0.632;0.754;0.571,4 shared facets
c4_n310_rep,11150,12,Honesty-Humility,Sincerity; Fairness; Greed Avoidance; Modesty,4,310,500,False,False,0.4955680863983459,0.5565211484079214,2.515180129557998,3.3156290974220988,0.9975336554687498,0.9851167383734212,0.999148125016384,0.08520017524872545,0.061191698232787466,0.14557949374913087,unresolved,not applicable,fail,0.608;0.496;0.619;0.609,0.632;0.557;0.768;0.659,4 shared facets
c4_n310_rep,11150,12,Emotionality,Fearfulness; Anxiety; Dependence; Sentimentality,4,310,500,True,False,0.3819839571111478,0.53731469765033,2.7716165228720815,2.7331564178946106,0.9823343520769618,0.9654161554514988,0.99199418094937,0.12618965810932214,0.08750934365970409,0.1764655598040344,unresolved,not applicable,unresolved,0.711;0.824;0.693;0.382,0.537;0.779;0.778;0.538,4 shared facets
c4_n310_rep,11150,12,Extraversion,Social Boldness; Sociability; Liveliness,3,310,500,True,True,0.7102494220358849,0.7146441523997545,4.295508338455218,4.8826801011344045,0.9987024185919529,0.9931137464474677,0.9997716748484068,0.05507157904436886,0.03215904641410217,0.1033336573619096,unresolved,not applicable,unresolved,0.710;0.768;0.728,0.792;0.814;0.715,3 shared facets (SSE excluded)
c4_n310_rep,11150,12,Extraversion_4pos,Social Self-Esteem; Social Boldness; Sociability; Liveliness,4,310,500,True,True,0.6851226327540341,0.6578857344642357,4.536451393310987,5.1830485021422685,0.9952799558631772,0.9896158808575151,0.9978896728278711,0.09969329095306512,0.0755950638991652,0.13880641116167308,unresolved,not applicable,unresolved,0.685;0.760;0.727;0.717,0.827;0.872;0.788;0.658,4 positional facets (SSE paired with Expressiveness)
c4_n310_rep,11150,12,Agreeableness,Forgiveness; Gentleness; Flexibility; Patience,4,310,500,True,True,0.576919647708055,0.7399089365241488,3.666167505335841,6.2148424295638565,0.9955270010489435,0.98729607703139,0.9984744708392979,0.12400824758486217,0.0908294077498133,0.1695400889500035,unresolved,not applicable,unresolved,0.680;0.738;0.577;0.712,0.755;0.846;0.785;0.740,4 shared facets
c4_n310_rep,11150,12,Conscientiousness,Organization; Diligence; Perfectionism; Prudence,4,310,500,False,False,0.5016340662601397,0.599182396923535,2.678467468698245,3.835623815050767,0.9981294326812747,0.9845010786742572,0.9992163094225632,0.11118100685143442,0.08064387946845321,0.1765708634230166,unresolved,not applicable,fail,0.601;0.595;0.502;0.636,0.743;0.730;0.599;0.678,4 shared facets
c4_n310_rep,11150,12,Openness,Aesthetic Appreciation; Inquisitiveness; Creativity; Unconventionality,4,310,500,False,False,0.4192195108898951,0.48709783988364735,2.184729570610885,2.7387557895873536,0.9970249869427585,0.9805570550241665,0.9987159420377218,0.06731345588491867,0.04578890902772258,0.1350024273738822,unresolved,not applicable,fail,0.419;0.624;0.638;0.569,0.487;0.632;0.754;0.571,4 shared facets
c10_n310_rep,11150,13,Honesty-Humility,Sincerity; Fairness; Greed Avoidance; Modesty,4,310,500,False,False,0.4523555013284439,0.5565211484079214,2.9074246814936138,3.3156290974220988,0.995887552492141,0.9814332201241733,0.9990381559076353,0.06058889809070099,0.03414190782325849,0.1281118006792739,unresolved,not applicable,fail,0.650;0.452;0.811;0.617,0.632;0.557;0.768;0.659,4 shared facets
c10_n310_rep,11150,13,Emotionality,Fearfulness; Anxiety; Dependence; Sentimentality,4,310,500,False,False,0.4644544573039161,0.53731469765033,2.561541178376362,2.7331564178946106,0.9981510153688713,0.9898745087442087,0.999544598084638,0.04071666782784854,0.027455311612821862,0.09623417767341917,pass,not applicable,fail,0.561;0.806;0.785;0.464,0.537;0.779;0.778;0.538,4 shared facets
c10_n310_rep,11150,13,Extraversion,Social Boldness; Sociability; Liveliness,3,310,500,True,True,0.7429717611789547,0.7146441523997545,5.058232914857291,4.8826801011344045,0.9960904096607226,0.9896331607135423,0.9991253117973277,0.072661982291687,0.04143484171684693,0.11389714295697981,unresolved,not applicable,unresolved,0.891;0.743;0.746,0.792;0.814;0.715,3 shared facets (SSE excluded)
c10_n310_rep,11150,13,Extraversion_4pos,Social Self-Esteem; Social Boldness; Sociability; Liveliness,4,310,500,True,True,0.7073219836122638,0.6578857344642357,5.966035765050346,5.1830485021422685,0.9989130740262464,0.9969176528416684,0.9996235873630669,0.03825064293728972,0.02591590573462158,0.0648752361416143,pass,not applicable,pass,0.804;0.916;0.757;0.707,0.827;0.872;0.788;0.658,4 positional facets (SSE paired with Expressiveness)
c10_n310_rep,11150,13,Agreeableness,Forgiveness; Gentleness; Flexibility; Patience,4,310,500,True,True,0.6960239448866736,0.7399089365241488,5.651275433443248,6.2148424295638565,0.9997065824915836,0.9973825053490591,0.9999069652118667,0.022587249450300197,0.014408949540145587,0.06561010155769977,pass,not applicable,pass,0.749;0.838;0.790;0.696,0.755;0.846;0.785;0.740,4 shared facets
c10_n310_rep,11150,13,Conscientiousness,Organization; Diligence; Perfectionism; Prudence,4,310,500,True,True,0.5910944057367964,0.599182396923535,3.453530752036637,3.835623815050767,0.9987266322250155,0.9902401201984968,0.999534173282549,0.03779312152041987,0.026026411023523485,0.10041573615772059,unresolved,not applicable,unresolved,0.775;0.669;0.591;0.648,0.743;0.730;0.599;0.678,4 shared facets
c10_n310_rep,11150,13,Openness,Aesthetic Appreciation; Inquisitiveness; Creativity; Unconventionality,4,310,500,True,False,0.4767227801322499,0.48709783988364735,2.7493265842860244,2.7387557895873536,0.9971022324442337,0.987461544089468,0.9990881132141088,0.05548809488333109,0.038541486097232416,0.10905106652706963,unresolved,not applicable,unresolved,0.477;0.742;0.746;0.580,0.487;0.632;0.754;0.571,4 shared facets
c4_n310_rep,11150,13,Honesty-Humility,Sincerity; Fairness; Greed Avoidance; Modesty,4,310,500,False,False,0.2892354663742492,0.5565211484079214,1.9125381188819732,3.3156290974220988,0.9782843862448787,0.9414727177484241,0.9922041045053321,0.17667644828500986,0.13258679660893727,0.24575143530499022,fail,not applicable,fail,0.446;0.289;0.632;0.671,0.632;0.557;0.768;0.659,4 shared facets
c4_n310_rep,11150,13,Emotionality,Fearfulness; Anxiety; Dependence; Sentimentality,4,310,500,False,False,0.31507699033444714,0.53731469765033,2.0753804227892054,2.7331564178946106,0.976393866627931,0.9398333448215219,0.9929593214357575,0.15664639592258398,0.10191442477404573,0.2333412671174462,fail,not applicable,fail,0.315;0.573;0.849;0.507,0.537;0.779;0.778;0.538,4 shared facets
c4_n310_rep,11150,13,Extraversion,Social Boldness; Sociability; Liveliness,3,310,500,True,True,0.6441893410350763,0.7146441523997545,3.6684460394901746,4.8826801011344045,0.9939849765550193,0.9812454884643096,0.9988584165929707,0.09221994355909678,0.0539783283466412,0.15355230308748014,unresolved,not applicable,unresolved,0.856;0.686;0.644,0.792;0.814;0.715,3 shared facets (SSE excluded)
c4_n310_rep,11150,13,Extraversion_4pos,Social Self-Esteem; Social Boldness; Sociability; Liveliness,4,310,500,True,True,0.6011844751587176,0.6578857344642357,3.832651224191113,5.1830485021422685,0.9986173860030895,0.9941644516879398,0.9995823493214512,0.07789993495690388,0.0530607125727755,0.1174990128003863,unresolved,not applicable,unresolved,0.695;0.818;0.761;0.601,0.827;0.872;0.788;0.658,4 positional facets (SSE paired with Expressiveness)
c4_n310_rep,11150,13,Agreeableness,Forgiveness; Gentleness; Flexibility; Patience,4,310,500,True,True,0.5245862256229249,0.7399089365241488,3.1706429785832992,6.2148424295638565,0.9914635658423651,0.9806238615121619,0.9963321866686828,0.1559733047606667,0.12422890216484532,0.20702201151196847,fail,not applicable,fail,0.708;0.688;0.525;0.694,0.755;0.846;0.785;0.740,4 shared facets
c4_n310_rep,11150,13,Conscientiousness,Organization; Diligence; Perfectionism; Prudence,4,310,500,False,False,0.4972978087200069,0.599182396923535,2.5112307270459073,3.835623815050767,0.9998433675081203,0.985767734611319,0.9994095082748102,0.10910035104719472,0.07768024826112116,0.17437387197420814,unresolved,not applicable,fail,0.618;0.614;0.497;0.588,0.743;0.730;0.599;0.678,4 shared facets
c4_n310_rep,11150,13,Openness,Aesthetic Appreciation; Inquisitiveness; Creativity; Unconventionality,4,310,500,False,False,0.1480855340680418,0.48709783988364735,1.793172016837051,2.7387557895873536,0.9603494143758923,0.9178298067297895,0.9828921642466365,0.1790625689878472,0.12731826661952614,0.2493657229607893,fail,not applicable,fail,0.148;0.675;0.651;0.541,0.487;0.632;0.754;0.571,4 shared facets
c10_n310_rep,11150,14,Honesty-Humility,Sincerity; Fairness; Greed Avoidance; Modesty,4,310,500,True,True,0.5971408858511353,0.5565211484079214,3.1984300312468257,3.3156290974220988,0.9981786137834753,0.9891999886718733,0.9994117245484402,0.04131602026722905,0.028594566176974315,0.09952268878017673,pass,not applicable,pass,0.623;0.606;0.746;0.597,0.632;0.557;0.768;0.659,4 shared facets
c10_n310_rep,11150,14,Emotionality,Fearfulness; Anxiety; Dependence; Sentimentality,4,310,500,True,False,0.5068003172512707,0.53731469765033,2.9494974232219318,2.7331564178946106,0.9987344732836517,0.9933250979952903,0.9996774176723783,0.045617760523766274,0.03532451653360006,0.08917117762551104,pass,not applicable,pass,0.581;0.799;0.849;0.507,0.537;0.779;0.778;0.538,4 shared facets
c10_n310_rep,11150,14,Extraversion,Social Boldness; Sociability; Liveliness,3,310,500,True,True,0.7559907376385016,0.7146441523997545,5.201154910769401,4.8826801011344045,0.9982580893346165,0.9936660769755565,0.9997433435067598,0.04583231603620136,0.024958032770840487,0.0907714347573782,pass,not applicable,pass,0.787;0.756;0.768,0.792;0.814;0.715,3 shared facets (SSE excluded)
c10_n310_rep,11150,14,Extraversion_4pos,Social Self-Esteem; Social Boldness; Sociability; Liveliness,4,310,500,True,True,0.6870320477031583,0.6578857344642357,5.380441886991608,5.1830485021422685,0.999466311866379,0.9972127370263502,0.999854313203741,0.02586671393097083,0.016636686514782537,0.0622501482408867,pass,not applicable,pass,0.832;0.875;0.746;0.687,0.827;0.872;0.788;0.658,4 positional facets (SSE paired with Expressiveness)
c10_n310_rep,11150,14,Agreeableness,Forgiveness; Gentleness; Flexibility; Patience,4,310,500,True,True,0.7047338047874793,0.7399089365241488,5.029303249362199,6.2148424295638565,0.9994062482165103,0.9969177084363756,0.9998276281327491,0.028703041799930135,0.018301080448404197,0.07107271782917243,pass,not applicable,pass,0.705;0.868;0.784;0.722,0.755;0.846;0.785;0.740,4 shared facets
c10_n310_rep,11150,14,Conscientiousness,Organization; Diligence; Perfectionism; Prudence,4,310,500,True,True,0.5475567228552329,0.599182396923535,3.1724200099969107,3.835623815050767,0.999021423336331,0.9919153190487736,0.9995018059426662,0.05140641078445629,0.034645270823412684,0.10552338323678435,unresolved,not applicable,unresolved,0.708;0.648;0.548;0.676,0.743;0.730;0.599;0.678,4 shared facets
c10_n310_rep,11150,14,Openness,Aesthetic Appreciation; Inquisitiveness; Creativity; Unconventionality,4,310,500,True,True,0.5330687839544673,0.48709783988364735,3.186970729493658,2.7387557895873536,0.9984707363766206,0.9909475423430966,0.9994976771151632,0.06012820535885389,0.04380754450129607,0.10892094889445068,unresolved,not applicable,unresolved,0.533;0.736;0.764;0.610,0.487;0.632;0.754;0.571,4 shared facets
c4_n310_rep,11150,14,Honesty-Humility,Sincerity; Fairness; Greed Avoidance; Modesty,4,310,500,False,False,0.41893725899477424,0.5565211484079214,2.5850506841241456,3.3156290974220988,0.9944219599537777,0.9806640013840389,0.9980365702241266,0.08236370930321392,0.05055278063356742,0.14267988769649181,unresolved,not applicable,fail,0.670;0.419;0.697;0.618,0.632;0.557;0.768;0.659,4 shared facets
c4_n310_rep,11150,14,Emotionality,Fearfulness; Anxiety; Dependence; Sentimentality,4,310,500,True,False,0.5129870634326729,0.53731469765033,2.9672713629260783,2.7331564178946106,0.9997312768670203,0.9937138508072401,0.999761173572005,0.015943624089380305,0.02017239577823881,0.0786446847477969,pass,not applicable,pass,0.513;0.792;0.783;0.553,0.537;0.779;0.778;0.538,4 shared facets
c4_n310_rep,11150,14,Extraversion,Social Boldness; Sociability; Liveliness,3,310,500,True,True,0.6450331636780993,0.7146441523997545,3.6952517436149006,4.8826801011344045,0.9994997689958915,0.9928548862560911,0.9998710350461488,0.06572696413660048,0.040469880587096885,0.1202017181752216,unresolved,not applicable,unresolved,0.761;0.730;0.645,0.792;0.814;0.715,3 shared facets (SSE excluded)
c4_n310_rep,11150,14,Extraversion_4pos,Social Self-Esteem; Social Boldness; Sociability; Liveliness,4,310,500,True,True,0.5784526718852692,0.6578857344642357,3.999822333064516,5.1830485021422685,0.9982115081932796,0.9933278273918827,0.9995572707072539,0.07047105045969057,0.04439796769895803,0.11414840839354784,unresolved,not applicable,unresolved,0.781;0.873;0.681;0.578,0.827;0.872;0.788;0.658,4 positional facets (SSE paired with Expressiveness)
c4_n310_rep,11150,14,Agreeableness,Forgiveness; Gentleness; Flexibility; Patience,4,310,500,False,False,0.5017331000722838,0.7399089365241488,2.902025430495329,6.2148424295638565,0.9868000666263546,0.9723419824872245,0.9928377244378335,0.1680890894950005,0.13157388254126784,0.22084269572444135,fail,not applicable,fail,0.589;0.776;0.502;0.743,0.755;0.846;0.785;0.740,4 shared facets
c4_n310_rep,11150,14,Conscientiousness,Organization; Diligence; Perfectionism; Prudence,4,310,500,False,False,0.5146548837106951,0.599182396923535,2.2555056817282018,3.835623815050767,0.9978103849831629,0.9798830592232322,0.9989034134598787,0.1396861478875045,0.10045037874374393,0.20547833547903216,fail,not applicable,fail,0.588;0.534;0.515;0.584,0.743;0.730;0.599;0.678,4 shared facets
c4_n310_rep,11150,14,Openness,Aesthetic Appreciation; Inquisitiveness; Creativity; Unconventionality,4,310,500,False,False,0.3425756614707313,0.48709783988364735,1.9548290415513607,2.7387557895873536,0.9945179302982134,0.9658135020293301,0.9978604718663471,0.09935535544593133,0.06745084332897545,0.17869752761870994,unresolved,not applicable,fail,0.343;0.517;0.683;0.562,0.487;0.632;0.754;0.571,4 shared facets
c10_n310_rep,11150,15,Honesty-Humility,Sincerity; Fairness; Greed Avoidance; Modesty,4,310,500,False,False,0.544402199671442,0.5565211484079214,2.9496895497754028,3.3156290974220988,0.9996788436954467,0.992948803786877,0.999708067961656,0.029298842127220844,0.02329324620920466,0.0922692304758455,pass,not applicable,fail,0.602;0.544;0.759;0.611,0.632;0.557;0.768;0.659,4 shared facets
c10_n310_rep,11150,15,Emotionality,Fearfulness; Anxiety; Dependence; Sentimentality,4,310,500,False,False,0.4369428079974276,0.53731469765033,2.585922430563037,2.7331564178946106,0.9959138158413352,0.9851734605200781,0.9989658384273711,0.06173624136656155,0.03818436648087429,0.11743871644366209,unresolved,not applicable,fail,0.575;0.839;0.786;0.437,0.537;0.779;0.778;0.538,4 shared facets
c10_n310_rep,11150,15,Extraversion,Social Boldness; Sociability; Liveliness,3,310,500,True,True,0.6872387427603149,0.7146441523997545,4.661371870026072,4.8826801011344045,0.9986070110131092,0.9944503868424066,0.9998086082191553,0.04155352318430972,0.02381017520937748,0.08281307011212183,pass,not applicable,pass,0.855;0.792;0.687,0.792;0.814;0.715,3 shared facets (SSE excluded)
c10_n310_rep,11150,15,Extraversion_4pos,Social Self-Esteem; Social Boldness; Sociability; Liveliness,4,310,500,True,True,0.6477201219643531,0.6578857344642357,5.29930453513018,5.1830485021422685,0.9998099889976769,0.9979695076586786,0.9999003088843101,0.016064528036211195,0.015681167638118176,0.05420439491360942,pass,not applicable,pass,0.824;0.902;0.784;0.648,0.827;0.872;0.788;0.658,4 positional facets (SSE paired with Expressiveness)
c10_n310_rep,11150,15,Agreeableness,Forgiveness; Gentleness; Flexibility; Patience,4,310,500,True,True,0.689590203724535,0.7399089365241488,5.010184377242134,6.2148424295638565,0.9997405886974584,0.9972331738739846,0.9998984145281029,0.032314865383402926,0.019837038923254797,0.07542063133931516,pass,not applicable,pass,0.724;0.840;0.760;0.690,0.755;0.846;0.785;0.740,4 shared facets
c10_n310_rep,11150,15,Conscientiousness,Organization; Diligence; Perfectionism; Prudence,4,310,500,True,True,0.5948820290652578,0.599182396923535,3.6193451728926256,3.835623815050767,0.9998770328582035,0.994303718725029,0.9997753812697838,0.01896941222149561,0.02182716050371758,0.0825027185409397,pass,not applicable,pass,0.710;0.723;0.595;0.661,0.743;0.730;0.599;0.678,4 shared facets
c10_n310_rep,11150,15,Openness,Aesthetic Appreciation; Inquisitiveness; Creativity; Unconventionality,4,310,500,True,True,0.5760418652475843,0.48709783988364735,3.115539015988513,2.7387557895873536,0.997329714019937,0.9887352326789285,0.9993014959668834,0.05362633125507814,0.033360921242219205,0.10615733176390557,unresolved,not applicable,unresolved,0.594;0.638;0.760;0.576,0.487;0.632;0.754;0.571,4 shared facets
c4_n310_rep,11150,15,Honesty-Humility,Sincerity; Fairness; Greed Avoidance; Modesty,4,310,500,False,False,0.27214311961564086,0.5565211484079214,1.4729683945649314,3.3156290974220988,0.9182829822233199,0.8582975501645972,0.9690524562311491,0.26666372943561706,0.19433429797017593,0.3368984483013876,fail,not applicable,fail,0.361;0.369;0.929;0.272,0.632;0.557;0.768;0.659,4 shared facets
c4_n310_rep,11150,15,Emotionality,Fearfulness; Anxiety; Dependence; Sentimentality,4,310,500,False,False,0.47893262574107076,0.53731469765033,2.4780271453126734,2.7331564178946106,0.9990497771761419,0.9907931329620023,0.999552695240853,0.03636753272960171,0.023779683433493314,0.10041526094113733,unresolved,not applicable,fail,0.546;0.777;0.736;0.479,0.537;0.779;0.778;0.538,4 shared facets
c4_n310_rep,11150,15,Extraversion,Social Boldness; Sociability; Liveliness,3,310,500,False,False,0.5705907476589053,0.7146441523997545,2.946010450850832,4.8826801011344045,0.9800857351035943,0.9481548745623976,0.994563077307679,0.1623587204979672,0.0951242003323782,0.24794929280317635,unresolved,not applicable,fail,0.904;0.600;0.571,0.792;0.814;0.715,3 shared facets (SSE excluded)
c4_n310_rep,11150,15,Extraversion_4pos,Social Self-Esteem; Social Boldness; Sociability; Liveliness,4,310,500,True,True,0.5636999680123355,0.6578857344642357,3.460255875063551,5.1830485021422685,0.99918376008714,0.9935157684497163,0.9996883797067126,0.09857268144594739,0.06574133666137078,0.15006411274924308,unresolved,not applicable,unresolved,0.699;0.813;0.687;0.564,0.827;0.872;0.788;0.658,4 positional facets (SSE paired with Expressiveness)
c4_n310_rep,11150,15,Agreeableness,Forgiveness; Gentleness; Flexibility; Patience,4,310,500,True,True,0.6245367940523291,0.7399089365241488,3.919786835516768,6.2148424295638565,0.9929243667716311,0.9823889785490951,0.997435736749192,0.13431938563345072,0.1011757775078831,0.18418312156889857,fail,not applicable,fail,0.748;0.625;0.639;0.702,0.755;0.846;0.785;0.740,4 shared facets
c4_n310_rep,11150,15,Conscientiousness,Organization; Diligence; Perfectionism; Prudence,4,310,500,False,False,0.47225831766989806,0.599182396923535,2.913878868085225,3.835623815050767,0.9904989148513035,0.9743713124339087,0.9966642030546807,0.10642621468268873,0.06721388060707917,0.16522690558916892,unresolved,not applicable,fail,0.691;0.748;0.594;0.472,0.743;0.730;0.599;0.678,4 shared facets
c4_n310_rep,11150,15,Openness,Aesthetic Appreciation; Inquisitiveness; Creativity; Unconventionality,4,310,500,False,False,0.3798921400778563,0.48709783988364735,2.0098850430242545,2.7387557895873536,0.9843438560222161,0.9483246869940437,0.994013656522159,0.1411818471549861,0.0972613021203901,0.21117624132048862,unresolved,not applicable,fail,0.476;0.380;0.710;0.453,0.487;0.632;0.754;0.571,4 shared facets
c10_n310_rep,11150,16,Honesty-Humility,Sincerity; Fairness; Greed Avoidance; Modesty,4,310,500,False,False,0.5001977974927936,0.5565211484079214,2.991726797719935,3.3156290974220988,0.9984500510273621,0.986987511769414,0.9996370412812927,0.0368996650416816,0.024659540583976545,0.11008052746009979,unresolved,not applicable,fail,0.619;0.500;0.812;0.644,0.632;0.557;0.768;0.659,4 shared facets
c10_n310_rep,11150,16,Emotionality,Fearfulness; Anxiety; Dependence; Sentimentality,4,310,500,True,True,0.5426074567001297,0.53731469765033,3.0207725446723273,2.7331564178946106,0.9995450006066919,0.9934101806872982,0.9997386938481688,0.035125295333592925,0.02682746235850516,0.08747888238746818,pass,not applicable,pass,0.583;0.831;0.787;0.543,0.537;0.779;0.778;0.538,4 shared facets
c10_n310_rep,11150,16,Extraversion,Social Boldness; Sociability; Liveliness,3,310,500,True,True,0.7619227043456576,0.7146441523997545,6.195904338853688,4.8826801011344045,0.9999915674690905,0.9985187235468657,0.99997993771249,0.04606852793495367,0.027537701142318023,0.07678056967314216,pass,not applicable,pass,0.838;0.860;0.762,0.792;0.814;0.715,3 shared facets (SSE excluded)
c10_n310_rep,11150,16,Extraversion_4pos,Social Self-Esteem; Social Boldness; Sociability; Liveliness,4,310,500,True,True,0.7302296836279724,0.6578857344642357,6.632511796109486,5.1830485021422685,0.9995058432117306,0.9981810830729781,0.9998976362798025,0.04360068783694167,0.02330761457171671,0.07119791532087123,pass,not applicable,pass,0.836;0.904;0.824;0.730,0.827;0.872;0.788;0.658,4 positional facets (SSE paired with Expressiveness)
c10_n310_rep,11150,16,Agreeableness,Forgiveness; Gentleness; Flexibility; Patience,4,310,500,True,True,0.7623143629235207,0.7399089365241488,6.748297208886722,6.2148424295638565,0.9998147151673494,0.998144696321559,0.9999038603294567,0.015207978125490698,0.013507586479701099,0.053186893784378665,pass,not applicable,pass,0.766;0.836;0.771;0.762,0.755;0.846;0.785;0.740,4 shared facets
c10_n310_rep,11150,16,Conscientiousness,Organization; Diligence; Perfectionism; Prudence,4,310,500,True,True,0.6003434302145467,0.599182396923535,3.678961567585155,3.835623815050767,0.9992277828801853,0.994024517140976,0.9997358479455459,0.027732887967030002,0.022394722213434703,0.08001339253797343,pass,not applicable,pass,0.766;0.726;0.600;0.627,0.743;0.730;0.599;0.678,4 shared facets
c10_n310_rep,11150,16,Openness,Aesthetic Appreciation; Inquisitiveness; Creativity; Unconventionality,4,310,500,True,False,0.5048374874325622,0.48709783988364735,2.827948709860257,2.7387557895873536,0.9955262480178253,0.9817151126322141,0.9990057678970513,0.062304655199038855,0.03698870218132576,0.12374435651630879,unresolved,not applicable,unresolved,0.505;0.568;0.859;0.557,0.487;0.632;0.754;0.571,4 shared facets
c4_n310_rep,11150,16,Honesty-Humility,Sincerity; Fairness; Greed Avoidance; Modesty,4,310,500,True,True,0.48648108436156673,0.5565211484079214,3.011140797466725,3.3156290974220988,0.9964779849644274,0.984384550849959,0.9990889664228956,0.056315538804349086,0.03417119217468432,0.11968749970757213,unresolved,not applicable,unresolved,0.557;0.486;0.806;0.685,0.632;0.557;0.768;0.659,4 shared facets
c4_n310_rep,11150,16,Emotionality,Fearfulness; Anxiety; Dependence; Sentimentality,4,310,500,True,False,0.5570880928556714,0.53731469765033,2.928300895582133,2.7331564178946106,0.9931166208014982,0.9835088623945802,0.9971703795821454,0.07950382917995259,0.05424398680812614,0.12807182254229868,unresolved,not applicable,unresolved,0.622;0.762;0.646;0.557,0.537;0.779;0.778;0.538,4 shared facets
c4_n310_rep,11150,16,Extraversion,Social Boldness; Sociability; Liveliness,3,310,500,True,True,0.7352603126441456,0.7146441523997545,5.471425239334896,4.8826801011344045,0.9992407095028962,0.9962313365817379,0.9999173206491465,0.047558196527448665,0.033348096160505894,0.07823643800089508,pass,not applicable,pass,0.796;0.894;0.735,0.792;0.814;0.715,3 shared facets (SSE excluded)
c4_n310_rep,11150,16,Extraversion_4pos,Social Self-Esteem; Social Boldness; Sociability; Liveliness,4,310,500,True,True,0.7105363078463184,0.6578857344642357,5.572058388396253,5.1830485021422685,0.9986132229039645,0.996364426738354,0.9995350700478705,0.04340125615425703,0.02721560892177076,0.07130206466138087,pass,not applicable,pass,0.774;0.880;0.832;0.711,0.827;0.872;0.788;0.658,4 positional facets (SSE paired with Expressiveness)
c4_n310_rep,11150,16,Agreeableness,Forgiveness; Gentleness; Flexibility; Patience,4,310,500,True,True,0.5103663068028725,0.7399089365241488,3.2844767564869337,6.2148424295638565,0.9857689282327051,0.9688640789245212,0.9935246900199604,0.16085307443733063,0.11876489942675937,0.22072556778479924,fail,not applicable,fail,0.622;0.758;0.510;0.789,0.755;0.846;0.785;0.740,4 shared facets
c4_n310_rep,11150,16,Conscientiousness,Organization; Diligence; Perfectionism; Prudence,4,310,500,False,False,0.4775626368569422,0.599182396923535,2.948728008530093,3.835623815050767,0.9881144250197025,0.9737805395129946,0.9944735562194482,0.10922792894394255,0.07539261303515969,0.16063715744638896,unresolved,not applicable,fail,0.737;0.802;0.551;0.478,0.743;0.730;0.599;0.678,4 shared facets
c4_n310_rep,11150,16,Openness,Aesthetic Appreciation; Inquisitiveness; Creativity; Unconventionality,4,310,500,False,False,0.30694569343629025,0.48709783988364735,2.181269480188307,2.7387557895873536,0.9898356495281913,0.968911352427118,0.9960614137441032,0.09308280012120361,0.06482560430155215,0.15561207103964453,unresolved,not applicable,fail,0.307;0.594;0.776;0.554,0.487;0.632;0.754;0.571,4 shared facets
c10_n310_rep,11150,17,Honesty-Humility,Sincerity; Fairness; Greed Avoidance; Modesty,4,310,500,True,True,0.5828268489406911,0.5565211484079214,3.098614452324558,3.3156290974220988,0.9960236385363459,0.9863489937647569,0.9989472721652749,0.05907814769588816,0.03559500326499943,0.11265994723211939,unresolved,not applicable,unresolved,0.702;0.583;0.689;0.614,0.632;0.557;0.768;0.659,4 shared facets
c10_n310_rep,11150,17,Emotionality,Fearfulness; Anxiety; Dependence; Sentimentality,4,310,500,False,False,0.5075720237140388,0.53731469765033,2.5863052402315945,2.7331564178946106,0.9978652375088889,0.9854967571005268,0.9993987302737319,0.04463336297176837,0.027467170469866086,0.11437371468922705,unresolved,not applicable,fail,0.539;0.827;0.709;0.508,0.537;0.779;0.778;0.538,4 shared facets
c10_n310_rep,11150,17,Extraversion,Social Boldness; Sociability; Liveliness,3,310,500,True,True,0.7532473828122763,0.7146441523997545,5.001689681145113,4.8826801011344045,0.9988419836229261,0.9943197703691357,0.9998263372511766,0.039939809158473734,0.023139136276548646,0.0917565394044656,pass,not applicable,pass,0.756;0.770;0.753,0.792;0.814;0.715,3 shared facets (SSE excluded)
c10_n310_rep,11150,17,Extraversion_4pos,Social Self-Esteem; Social Boldness; Sociability; Liveliness,4,310,500,True,True,0.6885742742666154,0.6578857344642357,5.115011513892579,5.1830485021422685,0.9994146394319805,0.9974213423899297,0.9998458854505909,0.03310281988815771,0.022681164372272147,0.06976662603264641,pass,not applicable,pass,0.799;0.837;0.750;0.689,0.827;0.872;0.788;0.658,4 positional facets (SSE paired with Expressiveness)
c10_n310_rep,11150,17,Agreeableness,Forgiveness; Gentleness; Flexibility; Patience,4,310,500,True,True,0.7332834758686161,0.7399089365241488,6.314906373935061,6.2148424295638565,0.999736076386234,0.9979282680418501,0.9998915062574157,0.0195815107747092,0.01456060784312794,0.055276232560599985,pass,not applicable,pass,0.733;0.853;0.813;0.756,0.755;0.846;0.785;0.740,4 shared facets
c10_n310_rep,11150,17,Conscientiousness,Organization; Diligence; Perfectionism; Prudence,4,310,500,True,True,0.5734408701272724,0.599182396923535,3.7810938202270847,3.835623815050767,0.9986195199949809,0.9929590243033155,0.9995835306825324,0.0382586319538997,0.030939828077323886,0.08599112540912333,pass,not applicable,pass,0.809;0.746;0.573;0.653,0.743;0.730;0.599;0.678,4 shared facets
c10_n310_rep,11150,17,Openness,Aesthetic Appreciation; Inquisitiveness; Creativity; Unconventionality,4,310,500,True,True,0.5743876056495243,0.48709783988364735,3.521653823679689,2.7387557895873536,0.9981624415768419,0.9903209027441858,0.9993863749180538,0.057299626903849626,0.03959323875497002,0.10801703332717058,unresolved,not applicable,unresolved,0.583;0.691;0.774;0.574,0.487;0.632;0.754;0.571,4 shared facets
c4_n310_rep,11150,17,Honesty-Humility,Sincerity; Fairness; Greed Avoidance; Modesty,4,310,500,False,False,0.46358976243658306,0.5565211484079214,2.5294451414862884,3.3156290974220988,0.9495561756081903,0.9074334305731779,0.9727702420435231,0.20664976109987715,0.15414276800557977,0.27715067156030687,fail,not applicable,fail,0.913;0.464;0.502;0.548,0.632;0.557;0.768;0.659,4 shared facets
c4_n310_rep,11150,17,Emotionality,Fearfulness; Anxiety; Dependence; Sentimentality,4,310,500,False,False,0.3791048395302226,0.53731469765033,2.573208647233387,2.7331564178946106,0.9857552000060263,0.9680139876763708,0.9933073788263631,0.11421166115450668,0.08037312407946912,0.1722730767197861,unresolved,not applicable,fail,0.678;0.722;0.716;0.379,0.537;0.779;0.778;0.538,4 shared facets
c4_n310_rep,11150,17,Extraversion,Social Boldness; Sociability; Liveliness,3,310,500,True,True,0.7192347489557847,0.7146441523997545,4.391570191616597,4.8826801011344045,0.9993264532352442,0.9945894823500706,0.9999012150714559,0.044804893565900235,0.022679798412482154,0.09860895854252615,pass,not applicable,pass,0.728;0.771;0.719,0.792;0.814;0.715,3 shared facets (SSE excluded)
c4_n310_rep,11150,17,Extraversion_4pos,Social Self-Esteem; Social Boldness; Sociability; Liveliness,4,310,500,True,True,0.6365016680288325,0.6578857344642357,4.238778313562442,5.1830485021422685,0.9930223367659761,0.9860942527499443,0.9966197802543951,0.1158914541158692,0.08434161640930436,0.16167433806277576,unresolved,not applicable,unresolved,0.637;0.743;0.786;0.688,0.827;0.872;0.788;0.658,4 positional facets (SSE paired with Expressiveness)
c4_n310_rep,11150,17,Agreeableness,Forgiveness; Gentleness; Flexibility; Patience,4,310,500,True,True,0.6410962142299418,0.7399089365241488,4.570561074933182,6.2148424295638565,0.9974269198868856,0.9928120122457879,0.9991183310860693,0.0771778456499122,0.04962619237024266,0.11947498786549644,unresolved,not applicable,unresolved,0.718;0.806;0.641;0.736,0.755;0.846;0.785;0.740,4 shared facets
c4_n310_rep,11150,17,Conscientiousness,Organization; Diligence; Perfectionism; Prudence,4,310,500,True,True,0.5732059446105822,0.599182396923535,3.2355648453932986,3.835623815050767,0.9955603979142325,0.9835829040697138,0.9987237994040988,0.07770383750875941,0.04316377967404316,0.1394117271853656,unresolved,not applicable,unresolved,0.765;0.617;0.604;0.573,0.743;0.730;0.599;0.678,4 shared facets
c4_n310_rep,11150,17,Openness,Aesthetic Appreciation; Inquisitiveness; Creativity; Unconventionality,4,310,500,True,True,0.5211141952937299,0.48709783988364735,3.0257896948419702,2.7387557895873536,0.981079866062192,0.9624052156254894,0.9917594663164637,0.12039041362740599,0.08269497202045634,0.17430554750674507,unresolved,not applicable,unresolved,0.655;0.521;0.645;0.645,0.487;0.632;0.754;0.571,4 shared facets
c10_n310_rep,11150,18,Honesty-Humility,Sincerity; Fairness; Greed Avoidance; Modesty,4,310,500,True,True,0.6055610696051311,0.5565211484079214,3.8670791830935585,3.3156290974220988,0.9997027565800519,0.9955656694570876,0.9997647669880798,0.03060625564624852,0.02339619510598965,0.07893016210752998,pass,not applicable,pass,0.658;0.606;0.779;0.683,0.632;0.557;0.768;0.659,4 shared facets
c10_n310_rep,11150,18,Emotionality,Fearfulness; Anxiety; Dependence; Sentimentality,4,310,500,False,False,0.46602856337043636,0.53731469765033,2.47502674380252,2.7331564178946106,0.9985401078765062,0.9893428162112753,0.9994854245168445,0.0416301957238292,0.024678602537434473,0.10376686503807339,unresolved,not applicable,fail,0.466;0.761;0.793;0.502,0.537;0.779;0.778;0.538,4 shared facets
c10_n310_rep,11150,18,Extraversion,Social Boldness; Sociability; Liveliness,3,310,500,True,True,0.7412817379941001,0.7146441523997545,5.351706549532962,4.8826801011344045,0.999018674839198,0.9958347165774424,0.9998612539017967,0.03960923992309712,0.02351034427741476,0.07807064692374219,pass,not applicable,pass,0.850;0.788;0.741,0.792;0.814;0.715,3 shared facets (SSE excluded)
c10_n310_rep,11150,18,Extraversion_4pos,Social Self-Esteem; Social Boldness; Sociability; Liveliness,4,310,500,True,True,0.6940952558106662,0.6578857344642357,5.631515549848491,5.1830485021422685,0.9994185486567261,0.9972161466658301,0.9998310171611829,0.027327436471171456,0.01802929639272525,0.062459116331881774,pass,not applicable,pass,0.789;0.883;0.800;0.694,0.827;0.872;0.788;0.658,4 positional facets (SSE paired with Expressiveness)
c10_n310_rep,11150,18,Agreeableness,Forgiveness; Gentleness; Flexibility; Patience,4,310,500,True,True,0.7626857552619356,0.7399089365241488,6.3060651286001335,6.2148424295638565,0.9996915356057032,0.9978173085487876,0.9999158164738249,0.01955047618285236,0.015339501750814964,0.057555718013458795,pass,not applicable,pass,0.766;0.820;0.772;0.763,0.755;0.846;0.785;0.740,4 shared facets
c10_n310_rep,11150,18,Conscientiousness,Organization; Diligence; Perfectionism; Prudence,4,310,500,True,True,0.5573677823882923,0.599182396923535,3.2975993237738326,3.835623815050767,0.9996943637424048,0.9943355909375756,0.999823289163914,0.024041511446182124,0.0223475686947484,0.08481515718330565,pass,not applicable,pass,0.723;0.731;0.557;0.665,0.743;0.730;0.599;0.678,4 shared facets
c10_n310_rep,11150,18,Openness,Aesthetic Appreciation; Inquisitiveness; Creativity; Unconventionality,4,310,500,True,False,0.5458543464619522,0.48709783988364735,2.971440863097174,2.7387557895873536,0.9993153170208494,0.9903340315763872,0.9995955530933409,0.035586763072615435,0.027598719978850696,0.09648427814576152,pass,not applicable,pass,0.546;0.633;0.792;0.585,0.487;0.632;0.754;0.571,4 shared facets
c4_n310_rep,11150,18,Honesty-Humility,Sincerity; Fairness; Greed Avoidance; Modesty,4,310,500,True,True,0.565883772798695,0.5565211484079214,3.177658264807355,3.3156290974220988,0.996838354761572,0.9864492606570427,0.9990551368603355,0.060281466183635495,0.0388233595892719,0.11759292800095766,unresolved,not applicable,unresolved,0.665;0.566;0.693;0.572,0.632;0.557;0.768;0.659,4 shared facets
c4_n310_rep,11150,18,Emotionality,Fearfulness; Anxiety; Dependence; Sentimentality,4,310,500,False,False,0.4647187907273595,0.53731469765033,2.0647593106591215,2.7331564178946106,0.9997254899759768,0.9822021312348177,0.9992862572055304,0.09604920705056569,0.07362555585714559,0.16398944222922637,unresolved,not applicable,fail,0.465;0.667;0.651;0.482,0.537;0.779;0.778;0.538,4 shared facets
c4_n310_rep,11150,18,Extraversion,Social Boldness; Sociability; Liveliness,3,310,500,True,True,0.6138789010286985,0.7146441523997545,3.5596427384743747,4.8826801011344045,0.9979533769135778,0.990557696902549,0.9997507689062475,0.07248391474850108,0.037877914471014844,0.1252041337721891,unresolved,not applicable,unresolved,0.796;0.740;0.614,0.792;0.814;0.715,3 shared facets (SSE excluded)
c4_n310_rep,11150,18,Extraversion_4pos,Social Self-Esteem; Social Boldness; Sociability; Liveliness,4,310,500,True,True,0.5522895137287515,0.6578857344642357,3.4253313301576194,5.1830485021422685,0.9957118429895173,0.9888015436336004,0.9983590221895297,0.10679544687340913,0.07597320614427344,0.15024896839295696,unresolved,not applicable,unresolved,0.652;0.869;0.725;0.552,0.827;0.872;0.788;0.658,4 positional facets (SSE paired with Expressiveness)
c4_n310_rep,11150,18,Agreeableness,Forgiveness; Gentleness; Flexibility; Patience,4,310,500,True,True,0.6773597090977431,0.7399089365241488,4.257716189627515,6.2148424295638565,0.998766184692201,0.9950344222509555,0.9996623758435883,0.08435789369480566,0.05597913765205129,0.1287972445842661,unresolved,not applicable,unresolved,0.715;0.728;0.677;0.706,0.755;0.846;0.785;0.740,4 shared facets
c4_n310_rep,11150,18,Conscientiousness,Organization; Diligence; Perfectionism; Prudence,4,310,500,False,False,0.515959890521507,0.599182396923535,2.745254846149041,3.835623815050767,0.998864973984441,0.9846731115284794,0.9991325745900248,0.11857049623761623,0.08671030822725873,0.1783757924018272,unresolved,not applicable,fail,0.587;0.644;0.516;0.545,0.743;0.730;0.599;0.678,4 shared facets
c4_n310_rep,11150,18,Openness,Aesthetic Appreciation; Inquisitiveness; Creativity; Unconventionality,4,310,500,False,False,0.3327152346307634,0.48709783988364735,2.132710801642605,2.7387557895873536,0.966582927272963,0.9372882294398335,0.9791028842998791,0.160355018919497,0.1298451851443809,0.21818688866364244,fail,not applicable,fail,0.594;0.333;0.716;0.587,0.487;0.632;0.754;0.571,4 shared facets
c10_n310_rep,11150,19,Honesty-Humility,Sincerity; Fairness; Greed Avoidance; Modesty,4,310,500,True,True,0.5751068092849938,0.5565211484079214,3.0762613828793905,3.3156290974220988,0.9994780231523687,0.9927605280004645,0.9997849815782246,0.021281726355760897,0.01912981684505976,0.08359760217464655,pass,not applicable,pass,0.659;0.575;0.748;0.642,0.632;0.557;0.768;0.659,4 shared facets
c10_n310_rep,11150,19,Emotionality,Fearfulness; Anxiety; Dependence; Sentimentality,4,310,500,False,False,0.47882382468606327,0.53731469765033,2.645510952373385,2.7331564178946106,0.9972746661455785,0.9892304093717774,0.9990876005665281,0.05004673510916086,0.032444464704502775,0.10133086153826554,unresolved,not applicable,fail,0.589;0.721;0.800;0.479,0.537;0.779;0.778;0.538,4 shared facets
c10_n310_rep,11150,19,Extraversion,Social Boldness; Sociability; Liveliness,3,310,500,True,True,0.7433009581459742,0.7146441523997545,5.388894571016249,4.8826801011344045,0.9996933510045881,0.9966897917075331,0.9999382970208647,0.02382382699367575,0.017193565943353903,0.07044924636334098,pass,not applicable,pass,0.819;0.802;0.743,0.792;0.814;0.715,3 shared facets (SSE excluded)
c10_n310_rep,11150,19,Extraversion_4pos,Social Self-Esteem; Social Boldness; Sociability; Liveliness,4,310,500,True,True,0.7150953832845076,0.6578857344642357,6.154881792427555,5.1830485021422685,0.9992911680127786,0.9970452194621882,0.999835902749667,0.030247073730272883,0.018017135537383905,0.06436575442441654,pass,not applicable,pass,0.810;0.863;0.786;0.715,0.827;0.872;0.788;0.658,4 positional facets (SSE paired with Expressiveness)
c10_n310_rep,11150,19,Agreeableness,Forgiveness; Gentleness; Flexibility; Patience,4,310,500,True,True,0.7378286497322485,0.7399089365241488,5.701395746225442,6.2148424295638565,0.9999096925048319,0.9980419271507658,0.9999339325468253,0.013640071504091295,0.013086488289164918,0.05680201605126536,pass,not applicable,pass,0.738;0.843;0.765;0.745,0.755;0.846;0.785;0.740,4 shared facets
c10_n310_rep,11150,19,Conscientiousness,Organization; Diligence; Perfectionism; Prudence,4,310,500,True,True,0.5790675947117447,0.599182396923535,3.7523325532167418,3.835623815050767,0.9988736554842019,0.9932683924562505,0.9995485476870531,0.03380899331718268,0.026109750648995303,0.08422097926700502,pass,not applicable,pass,0.803;0.734;0.579;0.654,0.743;0.730;0.599;0.678,4 shared facets
c10_n310_rep,11150,19,Openness,Aesthetic Appreciation; Inquisitiveness; Creativity; Unconventionality,4,310,500,True,True,0.5105149669856595,0.48709783988364735,3.357399553740576,2.7387557895873536,0.9996151899824692,0.9943238126014411,0.9997085492970402,0.060082412304686465,0.04590340869295948,0.10038124326307013,unresolved,not applicable,unresolved,0.511;0.719;0.823;0.611,0.487;0.632;0.754;0.571,4 shared facets
c4_n310_rep,11150,19,Honesty-Humility,Sincerity; Fairness; Greed Avoidance; Modesty,4,310,500,False,False,0.370486440216778,0.5565211484079214,2.0224529041799046,3.3156290974220988,0.966433297093496,0.9156239050191384,0.9870591368317072,0.20034548369141578,0.148520807801198,0.2793975823361288,fail,not applicable,fail,0.547;0.644;0.519;0.370,0.632;0.557;0.768;0.659,4 shared facets
c4_n310_rep,11150,19,Emotionality,Fearfulness; Anxiety; Dependence; Sentimentality,4,310,500,False,False,0.47067914038268244,0.53731469765033,2.2039946197706666,2.7331564178946106,0.9914821426467856,0.9703463557628349,0.998405173837863,0.11104546848328407,0.06611244762846286,0.18030358328496618,unresolved,not applicable,fail,0.471;0.579;0.797;0.471,0.537;0.779;0.778;0.538,4 shared facets
c4_n310_rep,11150,19,Extraversion,Social Boldness; Sociability; Liveliness,3,310,500,True,True,0.7088388438906802,0.7146441523997545,4.523096697959733,4.8826801011344045,0.9990740977085755,0.9941305951529497,0.9998748692328493,0.03811503295989202,0.019615898159272893,0.09098278028334315,pass,not applicable,pass,0.805;0.750;0.709,0.792;0.814;0.715,3 shared facets (SSE excluded)
c4_n310_rep,11150,19,Extraversion_4pos,Social Self-Esteem; Social Boldness; Sociability; Liveliness,4,310,500,True,True,0.6946904490103903,0.6578857344642357,5.699801064889503,5.1830485021422685,0.999119352096235,0.9964844498038117,0.9998300271466034,0.038826719481296616,0.02512510869481542,0.07684975075675882,pass,not applicable,pass,0.805;0.834;0.735;0.695,0.827;0.872;0.788;0.658,4 positional facets (SSE paired with Expressiveness)
c4_n310_rep,11150,19,Agreeableness,Forgiveness; Gentleness; Flexibility; Patience,4,310,500,True,True,0.6038218015067585,0.7399089365241488,3.2574851722762173,6.2148424295638565,0.9942479845697618,0.9838064532999626,0.9979918569596269,0.1355818006459489,0.0971961934943477,0.1863287791662263,unresolved,not applicable,unresolved,0.604;0.706;0.610;0.754,0.755;0.846;0.785;0.740,4 shared facets
c4_n310_rep,11150,19,Conscientiousness,Organization; Diligence; Perfectionism; Prudence,4,310,500,False,False,0.5114240447503349,0.599182396923535,2.7857733980112367,3.835623815050767,0.99156128621013,0.9784145261781219,0.9961830573015136,0.09725828083754999,0.06614842723742985,0.15239824908935107,unresolved,not applicable,fail,0.711;0.790;0.526;0.511,0.743;0.730;0.599;0.678,4 shared facets
c4_n310_rep,11150,19,Openness,Aesthetic Appreciation; Inquisitiveness; Creativity; Unconventionality,4,310,500,False,False,0.44722322230214573,0.48709783988364735,2.573867923175688,2.7387557895873536,0.9979763745065444,0.9860386883939285,0.999337481916772,0.0420623942096148,0.029562048622385723,0.1070583676027332,unresolved,not applicable,fail,0.447;0.562;0.778;0.576,0.487;0.632;0.754;0.571,4 shared facets
c10_n310_rep,11150,20,Honesty-Humility,Sincerity; Fairness; Greed Avoidance; Modesty,4,310,500,False,False,0.5029995752855575,0.5565211484079214,2.8720277988770824,3.3156290974220988,0.9989944133375874,0.9902537312194521,0.9995199880924686,0.03025797217436821,0.026178561782832174,0.09404883237765611,pass,not applicable,fail,0.654;0.503;0.754;0.669,0.632;0.557;0.768;0.659,4 shared facets
c10_n310_rep,11150,20,Emotionality,Fearfulness; Anxiety; Dependence; Sentimentality,4,310,500,False,False,0.4610201633800445,0.53731469765033,2.382037639313487,2.7331564178946106,0.9894826229925107,0.9732112919389685,0.9955013134223409,0.09752969423398268,0.06585251208716067,0.15387267458498977,unresolved,not applicable,fail,0.461;0.708;0.933;0.483,0.537;0.779;0.778;0.538,4 shared facets
c10_n310_rep,11150,20,Extraversion,Social Boldness; Sociability; Liveliness,3,310,500,True,True,0.7394914657069692,0.7146441523997545,5.427633838860517,4.8826801011344045,0.999871718681129,0.9975959274659688,0.9999541602024756,0.022342559426798227,0.014864070817446418,0.06302966516093804,pass,not applicable,pass,0.822;0.816;0.739,0.792;0.814;0.715,3 shared facets (SSE excluded)
c10_n310_rep,11150,20,Extraversion_4pos,Social Self-Esteem; Social Boldness; Sociability; Liveliness,4,310,500,True,True,0.6840387378974757,0.6578857344642357,5.517493193719703,5.1830485021422685,0.9997675733882663,0.9981959751368692,0.9999046454660223,0.020263995950347394,0.015959224047768648,0.053569496536051774,pass,not applicable,pass,0.814;0.900;0.791;0.684,0.827;0.872;0.788;0.658,4 positional facets (SSE paired with Expressiveness)
c10_n310_rep,11150,20,Agreeableness,Forgiveness; Gentleness; Flexibility; Patience,4,310,500,True,True,0.7249076160403886,0.7399089365241488,6.14661126892556,6.2148424295638565,0.9997268945060489,0.9981243008769425,0.9998977291947325,0.019358749280978544,0.016531541807706208,0.056463746188526606,pass,not applicable,pass,0.785;0.838;0.802;0.725,0.755;0.846;0.785;0.740,4 shared facets
c10_n310_rep,11150,20,Conscientiousness,Organization; Diligence; Perfectionism; Prudence,4,310,500,True,True,0.5814165483369559,0.599182396923535,3.3957450543842556,3.835623815050767,0.9986238743436733,0.9908315276357446,0.9995885105039507,0.04553755644586593,0.02767633555412772,0.11008265241558962,unresolved,not applicable,unresolved,0.764;0.663;0.581;0.622,0.743;0.730;0.599;0.678,4 shared facets
c10_n310_rep,11150,20,Openness,Aesthetic Appreciation; Inquisitiveness; Creativity; Unconventionality,4,310,500,True,False,0.501494407071057,0.48709783988364735,2.745733161730458,2.7387557895873536,0.9992863017308549,0.9901589870561992,0.9996570107721614,0.02455482209659679,0.02281861395460077,0.09076698172644922,pass,not applicable,pass,0.501;0.624;0.793;0.545,0.487;0.632;0.754;0.571,4 shared facets
c4_n310_rep,11150,20,Honesty-Humility,Sincerity; Fairness; Greed Avoidance; Modesty,4,310,500,False,False,0.3284043624571567,0.5565211484079214,1.8859519449609097,3.3156290974220988,0.9746648161223928,0.9225426656090867,0.9922802408230611,0.18680613032433038,0.13990340971554097,0.268197587916209,fail,not applicable,fail,0.328;0.353;0.713;0.609,0.632;0.557;0.768;0.659,4 shared facets
c4_n310_rep,11150,20,Emotionality,Fearfulness; Anxiety; Dependence; Sentimentality,4,310,500,False,False,0.4087710009372787,0.53731469765033,1.901610742414548,2.7331564178946106,0.9850928117626611,0.9465354321634418,0.9958327271525743,0.13412923980108682,0.0890480967898249,0.22165133414598207,unresolved,not applicable,fail,0.419;0.586;0.841;0.409,0.537;0.779;0.778;0.538,4 shared facets
c4_n310_rep,11150,20,Extraversion,Social Boldness; Sociability; Liveliness,3,310,500,True,True,0.6883698996351809,0.7146441523997545,4.0492857093301415,4.8826801011344045,0.9988688038610962,0.9924358972042906,0.9998104991913348,0.05858200363739402,0.035067490250184574,0.11052421733418756,unresolved,not applicable,unresolved,0.777;0.718;0.688,0.792;0.814;0.715,3 shared facets (SSE excluded)
c4_n310_rep,11150,20,Extraversion_4pos,Social Self-Esteem; Social Boldness; Sociability; Liveliness,4,310,500,True,True,0.6420300073351768,0.6578857344642357,3.756041494934241,5.1830485021422685,0.9938157670209352,0.9860146455701986,0.9969455379618033,0.11432764683944475,0.08640105508152889,0.15867607539096812,unresolved,not applicable,unresolved,0.642;0.869;0.654;0.659,0.827;0.872;0.788;0.658,4 positional facets (SSE paired with Expressiveness)
c4_n310_rep,11150,20,Agreeableness,Forgiveness; Gentleness; Flexibility; Patience,4,310,500,True,True,0.6236671465822154,0.7399089365241488,3.9087753249765425,6.2148424295638565,0.9942648673343767,0.985741024550945,0.9972433811656851,0.12230028157682213,0.09082998681872893,0.1707796190832934,unresolved,not applicable,unresolved,0.785;0.696;0.624;0.639,0.755;0.846;0.785;0.740,4 shared facets
c4_n310_rep,11150,20,Conscientiousness,Organization; Diligence; Perfectionism; Prudence,4,310,500,False,False,0.42224069140486165,0.599182396923535,2.543763143173571,3.835623815050767,0.9875423362248803,0.9609033953704287,0.9953487522005788,0.13542298360236257,0.09430761398070232,0.2024094546476736,unresolved,not applicable,fail,0.666;0.714;0.557;0.422,0.743;0.730;0.599;0.678,4 shared facets
c4_n310_rep,11150,20,Openness,Aesthetic Appreciation; Inquisitiveness; Creativity; Unconventionality,4,310,500,False,False,0.493866259587594,0.48709783988364735,2.3995603189077817,2.7387557895873536,0.9956074257238299,0.9737039423858959,0.9984101395299753,0.09007801499795003,0.062541046340291,0.1651311561980231,unresolved,not applicable,fail,0.509;0.494;0.660;0.509,0.487;0.632;0.754;0.571,4 shared facets
c10_n310_rep,11150,21,Honesty-Humility,Sincerity; Fairness; Greed Avoidance; Modesty,4,310,500,True,True,0.6250853806360296,0.5565211484079214,3.9591232164203465,3.3156290974220988,0.9973829590955984,0.991194501743939,0.999115956404954,0.06665799318388542,0.0434719061097553,0.11033750878655171,unresolved,not applicable,unresolved,0.733;0.625;0.743;0.707,0.632;0.557;0.768;0.659,4 shared facets
c10_n310_rep,11150,21,Emotionality,Fearfulness; Anxiety; Dependence; Sentimentality,4,310,500,False,False,0.4868813091530356,0.53731469765033,2.576054611492557,2.7331564178946106,0.9987126615073741,0.9903207768022988,0.9996084304599019,0.03433820325914035,0.025230923117436993,0.09644921807206916,pass,not applicable,fail,0.537;0.817;0.751;0.487,0.537;0.779;0.778;0.538,4 shared facets
c10_n310_rep,11150,21,Extraversion,Social Boldness; Sociability; Liveliness,3,310,500,True,True,0.6985488857590014,0.7146441523997545,4.26609029025103,4.8826801011344045,0.9964430097954257,0.9890336436066638,0.9991923158633897,0.06688824432368869,0.035302850444238275,0.12039400054286858,unresolved,not applicable,unresolved,0.850;0.715;0.699,0.792;0.814;0.715,3 shared facets (SSE excluded)
c10_n310_rep,11150,21,Extraversion_4pos,Social Self-Esteem; Social Boldness; Sociability; Liveliness,4,310,500,True,True,0.6542137641104595,0.6578857344642357,5.250269810538827,5.1830485021422685,0.9990548705497967,0.9965573161873567,0.9996988446533192,0.03546516436214559,0.02182604253413018,0.06841506341566916,pass,not applicable,pass,0.837;0.889;0.720;0.654,0.827;0.872;0.788;0.658,4 positional facets (SSE paired with Expressiveness)
c10_n310_rep,11150,21,Agreeableness,Forgiveness; Gentleness; Flexibility; Patience,4,310,500,True,True,0.7437785396280414,0.7399089365241488,6.5994001849241775,6.2148424295638565,0.9999012292247934,0.9984229050264721,0.9999355399376425,0.01710423179630905,0.016101040285397352,0.053704659172267015,pass,not applicable,pass,0.769;0.877;0.787;0.744,0.755;0.846;0.785;0.740,4 shared facets
c10_n310_rep,11150,21,Conscientiousness,Organization; Diligence; Perfectionism; Prudence,4,310,500,True,True,0.5625756984661642,0.599182396923535,3.889580522097801,3.835623815050767,0.9987749720601572,0.9933438614404464,0.9996656878731841,0.042022692046708936,0.029125667581638693,0.08748185228296247,pass,not applicable,pass,0.808;0.748;0.563;0.712,0.743;0.730;0.599;0.678,4 shared facets
c10_n310_rep,11150,21,Openness,Aesthetic Appreciation; Inquisitiveness; Creativity; Unconventionality,4,310,500,True,True,0.5562576276263466,0.48709783988364735,3.5493694735783743,2.7387557895873536,0.9994841159151553,0.9933363918674418,0.9996503571279157,0.058216268946376534,0.03941481630316984,0.10679342925887549,unresolved,not applicable,unresolved,0.556;0.701;0.789;0.624,0.487;0.632;0.754;0.571,4 shared facets
c4_n310_rep,11150,21,Honesty-Humility,Sincerity; Fairness; Greed Avoidance; Modesty,4,310,500,True,True,0.556928908733373,0.5565211484079214,3.155793183662311,3.3156290974220988,0.995252932326319,0.9856270311972638,0.9984318106309905,0.06410991475868702,0.04288743323447393,0.11414675896799939,unresolved,not applicable,unresolved,0.557;0.574;0.847;0.594,0.632;0.557;0.768;0.659,4 shared facets
c4_n310_rep,11150,21,Emotionality,Fearfulness; Anxiety; Dependence; Sentimentality,4,310,500,False,False,0.40753606700360334,0.53731469765033,2.566498119692878,2.7331564178946106,0.9925164713664567,0.9760786597822367,0.9984744370948228,0.0828267193091366,0.041894388663219685,0.14751860927023971,unresolved,not applicable,fail,0.586;0.830;0.703;0.408,0.537;0.779;0.778;0.538,4 shared facets
c4_n310_rep,11150,21,Extraversion,Social Boldness; Sociability; Liveliness,3,310,500,True,True,0.6139451000694728,0.7146441523997545,3.2146375583833167,4.8826801011344045,0.9851105655189382,0.9636039158982487,0.9952025719611001,0.13981313698206208,0.08780009290097819,0.20913901076507233,unresolved,not applicable,unresolved,0.894;0.619;0.614,0.792;0.814;0.715,3 shared facets (SSE excluded)
c4_n310_rep,11150,21,Extraversion_4pos,Social Self-Esteem; Social Boldness; Sociability; Liveliness,4,310,500,True,True,0.5899294285974643,0.6578857344642357,4.114294678227502,5.1830485021422685,0.9923635257410752,0.9844592624364685,0.996539087109757,0.10929638095690868,0.07327982629056601,0.15330257037953493,unresolved,not applicable,unresolved,0.755;0.936;0.604;0.590,0.827;0.872;0.788;0.658,4 positional facets (SSE paired with Expressiveness)
c4_n310_rep,11150,21,Agreeableness,Forgiveness; Gentleness; Flexibility; Patience,4,310,500,True,True,0.6590670447476765,0.7399089365241488,4.0575107759538245,6.2148424295638565,0.9970240413179787,0.991914566332098,0.9990092946004424,0.08247424127848615,0.05705964908405598,0.12101185654448819,unresolved,not applicable,unresolved,0.664;0.798;0.659;0.765,0.755;0.846;0.785;0.740,4 shared facets
c4_n310_rep,11150,21,Conscientiousness,Organization; Diligence; Perfectionism; Prudence,4,310,500,False,False,0.42936804054499494,0.599182396923535,2.658405542654335,3.835623815050767,0.9941212663180393,0.9781615972576235,0.9983295412921159,0.1087702991553516,0.06862323906576923,0.17506301052684023,unresolved,not applicable,fail,0.705;0.697;0.429;0.551,0.743;0.730;0.599;0.678,4 shared facets
c4_n310_rep,11150,21,Openness,Aesthetic Appreciation; Inquisitiveness; Creativity; Unconventionality,4,310,500,True,False,0.4660336534269195,0.48709783988364735,2.8907019693893767,2.7387557895873536,0.9921167822178424,0.9777765302606749,0.9964522756615372,0.07895474932125056,0.05789112471534883,0.13143309511695725,unresolved,not applicable,unresolved,0.466;0.643;0.674;0.704,0.487;0.632;0.754;0.571,4 shared facets
c10_n310_rep,11150,22,Honesty-Humility,Sincerity; Fairness; Greed Avoidance; Modesty,4,310,500,True,True,0.6582563008060813,0.5565211484079214,3.91455473661662,3.3156290974220988,0.9961953159939043,0.9892259757377153,0.9986409084569228,0.07180725963116087,0.04972902322151568,0.11305228392376734,unresolved,not applicable,unresolved,0.701;0.682;0.752;0.658,0.632;0.557;0.768;0.659,4 shared facets
c10_n310_rep,11150,22,Emotionality,Fearfulness; Anxiety; Dependence; Sentimentality,4,310,500,False,False,0.484999085004591,0.53731469765033,2.548046201140411,2.7331564178946106,0.999039045641396,0.9914855344017863,0.999748285693928,0.02971087726563877,0.02339147146318538,0.09105234845794875,pass,not applicable,fail,0.520;0.800;0.784;0.485,0.537;0.779;0.778;0.538,4 shared facets
c10_n310_rep,11150,22,Extraversion,Social Boldness; Sociability; Liveliness,3,310,500,True,True,0.6961492116777748,0.7146441523997545,4.526021073871279,4.8826801011344045,0.9987627871254893,0.9932319637962833,0.9998587926513125,0.03949366848971126,0.01817840605032266,0.09245280592732967,pass,not applicable,pass,0.832;0.762;0.696,0.792;0.814;0.715,3 shared facets (SSE excluded)
c10_n310_rep,11150,22,Extraversion_4pos,Social Self-Esteem; Social Boldness; Sociability; Liveliness,4,310,500,True,True,0.6434019432265987,0.6578857344642357,5.305857596026177,5.1830485021422685,0.9995830976875014,0.9976077297359051,0.9998472940701433,0.02327227535063434,0.01854112356905429,0.05794032901954669,pass,not applicable,pass,0.868;0.873;0.772;0.643,0.827;0.872;0.788;0.658,4 positional facets (SSE paired with Expressiveness)
c10_n310_rep,11150,22,Agreeableness,Forgiveness; Gentleness; Flexibility; Patience,4,310,500,True,True,0.7357025167411565,0.7399089365241488,6.91428903514695,6.2148424295638565,0.9996541174370398,0.9980677381702224,0.9999051555606225,0.03421664987516061,0.025326307590441185,0.059812064125478785,pass,not applicable,pass,0.810;0.870;0.817;0.736,0.755;0.846;0.785;0.740,4 shared facets
c10_n310_rep,11150,22,Conscientiousness,Organization; Diligence; Perfectionism; Prudence,4,310,500,True,True,0.5130604777677337,0.599182396923535,3.3877372006174062,3.835623815050767,0.9950638235290289,0.9857234027840723,0.9981469232167175,0.06865078053554262,0.04609857656399221,0.11712758231827652,unresolved,not applicable,unresolved,0.687;0.808;0.513;0.725,0.743;0.730;0.599;0.678,4 shared facets
c10_n310_rep,11150,22,Openness,Aesthetic Appreciation; Inquisitiveness; Creativity; Unconventionality,4,310,500,True,True,0.5826881106587248,0.48709783988364735,3.524341825234715,2.7387557895873536,0.9984542930079428,0.9915967399543761,0.999311852542557,0.0606406400422452,0.040642637710922046,0.10798426879631948,unresolved,not applicable,unresolved,0.583;0.669;0.772;0.633,0.487;0.632;0.754;0.571,4 shared facets
c4_n310_rep,11150,22,Honesty-Humility,Sincerity; Fairness; Greed Avoidance; Modesty,4,310,500,False,False,0.5608052368847242,0.5565211484079214,2.9650662449178986,3.3156290974220988,0.9956641814149831,0.984632304985559,0.9989709617222754,0.06412012572512733,0.03769688943900818,0.11926904009912292,unresolved,not applicable,fail,0.620;0.561;0.650;0.707,0.632;0.557;0.768;0.659,4 shared facets
c4_n310_rep,11150,22,Emotionality,Fearfulness; Anxiety; Dependence; Sentimentality,4,310,500,False,False,0.4617057830947309,0.53731469765033,2.4316789616842196,2.7331564178946106,0.9983018598078444,0.98566365351744,0.9992296337454858,0.08940284493347385,0.06326270782048328,0.15063939435357837,unresolved,not applicable,fail,0.530;0.650;0.681;0.462,0.537;0.779;0.778;0.538,4 shared facets
c4_n310_rep,11150,22,Extraversion,Social Boldness; Sociability; Liveliness,3,310,500,True,True,0.7439455549452737,0.7146441523997545,4.810698702467661,4.8826801011344045,0.9987892305864802,0.993808750869147,0.9997968015287809,0.043456381398846604,0.022087556694136413,0.09469261927670317,pass,not applicable,pass,0.744;0.767;0.748,0.792;0.814;0.715,3 shared facets (SSE excluded)
c4_n310_rep,11150,22,Extraversion_4pos,Social Self-Esteem; Social Boldness; Sociability; Liveliness,4,310,500,True,True,0.7234037221904132,0.6578857344642357,5.480956641028604,5.1830485021422685,0.9961405793321119,0.9911058100864079,0.9982827622933178,0.07911845005481843,0.057448614827067215,0.11379404464482208,unresolved,not applicable,unresolved,0.736;0.761;0.775;0.723,0.827;0.872;0.788;0.658,4 positional facets (SSE paired with Expressiveness)
c4_n310_rep,11150,22,Agreeableness,Forgiveness; Gentleness; Flexibility; Patience,4,310,500,True,True,0.63616679197387,0.7399089365241488,4.307196547428198,6.2148424295638565,0.9960382404649498,0.9897059092951681,0.9983758066571568,0.09620388223539014,0.06335046949386426,0.13823875826263443,unresolved,not applicable,unresolved,0.785;0.756;0.636;0.665,0.755;0.846;0.785;0.740,4 shared facets
c4_n310_rep,11150,22,Conscientiousness,Organization; Diligence; Perfectionism; Prudence,4,310,500,False,False,0.372562995020935,0.599182396923535,2.4173934838025812,3.835623815050767,0.9876356893930746,0.9668152067113286,0.9953901780905785,0.1215540889399763,0.07858268042457439,0.18154713745910075,unresolved,not applicable,fail,0.716;0.748;0.373;0.596,0.743;0.730;0.599;0.678,4 shared facets
c4_n310_rep,11150,22,Openness,Aesthetic Appreciation; Inquisitiveness; Creativity; Unconventionality,4,310,500,True,True,0.5182817773334237,0.48709783988364735,3.0419643779389163,2.7387557895873536,0.9880789556709287,0.9731943957579323,0.995084970197677,0.09574305052156207,0.0653525593394185,0.1464301590603838,unresolved,not applicable,unresolved,0.518;0.610;0.630;0.711,0.487;0.632;0.754;0.571,4 shared facets
c10_n310_rep,11150,23,Honesty-Humility,Sincerity; Fairness; Greed Avoidance; Modesty,4,310,500,True,True,0.5513598286706558,0.5565211484079214,3.441359163597083,3.3156290974220988,0.997322598498451,0.9904875061100328,0.9990367920235727,0.05947323805168657,0.043980298222426537,0.1022142729863826,unresolved,not applicable,unresolved,0.715;0.551;0.742;0.740,0.632;0.557;0.768;0.659,4 shared facets
c10_n310_rep,11150,23,Emotionality,Fearfulness; Anxiety; Dependence; Sentimentality,4,310,500,False,False,0.4316144735782651,0.53731469765033,2.2195918454018724,2.7331564178946106,0.995906433864248,0.9796405466084221,0.9985359691666222,0.07069050342589217,0.043049064200293544,0.14396506948641366,unresolved,not applicable,fail,0.432;0.728;0.808;0.465,0.537;0.779;0.778;0.538,4 shared facets
c10_n310_rep,11150,23,Extraversion,Social Boldness; Sociability; Liveliness,3,310,500,True,True,0.6274855420355449,0.7146441523997545,3.5990898109953853,4.8826801011344045,0.9993209371730728,0.992818996311317,0.9998326052577031,0.06504180099025061,0.03832637498626977,0.12130373713401957,unresolved,not applicable,unresolved,0.728;0.784;0.627,0.792;0.814;0.715,3 shared facets (SSE excluded)
c10_n310_rep,11150,23,Extraversion_4pos,Social Self-Esteem; Social Boldness; Sociability; Liveliness,4,310,500,True,True,0.581176729884817,0.6578857344642357,4.260592601647691,5.1830485021422685,0.9974970562004564,0.9928927764263936,0.9990991374259081,0.06294840007402698,0.03954695275525005,0.10587002676343486,unresolved,not applicable,unresolved,0.867;0.854;0.698;0.581,0.827;0.872;0.788;0.658,4 positional facets (SSE paired with Expressiveness)
c10_n310_rep,11150,23,Agreeableness,Forgiveness; Gentleness; Flexibility; Patience,4,310,500,True,True,0.6822625495988127,0.7399089365241488,5.233460026276185,6.2148424295638565,0.9989971918884004,0.9958753909013679,0.9997753017992796,0.03675543326662852,0.019697889604244914,0.07883564183457631,pass,not applicable,pass,0.730;0.837;0.823;0.682,0.755;0.846;0.785;0.740,4 shared facets
c10_n310_rep,11150,23,Conscientiousness,Organization; Diligence; Perfectionism; Prudence,4,310,500,True,True,0.5636652081169734,0.599182396923535,3.714158519833884,3.835623815050767,0.9992027095917401,0.9937511690335927,0.9997758618414474,0.02804761900327277,0.02201455429884837,0.08221181072724115,pass,not applicable,pass,0.786;0.727;0.564;0.682,0.743;0.730;0.599;0.678,4 shared facets
c10_n310_rep,11150,23,Openness,Aesthetic Appreciation; Inquisitiveness; Creativity; Unconventionality,4,310,500,True,False,0.47566456042008143,0.48709783988364735,2.797471360770546,2.7387557895873536,0.9997547845828144,0.992808339829811,0.9996784831334418,0.02255140148110283,0.02436577240908648,0.08412503837178131,pass,not applicable,pass,0.476;0.653;0.788;0.590,0.487;0.632;0.754;0.571,4 shared facets
c4_n310_rep,11150,23,Honesty-Humility,Sincerity; Fairness; Greed Avoidance; Modesty,4,310,500,False,False,0.4175331121606949,0.5565211484079214,2.14777527922997,3.3156290974220988,0.9979219562833296,0.97247411453399,0.9988611288674443,0.11317103393372047,0.08449716824055578,0.18796993551203278,unresolved,not applicable,fail,0.501;0.418;0.676;0.582,0.632;0.557;0.768;0.659,4 shared facets
c4_n310_rep,11150,23,Emotionality,Fearfulness; Anxiety; Dependence; Sentimentality,4,310,500,False,False,0.3079945558459738,0.53731469765033,1.9777473982280522,2.7331564178946106,0.9881654908987497,0.9545871940720694,0.9969191917157331,0.13641022685406232,0.10029161512459828,0.2129597691532625,fail,not applicable,fail,0.308;0.702;0.652;0.540,0.537;0.779;0.778;0.538,4 shared facets
c4_n310_rep,11150,23,Extraversion,Social Boldness; Sociability; Liveliness,3,310,500,False,False,0.4477836629416193,0.7146441523997545,2.0761924651069594,4.8826801011344045,0.9799805762473786,0.9203070819893828,0.9965508528785871,0.2573657757918335,0.20241170089600777,0.34958678533179904,fail,not applicable,fail,0.448;0.538;0.655,0.792;0.814;0.715,3 shared facets (SSE excluded)
c4_n310_rep,11150,23,Extraversion_4pos,Social Self-Esteem; Social Boldness; Sociability; Liveliness,4,310,500,False,False,0.5217003382370582,0.6578857344642357,2.7637658752430325,5.1830485021422685,0.9810741500083531,0.9610657093457922,0.9911054553369184,0.2133538788143622,0.1686066157786866,0.2746766951026641,fail,not applicable,fail,0.826;0.522;0.583;0.526,0.827;0.872;0.788;0.658,4 positional facets (SSE paired with Expressiveness)
c4_n310_rep,11150,23,Agreeableness,Forgiveness; Gentleness; Flexibility; Patience,4,310,500,True,True,0.5938010088742021,0.7399089365241488,3.484759488696475,6.2148424295638565,0.9984978753022573,0.9889216180476965,0.9996853656199711,0.10691779217408051,0.06780113525561322,0.16248331814979003,unresolved,not applicable,unresolved,0.594;0.768;0.707;0.653,0.755;0.846;0.785;0.740,4 shared facets
c4_n310_rep,11150,23,Conscientiousness,Organization; Diligence; Perfectionism; Prudence,4,310,500,True,True,0.5700837131238522,0.599182396923535,3.741515514305747,3.835623815050767,0.9996322759487228,0.9936292664257089,0.9998109287939685,0.019059613352588854,0.02075439766990396,0.07936636316318371,pass,not applicable,pass,0.751;0.736;0.570;0.700,0.743;0.730;0.599;0.678,4 shared facets
c4_n310_rep,11150,23,Openness,Aesthetic Appreciation; Inquisitiveness; Creativity; Unconventionality,4,310,500,False,False,0.4684432989305667,0.48709783988364735,2.286259657600976,2.7387557895873536,0.9992708163707786,0.986594790641113,0.9994498112493768,0.07448840391485985,0.049250469134337664,0.13686803624721253,unresolved,not applicable,fail,0.468;0.557;0.654;0.493,0.487;0.632;0.754;0.571,4 shared facets
c10_n310_rep,11150,24,Honesty-Humility,Sincerity; Fairness; Greed Avoidance; Modesty,4,310,500,False,False,0.49001498860155773,0.5565211484079214,2.6448134820977587,3.3156290974220988,0.9937638456778172,0.9773586359452188,0.9975547045941356,0.0863825372959009,0.05545225296415842,0.14758489306475253,unresolved,not applicable,fail,0.534;0.490;0.815;0.543,0.632;0.557;0.768;0.659,4 shared facets
c10_n310_rep,11150,24,Emotionality,Fearfulness; Anxiety; Dependence; Sentimentality,4,310,500,False,False,0.44801442822472026,0.53731469765033,2.522148042464258,2.7331564178946106,0.9976468431242147,0.985930623214988,0.9995162277882462,0.04751905022550632,0.027925342026934703,0.11609894403220468,unresolved,not applicable,fail,0.562;0.789;0.760;0.448,0.537;0.779;0.778;0.538,4 shared facets
c10_n310_rep,11150,24,Extraversion,Social Boldness; Sociability; Liveliness,3,310,500,True,True,0.6992045042658932,0.7146441523997545,4.790796959295117,4.8826801011344045,0.9998542695196939,0.9964447589033152,0.9999343474366553,0.013852027701154837,0.015202509393773309,0.06919423218298128,pass,not applicable,pass,0.808;0.824;0.699,0.792;0.814;0.715,3 shared facets (SSE excluded)
c10_n310_rep,11150,24,Extraversion_4pos,Social Self-Esteem; Social Boldness; Sociability; Liveliness,4,310,500,True,True,0.6581097376385419,0.6578857344642357,5.247361537902383,5.1830485021422685,0.9999307487429572,0.9981756173535088,0.9999362517088556,0.00932995018315818,0.015007494182953756,0.052480616915016175,pass,not applicable,pass,0.818;0.887;0.783;0.658,0.827;0.872;0.788;0.658,4 positional facets (SSE paired with Expressiveness)
c10_n310_rep,11150,24,Agreeableness,Forgiveness; Gentleness; Flexibility; Patience,4,310,500,True,True,0.7219012558885506,0.7399089365241488,5.750283215669218,6.2148424295638565,0.998849954274875,0.9951339840458312,0.9996092469302185,0.038045100036576934,0.02551985770621452,0.0812298712737446,pass,not applicable,pass,0.737;0.861;0.722;0.775,0.755;0.846;0.785;0.740,4 shared facets
c10_n310_rep,11150,24,Conscientiousness,Organization; Diligence; Perfectionism; Prudence,4,310,500,True,True,0.539941423267475,0.599182396923535,3.4679431264568823,3.835623815050767,0.9974091878495186,0.9891678404146693,0.9992916357540893,0.049820326277662454,0.03348950562298355,0.10493435733347745,unresolved,not applicable,unresolved,0.708;0.718;0.540;0.749,0.743;0.730;0.599;0.678,4 shared facets
c10_n310_rep,11150,24,Openness,Aesthetic Appreciation; Inquisitiveness; Creativity; Unconventionality,4,310,500,True,False,0.479021375910202,0.48709783988364735,2.8597905860571555,2.7387557895873536,0.9989913875831586,0.9911210481639198,0.9996247610375578,0.037633878676446866,0.030984980905302616,0.09176382930567435,pass,not applicable,pass,0.479;0.661;0.763;0.639,0.487;0.632;0.754;0.571,4 shared facets
c4_n310_rep,11150,24,Honesty-Humility,Sincerity; Fairness; Greed Avoidance; Modesty,4,310,500,False,False,0.3628915386178213,0.5565211484079214,1.9615060152166843,3.3156290974220988,0.9876927466279968,0.9371194259141734,0.997165390439237,0.16300580510159562,0.11615522335350441,0.24917546114507563,fail,not applicable,fail,0.443;0.363;0.734;0.481,0.632;0.557;0.768;0.659,4 shared facets
c4_n310_rep,11150,24,Emotionality,Fearfulness; Anxiety; Dependence; Sentimentality,4,310,500,False,False,0.35295431109602804,0.53731469765033,2.2355209561023295,2.7331564178946106,0.9938991594192924,0.9718516281588797,0.9981075818515357,0.10727846424256106,0.0690462538499324,0.17953088388763558,unresolved,not applicable,fail,0.479;0.733;0.698;0.353,0.537;0.779;0.778;0.538,4 shared facets
c4_n310_rep,11150,24,Extraversion,Social Boldness; Sociability; Liveliness,3,310,500,False,False,0.5708986760344049,0.7146441523997545,2.883540351142488,4.8826801011344045,0.9995783324791528,0.9874972973531715,0.9998197450552007,0.12853019777144528,0.0889309911886137,0.1924878128592041,unresolved,not applicable,fail,0.667;0.699;0.571,0.792;0.814;0.715,3 shared facets (SSE excluded)
c4_n310_rep,11150,24,Extraversion_4pos,Social Self-Esteem; Social Boldness; Sociability; Liveliness,4,310,500,True,True,0.54631819859232,0.6578857344642357,3.474132939431414,5.1830485021422685,0.999671465075576,0.9942822011202282,0.9997764294290704,0.12103708266535855,0.08982453351553053,0.17050824877627407,unresolved,not applicable,unresolved,0.730;0.727;0.662;0.546,0.827;0.872;0.788;0.658,4 positional facets (SSE paired with Expressiveness)
c4_n310_rep,11150,24,Agreeableness,Forgiveness; Gentleness; Flexibility; Patience,4,310,500,True,True,0.6137611973568925,0.7399089365241488,4.072293869632716,6.2148424295638565,0.9962312977139459,0.987816331171943,0.998816084913683,0.0986321718342565,0.06601567507120594,0.1501295694147661,unresolved,not applicable,unresolved,0.706;0.762;0.614;0.742,0.755;0.846;0.785;0.740,4 shared facets
c4_n310_rep,11150,24,Conscientiousness,Organization; Diligence; Perfectionism; Prudence,4,310,500,False,False,0.4571907248950299,0.599182396923535,2.6723452054809824,3.835623815050767,0.9781889389339019,0.9474310095175295,0.9907910837268742,0.15632271449283078,0.10459033670131195,0.22957036037061665,fail,not applicable,fail,0.492;0.664;0.457;0.779,0.743;0.730;0.599;0.678,4 shared facets
c4_n310_rep,11150,24,Openness,Aesthetic Appreciation; Inquisitiveness; Creativity; Unconventionality,4,310,500,False,False,0.2203860135926758,0.48709783988364735,1.9820772870125338,2.7387557895873536,0.9686014453085218,0.9236933542072969,0.9877345949130899,0.15670733897636113,0.10215695793793265,0.23797747187939813,fail,not applicable,fail,0.220;0.488;0.833;0.564,0.487;0.632;0.754;0.571,4 shared facets
c10_n310_rep,11150,25,Honesty-Humility,Sincerity; Fairness; Greed Avoidance; Modesty,4,310,500,False,False,0.5296697654482367,0.5565211484079214,2.9238962934356127,3.3156290974220988,0.9971890830652047,0.9868263561745984,0.9991276455380139,0.050718156555441374,0.03226995258260714,0.11015693845196467,unresolved,not applicable,fail,0.656;0.530;0.794;0.568,0.632;0.557;0.768;0.659,4 shared facets
c10_n310_rep,11150,25,Emotionality,Fearfulness; Anxiety; Dependence; Sentimentality,4,310,500,False,False,0.4669360740255899,0.53731469765033,2.3484374368682435,2.7331564178946106,0.9985935908525583,0.9893336617428563,0.9995285835586095,0.0418206902517442,0.026480990212662547,0.1099801461723055,unresolved,not applicable,fail,0.467;0.795;0.749;0.506,0.537;0.779;0.778;0.538,4 shared facets
c10_n310_rep,11150,25,Extraversion,Social Boldness; Sociability; Liveliness,3,310,500,True,True,0.7328402442692883,0.7146441523997545,5.217220717834832,4.8826801011344045,0.9992552149196527,0.9963217052313813,0.9999259189334455,0.03792973335610766,0.021712287006368385,0.07219509510051225,pass,not applicable,pass,0.778;0.876;0.733,0.792;0.814;0.715,3 shared facets (SSE excluded)
c10_n310_rep,11150,25,Extraversion_4pos,Social Self-Esteem; Social Boldness; Sociability; Liveliness,4,310,500,True,True,0.6658855434338161,0.6578857344642357,5.112514577521692,5.1830485021422685,0.9997077988743134,0.9983665583744767,0.9999167116115101,0.024185685414973058,0.017649509144066964,0.052653882120265325,pass,not applicable,pass,0.823;0.879;0.835;0.666,0.827;0.872;0.788;0.658,4 positional facets (SSE paired with Expressiveness)
c10_n310_rep,11150,25,Agreeableness,Forgiveness; Gentleness; Flexibility; Patience,4,310,500,True,True,0.681327142338398,0.7399089365241488,5.137382271672494,6.2148424295638565,0.9997591835640535,0.9971616706841354,0.9998978604099287,0.037903917184294304,0.022414076818030437,0.08013807041882116,pass,not applicable,pass,0.737;0.807;0.763;0.681,0.755;0.846;0.785;0.740,4 shared facets
c10_n310_rep,11150,25,Conscientiousness,Organization; Diligence; Perfectionism; Prudence,4,310,500,True,True,0.5821867272333975,0.599182396923535,3.779716747972052,3.835623815050767,0.9983799355490243,0.9916138991470534,0.9994460656643558,0.03925142884467029,0.02900780479855168,0.09398910174164288,pass,not applicable,pass,0.699;0.719;0.582;0.740,0.743;0.730;0.599;0.678,4 shared facets
c10_n310_rep,11150,25,Openness,Aesthetic Appreciation; Inquisitiveness; Creativity; Unconventionality,4,310,500,True,False,0.45283979575950295,0.48709783988364735,2.826856623739745,2.7387557895873536,0.9993556618699726,0.989577013679467,0.9994601062477142,0.023033717946982276,0.026437375741142907,0.09339690288197024,pass,not applicable,pass,0.453;0.644;0.783;0.572,0.487;0.632;0.754;0.571,4 shared facets
c4_n310_rep,11150,25,Honesty-Humility,Sincerity; Fairness; Greed Avoidance; Modesty,4,310,500,False,False,0.5657188832750725,0.5565211484079214,2.4999731149182427,3.3156290974220988,0.9946980679483641,0.9800076438627672,0.9990021998100366,0.08654576856238558,0.05565389211594014,0.14545485528673893,unresolved,not applicable,fail,0.642;0.566;0.617;0.577,0.632;0.557;0.768;0.659,4 shared facets
c4_n310_rep,11150,25,Emotionality,Fearfulness; Anxiety; Dependence; Sentimentality,4,310,500,False,False,0.37371320477127473,0.53731469765033,1.7669859593053279,2.7331564178946106,0.9780974774230353,0.9293629843389476,0.9958503626385058,0.1583238336849874,0.09626748413462836,0.2473532877827895,unresolved,not applicable,fail,0.440;0.849;0.535;0.374,0.537;0.779;0.778;0.538,4 shared facets
c4_n310_rep,11150,25,Extraversion,Social Boldness; Sociability; Liveliness,3,310,500,True,True,0.66215580771988,0.7146441523997545,4.126053291206763,4.8826801011344045,0.9996787008904634,0.995802697441812,0.9999268135008506,0.03395496290657583,0.018705331704020074,0.08585843773979837,pass,not applicable,pass,0.782;0.790;0.662,0.792;0.814;0.715,3 shared facets (SSE excluded)
c4_n310_rep,11150,25,Extraversion_4pos,Social Self-Esteem; Social Boldness; Sociability; Liveliness,4,310,500,True,True,0.6158988628607894,0.6578857344642357,4.120325234334425,5.1830485021422685,0.9983395055499474,0.9944466370121002,0.999492028145473,0.06803578085121892,0.044358790831797446,0.10449636569304285,unresolved,not applicable,unresolved,0.702;0.854;0.761;0.616,0.827;0.872;0.788;0.658,4 positional facets (SSE paired with Expressiveness)
c4_n310_rep,11150,25,Agreeableness,Forgiveness; Gentleness; Flexibility; Patience,4,310,500,True,True,0.5900179813042599,0.7399089365241488,3.1047468346559226,6.2148424295638565,0.9943248325959148,0.9820747404273498,0.9981772031389425,0.16295916970678573,0.12406498822611199,0.21584725889590417,fail,not applicable,fail,0.685;0.606;0.590;0.667,0.755;0.846;0.785;0.740,4 shared facets
c4_n310_rep,11150,25,Conscientiousness,Organization; Diligence; Perfectionism; Prudence,4,310,500,True,True,0.5002347340017069,0.599182396923535,3.060592484174627,3.835623815050767,0.9982807702682566,0.9869800713029417,0.9994592706507545,0.06769532006783677,0.037428476896209324,0.13401890166993793,unresolved,not applicable,unresolved,0.677;0.724;0.500;0.613,0.743;0.730;0.599;0.678,4 shared facets
c4_n310_rep,11150,25,Openness,Aesthetic Appreciation; Inquisitiveness; Creativity; Unconventionality,4,310,500,False,False,0.42854620268585125,0.48709783988364735,2.407526560330154,2.7387557895873536,0.997671585636551,0.9800370814085669,0.9989075463807229,0.07649797541137571,0.0543239769012354,0.14104699421247968,unresolved,not applicable,fail,0.429;0.521;0.667;0.571,0.487;0.632;0.754;0.571,4 shared facets
c10_n310_rep,11150,26,Honesty-Humility,Sincerity; Fairness; Greed Avoidance; Modesty,4,310,500,False,False,0.5269088717504529,0.5565211484079214,2.977075476690496,3.3156290974220988,0.9964619026160217,0.9881120681818923,0.9988543413709546,0.05550208781949203,0.03461964986723427,0.10443980221648234,unresolved,not applicable,fail,0.647;0.527;0.704;0.743,0.632;0.557;0.768;0.659,4 shared facets
c10_n310_rep,11150,26,Emotionality,Fearfulness; Anxiety; Dependence; Sentimentality,4,310,500,True,False,0.5304798335906173,0.53731469765033,2.983906675971223,2.7331564178946106,0.9993423399495263,0.9936674507789336,0.9997427269715286,0.032338818435978765,0.022631991605519545,0.08532653672004956,pass,not applicable,pass,0.586;0.821;0.778;0.530,0.537;0.779;0.778;0.538,4 shared facets
c10_n310_rep,11150,26,Extraversion,Social Boldness; Sociability; Liveliness,3,310,500,True,True,0.696561981418788,0.7146441523997545,4.783220350655982,4.8826801011344045,0.9996541851487855,0.9961938912857708,0.999938912851644,0.021970693850645352,0.015590348471130966,0.0699164183883966,pass,not applicable,pass,0.797;0.848;0.697,0.792;0.814;0.715,3 shared facets (SSE excluded)
c10_n310_rep,11150,26,Extraversion_4pos,Social Self-Esteem; Social Boldness; Sociability; Liveliness,4,310,500,True,True,0.6456281452256901,0.6578857344642357,5.040522444178934,5.1830485021422685,0.9998789727372799,0.9981932896877735,0.9999275664092386,0.013305864266180654,0.014649288303836362,0.05162754119965703,pass,not applicable,pass,0.824;0.893;0.798;0.646,0.827;0.872;0.788;0.658,4 positional facets (SSE paired with Expressiveness)
c10_n310_rep,11150,26,Agreeableness,Forgiveness; Gentleness; Flexibility; Patience,4,310,500,True,True,0.6518825682423226,0.7399089365241488,4.826668971758767,6.2148424295638565,0.998331912954294,0.9947500163622824,0.9995088117632392,0.05173177139141604,0.029300698944518613,0.08920004183029001,pass,not applicable,pass,0.652;0.849;0.778;0.732,0.755;0.846;0.785;0.740,4 shared facets
c10_n310_rep,11150,26,Conscientiousness,Organization; Diligence; Perfectionism; Prudence,4,310,500,True,True,0.5563122203052862,0.599182396923535,3.634985243615399,3.835623815050767,0.9976504936508988,0.9895384216725456,0.9993273826899265,0.04725551153868615,0.030921626449835,0.1024777137451212,unresolved,not applicable,unresolved,0.709;0.716;0.556;0.754,0.743;0.730;0.599;0.678,4 shared facets
c10_n310_rep,11150,26,Openness,Aesthetic Appreciation; Inquisitiveness; Creativity; Unconventionality,4,310,500,True,False,0.5309040084986256,0.48709783988364735,2.875820718363258,2.7387557895873536,0.9982622331321792,0.9880571885169885,0.9996225597829365,0.041895849042840744,0.0259200660564126,0.10359721046303573,unresolved,not applicable,unresolved,0.547;0.672;0.774;0.531,0.487;0.632;0.754;0.571,4 shared facets
c4_n310_rep,11150,26,Honesty-Humility,Sincerity; Fairness; Greed Avoidance; Modesty,4,310,500,False,False,0.5627076353418669,0.5565211484079214,2.841239718161083,3.3156290974220988,0.9846497662744181,0.9711882060251367,0.9918544266726486,0.11722829069829911,0.08838903993822313,0.16081936474852027,unresolved,not applicable,fail,0.717;0.563;0.592;0.789,0.632;0.557;0.768;0.659,4 shared facets
c4_n310_rep,11150,26,Emotionality,Fearfulness; Anxiety; Dependence; Sentimentality,4,310,500,False,False,0.3994634815535791,0.53731469765033,2.1122410715141333,2.7331564178946106,0.995312663871218,0.980001370644162,0.9983108325731366,0.07643665027286896,0.04885107624574868,0.1400227351133736,unresolved,not applicable,fail,0.490;0.736;0.789;0.399,0.537;0.779;0.778;0.538,4 shared facets
c4_n310_rep,11150,26,Extraversion,Social Boldness; Sociability; Liveliness,3,310,500,True,True,0.6265310679219305,0.7146441523997545,3.5308849217933767,4.8826801011344045,0.994857592476528,0.9842216281627378,0.9990696949560078,0.09615291793797821,0.05479141131196569,0.1525866718266275,unresolved,not applicable,unresolved,0.627;0.808;0.700,0.792;0.814;0.715,3 shared facets (SSE excluded)
c4_n310_rep,11150,26,Extraversion_4pos,Social Self-Esteem; Social Boldness; Sociability; Liveliness,4,310,500,True,True,0.6011746690826606,0.6578857344642357,3.4167141301896513,5.1830485021422685,0.999209529305045,0.9948566223494527,0.9998279941869214,0.0835901222608854,0.05809414755614119,0.12718078367302876,unresolved,not applicable,unresolved,0.716;0.766;0.754;0.601,0.827;0.872;0.788;0.658,4 positional facets (SSE paired with Expressiveness)
c4_n310_rep,11150,26,Agreeableness,Forgiveness; Gentleness; Flexibility; Patience,4,310,500,True,True,0.5291476982070756,0.7399089365241488,3.4269742994164583,6.2148424295638565,0.993758709458266,0.9822777168586871,0.9977859764404421,0.12440721503251444,0.0878695345839781,0.17579217065118738,unresolved,not applicable,unresolved,0.529;0.807;0.702;0.690,0.755;0.846;0.785;0.740,4 shared facets
c4_n310_rep,11150,26,Conscientiousness,Organization; Diligence; Perfectionism; Prudence,4,310,500,True,True,0.5381989742190918,0.599182396923535,3.236094693063549,3.835623815050767,0.9967774735681877,0.9867065054091522,0.9989293654929993,0.06719245885457012,0.04348971154500327,0.12128793452120787,unresolved,not applicable,unresolved,0.696;0.628;0.538;0.720,0.743;0.730;0.599;0.678,4 shared facets
c4_n310_rep,11150,26,Openness,Aesthetic Appreciation; Inquisitiveness; Creativity; Unconventionality,4,310,500,False,False,0.22665549338664207,0.48709783988364735,1.9818778337988436,2.7387557895873536,0.9708844937425044,0.9372922444918698,0.9875630027299018,0.14978249140388758,0.09911748399001387,0.21611651023358686,unresolved,not applicable,fail,0.227;0.588;0.852;0.468,0.487;0.632;0.754;0.571,4 shared facets
c10_n310_rep,11150,27,Honesty-Humility,Sincerity; Fairness; Greed Avoidance; Modesty,4,310,500,False,False,0.4774216272836758,0.5565211484079214,2.977894096170211,3.3156290974220988,0.9982969999723419,0.9882516747722427,0.9994835709095408,0.0404342813549263,0.028862247111675694,0.10795762502609114,unresolved,not applicable,fail,0.622;0.477;0.782;0.661,0.632;0.557;0.768;0.659,4 shared facets
c10_n310_rep,11150,27,Emotionality,Fearfulness; Anxiety; Dependence; Sentimentality,4,310,500,False,False,0.48875308357292974,0.53731469765033,2.6555048351827355,2.7331564178946106,0.9984748959139116,0.9901821320767031,0.9994578879240172,0.03747925923366597,0.0269582295299438,0.09865128982798343,pass,not applicable,fail,0.582;0.745;0.786;0.489,0.537;0.779;0.778;0.538,4 shared facets
c10_n310_rep,11150,27,Extraversion,Social Boldness; Sociability; Liveliness,3,310,500,True,True,0.6967190147462959,0.7146441523997545,4.659368993105194,4.8826801011344045,0.9998567337024571,0.9962326342174711,0.9999537065019937,0.013420203992809625,0.014407527351162878,0.07344671076189002,pass,not applicable,pass,0.786;0.828;0.697,0.792;0.814;0.715,3 shared facets (SSE excluded)
c10_n310_rep,11150,27,Extraversion_4pos,Social Self-Esteem; Social Boldness; Sociability; Liveliness,4,310,500,True,True,0.648174450774011,0.6578857344642357,5.062428648439889,5.1830485021422685,0.999954833984615,0.9983541176033127,0.9999261488151638,0.007615539545447969,0.012969948634523337,0.053658303635029415,pass,not applicable,pass,0.831;0.879;0.779;0.648,0.827;0.872;0.788;0.658,4 positional facets (SSE paired with Expressiveness)
c10_n310_rep,11150,27,Agreeableness,Forgiveness; Gentleness; Flexibility; Patience,4,310,500,True,True,0.7357558130931702,0.7399089365241488,6.464388449932151,6.2148424295638565,0.999948144928925,0.9983165890764617,0.999950730549119,0.008431476286660154,0.013236279633437669,0.050390798431464365,pass,not applicable,pass,0.748;0.858;0.794;0.736,0.755;0.846;0.785;0.740,4 shared facets
c10_n310_rep,11150,27,Conscientiousness,Organization; Diligence; Perfectionism; Prudence,4,310,500,True,True,0.6005779278036321,0.599182396923535,4.047196973715502,3.835623815050767,0.9990962573617126,0.9948900622346584,0.9997365744122143,0.040761027649489016,0.02879248434564502,0.08350353690654105,pass,not applicable,pass,0.820;0.727;0.601;0.705,0.743;0.730;0.599;0.678,4 shared facets
c10_n310_rep,11150,27,Openness,Aesthetic Appreciation; Inquisitiveness; Creativity; Unconventionality,4,310,500,True,False,0.5108330368390204,0.48709783988364735,2.974964345390751,2.7387557895873536,0.9995250364775152,0.9911218086645399,0.999609757309678,0.03751398382585092,0.03120521797881693,0.09447587961491107,pass,not applicable,pass,0.511;0.651;0.823;0.577,0.487;0.632;0.754;0.571,4 shared facets
c4_n310_rep,11150,27,Honesty-Humility,Sincerity; Fairness; Greed Avoidance; Modesty,4,310,500,False,False,0.3641516685247843,0.5565211484079214,2.2706287015142017,3.3156290974220988,0.9748796873607866,0.9435607652872218,0.9885470456820792,0.15183988172699522,0.10776680875745051,0.2197536468391456,fail,not applicable,fail,0.364;0.515;0.862;0.560,0.632;0.557;0.768;0.659,4 shared facets
c4_n310_rep,11150,27,Emotionality,Fearfulness; Anxiety; Dependence; Sentimentality,4,310,500,False,False,0.3177552245509279,0.53731469765033,1.7896955375780563,2.7331564178946106,0.9657877457313719,0.900287047439771,0.9935367007111184,0.19780261650554323,0.13103591011736787,0.29824331109137536,fail,not applicable,fail,0.563;0.771;0.450;0.318,0.537;0.779;0.778;0.538,4 shared facets
c4_n310_rep,11150,27,Extraversion,Social Boldness; Sociability; Liveliness,3,310,500,True,True,0.6062506018006601,0.7146441523997545,3.039171320949087,4.8826801011344045,0.9948590739900682,0.977629748664834,0.9991458833470738,0.14287876818407477,0.09893701383215404,0.21099687073685622,unresolved,not applicable,unresolved,0.662;0.606;0.684,0.792;0.814;0.715,3 shared facets (SSE excluded)
c4_n310_rep,11150,27,Extraversion_4pos,Social Self-Esteem; Social Boldness; Sociability; Liveliness,4,310,500,True,True,0.5562233475800306,0.6578857344642357,3.3025748780681994,5.1830485021422685,0.9952509341110172,0.9849800999722002,0.9983612158555789,0.14010416749843926,0.10655473622954206,0.19037714707152908,fail,not applicable,fail,0.708;0.781;0.556;0.610,0.827;0.872;0.788;0.658,4 positional facets (SSE paired with Expressiveness)
c4_n310_rep,11150,27,Agreeableness,Forgiveness; Gentleness; Flexibility; Patience,4,310,500,True,True,0.6758926218627342,0.7399089365241488,4.565969695007173,6.2148424295638565,0.9993684400395634,0.9952893255029516,0.9998139346822703,0.06266133196545906,0.034791232351471205,0.10772868375254646,unresolved,not applicable,unresolved,0.679;0.828;0.711;0.676,0.755;0.846;0.785;0.740,4 shared facets
c4_n310_rep,11150,27,Conscientiousness,Organization; Diligence; Perfectionism; Prudence,4,310,500,True,True,0.5268491857187139,0.599182396923535,3.110466723399225,3.835623815050767,0.9902019190693945,0.9767959873692611,0.9960289721011868,0.0969421654881932,0.0643897366643314,0.1504758730769995,unresolved,not applicable,unresolved,0.872;0.618;0.527;0.621,0.743;0.730;0.599;0.678,4 shared facets
c4_n310_rep,11150,27,Openness,Aesthetic Appreciation; Inquisitiveness; Creativity; Unconventionality,4,310,500,False,False,0.4881541201993286,0.48709783988364735,2.564308010018085,2.7387557895873536,0.9923891343633439,0.9706975965306357,0.9978021209891733,0.09437314429438243,0.06256476783987899,0.16490826794778354,unresolved,not applicable,fail,0.553;0.579;0.607;0.488,0.487;0.632;0.754;0.571,4 shared facets
c10_n310_rep,11150,28,Honesty-Humility,Sincerity; Fairness; Greed Avoidance; Modesty,4,310,500,True,True,0.6418265739392914,0.5565211484079214,3.862511429485541,3.3156290974220988,0.9968615861272604,0.9894630135677711,0.9992028649740254,0.06617037562277937,0.04086600824449267,0.11139145488135206,unresolved,not applicable,unresolved,0.719;0.655;0.766;0.642,0.632;0.557;0.768;0.659,4 shared facets
c10_n310_rep,11150,28,Emotionality,Fearfulness; Anxiety; Dependence; Sentimentality,4,310,500,True,False,0.49424620801603136,0.53731469765033,2.841970916587843,2.7331564178946106,0.9975138715481318,0.9885734053377042,0.9993533502898775,0.05085225458587722,0.0321277462765193,0.10488930949986255,unresolved,not applicable,unresolved,0.494;0.758;0.836;0.605,0.537;0.779;0.778;0.538,4 shared facets
c10_n310_rep,11150,28,Extraversion,Social Boldness; Sociability; Liveliness,3,310,500,True,True,0.7093987290548691,0.7146441523997545,4.69756737629271,4.8826801011344045,0.9992554582964713,0.9951630902361117,0.9999050974121354,0.030642886625810523,0.016615194047107117,0.07968057623094889,pass,not applicable,pass,0.820;0.770;0.709,0.792;0.814;0.715,3 shared facets (SSE excluded)
c10_n310_rep,11150,28,Extraversion_4pos,Social Self-Esteem; Social Boldness; Sociability; Liveliness,4,310,500,True,True,0.6465602400617103,0.6578857344642357,4.947755480968349,5.1830485021422685,0.9995760953505081,0.9977087573005415,0.9998359558770588,0.024991544988608144,0.017558031621048274,0.060386054616569235,pass,not applicable,pass,0.803;0.897;0.753;0.647,0.827;0.872;0.788;0.658,4 positional facets (SSE paired with Expressiveness)
c10_n310_rep,11150,28,Agreeableness,Forgiveness; Gentleness; Flexibility; Patience,4,310,500,True,True,0.6761226217593803,0.7399089365241488,5.564564759768077,6.2148424295638565,0.9988864358192222,0.995540723038137,0.9997305132385608,0.03713437236600619,0.022837952855286028,0.07658148788515322,pass,not applicable,pass,0.782;0.870;0.772;0.676,0.755;0.846;0.785;0.740,4 shared facets
c10_n310_rep,11150,28,Conscientiousness,Organization; Diligence; Perfectionism; Prudence,4,310,500,True,True,0.5142856110774153,0.599182396923535,3.3546234879480923,3.835623815050767,0.9941825888928073,0.9848618929834735,0.9978940770464577,0.07455875245767604,0.04918915596827148,0.12243995928605743,unresolved,not applicable,unresolved,0.737;0.659;0.514;0.778,0.743;0.730;0.599;0.678,4 shared facets
c10_n310_rep,11150,28,Openness,Aesthetic Appreciation; Inquisitiveness; Creativity; Unconventionality,4,310,500,False,False,0.40909092822169824,0.48709783988364735,2.3785014051630613,2.7387557895873536,0.9931822077619331,0.9695573317155666,0.998476717236603,0.07238123141381417,0.037397010229283545,0.15447050976273163,unresolved,not applicable,fail,0.409;0.598;0.844;0.495,0.487;0.632;0.754;0.571,4 shared facets
c4_n310_rep,11150,28,Honesty-Humility,Sincerity; Fairness; Greed Avoidance; Modesty,4,310,500,False,False,0.31764741408278974,0.5565211484079214,2.403296736583827,3.3156290974220988,0.9410535953636315,0.9018181941447011,0.9639395288828315,0.2240493209474084,0.17771112049624632,0.2881500064684829,fail,not applicable,fail,0.862;0.655;0.621;0.318,0.632;0.557;0.768;0.659,4 shared facets
c4_n310_rep,11150,28,Emotionality,Fearfulness; Anxiety; Dependence; Sentimentality,4,310,500,False,False,0.34589619912105385,0.53731469765033,2.152580135218435,2.7331564178946106,0.9874851214263609,0.9610387338835482,0.995973537522426,0.1190447931932103,0.07539900200110836,0.1909274708187654,unresolved,not applicable,fail,0.346;0.663;0.827;0.473,0.537;0.779;0.778;0.538,4 shared facets
c4_n310_rep,11150,28,Extraversion,Social Boldness; Sociability; Liveliness,3,310,500,True,True,0.5951680807381519,0.7146441523997545,3.288501686033424,4.8826801011344045,0.9990281214947186,0.991268239761987,0.9998316586793464,0.08669990663094239,0.056589744107374926,0.14194283828223256,unresolved,not applicable,unresolved,0.733;0.746;0.595,0.792;0.814;0.715,3 shared facets (SSE excluded)
c4_n310_rep,11150,28,Extraversion_4pos,Social Self-Esteem; Social Boldness; Sociability; Liveliness,4,310,500,True,True,0.5556846701275213,0.6578857344642357,4.180168297314354,5.1830485021422685,0.9955587624649295,0.9894292272963268,0.9979527455839161,0.08136412864231837,0.054985669475563735,0.12293354070877575,unresolved,not applicable,unresolved,0.901;0.801;0.714;0.556,0.827;0.872;0.788;0.658,4 positional facets (SSE paired with Expressiveness)
c4_n310_rep,11150,28,Agreeableness,Forgiveness; Gentleness; Flexibility; Patience,4,310,500,True,True,0.5551155164068957,0.7399089365241488,3.5373569223389167,6.2148424295638565,0.9911485477868175,0.9791118369365591,0.9969675052437813,0.1371922001222345,0.10235455967162763,0.18850945163479726,fail,not applicable,fail,0.609;0.839;0.555;0.707,0.755;0.846;0.785;0.740,4 shared facets
c4_n310_rep,11150,28,Conscientiousness,Organization; Diligence; Perfectionism; Prudence,4,310,500,False,False,0.5266616162193838,0.599182396923535,2.902109185895027,3.835623815050767,0.9990666586749456,0.9902901227086127,0.9994446874950634,0.06212137719680548,0.043222922441158426,0.1157562583280702,unresolved,not applicable,fail,0.671;0.660;0.527;0.669,0.743;0.730;0.599;0.678,4 shared facets
c4_n310_rep,11150,28,Openness,Aesthetic Appreciation; Inquisitiveness; Creativity; Unconventionality,4,310,500,False,False,0.4436627417461428,0.48709783988364735,2.1292900038501625,2.7387557895873536,0.9942546360754061,0.9639120110703905,0.9977769459684755,0.10666115448982598,0.07805662050350258,0.18323123280295125,unresolved,not applicable,fail,0.451;0.444;0.691;0.502,0.487;0.632;0.754;0.571,4 shared facets
c10_n310_rep,11150,29,Honesty-Humility,Sincerity; Fairness; Greed Avoidance; Modesty,4,310,500,True,True,0.6003781682979689,0.5565211484079214,3.3097343850648104,3.3156290974220988,0.9985902377963675,0.991812582981935,0.999518787523813,0.03779284940306931,0.025019588615525837,0.08885737326001612,pass,not applicable,pass,0.674;0.600;0.782;0.616,0.632;0.557;0.768;0.659,4 shared facets
c10_n310_rep,11150,29,Emotionality,Fearfulness; Anxiety; Dependence; Sentimentality,4,310,500,False,False,0.4945259812948458,0.53731469765033,2.484340879682131,2.7331564178946106,0.9982583139135847,0.988563230080179,0.9992618604918155,0.04400685177519803,0.02993237690275414,0.10739183394127243,unresolved,not applicable,fail,0.518;0.713;0.812;0.495,0.537;0.779;0.778;0.538,4 shared facets
c10_n310_rep,11150,29,Extraversion,Social Boldness; Sociability; Liveliness,3,310,500,True,True,0.737035702909972,0.7146441523997545,5.294985087463656,4.8826801011344045,0.9999538094993894,0.9973946897569671,0.9999468514645858,0.014548898940557158,0.01436524223353905,0.0640184020735875,pass,not applicable,pass,0.802;0.821;0.737,0.792;0.814;0.715,3 shared facets (SSE excluded)
c10_n310_rep,11150,29,Extraversion_4pos,Social Self-Esteem; Social Boldness; Sociability; Liveliness,4,310,500,True,True,0.671289770194357,0.6578857344642357,5.346224561538975,5.1830485021422685,0.9999758524745759,0.998535353328962,0.9999367846803109,0.011064110701310623,0.0120577631157127,0.04737049044275225,pass,not applicable,pass,0.828;0.883;0.802;0.671,0.827;0.872;0.788;0.658,4 positional facets (SSE paired with Expressiveness)
c10_n310_rep,11150,29,Agreeableness,Forgiveness; Gentleness; Flexibility; Patience,4,310,500,True,True,0.7872144860803917,0.7399089365241488,7.254466075445999,6.2148424295638565,0.9992855419764571,0.9972195351795462,0.999735917109789,0.03543947426830586,0.024861513786328365,0.06724575413521208,pass,not applicable,pass,0.787;0.818;0.810;0.791,0.755;0.846;0.785;0.740,4 shared facets
c10_n310_rep,11150,29,Conscientiousness,Organization; Diligence; Perfectionism; Prudence,4,310,500,True,True,0.5123211255808777,0.599182396923535,3.3672358931281674,3.835623815050767,0.9972456046680482,0.9898258804402307,0.9993026501563153,0.05136809085005112,0.03264675125466448,0.10058280819720156,unresolved,not applicable,unresolved,0.796;0.742;0.512;0.687,0.743;0.730;0.599;0.678,4 shared facets
c10_n310_rep,11150,29,Openness,Aesthetic Appreciation; Inquisitiveness; Creativity; Unconventionality,4,310,500,False,False,0.48047090694760397,0.48709783988364735,2.6536499519723353,2.7387557895873536,0.9941608123755035,0.9814399985593885,0.9985271954619159,0.07900901542111675,0.057888432030588174,0.12911527178834248,unresolved,not applicable,fail,0.480;0.613;0.909;0.544,0.487;0.632;0.754;0.571,4 shared facets
c4_n310_rep,11150,29,Honesty-Humility,Sincerity; Fairness; Greed Avoidance; Modesty,4,310,500,False,False,0.4173995474246588,0.5565211484079214,2.4354158902627696,3.3156290974220988,0.9902492112664218,0.9665973670847391,0.9974682030969899,0.11484444513943724,0.07666000942294983,0.18418810058667506,unresolved,not applicable,fail,0.584;0.417;0.782;0.483,0.632;0.557;0.768;0.659,4 shared facets
c4_n310_rep,11150,29,Emotionality,Fearfulness; Anxiety; Dependence; Sentimentality,4,310,500,False,False,0.4637766874523688,0.53731469765033,2.3433469641815337,2.7331564178946106,0.9980483972869396,0.9850253937592371,0.9993815213838961,0.06772902266849642,0.04434053303142339,0.13066895356887778,unresolved,not applicable,fail,0.464;0.767;0.669;0.509,0.537;0.779;0.778;0.538,4 shared facets
c4_n310_rep,11150,29,Extraversion,Social Boldness; Sociability; Liveliness,3,310,500,False,False,0.443660103379092,0.7146441523997545,2.6394318170798403,4.8826801011344045,0.9728723312168628,0.9458551815490646,0.9886784092416363,0.18351778403687388,0.12602342179275988,0.25268519962711944,fail,not applicable,fail,0.917;0.704;0.444,0.792;0.814;0.715,3 shared facets (SSE excluded)
c4_n310_rep,11150,29,Extraversion_4pos,Social Self-Esteem; Social Boldness; Sociability; Liveliness,4,310,500,True,True,0.4458125933085696,0.6578857344642357,3.1463608248475534,5.1830485021422685,0.9829289661795346,0.968984366044181,0.9910258855584241,0.16518523333105092,0.12732372224333355,0.21405561613152957,fail,not applicable,fail,0.623;0.959;0.666;0.446,0.827;0.872;0.788;0.658,4 positional facets (SSE paired with Expressiveness)
c4_n310_rep,11150,29,Agreeableness,Forgiveness; Gentleness; Flexibility; Patience,4,310,500,True,True,0.5939302697535436,0.7399089365241488,3.670187180912137,6.2148424295638565,0.9948160360060272,0.9868914474365454,0.998218518955505,0.112180401692119,0.07872071247660781,0.15731414009299358,unresolved,not applicable,unresolved,0.698;0.745;0.594;0.750,0.755;0.846;0.785;0.740,4 shared facets
c4_n310_rep,11150,29,Conscientiousness,Organization; Diligence; Perfectionism; Prudence,4,310,500,False,False,0.4333660885872585,0.599182396923535,2.757955563120067,3.835623815050767,0.9925118320175961,0.9764213671680361,0.9972877039491996,0.0918146811987642,0.0598376846496244,0.15485488088339358,unresolved,not applicable,fail,0.782;0.711;0.433;0.612,0.743;0.730;0.599;0.678,4 shared facets
c4_n310_rep,11150,29,Openness,Aesthetic Appreciation; Inquisitiveness; Creativity; Unconventionality,4,310,500,False,False,0.45647283614588485,0.48709783988364735,2.30433428211314,2.7387557895873536,0.9961872352144869,0.977903229861986,0.9988787465736058,0.06089628605940897,0.03914415976778501,0.13913668711402957,unresolved,not applicable,fail,0.456;0.546;0.792;0.500,0.487;0.632;0.754;0.571,4 shared facets
c10_n310_rep,11150,30,Honesty-Humility,Sincerity; Fairness; Greed Avoidance; Modesty,4,310,500,True,True,0.5689482116280331,0.5565211484079214,3.46853916438277,3.3156290974220988,0.9998049984682205,0.9934882214729879,0.9996732281642382,0.013098130643326565,0.022492516032922582,0.08194551374330303,pass,not applicable,pass,0.619;0.569;0.761;0.676,0.632;0.557;0.768;0.659,4 shared facets
c10_n310_rep,11150,30,Emotionality,Fearfulness; Anxiety; Dependence; Sentimentality,4,310,500,True,True,0.5259586500803353,0.53731469765033,3.041613508028122,2.7331564178946106,0.9982959578204318,0.9921994656528724,0.999594600168915,0.04976223912097532,0.032221152647054024,0.0933088897211259,pass,not applicable,pass,0.630;0.811;0.788;0.526,0.537;0.779;0.778;0.538,4 shared facets
c10_n310_rep,11150,30,Extraversion,Social Boldness; Sociability; Liveliness,3,310,500,True,True,0.7510066239176829,0.7146441523997545,5.011972077121864,4.8826801011344045,0.9988836027620706,0.9948024867983446,0.999797684747362,0.03941056263524037,0.023849235758902257,0.0836992649519722,pass,not applicable,pass,0.763;0.765;0.751,0.792;0.814;0.715,3 shared facets (SSE excluded)
c10_n310_rep,11150,30,Extraversion_4pos,Social Self-Esteem; Social Boldness; Sociability; Liveliness,4,310,500,True,True,0.6643440746640512,0.6578857344642357,5.081322130508348,5.1830485021422685,0.9997814527798229,0.997837628008398,0.9998887588686891,0.018893915061799625,0.01688265617338018,0.05931563443094874,pass,not applicable,pass,0.836;0.848;0.761;0.664,0.827;0.872;0.788;0.658,4 positional facets (SSE paired with Expressiveness)
c10_n310_rep,11150,30,Agreeableness,Forgiveness; Gentleness; Flexibility; Patience,4,310,500,True,True,0.7009923054059931,0.7399089365241488,5.8000998932715655,6.2148424295638565,0.9997500167637844,0.9975995302811244,0.9998914999774353,0.0200501110274636,0.016015572625693322,0.06163440250097108,pass,not applicable,pass,0.761;0.841;0.781;0.701,0.755;0.846;0.785;0.740,4 shared facets
c10_n310_rep,11150,30,Conscientiousness,Organization; Diligence; Perfectionism; Prudence,4,310,500,True,True,0.5971875448505005,0.599182396923535,3.9429329084895866,3.835623815050767,0.9996141727218905,0.995053373286412,0.9997826402058988,0.01938259353239068,0.021729893605095477,0.07590244087125303,pass,not applicable,pass,0.722;0.731;0.597;0.710,0.743;0.730;0.599;0.678,4 shared facets
c10_n310_rep,11150,30,Openness,Aesthetic Appreciation; Inquisitiveness; Creativity; Unconventionality,4,310,500,True,False,0.43088652552776197,0.48709783988364735,2.7838467507606275,2.7387557895873536,0.997175206607165,0.9845572732844324,0.9991889231406477,0.05882907536730057,0.042906794041072116,0.11649302639351951,unresolved,not applicable,unresolved,0.431;0.690;0.790;0.649,0.487;0.632;0.754;0.571,4 shared facets
c4_n310_rep,11150,30,Honesty-Humility,Sincerity; Fairness; Greed Avoidance; Modesty,4,310,500,False,False,0.46267373348424146,0.5565211484079214,2.915982527914952,3.3156290974220988,0.9907571124142213,0.9738143723283703,0.9970063928121506,0.0906623487691959,0.05570658954709393,0.15118966809322215,unresolved,not applicable,fail,0.463;0.614;0.753;0.681,0.632;0.557;0.768;0.659,4 shared facets
c4_n310_rep,11150,30,Emotionality,Fearfulness; Anxiety; Dependence; Sentimentality,4,310,500,True,False,0.466469042139604,0.53731469765033,2.7972559833393804,2.7331564178946106,0.9894953295775964,0.9734074936331731,0.9955661284433641,0.09682070759661882,0.06596361210550136,0.1532025776206815,unresolved,not applicable,unresolved,0.665;0.826;0.660;0.466,0.537;0.779;0.778;0.538,4 shared facets
c4_n310_rep,11150,30,Extraversion,Social Boldness; Sociability; Liveliness,3,310,500,True,True,0.6733174151085628,0.7146441523997545,3.7262014560803913,4.8826801011344045,0.9985752783067571,0.9904265755707266,0.9998235317815645,0.0784774427033341,0.044052844659700385,0.13630263918015423,unresolved,not applicable,unresolved,0.755;0.690;0.673,0.792;0.814;0.715,3 shared facets (SSE excluded)
c4_n310_rep,11150,30,Extraversion_4pos,Social Self-Esteem; Social Boldness; Sociability; Liveliness,4,310,500,True,True,0.5647974826255885,0.6578857344642357,3.5714822707239455,5.1830485021422685,0.9994304424860136,0.9946073901776471,0.9997720887329874,0.07795997929474772,0.05509083854349043,0.12080914957590325,unresolved,not applicable,unresolved,0.735;0.797;0.747;0.565,0.827;0.872;0.788;0.658,4 positional facets (SSE paired with Expressiveness)
c4_n310_rep,11150,30,Agreeableness,Forgiveness; Gentleness; Flexibility; Patience,4,310,500,True,True,0.5869523414428279,0.7399089365241488,3.8299129800940768,6.2148424295638565,0.9960176928977222,0.9890502266572787,0.998459103180548,0.11457066534583818,0.08206186459541348,0.15894913737955177,unresolved,not applicable,unresolved,0.705;0.751;0.587;0.702,0.755;0.846;0.785;0.740,4 shared facets
c4_n310_rep,11150,30,Conscientiousness,Organization; Diligence; Perfectionism; Prudence,4,310,500,False,False,0.44855279975992435,0.599182396923535,2.5769087437504656,3.835623815050767,0.9967252772607818,0.9834119961130355,0.9989639797802146,0.09660060855274828,0.06360397275464671,0.15735973850343263,unresolved,not applicable,fail,0.645;0.698;0.449;0.614,0.743;0.730;0.599;0.678,4 shared facets
c4_n310_rep,11150,30,Openness,Aesthetic Appreciation; Inquisitiveness; Creativity; Unconventionality,4,310,500,False,False,0.3654840419734585,0.48709783988364735,2.2988867030823066,2.7387557895873536,0.9925159765773542,0.9746029663711843,0.9975428680089882,0.07998101009800655,0.05179567356250159,0.14171277209890723,unresolved,not applicable,fail,0.365;0.667;0.662;0.604,0.487;0.632;0.754;0.571,4 shared facets
c10_n310_rep,11150,31,Honesty-Humility,Sincerity; Fairness; Greed Avoidance; Modesty,4,310,500,False,False,0.5834299629225674,0.5565211484079214,2.991844693103971,3.3156290974220988,0.9946225992285952,0.9825402004874287,0.9980559223096591,0.06992684298723108,0.04681879238093531,0.12487279787162188,unresolved,not applicable,fail,0.700;0.588;0.678;0.583,0.632;0.557;0.768;0.659,4 shared facets
c10_n310_rep,11150,31,Emotionality,Fearfulness; Anxiety; Dependence; Sentimentality,4,310,500,False,False,0.4839689264011811,0.53731469765033,2.5485143845652956,2.7331564178946106,0.9990233881359563,0.9919226178497006,0.9996437395780271,0.0295582648776262,0.024731039663052467,0.08606980693461969,pass,not applicable,fail,0.537;0.789;0.801;0.484,0.537;0.779;0.778;0.538,4 shared facets
c10_n310_rep,11150,31,Extraversion,Social Boldness; Sociability; Liveliness,3,310,500,True,True,0.7425686667626745,0.7146441523997545,5.051065681583152,4.8826801011344045,0.9976757185361972,0.9922112685312657,0.9995968897720312,0.05296875264884451,0.031028984656006505,0.09765068111742718,pass,not applicable,pass,0.827;0.743;0.760,0.792;0.814;0.715,3 shared facets (SSE excluded)
c10_n310_rep,11150,31,Extraversion_4pos,Social Self-Esteem; Social Boldness; Sociability; Liveliness,4,310,500,True,True,0.6851146254228864,0.6578857344642357,5.372181006908059,5.1830485021422685,0.9994920888588404,0.9972827888346876,0.9998662600348645,0.025366384354487067,0.017606117015303235,0.06238950549403373,pass,not applicable,pass,0.807;0.888;0.754;0.685,0.827;0.872;0.788;0.658,4 positional facets (SSE paired with Expressiveness)
c10_n310_rep,11150,31,Agreeableness,Forgiveness; Gentleness; Flexibility; Patience,4,310,500,True,True,0.7293773956828293,0.7399089365241488,5.687885087147424,6.2148424295638565,0.9997611860051697,0.9977587709495436,0.9998888515444865,0.022974491622515376,0.017729282082504464,0.06332012062587897,pass,not applicable,pass,0.729;0.814;0.770;0.753,0.755;0.846;0.785;0.740,4 shared facets
c10_n310_rep,11150,31,Conscientiousness,Organization; Diligence; Perfectionism; Prudence,4,310,500,True,True,0.6170251533193095,0.599182396923535,4.105617766642207,3.835623815050767,0.9994285765897103,0.994439325300949,0.9997089467396756,0.027036660016721784,0.025936204777544724,0.0780338534536353,pass,not applicable,pass,0.721;0.774;0.617;0.690,0.743;0.730;0.599;0.678,4 shared facets
c10_n310_rep,11150,31,Openness,Aesthetic Appreciation; Inquisitiveness; Creativity; Unconventionality,4,310,500,True,False,0.5452153787260215,0.48709783988364735,2.9113801556611767,2.7387557895873536,0.9984892501210338,0.9839508552112388,0.999289641129012,0.034550737202101396,0.03053777053344749,0.11473932274848928,unresolved,not applicable,unresolved,0.545;0.646;0.720;0.570,0.487;0.632;0.754;0.571,4 shared facets
c4_n310_rep,11150,31,Honesty-Humility,Sincerity; Fairness; Greed Avoidance; Modesty,4,310,500,False,False,0.4988721265570052,0.5565211484079214,2.432681634091939,3.3156290974220988,0.9719741558453395,0.934110375904271,0.9878219586196347,0.163819451446253,0.1190558876440409,0.23927574409452054,fail,not applicable,fail,0.752;0.550;0.509;0.499,0.632;0.557;0.768;0.659,4 shared facets
c4_n310_rep,11150,31,Emotionality,Fearfulness; Anxiety; Dependence; Sentimentality,4,310,500,False,False,0.4070451955038391,0.53731469765033,2.2307123904444524,2.7331564178946106,0.9957942781623548,0.9802336743944208,0.998915591419973,0.07831201739932045,0.045912030707589764,0.1433969164050562,unresolved,not applicable,fail,0.407;0.706;0.739;0.562,0.537;0.779;0.778;0.538,4 shared facets
c4_n310_rep,11150,31,Extraversion,Social Boldness; Sociability; Liveliness,3,310,500,True,True,0.5939147800803729,0.7146441523997545,3.2878470153472543,4.8826801011344045,0.9968077939050469,0.9835822731913364,0.9996914917732954,0.09462546527818999,0.05365116131482182,0.1641966861292947,unresolved,not applicable,unresolved,0.791;0.704;0.594,0.792;0.814;0.715,3 shared facets (SSE excluded)
c4_n310_rep,11150,31,Extraversion_4pos,Social Self-Esteem; Social Boldness; Sociability; Liveliness,4,310,500,True,True,0.5465758881883073,0.6578857344642357,3.826367589858487,5.1830485021422685,0.9961730498755135,0.9885059738092015,0.9987374951982458,0.0927191478682661,0.05951609486026243,0.143697882140993,unresolved,not applicable,unresolved,0.767;0.889;0.653;0.547,0.827;0.872;0.788;0.658,4 positional facets (SSE paired with Expressiveness)
c4_n310_rep,11150,31,Agreeableness,Forgiveness; Gentleness; Flexibility; Patience,4,310,500,True,True,0.6505755079569497,0.7399089365241488,4.239618425210136,6.2148424295638565,0.9970652637609322,0.9911551539325866,0.9991469857740783,0.09638744630708186,0.06589884548558521,0.13771727809478038,unresolved,not applicable,unresolved,0.771;0.725;0.667;0.651,0.755;0.846;0.785;0.740,4 shared facets
c4_n310_rep,11150,31,Conscientiousness,Organization; Diligence; Perfectionism; Prudence,4,310,500,False,False,0.5433583206873052,0.599182396923535,2.7942122275770136,3.835623815050767,0.9962705465712023,0.9863738669657007,0.9988816064833955,0.06995738396746617,0.04332170159948708,0.12604334068020748,unresolved,not applicable,fail,0.676;0.777;0.543;0.579,0.743;0.730;0.599;0.678,4 shared facets
c4_n310_rep,11150,31,Openness,Aesthetic Appreciation; Inquisitiveness; Creativity; Unconventionality,4,310,500,False,False,0.448602728093947,0.48709783988364735,2.421996615478528,2.7387557895873536,0.97977014458069,0.950398457120803,0.9920276455249134,0.12672571826362994,0.08620142004633799,0.1946470804870707,unresolved,not applicable,fail,0.640;0.616;0.594;0.449,0.487;0.632;0.754;0.571,4 shared facets
c10_n310_rep,11150,32,Honesty-Humility,Sincerity; Fairness; Greed Avoidance; Modesty,4,310,500,False,False,0.4563223969112627,0.5565211484079214,2.6726986874557084,3.3156290974220988,0.992280825802573,0.9733128197677757,0.9983984791301832,0.08452072069185548,0.04379025482224157,0.1546384534695556,unresolved,not applicable,fail,0.550;0.456;0.855;0.594,0.632;0.557;0.768;0.659,4 shared facets
c10_n310_rep,11150,32,Emotionality,Fearfulness; Anxiety; Dependence; Sentimentality,4,310,500,True,False,0.5403708077947541,0.53731469765033,2.9609890063827207,2.7331564178946106,0.9997997181115555,0.9937592205755197,0.9998128550147529,0.013890122988726026,0.019730720907024782,0.08080771687608827,pass,not applicable,pass,0.554;0.763;0.793;0.540,0.537;0.779;0.778;0.538,4 shared facets
c10_n310_rep,11150,32,Extraversion,Social Boldness; Sociability; Liveliness,3,310,500,True,True,0.6832150692424483,0.7146441523997545,4.430502710981133,4.8826801011344045,0.9989201311933371,0.9924738838415303,0.9998990140074798,0.03740954629253199,0.016916086005998948,0.09862290406889457,pass,not applicable,pass,0.830;0.772;0.683,0.792;0.814;0.715,3 shared facets (SSE excluded)
c10_n310_rep,11150,32,Extraversion_4pos,Social Self-Esteem; Social Boldness; Sociability; Liveliness,4,310,500,True,True,0.6526291343225314,0.6578857344642357,5.343609157508974,5.1830485021422685,0.999866568006451,0.9983085931327291,0.9999214442583577,0.014055211316750088,0.013985771294178082,0.05351842398589637,pass,not applicable,pass,0.836;0.869;0.762;0.653,0.827;0.872;0.788;0.658,4 positional facets (SSE paired with Expressiveness)
c10_n310_rep,11150,32,Agreeableness,Forgiveness; Gentleness; Flexibility; Patience,4,310,500,True,True,0.7026970597324886,0.7399089365241488,5.432806853451982,6.2148424295638565,0.9998708628015319,0.9972983675134118,0.9998621847716892,0.03256010462583571,0.02089359295527923,0.07901013889283161,pass,not applicable,pass,0.747;0.809;0.748;0.703,0.755;0.846;0.785;0.740,4 shared facets
c10_n310_rep,11150,32,Conscientiousness,Organization; Diligence; Perfectionism; Prudence,4,310,500,True,True,0.5703726324792338,0.599182396923535,3.692514906729077,3.835623815050767,0.9991406926093626,0.9927779347427037,0.9996408264964979,0.028618134811556874,0.022151282295079164,0.08601613012814217,pass,not applicable,pass,0.734;0.711;0.570;0.723,0.743;0.730;0.599;0.678,4 shared facets
c10_n310_rep,11150,32,Openness,Aesthetic Appreciation; Inquisitiveness; Creativity; Unconventionality,4,310,500,False,False,0.47918095588226656,0.48709783988364735,2.578870547437424,2.7387557895873536,0.9940118897038374,0.9829462401017836,0.9978063332403959,0.07420591516334721,0.05191201912773078,0.12037760515547685,unresolved,not applicable,fail,0.483;0.729;0.821;0.479,0.487;0.632;0.754;0.571,4 shared facets
c4_n310_rep,11150,32,Honesty-Humility,Sincerity; Fairness; Greed Avoidance; Modesty,4,310,500,False,False,0.4080493519952484,0.5565211484079214,2.238053483583418,3.3156290974220988,0.9900451475183835,0.9711974879889607,0.9963015081248775,0.1084827674144973,0.07459813682389045,0.17044167742987945,unresolved,not applicable,fail,0.684;0.408;0.719;0.518,0.632;0.557;0.768;0.659,4 shared facets
c4_n310_rep,11150,32,Emotionality,Fearfulness; Anxiety; Dependence; Sentimentality,4,310,500,False,False,0.4115568222198582,0.53731469765033,2.4346958800280416,2.7331564178946106,0.9934330409433972,0.9764210124667011,0.997767490735177,0.0971685409061083,0.0650874157385032,0.15868411473878152,unresolved,not applicable,fail,0.412;0.632;0.766;0.554,0.537;0.779;0.778;0.538,4 shared facets
c4_n310_rep,11150,32,Extraversion,Social Boldness; Sociability; Liveliness,3,310,500,True,True,0.7070925840774352,0.7146441523997545,4.093002236169033,4.8826801011344045,0.9988049543116521,0.992364541947056,0.9998245212713193,0.06828611172375883,0.04286598416829922,0.11832235605586172,unresolved,not applicable,unresolved,0.731;0.714;0.707,0.792;0.814;0.715,3 shared facets (SSE excluded)
c4_n310_rep,11150,32,Extraversion_4pos,Social Self-Esteem; Social Boldness; Sociability; Liveliness,4,310,500,True,True,0.6707132112332349,0.6578857344642357,4.6786229063856934,5.1830485021422685,0.9978204320563464,0.9934736868691623,0.9992756739654864,0.08488727169099337,0.0632142293148357,0.1210424548833886,unresolved,not applicable,unresolved,0.733;0.739;0.741;0.671,0.827;0.872;0.788;0.658,4 positional facets (SSE paired with Expressiveness)
c4_n310_rep,11150,32,Agreeableness,Forgiveness; Gentleness; Flexibility; Patience,4,310,500,False,False,0.5276545199100808,0.7399089365241488,2.5801213575331317,6.2148424295638565,0.9887390320914563,0.9692343296552673,0.9950046671252742,0.19174191812160798,0.15533643217385423,0.25570696081603567,fail,not applicable,fail,0.704;0.578;0.528;0.663,0.755;0.846;0.785;0.740,4 shared facets
c4_n310_rep,11150,32,Conscientiousness,Organization; Diligence; Perfectionism; Prudence,4,310,500,False,False,0.45538600546847247,0.599182396923535,2.1575496828221463,3.835623815050767,0.9958317849496364,0.9740582684884606,0.9986269612423637,0.164732158824143,0.12896019433899414,0.23466525902868762,fail,not applicable,fail,0.566;0.636;0.455;0.459,0.743;0.730;0.599;0.678,4 shared facets
c4_n310_rep,11150,32,Openness,Aesthetic Appreciation; Inquisitiveness; Creativity; Unconventionality,4,310,500,False,False,0.3134979890968385,0.48709783988364735,2.003789747557754,2.7387557895873536,0.956822426760562,0.9108653284627536,0.9811139782715713,0.18009130242555893,0.12522593186528183,0.25934318127920875,fail,not applicable,fail,0.468;0.828;0.597;0.313,0.487;0.632;0.754;0.571,4 shared facets
c10_n310_rep,11150,33,Honesty-Humility,Sincerity; Fairness; Greed Avoidance; Modesty,4,310,500,True,True,0.6148624624660453,0.5565211484079214,4.2316211771458905,3.3156290974220988,0.9984125199300047,0.9940149559351142,0.9993578578710199,0.07524901234410172,0.05239618520811299,0.11497246871510419,unresolved,not applicable,unresolved,0.761;0.615;0.808;0.694,0.632;0.557;0.768;0.659,4 shared facets
c10_n310_rep,11150,33,Emotionality,Fearfulness; Anxiety; Dependence; Sentimentality,4,310,500,False,False,0.4658328833549143,0.53731469765033,2.456863078000152,2.7331564178946106,0.9988117951290395,0.9887382703535835,0.9994089619793334,0.046621955820959834,0.0316846360315641,0.10977793271773346,unresolved,not applicable,fail,0.466;0.727;0.780;0.508,0.537;0.779;0.778;0.538,4 shared facets
c10_n310_rep,11150,33,Extraversion,Social Boldness; Sociability; Liveliness,3,310,500,True,True,0.7464052148462607,0.7146441523997545,5.218408476664458,4.8826801011344045,0.9995220277514354,0.996232105793609,0.9999249989773661,0.023974438595557267,0.015241284919379889,0.07243100551446578,pass,not applicable,pass,0.792;0.788;0.746,0.792;0.814;0.715,3 shared facets (SSE excluded)
c10_n310_rep,11150,33,Extraversion_4pos,Social Self-Esteem; Social Boldness; Sociability; Liveliness,4,310,500,True,True,0.6950514156528385,0.6578857344642357,5.280184232187403,5.1830485021422685,0.9992081570211413,0.9970127811278122,0.9997711822840707,0.03215590036205534,0.020552999102941914,0.06620392460574491,pass,not applicable,pass,0.797;0.881;0.746;0.695,0.827;0.872;0.788;0.658,4 positional facets (SSE paired with Expressiveness)
c10_n310_rep,11150,33,Agreeableness,Forgiveness; Gentleness; Flexibility; Patience,4,310,500,True,True,0.7160756309745837,0.7399089365241488,5.892948019851437,6.2148424295638565,0.9995453690501362,0.997196372661631,0.9998778622365497,0.023877181971468427,0.017598039887788484,0.06060744134869404,pass,not applicable,pass,0.756;0.886;0.775;0.716,0.755;0.846;0.785;0.740,4 shared facets
c10_n310_rep,11150,33,Conscientiousness,Organization; Diligence; Perfectionism; Prudence,4,310,500,True,True,0.542881028048055,0.599182396923535,3.170435835940128,3.835623815050767,0.9983946548595477,0.9891325853261974,0.9995473208237365,0.05986528501946958,0.03291051379959423,0.12739276964918578,unresolved,not applicable,unresolved,0.745;0.632;0.543;0.638,0.743;0.730;0.599;0.678,4 shared facets
c10_n310_rep,11150,33,Openness,Aesthetic Appreciation; Inquisitiveness; Creativity; Unconventionality,4,310,500,True,True,0.5495039416133028,0.48709783988364735,3.1662572554464417,2.7387557895873536,0.9941092730016683,0.9807690595365118,0.9981005069008723,0.08073277971456297,0.05161722597745764,0.13659859486644974,unresolved,not applicable,unresolved,0.624;0.601;0.831;0.550,0.487;0.632;0.754;0.571,4 shared facets
c4_n310_rep,11150,33,Honesty-Humility,Sincerity; Fairness; Greed Avoidance; Modesty,4,310,500,False,False,0.46303347187322547,0.5565211484079214,2.7392996176489186,3.3156290974220988,0.978968141964296,0.9529907860215944,0.9905145026754965,0.134428014739391,0.0937226290851866,0.2018319778068637,unresolved,not applicable,fail,0.794;0.572;0.683;0.463,0.632;0.557;0.768;0.659,4 shared facets
c4_n310_rep,11150,33,Emotionality,Fearfulness; Anxiety; Dependence; Sentimentality,4,310,500,False,False,0.3861570592472239,0.53731469765033,2.1681620702283384,2.7331564178946106,0.9966934961687177,0.9729995538016871,0.9990181956141402,0.10141625395089787,0.07068643136068847,0.16984097882858679,unresolved,not applicable,fail,0.386;0.667;0.717;0.492,0.537;0.779;0.778;0.538,4 shared facets
c4_n310_rep,11150,33,Extraversion,Social Boldness; Sociability; Liveliness,3,310,500,True,True,0.6082712212313032,0.7146441523997545,3.6207487417954813,4.8826801011344045,0.9972489701158164,0.9871668384660608,0.9996204880607352,0.07020332818307955,0.03353045181860903,0.13341283935645168,unresolved,not applicable,unresolved,0.814;0.760;0.608,0.792;0.814;0.715,3 shared facets (SSE excluded)
c4_n310_rep,11150,33,Extraversion_4pos,Social Self-Esteem; Social Boldness; Sociability; Liveliness,4,310,500,True,True,0.5988942812135146,0.6578857344642357,3.7708366832298554,5.1830485021422685,0.9937502204753137,0.9844108440934155,0.9972770391896076,0.11774289465339713,0.08436439926166268,0.16699648967820188,unresolved,not applicable,unresolved,0.613;0.874;0.710;0.599,0.827;0.872;0.788;0.658,4 positional facets (SSE paired with Expressiveness)
c4_n310_rep,11150,33,Agreeableness,Forgiveness; Gentleness; Flexibility; Patience,4,310,500,True,True,0.6355839068233871,0.7399089365241488,4.361175675466998,6.2148424295638565,0.9955837094030118,0.9888551422373594,0.9983078835589361,0.09886894178069375,0.07069073716804315,0.14050508700958497,unresolved,not applicable,unresolved,0.636;0.751;0.669;0.787,0.755;0.846;0.785;0.740,4 shared facets
c4_n310_rep,11150,33,Conscientiousness,Organization; Diligence; Perfectionism; Prudence,4,310,500,False,False,0.48964909019005487,0.599182396923535,2.7384665580730703,3.835623815050767,0.9968571696528477,0.9859873102363564,0.9990614438701848,0.07991963162128064,0.050189651812863945,0.14116537100058846,unresolved,not applicable,fail,0.658;0.652;0.490;0.697,0.743;0.730;0.599;0.678,4 shared facets
c4_n310_rep,11150,33,Openness,Aesthetic Appreciation; Inquisitiveness; Creativity; Unconventionality,4,310,500,False,False,0.4532418530758805,0.48709783988364735,2.340027567678482,2.7387557895873536,0.9900541804772371,0.9675537843829283,0.9977586254678158,0.08964531921615156,0.056952829190785606,0.15827469133755037,unresolved,not applicable,fail,0.566;0.524;0.774;0.453,0.487;0.632;0.754;0.571,4 shared facets
c10_n310_rep,11150,34,Honesty-Humility,Sincerity; Fairness; Greed Avoidance; Modesty,4,310,500,True,True,0.5261400216077642,0.5565211484079214,3.2970963059259493,3.3156290974220988,0.9973633776346414,0.9888786160633016,0.9991530250877205,0.0499264240209645,0.03433515385911852,0.10173369995885591,unresolved,not applicable,unresolved,0.722;0.526;0.740;0.675,0.632;0.557;0.768;0.659,4 shared facets
c10_n310_rep,11150,34,Emotionality,Fearfulness; Anxiety; Dependence; Sentimentality,4,310,500,True,False,0.5559371230662823,0.53731469765033,2.7838977439559147,2.7331564178946106,0.9986824808223427,0.9909612325184258,0.9993863856571252,0.03480463005983665,0.03102358768808715,0.09600648011690849,pass,not applicable,pass,0.582;0.738;0.750;0.556,0.537;0.779;0.778;0.538,4 shared facets
c10_n310_rep,11150,34,Extraversion,Social Boldness; Sociability; Liveliness,3,310,500,True,True,0.7637267901199536,0.7146441523997545,5.807229895120446,4.8826801011344045,0.9997396829113117,0.997473935752486,0.9999680521938856,0.03314200026639826,0.016413227493325747,0.0691669880517726,pass,not applicable,pass,0.799;0.843;0.764,0.792;0.814;0.715,3 shared facets (SSE excluded)
c10_n310_rep,11150,34,Extraversion_4pos,Social Self-Esteem; Social Boldness; Sociability; Liveliness,4,310,500,True,True,0.7148972469139191,0.6578857344642357,6.214993068064954,5.1830485021422685,0.9996055645686001,0.9982786973267784,0.9998904994815884,0.034696179170300157,0.017631078184566055,0.06350034981794253,pass,not applicable,pass,0.854;0.872;0.817;0.715,0.827;0.872;0.788;0.658,4 positional facets (SSE paired with Expressiveness)
c10_n310_rep,11150,34,Agreeableness,Forgiveness; Gentleness; Flexibility; Patience,4,310,500,True,True,0.6558551175121629,0.7399089365241488,4.2661804163558505,6.2148424295638565,0.9968120570285577,0.9910242837525673,0.9988392455055856,0.0702737735276745,0.043342793610233236,0.1160973398173113,unresolved,not applicable,unresolved,0.656;0.894;0.760;0.656,0.755;0.846;0.785;0.740,4 shared facets
c10_n310_rep,11150,34,Conscientiousness,Organization; Diligence; Perfectionism; Prudence,4,310,500,True,True,0.585855483354593,0.599182396923535,3.8231937355638865,3.835623815050767,0.9993617077137689,0.9943126045763946,0.9997206846824056,0.025786484493637494,0.026122628484362566,0.07905602495330302,pass,not applicable,pass,0.789;0.712;0.586;0.686,0.743;0.730;0.599;0.678,4 shared facets
c10_n310_rep,11150,34,Openness,Aesthetic Appreciation; Inquisitiveness; Creativity; Unconventionality,4,310,500,False,False,0.42764443781353967,0.48709783988364735,2.6628115718801544,2.7387557895873536,0.9984185722382433,0.9872850853267833,0.9994697597308753,0.034787714888340975,0.026784114755684072,0.0997074963589628,pass,not applicable,fail,0.428;0.625;0.766;0.604,0.487;0.632;0.754;0.571,4 shared facets
c4_n310_rep,11150,34,Honesty-Humility,Sincerity; Fairness; Greed Avoidance; Modesty,4,310,500,False,False,0.3106924043738935,0.5565211484079214,2.0564306544799713,3.3156290974220988,0.9658537580669926,0.9197927362300876,0.9855327394452085,0.18698815151234285,0.1307106045093411,0.2664395879967236,fail,not applicable,fail,0.557;0.449;0.803;0.311,0.632;0.557;0.768;0.659,4 shared facets
c4_n310_rep,11150,34,Emotionality,Fearfulness; Anxiety; Dependence; Sentimentality,4,310,500,False,False,0.545379617481528,0.53731469765033,2.1999317190976044,2.7331564178946106,0.9842729632277389,0.9594383605369226,0.9921490134595531,0.13725087613671685,0.10363027547923984,0.20199248232993183,fail,not applicable,fail,0.545;0.594;0.593;0.620,0.537;0.779;0.778;0.538,4 shared facets
c4_n310_rep,11150,34,Extraversion,Social Boldness; Sociability; Liveliness,3,310,500,True,True,0.7715549709824319,0.7146441523997545,5.872976453363122,4.8826801011344045,0.9995556692694201,0.9971349585957126,0.9999280565831727,0.036524590753335875,0.02152478555976457,0.07358168801597165,pass,not applicable,pass,0.794;0.842;0.772,0.792;0.814;0.715,3 shared facets (SSE excluded)
c4_n310_rep,11150,34,Extraversion_4pos,Social Self-Esteem; Social Boldness; Sociability; Liveliness,4,310,500,True,True,0.7752344278915557,0.6578857344642357,6.746819189039367,5.1830485021422685,0.9966998210143037,0.9934321702668855,0.9981862434670254,0.06504842854939026,0.05000310054033523,0.09185579140250019,pass,not applicable,pass,0.786;0.834;0.797;0.775,0.827;0.872;0.788;0.658,4 positional facets (SSE paired with Expressiveness)
c4_n310_rep,11150,34,Agreeableness,Forgiveness; Gentleness; Flexibility; Patience,4,310,500,True,True,0.5504342741317476,0.7399089365241488,3.183560210313304,6.2148424295638565,0.9938827335175223,0.9826591800143331,0.9981373548856117,0.13412589089853447,0.09486175658004067,0.187977102237246,unresolved,not applicable,unresolved,0.550;0.837;0.664;0.616,0.755;0.846;0.785;0.740,4 shared facets
c4_n310_rep,11150,34,Conscientiousness,Organization; Diligence; Perfectionism; Prudence,4,310,500,False,False,0.47353792120545807,0.599182396923535,2.736865975540358,3.835623815050767,0.9986174625946859,0.9866120475336175,0.9995188122382458,0.08546981750782463,0.05106972536990224,0.15556495438421655,unresolved,not applicable,fail,0.681;0.664;0.474;0.605,0.743;0.730;0.599;0.678,4 shared facets
c4_n310_rep,11150,34,Openness,Aesthetic Appreciation; Inquisitiveness; Creativity; Unconventionality,4,310,500,False,False,0.3387859287943743,0.48709783988364735,2.1115907127157105,2.7387557895873536,0.9869078315117411,0.9486561825721871,0.99703023255457,0.11933048295329475,0.07423750732427205,0.20351837372101503,unresolved,not applicable,fail,0.339;0.457;0.704;0.609,0.487;0.632;0.754;0.571,4 shared facets
c10_n310_rep,11150,35,Honesty-Humility,Sincerity; Fairness; Greed Avoidance; Modesty,4,310,500,True,True,0.5133876143619854,0.5565211484079214,3.40266221872038,3.3156290974220988,0.9962939316900921,0.9874443463455109,0.9988959319026507,0.060735065889139135,0.04027551079460986,0.10636052398863824,unresolved,not applicable,unresolved,0.614;0.513;0.880;0.651,0.632;0.557;0.768;0.659,4 shared facets
c10_n310_rep,11150,35,Emotionality,Fearfulness; Anxiety; Dependence; Sentimentality,4,310,500,True,True,0.561672283560592,0.53731469765033,3.0435470014851513,2.7331564178946106,0.9996673093547828,0.9952491656496013,0.9997898325722241,0.03390783983389942,0.02585205456971752,0.08049587199080602,pass,not applicable,pass,0.583;0.787;0.821;0.562,0.537;0.779;0.778;0.538,4 shared facets
c10_n310_rep,11150,35,Extraversion,Social Boldness; Sociability; Liveliness,3,310,500,True,True,0.7168611387913236,0.7146441523997545,4.734532013649416,4.8826801011344045,0.9994193945158575,0.9953464777788735,0.9999242905342091,0.026476972338870124,0.01672418564431946,0.078990026356034,pass,not applicable,pass,0.755;0.841;0.717,0.792;0.814;0.715,3 shared facets (SSE excluded)
c10_n310_rep,11150,35,Extraversion_4pos,Social Self-Esteem; Social Boldness; Sociability; Liveliness,4,310,500,True,True,0.6651020618722009,0.6578857344642357,5.097673465739682,5.1830485021422685,0.9999039326884589,0.9985335164982339,0.9999152890217867,0.011125624709434264,0.01331436667348595,0.049856410472144924,pass,not applicable,pass,0.832;0.852;0.791;0.665,0.827;0.872;0.788;0.658,4 positional facets (SSE paired with Expressiveness)
c10_n310_rep,11150,35,Agreeableness,Forgiveness; Gentleness; Flexibility; Patience,4,310,500,True,True,0.6988046102329918,0.7399089365241488,5.142736172141996,6.2148424295638565,0.9996204077140927,0.996932096295983,0.9998760675873486,0.03213263706307624,0.01883714350678047,0.07555353434998707,pass,not applicable,pass,0.708;0.830;0.789;0.699,0.755;0.846;0.785;0.740,4 shared facets
c10_n310_rep,11150,35,Conscientiousness,Organization; Diligence; Perfectionism; Prudence,4,310,500,True,True,0.5882413013229273,0.599182396923535,3.923896354135118,3.835623815050767,0.9989300133730765,0.9941131033893985,0.9996418155175618,0.03816742801582361,0.02569639517081308,0.08157120826303553,pass,not applicable,pass,0.756;0.730;0.588;0.752,0.743;0.730;0.599;0.678,4 shared facets
c10_n310_rep,11150,35,Openness,Aesthetic Appreciation; Inquisitiveness; Creativity; Unconventionality,4,310,500,False,False,0.5068389573752383,0.48709783988364735,2.6860225163088796,2.7387557895873536,0.9986105385744506,0.9880759684487955,0.9995491666177146,0.03460557243611242,0.026195348580608742,0.09988360223842417,pass,not applicable,fail,0.507;0.690;0.751;0.537,0.487;0.632;0.754;0.571,4 shared facets
c4_n310_rep,11150,35,Honesty-Humility,Sincerity; Fairness; Greed Avoidance; Modesty,4,310,500,False,False,0.5673848908394917,0.5565211484079214,2.7275518627541975,3.3156290974220988,0.9922877729178129,0.9761533301699179,0.9979665306897861,0.08429796122156356,0.050976584758038464,0.1447430780295954,unresolved,not applicable,fail,0.720;0.571;0.658;0.567,0.632;0.557;0.768;0.659,4 shared facets
c4_n310_rep,11150,35,Emotionality,Fearfulness; Anxiety; Dependence; Sentimentality,4,310,500,True,True,0.5219848839746839,0.53731469765033,3.0684412144613744,2.7331564178946106,0.9938773230456104,0.9842240231358921,0.9972125519687495,0.07488307499754397,0.05351912213464597,0.12170213340124038,unresolved,not applicable,unresolved,0.522;0.704;0.717;0.651,0.537;0.779;0.778;0.538,4 shared facets
c4_n310_rep,11150,35,Extraversion,Social Boldness; Sociability; Liveliness,3,310,500,True,True,0.5619602145699594,0.7146441523997545,3.1577821137810864,4.8826801011344045,0.9950764792340685,0.9820589251489875,0.999011142144463,0.10028031700745779,0.06013916302538523,0.1632187101311374,unresolved,not applicable,unresolved,0.710;0.824;0.562,0.792;0.814;0.715,3 shared facets (SSE excluded)
c4_n310_rep,11150,35,Extraversion_4pos,Social Self-Esteem; Social Boldness; Sociability; Liveliness,4,310,500,True,True,0.5098158843917461,0.6578857344642357,3.595921870675471,5.1830485021422685,0.9936923661275333,0.9865447719479045,0.9968938601680658,0.10569668198730724,0.07454052441384285,0.14970482719722955,unresolved,not applicable,unresolved,0.777;0.740;0.841;0.510,0.827;0.872;0.788;0.658,4 positional facets (SSE paired with Expressiveness)
c4_n310_rep,11150,35,Agreeableness,Forgiveness; Gentleness; Flexibility; Patience,4,310,500,True,True,0.5977714631774798,0.7399089365241488,3.6791239686692543,6.2148424295638565,0.9980656050866543,0.9904694243876051,0.9994280799135006,0.1143678133159812,0.08249320221671363,0.16586800136778942,unresolved,not applicable,unresolved,0.630;0.723;0.748;0.598,0.755;0.846;0.785;0.740,4 shared facets
c4_n310_rep,11150,35,Conscientiousness,Organization; Diligence; Perfectionism; Prudence,4,310,500,False,False,0.47290638269694524,0.599182396923535,2.3566217272500007,3.835623815050767,0.994840178751913,0.9783428724906411,0.998394418872762,0.10818063957042383,0.07541546445791458,0.1700998959423826,unresolved,not applicable,fail,0.748;0.612;0.473;0.548,0.743;0.730;0.599;0.678,4 shared facets
c4_n310_rep,11150,35,Openness,Aesthetic Appreciation; Inquisitiveness; Creativity; Unconventionality,4,310,500,False,False,0.3970547376936446,0.48709783988364735,2.103507442631793,2.7387557895873536,0.973449345760573,0.9297697509249279,0.9925848638766989,0.14651701152359836,0.09151657693367204,0.23002444737066055,unresolved,not applicable,fail,0.397;0.432;0.871;0.416,0.487;0.632;0.754;0.571,4 shared facets
c10_n310_rep,11150,36,Honesty-Humility,Sincerity; Fairness; Greed Avoidance; Modesty,4,310,500,False,False,0.46621625256682486,0.5565211484079214,2.71155007236094,3.3156290974220988,0.9943146709105277,0.9803122439567808,0.998039373188486,0.07044302042184769,0.04492162459096113,0.1318569654386959,unresolved,not applicable,fail,0.670;0.466;0.826;0.576,0.632;0.557;0.768;0.659,4 shared facets
c10_n310_rep,11150,36,Emotionality,Fearfulness; Anxiety; Dependence; Sentimentality,4,310,500,False,False,0.434129032679432,0.53731469765033,2.21851977109343,2.7331564178946106,0.9935449470025836,0.9720691775252275,0.9985857662405219,0.08922933907034912,0.05576053658237,0.16283557262737158,unresolved,not applicable,fail,0.434;0.640;0.814;0.516,0.537;0.779;0.778;0.538,4 shared facets
c10_n310_rep,11150,36,Extraversion,Social Boldness; Sociability; Liveliness,3,310,500,True,True,0.7148318580809013,0.7146441523997545,4.846467579178772,4.8826801011344045,0.9999963225649422,0.9974615623137253,0.9999515406679953,0.0033564785506860224,0.01272335854463036,0.06262295468705004,pass,not applicable,pass,0.787;0.812;0.715,0.792;0.814;0.715,3 shared facets (SSE excluded)
c10_n310_rep,11150,36,Extraversion_4pos,Social Self-Esteem; Social Boldness; Sociability; Liveliness,4,310,500,True,True,0.6618784679215254,0.6578857344642357,5.28799497858699,5.1830485021422685,0.9998773343875338,0.9985472708427997,0.9999339534603492,0.012779304678191706,0.01362446865841358,0.048170928175846464,pass,not applicable,pass,0.846;0.876;0.772;0.662,0.827;0.872;0.788;0.658,4 positional facets (SSE paired with Expressiveness)
c10_n310_rep,11150,36,Agreeableness,Forgiveness; Gentleness; Flexibility; Patience,4,310,500,True,True,0.730881529425548,0.7399089365241488,6.123264516346825,6.2148424295638565,0.9990978175896699,0.9969287847719375,0.9997580522284109,0.033930753089286045,0.021643459566167537,0.0654743117755418,pass,not applicable,pass,0.792;0.790;0.786;0.731,0.755;0.846;0.785;0.740,4 shared facets
c10_n310_rep,11150,36,Conscientiousness,Organization; Diligence; Perfectionism; Prudence,4,310,500,True,True,0.6171795196228436,0.599182396923535,3.9349277429678904,3.835623815050767,0.9994256036618193,0.9953897431861984,0.9997995607685741,0.02422721220539254,0.02308187340426971,0.07477682124744472,pass,not applicable,pass,0.726;0.716;0.617;0.717,0.743;0.730;0.599;0.678,4 shared facets
c10_n310_rep,11150,36,Openness,Aesthetic Appreciation; Inquisitiveness; Creativity; Unconventionality,4,310,500,False,False,0.4229067302725127,0.48709783988364735,2.5655472089958242,2.7387557895873536,0.9978217364430942,0.985725899356559,0.9993405908859299,0.041262809334692785,0.029841798532057207,0.10751071679813917,unresolved,not applicable,fail,0.423;0.627;0.775;0.618,0.487;0.632;0.754;0.571,4 shared facets
c4_n310_rep,11150,36,Honesty-Humility,Sincerity; Fairness; Greed Avoidance; Modesty,4,310,500,False,False,0.4963426655776444,0.5565211484079214,2.8706042951487194,3.3156290974220988,0.9969907339169181,0.9857142390390197,0.9988759820595187,0.05969686431034724,0.03962276399398872,0.11759943249134919,unresolved,not applicable,fail,0.684;0.496;0.702;0.599,0.632;0.557;0.768;0.659,4 shared facets
c4_n310_rep,11150,36,Emotionality,Fearfulness; Anxiety; Dependence; Sentimentality,4,310,500,False,False,0.40370566888472353,0.53731469765033,2.0219622675271256,2.7331564178946106,0.9962712647885603,0.9706558628431107,0.9991225700936833,0.1125586463557753,0.06921132336242998,0.19069909640700666,unresolved,not applicable,fail,0.404;0.615;0.710;0.503,0.537;0.779;0.778;0.538,4 shared facets
c4_n310_rep,11150,36,Extraversion,Social Boldness; Sociability; Liveliness,3,310,500,True,True,0.6170148646697255,0.7146441523997545,3.1822569328651213,4.8826801011344045,0.9956990192668616,0.9817650119560913,0.9994470014692767,0.11365678999052503,0.07056875494652508,0.17544500176433908,unresolved,not applicable,unresolved,0.779;0.644;0.617,0.792;0.814;0.715,3 shared facets (SSE excluded)
c4_n310_rep,11150,36,Extraversion_4pos,Social Self-Esteem; Social Boldness; Sociability; Liveliness,4,310,500,True,True,0.5646396212964382,0.6578857344642357,4.035992560231903,5.1830485021422685,0.9963388625508937,0.99027029673369,0.9988839312984452,0.08926825579897221,0.054179532132696155,0.13215853579800974,unresolved,not applicable,unresolved,0.838;0.833;0.641;0.565,0.827;0.872;0.788;0.658,4 positional facets (SSE paired with Expressiveness)
c4_n310_rep,11150,36,Agreeableness,Forgiveness; Gentleness; Flexibility; Patience,4,310,500,True,True,0.619780323734276,0.7399089365241488,3.530413287958979,6.2148424295638565,0.9985946923911667,0.9933572702021168,0.9996419761003165,0.09452993244774383,0.05834424472074367,0.14116825190133228,unresolved,not applicable,unresolved,0.633;0.777;0.743;0.620,0.755;0.846;0.785;0.740,4 shared facets
c4_n310_rep,11150,36,Conscientiousness,Organization; Diligence; Perfectionism; Prudence,4,310,500,False,False,0.5520047211905686,0.599182396923535,2.621852018790173,3.835623815050767,0.9929722157533929,0.9749973959145525,0.9975403535657836,0.11376840531758528,0.07983845906973053,0.18224082011740864,unresolved,not applicable,fail,0.552;0.728;0.565;0.559,0.743;0.730;0.599;0.678,4 shared facets
c4_n310_rep,11150,36,Openness,Aesthetic Appreciation; Inquisitiveness; Creativity; Unconventionality,4,310,500,False,False,0.41623337172516095,0.48709783988364735,2.200022362472871,2.7387557895873536,0.997328775093357,0.965556562646601,0.9988424871013541,0.09047843571309405,0.06016192107991317,0.1781370054199995,unresolved,not applicable,fail,0.416;0.497;0.712;0.483,0.487;0.632;0.754;0.571,4 shared facets
c10_n310_rep,11150,37,Honesty-Humility,Sincerity; Fairness; Greed Avoidance; Modesty,4,310,500,True,True,0.5426216167971534,0.5565211484079214,3.4516910718297242,3.3156290974220988,0.9978862778309368,0.9916395660099766,0.9993043579842271,0.05193932146974558,0.03643053046357628,0.0924122464909668,pass,not applicable,pass,0.724;0.543;0.756;0.704,0.632;0.557;0.768;0.659,4 shared facets
c10_n310_rep,11150,37,Emotionality,Fearfulness; Anxiety; Dependence; Sentimentality,4,310,500,False,False,0.5328386810774067,0.53731469765033,2.661670940030923,2.7331564178946106,0.9998841123181185,0.99279117706869,0.9997036482132833,0.011722992031735317,0.022131696938572514,0.08310808299324252,pass,not applicable,fail,0.533;0.784;0.755;0.538,0.537;0.779;0.778;0.538,4 shared facets
c10_n310_rep,11150,37,Extraversion,Social Boldness; Sociability; Liveliness,3,310,500,True,True,0.7719768055133989,0.7146441523997545,6.108630044230231,4.8826801011344045,0.9997294410079698,0.9977631842471499,0.9999541085121749,0.03817017526204748,0.020676239246014555,0.06996614979168195,pass,not applicable,pass,0.820;0.832;0.772,0.792;0.814;0.715,3 shared facets (SSE excluded)
c10_n310_rep,11150,37,Extraversion_4pos,Social Self-Esteem; Social Boldness; Sociability; Liveliness,4,310,500,True,True,0.7279283584700863,0.6578857344642357,6.31181511066691,5.1830485021422685,0.9992269795129354,0.9976465584789131,0.9997754797087486,0.038160327488005644,0.023886626080420838,0.06562077516712547,pass,not applicable,pass,0.818;0.878;0.816;0.728,0.827;0.872;0.788;0.658,4 positional facets (SSE paired with Expressiveness)
c10_n310_rep,11150,37,Agreeableness,Forgiveness; Gentleness; Flexibility; Patience,4,310,500,True,True,0.7221687423389935,0.7399089365241488,6.165169913482792,6.2148424295638565,0.9997874984469586,0.9979795515514788,0.999907417003152,0.016152116178242557,0.014792532836033465,0.054833981238195245,pass,not applicable,pass,0.780;0.838;0.788;0.722,0.755;0.846;0.785;0.740,4 shared facets
c10_n310_rep,11150,37,Conscientiousness,Organization; Diligence; Perfectionism; Prudence,4,310,500,True,True,0.5214230781813345,0.599182396923535,3.003124468611865,3.835623815050767,0.9965865258676478,0.9853204569161861,0.9988954254214213,0.06565839320985999,0.04263275331084464,0.12714910787000455,unresolved,not applicable,unresolved,0.774;0.713;0.521;0.578,0.743;0.730;0.599;0.678,4 shared facets
c10_n310_rep,11150,37,Openness,Aesthetic Appreciation; Inquisitiveness; Creativity; Unconventionality,4,310,500,True,True,0.5104815694281105,0.48709783988364735,3.2407665865671027,2.7387557895873536,0.9998499516764194,0.9934568635070197,0.9997090645190488,0.051364683104779485,0.035499968550467206,0.10396984686802739,unresolved,not applicable,unresolved,0.510;0.675;0.828;0.623,0.487;0.632;0.754;0.571,4 shared facets
c4_n310_rep,11150,37,Honesty-Humility,Sincerity; Fairness; Greed Avoidance; Modesty,4,310,500,False,False,0.43725952337802676,0.5565211484079214,2.603957644480153,3.3156290974220988,0.9846214909810859,0.9668114348523132,0.9920450779447889,0.11639844424019177,0.0870948778263713,0.17330833468894516,unresolved,not applicable,fail,0.704;0.437;0.599;0.738,0.632;0.557;0.768;0.659,4 shared facets
c4_n310_rep,11150,37,Emotionality,Fearfulness; Anxiety; Dependence; Sentimentality,4,310,500,False,False,0.47576859955316614,0.53731469765033,2.3059515317730366,2.7331564178946106,0.9997903078191619,0.9894306463031047,0.9996793048680488,0.050356633118532945,0.03222814984865654,0.11587607936510838,unresolved,not applicable,fail,0.476;0.730;0.723;0.508,0.537;0.779;0.778;0.538,4 shared facets
c4_n310_rep,11150,37,Extraversion,Social Boldness; Sociability; Liveliness,3,310,500,True,True,0.7236007281972425,0.7146441523997545,4.6930075877005875,4.8826801011344045,0.9958510847253114,0.9903415458203795,0.9989576005079498,0.07137000133601382,0.04256666094271343,0.11043935512530605,unresolved,not applicable,unresolved,0.883;0.731;0.724,0.792;0.814;0.715,3 shared facets (SSE excluded)
c4_n310_rep,11150,37,Extraversion_4pos,Social Self-Esteem; Social Boldness; Sociability; Liveliness,4,310,500,True,True,0.7024370185835532,0.6578857344642357,5.447867484245915,5.1830485021422685,0.9976110871007392,0.9943537368490254,0.9990992868691602,0.05697913471284274,0.03660428778502466,0.08996685252273799,pass,not applicable,pass,0.736;0.895;0.741;0.702,0.827;0.872;0.788;0.658,4 positional facets (SSE paired with Expressiveness)
c4_n310_rep,11150,37,Agreeableness,Forgiveness; Gentleness; Flexibility; Patience,4,310,500,True,True,0.5953506975185431,0.7399089365241488,3.841001505867406,6.2148424295638565,0.9957563486685543,0.9875235415297221,0.9985254938007,0.11949154835001162,0.08738706547413241,0.17091687822516005,unresolved,not applicable,unresolved,0.736;0.716;0.595;0.680,0.755;0.846;0.785;0.740,4 shared facets
c4_n310_rep,11150,37,Conscientiousness,Organization; Diligence; Perfectionism; Prudence,4,310,500,False,False,0.4361586963216877,0.599182396923535,2.038636436780821,3.835623815050767,0.9932273268389272,0.9660389991561611,0.9974240226944445,0.15292584004408083,0.12244270058841039,0.21771983650232918,fail,not applicable,fail,0.679;0.608;0.436;0.458,0.743;0.730;0.599;0.678,4 shared facets
c4_n310_rep,11150,37,Openness,Aesthetic Appreciation; Inquisitiveness; Creativity; Unconventionality,4,310,500,False,False,0.4797380906209134,0.48709783988364735,2.4333430401435225,2.7387557895873536,0.9981267733161013,0.9842958367711538,0.9993586911121007,0.05867850917874579,0.03830324169887362,0.13225105185320404,unresolved,not applicable,fail,0.480;0.626;0.675;0.484,0.487;0.632;0.754;0.571,4 shared facets
c10_n310_rep,11150,38,Honesty-Humility,Sincerity; Fairness; Greed Avoidance; Modesty,4,310,500,False,False,0.5521487246740965,0.5565211484079214,2.8916155229643192,3.3156290974220988,0.9989119992149741,0.9896201822343209,0.9993656371367113,0.04181687096860422,0.03115780615292221,0.10775543551507732,unresolved,not applicable,fail,0.610;0.552;0.756;0.580,0.632;0.557;0.768;0.659,4 shared facets
c10_n310_rep,11150,38,Emotionality,Fearfulness; Anxiety; Dependence; Sentimentality,4,310,500,False,False,0.44403693403862926,0.53731469765033,2.5113278241499257,2.7331564178946106,0.9948626435020534,0.9854489336084531,0.9984802836418791,0.06811847536636506,0.04228511778187221,0.1160224748500243,unresolved,not applicable,fail,0.560;0.868;0.740;0.444,0.537;0.779;0.778;0.538,4 shared facets
c10_n310_rep,11150,38,Extraversion,Social Boldness; Sociability; Liveliness,3,310,500,True,True,0.6946981732507344,0.7146441523997545,4.721816094269867,4.8826801011344045,0.999734769873158,0.9966577448191413,0.99995180111388,0.01794173228203884,0.013609534512028551,0.06666023322036486,pass,not applicable,pass,0.816;0.813;0.695,0.792;0.814;0.715,3 shared facets (SSE excluded)
c10_n310_rep,11150,38,Extraversion_4pos,Social Self-Esteem; Social Boldness; Sociability; Liveliness,4,310,500,True,True,0.6492856587538959,0.6578857344642357,5.228476320895172,5.1830485021422685,0.9998074559017976,0.9980933504731747,0.9999143276561687,0.015982352433571136,0.01441008936571678,0.05271235089460103,pass,not applicable,pass,0.833;0.898;0.774;0.649,0.827;0.872;0.788;0.658,4 positional facets (SSE paired with Expressiveness)
c10_n310_rep,11150,38,Agreeableness,Forgiveness; Gentleness; Flexibility; Patience,4,310,500,True,True,0.7489500612670427,0.7399089365241488,6.3176361567904875,6.2148424295638565,0.9998653197580994,0.9983270216112772,0.9999271528719603,0.016147650670610046,0.015999440398724377,0.052588893904018136,pass,not applicable,pass,0.749;0.874;0.785;0.756,0.755;0.846;0.785;0.740,4 shared facets
c10_n310_rep,11150,38,Conscientiousness,Organization; Diligence; Perfectionism; Prudence,4,310,500,True,True,0.6092740433399705,0.599182396923535,4.00126843158082,3.835623815050767,0.9990664901419702,0.9937415479869426,0.9996899040698082,0.031589113995217126,0.02347899422709841,0.08321206830130526,pass,not applicable,pass,0.710;0.782;0.609;0.686,0.743;0.730;0.599;0.678,4 shared facets
c10_n310_rep,11150,38,Openness,Aesthetic Appreciation; Inquisitiveness; Creativity; Unconventionality,4,310,500,True,True,0.4797510771960659,0.48709783988364735,3.016293680202055,2.7387557895873536,0.9963003499099081,0.986047535702699,0.9986697130921683,0.06783807753806691,0.04945617655735275,0.12091992828937516,unresolved,not applicable,unresolved,0.480;0.712;0.734;0.678,0.487;0.632;0.754;0.571,4 shared facets
c4_n310_rep,11150,38,Honesty-Humility,Sincerity; Fairness; Greed Avoidance; Modesty,4,310,500,False,False,0.4619650818057718,0.5565211484079214,2.64296457260447,3.3156290974220988,0.9956802129241397,0.9847735835338562,0.9981896949772934,0.0687523909381992,0.047276200980863034,0.12344939989576886,unresolved,not applicable,fail,0.617;0.462;0.682;0.707,0.632;0.557;0.768;0.659,4 shared facets
c4_n310_rep,11150,38,Emotionality,Fearfulness; Anxiety; Dependence; Sentimentality,4,310,500,False,False,0.33186488318981,0.53731469765033,2.475612802832222,2.7331564178946106,0.9809201270498634,0.9597245783704628,0.9918445220360415,0.13010221051771167,0.08691301514234277,0.1890091419696828,unresolved,not applicable,fail,0.647;0.856;0.692;0.332,0.537;0.779;0.778;0.538,4 shared facets
c4_n310_rep,11150,38,Extraversion,Social Boldness; Sociability; Liveliness,3,310,500,True,True,0.6208323445450202,0.7146441523997545,3.0583523508640416,4.8826801011344045,0.9979783247662571,0.9864410407790635,0.9997461373676209,0.11982421387016433,0.0822788677133605,0.1801591232455309,unresolved,not applicable,unresolved,0.621;0.741;0.624,0.792;0.814;0.715,3 shared facets (SSE excluded)
c4_n310_rep,11150,38,Extraversion_4pos,Social Self-Esteem; Social Boldness; Sociability; Liveliness,4,310,500,True,True,0.6271080892654305,0.6578857344642357,3.5806036289260685,5.1830485021422685,0.9976261434888337,0.9903886697461481,0.9991951939694892,0.13665073380107176,0.10701250377870186,0.18333657519624125,fail,not applicable,fail,0.669;0.687;0.668;0.627,0.827;0.872;0.788;0.658,4 positional facets (SSE paired with Expressiveness)
c4_n310_rep,11150,38,Agreeableness,Forgiveness; Gentleness; Flexibility; Patience,4,310,500,True,True,0.6198329072551669,0.7399089365241488,4.450619924697921,6.2148424295638565,0.993117712849709,0.9856490612434947,0.9962816776556175,0.10013854613577583,0.07280484447624257,0.1461502323164408,unresolved,not applicable,unresolved,0.671;0.824;0.620;0.812,0.755;0.846;0.785;0.740,4 shared facets
c4_n310_rep,11150,38,Conscientiousness,Organization; Diligence; Perfectionism; Prudence,4,310,500,True,True,0.5301094489257041,0.599182396923535,3.157135728235558,3.835623815050767,0.9930040456637083,0.9801262344229111,0.9976167997753795,0.09283055470703748,0.060843699651572394,0.15013250220903412,unresolved,not applicable,unresolved,0.581;0.701;0.530;0.728,0.743;0.730;0.599;0.678,4 shared facets
c4_n310_rep,11150,38,Openness,Aesthetic Appreciation; Inquisitiveness; Creativity; Unconventionality,4,310,500,False,False,0.49435648843629665,0.48709783988364735,2.460850467743305,2.7387557895873536,0.9924012513040074,0.9712933330964933,0.9965434291039063,0.09057184520117245,0.06401388238411736,0.15787758902280088,unresolved,not applicable,fail,0.518;0.494;0.643;0.592,0.487;0.632;0.754;0.571,4 shared facets
c10_n310_rep,11150,39,Honesty-Humility,Sincerity; Fairness; Greed Avoidance; Modesty,4,310,500,False,False,0.5601066421162778,0.5565211484079214,2.9458546622944315,3.3156290974220988,0.9958013241840286,0.9857377927485996,0.9986761244198455,0.060286043764773194,0.037896881587410974,0.11465911999536145,unresolved,not applicable,fail,0.680;0.606;0.762;0.560,0.632;0.557;0.768;0.659,4 shared facets
c10_n310_rep,11150,39,Emotionality,Fearfulness; Anxiety; Dependence; Sentimentality,4,310,500,False,False,0.4669846800328681,0.53731469765033,2.4265851054590892,2.7331564178946106,0.9981181517239845,0.989531370104724,0.99941763795718,0.04429892429753704,0.029574166327984215,0.1046626662957425,unresolved,not applicable,fail,0.529;0.736;0.809;0.467,0.537;0.779;0.778;0.538,4 shared facets
c10_n310_rep,11150,39,Extraversion,Social Boldness; Sociability; Liveliness,3,310,500,True,True,0.705194395022797,0.7146441523997545,4.8606534590235535,4.8826801011344045,0.9999019110036198,0.9970002885995818,0.9999457073969451,0.012405597064810253,0.014153867350077369,0.06505713771603917,pass,not applicable,pass,0.800;0.832;0.705,0.792;0.814;0.715,3 shared facets (SSE excluded)
c10_n310_rep,11150,39,Extraversion_4pos,Social Self-Esteem; Social Boldness; Sociability; Liveliness,4,310,500,True,True,0.6542917372697934,0.6578857344642357,5.09465944118624,5.1830485021422685,0.9998602511671215,0.998185160171162,0.9999074603947107,0.01324203442782097,0.014294272422819151,0.051499259477596745,pass,not applicable,pass,0.807;0.875;0.804;0.654,0.827;0.872;0.788;0.658,4 positional facets (SSE paired with Expressiveness)
c10_n310_rep,11150,39,Agreeableness,Forgiveness; Gentleness; Flexibility; Patience,4,310,500,True,True,0.7362575620425821,0.7399089365241488,5.892514100955744,6.2148424295638565,0.9997721656744202,0.9979394487618075,0.9998979933391575,0.017027391049949527,0.014397031674408513,0.05364317904862654,pass,not applicable,pass,0.736;0.835;0.778;0.765,0.755;0.846;0.785;0.740,4 shared facets
c10_n310_rep,11150,39,Conscientiousness,Organization; Diligence; Perfectionism; Prudence,4,310,500,True,True,0.5186296113260859,0.599182396923535,3.508523881417857,3.835623815050767,0.9973185498805394,0.9903544841468566,0.9993053135404188,0.050827905199883526,0.032246744610077045,0.09693945829291833,pass,not applicable,pass,0.774;0.723;0.519;0.731,0.743;0.730;0.599;0.678,4 shared facets
c10_n310_rep,11150,39,Openness,Aesthetic Appreciation; Inquisitiveness; Creativity; Unconventionality,4,310,500,True,False,0.471896727336391,0.48709783988364735,2.8637831422824807,2.7387557895873536,0.9967368489362856,0.9854679090320955,0.9988487746763532,0.05180077265883763,0.03565418099663729,0.10919344620942811,unresolved,not applicable,unresolved,0.472;0.724;0.711;0.581,0.487;0.632;0.754;0.571,4 shared facets
c4_n310_rep,11150,39,Honesty-Humility,Sincerity; Fairness; Greed Avoidance; Modesty,4,310,500,False,False,0.36102014525127923,0.5565211484079214,1.9682404593188616,3.3156290974220988,0.9645617364717158,0.9126590857592385,0.9895915776979591,0.1919953168919411,0.1262267098963077,0.2809959428793471,fail,not applicable,fail,0.604;0.655;0.549;0.361,0.632;0.557;0.768;0.659,4 shared facets
c4_n310_rep,11150,39,Emotionality,Fearfulness; Anxiety; Dependence; Sentimentality,4,310,500,False,False,0.4049520168578422,0.53731469765033,2.1076835384766426,2.7331564178946106,0.9892211197845661,0.9685767363829852,0.9957643311783945,0.11428827464106586,0.08222496206444507,0.17458616091654283,unresolved,not applicable,fail,0.497;0.603;0.824;0.405,0.537;0.779;0.778;0.538,4 shared facets
c4_n310_rep,11150,39,Extraversion,Social Boldness; Sociability; Liveliness,3,310,500,True,True,0.6848081851671927,0.7146441523997545,3.7475778440369534,4.8826801011344045,0.9991755902390622,0.9919892549077968,0.9998329674002985,0.07733691974221635,0.04625189475249373,0.13387712574633687,unresolved,not applicable,unresolved,0.685;0.740;0.685,0.792;0.814;0.715,3 shared facets (SSE excluded)
c4_n310_rep,11150,39,Extraversion_4pos,Social Self-Esteem; Social Boldness; Sociability; Liveliness,4,310,500,True,True,0.5892939310744248,0.6578857344642357,3.983983207826792,5.1830485021422685,0.999281444824923,0.9957469847140696,0.9997562830989172,0.06294976607402662,0.039313455219008156,0.10557371083639748,unresolved,not applicable,unresolved,0.815;0.795;0.717;0.589,0.827;0.872;0.788;0.658,4 positional facets (SSE paired with Expressiveness)
c4_n310_rep,11150,39,Agreeableness,Forgiveness; Gentleness; Flexibility; Patience,4,310,500,True,True,0.5777076924859383,0.7399089365241488,3.4887781642410474,6.2148424295638565,0.9845090214267037,0.9695927313703006,0.9928132605045693,0.17172908025905395,0.12910893980604296,0.21893930682531287,fail,not applicable,fail,0.686;0.578;0.590;0.793,0.755;0.846;0.785;0.740,4 shared facets
c4_n310_rep,11150,39,Conscientiousness,Organization; Diligence; Perfectionism; Prudence,4,310,500,True,True,0.4981432117738112,0.599182396923535,3.0760345801840754,3.835623815050767,0.9957866624654673,0.9849070617272386,0.99880131211006,0.07095607922694039,0.04247669670539016,0.13074070041181,unresolved,not applicable,unresolved,0.730;0.768;0.498;0.587,0.743;0.730;0.599;0.678,4 shared facets
c4_n310_rep,11150,39,Openness,Aesthetic Appreciation; Inquisitiveness; Creativity; Unconventionality,4,310,500,False,False,0.504030178860151,0.48709783988364735,2.5150114951264246,2.7387557895873536,0.9965663157526026,0.9793824862531203,0.998644208503055,0.06896953920457577,0.04523216185552638,0.14083769426617948,unresolved,not applicable,fail,0.517;0.610;0.639;0.504,0.487;0.632;0.754;0.571,4 shared facets
c10_n310_rep,11150,40,Honesty-Humility,Sincerity; Fairness; Greed Avoidance; Modesty,4,310,500,True,True,0.582457892857576,0.5565211484079214,3.0320257620927076,3.3156290974220988,0.9966302861304401,0.9886148173857615,0.9989983566040787,0.057915118881797845,0.039317668096314616,0.10645460287750078,unresolved,not applicable,unresolved,0.696;0.603;0.804;0.582,0.632;0.557;0.768;0.659,4 shared facets
c10_n310_rep,11150,40,Emotionality,Fearfulness; Anxiety; Dependence; Sentimentality,4,310,500,False,False,0.46213239356096236,0.53731469765033,2.5609740285180984,2.7331564178946106,0.9983501888547888,0.9890275625419614,0.9995848243694363,0.0386885111144679,0.023935231729720622,0.09975191243763235,pass,not applicable,fail,0.462;0.789;0.791;0.546,0.537;0.779;0.778;0.538,4 shared facets
c10_n310_rep,11150,40,Extraversion,Social Boldness; Sociability; Liveliness,3,310,500,True,True,0.6638560028750848,0.7146441523997545,4.663900153376708,4.8826801011344045,0.9978495740702934,0.9932351346531963,0.9995310144489113,0.05661516336823314,0.03725878742153037,0.09301099645690941,pass,not applicable,pass,0.871;0.845;0.664,0.792;0.814;0.715,3 shared facets (SSE excluded)
c10_n310_rep,11150,40,Extraversion_4pos,Social Self-Esteem; Social Boldness; Sociability; Liveliness,4,310,500,True,True,0.6359265864864768,0.6578857344642357,5.377333435671004,5.1830485021422685,0.999545719808525,0.9973549485219203,0.9998953224134789,0.03144041753640818,0.023079940025419,0.06064320250115983,pass,not applicable,pass,0.838;0.915;0.827;0.636,0.827;0.872;0.788;0.658,4 positional facets (SSE paired with Expressiveness)
c10_n310_rep,11150,40,Agreeableness,Forgiveness; Gentleness; Flexibility; Patience,4,310,500,True,True,0.6512180415549578,0.7399089365241488,4.891923357992761,6.2148424295638565,0.9973466000228642,0.9925692895049191,0.9991839273250828,0.06430799451953897,0.037712954452852394,0.1063328244064928,unresolved,not applicable,unresolved,0.742;0.887;0.703;0.651,0.755;0.846;0.785;0.740,4 shared facets
c10_n310_rep,11150,40,Conscientiousness,Organization; Diligence; Perfectionism; Prudence,4,310,500,True,True,0.6350950346851016,0.599182396923535,4.320722517467091,3.835623815050767,0.9975989953637021,0.9918028542041398,0.9989277423613683,0.05391701643112551,0.04068173730832183,0.09642282350797445,pass,not applicable,pass,0.711;0.725;0.635;0.774,0.743;0.730;0.599;0.678,4 shared facets
c10_n310_rep,11150,40,Openness,Aesthetic Appreciation; Inquisitiveness; Creativity; Unconventionality,4,310,500,True,False,0.5547952619704151,0.48709783988364735,2.9558322540760313,2.7387557895873536,0.994472329702098,0.9828962456649647,0.997956873201702,0.06814402640671449,0.046773575044001384,0.12220665222217718,unresolved,not applicable,unresolved,0.555;0.716;0.673;0.587,0.487;0.632;0.754;0.571,4 shared facets
c4_n310_rep,11150,40,Honesty-Humility,Sincerity; Fairness; Greed Avoidance; Modesty,4,310,500,False,False,0.2653429560777123,0.5565211484079214,1.992526179507927,3.3156290974220988,0.9036283281685797,0.8358670268273666,0.9489276116840073,0.2820820863904446,0.20896338798477532,0.3648561906462996,fail,not applicable,fail,0.898;0.585;0.465;0.265,0.632;0.557;0.768;0.659,4 shared facets
c4_n310_rep,11150,40,Emotionality,Fearfulness; Anxiety; Dependence; Sentimentality,4,310,500,False,False,0.31465525525573995,0.53731469765033,1.9344733585147498,2.7331564178946106,0.9762205020118819,0.9376905935842498,0.9897838374635557,0.16273726696293134,0.11838118908976249,0.23974002010995787,fail,not applicable,fail,0.315;0.658;0.613;0.658,0.537;0.779;0.778;0.538,4 shared facets
c4_n310_rep,11150,40,Extraversion,Social Boldness; Sociability; Liveliness,3,310,500,True,True,0.6182238098424888,0.7146441523997545,3.498377771193748,4.8826801011344045,0.9948046902466953,0.9807743970829345,0.9993705908241084,0.08887261741349613,0.04386943836691159,0.15537030304296265,unresolved,not applicable,unresolved,0.684;0.866;0.618,0.792;0.814;0.715,3 shared facets (SSE excluded)
c4_n310_rep,11150,40,Extraversion_4pos,Social Self-Esteem; Social Boldness; Sociability; Liveliness,4,310,500,True,True,0.6404188581543361,0.6578857344642357,4.21320630154317,5.1830485021422685,0.9978129533745542,0.9935355973127528,0.9992233071369442,0.08865981852509709,0.06698456471969326,0.12652511660010138,unresolved,not applicable,unresolved,0.698;0.753;0.769;0.640,0.827;0.872;0.788;0.658,4 positional facets (SSE paired with Expressiveness)
c4_n310_rep,11150,40,Agreeableness,Forgiveness; Gentleness; Flexibility; Patience,4,310,500,True,True,0.5755526855229398,0.7399089365241488,3.1520290996326956,6.2148424295638565,0.9917859350542102,0.9792150126854485,0.9965426611561311,0.14313646611820646,0.10872333918518591,0.19526207549366492,fail,not applicable,fail,0.638;0.858;0.576;0.584,0.755;0.846;0.785;0.740,4 shared facets
c4_n310_rep,11150,40,Conscientiousness,Organization; Diligence; Perfectionism; Prudence,4,310,500,True,True,0.6387528301017357,0.599182396923535,3.9943261369056047,3.835623815050767,0.9929765031604162,0.984591832693919,0.9967145855156806,0.08344853185008573,0.05987636617533603,0.12401677537790909,unresolved,not applicable,unresolved,0.639;0.785;0.716;0.661,0.743;0.730;0.599;0.678,4 shared facets
c4_n310_rep,11150,40,Openness,Aesthetic Appreciation; Inquisitiveness; Creativity; Unconventionality,4,310,500,True,False,0.5630242138762704,0.48709783988364735,2.884605956542626,2.7387557895873536,0.9948384729063625,0.9829693054996536,0.9978194696663519,0.06329976320487686,0.04769764642351137,0.12116655622194734,unresolved,not applicable,unresolved,0.585;0.576;0.697;0.563,0.487;0.632;0.754;0.571,4 shared facets
c10_n310_rep,11150,41,Honesty-Humility,Sincerity; Fairness; Greed Avoidance; Modesty,4,310,500,True,True,0.48253253689690156,0.5565211484079214,3.227225773495529,3.3156290974220988,0.9968563068708783,0.9855338495500383,0.9992829120307338,0.05745456244396924,0.04295152327737395,0.11339255646057522,unresolved,not applicable,unresolved,0.684;0.483;0.839;0.669,0.632;0.557;0.768;0.659,4 shared facets
c10_n310_rep,11150,41,Emotionality,Fearfulness; Anxiety; Dependence; Sentimentality,4,310,500,True,False,0.5439710546315046,0.53731469765033,2.956637301564731,2.7331564178946106,0.9983747817285968,0.9908964376321554,0.9991839870766779,0.0385621007585051,0.031174337628939095,0.09386389594251576,pass,not applicable,pass,0.592;0.761;0.727;0.544,0.537;0.779;0.778;0.538,4 shared facets
c10_n310_rep,11150,41,Extraversion,Social Boldness; Sociability; Liveliness,3,310,500,True,True,0.6849300756474495,0.7146441523997545,4.494432727266856,4.8826801011344045,0.9997678423458864,0.9963873055777485,0.9999528323796976,0.019517542110118923,0.012460450757636302,0.07504061416499808,pass,not applicable,pass,0.802;0.801;0.685,0.792;0.814;0.715,3 shared facets (SSE excluded)
c10_n310_rep,11150,41,Extraversion_4pos,Social Self-Esteem; Social Boldness; Sociability; Liveliness,4,310,500,True,True,0.617033799639477,0.6578857344642357,4.856285272492798,5.1830485021422685,0.9993571221383565,0.9967847241048,0.9998855384213508,0.028453289327366574,0.018672481037798203,0.06645051569181856,pass,not applicable,pass,0.857;0.893;0.774;0.617,0.827;0.872;0.788;0.658,4 positional facets (SSE paired with Expressiveness)
c10_n310_rep,11150,41,Agreeableness,Forgiveness; Gentleness; Flexibility; Patience,4,310,500,True,True,0.6984419595147683,0.7399089365241488,5.182806948888665,6.2148424295638565,0.9979857184231579,0.9943564660084635,0.9993500879054884,0.049790713194077234,0.032958959071275155,0.08561090629733134,pass,not applicable,pass,0.759;0.894;0.698;0.744,0.755;0.846;0.785;0.740,4 shared facets
c10_n310_rep,11150,41,Conscientiousness,Organization; Diligence; Perfectionism; Prudence,4,310,500,True,True,0.5827416838765127,0.599182396923535,4.069294557112671,3.835623815050767,0.9975000708171389,0.9912738584534272,0.9990915614907356,0.05718887450258125,0.041393222717059655,0.09763437521905695,pass,not applicable,pass,0.795;0.701;0.583;0.774,0.743;0.730;0.599;0.678,4 shared facets
c10_n310_rep,11150,41,Openness,Aesthetic Appreciation; Inquisitiveness; Creativity; Unconventionality,4,310,500,True,True,0.5241183117765856,0.48709783988364735,3.029829535338407,2.7387557895873536,0.9995329409180892,0.9907557016143879,0.9994866108094005,0.02282802254178507,0.028039315879182333,0.08991561756512599,pass,not applicable,pass,0.524;0.630;0.752;0.597,0.487;0.632;0.754;0.571,4 shared facets
c4_n310_rep,11150,41,Honesty-Humility,Sincerity; Fairness; Greed Avoidance; Modesty,4,310,500,False,False,0.5017726623777014,0.5565211484079214,2.6505415715646192,3.3156290974220988,0.988057868062059,0.9719459243576756,0.9941761361666785,0.10255010925864032,0.07391499076804187,0.15831179302559714,unresolved,not applicable,fail,0.754;0.502;0.734;0.508,0.632;0.557;0.768;0.659,4 shared facets
c4_n310_rep,11150,41,Emotionality,Fearfulness; Anxiety; Dependence; Sentimentality,4,310,500,False,False,0.40853933171989454,0.53731469765033,2.3218779180073734,2.7331564178946106,0.9903312367387151,0.9661590746475569,0.9982633128866631,0.10792464008865951,0.06974090185188743,0.18411201787351378,unresolved,not applicable,fail,0.562;0.791;0.607;0.409,0.537;0.779;0.778;0.538,4 shared facets
c4_n310_rep,11150,41,Extraversion,Social Boldness; Sociability; Liveliness,3,310,500,False,False,0.5022855815312155,0.7146441523997545,2.794444490851004,4.8826801011344045,0.9862741066479501,0.9630979865612074,0.9968709688070231,0.14674619233584343,0.08900402158215534,0.21836925182783934,unresolved,not applicable,fail,0.846;0.686;0.502,0.792;0.814;0.715,3 shared facets (SSE excluded)
c4_n310_rep,11150,41,Extraversion_4pos,Social Self-Esteem; Social Boldness; Sociability; Liveliness,4,310,500,True,True,0.48496560019208973,0.6578857344642357,3.3251588598285284,5.1830485021422685,0.9952061484581101,0.985130607430308,0.9984607013980975,0.11744278507243104,0.08128753020327095,0.16929923406740138,unresolved,not applicable,unresolved,0.706;0.864;0.685;0.485,0.827;0.872;0.788;0.658,4 positional facets (SSE paired with Expressiveness)
c4_n310_rep,11150,41,Agreeableness,Forgiveness; Gentleness; Flexibility; Patience,4,310,500,True,True,0.5595905811110814,0.7399089365241488,3.6738681107247824,6.2148424295638565,0.9955488660415811,0.9867537756137688,0.9984158688585807,0.11580759883456687,0.0816216931936728,0.1672401079659384,unresolved,not applicable,unresolved,0.560;0.818;0.683;0.674,0.755;0.846;0.785;0.740,4 shared facets
c4_n310_rep,11150,41,Conscientiousness,Organization; Diligence; Perfectionism; Prudence,4,310,500,True,True,0.4861554463579233,0.599182396923535,3.20252641614784,3.835623815050767,0.9948568777677603,0.9833144799070581,0.9982756117608482,0.07081727669550002,0.043415999336789614,0.12845965756602162,unresolved,not applicable,unresolved,0.794;0.670;0.486;0.711,0.743;0.730;0.599;0.678,4 shared facets
c4_n310_rep,11150,41,Openness,Aesthetic Appreciation; Inquisitiveness; Creativity; Unconventionality,4,310,500,False,False,0.40955607347092055,0.48709783988364735,2.3694879305113723,2.7387557895873536,0.990695454449448,0.9670548728075056,0.9976396987063642,0.08708014848594829,0.048694511151597,0.15870695703794685,unresolved,not applicable,fail,0.410;0.547;0.841;0.473,0.487;0.632;0.754;0.571,4 shared facets
c10_n310_rep,11150,42,Honesty-Humility,Sincerity; Fairness; Greed Avoidance; Modesty,4,310,500,True,True,0.5727106184841212,0.5565211484079214,3.268316784610113,3.3156290974220988,0.9999525671042995,0.9957534910186666,0.9997859493883201,0.01665021775110328,0.022066102195360992,0.07153655537448238,pass,not applicable,pass,0.657;0.573;0.782;0.667,0.632;0.557;0.768;0.659,4 shared facets
c10_n310_rep,11150,42,Emotionality,Fearfulness; Anxiety; Dependence; Sentimentality,4,310,500,True,False,0.48306041450705506,0.53731469765033,2.8086273165574376,2.7331564178946106,0.997465096410216,0.9881666320286902,0.9994388807278367,0.047686407038574796,0.027399759139144615,0.10494376244427824,unresolved,not applicable,unresolved,0.483;0.739;0.814;0.595,0.537;0.779;0.778;0.538,4 shared facets
c10_n310_rep,11150,42,Extraversion,Social Boldness; Sociability; Liveliness,3,310,500,True,True,0.6518882370473151,0.7146441523997545,4.32049545047922,4.8826801011344045,0.9980496034540337,0.9920935521634274,0.999639097268567,0.04844395560311302,0.027954296526527107,0.09836457347514198,pass,not applicable,pass,0.848;0.814;0.652,0.792;0.814;0.715,3 shared facets (SSE excluded)
c10_n310_rep,11150,42,Extraversion_4pos,Social Self-Esteem; Social Boldness; Sociability; Liveliness,4,310,500,True,True,0.6271354234055571,0.6578857344642357,5.251609554958457,5.1830485021422685,0.9993789761212034,0.9970680657153225,0.9998429085469235,0.030086700774111366,0.02294756019640159,0.061819330860889116,pass,not applicable,pass,0.863;0.908;0.778;0.627,0.827;0.872;0.788;0.658,4 positional facets (SSE paired with Expressiveness)
c10_n310_rep,11150,42,Agreeableness,Forgiveness; Gentleness; Flexibility; Patience,4,310,500,True,True,0.6797049693755195,0.7399089365241488,5.292960063998746,6.2148424295638565,0.9994135884653854,0.99677826330841,0.9998184955711098,0.030239254772216888,0.019075135128354185,0.07092080412831463,pass,not applicable,pass,0.749;0.847;0.787;0.680,0.755;0.846;0.785;0.740,4 shared facets
c10_n310_rep,11150,42,Conscientiousness,Organization; Diligence; Perfectionism; Prudence,4,310,500,True,True,0.569464282250005,0.599182396923535,3.503208265028364,3.835623815050767,0.9993480238633299,0.9937661896848302,0.9997657327562287,0.028475859701506605,0.02275820833323184,0.08417598580287304,pass,not applicable,pass,0.752;0.733;0.569;0.630,0.743;0.730;0.599;0.678,4 shared facets
c10_n310_rep,11150,42,Openness,Aesthetic Appreciation; Inquisitiveness; Creativity; Unconventionality,4,310,500,True,True,0.5736269610181881,0.48709783988364735,3.007061845320465,2.7387557895873536,0.9967472255625448,0.9863300961376043,0.9988244589692087,0.06016128526965556,0.04437801969294043,0.11373764345816341,unresolved,not applicable,unresolved,0.574;0.615;0.748;0.652,0.487;0.632;0.754;0.571,4 shared facets
c4_n310_rep,11150,42,Honesty-Humility,Sincerity; Fairness; Greed Avoidance; Modesty,4,310,500,False,False,0.38479889497860315,0.5565211484079214,1.7201773091423604,3.3156290974220988,0.9887092116759656,0.9292338191484869,0.997530050697318,0.17319195459790132,0.1260942466892476,0.2677768577060802,fail,not applicable,fail,0.510;0.385;0.685;0.397,0.632;0.557;0.768;0.659,4 shared facets
c4_n310_rep,11150,42,Emotionality,Fearfulness; Anxiety; Dependence; Sentimentality,4,310,500,False,False,0.3721581333532678,0.53731469765033,2.2642363296957906,2.7331564178946106,0.9906149629787894,0.9662793310382658,0.9975152294673391,0.1052915691976103,0.06211064447148641,0.17822579714969808,unresolved,not applicable,fail,0.372;0.662;0.817;0.496,0.537;0.779;0.778;0.538,4 shared facets
c4_n310_rep,11150,42,Extraversion,Social Boldness; Sociability; Liveliness,3,310,500,True,True,0.5901961776873572,0.7146441523997545,3.06673533667741,4.8826801011344045,0.9896813202124122,0.9641566954809261,0.9980635665612645,0.13215643979047237,0.08484251673522493,0.2125056285351836,unresolved,not applicable,unresolved,0.841;0.629;0.590,0.792;0.814;0.715,3 shared facets (SSE excluded)
c4_n310_rep,11150,42,Extraversion_4pos,Social Self-Esteem; Social Boldness; Sociability; Liveliness,4,310,500,True,True,0.5190781382036874,0.6578857344642357,3.3550153077667346,5.1830485021422685,0.9970207855977087,0.9900940319338962,0.9991486223943186,0.1020787330078519,0.07034442941427041,0.1505936442617322,unresolved,not applicable,unresolved,0.729;0.858;0.676;0.519,0.827;0.872;0.788;0.658,4 positional facets (SSE paired with Expressiveness)
c4_n310_rep,11150,42,Agreeableness,Forgiveness; Gentleness; Flexibility; Patience,4,310,500,False,False,0.5037865621322491,0.7399089365241488,2.813604264483762,6.2148424295638565,0.992237822653442,0.9751558381173973,0.9969718069430035,0.16371335006933332,0.12924902100560673,0.21965665022322436,fail,not applicable,fail,0.670;0.736;0.504;0.648,0.755;0.846;0.785;0.740,4 shared facets
c4_n310_rep,11150,42,Conscientiousness,Organization; Diligence; Perfectionism; Prudence,4,310,500,True,True,0.6274311433246375,0.599182396923535,3.244465056479312,3.835623815050767,0.9963643804489961,0.9886634631303575,0.9983829185050452,0.06128084906053291,0.04295746145380851,0.10849984104884494,unresolved,not applicable,unresolved,0.671;0.699;0.679;0.627,0.743;0.730;0.599;0.678,4 shared facets
c4_n310_rep,11150,42,Openness,Aesthetic Appreciation; Inquisitiveness; Creativity; Unconventionality,4,310,500,False,False,0.5027340113293308,0.48709783988364735,2.6775898829180482,2.7387557895873536,0.9843989262862558,0.9608124906032833,0.9934446132167677,0.1102149872289996,0.07557714887444611,0.1744976075390887,unresolved,not applicable,fail,0.647;0.519;0.679;0.503,0.487;0.632;0.754;0.571,4 shared facets
c10_n310_rep,11150,43,Honesty-Humility,Sincerity; Fairness; Greed Avoidance; Modesty,4,310,500,True,True,0.5884539688442215,0.5565211484079214,3.244997750327831,3.3156290974220988,0.9983799663901879,0.9902097546896366,0.9993442018454405,0.037489119510765306,0.02987279235467889,0.09622516114376546,pass,not applicable,pass,0.633;0.588;0.795;0.597,0.632;0.557;0.768;0.659,4 shared facets
c10_n310_rep,11150,43,Emotionality,Fearfulness; Anxiety; Dependence; Sentimentality,4,310,500,False,False,0.4795957916780893,0.53731469765033,2.586484713420329,2.7331564178946106,0.9995261353970525,0.9905208763226442,0.9995059076902088,0.034932760528631,0.027936481831942486,0.10188137336886081,unresolved,not applicable,fail,0.516;0.750;0.762;0.480,0.537;0.779;0.778;0.538,4 shared facets
c10_n310_rep,11150,43,Extraversion,Social Boldness; Sociability; Liveliness,3,310,500,True,True,0.7510274594332558,0.7146441523997545,5.400189880211887,4.8826801011344045,0.9997130182874169,0.9970206966038667,0.9999335146732224,0.023031917558103777,0.013936636725513327,0.06462046305504052,pass,not applicable,pass,0.784;0.828;0.751,0.792;0.814;0.715,3 shared facets (SSE excluded)
c10_n310_rep,11150,43,Extraversion_4pos,Social Self-Esteem; Social Boldness; Sociability; Liveliness,4,310,500,True,True,0.6841692287660722,0.6578857344642357,5.19722748286189,5.1830485021422685,0.9996718311854934,0.9980449947135557,0.9999161163367162,0.0203994087407741,0.015421823338861409,0.05429585272745757,pass,not applicable,pass,0.800;0.871;0.803;0.684,0.827;0.872;0.788;0.658,4 positional facets (SSE paired with Expressiveness)
c10_n310_rep,11150,43,Agreeableness,Forgiveness; Gentleness; Flexibility; Patience,4,310,500,True,True,0.6184633238044341,0.7399089365241488,4.24319957383924,6.2148424295638565,0.9974041705358625,0.9910379515567006,0.9992604471566782,0.08817441874649182,0.053820754111340866,0.13494573408179483,unresolved,not applicable,unresolved,0.663;0.852;0.697;0.618,0.755;0.846;0.785;0.740,4 shared facets
c10_n310_rep,11150,43,Conscientiousness,Organization; Diligence; Perfectionism; Prudence,4,310,500,True,True,0.5644972104170546,0.599182396923535,3.6658798581691543,3.835623815050767,0.9992939989229114,0.9929240009083258,0.9997216180966975,0.026329627584977484,0.02342080203732908,0.08961385883982563,pass,not applicable,pass,0.766;0.760;0.564;0.666,0.743;0.730;0.599;0.678,4 shared facets
c10_n310_rep,11150,43,Openness,Aesthetic Appreciation; Inquisitiveness; Creativity; Unconventionality,4,310,500,False,False,0.4631851484168915,0.48709783988364735,2.5297052830810975,2.7387557895873536,0.9989895179238352,0.9883695166505742,0.9995125313855898,0.033605401909692856,0.025784575719570674,0.10000900733721094,unresolved,not applicable,fail,0.463;0.654;0.723;0.521,0.487;0.632;0.754;0.571,4 shared facets
c4_n310_rep,11150,43,Honesty-Humility,Sincerity; Fairness; Greed Avoidance; Modesty,4,310,500,True,True,0.5544241831779717,0.5565211484079214,3.1483095288502887,3.3156290974220988,0.9986420235527063,0.9876755588994359,0.9995283198031815,0.04195353469624263,0.02955232990895467,0.10749965570968084,unresolved,not applicable,unresolved,0.608;0.554;0.690;0.673,0.632;0.557;0.768;0.659,4 shared facets
c4_n310_rep,11150,43,Emotionality,Fearfulness; Anxiety; Dependence; Sentimentality,4,310,500,True,False,0.5382860448526855,0.53731469765033,2.9438735099841997,2.7331564178946106,0.9987119720788653,0.9904732976094609,0.9995045017724697,0.04564996763753718,0.0314599776776632,0.10023300892694302,unresolved,not applicable,unresolved,0.538;0.691;0.753;0.539,0.537;0.779;0.778;0.538,4 shared facets
c4_n310_rep,11150,43,Extraversion,Social Boldness; Sociability; Liveliness,3,310,500,True,True,0.6841033733444212,0.7146441523997545,4.001587738069222,4.8826801011344045,0.9946392994072736,0.9853763543152331,0.9983440641542375,0.09229272452666942,0.05707700307312924,0.14561285053815315,unresolved,not applicable,unresolved,0.718;0.684;0.770,0.792;0.814;0.715,3 shared facets (SSE excluded)
c4_n310_rep,11150,43,Extraversion_4pos,Social Self-Esteem; Social Boldness; Sociability; Liveliness,4,310,500,True,True,0.6691973378080875,0.6578857344642357,3.961579754288,5.1830485021422685,0.9971779263114098,0.991511934106451,0.9992645105687719,0.09667016216862917,0.0688153991752468,0.14065375110229394,unresolved,not applicable,unresolved,0.675;0.769;0.729;0.669,0.827;0.872;0.788;0.658,4 positional facets (SSE paired with Expressiveness)
c4_n310_rep,11150,43,Agreeableness,Forgiveness; Gentleness; Flexibility; Patience,4,310,500,False,False,0.4189861991353504,0.7399089365241488,2.5180021031702533,6.2148424295638565,0.9829843768365777,0.9611557558235145,0.9924365297021296,0.22161391847005127,0.18161641725228694,0.2780197387681438,fail,not applicable,fail,0.653;0.744;0.419;0.537,0.755;0.846;0.785;0.740,4 shared facets
c4_n310_rep,11150,43,Conscientiousness,Organization; Diligence; Perfectionism; Prudence,4,310,500,False,False,0.5852843206060593,0.599182396923535,2.9475872696399366,3.835623815050767,0.9914732055405043,0.9777543664362583,0.9967651048609393,0.09879313530487208,0.06589629653760999,0.16020454706271534,unresolved,not applicable,fail,0.623;0.585;0.613;0.739,0.743;0.730;0.599;0.678,4 shared facets
c4_n310_rep,11150,43,Openness,Aesthetic Appreciation; Inquisitiveness; Creativity; Unconventionality,4,310,500,False,False,0.4863466445360288,0.48709783988364735,2.309962012837989,2.7387557895873536,0.9944917335101743,0.9652505536752284,0.9984236498824375,0.12177969010991736,0.08568565250517958,0.19525163506920132,unresolved,not applicable,fail,0.486;0.513;0.559;0.488,0.487;0.632;0.754;0.571,4 shared facets
c10_n310_rep,11150,44,Honesty-Humility,Sincerity; Fairness; Greed Avoidance; Modesty,4,310,500,True,True,0.5374894270529128,0.5565211484079214,3.218502275527953,3.3156290974220988,0.9989512403538274,0.9928741851824017,0.9996358847971019,0.030163592607318344,0.02352851339761408,0.08450655156856,pass,not applicable,pass,0.680;0.537;0.761;0.629,0.632;0.557;0.768;0.659,4 shared facets
c10_n310_rep,11150,44,Emotionality,Fearfulness; Anxiety; Dependence; Sentimentality,4,310,500,False,False,0.3318844789263698,0.53731469765033,2.1017404697805135,2.7331564178946106,0.9887874196113299,0.9706477764131839,0.9958207384649399,0.10699091119570436,0.06977119986634497,0.16634539388296724,unresolved,not applicable,fail,0.332;0.798;0.721;0.535,0.537;0.779;0.778;0.538,4 shared facets
c10_n310_rep,11150,44,Extraversion,Social Boldness; Sociability; Liveliness,3,310,500,True,True,0.7503560025224052,0.7146441523997545,5.3832051067140805,4.8826801011344045,0.9996772845193241,0.997020682408246,0.9999497060348038,0.02147480790710568,0.01699439406629163,0.06439531427152147,pass,not applicable,pass,0.794;0.804;0.750,0.792;0.814;0.715,3 shared facets (SSE excluded)
c10_n310_rep,11150,44,Extraversion_4pos,Social Self-Esteem; Social Boldness; Sociability; Liveliness,4,310,500,True,True,0.6886325446331694,0.6578857344642357,5.771453313526542,5.1830485021422685,0.9997589162367746,0.9983424387923643,0.9999153231991126,0.02283540895715216,0.01688343132898667,0.05446250456895851,pass,not applicable,pass,0.861;0.872;0.785;0.689,0.827;0.872;0.788;0.658,4 positional facets (SSE paired with Expressiveness)
c10_n310_rep,11150,44,Agreeableness,Forgiveness; Gentleness; Flexibility; Patience,4,310,500,True,True,0.6863226697058328,0.7399089365241488,5.274684439407656,6.2148424295638565,0.9985980399268115,0.9952842559502013,0.9995015236203751,0.04186601199290553,0.028164693022768906,0.07995721624877287,pass,not applicable,pass,0.686;0.876;0.812;0.713,0.755;0.846;0.785;0.740,4 shared facets
c10_n310_rep,11150,44,Conscientiousness,Organization; Diligence; Perfectionism; Prudence,4,310,500,True,True,0.6033105572793249,0.599182396923535,3.6411986885246477,3.835623815050767,0.9997674595913727,0.9929272757840374,0.9997260059737869,0.026689944527496675,0.022879197605856817,0.09235137528445325,pass,not applicable,pass,0.707;0.695;0.603;0.659,0.743;0.730;0.599;0.678,4 shared facets
c10_n310_rep,11150,44,Openness,Aesthetic Appreciation; Inquisitiveness; Creativity; Unconventionality,4,310,500,False,False,0.44657506823516735,0.48709783988364735,2.7324530052858416,2.7387557895873536,0.9979317572078759,0.9854620129534974,0.9992880725434553,0.0399718430471946,0.030236679233889178,0.10779069877016817,unresolved,not applicable,fail,0.447;0.593;0.779;0.622,0.487;0.632;0.754;0.571,4 shared facets
c4_n310_rep,11150,44,Honesty-Humility,Sincerity; Fairness; Greed Avoidance; Modesty,4,310,500,False,False,0.4413941026689603,0.5565211484079214,2.428827909103879,3.3156290974220988,0.9823836449129939,0.9527927235764114,0.9936148325149835,0.14755904283580673,0.10004217922738222,0.22062638614522023,fail,not applicable,fail,0.705;0.474;0.603;0.441,0.632;0.557;0.768;0.659,4 shared facets
c4_n310_rep,11150,44,Emotionality,Fearfulness; Anxiety; Dependence; Sentimentality,4,310,500,False,False,0.22666977851575476,0.53731469765033,1.9166130031587676,2.7331564178946106,0.9546676071826294,0.9108009283004388,0.978525046552787,0.20875162909670422,0.15092129112054542,0.2803776917388197,fail,not applicable,fail,0.227;0.670;0.580;0.701,0.537;0.779;0.778;0.538,4 shared facets
c4_n310_rep,11150,44,Extraversion,Social Boldness; Sociability; Liveliness,3,310,500,True,True,0.6623961838945619,0.7146441523997545,4.135910490967968,4.8826801011344045,0.9983803102701958,0.9919114034634292,0.9996910520795619,0.04892866300496987,0.022768717973600028,0.10736774872084341,unresolved,not applicable,unresolved,0.828;0.758;0.662,0.792;0.814;0.715,3 shared facets (SSE excluded)
c4_n310_rep,11150,44,Extraversion_4pos,Social Self-Esteem; Social Boldness; Sociability; Liveliness,4,310,500,True,True,0.6091137203892825,0.6578857344642357,4.729956274156097,5.1830485021422685,0.999471180538285,0.9971255170808307,0.9998593396994868,0.028462283886188957,0.01665816300579509,0.06852395195882445,pass,not applicable,pass,0.841;0.846;0.790;0.609,0.827;0.872;0.788;0.658,4 positional facets (SSE paired with Expressiveness)
c4_n310_rep,11150,44,Agreeableness,Forgiveness; Gentleness; Flexibility; Patience,4,310,500,True,True,0.590407666377342,0.7399089365241488,3.7675691733523586,6.2148424295638565,0.9987384934914526,0.9918832302467034,0.9996886884128079,0.10383354904152164,0.06852031794060445,0.1559972866172355,unresolved,not applicable,unresolved,0.658;0.772;0.709;0.590,0.755;0.846;0.785;0.740,4 shared facets
c4_n310_rep,11150,44,Conscientiousness,Organization; Diligence; Perfectionism; Prudence,4,310,500,False,False,0.5071428612989486,0.599182396923535,2.830094033920657,3.835623815050767,0.9766139999014481,0.9500679936652793,0.9897466131919509,0.15857492567423995,0.1111046950751691,0.22538179352891452,fail,not applicable,fail,0.523;0.670;0.739;0.507,0.743;0.730;0.599;0.678,4 shared facets
c4_n310_rep,11150,44,Openness,Aesthetic Appreciation; Inquisitiveness; Creativity; Unconventionality,4,310,500,False,False,0.33414634396575416,0.48709783988364735,2.2177139258114225,2.7387557895873536,0.9878072164597124,0.9663283143510004,0.9962396432246157,0.0996989789256727,0.06444404520415484,0.16440882669461912,unresolved,not applicable,fail,0.334;0.531;0.746;0.649,0.487;0.632;0.754;0.571,4 shared facets
c10_n310_rep,11150,45,Honesty-Humility,Sincerity; Fairness; Greed Avoidance; Modesty,4,310,500,False,False,0.4547646075811209,0.5565211484079214,2.804799100704688,3.3156290974220988,0.9964533187805769,0.9834339335740266,0.9991810643582995,0.05660290597471593,0.03425700200763851,0.1251452377931653,unresolved,not applicable,fail,0.656;0.455;0.796;0.625,0.632;0.557;0.768;0.659,4 shared facets
c10_n310_rep,11150,45,Emotionality,Fearfulness; Anxiety; Dependence; Sentimentality,4,310,500,False,False,0.5247509489272906,0.53731469765033,2.6733561589244985,2.7331564178946106,0.9995157807964945,0.9922598094403864,0.9996199526303429,0.02954058610118892,0.024279407098635762,0.0915903048855743,pass,not applicable,fail,0.546;0.725;0.761;0.525,0.537;0.779;0.778;0.538,4 shared facets
c10_n310_rep,11150,45,Extraversion,Social Boldness; Sociability; Liveliness,3,310,500,True,True,0.7021473500005476,0.7146441523997545,4.490142146238424,4.8826801011344045,0.9999096004939603,0.9959362546092583,0.999927035489262,0.025165673227297455,0.016629345305417976,0.08291194066275832,pass,not applicable,pass,0.775;0.776;0.702,0.792;0.814;0.715,3 shared facets (SSE excluded)
c10_n310_rep,11150,45,Extraversion_4pos,Social Self-Esteem; Social Boldness; Sociability; Liveliness,4,310,500,True,True,0.6342482919711717,0.6578857344642357,4.839818715281311,5.1830485021422685,0.9997016341448667,0.9977602198114845,0.9998867860097131,0.02334755050654485,0.01468005442550145,0.06499943481049653,pass,not applicable,pass,0.837;0.866;0.750;0.634,0.827;0.872;0.788;0.658,4 positional facets (SSE paired with Expressiveness)
c10_n310_rep,11150,45,Agreeableness,Forgiveness; Gentleness; Flexibility; Patience,4,310,500,True,True,0.7435455715213384,0.7399089365241488,6.030688372369999,6.2148424295638565,0.9998056957821968,0.9979733546561906,0.9999367493768401,0.019869586072704875,0.013927833679443734,0.061246811162053855,pass,not applicable,pass,0.744;0.831;0.752;0.750,0.755;0.846;0.785;0.740,4 shared facets
c10_n310_rep,11150,45,Conscientiousness,Organization; Diligence; Perfectionism; Prudence,4,310,500,True,True,0.681520162430065,0.599182396923535,4.637053706193628,3.835623815050767,0.9982591238047412,0.9932860886180273,0.9994736887456536,0.04770683658564125,0.030952648005684723,0.0902476678204256,pass,not applicable,pass,0.740;0.710;0.682;0.722,0.743;0.730;0.599;0.678,4 shared facets
c10_n310_rep,11150,45,Openness,Aesthetic Appreciation; Inquisitiveness; Creativity; Unconventionality,4,310,500,False,False,0.533411134852222,0.48709783988364735,2.644224823544719,2.7387557895873536,0.9958430621609046,0.9820225217975703,0.9983588111176939,0.05758470922434278,0.04143435846228066,0.12038148644071121,unresolved,not applicable,fail,0.533;0.562;0.692;0.618,0.487;0.632;0.754;0.571,4 shared facets
c4_n310_rep,11150,45,Honesty-Humility,Sincerity; Fairness; Greed Avoidance; Modesty,4,310,500,False,False,0.48236381981816623,0.5565211484079214,2.5955333420464943,3.3156290974220988,0.9994101899352893,0.9858242105643721,0.9991959992427183,0.10038490942866009,0.06472798632944507,0.1695141373678797,unresolved,not applicable,fail,0.559;0.482;0.655;0.530,0.632;0.557;0.768;0.659,4 shared facets
c4_n310_rep,11150,45,Emotionality,Fearfulness; Anxiety; Dependence; Sentimentality,4,310,500,False,False,0.4001352598261086,0.53731469765033,2.1539904561401184,2.7331564178946106,0.9904348691935858,0.9615539964240208,0.9969715771409774,0.11981695982956948,0.08604390512451465,0.19365991355536943,unresolved,not applicable,fail,0.445;0.608;0.804;0.400,0.537;0.779;0.778;0.538,4 shared facets
c4_n310_rep,11150,45,Extraversion,Social Boldness; Sociability; Liveliness,3,310,500,True,True,0.5972644637530039,0.7146441523997545,3.0013975155707984,4.8826801011344045,0.9928792619498482,0.9719041477051222,0.9987799439397301,0.14711987581793068,0.10087914601970385,0.21495098532759147,fail,not applicable,fail,0.597;0.651;0.712,0.792;0.814;0.715,3 shared facets (SSE excluded)
c4_n310_rep,11150,45,Extraversion_4pos,Social Self-Esteem; Social Boldness; Sociability; Liveliness,4,310,500,True,True,0.6274923002025186,0.6578857344642357,3.894068349711041,5.1830485021422685,0.9943315383639625,0.9871580737485954,0.9974383221049052,0.12491026027961848,0.09432988443375216,0.16713174481474505,unresolved,not applicable,unresolved,0.804;0.652;0.677;0.627,0.827;0.872;0.788;0.658,4 positional facets (SSE paired with Expressiveness)
c4_n310_rep,11150,45,Agreeableness,Forgiveness; Gentleness; Flexibility; Patience,4,310,500,True,True,0.5397489991146324,0.7399089365241488,3.3162095635328264,6.2148424295638565,0.9824528692916628,0.9676221314237634,0.9903379601091035,0.17829774412743257,0.14085255383146372,0.22700007614139495,fail,not applicable,fail,0.717;0.595;0.540;0.786,0.755;0.846;0.785;0.740,4 shared facets
c4_n310_rep,11150,45,Conscientiousness,Organization; Diligence; Perfectionism; Prudence,4,310,500,False,False,0.5482545360914262,0.599182396923535,2.7689203181788344,3.835623815050767,0.9998515125845577,0.991539007226481,0.9997519020242421,0.055685173768524575,0.030948162676697106,0.12013641731078575,unresolved,not applicable,fail,0.677;0.664;0.548;0.643,0.743;0.730;0.599;0.678,4 shared facets
c4_n310_rep,11150,45,Openness,Aesthetic Appreciation; Inquisitiveness; Creativity; Unconventionality,4,310,500,False,False,0.42776170834695926,0.48709783988364735,2.336885930889009,2.7387557895873536,0.96581201281079,0.9286041505348147,0.9834959768351382,0.16762320529234934,0.12108900384468008,0.23583520182406814,fail,not applicable,fail,0.669;0.428;0.579;0.490,0.487;0.632;0.754;0.571,4 shared facets
c10_n310_rep,11150,46,Honesty-Humility,Sincerity; Fairness; Greed Avoidance; Modesty,4,310,500,False,False,0.4367848913129089,0.5565211484079214,2.7586617227457846,3.3156290974220988,0.9946346810183101,0.9812297692984633,0.998514277595655,0.07097280502607616,0.042950327304496674,0.1309481161988633,unresolved,not applicable,fail,0.689;0.437;0.759;0.609,0.632;0.557;0.768;0.659,4 shared facets
c10_n310_rep,11150,46,Emotionality,Fearfulness; Anxiety; Dependence; Sentimentality,4,310,500,False,False,0.43556053271556594,0.53731469765033,2.199911048718722,2.7331564178946106,0.9981699344548108,0.9820814742860781,0.9992472397075457,0.06923588555282323,0.04211006794556641,0.1464888589428643,unresolved,not applicable,fail,0.469;0.755;0.719;0.436,0.537;0.779;0.778;0.538,4 shared facets
c10_n310_rep,11150,46,Extraversion,Social Boldness; Sociability; Liveliness,3,310,500,True,True,0.7362046718611988,0.7146441523997545,5.084547548380756,4.8826801011344045,0.9981524847093737,0.9933586284275093,0.999646216284247,0.048698603917120074,0.02897613712926974,0.09370893652219475,pass,not applicable,pass,0.736;0.852;0.765,0.792;0.814;0.715,3 shared facets (SSE excluded)
c10_n310_rep,11150,46,Extraversion_4pos,Social Self-Esteem; Social Boldness; Sociability; Liveliness,4,310,500,True,True,0.7069932098906038,0.6578857344642357,4.981796253364273,5.1830485021422685,0.9993040260270448,0.9972452828799413,0.9997944110907181,0.029516561823996836,0.02047297099027301,0.06316024392701412,pass,not applicable,pass,0.799;0.855;0.785;0.707,0.827;0.872;0.788;0.658,4 positional facets (SSE paired with Expressiveness)
c10_n310_rep,11150,46,Agreeableness,Forgiveness; Gentleness; Flexibility; Patience,4,310,500,True,True,0.7557855905453309,0.7399089365241488,6.8274810371619425,6.2148424295638565,0.999866135643788,0.9984949580527518,0.9999132466091455,0.015866020277841363,0.014548208996620363,0.051847146713547745,pass,not applicable,pass,0.756;0.840;0.810;0.759,0.755;0.846;0.785;0.740,4 shared facets
c10_n310_rep,11150,46,Conscientiousness,Organization; Diligence; Perfectionism; Prudence,4,310,500,True,True,0.5678184631848908,0.599182396923535,3.68415156346751,3.835623815050767,0.9991594391008833,0.9927003401302041,0.9997121366756437,0.029955508715551256,0.023107021863360784,0.08665448353628157,pass,not applicable,pass,0.781;0.720;0.568;0.710,0.743;0.730;0.599;0.678,4 shared facets
c10_n310_rep,11150,46,Openness,Aesthetic Appreciation; Inquisitiveness; Creativity; Unconventionality,4,310,500,True,True,0.5957500469882164,0.48709783988364735,3.145515801032363,2.7387557895873536,0.9965897082777433,0.9868442577377061,0.9990879878549103,0.06880907083519357,0.04468085305073214,0.1180755399209422,unresolved,not applicable,unresolved,0.605;0.608;0.817;0.596,0.487;0.632;0.754;0.571,4 shared facets
c4_n310_rep,11150,46,Honesty-Humility,Sincerity; Fairness; Greed Avoidance; Modesty,4,310,500,False,False,0.3000861934899698,0.5565211484079214,2.0425700174932007,3.3156290974220988,0.9454780769814685,0.8672063216666508,0.9736994164091703,0.2249957015436001,0.17248991159014374,0.3273852404467811,fail,not applicable,fail,0.784;0.414;0.595;0.300,0.632;0.557;0.768;0.659,4 shared facets
c4_n310_rep,11150,46,Emotionality,Fearfulness; Anxiety; Dependence; Sentimentality,4,310,500,False,False,0.37218335687790927,0.53731469765033,1.9492227881087645,2.7331564178946106,0.974621791712035,0.9268832270964854,0.9924419085593218,0.18054084786463298,0.13343820038977908,0.25958522119181027,fail,not applicable,fail,0.372;0.814;0.477;0.432,0.537;0.779;0.778;0.538,4 shared facets
c4_n310_rep,11150,46,Extraversion,Social Boldness; Sociability; Liveliness,3,310,500,True,True,0.6459495401659918,0.7146441523997545,3.6460461178913315,4.8826801011344045,0.999892749007757,0.992632408902106,0.9998853416410687,0.06732530689539583,0.04425725272061399,0.12441857751717421,unresolved,not applicable,unresolved,0.716;0.759;0.646,0.792;0.814;0.715,3 shared facets (SSE excluded)
c4_n310_rep,11150,46,Extraversion_4pos,Social Self-Esteem; Social Boldness; Sociability; Liveliness,4,310,500,True,True,0.5965221200649542,0.6578857344642357,3.7009833133864602,5.1830485021422685,0.9989957806140972,0.9944914918079918,0.9996620579900678,0.09275882874933422,0.06725512245602672,0.13540096884533498,unresolved,not applicable,unresolved,0.682;0.802;0.718;0.597,0.827;0.872;0.788;0.658,4 positional facets (SSE paired with Expressiveness)
c4_n310_rep,11150,46,Agreeableness,Forgiveness; Gentleness; Flexibility; Patience,4,310,500,True,True,0.5804778465756003,0.7399089365241488,3.7210824639958817,6.2148424295638565,0.996205874802653,0.9891878556363433,0.9987548511266474,0.09314833472561478,0.06079666441262137,0.141739772459628,unresolved,not applicable,unresolved,0.580;0.795;0.767;0.704,0.755;0.846;0.785;0.740,4 shared facets
c4_n310_rep,11150,46,Conscientiousness,Organization; Diligence; Perfectionism; Prudence,4,310,500,False,False,0.4207502533526909,0.599182396923535,2.5262416384265447,3.835623815050767,0.9898641585832543,0.969668366831459,0.9964684710017997,0.10764250493969385,0.07339145905701731,0.17713460831878483,unresolved,not applicable,fail,0.672;0.663;0.421;0.749,0.743;0.730;0.599;0.678,4 shared facets
c4_n310_rep,11150,46,Openness,Aesthetic Appreciation; Inquisitiveness; Creativity; Unconventionality,4,310,500,False,False,0.4498053240479361,0.48709783988364735,2.534131575479691,2.7387557895873536,0.9940899713442516,0.9758192642088889,0.9981611614444833,0.07414449378177095,0.04858834248085904,0.1384320327868426,unresolved,not applicable,fail,0.544;0.624;0.690;0.450,0.487;0.632;0.754;0.571,4 shared facets
c10_n310_rep,11150,47,Honesty-Humility,Sincerity; Fairness; Greed Avoidance; Modesty,4,310,500,True,True,0.5646638840667835,0.5565211484079214,3.4139216046857346,3.3156290974220988,0.9997444478052488,0.9939119766082405,0.9997478228524795,0.016342001550892566,0.020986793769334707,0.07785251940613212,pass,not applicable,pass,0.614;0.565;0.793;0.666,0.632;0.557;0.768;0.659,4 shared facets
c10_n310_rep,11150,47,Emotionality,Fearfulness; Anxiety; Dependence; Sentimentality,4,310,500,True,True,0.585239003447906,0.53731469765033,3.5696224688379443,2.7331564178946106,0.9978673017272119,0.9922380934886544,0.9992913018093008,0.05178888962947136,0.03266465929746954,0.1006579085371717,unresolved,not applicable,unresolved,0.585;0.760;0.788;0.627,0.537;0.779;0.778;0.538,4 shared facets
c10_n310_rep,11150,47,Extraversion,Social Boldness; Sociability; Liveliness,3,310,500,True,True,0.760134121459647,0.7146441523997545,5.560689115409189,4.8826801011344045,0.9995893221569834,0.9965361399162218,0.9999272947276019,0.026276488297429883,0.016198514300422205,0.06904380892367755,pass,not applicable,pass,0.791;0.814;0.760,0.792;0.814;0.715,3 shared facets (SSE excluded)
c10_n310_rep,11150,47,Extraversion_4pos,Social Self-Esteem; Social Boldness; Sociability; Liveliness,4,310,500,True,True,0.7075431532636264,0.6578857344642357,5.524963412083379,5.1830485021422685,0.9993938260952231,0.9974376954618828,0.9998504011046402,0.027895956762066514,0.018955156691690598,0.059689206986002045,pass,not applicable,pass,0.806;0.879;0.775;0.708,0.827;0.872;0.788;0.658,4 positional facets (SSE paired with Expressiveness)
c10_n310_rep,11150,47,Agreeableness,Forgiveness; Gentleness; Flexibility; Patience,4,310,500,True,True,0.731533902656691,0.7399089365241488,5.4351112129501615,6.2148424295638565,0.9995327933998555,0.9970994343453345,0.9998145413034898,0.03344175024405298,0.022644681649675546,0.07421592849780984,pass,not applicable,pass,0.763;0.805;0.734;0.732,0.755;0.846;0.785;0.740,4 shared facets
c10_n310_rep,11150,47,Conscientiousness,Organization; Diligence; Perfectionism; Prudence,4,310,500,True,True,0.5959548957534079,0.599182396923535,3.817934359147115,3.835623815050767,0.9999567981367741,0.9952530194164105,0.9998468220574885,0.006419765348498641,0.019655845328231992,0.07064354044322223,pass,not applicable,pass,0.752;0.721;0.596;0.681,0.743;0.730;0.599;0.678,4 shared facets
c10_n310_rep,11150,47,Openness,Aesthetic Appreciation; Inquisitiveness; Creativity; Unconventionality,4,310,500,False,False,0.4540208759842783,0.48709783988364735,2.3321131033804536,2.7387557895873536,0.9967481370110648,0.9786380879447324,0.998620254603124,0.052432108444744774,0.03957383428418453,0.13324003214352287,unresolved,not applicable,fail,0.454;0.546;0.799;0.549,0.487;0.632;0.754;0.571,4 shared facets
c4_n310_rep,11150,47,Honesty-Humility,Sincerity; Fairness; Greed Avoidance; Modesty,4,310,500,False,False,0.5377648948612707,0.5565211484079214,2.4926049341148557,3.3156290974220988,0.9922836197701591,0.9744564427109533,0.9980172572346887,0.09940273441294162,0.0670044104667098,0.15956929141156834,unresolved,not applicable,fail,0.680;0.538;0.619;0.538,0.632;0.557;0.768;0.659,4 shared facets
c4_n310_rep,11150,47,Emotionality,Fearfulness; Anxiety; Dependence; Sentimentality,4,310,500,False,False,0.5807123914446181,0.53731469765033,2.695821486141139,2.7331564178946106,0.9887949584731227,0.9756912444222837,0.9947963588910417,0.10351327781006067,0.07776504493709603,0.15261392630742904,unresolved,not applicable,fail,0.581;0.697;0.620;0.634,0.537;0.779;0.778;0.538,4 shared facets
c4_n310_rep,11150,47,Extraversion,Social Boldness; Sociability; Liveliness,3,310,500,True,True,0.6676137914247002,0.7146441523997545,3.6372155907424113,4.8826801011344045,0.9968229919500661,0.9870846033644545,0.999543517973879,0.08652464024367545,0.051560899321283014,0.14503723302954766,unresolved,not applicable,unresolved,0.789;0.672;0.668,0.792;0.814;0.715,3 shared facets (SSE excluded)
c4_n310_rep,11150,47,Extraversion_4pos,Social Self-Esteem; Social Boldness; Sociability; Liveliness,4,310,500,True,True,0.6188223382687261,0.6578857344642357,4.404230066802815,5.1830485021422685,0.99928078128651,0.9953167631554702,0.999761749021111,0.06483878838759126,0.04122122761950524,0.10796999080996568,unresolved,not applicable,unresolved,0.782;0.828;0.682;0.619,0.827;0.872;0.788;0.658,4 positional facets (SSE paired with Expressiveness)
c4_n310_rep,11150,47,Agreeableness,Forgiveness; Gentleness; Flexibility; Patience,4,310,500,True,True,0.5557437713759046,0.7399089365241488,3.326217094400642,6.2148424295638565,0.9944401374243822,0.9844789732788095,0.9981121748993366,0.15024786510851304,0.11637697671515851,0.20028556347417603,fail,not applicable,fail,0.669;0.678;0.556;0.699,0.755;0.846;0.785;0.740,4 shared facets
c4_n310_rep,11150,47,Conscientiousness,Organization; Diligence; Perfectionism; Prudence,4,310,500,True,True,0.5064418896661581,0.599182396923535,3.0309337584827394,3.835623815050767,0.9992620870916096,0.9900996471740665,0.9996248923491727,0.0696399879475903,0.04293508150950373,0.12799851512716695,unresolved,not applicable,unresolved,0.694;0.681;0.506;0.601,0.743;0.730;0.599;0.678,4 shared facets
c4_n310_rep,11150,47,Openness,Aesthetic Appreciation; Inquisitiveness; Creativity; Unconventionality,4,310,500,False,False,0.2983190788502294,0.48709783988364735,1.5418790405654865,2.7387557895873536,0.96843227090282,0.8395591182626236,0.9943820784235482,0.21250226534372,0.15414325962548076,0.3391028210125048,fail,not applicable,fail,0.373;0.332;0.695;0.298,0.487;0.632;0.754;0.571,4 shared facets
c10_n310_rep,11150,48,Honesty-Humility,Sincerity; Fairness; Greed Avoidance; Modesty,4,310,500,True,True,0.5370307695941721,0.5565211484079214,3.125294903894933,3.3156290974220988,0.9994390764571106,0.9919347668926779,0.9997007820424243,0.026134244773681148,0.021244640834693927,0.09831444273326864,pass,not applicable,pass,0.586;0.537;0.778;0.650,0.632;0.557;0.768;0.659,4 shared facets
c10_n310_rep,11150,48,Emotionality,Fearfulness; Anxiety; Dependence; Sentimentality,4,310,500,False,False,0.5065599007595798,0.53731469765033,2.58944409417768,2.7331564178946106,0.9996252866727929,0.9910026775038834,0.9996367725580061,0.03068990707562271,0.02647486334353426,0.09981329613600273,pass,not applicable,fail,0.507;0.737;0.747;0.549,0.537;0.779;0.778;0.538,4 shared facets
c10_n310_rep,11150,48,Extraversion,Social Boldness; Sociability; Liveliness,3,310,500,True,True,0.7425244918281533,0.7146441523997545,5.5491677801112935,4.8826801011344045,0.9999714275092164,0.9978398041130129,0.9999595529668014,0.026541309761171136,0.017149649370225957,0.06613354154476431,pass,not applicable,pass,0.810;0.846;0.743,0.792;0.814;0.715,3 shared facets (SSE excluded)
c10_n310_rep,11150,48,Extraversion_4pos,Social Self-Esteem; Social Boldness; Sociability; Liveliness,4,310,500,True,True,0.7028718723864109,0.6578857344642357,6.204580025986529,5.1830485021422685,0.99980374245862,0.9985509368188784,0.9999092067792755,0.03192152881419741,0.02131709152223943,0.06440142076065494,pass,not applicable,pass,0.863;0.880;0.814;0.703,0.827;0.872;0.788;0.658,4 positional facets (SSE paired with Expressiveness)
c10_n310_rep,11150,48,Agreeableness,Forgiveness; Gentleness; Flexibility; Patience,4,310,500,True,True,0.6818313078503535,0.7399089365241488,4.818251385905215,6.2148424295638565,0.9982733204365521,0.994576635132071,0.9994238244512902,0.04916286372283511,0.02881462853352934,0.09053541689308449,pass,not applicable,pass,0.683;0.856;0.818;0.682,0.755;0.846;0.785;0.740,4 shared facets
c10_n310_rep,11150,48,Conscientiousness,Organization; Diligence; Perfectionism; Prudence,4,310,500,True,True,0.621788092868661,0.599182396923535,4.09112343954204,3.835623815050767,0.9997129435210604,0.9957971857839781,0.9998031204127651,0.026825426273322378,0.023654146005350474,0.07409033339532331,pass,not applicable,pass,0.769;0.770;0.622;0.670,0.743;0.730;0.599;0.678,4 shared facets
c10_n310_rep,11150,48,Openness,Aesthetic Appreciation; Inquisitiveness; Creativity; Unconventionality,4,310,500,True,False,0.5084747914554554,0.48709783988364735,2.7720458174560227,2.7387557895873536,0.9988615261031535,0.9895127060724972,0.9994640282733924,0.029914686971118168,0.025691631220632612,0.09400611023923433,pass,not applicable,pass,0.508;0.670;0.714;0.579,0.487;0.632;0.754;0.571,4 shared facets
c4_n310_rep,11150,48,Honesty-Humility,Sincerity; Fairness; Greed Avoidance; Modesty,4,310,500,False,False,0.48620416168292335,0.5565211484079214,2.385801840164194,3.3156290974220988,0.9954271019859148,0.9763668318365749,0.9983604263253223,0.11072746759865618,0.07626357872010774,0.18204811486514366,unresolved,not applicable,fail,0.486;0.526;0.710;0.506,0.632;0.557;0.768;0.659,4 shared facets
c4_n310_rep,11150,48,Emotionality,Fearfulness; Anxiety; Dependence; Sentimentality,4,310,500,False,False,0.4557435308475188,0.53731469765033,2.2521872911456238,2.7331564178946106,0.9988089252845741,0.978218747998834,0.9993717654148984,0.09439204231390137,0.06254397884359468,0.1735103403193789,unresolved,not applicable,fail,0.481;0.634;0.708;0.456,0.537;0.779;0.778;0.538,4 shared facets
c4_n310_rep,11150,48,Extraversion,Social Boldness; Sociability; Liveliness,3,310,500,True,True,0.6046829202404328,0.7146441523997545,3.319869659850044,4.8826801011344045,0.9940687784781065,0.9815230607364616,0.9988197907031258,0.11003435039730167,0.0681697636684007,0.17476897995557006,unresolved,not applicable,unresolved,0.605;0.789;0.693,0.792;0.814;0.715,3 shared facets (SSE excluded)
c4_n310_rep,11150,48,Extraversion_4pos,Social Self-Esteem; Social Boldness; Sociability; Liveliness,4,310,500,True,True,0.6776749711954644,0.6578857344642357,3.4874347081618335,5.1830485021422685,0.9961684500409373,0.9892097370233024,0.9988525057665308,0.11977611196590038,0.0890441621635538,0.1660822694144567,unresolved,not applicable,unresolved,0.679;0.721;0.678;0.679,0.827;0.872;0.788;0.658,4 positional facets (SSE paired with Expressiveness)
c4_n310_rep,11150,48,Agreeableness,Forgiveness; Gentleness; Flexibility; Patience,4,310,500,True,True,0.5282973448062342,0.7399089365241488,3.0184540542501845,6.2148424295638565,0.9950848020760987,0.9841598721607041,0.998343095427985,0.14533915372271916,0.10597119843737991,0.20175053378719243,fail,not applicable,fail,0.528;0.785;0.674;0.610,0.755;0.846;0.785;0.740,4 shared facets
c4_n310_rep,11150,48,Conscientiousness,Organization; Diligence; Perfectionism; Prudence,4,310,500,True,True,0.573744615214115,0.599182396923535,3.153668126357384,3.835623815050767,0.996684283915879,0.9864167246432518,0.9990482253667051,0.07113864441161336,0.04105305645801782,0.13034135457403023,unresolved,not applicable,unresolved,0.653;0.756;0.574;0.574,0.743;0.730;0.599;0.678,4 shared facets
c4_n310_rep,11150,48,Openness,Aesthetic Appreciation; Inquisitiveness; Creativity; Unconventionality,4,310,500,False,False,0.274220803982845,0.48709783988364735,1.9696669212665974,2.7387557895873536,0.9789639580242196,0.9263825920471485,0.9954088949964747,0.14349483884323605,0.09656874861559508,0.23809975044415194,unresolved,not applicable,fail,0.274;0.696;0.586;0.503,0.487;0.632;0.754;0.571,4 shared facets
c10_n310_rep,11150,49,Honesty-Humility,Sincerity; Fairness; Greed Avoidance; Modesty,4,310,500,True,True,0.5714412576074128,0.5565211484079214,3.4343464957325702,3.3156290974220988,0.9980019857270924,0.9909614404923482,0.9993010069585723,0.041648571975824195,0.029955447249721434,0.09229167227815431,pass,not applicable,pass,0.616;0.571;0.716;0.720,0.632;0.557;0.768;0.659,4 shared facets
c10_n310_rep,11150,49,Emotionality,Fearfulness; Anxiety; Dependence; Sentimentality,4,310,500,True,False,0.495164858333028,0.53731469765033,2.7962340766881906,2.7331564178946106,0.999059804452994,0.9932308881833481,0.9996470674726854,0.0328286996194629,0.02533009554026853,0.08169079008128571,pass,not applicable,pass,0.566;0.806;0.808;0.495,0.537;0.779;0.778;0.538,4 shared facets
c10_n310_rep,11150,49,Extraversion,Social Boldness; Sociability; Liveliness,3,310,500,True,True,0.7337739940425918,0.7146441523997545,5.131452621300026,4.8826801011344045,0.999881050423471,0.9973659440855239,0.9999259067833999,0.013746244034722134,0.014953710234452139,0.06204638512364872,pass,not applicable,pass,0.783;0.825;0.734,0.792;0.814;0.715,3 shared facets (SSE excluded)
c10_n310_rep,11150,49,Extraversion_4pos,Social Self-Esteem; Social Boldness; Sociability; Liveliness,4,310,500,True,True,0.6691402002152137,0.6578857344642357,5.028024366625975,5.1830485021422685,0.9998250961387545,0.9982823257737187,0.9998954527327697,0.01494066498194113,0.01624469211798488,0.051713021567018715,pass,not applicable,pass,0.800;0.876;0.792;0.669,0.827;0.872;0.788;0.658,4 positional facets (SSE paired with Expressiveness)
c10_n310_rep,11150,49,Agreeableness,Forgiveness; Gentleness; Flexibility; Patience,4,310,500,True,True,0.7543666745595613,0.7399089365241488,6.279645034096766,6.2148424295638565,0.9995982033217476,0.9973015638880214,0.9998765566031521,0.023173958519122483,0.01782569478639226,0.06056179419225075,pass,not applicable,pass,0.770;0.860;0.754;0.768,0.755;0.846;0.785;0.740,4 shared facets
c10_n310_rep,11150,49,Conscientiousness,Organization; Diligence; Perfectionism; Prudence,4,310,500,True,True,0.5915918266752452,0.599182396923535,3.99167877651428,3.835623815050767,0.9973350633925256,0.9908968798931863,0.9989024728575787,0.051965878592016845,0.036764468073312455,0.09862040388905072,pass,not applicable,pass,0.679;0.770;0.592;0.749,0.743;0.730;0.599;0.678,4 shared facets
c10_n310_rep,11150,49,Openness,Aesthetic Appreciation; Inquisitiveness; Creativity; Unconventionality,4,310,500,True,True,0.5287667487935028,0.48709783988364735,3.084764726848638,2.7387557895873536,0.9988597148026254,0.9918456893404853,0.9996565331911529,0.056900303917937364,0.04591389640508896,0.10206375316956609,unresolved,not applicable,unresolved,0.529;0.633;0.853;0.608,0.487;0.632;0.754;0.571,4 shared facets
c4_n310_rep,11150,49,Honesty-Humility,Sincerity; Fairness; Greed Avoidance; Modesty,4,310,500,False,False,0.4689280965285219,0.5565211484079214,2.7020438024416134,3.3156290974220988,0.995723196384436,0.9841636049167454,0.9983602652023978,0.07722808617052439,0.05255940601777268,0.1339543643103344,unresolved,not applicable,fail,0.645;0.469;0.642;0.657,0.632;0.557;0.768;0.659,4 shared facets
c4_n310_rep,11150,49,Emotionality,Fearfulness; Anxiety; Dependence; Sentimentality,4,310,500,True,False,0.5025296846875676,0.53731469765033,2.907288596371018,2.7331564178946106,0.9959832691038344,0.9849960521349643,0.9989021833710782,0.07166263527131851,0.05053248317852117,0.12312234828067209,unresolved,not applicable,unresolved,0.593;0.729;0.661;0.503,0.537;0.779;0.778;0.538,4 shared facets
c4_n310_rep,11150,49,Extraversion,Social Boldness; Sociability; Liveliness,3,310,500,True,True,0.7159022083409741,0.7146441523997545,5.015498231076852,4.8826801011344045,0.9998681565460654,0.9972353896952455,0.9999505641779961,0.01706658313240137,0.014068732863323776,0.06142218637839944,pass,not applicable,pass,0.794;0.844;0.716,0.792;0.814;0.715,3 shared facets (SSE excluded)
c4_n310_rep,11150,49,Extraversion_4pos,Social Self-Esteem; Social Boldness; Sociability; Liveliness,4,310,500,True,True,0.6866328642938093,0.6578857344642357,4.499325646586404,5.1830485021422685,0.9955039403053457,0.9911690104964271,0.9977422849437934,0.0784089210011988,0.05801522043839291,0.11120125401358844,unresolved,not applicable,unresolved,0.687;0.894;0.746;0.709,0.827;0.872;0.788;0.658,4 positional facets (SSE paired with Expressiveness)
c4_n310_rep,11150,49,Agreeableness,Forgiveness; Gentleness; Flexibility; Patience,4,310,500,True,True,0.6438333907816232,0.7399089365241488,4.114450989994685,6.2148424295638565,0.9949470397076122,0.9856207056209173,0.9980460317963299,0.11964270562713034,0.09008604221692142,0.16519406624609956,unresolved,not applicable,unresolved,0.711;0.644;0.666;0.730,0.755;0.846;0.785;0.740,4 shared facets
c4_n310_rep,11150,49,Conscientiousness,Organization; Diligence; Perfectionism; Prudence,4,310,500,False,False,0.447210518036949,0.599182396923535,2.640807117124162,3.835623815050767,0.994331425790628,0.9811377649595102,0.9978782230929826,0.08464088474500366,0.05353384054889553,0.14270499604441766,unresolved,not applicable,fail,0.702;0.759;0.447;0.623,0.743;0.730;0.599;0.678,4 shared facets
c4_n310_rep,11150,49,Openness,Aesthetic Appreciation; Inquisitiveness; Creativity; Unconventionality,4,310,500,False,False,0.5000458994512622,0.48709783988364735,2.649852440450341,2.7387557895873536,0.9985083822185282,0.9890020277463901,0.9995418213020439,0.03664791277814826,0.02742853235631558,0.09735616008163883,pass,not applicable,fail,0.500;0.591;0.780;0.624,0.487;0.632;0.754;0.571,4 shared facets
c10_n310_rep,11150,50,Honesty-Humility,Sincerity; Fairness; Greed Avoidance; Modesty,4,310,500,True,True,0.6469486221877147,0.5565211484079214,3.831710622572002,3.3156290974220988,0.997228801247653,0.9916524027493697,0.9990537883223478,0.06150533978371529,0.03869124801428222,0.10658869218796496,unresolved,not applicable,unresolved,0.686;0.667;0.770;0.647,0.632;0.557;0.768;0.659,4 shared facets
c10_n310_rep,11150,50,Emotionality,Fearfulness; Anxiety; Dependence; Sentimentality,4,310,500,False,False,0.46797567599584483,0.53731469765033,2.389351341977012,2.7331564178946106,0.9992170985395147,0.988764494770907,0.999497876680136,0.05031800825066059,0.03334320661314898,0.11238442738941104,unresolved,not applicable,fail,0.468;0.720;0.762;0.498,0.537;0.779;0.778;0.538,4 shared facets
c10_n310_rep,11150,50,Extraversion,Social Boldness; Sociability; Liveliness,3,310,500,True,True,0.7533260920136516,0.7146441523997545,5.6377819384953485,4.8826801011344045,0.9998630127458737,0.9978257708649492,0.9999419158920707,0.027670128464189977,0.01747385793686211,0.06443232795855121,pass,not applicable,pass,0.801;0.841;0.753,0.792;0.814;0.715,3 shared facets (SSE excluded)
c10_n310_rep,11150,50,Extraversion_4pos,Social Self-Esteem; Social Boldness; Sociability; Liveliness,4,310,500,True,True,0.6917285335696298,0.6578857344642357,5.646291851633887,5.1830485021422685,0.9998069814105615,0.9986243980371847,0.9999316951662894,0.024032056279605342,0.014340468516509676,0.05514805882491696,pass,not applicable,pass,0.830;0.879;0.821;0.692,0.827;0.872;0.788;0.658,4 positional facets (SSE paired with Expressiveness)
c10_n310_rep,11150,50,Agreeableness,Forgiveness; Gentleness; Flexibility; Patience,4,310,500,True,True,0.7390124721734065,0.7399089365241488,6.039872225030258,6.2148424295638565,0.999813270475995,0.9980589627246026,0.9999303737986592,0.01691759625540977,0.016073772555942712,0.05214256511954041,pass,not applicable,pass,0.762;0.877;0.775;0.739,0.755;0.846;0.785;0.740,4 shared facets
c10_n310_rep,11150,50,Conscientiousness,Organization; Diligence; Perfectionism; Prudence,4,310,500,True,True,0.5813240294008315,0.599182396923535,3.7720750474291136,3.835623815050767,0.9983664875790728,0.991629222143262,0.9993666035412438,0.043917693234913575,0.0340345104977121,0.09177978817940963,pass,not applicable,pass,0.789;0.794;0.581;0.644,0.743;0.730;0.599;0.678,4 shared facets
c10_n310_rep,11150,50,Openness,Aesthetic Appreciation; Inquisitiveness; Creativity; Unconventionality,4,310,500,False,False,0.5179128426869992,0.48709783988364735,2.729936232064371,2.7387557895873536,0.9970728518274842,0.9843927455804061,0.9990684165601755,0.05048893303343276,0.03347778249777114,0.11675899946887028,unresolved,not applicable,fail,0.558;0.682;0.753;0.518,0.487;0.632;0.754;0.571,4 shared facets
c4_n310_rep,11150,50,Honesty-Humility,Sincerity; Fairness; Greed Avoidance; Modesty,4,310,500,False,False,0.5234073738324443,0.5565211484079214,2.793500984781631,3.3156290974220988,0.9996384659348864,0.9883397219493434,0.9995690328694722,0.06429588837490147,0.042530523081796744,0.12586456674525334,unresolved,not applicable,fail,0.588;0.523;0.682;0.582,0.632;0.557;0.768;0.659,4 shared facets
c4_n310_rep,11150,50,Emotionality,Fearfulness; Anxiety; Dependence; Sentimentality,4,310,500,False,False,0.44922161644010505,0.53731469765033,2.25515721161326,2.7331564178946106,0.9986045899398758,0.9846591634771078,0.9994603787880628,0.07862676802621893,0.057352233286215706,0.13923391364367974,unresolved,not applicable,fail,0.498;0.663;0.735;0.449,0.537;0.779;0.778;0.538,4 shared facets
c4_n310_rep,11150,50,Extraversion,Social Boldness; Sociability; Liveliness,3,310,500,True,True,0.6927800777716289,0.7146441523997545,3.8807805163154545,4.8826801011344045,0.9977330392357374,0.9894676946897388,0.9997195017624355,0.0860602126739717,0.05761649192451627,0.13662808316563033,unresolved,not applicable,unresolved,0.693;0.704;0.718,0.792;0.814;0.715,3 shared facets (SSE excluded)
c4_n310_rep,11150,50,Extraversion_4pos,Social Self-Esteem; Social Boldness; Sociability; Liveliness,4,310,500,True,True,0.6299099636428381,0.6578857344642357,4.437660601222575,5.1830485021422685,0.9983234315109829,0.994497826352081,0.9992978487848911,0.07369341315773772,0.04958766628834671,0.11008494212057078,unresolved,not applicable,unresolved,0.804;0.736;0.743;0.630,0.827;0.872;0.788;0.658,4 positional facets (SSE paired with Expressiveness)
c4_n310_rep,11150,50,Agreeableness,Forgiveness; Gentleness; Flexibility; Patience,4,310,500,True,True,0.6189849415010895,0.7399089365241488,3.8107043998242998,6.2148424295638565,0.99763211436203,0.9917996030129952,0.9993944438164277,0.0874241702606586,0.06138050035984348,0.13291969215672164,unresolved,not applicable,unresolved,0.619;0.745;0.743;0.733,0.755;0.846;0.785;0.740,4 shared facets
c4_n310_rep,11150,50,Conscientiousness,Organization; Diligence; Perfectionism; Prudence,4,310,500,True,True,0.5669271305263777,0.599182396923535,3.205620073449465,3.835623815050767,0.9984528434417952,0.9873345516668433,0.9994636660536548,0.07525653486906059,0.04901492722150823,0.14115226444024803,unresolved,not applicable,unresolved,0.613;0.679;0.567;0.632,0.743;0.730;0.599;0.678,4 shared facets
c4_n310_rep,11150,50,Openness,Aesthetic Appreciation; Inquisitiveness; Creativity; Unconventionality,4,310,500,False,False,0.35224713586863327,0.48709783988364735,2.001914700932107,2.7387557895873536,0.9660672239771336,0.9180216879838158,0.9874353100954001,0.17277433677918025,0.1256165757934989,0.25077513258890016,fail,not applicable,fail,0.545;0.682;0.497;0.352,0.487;0.632;0.754;0.571,4 shared facets
c10_n310_rep,11150,51,Honesty-Humility,Sincerity; Fairness; Greed Avoidance; Modesty,4,310,500,True,True,0.647377491554955,0.5565211484079214,3.7701462359439715,3.3156290974220988,0.9942797599586877,0.9872355775599522,0.9969390782109181,0.0851422457317414,0.06507747755438696,0.12022482966596358,unresolved,not applicable,unresolved,0.657;0.724;0.774;0.647,0.632;0.557;0.768;0.659,4 shared facets
c10_n310_rep,11150,51,Emotionality,Fearfulness; Anxiety; Dependence; Sentimentality,4,310,500,False,False,0.4585167531725772,0.53731469765033,2.6682383050205587,2.7331564178946106,0.9974286711793022,0.9885825856321757,0.9994262362341905,0.04807265477175823,0.028095786721863945,0.1024236893900865,unresolved,not applicable,fail,0.520;0.797;0.827;0.459,0.537;0.779;0.778;0.538,4 shared facets
c10_n310_rep,11150,51,Extraversion,Social Boldness; Sociability; Liveliness,3,310,500,True,True,0.6968859843853948,0.7146441523997545,4.456781915925086,4.8826801011344045,0.9999357792177257,0.9959784455867411,0.9999285996980524,0.021319610580550458,0.016551523628370462,0.0787200809211307,pass,not applicable,pass,0.762;0.804;0.697,0.792;0.814;0.715,3 shared facets (SSE excluded)
c10_n310_rep,11150,51,Extraversion_4pos,Social Self-Esteem; Social Boldness; Sociability; Liveliness,4,310,500,True,True,0.6487564185675001,0.6578857344642357,5.039881801790489,5.1830485021422685,0.9997386778365785,0.9974105045475952,0.999878755550802,0.020487626531610837,0.015752884089814078,0.06286931131137699,pass,not applicable,pass,0.845;0.850;0.760;0.649,0.827;0.872;0.788;0.658,4 positional facets (SSE paired with Expressiveness)
c10_n310_rep,11150,51,Agreeableness,Forgiveness; Gentleness; Flexibility; Patience,4,310,500,True,True,0.7336712846942519,0.7399089365241488,6.15243578480414,6.2148424295638565,0.9990838840687863,0.9970434468071879,0.9996515623867531,0.03558947155948388,0.02494577478161687,0.06418274125267197,pass,not applicable,pass,0.734;0.838;0.794;0.807,0.755;0.846;0.785;0.740,4 shared facets
c10_n310_rep,11150,51,Conscientiousness,Organization; Diligence; Perfectionism; Prudence,4,310,500,True,True,0.5408557940400467,0.599182396923535,3.2910147019436344,3.835623815050767,0.9985678308566577,0.9901516971821185,0.9995769880778371,0.05279053909574227,0.03026508728676391,0.10972420479762063,unresolved,not applicable,unresolved,0.679;0.673;0.541;0.699,0.743;0.730;0.599;0.678,4 shared facets
c10_n310_rep,11150,51,Openness,Aesthetic Appreciation; Inquisitiveness; Creativity; Unconventionality,4,310,500,True,False,0.5180406847001308,0.48709783988364735,2.861237726660327,2.7387557895873536,0.9985675897067767,0.988571808870832,0.9994948234967003,0.057455199533694955,0.044021045588796145,0.10795323287044963,unresolved,not applicable,unresolved,0.518;0.649;0.864;0.577,0.487;0.632;0.754;0.571,4 shared facets
c4_n310_rep,11150,51,Honesty-Humility,Sincerity; Fairness; Greed Avoidance; Modesty,4,310,500,True,True,0.6097194983769748,0.5565211484079214,3.644376703908074,3.3156290974220988,0.9984678751115984,0.991164465633997,0.9994691364851765,0.05044265808740737,0.036358541458838545,0.09778220403511227,pass,not applicable,pass,0.648;0.610;0.849;0.636,0.632;0.557;0.768;0.659,4 shared facets
c4_n310_rep,11150,51,Emotionality,Fearfulness; Anxiety; Dependence; Sentimentality,4,310,500,False,False,0.29025930157947055,0.53731469765033,2.0496027579563836,2.7331564178946106,0.9830304588724366,0.9621553485927211,0.9922505200528955,0.13289793426449611,0.09557261932343687,0.18881631065788826,unresolved,not applicable,fail,0.290;0.779;0.766;0.440,0.537;0.779;0.778;0.538,4 shared facets
c4_n310_rep,11150,51,Extraversion,Social Boldness; Sociability; Liveliness,3,310,500,True,True,0.6029748639974274,0.7146441523997545,3.1440899378877294,4.8826801011344045,0.9944995434840573,0.9782317426434116,0.9992448734425415,0.13061251783915076,0.09481999475334599,0.19192405266401408,unresolved,not applicable,unresolved,0.603;0.691;0.707,0.792;0.814;0.715,3 shared facets (SSE excluded)
c4_n310_rep,11150,51,Extraversion_4pos,Social Self-Esteem; Social Boldness; Sociability; Liveliness,4,310,500,True,True,0.6400769870220767,0.6578857344642357,3.953390482580011,5.1830485021422685,0.9929108381570957,0.9846706150626903,0.9960628493468127,0.11237904111718888,0.0860058127913898,0.1558861561233041,unresolved,not applicable,unresolved,0.873;0.710;0.640;0.644,0.827;0.872;0.788;0.658,4 positional facets (SSE paired with Expressiveness)
c4_n310_rep,11150,51,Agreeableness,Forgiveness; Gentleness; Flexibility; Patience,4,310,500,True,True,0.6400199656375959,0.7399089365241488,4.388636768637234,6.2148424295638565,0.9976667090318587,0.9928534427448659,0.9993103126885965,0.06987801897904042,0.043777492657529754,0.11376045892710121,unresolved,not applicable,unresolved,0.640;0.783;0.745;0.767,0.755;0.846;0.785;0.740,4 shared facets
c4_n310_rep,11150,51,Conscientiousness,Organization; Diligence; Perfectionism; Prudence,4,310,500,False,False,0.47632514749571064,0.599182396923535,2.1488862003701,3.835623815050767,0.9935177574595352,0.9683228332594798,0.9979620709583787,0.1599696308084829,0.12327886975853491,0.22106650692444066,fail,not applicable,fail,0.586;0.476;0.526;0.587,0.743;0.730;0.599;0.678,4 shared facets
c4_n310_rep,11150,51,Openness,Aesthetic Appreciation; Inquisitiveness; Creativity; Unconventionality,4,310,500,False,False,0.33845312748761863,0.48709783988364735,1.9827011196651148,2.7387557895873536,0.9691493719823261,0.9223942382159822,0.9891157611668245,0.15453201256301233,0.09946536903111333,0.24066779570468796,unresolved,not applicable,fail,0.338;0.431;0.899;0.461,0.487;0.632;0.754;0.571,4 shared facets
c10_n310_rep,11150,52,Honesty-Humility,Sincerity; Fairness; Greed Avoidance; Modesty,4,310,500,True,True,0.602014466425149,0.5565211484079214,3.1495506792008032,3.3156290974220988,0.9972445447986312,0.9892787226503589,0.9991210814096597,0.04901410557665955,0.03410738500236002,0.09966042967180047,pass,not applicable,pass,0.678;0.602;0.707;0.618,0.632;0.557;0.768;0.659,4 shared facets
c10_n310_rep,11150,52,Emotionality,Fearfulness; Anxiety; Dependence; Sentimentality,4,310,500,False,False,0.4099710046775131,0.53731469765033,2.675141261952213,2.7331564178946106,0.9895851959208682,0.9752809541081858,0.9966347521994238,0.09636868521890651,0.06058109431973889,0.1491935721665365,unresolved,not applicable,fail,0.622;0.860;0.692;0.410,0.537;0.779;0.778;0.538,4 shared facets
c10_n310_rep,11150,52,Extraversion,Social Boldness; Sociability; Liveliness,3,310,500,True,True,0.7352997140231914,0.7146441523997545,5.448439881275345,4.8826801011344045,0.9992209194641616,0.9960588037923934,0.9998995667930832,0.04128966888449437,0.02560203326352342,0.07641641490116881,pass,not applicable,pass,0.860;0.806;0.735,0.792;0.814;0.715,3 shared facets (SSE excluded)
c10_n310_rep,11150,52,Extraversion_4pos,Social Self-Esteem; Social Boldness; Sociability; Liveliness,4,310,500,True,True,0.6974525136832193,0.6578857344642357,6.215300459151132,5.1830485021422685,0.9997362070334801,0.9985380609465516,0.9998959945446787,0.0313104078227901,0.017308301171288717,0.05868649847969298,pass,not applicable,pass,0.851;0.872;0.830;0.697,0.827;0.872;0.788;0.658,4 positional facets (SSE paired with Expressiveness)
c10_n310_rep,11150,52,Agreeableness,Forgiveness; Gentleness; Flexibility; Patience,4,310,500,True,True,0.6987673207847381,0.7399089365241488,5.580867641840272,6.2148424295638565,0.9997474831592681,0.9976141873617086,0.9998879493957177,0.029752324997436307,0.017612310334998837,0.07314261985503734,pass,not applicable,pass,0.753;0.831;0.745;0.699,0.755;0.846;0.785;0.740,4 shared facets
c10_n310_rep,11150,52,Conscientiousness,Organization; Diligence; Perfectionism; Prudence,4,310,500,True,True,0.6208732740328976,0.599182396923535,4.316766502613164,3.835623815050767,0.9997433938214821,0.9961572874680329,0.9998581013879212,0.031007324522219586,0.024626420717022184,0.07722867736552394,pass,not applicable,pass,0.766;0.740;0.621;0.730,0.743;0.730;0.599;0.678,4 shared facets
c10_n310_rep,11150,52,Openness,Aesthetic Appreciation; Inquisitiveness; Creativity; Unconventionality,4,310,500,True,False,0.510269759579209,0.48709783988364735,2.957251531438639,2.7387557895873536,0.9949048298421926,0.9837961473372487,0.9979269576291447,0.06351187354383067,0.045135506204374405,0.11706943955448744,unresolved,not applicable,unresolved,0.579;0.684;0.716;0.510,0.487;0.632;0.754;0.571,4 shared facets
c4_n310_rep,11150,52,Honesty-Humility,Sincerity; Fairness; Greed Avoidance; Modesty,4,310,500,False,False,0.4198231100076672,0.5565211484079214,2.2841987527195147,3.3156290974220988,0.9465117939123648,0.8984033417812598,0.973863068698636,0.21727939847016836,0.15818748138934424,0.2908039047631616,fail,not applicable,fail,0.788;0.586;0.442;0.420,0.632;0.557;0.768;0.659,4 shared facets
c4_n310_rep,11150,52,Emotionality,Fearfulness; Anxiety; Dependence; Sentimentality,4,310,500,False,False,0.38062606099889396,0.53731469765033,2.4461800347800913,2.7331564178946106,0.9932097283097697,0.9757575202475435,0.997953296251637,0.09288617621864254,0.058446153106256955,0.156347330359419,unresolved,not applicable,fail,0.574;0.742;0.693;0.381,0.537;0.779;0.778;0.538,4 shared facets
c4_n310_rep,11150,52,Extraversion,Social Boldness; Sociability; Liveliness,3,310,500,True,True,0.6169082475136779,0.7146441523997545,4.064474674758512,4.8826801011344045,0.9952454463199705,0.987708769648905,0.9984788823281976,0.07606917412529275,0.04905363549063783,0.12273290739012137,unresolved,not applicable,unresolved,0.880;0.820;0.617,0.792;0.814;0.715,3 shared facets (SSE excluded)
c4_n310_rep,11150,52,Extraversion_4pos,Social Self-Esteem; Social Boldness; Sociability; Liveliness,4,310,500,True,True,0.5878498174855648,0.6578857344642357,4.19179505399109,5.1830485021422685,0.9954966496749917,0.9908485823230919,0.9978559830825138,0.07880889185305648,0.05530257744722499,0.11468658211331063,unresolved,not applicable,unresolved,0.694;0.907;0.821;0.588,0.827;0.872;0.788;0.658,4 positional facets (SSE paired with Expressiveness)
c4_n310_rep,11150,52,Agreeableness,Forgiveness; Gentleness; Flexibility; Patience,4,310,500,True,True,0.6093851300189634,0.7399089365241488,3.2188817842210438,6.2148424295638565,0.9992242537279752,0.9926829982666503,0.9996354215773084,0.13800217130705933,0.10793657344293683,0.1861438633568579,fail,not applicable,fail,0.609;0.674;0.651;0.654,0.755;0.846;0.785;0.740,4 shared facets
c4_n310_rep,11150,52,Conscientiousness,Organization; Diligence; Perfectionism; Prudence,4,310,500,True,True,0.555295636568469,0.599182396923535,3.540986156672406,3.835623815050767,0.9978863379698716,0.9899792730611219,0.9994462890693863,0.046009237550988444,0.029146116714170802,0.10419882173193498,unresolved,not applicable,unresolved,0.684;0.784;0.555;0.668,0.743;0.730;0.599;0.678,4 shared facets
c4_n310_rep,11150,52,Openness,Aesthetic Appreciation; Inquisitiveness; Creativity; Unconventionality,4,310,500,False,False,0.3557158233161359,0.48709783988364735,2.008750695254511,2.7387557895873536,0.9892174189125872,0.9563507175377514,0.9964341946760382,0.1187982115289581,0.08435287099899673,0.19321218948104008,unresolved,not applicable,fail,0.443;0.618;0.664;0.356,0.487;0.632;0.754;0.571,4 shared facets
c10_n310_rep,11150,53,Honesty-Humility,Sincerity; Fairness; Greed Avoidance; Modesty,4,310,500,False,False,0.46116614984545223,0.5565211484079214,2.7417314577055323,3.3156290974220988,0.9970342018282471,0.9861536166012939,0.9992698972275975,0.054053973413125074,0.03225874454239934,0.11504666950459874,unresolved,not applicable,fail,0.671;0.461;0.755;0.628,0.632;0.557;0.768;0.659,4 shared facets
c10_n310_rep,11150,53,Emotionality,Fearfulness; Anxiety; Dependence; Sentimentality,4,310,500,False,False,0.5261748327215687,0.53731469765033,2.4198090768437717,2.7331564178946106,0.9982505122840233,0.9889197660551016,0.9994168247684269,0.042735439740939136,0.028992122457943446,0.10825621506385794,unresolved,not applicable,fail,0.526;0.699;0.806;0.532,0.537;0.779;0.778;0.538,4 shared facets
c10_n310_rep,11150,53,Extraversion,Social Boldness; Sociability; Liveliness,3,310,500,True,True,0.7444194538696515,0.7146441523997545,5.622277254839896,4.8826801011344045,0.999984853785142,0.9980451939959456,0.9999748255899343,0.027446817895438298,0.01663242303936042,0.06377232494396373,pass,not applicable,pass,0.822;0.837;0.744,0.792;0.814;0.715,3 shared facets (SSE excluded)
c10_n310_rep,11150,53,Extraversion_4pos,Social Self-Esteem; Social Boldness; Sociability; Liveliness,4,310,500,True,True,0.7038948967936165,0.6578857344642357,5.778034010603375,5.1830485021422685,0.9994941038000927,0.9978134815943597,0.9998073042919327,0.029095871007484703,0.0198047178864057,0.0596506462246245,pass,not applicable,pass,0.805;0.898;0.799;0.704,0.827;0.872;0.788;0.658,4 positional facets (SSE paired with Expressiveness)
c10_n310_rep,11150,53,Agreeableness,Forgiveness; Gentleness; Flexibility; Patience,4,310,500,True,True,0.7187471287070258,0.7399089365241488,6.489645078285533,6.2148424295638565,0.9994212994811736,0.9973572295793738,0.9998680204776326,0.032457217356048444,0.020340337218449064,0.06217669124438844,pass,not applicable,pass,0.810;0.860;0.808;0.719,0.755;0.846;0.785;0.740,4 shared facets
c10_n310_rep,11150,53,Conscientiousness,Organization; Diligence; Perfectionism; Prudence,4,310,500,True,True,0.5903627237001567,0.599182396923535,3.9749660190867333,3.835623815050767,0.9997115318377202,0.9946816205729657,0.9998090051906316,0.01866679555517051,0.021673152133897727,0.07456489248746435,pass,not applicable,pass,0.736;0.746;0.590;0.709,0.743;0.730;0.599;0.678,4 shared facets
c10_n310_rep,11150,53,Openness,Aesthetic Appreciation; Inquisitiveness; Creativity; Unconventionality,4,310,500,True,True,0.5157443411211753,0.48709783988364735,3.0473926313838615,2.7387557895873536,0.9958967061732582,0.9843006818155235,0.998615061118246,0.06381380101625861,0.04529426148877145,0.11915277317982524,unresolved,not applicable,unresolved,0.589;0.640;0.807;0.516,0.487;0.632;0.754;0.571,4 shared facets
c4_n310_rep,11150,53,Honesty-Humility,Sincerity; Fairness; Greed Avoidance; Modesty,4,310,500,False,False,0.39674563405808516,0.5565211484079214,1.8994545542608834,3.3156290974220988,0.9972345008307625,0.9581780290528089,0.9981547003387201,0.1853720584374836,0.14748259139019476,0.2628631643441297,fail,not applicable,fail,0.511;0.397;0.511;0.484,0.632;0.557;0.768;0.659,4 shared facets
c4_n310_rep,11150,53,Emotionality,Fearfulness; Anxiety; Dependence; Sentimentality,4,310,500,False,False,0.3123529079079813,0.53731469765033,1.6470254875017727,2.7331564178946106,0.9685084599935992,0.893910849682383,0.995760265997587,0.19396922330710117,0.12686159508177314,0.30068709525812315,fail,not applicable,fail,0.312;0.493;0.831;0.415,0.537;0.779;0.778;0.538,4 shared facets
c4_n310_rep,11150,53,Extraversion,Social Boldness; Sociability; Liveliness,3,310,500,True,True,0.6353884432258613,0.7146441523997545,3.123886996376222,4.8826801011344045,0.9962683914960603,0.98088368976506,0.9994647898593476,0.13639828380963331,0.10272812836593391,0.19614319075899583,fail,not applicable,fail,0.635;0.641;0.682,0.792;0.814;0.715,3 shared facets (SSE excluded)
c4_n310_rep,11150,53,Extraversion_4pos,Social Self-Esteem; Social Boldness; Sociability; Liveliness,4,310,500,True,True,0.5992500164789382,0.6578857344642357,3.44645485802112,5.1830485021422685,0.9971698820221786,0.9894537621842664,0.999015834212641,0.13691215452993433,0.11197535608555358,0.18175099920125348,fail,not applicable,fail,0.696;0.725;0.599;0.630,0.827;0.872;0.788;0.658,4 positional facets (SSE paired with Expressiveness)
c4_n310_rep,11150,53,Agreeableness,Forgiveness; Gentleness; Flexibility; Patience,4,310,500,True,True,0.529480294352422,0.7399089365241488,3.3466121308624524,6.2148424295638565,0.9936036662793936,0.9823298579532413,0.9976033972495334,0.14658377301130468,0.11217252833042554,0.1999985318790812,fail,not applicable,fail,0.529;0.674;0.737;0.685,0.755;0.846;0.785;0.740,4 shared facets
c4_n310_rep,11150,53,Conscientiousness,Organization; Diligence; Perfectionism; Prudence,4,310,500,False,False,0.5333606264218175,0.599182396923535,2.990046972661205,3.835623815050767,0.9993612263411036,0.9905320753430853,0.9995593763918188,0.0764073581142504,0.04371138398490012,0.14212820323771985,unresolved,not applicable,fail,0.665;0.683;0.533;0.574,0.743;0.730;0.599;0.678,4 shared facets
c4_n310_rep,11150,53,Openness,Aesthetic Appreciation; Inquisitiveness; Creativity; Unconventionality,4,310,500,False,False,0.4106978906627358,0.48709783988364735,2.285023509841374,2.7387557895873536,0.9803773439102152,0.9475621064618984,0.9925492204683551,0.1348279123855296,0.09116534152052622,0.20009948844475414,unresolved,not applicable,fail,0.617;0.529;0.614;0.411,0.487;0.632;0.754;0.571,4 shared facets
c10_n310_rep,11150,54,Honesty-Humility,Sincerity; Fairness; Greed Avoidance; Modesty,4,310,500,True,True,0.6246813052627983,0.5565211484079214,3.3450048790167974,3.3156290974220988,0.9985889464732537,0.9917950111410055,0.9995555322962488,0.03882980939974119,0.025561662089040222,0.09155625906593808,pass,not applicable,pass,0.665;0.625;0.754;0.647,0.632;0.557;0.768;0.659,4 shared facets
c10_n310_rep,11150,54,Emotionality,Fearfulness; Anxiety; Dependence; Sentimentality,4,310,500,False,False,0.4673192709639354,0.53731469765033,2.4560867482109194,2.7331564178946106,0.9981510679638663,0.9873441754453737,0.9993864739167815,0.044789776506172246,0.028806850523813807,0.11218990171808726,unresolved,not applicable,fail,0.506;0.810;0.744;0.467,0.537;0.779;0.778;0.538,4 shared facets
c10_n310_rep,11150,54,Extraversion,Social Boldness; Sociability; Liveliness,3,310,500,True,True,0.744875671838424,0.7146441523997545,5.167894546095092,4.8826801011344045,0.9993100139673701,0.9963687850568582,0.9998929597717257,0.031458247535995965,0.01772692287230986,0.07078480149083456,pass,not applicable,pass,0.763;0.849;0.745,0.792;0.814;0.715,3 shared facets (SSE excluded)
c10_n310_rep,11150,54,Extraversion_4pos,Social Self-Esteem; Social Boldness; Sociability; Liveliness,4,310,500,True,True,0.6847334201989697,0.6578857344642357,5.3249897562627675,5.1830485021422685,0.9996045356306862,0.9980895499249223,0.9998709303448008,0.023149692767022764,0.016875614471717256,0.05510024453888937,pass,not applicable,pass,0.822;0.850;0.818;0.685,0.827;0.872;0.788;0.658,4 positional facets (SSE paired with Expressiveness)
c10_n310_rep,11150,54,Agreeableness,Forgiveness; Gentleness; Flexibility; Patience,4,310,500,True,True,0.7114593564323611,0.7399089365241488,5.881910760529101,6.2148424295638565,0.9995713657614042,0.997675213264722,0.9998597941359757,0.0252190627688386,0.018591959640534592,0.05585578943435585,pass,not applicable,pass,0.781;0.855;0.816;0.711,0.755;0.846;0.785;0.740,4 shared facets
c10_n310_rep,11150,54,Conscientiousness,Organization; Diligence; Perfectionism; Prudence,4,310,500,True,True,0.631392976167912,0.599182396923535,4.327218898213808,3.835623815050767,0.9999401343804862,0.9970392148799411,0.9998922822379,0.032153744783663514,0.020633492417098595,0.07935869666679927,pass,not applicable,pass,0.784;0.750;0.631;0.709,0.743;0.730;0.599;0.678,4 shared facets
c10_n310_rep,11150,54,Openness,Aesthetic Appreciation; Inquisitiveness; Creativity; Unconventionality,4,310,500,True,False,0.4352652918504585,0.48709783988364735,2.839124177717729,2.7387557895873536,0.9970269538862494,0.9850679331281511,0.9990668866364354,0.058356961421585835,0.046349988981188875,0.11336091533899147,unresolved,not applicable,unresolved,0.435;0.634;0.830;0.642,0.487;0.632;0.754;0.571,4 shared facets
c4_n310_rep,11150,54,Honesty-Humility,Sincerity; Fairness; Greed Avoidance; Modesty,4,310,500,False,False,0.4177204861048957,0.5565211484079214,2.412403434227026,3.3156290974220988,0.9872131211184451,0.956124580836604,0.9952917674266925,0.10732008581414945,0.06759343480472016,0.1961202426655803,unresolved,not applicable,fail,0.641;0.418;0.850;0.518,0.632;0.557;0.768;0.659,4 shared facets
c4_n310_rep,11150,54,Emotionality,Fearfulness; Anxiety; Dependence; Sentimentality,4,310,500,False,False,0.23435268773710774,0.53731469765033,1.6972358167085029,2.7331564178946106,0.9674765846728274,0.9092711574201717,0.9839048587875785,0.19142375991958963,0.14343368571000709,0.2824356525691208,fail,not applicable,fail,0.234;0.644;0.808;0.349,0.537;0.779;0.778;0.538,4 shared facets
c4_n310_rep,11150,54,Extraversion,Social Boldness; Sociability; Liveliness,3,310,500,True,True,0.6651915814603155,0.7146441523997545,3.7466956141951693,4.8826801011344045,0.997476676948975,0.9887833218093016,0.9997305570013545,0.0703574406666124,0.03542916727174921,0.1271575115359081,unresolved,not applicable,unresolved,0.682;0.829;0.665,0.792;0.814;0.715,3 shared facets (SSE excluded)
c4_n310_rep,11150,54,Extraversion_4pos,Social Self-Esteem; Social Boldness; Sociability; Liveliness,4,310,500,True,True,0.6575722157057996,0.6578857344642357,4.716927127295536,5.1830485021422685,0.9953842191225339,0.9899698383306436,0.9980272107418963,0.08971915545016726,0.06361482407187435,0.12683667986508962,unresolved,not applicable,unresolved,0.769;0.704;0.814;0.658,0.827;0.872;0.788;0.658,4 positional facets (SSE paired with Expressiveness)
c4_n310_rep,11150,54,Agreeableness,Forgiveness; Gentleness; Flexibility; Patience,4,310,500,True,True,0.6867512614351579,0.7399089365241488,4.229221754229191,6.2148424295638565,0.9997109308132761,0.9958678218141951,0.9998688749003056,0.06442320033603412,0.042403380205861804,0.10819240144778773,unresolved,not applicable,unresolved,0.687;0.764;0.720;0.711,0.755;0.846;0.785;0.740,4 shared facets
c4_n310_rep,11150,54,Conscientiousness,Organization; Diligence; Perfectionism; Prudence,4,310,500,False,False,0.4361105063404866,0.599182396923535,2.799786484407478,3.835623815050767,0.9880349539574367,0.972662903835717,0.9950902728943638,0.11049112570516657,0.07504533696369615,0.16391679851406063,unresolved,not applicable,fail,0.683;0.649;0.436;0.788,0.743;0.730;0.599;0.678,4 shared facets
c4_n310_rep,11150,54,Openness,Aesthetic Appreciation; Inquisitiveness; Creativity; Unconventionality,4,310,500,False,False,0.35532232458753343,0.48709783988364735,2.3383602609306733,2.7387557895873536,0.9940361339710758,0.9731369121233391,0.9984721568617209,0.06831242974564179,0.037228682215064535,0.14400842596593766,unresolved,not applicable,fail,0.355;0.619;0.787;0.576,0.487;0.632;0.754;0.571,4 shared facets
c10_n310_rep,11150,55,Honesty-Humility,Sincerity; Fairness; Greed Avoidance; Modesty,4,310,500,True,True,0.6179027844219847,0.5565211484079214,3.32711359207141,3.3156290974220988,0.9982519201042399,0.9925074324530867,0.9995145867425812,0.04128359374701534,0.027952244951806142,0.08945926773084387,pass,not applicable,pass,0.664;0.618;0.726;0.672,0.632;0.557;0.768;0.659,4 shared facets
c10_n310_rep,11150,55,Emotionality,Fearfulness; Anxiety; Dependence; Sentimentality,4,310,500,False,False,0.42058188407217684,0.53731469765033,2.1768986761125535,2.7331564178946106,0.9945036174941153,0.981676550914593,0.9980496261965373,0.07013444540804668,0.047720736647365404,0.12786139884710476,unresolved,not applicable,fail,0.421;0.803;0.832;0.487,0.537;0.779;0.778;0.538,4 shared facets
c10_n310_rep,11150,55,Extraversion,Social Boldness; Sociability; Liveliness,3,310,500,True,True,0.6920941001716058,0.7146441523997545,4.530652674874374,4.8826801011344045,0.9988621581442304,0.9945372565338181,0.9998586977127586,0.03756767265629947,0.01942519028099446,0.084183387163516,pass,not applicable,pass,0.834;0.770;0.692,0.792;0.814;0.715,3 shared facets (SSE excluded)
c10_n310_rep,11150,55,Extraversion_4pos,Social Self-Esteem; Social Boldness; Sociability; Liveliness,4,310,500,True,True,0.6298057994051752,0.6578857344642357,4.920900778565634,5.1830485021422685,0.9998012234726864,0.9978746183638277,0.9999233131629178,0.016478524000762093,0.01364185534431351,0.05818021325821985,pass,not applicable,pass,0.826;0.885;0.777;0.630,0.827;0.872;0.788;0.658,4 positional facets (SSE paired with Expressiveness)
c10_n310_rep,11150,55,Agreeableness,Forgiveness; Gentleness; Flexibility; Patience,4,310,500,True,True,0.7301623002877943,0.7399089365241488,5.417235498184184,6.2148424295638565,0.999614964102114,0.9969808313211365,0.9998629059207265,0.028680264607189126,0.019622036870835725,0.07041513457922426,pass,not applicable,pass,0.741;0.841;0.730;0.737,0.755;0.846;0.785;0.740,4 shared facets
c10_n310_rep,11150,55,Conscientiousness,Organization; Diligence; Perfectionism; Prudence,4,310,500,True,True,0.6195213013871058,0.599182396923535,3.7919549322612713,3.835623815050767,0.999090374079014,0.994660561663838,0.9997254656423636,0.029580136273111714,0.0224381136414869,0.07960271243892417,pass,not applicable,pass,0.724;0.757;0.620;0.633,0.743;0.730;0.599;0.678,4 shared facets
c10_n310_rep,11150,55,Openness,Aesthetic Appreciation; Inquisitiveness; Creativity; Unconventionality,4,310,500,False,False,0.4701090431375094,0.48709783988364735,2.7330751783368825,2.7387557895873536,0.9984899965562882,0.9888672339930302,0.9995170606433967,0.03578426733142744,0.02906596957253128,0.0949243460223794,pass,not applicable,fail,0.470;0.619;0.820;0.553,0.487;0.632;0.754;0.571,4 shared facets
c4_n310_rep,11150,55,Honesty-Humility,Sincerity; Fairness; Greed Avoidance; Modesty,4,310,500,False,False,0.5502304499392615,0.5565211484079214,2.703046864201155,3.3156290974220988,0.9910348813870008,0.9734895361608367,0.9971004363503532,0.0969068241348824,0.06143316327508253,0.1629550022445834,unresolved,not applicable,fail,0.550;0.586;0.601;0.701,0.632;0.557;0.768;0.659,4 shared facets
c4_n310_rep,11150,55,Emotionality,Fearfulness; Anxiety; Dependence; Sentimentality,4,310,500,False,False,0.3590730478688691,0.53731469765033,1.9079245290709608,2.7331564178946106,0.991143589654515,0.9652734181323589,0.9975240062651114,0.11538071518331489,0.07431754484771752,0.19138824882326516,unresolved,not applicable,fail,0.359;0.660;0.787;0.453,0.537;0.779;0.778;0.538,4 shared facets
c4_n310_rep,11150,55,Extraversion,Social Boldness; Sociability; Liveliness,3,310,500,False,False,0.5267802489706056,0.7146441523997545,2.5679002130195503,4.8826801011344045,0.9972533491947335,0.9758770735395833,0.9995731293387454,0.1637422484286061,0.116134041431274,0.22969955474748027,fail,not applicable,fail,0.694;0.626;0.527,0.792;0.814;0.715,3 shared facets (SSE excluded)
c4_n310_rep,11150,55,Extraversion_4pos,Social Self-Esteem; Social Boldness; Sociability; Liveliness,4,310,500,False,False,0.44913586275098444,0.6578857344642357,2.911101523368512,5.1830485021422685,0.9959013721103963,0.9847030552091941,0.9988986117389864,0.1492640317354254,0.10984775799011581,0.2004596349669656,fail,not applicable,fail,0.746;0.705;0.683;0.449,0.827;0.872;0.788;0.658,4 positional facets (SSE paired with Expressiveness)
c4_n310_rep,11150,55,Agreeableness,Forgiveness; Gentleness; Flexibility; Patience,4,310,500,True,True,0.5487335788537552,0.7399089365241488,3.306545290517262,6.2148424295638565,0.9935645843085592,0.9840564270397875,0.997709364732543,0.14015562119355593,0.10630716450018163,0.1886867219082092,fail,not applicable,fail,0.683;0.717;0.549;0.713,0.755;0.846;0.785;0.740,4 shared facets
c4_n310_rep,11150,55,Conscientiousness,Organization; Diligence; Perfectionism; Prudence,4,310,500,False,False,0.5272782013131224,0.599182396923535,2.635371153319286,3.835623815050767,0.9902435648242125,0.9695363180288882,0.9973179150380007,0.12475632761514958,0.08184905707562717,0.19306092556770704,unresolved,not applicable,fail,0.696;0.540;0.635;0.527,0.743;0.730;0.599;0.678,4 shared facets
c4_n310_rep,11150,55,Openness,Aesthetic Appreciation; Inquisitiveness; Creativity; Unconventionality,4,310,500,False,False,0.38753688948476933,0.48709783988364735,2.2836042257107203,2.7387557895873536,0.9706803511519195,0.9335462412080274,0.9903038567162972,0.14914467356581887,0.09007693058742497,0.22083464951117734,unresolved,not applicable,fail,0.456;0.456;0.908;0.388,0.487;0.632;0.754;0.571,4 shared facets
c10_n310_rep,11150,56,Honesty-Humility,Sincerity; Fairness; Greed Avoidance; Modesty,4,310,500,True,True,0.4888420268501336,0.5565211484079214,3.1223690460173814,3.3156290974220988,0.9981061590721945,0.988137475030981,0.9995602361972302,0.040747337096662915,0.02853550201965463,0.10322352835465345,unresolved,not applicable,unresolved,0.660;0.489;0.804;0.656,0.632;0.557;0.768;0.659,4 shared facets
c10_n310_rep,11150,56,Emotionality,Fearfulness; Anxiety; Dependence; Sentimentality,4,310,500,False,False,0.5188315020191315,0.53731469765033,2.600741479381736,2.7331564178946106,0.9973336824655844,0.9861342102462999,0.9993012004147741,0.0488825503812247,0.031866008269969465,0.11498194396771234,unresolved,not applicable,fail,0.523;0.713;0.846;0.519,0.537;0.779;0.778;0.538,4 shared facets
c10_n310_rep,11150,56,Extraversion,Social Boldness; Sociability; Liveliness,3,310,500,True,True,0.6994320527878181,0.7146441523997545,4.503076168361163,4.8826801011344045,0.9999872916732997,0.9960058450961957,0.999957638637451,0.02011868952901374,0.015035200328952593,0.07658992235584165,pass,not applicable,pass,0.775;0.788;0.699,0.792;0.814;0.715,3 shared facets (SSE excluded)
c10_n310_rep,11150,56,Extraversion_4pos,Social Self-Esteem; Social Boldness; Sociability; Liveliness,4,310,500,True,True,0.644685879906178,0.6578857344642357,4.813936313122102,5.1830485021422685,0.9998628140127036,0.9973814899058611,0.999894778982446,0.02783198039858121,0.019081638823527886,0.07131073177754232,pass,not applicable,pass,0.789;0.834;0.782;0.645,0.827;0.872;0.788;0.658,4 positional facets (SSE paired with Expressiveness)
c10_n310_rep,11150,56,Agreeableness,Forgiveness; Gentleness; Flexibility; Patience,4,310,500,True,True,0.7325293875769059,0.7399089365241488,6.320615309201472,6.2148424295638565,0.9990197337267486,0.996590713125147,0.9997116139653057,0.0346820030773039,0.021777475465965784,0.06895799445684102,pass,not applicable,pass,0.799;0.849;0.733;0.748,0.755;0.846;0.785;0.740,4 shared facets
c10_n310_rep,11150,56,Conscientiousness,Organization; Diligence; Perfectionism; Prudence,4,310,500,True,True,0.6175062463320942,0.599182396923535,3.8452453460547185,3.835623815050767,0.9989478707131713,0.993646211725538,0.9996497129736238,0.03177571368745532,0.023645315799552855,0.08060799258613628,pass,not applicable,pass,0.686;0.737;0.618;0.698,0.743;0.730;0.599;0.678,4 shared facets
c10_n310_rep,11150,56,Openness,Aesthetic Appreciation; Inquisitiveness; Creativity; Unconventionality,4,310,500,False,False,0.4491912687315859,0.48709783988364735,2.5651822514995306,2.7387557895873536,0.9995338211779826,0.9892838827940157,0.9993745054320858,0.021747733589029743,0.028703306017946056,0.09653641984905505,pass,not applicable,fail,0.449;0.643;0.737;0.565,0.487;0.632;0.754;0.571,4 shared facets
c4_n310_rep,11150,56,Honesty-Humility,Sincerity; Fairness; Greed Avoidance; Modesty,4,310,500,False,False,0.40826920072734557,0.5565211484079214,2.3881377790539893,3.3156290974220988,0.9786498440208983,0.9434575463047515,0.9918461431460754,0.15377295836284377,0.10545769346219439,0.2256479949671126,fail,not applicable,fail,0.699;0.533;0.605;0.408,0.632;0.557;0.768;0.659,4 shared facets
c4_n310_rep,11150,56,Emotionality,Fearfulness; Anxiety; Dependence; Sentimentality,4,310,500,False,False,0.428240046468354,0.53731469765033,2.059012073876294,2.7331564178946106,0.9941392545634629,0.9662525914222818,0.9980437042858125,0.11767518811911999,0.08320432583478796,0.1941196591365495,unresolved,not applicable,fail,0.428;0.580;0.718;0.523,0.537;0.779;0.778;0.538,4 shared facets
c4_n310_rep,11150,56,Extraversion,Social Boldness; Sociability; Liveliness,3,310,500,True,True,0.560533416567965,0.7146441523997545,3.400139077432277,4.8826801011344045,0.9940206002858606,0.9819139075016693,0.9982215334790296,0.08983921552018724,0.050684912608376965,0.15111901605940078,unresolved,not applicable,unresolved,0.814;0.817;0.561,0.792;0.814;0.715,3 shared facets (SSE excluded)
c4_n310_rep,11150,56,Extraversion_4pos,Social Self-Esteem; Social Boldness; Sociability; Liveliness,4,310,500,True,True,0.5447581266742599,0.6578857344642357,3.701493619216101,5.1830485021422685,0.9948241807892549,0.9872637314322117,0.9982683119823763,0.10314751295027101,0.06968748517952784,0.14900165933494852,unresolved,not applicable,unresolved,0.655;0.860;0.785;0.545,0.827;0.872;0.788;0.658,4 positional facets (SSE paired with Expressiveness)
c4_n310_rep,11150,56,Agreeableness,Forgiveness; Gentleness; Flexibility; Patience,4,310,500,True,True,0.4868787372700469,0.7399089365241488,3.3774762406297736,6.2148424295638565,0.9842682743452674,0.9682206670355743,0.9928521943454125,0.1516031562608716,0.10783645891180241,0.20716252460213191,fail,not applicable,fail,0.763;0.795;0.487;0.745,0.755;0.846;0.785;0.740,4 shared facets
c4_n310_rep,11150,56,Conscientiousness,Organization; Diligence; Perfectionism; Prudence,4,310,500,True,True,0.5253190974016978,0.599182396923535,3.36231077965607,3.835623815050767,0.9966352733332798,0.9886206013846859,0.999219501659259,0.05657875790079456,0.03443142168217447,0.1056286052202829,unresolved,not applicable,unresolved,0.714;0.720;0.525;0.758,0.743;0.730;0.599;0.678,4 shared facets
c4_n310_rep,11150,56,Openness,Aesthetic Appreciation; Inquisitiveness; Creativity; Unconventionality,4,310,500,False,False,0.41812504229433933,0.48709783988364735,2.384407363090406,2.7387557895873536,0.9923678658037199,0.9717523572056136,0.9975803965747717,0.08840887235108617,0.05490695037636646,0.15391569310690695,unresolved,not applicable,fail,0.418;0.617;0.599;0.618,0.487;0.632;0.754;0.571,4 shared facets
c10_n310_rep,11150,57,Honesty-Humility,Sincerity; Fairness; Greed Avoidance; Modesty,4,310,500,True,True,0.4855298014452345,0.5565211484079214,3.1546072283373654,3.3156290974220988,0.9974663946217671,0.9880212414308849,0.9995538494738636,0.050329994823758696,0.033268286051208434,0.1045888170597791,unresolved,not applicable,unresolved,0.647;0.486;0.814;0.712,0.632;0.557;0.768;0.659,4 shared facets
c10_n310_rep,11150,57,Emotionality,Fearfulness; Anxiety; Dependence; Sentimentality,4,310,500,False,False,0.4793317218962562,0.53731469765033,2.440600280166682,2.7331564178946106,0.9977454749228374,0.9895708195544815,0.9993125485607809,0.04515457071294686,0.03017497433590496,0.10025627491384896,unresolved,not applicable,fail,0.479;0.828;0.731;0.553,0.537;0.779;0.778;0.538,4 shared facets
c10_n310_rep,11150,57,Extraversion,Social Boldness; Sociability; Liveliness,3,310,500,True,True,0.7420264396060882,0.7146441523997545,5.317779025350074,4.8826801011344045,0.9979922327422024,0.9933222673134334,0.9995034096933738,0.05570343839338155,0.03486970395914739,0.09374544260807889,pass,not applicable,pass,0.876;0.775;0.742,0.792;0.814;0.715,3 shared facets (SSE excluded)
c10_n310_rep,11150,57,Extraversion_4pos,Social Self-Esteem; Social Boldness; Sociability; Liveliness,4,310,500,True,True,0.692690332067447,0.6578857344642357,5.991072228636827,5.1830485021422685,0.9998426264447359,0.9983731444315088,0.9999152459377743,0.025775864559035466,0.017171732209004933,0.0574845496950774,pass,not applicable,pass,0.840;0.907;0.792;0.693,0.827;0.872;0.788;0.658,4 positional facets (SSE paired with Expressiveness)
c10_n310_rep,11150,57,Agreeableness,Forgiveness; Gentleness; Flexibility; Patience,4,310,500,True,True,0.7025602553019923,0.7399089365241488,5.810090250540448,6.2148424295638565,0.9996540902456299,0.9975715403027771,0.9999195846980752,0.020813257407706596,0.014381624981376868,0.060180087407955725,pass,not applicable,pass,0.765;0.861;0.781;0.703,0.755;0.846;0.785;0.740,4 shared facets
c10_n310_rep,11150,57,Conscientiousness,Organization; Diligence; Perfectionism; Prudence,4,310,500,True,True,0.5446189592890035,0.599182396923535,3.4873889557871762,3.835623815050767,0.9978512370647036,0.9902923246867817,0.9994496237712792,0.048657714802875354,0.02743302691362856,0.10193809351366322,unresolved,not applicable,unresolved,0.744;0.763;0.545;0.604,0.743;0.730;0.599;0.678,4 shared facets
c10_n310_rep,11150,57,Openness,Aesthetic Appreciation; Inquisitiveness; Creativity; Unconventionality,4,310,500,True,False,0.5344131149699582,0.48709783988364735,2.9840279068713076,2.7387557895873536,0.9969413293784429,0.9882388849319199,0.9990917944793216,0.059455370356573854,0.044747288448329856,0.10732177539010723,unresolved,not applicable,unresolved,0.534;0.579;0.843;0.605,0.487;0.632;0.754;0.571,4 shared facets
c4_n310_rep,11150,57,Honesty-Humility,Sincerity; Fairness; Greed Avoidance; Modesty,4,310,500,False,False,0.3965610190410945,0.5565211484079214,2.6078294567092404,3.3156290974220988,0.993388656482691,0.9752396324931056,0.9981154520781156,0.08207076964259048,0.046815777942834626,0.1494926589384205,unresolved,not applicable,fail,0.598;0.397;0.780;0.653,0.632;0.557;0.768;0.659,4 shared facets
c4_n310_rep,11150,57,Emotionality,Fearfulness; Anxiety; Dependence; Sentimentality,4,310,500,False,False,0.44029512886911354,0.53731469765033,2.4036356109472465,2.7331564178946106,0.9928665137601504,0.978784448242934,0.998054166155811,0.09511336109450975,0.061826711988948534,0.14932596792246156,unresolved,not applicable,fail,0.592;0.750;0.627;0.440,0.537;0.779;0.778;0.538,4 shared facets
c4_n310_rep,11150,57,Extraversion,Social Boldness; Sociability; Liveliness,3,310,500,True,True,0.7114247828775947,0.7146441523997545,4.872600161176065,4.8826801011344045,0.9999684182120621,0.9972836771326095,0.9999448270324487,0.006234932968837243,0.013387507489246336,0.062274675632117,pass,not applicable,pass,0.802;0.811;0.711,0.792;0.814;0.715,3 shared facets (SSE excluded)
c4_n310_rep,11150,57,Extraversion_4pos,Social Self-Esteem; Social Boldness; Sociability; Liveliness,4,310,500,True,True,0.6977229168022142,0.6578857344642357,5.627838753363985,5.1830485021422685,0.9976874657736128,0.993869207051205,0.999055180663513,0.05614085384359651,0.040439597182410074,0.09072397063793816,pass,not applicable,pass,0.759;0.801;0.825;0.698,0.827;0.872;0.788;0.658,4 positional facets (SSE paired with Expressiveness)
c4_n310_rep,11150,57,Agreeableness,Forgiveness; Gentleness; Flexibility; Patience,4,310,500,True,True,0.6058518110690887,0.7399089365241488,3.791658222136867,6.2148424295638565,0.9976386364456855,0.9896453386807116,0.9992846769578407,0.11799041894099926,0.08453284537563445,0.1734228188631765,unresolved,not applicable,unresolved,0.709;0.738;0.606;0.642,0.755;0.846;0.785;0.740,4 shared facets
c4_n310_rep,11150,57,Conscientiousness,Organization; Diligence; Perfectionism; Prudence,4,310,500,True,True,0.5482861147153408,0.599182396923535,3.1875344112888344,3.835623815050767,0.9972281504971308,0.9883018784636614,0.9991325518023221,0.062564456174951,0.03423869497831521,0.11887579009303925,unresolved,not applicable,unresolved,0.739;0.732;0.548;0.564,0.743;0.730;0.599;0.678,4 shared facets
c4_n310_rep,11150,57,Openness,Aesthetic Appreciation; Inquisitiveness; Creativity; Unconventionality,4,310,500,False,False,0.2970574534246846,0.48709783988364735,1.8529355695537424,2.7387557895873536,0.9474274666117257,0.8850559554707205,0.9852905213278842,0.2011126018851074,0.12329217642387637,0.28868918162865626,fail,not applicable,fail,0.384;0.297;0.891;0.429,0.487;0.632;0.754;0.571,4 shared facets
c10_n310_rep,11150,58,Honesty-Humility,Sincerity; Fairness; Greed Avoidance; Modesty,4,310,500,True,True,0.5623092691891295,0.5565211484079214,3.512302585129438,3.3156290974220988,0.9997722440573984,0.994449050398627,0.9997956234292658,0.03085880133429936,0.025687423692734822,0.07927596318063139,pass,not applicable,pass,0.646;0.562;0.820;0.690,0.632;0.557;0.768;0.659,4 shared facets
c10_n310_rep,11150,58,Emotionality,Fearfulness; Anxiety; Dependence; Sentimentality,4,310,500,False,False,0.5009745174745415,0.53731469765033,2.695374340157678,2.7331564178946106,0.9985457019066071,0.9911474087706574,0.9996314471045977,0.041616707737999824,0.030165377269006526,0.09296583060321287,pass,not applicable,fail,0.535;0.799;0.850;0.501,0.537;0.779;0.778;0.538,4 shared facets
c10_n310_rep,11150,58,Extraversion,Social Boldness; Sociability; Liveliness,3,310,500,True,True,0.7530221095466294,0.7146441523997545,5.436960316921809,4.8826801011344045,0.9997070593088075,0.9970738432727163,0.999921239855999,0.02289114885061378,0.01689192664702679,0.06562652426022549,pass,not applicable,pass,0.787;0.823;0.753,0.792;0.814;0.715,3 shared facets (SSE excluded)
c10_n310_rep,11150,58,Extraversion_4pos,Social Self-Esteem; Social Boldness; Sociability; Liveliness,4,310,500,True,True,0.698893819709278,0.6578857344642357,5.721232206806227,5.1830485021422685,0.9997446359015196,0.998222764776839,0.9999198547066586,0.022497130123693216,0.01565307464045494,0.05595055072015744,pass,not applicable,pass,0.845;0.874;0.785;0.699,0.827;0.872;0.788;0.658,4 positional facets (SSE paired with Expressiveness)
c10_n310_rep,11150,58,Agreeableness,Forgiveness; Gentleness; Flexibility; Patience,4,310,500,True,True,0.718126220339802,0.7399089365241488,6.139942533788893,6.2148424295638565,0.9994887795429477,0.9972730381959664,0.9998373074406429,0.026158033075338025,0.019229188903949288,0.060266993830022715,pass,not applicable,pass,0.775;0.887;0.770;0.718,0.755;0.846;0.785;0.740,4 shared facets
c10_n310_rep,11150,58,Conscientiousness,Organization; Diligence; Perfectionism; Prudence,4,310,500,True,True,0.620159407958839,0.599182396923535,4.108697219069357,3.835623815050767,0.9988658601532789,0.9938658559474597,0.9995738919094603,0.03486283745112616,0.025371179345489683,0.08254409530435998,pass,not applicable,pass,0.756;0.690;0.620;0.729,0.743;0.730;0.599;0.678,4 shared facets
c10_n310_rep,11150,58,Openness,Aesthetic Appreciation; Inquisitiveness; Creativity; Unconventionality,4,310,500,True,False,0.530057790952545,0.48709783988364735,2.9861280982701146,2.7387557895873536,0.9988160378978497,0.9906644125111153,0.9994430264662986,0.03824851394360303,0.032735219113395914,0.09632653598398572,pass,not applicable,pass,0.530;0.602;0.798;0.605,0.487;0.632;0.754;0.571,4 shared facets
c4_n310_rep,11150,58,Honesty-Humility,Sincerity; Fairness; Greed Avoidance; Modesty,4,310,500,True,True,0.5818563737506302,0.5565211484079214,3.2910654056312953,3.3156290974220988,0.9981624160687541,0.9892360172943606,0.9993120985204754,0.04060961164801072,0.02987165214407538,0.10162860273703747,unresolved,not applicable,unresolved,0.582;0.600;0.782;0.615,0.632;0.557;0.768;0.659,4 shared facets
c4_n310_rep,11150,58,Emotionality,Fearfulness; Anxiety; Dependence; Sentimentality,4,310,500,False,False,0.3178305253467011,0.53731469765033,2.0169416025757663,2.7331564178946106,0.9842365563544334,0.9631452747564897,0.9928517663174993,0.1240309915470053,0.08404324850662187,0.18446589291094087,unresolved,not applicable,fail,0.432;0.763;0.821;0.318,0.537;0.779;0.778;0.538,4 shared facets
c4_n310_rep,11150,58,Extraversion,Social Boldness; Sociability; Liveliness,3,310,500,True,True,0.6707357771250437,0.7146441523997545,4.493199318133699,4.8826801011344045,0.9991831711972102,0.9950923201551123,0.9998673677958777,0.03143621952101692,0.018494429094451398,0.07860742816974861,pass,not applicable,pass,0.806;0.843;0.671,0.792;0.814;0.715,3 shared facets (SSE excluded)
c4_n310_rep,11150,58,Extraversion_4pos,Social Self-Esteem; Social Boldness; Sociability; Liveliness,4,310,500,True,True,0.6680682833038153,0.6578857344642357,4.86046756776517,5.1830485021422685,0.9965539672514983,0.9922091283353386,0.9986412211572911,0.07309139433850338,0.04957196204875685,0.10816590862374859,unresolved,not applicable,unresolved,0.686;0.843;0.809;0.668,0.827;0.872;0.788;0.658,4 positional facets (SSE paired with Expressiveness)
c4_n310_rep,11150,58,Agreeableness,Forgiveness; Gentleness; Flexibility; Patience,4,310,500,True,True,0.6688748856051475,0.7399089365241488,4.504605690372064,6.2148424295638565,0.9980208476604635,0.9927588976803305,0.9993530091211291,0.08555973049567216,0.06190078885922982,0.13031064233666048,unresolved,not applicable,unresolved,0.756;0.736;0.669;0.680,0.755;0.846;0.785;0.740,4 shared facets
c4_n310_rep,11150,58,Conscientiousness,Organization; Diligence; Perfectionism; Prudence,4,310,500,True,True,0.591259325191412,0.599182396923535,3.209415315386763,3.835623815050767,0.9981827152343464,0.990195749294574,0.9994956443793637,0.05823044795148809,0.03449788683621127,0.11554017150209743,unresolved,not applicable,unresolved,0.685;0.684;0.625;0.591,0.743;0.730;0.599;0.678,4 shared facets
c4_n310_rep,11150,58,Openness,Aesthetic Appreciation; Inquisitiveness; Creativity; Unconventionality,4,310,500,False,False,0.3604837649730729,0.48709783988364735,1.9780628203285908,2.7387557895873536,0.9818071727166268,0.9410200690035485,0.9931627464673893,0.12842101089950556,0.08997052637364998,0.21330310847695008,unresolved,not applicable,fail,0.360;0.420;0.808;0.525,0.487;0.632;0.754;0.571,4 shared facets
c10_n310_rep,11150,59,Honesty-Humility,Sincerity; Fairness; Greed Avoidance; Modesty,4,310,500,True,True,0.6246856240885041,0.5565211484079214,3.609262353022756,3.3156290974220988,0.9986477984172084,0.9923514972676031,0.9994861003814527,0.0441263401184094,0.032281902791429215,0.09197858895478835,pass,not applicable,pass,0.674;0.625;0.795;0.634,0.632;0.557;0.768;0.659,4 shared facets
c10_n310_rep,11150,59,Emotionality,Fearfulness; Anxiety; Dependence; Sentimentality,4,310,500,False,False,0.47202663018277047,0.53731469765033,2.644344551073614,2.7331564178946106,0.9979573853261041,0.9890965665301985,0.9995728832682768,0.044474563364698703,0.02494571050661381,0.10341132141918427,unresolved,not applicable,fail,0.587;0.771;0.745;0.472,0.537;0.779;0.778;0.538,4 shared facets
c10_n310_rep,11150,59,Extraversion,Social Boldness; Sociability; Liveliness,3,310,500,True,True,0.7450406376820282,0.7146441523997545,5.616607694631138,4.8826801011344045,0.9998058833172178,0.9968341056692406,0.9999542464000363,0.030487796738157536,0.017868845697185415,0.07102174526844258,pass,not applicable,pass,0.835;0.821;0.745,0.792;0.814;0.715,3 shared facets (SSE excluded)
c10_n310_rep,11150,59,Extraversion_4pos,Social Self-Esteem; Social Boldness; Sociability; Liveliness,4,310,500,True,True,0.7040249994885157,0.6578857344642357,6.130380618252762,5.1830485021422685,0.9997729971207765,0.9983465707658343,0.9999048699127535,0.02753472736731766,0.017530211476371512,0.05796807937989964,pass,not applicable,pass,0.836;0.900;0.795;0.704,0.827;0.872;0.788;0.658,4 positional facets (SSE paired with Expressiveness)
c10_n310_rep,11150,59,Agreeableness,Forgiveness; Gentleness; Flexibility; Patience,4,310,500,True,True,0.7658844502298834,0.7399089365241488,7.009221289320522,6.2148424295638565,0.9995724725191161,0.9980149397381812,0.9998970382207211,0.025349261396456754,0.017289565698490217,0.059130303470644276,pass,not applicable,pass,0.792;0.825;0.789;0.766,0.755;0.846;0.785;0.740,4 shared facets
c10_n310_rep,11150,59,Conscientiousness,Organization; Diligence; Perfectionism; Prudence,4,310,500,True,True,0.5608800675396127,0.599182396923535,3.6442281644566665,3.835623815050767,0.9989338154595964,0.9936617834741057,0.9996540605273132,0.03184297962575244,0.024843498842226242,0.08531835304068892,pass,not applicable,pass,0.718;0.742;0.561;0.720,0.743;0.730;0.599;0.678,4 shared facets
c10_n310_rep,11150,59,Openness,Aesthetic Appreciation; Inquisitiveness; Creativity; Unconventionality,4,310,500,True,False,0.47201488060107766,0.48709783988364735,2.9268825069726887,2.7387557895873536,0.999456584049815,0.988339209475015,0.9995523285464866,0.026748915569386446,0.025267320251366774,0.09960637864309889,pass,not applicable,pass,0.472;0.678;0.765;0.591,0.487;0.632;0.754;0.571,4 shared facets
c4_n310_rep,11150,59,Honesty-Humility,Sincerity; Fairness; Greed Avoidance; Modesty,4,310,500,True,True,0.5798335800838766,0.5565211484079214,3.268634510007089,3.3156290974220988,0.984297590176436,0.9677414808078437,0.992753116238795,0.11681832015015152,0.08546048537662322,0.16887890547022225,unresolved,not applicable,unresolved,0.759;0.581;0.580;0.610,0.632;0.557;0.768;0.659,4 shared facets
c4_n310_rep,11150,59,Emotionality,Fearfulness; Anxiety; Dependence; Sentimentality,4,310,500,False,False,0.4419570528361548,0.53731469765033,2.3438956453807327,2.7331564178946106,0.9955761604901612,0.9783195970753766,0.99807669663953,0.10605946675560646,0.08125807008780767,0.1671362994431645,unresolved,not applicable,fail,0.442;0.718;0.599;0.528,0.537;0.779;0.778;0.538,4 shared facets
c4_n310_rep,11150,59,Extraversion,Social Boldness; Sociability; Liveliness,3,310,500,True,True,0.5214879161702062,0.7146441523997545,3.196143397042719,4.8826801011344045,0.9849566293085443,0.9663719290727516,0.9938263172063956,0.13447495736245363,0.08726005209539461,0.20009155476785,unresolved,not applicable,unresolved,0.913;0.766;0.521,0.792;0.814;0.715,3 shared facets (SSE excluded)
c4_n310_rep,11150,59,Extraversion_4pos,Social Self-Esteem; Social Boldness; Sociability; Liveliness,4,310,500,True,True,0.48352792900512415,0.6578857344642357,3.6919435495554827,5.1830485021422685,0.9936973085001851,0.9856600023246056,0.9976324783935363,0.09084044906213554,0.056898429074329744,0.13711089395479575,unresolved,not applicable,unresolved,0.799;0.914;0.797;0.484,0.827;0.872;0.788;0.658,4 positional facets (SSE paired with Expressiveness)
c4_n310_rep,11150,59,Agreeableness,Forgiveness; Gentleness; Flexibility; Patience,4,310,500,True,True,0.6787426594295082,0.7399089365241488,4.292104340102022,6.2148424295638565,0.9964251667603845,0.989939351349289,0.9987337716224362,0.10070966119843641,0.07192276900191127,0.14403562943073656,unresolved,not applicable,unresolved,0.767;0.687;0.680;0.679,0.755;0.846;0.785;0.740,4 shared facets
c4_n310_rep,11150,59,Conscientiousness,Organization; Diligence; Perfectionism; Prudence,4,310,500,False,False,0.3689160230678007,0.599182396923535,2.638407855690283,3.835623815050767,0.9865719739219364,0.969578183580453,0.9936841190518607,0.1184316392128114,0.0835649552448384,0.17865902661051777,unresolved,not applicable,fail,0.727;0.693;0.369;0.717,0.743;0.730;0.599;0.678,4 shared facets
c4_n310_rep,11150,59,Openness,Aesthetic Appreciation; Inquisitiveness; Creativity; Unconventionality,4,310,500,False,False,0.28653958841249416,0.48709783988364735,1.977527640554936,2.7387557895873536,0.9895115152146107,0.9571497877808779,0.9973729249685185,0.1202810382915612,0.08015330892569482,0.19455527769519146,unresolved,not applicable,fail,0.287;0.516;0.694;0.549,0.487;0.632;0.754;0.571,4 shared facets
