run,outcome,party,code,share_twin,share_w4,share_w13
text_gpt41mini,QID287_1,Republican,1,0.1925925925925926,0.2537037037037037,0.2851851851851852
text_gpt41mini,QID287_1,Republican,2,0.7574074074074074,0.22037037037037038,0.19074074074074074
text_gpt41mini,QID287_1,Republican,3,0.022222222222222223,0.14629629629629629,0.13703703703703704
text_gpt41mini,QID287_1,Republican,4,0.020370370370370372,0.2814814814814815,0.28703703703703703
text_gpt41mini,QID287_1,Republican,5,0.007407407407407408,0.09814814814814815,0.1
text_gpt41mini,QID287_1,Democrat,1,0.0023612750885478157,0.018890200708382526,0.020070838252656435
text_gpt41mini,QID287_1,Democrat,2,0.009445100354191263,0.04014167650531287,0.0590318772136954
text_gpt41mini,QID287_1,Democrat,3,0.008264462809917356,0.08618654073199528,0.11097992916174734
text_gpt41mini,QID287_1,Democrat,4,0.09445100354191263,0.45454545454545453,0.38961038961038963
text_gpt41mini,QID287_1,Democrat,5,0.885478158205431,0.4002361275088548,0.4203069657615112
text_gpt41mini,QID287_2,Republican,1,0.06296296296296296,0.16666666666666666,0.18888888888888888
text_gpt41mini,QID287_2,Republican,2,0.3925925925925926,0.1925925925925926,0.17777777777777778
text_gpt41mini,QID287_2,Republican,3,0.45555555555555555,0.2537037037037037,0.2740740740740741
text_gpt41mini,QID287_2,Republican,4,0.08888888888888889,0.28888888888888886,0.22962962962962963
text_gpt41mini,QID287_2,Republican,5,0.0,0.09814814814814815,0.12962962962962962
text_gpt41mini,QID287_2,Democrat,1,0.0,0.008264462809917356,0.014167650531286895
text_gpt41mini,QID287_2,Democrat,2,0.0023612750885478157,0.02715466351829988,0.03896103896103896
text_gpt41mini,QID287_2,Democrat,3,0.011806375442739079,0.16883116883116883,0.20188902007083825
text_gpt41mini,QID287_2,Democrat,4,0.46871310507674147,0.4085005903187721,0.3860684769775679
text_gpt41mini,QID287_2,Democrat,5,0.5171192443919717,0.3872491145218418,0.358913813459268
text_gpt41mini,QID287_3,Republican,1,0.13703703703703704,0.22407407407407406,0.25
text_gpt41mini,QID287_3,Republican,2,0.3574074074074074,0.1962962962962963,0.1685185185185185
text_gpt41mini,QID287_3,Republican,3,0.4444444444444444,0.19444444444444445,0.19814814814814816
text_gpt41mini,QID287_3,Republican,4,0.06111111111111111,0.26481481481481484,0.2574074074074074
text_gpt41mini,QID287_3,Republican,5,0.0,0.12037037037037036,0.1259259259259259
text_gpt41mini,QID287_3,Democrat,1,0.0,0.0070838252656434475,0.0059031877213695395
text_gpt41mini,QID287_3,Democrat,2,0.0023612750885478157,0.025974025974025976,0.03659976387249114
text_gpt41mini,QID287_3,Democrat,3,0.010625737898465172,0.08264462809917356,0.09327036599763873
text_gpt41mini,QID287_3,Democrat,4,0.3659976387249115,0.36717827626918537,0.3482880755608028
text_gpt41mini,QID287_3,Democrat,5,0.6210153482880756,0.5171192443919717,0.5159386068476978
text_gpt41mini,QID287_4,Republican,1,0.8685185185185185,0.2462962962962963,0.2388888888888889
text_gpt41mini,QID287_4,Republican,2,0.12777777777777777,0.17222222222222222,0.1537037037037037
text_gpt41mini,QID287_4,Republican,3,0.0,0.14814814814814814,0.16666666666666666
text_gpt41mini,QID287_4,Republican,4,0.003703703703703704,0.25555555555555554,0.24814814814814815
text_gpt41mini,QID287_4,Republican,5,0.0,0.17777777777777778,0.1925925925925926
text_gpt41mini,QID287_4,Democrat,1,0.0023612750885478157,0.008264462809917356,0.0059031877213695395
text_gpt41mini,QID287_4,Democrat,2,0.010625737898465172,0.023612750885478158,0.025974025974025976
text_gpt41mini,QID287_4,Democrat,3,0.0070838252656434475,0.06257378984651712,0.06375442739079103
text_gpt41mini,QID287_4,Democrat,4,0.10153482880755609,0.21605667060212513,0.19952774498229045
text_gpt41mini,QID287_4,Democrat,5,0.8783943329397875,0.6894923258559622,0.704840613931523
text_gpt41mini,QID287_6,Republican,1,0.1962962962962963,0.2833333333333333,0.2851851851851852
text_gpt41mini,QID287_6,Republican,2,0.6333333333333333,0.2,0.20925925925925926
text_gpt41mini,QID287_6,Republican,3,0.13703703703703704,0.1574074074074074,0.13333333333333333
text_gpt41mini,QID287_6,Republican,4,0.03333333333333333,0.25555555555555554,0.25555555555555554
text_gpt41mini,QID287_6,Republican,5,0.0,0.1037037037037037,0.11666666666666667
text_gpt41mini,QID287_6,Democrat,1,0.0,0.01770956316410862,0.023612750885478158
text_gpt41mini,QID287_6,Democrat,2,0.0,0.031877213695395513,0.02715466351829988
text_gpt41mini,QID287_6,Democrat,3,0.0011806375442739079,0.07083825265643448,0.08500590318772137
text_gpt41mini,QID287_6,Democrat,4,0.13931523022432113,0.2668240850059032,0.24321133412042503
text_gpt41mini,QID287_6,Democrat,5,0.859504132231405,0.6127508854781583,0.6210153482880756
text_gpt41mini,QID287_7,Republican,1,0.03148148148148148,0.09259259259259259,0.09444444444444444
text_gpt41mini,QID287_7,Republican,2,0.17962962962962964,0.12037037037037036,0.10740740740740741
text_gpt41mini,QID287_7,Republican,3,0.3333333333333333,0.18888888888888888,0.17962962962962964
text_gpt41mini,QID287_7,Republican,4,0.4351851851851852,0.3296296296296296,0.3574074074074074
text_gpt41mini,QID287_7,Republican,5,0.020370370370370372,0.26851851851851855,0.2611111111111111
text_gpt41mini,QID287_7,Democrat,1,0.0,0.004722550177095631,0.0070838252656434475
text_gpt41mini,QID287_7,Democrat,2,0.0,0.015348288075560802,0.010625737898465172
text_gpt41mini,QID287_7,Democrat,3,0.0,0.06847697756788666,0.048406139315230225
text_gpt41mini,QID287_7,Democrat,4,0.023612750885478158,0.21133412042502953,0.23376623376623376
text_gpt41mini,QID287_7,Democrat,5,0.9763872491145218,0.7001180637544274,0.7001180637544274
text_gpt41mini,QID287_10,Republican,1,0.8185185185185185,0.18888888888888888,0.18888888888888888
text_gpt41mini,QID287_10,Republican,2,0.1814814814814815,0.12962962962962962,0.1388888888888889
text_gpt41mini,QID287_10,Republican,3,0.0,0.16666666666666666,0.1814814814814815
text_gpt41mini,QID287_10,Republican,4,0.0,0.27037037037037037,0.24074074074074073
text_gpt41mini,QID287_10,Republican,5,0.0,0.24444444444444444,0.25
text_gpt41mini,QID287_10,Democrat,1,0.0,0.014167650531286895,0.01770956316410862
text_gpt41mini,QID287_10,Democrat,2,0.009445100354191263,0.023612750885478158,0.031877213695395513
text_gpt41mini,QID287_10,Democrat,3,0.025974025974025976,0.06257378984651712,0.0743801652892562
text_gpt41mini,QID287_10,Democrat,4,0.71900826446281,0.16646989374262103,0.17001180637544275
text_gpt41mini,QID287_10,Democrat,5,0.24557260920897284,0.7331759149940968,0.706021251475797
text_gpt41mini,QID287_11,Republican,1,0.03148148148148148,0.022222222222222223,0.024074074074074074
text_gpt41mini,QID287_11,Republican,2,0.07407407407407407,0.046296296296296294,0.04259259259259259
text_gpt41mini,QID287_11,Republican,3,0.0,0.11666666666666667,0.10740740740740741
text_gpt41mini,QID287_11,Republican,4,0.4203703703703704,0.25,0.24444444444444444
text_gpt41mini,QID287_11,Republican,5,0.4740740740740741,0.5648148148148148,0.5814814814814815
text_gpt41mini,QID287_11,Democrat,1,0.5855962219598583,0.2727272727272727,0.30460448642266824
text_gpt41mini,QID287_11,Democrat,2,0.41440377804014167,0.269185360094451,0.2597402597402597
text_gpt41mini,QID287_11,Democrat,3,0.0,0.24675324675324675,0.22904368358913813
text_gpt41mini,QID287_11,Democrat,4,0.0,0.12750885478158205,0.11216056670602124
text_gpt41mini,QID287_11,Democrat,5,0.0,0.08382526564344746,0.09445100354191263
text_gemini25flash,QID287_1,Republican,1,0.6444444444444445,0.2537037037037037,0.2851851851851852
text_gemini25flash,QID287_1,Republican,2,0.3055555555555556,0.22037037037037038,0.19074074074074074
text_gemini25flash,QID287_1,Republican,3,0.011111111111111112,0.14629629629629629,0.13703703703703704
text_gemini25flash,QID287_1,Republican,4,0.02962962962962963,0.2814814814814815,0.28703703703703703
text_gemini25flash,QID287_1,Republican,5,0.009259259259259259,0.09814814814814815,0.1
text_gemini25flash,QID287_1,Democrat,1,0.0023612750885478157,0.018890200708382526,0.020070838252656435
text_gemini25flash,QID287_1,Democrat,2,0.010625737898465172,0.04014167650531287,0.0590318772136954
text_gemini25flash,QID287_1,Democrat,3,0.01652892561983471,0.08618654073199528,0.11097992916174734
text_gemini25flash,QID287_1,Democrat,4,0.30342384887839435,0.45454545454545453,0.38961038961038963
text_gemini25flash,QID287_1,Democrat,5,0.667060212514758,0.4002361275088548,0.4203069657615112
text_gemini25flash,QID287_2,Republican,1,0.3111111111111111,0.16666666666666666,0.18888888888888888
text_gemini25flash,QID287_2,Republican,2,0.5222222222222223,0.1925925925925926,0.17777777777777778
text_gemini25flash,QID287_2,Republican,3,0.1,0.2537037037037037,0.2740740740740741
text_gemini25flash,QID287_2,Republican,4,0.044444444444444446,0.28888888888888886,0.22962962962962963
text_gemini25flash,QID287_2,Republican,5,0.022222222222222223,0.09814814814814815,0.12962962962962962
text_gemini25flash,QID287_2,Democrat,1,0.0,0.008264462809917356,0.014167650531286895
text_gemini25flash,QID287_2,Democrat,2,0.0023612750885478157,0.02715466351829988,0.03896103896103896
text_gemini25flash,QID287_2,Democrat,3,0.004722550177095631,0.16883116883116883,0.20188902007083825
text_gemini25flash,QID287_2,Democrat,4,0.04132231404958678,0.4085005903187721,0.3860684769775679
text_gemini25flash,QID287_2,Democrat,5,0.9515938606847698,0.3872491145218418,0.358913813459268
text_gemini25flash,QID287_3,Republican,1,0.6055555555555555,0.22407407407407406,0.25
text_gemini25flash,QID287_3,Republican,2,0.3055555555555556,0.1962962962962963,0.1685185185185185
text_gemini25flash,QID287_3,Republican,3,0.04814814814814815,0.19444444444444445,0.19814814814814816
text_gemini25flash,QID287_3,Republican,4,0.025925925925925925,0.26481481481481484,0.2574074074074074
text_gemini25flash,QID287_3,Republican,5,0.014814814814814815,0.12037037037037036,0.1259259259259259
text_gemini25flash,QID287_3,Democrat,1,0.0011806375442739079,0.0070838252656434475,0.0059031877213695395
text_gemini25flash,QID287_3,Democrat,2,0.0059031877213695395,0.025974025974025976,0.03659976387249114
text_gemini25flash,QID287_3,Democrat,3,0.009445100354191263,0.08264462809917356,0.09327036599763873
text_gemini25flash,QID287_3,Democrat,4,0.19716646989374262,0.36717827626918537,0.3482880755608028
text_gemini25flash,QID287_3,Democrat,5,0.7863046044864227,0.5171192443919717,0.5159386068476978
text_gemini25flash,QID287_4,Republican,1,0.9666666666666667,0.2462962962962963,0.2388888888888889
text_gemini25flash,QID287_4,Republican,2,0.018518518518518517,0.17222222222222222,0.1537037037037037
text_gemini25flash,QID287_4,Republican,3,0.001851851851851852,0.14814814814814814,0.16666666666666666
text_gemini25flash,QID287_4,Republican,4,0.003703703703703704,0.25555555555555554,0.24814814814814815
text_gemini25flash,QID287_4,Republican,5,0.009259259259259259,0.17777777777777778,0.1925925925925926
text_gemini25flash,QID287_4,Democrat,1,0.008264462809917356,0.008264462809917356,0.0059031877213695395
text_gemini25flash,QID287_4,Democrat,2,0.024793388429752067,0.023612750885478158,0.025974025974025976
text_gemini25flash,QID287_4,Democrat,3,0.06139315230224321,0.06257378984651712,0.06375442739079103
text_gemini25flash,QID287_4,Democrat,4,0.16646989374262103,0.21605667060212513,0.19952774498229045
text_gemini25flash,QID287_4,Democrat,5,0.7390791027154664,0.6894923258559622,0.704840613931523
text_gemini25flash,QID287_6,Republican,1,0.42777777777777776,0.2833333333333333,0.2851851851851852
text_gemini25flash,QID287_6,Republican,2,0.4685185185185185,0.2,0.20925925925925926
text_gemini25flash,QID287_6,Republican,3,0.07777777777777778,0.1574074074074074,0.13333333333333333
text_gemini25flash,QID287_6,Republican,4,0.014814814814814815,0.25555555555555554,0.25555555555555554
text_gemini25flash,QID287_6,Republican,5,0.011111111111111112,0.1037037037037037,0.11666666666666667
text_gemini25flash,QID287_6,Democrat,1,0.0,0.01770956316410862,0.023612750885478158
text_gemini25flash,QID287_6,Democrat,2,0.0035419126328217238,0.031877213695395513,0.02715466351829988
text_gemini25flash,QID287_6,Democrat,3,0.004722550177095631,0.07083825265643448,0.08500590318772137
text_gemini25flash,QID287_6,Democrat,4,0.06729634002361275,0.2668240850059032,0.24321133412042503
text_gemini25flash,QID287_6,Democrat,5,0.9244391971664699,0.6127508854781583,0.6210153482880756
text_gemini25flash,QID287_7,Republican,1,0.4148148148148148,0.09259259259259259,0.09444444444444444
text_gemini25flash,QID287_7,Republican,2,0.4759259259259259,0.12037037037037036,0.10740740740740741
text_gemini25flash,QID287_7,Republican,3,0.06481481481481481,0.18888888888888888,0.17962962962962964
text_gemini25flash,QID287_7,Republican,4,0.03333333333333333,0.3296296296296296,0.3574074074074074
text_gemini25flash,QID287_7,Republican,5,0.011111111111111112,0.26851851851851855,0.2611111111111111
text_gemini25flash,QID287_7,Democrat,1,0.0,0.004722550177095631,0.0070838252656434475
text_gemini25flash,QID287_7,Democrat,2,0.004722550177095631,0.015348288075560802,0.010625737898465172
text_gemini25flash,QID287_7,Democrat,3,0.0023612750885478157,0.06847697756788666,0.048406139315230225
text_gemini25flash,QID287_7,Democrat,4,0.05430932703659976,0.21133412042502953,0.23376623376623376
text_gemini25flash,QID287_7,Democrat,5,0.9386068476977568,0.7001180637544274,0.7001180637544274
text_gemini25flash,QID287_10,Republican,1,0.8351851851851851,0.18888888888888888,0.18888888888888888
text_gemini25flash,QID287_10,Republican,2,0.11666666666666667,0.12962962962962962,0.1388888888888889
text_gemini25flash,QID287_10,Republican,3,0.027777777777777776,0.16666666666666666,0.1814814814814815
text_gemini25flash,QID287_10,Republican,4,0.009259259259259259,0.27037037037037037,0.24074074074074073
text_gemini25flash,QID287_10,Republican,5,0.011111111111111112,0.24444444444444444,0.25
text_gemini25flash,QID287_10,Democrat,1,0.0070838252656434475,0.014167650531286895,0.01770956316410862
text_gemini25flash,QID287_10,Democrat,2,0.0011806375442739079,0.023612750885478158,0.031877213695395513
text_gemini25flash,QID287_10,Democrat,3,0.012987012987012988,0.06257378984651712,0.0743801652892562
text_gemini25flash,QID287_10,Democrat,4,0.11334120425029516,0.16646989374262103,0.17001180637544275
text_gemini25flash,QID287_10,Democrat,5,0.8654073199527745,0.7331759149940968,0.706021251475797
text_gemini25flash,QID287_11,Republican,1,0.012962962962962963,0.022222222222222223,0.024074074074074074
text_gemini25flash,QID287_11,Republican,2,0.011111111111111112,0.046296296296296294,0.04259259259259259
text_gemini25flash,QID287_11,Republican,3,0.009259259259259259,0.11666666666666667,0.10740740740740741
text_gemini25flash,QID287_11,Republican,4,0.2722222222222222,0.25,0.24444444444444444
text_gemini25flash,QID287_11,Republican,5,0.6944444444444444,0.5648148148148148,0.5814814814814815
text_gemini25flash,QID287_11,Democrat,1,0.9468713105076741,0.2727272727272727,0.30460448642266824
text_gemini25flash,QID287_11,Democrat,2,0.04132231404958678,0.269185360094451,0.2597402597402597
text_gemini25flash,QID287_11,Democrat,3,0.0035419126328217238,0.24675324675324675,0.22904368358913813
text_gemini25flash,QID287_11,Democrat,4,0.0059031877213695395,0.12750885478158205,0.11216056670602124
text_gemini25flash,QID287_11,Democrat,5,0.0023612750885478157,0.08382526564344746,0.09445100354191263
json_gpt41mini,QID287_1,Republican,1,0.0880281690140845,0.2323943661971831,0.2887323943661972
json_gpt41mini,QID287_1,Republican,2,0.7394366197183099,0.2323943661971831,0.176056338028169
json_gpt41mini,QID287_1,Republican,3,0.04225352112676056,0.11619718309859155,0.11619718309859155
json_gpt41mini,QID287_1,Republican,4,0.1056338028169014,0.2887323943661972,0.30633802816901406
json_gpt41mini,QID287_1,Republican,5,0.02464788732394366,0.13028169014084506,0.11267605633802817
json_gpt41mini,QID287_1,Democrat,1,0.0,0.024630541871921183,0.019704433497536946
json_gpt41mini,QID287_1,Democrat,2,0.0,0.05172413793103448,0.05665024630541872
json_gpt41mini,QID287_1,Democrat,3,0.0024630541871921183,0.054187192118226604,0.10591133004926108
json_gpt41mini,QID287_1,Democrat,4,0.26108374384236455,0.4753694581280788,0.39408866995073893
json_gpt41mini,QID287_1,Democrat,5,0.7364532019704434,0.39408866995073893,0.4236453201970443
json_gpt41mini,QID287_2,Republican,1,0.007042253521126761,0.176056338028169,0.18661971830985916
json_gpt41mini,QID287_2,Republican,2,0.323943661971831,0.17253521126760563,0.1795774647887324
json_gpt41mini,QID287_2,Republican,3,0.4612676056338028,0.22183098591549297,0.25
json_gpt41mini,QID287_2,Republican,4,0.18661971830985916,0.3204225352112676,0.22887323943661972
json_gpt41mini,QID287_2,Republican,5,0.02112676056338028,0.10915492957746478,0.15492957746478872
json_gpt41mini,QID287_2,Democrat,1,0.0,0.009852216748768473,0.019704433497536946
json_gpt41mini,QID287_2,Democrat,2,0.0,0.029556650246305417,0.04433497536945813
json_gpt41mini,QID287_2,Democrat,3,0.0024630541871921183,0.16748768472906403,0.19950738916256158
json_gpt41mini,QID287_2,Democrat,4,0.30295566502463056,0.4482758620689655,0.41133004926108374
json_gpt41mini,QID287_2,Democrat,5,0.6945812807881774,0.3448275862068966,0.3251231527093596
json_gpt41mini,QID287_3,Republican,1,0.007042253521126761,0.22183098591549297,0.24295774647887325
json_gpt41mini,QID287_3,Republican,2,0.545774647887324,0.19014084507042253,0.17253521126760563
json_gpt41mini,QID287_3,Republican,3,0.21830985915492956,0.17253521126760563,0.16901408450704225
json_gpt41mini,QID287_3,Republican,4,0.2007042253521127,0.28169014084507044,0.2711267605633803
json_gpt41mini,QID287_3,Republican,5,0.028169014084507043,0.13380281690140844,0.1443661971830986
json_gpt41mini,QID287_3,Democrat,1,0.0,0.009852216748768473,0.012315270935960592
json_gpt41mini,QID287_3,Democrat,2,0.0,0.024630541871921183,0.03694581280788178
json_gpt41mini,QID287_3,Democrat,3,0.0024630541871921183,0.09852216748768473,0.08620689655172414
json_gpt41mini,QID287_3,Democrat,4,0.26108374384236455,0.3694581280788177,0.33497536945812806
json_gpt41mini,QID287_3,Democrat,5,0.7364532019704434,0.4975369458128079,0.5295566502463054
json_gpt41mini,QID287_4,Republican,1,0.24295774647887325,0.25704225352112675,0.25704225352112675
json_gpt41mini,QID287_4,Republican,2,0.7394366197183099,0.15845070422535212,0.1267605633802817
json_gpt41mini,QID287_4,Republican,3,0.01056338028169014,0.15845070422535212,0.15140845070422534
json_gpt41mini,QID287_4,Republican,4,0.0035211267605633804,0.2323943661971831,0.2852112676056338
json_gpt41mini,QID287_4,Republican,5,0.0035211267605633804,0.1936619718309859,0.1795774647887324
json_gpt41mini,QID287_4,Democrat,1,0.0,0.007389162561576354,0.0049261083743842365
json_gpt41mini,QID287_4,Democrat,2,0.0024630541871921183,0.027093596059113302,0.029556650246305417
json_gpt41mini,QID287_4,Democrat,3,0.0024630541871921183,0.07389162561576355,0.07142857142857142
json_gpt41mini,QID287_4,Democrat,4,0.19950738916256158,0.23645320197044334,0.22660098522167488
json_gpt41mini,QID287_4,Democrat,5,0.7955665024630542,0.6551724137931034,0.6674876847290641
json_gpt41mini,QID287_6,Republican,1,0.017605633802816902,0.29577464788732394,0.2852112676056338
json_gpt41mini,QID287_6,Republican,2,0.573943661971831,0.16901408450704225,0.19718309859154928
json_gpt41mini,QID287_6,Republican,3,0.1619718309859155,0.16549295774647887,0.15140845070422534
json_gpt41mini,QID287_6,Republican,4,0.2112676056338028,0.25704225352112675,0.25
json_gpt41mini,QID287_6,Republican,5,0.035211267605633804,0.11267605633802817,0.11619718309859155
json_gpt41mini,QID287_6,Democrat,1,0.0,0.014778325123152709,0.029556650246305417
json_gpt41mini,QID287_6,Democrat,2,0.0,0.04433497536945813,0.03694581280788178
json_gpt41mini,QID287_6,Democrat,3,0.0024630541871921183,0.08620689655172414,0.08866995073891626
json_gpt41mini,QID287_6,Democrat,4,0.15270935960591134,0.2733990147783251,0.2536945812807882
json_gpt41mini,QID287_6,Democrat,5,0.8448275862068966,0.5812807881773399,0.5911330049261084
json_gpt41mini,QID287_7,Republican,1,0.0,0.09507042253521127,0.09154929577464789
json_gpt41mini,QID287_7,Republican,2,0.06690140845070422,0.12323943661971831,0.11619718309859155
json_gpt41mini,QID287_7,Republican,3,0.21830985915492956,0.18309859154929578,0.1443661971830986
json_gpt41mini,QID287_7,Republican,4,0.676056338028169,0.3485915492957746,0.3767605633802817
json_gpt41mini,QID287_7,Republican,5,0.03873239436619718,0.25,0.2711267605633803
json_gpt41mini,QID287_7,Democrat,1,0.0,0.009852216748768473,0.009852216748768473
json_gpt41mini,QID287_7,Democrat,2,0.0,0.024630541871921183,0.017241379310344827
json_gpt41mini,QID287_7,Democrat,3,0.0,0.07142857142857142,0.046798029556650245
json_gpt41mini,QID287_7,Democrat,4,0.08620689655172414,0.2660098522167488,0.2832512315270936
json_gpt41mini,QID287_7,Democrat,5,0.9137931034482759,0.6280788177339901,0.6428571428571429
json_gpt41mini,QID287_10,Republican,1,0.1443661971830986,0.20422535211267606,0.19014084507042253
json_gpt41mini,QID287_10,Republican,2,0.7394366197183099,0.11267605633802817,0.15140845070422534
json_gpt41mini,QID287_10,Republican,3,0.0880281690140845,0.18661971830985916,0.1795774647887324
json_gpt41mini,QID287_10,Republican,4,0.017605633802816902,0.27816901408450706,0.25
json_gpt41mini,QID287_10,Republican,5,0.01056338028169014,0.21830985915492956,0.22887323943661972
json_gpt41mini,QID287_10,Democrat,1,0.0,0.017241379310344827,0.017241379310344827
json_gpt41mini,QID287_10,Democrat,2,0.0,0.03201970443349754,0.03201970443349754
json_gpt41mini,QID287_10,Democrat,3,0.0049261083743842365,0.0665024630541872,0.08374384236453201
json_gpt41mini,QID287_10,Democrat,4,0.2660098522167488,0.1748768472906404,0.17733990147783252
json_gpt41mini,QID287_10,Democrat,5,0.729064039408867,0.7093596059113301,0.6896551724137931
json_gpt41mini,QID287_11,Republican,1,0.1936619718309859,0.017605633802816902,0.02112676056338028
json_gpt41mini,QID287_11,Republican,2,0.1936619718309859,0.04929577464788732,0.035211267605633804
json_gpt41mini,QID287_11,Republican,3,0.0,0.1267605633802817,0.09154929577464789
json_gpt41mini,QID287_11,Republican,4,0.5915492957746479,0.23591549295774647,0.24647887323943662
json_gpt41mini,QID287_11,Republican,5,0.02112676056338028,0.5704225352112676,0.6056338028169014
json_gpt41mini,QID287_11,Democrat,1,0.4876847290640394,0.2413793103448276,0.24876847290640394
json_gpt41mini,QID287_11,Democrat,2,0.5123152709359606,0.2857142857142857,0.2857142857142857
json_gpt41mini,QID287_11,Democrat,3,0.0,0.24630541871921183,0.24876847290640394
json_gpt41mini,QID287_11,Democrat,4,0.0,0.14039408866995073,0.11083743842364532
json_gpt41mini,QID287_11,Democrat,5,0.0,0.08620689655172414,0.10591133004926108
json_gpt41,QID287_1,Republican,1,0.012962962962962963,0.2537037037037037,0.2851851851851852
json_gpt41,QID287_1,Republican,2,0.8981481481481481,0.22037037037037038,0.19074074074074074
json_gpt41,QID287_1,Republican,3,0.025925925925925925,0.14629629629629629,0.13703703703703704
json_gpt41,QID287_1,Republican,4,0.06296296296296296,0.2814814814814815,0.28703703703703703
json_gpt41,QID287_1,Republican,5,0.0,0.09814814814814815,0.1
json_gpt41,QID287_1,Democrat,1,0.0011806375442739079,0.018890200708382526,0.020070838252656435
json_gpt41,QID287_1,Democrat,2,0.0035419126328217238,0.04014167650531287,0.0590318772136954
json_gpt41,QID287_1,Democrat,3,0.0023612750885478157,0.08618654073199528,0.11097992916174734
json_gpt41,QID287_1,Democrat,4,0.38134592680047225,0.45454545454545453,0.38961038961038963
json_gpt41,QID287_1,Democrat,5,0.6115702479338843,0.4002361275088548,0.4203069657615112
json_gpt41,QID287_2,Republican,1,0.005555555555555556,0.16666666666666666,0.18888888888888888
json_gpt41,QID287_2,Republican,2,0.23333333333333334,0.1925925925925926,0.17777777777777778
json_gpt41,QID287_2,Republican,3,0.6018518518518519,0.2537037037037037,0.2740740740740741
json_gpt41,QID287_2,Republican,4,0.1574074074074074,0.28888888888888886,0.22962962962962963
json_gpt41,QID287_2,Republican,5,0.001851851851851852,0.09814814814814815,0.12962962962962962
json_gpt41,QID287_2,Democrat,1,0.0,0.008264462809917356,0.014167650531286895
json_gpt41,QID287_2,Democrat,2,0.0,0.02715466351829988,0.03896103896103896
json_gpt41,QID287_2,Democrat,3,0.0035419126328217238,0.16883116883116883,0.20188902007083825
json_gpt41,QID287_2,Democrat,4,0.5029515938606848,0.4085005903187721,0.3860684769775679
json_gpt41,QID287_2,Democrat,5,0.4935064935064935,0.3872491145218418,0.358913813459268
json_gpt41,QID287_3,Republican,1,0.009259259259259259,0.22407407407407406,0.25
json_gpt41,QID287_3,Republican,2,0.8574074074074074,0.1962962962962963,0.1685185185185185
json_gpt41,QID287_3,Republican,3,0.07222222222222222,0.19444444444444445,0.19814814814814816
json_gpt41,QID287_3,Republican,4,0.06111111111111111,0.26481481481481484,0.2574074074074074
json_gpt41,QID287_3,Republican,5,0.0,0.12037037037037036,0.1259259259259259
json_gpt41,QID287_3,Democrat,1,0.0011806375442739079,0.0070838252656434475,0.0059031877213695395
json_gpt41,QID287_3,Democrat,2,0.0035419126328217238,0.025974025974025976,0.03659976387249114
json_gpt41,QID287_3,Democrat,3,0.0023612750885478157,0.08264462809917356,0.09327036599763873
json_gpt41,QID287_3,Democrat,4,0.41912632821723733,0.36717827626918537,0.3482880755608028
json_gpt41,QID287_3,Democrat,5,0.5737898465171193,0.5171192443919717,0.5159386068476978
json_gpt41,QID287_4,Republican,1,0.15555555555555556,0.2462962962962963,0.2388888888888889
json_gpt41,QID287_4,Republican,2,0.8018518518518518,0.17222222222222222,0.1537037037037037
json_gpt41,QID287_4,Republican,3,0.027777777777777776,0.14814814814814814,0.16666666666666666
json_gpt41,QID287_4,Republican,4,0.014814814814814815,0.25555555555555554,0.24814814814814815
json_gpt41,QID287_4,Republican,5,0.0,0.17777777777777778,0.1925925925925926
json_gpt41,QID287_4,Democrat,1,0.0011806375442739079,0.008264462809917356,0.0059031877213695395
json_gpt41,QID287_4,Democrat,2,0.004722550177095631,0.023612750885478158,0.025974025974025976
json_gpt41,QID287_4,Democrat,3,0.010625737898465172,0.06257378984651712,0.06375442739079103
json_gpt41,QID287_4,Democrat,4,0.23494687131050768,0.21605667060212513,0.19952774498229045
json_gpt41,QID287_4,Democrat,5,0.7485242030696576,0.6894923258559622,0.704840613931523
json_gpt41,QID287_6,Republican,1,0.022222222222222223,0.2833333333333333,0.2851851851851852
json_gpt41,QID287_6,Republican,2,0.9222222222222223,0.2,0.20925925925925926
json_gpt41,QID287_6,Republican,3,0.037037037037037035,0.1574074074074074,0.13333333333333333
json_gpt41,QID287_6,Republican,4,0.018518518518518517,0.25555555555555554,0.25555555555555554
json_gpt41,QID287_6,Republican,5,0.0,0.1037037037037037,0.11666666666666667
json_gpt41,QID287_6,Democrat,1,0.0011806375442739079,0.01770956316410862,0.023612750885478158
json_gpt41,QID287_6,Democrat,2,0.004722550177095631,0.031877213695395513,0.02715466351829988
json_gpt41,QID287_6,Democrat,3,0.010625737898465172,0.07083825265643448,0.08500590318772137
json_gpt41,QID287_6,Democrat,4,0.23494687131050768,0.2668240850059032,0.24321133412042503
json_gpt41,QID287_6,Democrat,5,0.7485242030696576,0.6127508854781583,0.6210153482880756
json_gpt41,QID287_7,Republican,1,0.007407407407407408,0.09259259259259259,0.09444444444444444
json_gpt41,QID287_7,Republican,2,0.4759259259259259,0.12037037037037036,0.10740740740740741
json_gpt41,QID287_7,Republican,3,0.020370370370370372,0.18888888888888888,0.17962962962962964
json_gpt41,QID287_7,Republican,4,0.4203703703703704,0.3296296296296296,0.3574074074074074
json_gpt41,QID287_7,Republican,5,0.07592592592592592,0.26851851851851855,0.2611111111111111
json_gpt41,QID287_7,Democrat,1,0.0011806375442739079,0.004722550177095631,0.0070838252656434475
json_gpt41,QID287_7,Democrat,2,0.0023612750885478157,0.015348288075560802,0.010625737898465172
json_gpt41,QID287_7,Democrat,3,0.0,0.06847697756788666,0.048406139315230225
json_gpt41,QID287_7,Democrat,4,0.089728453364817,0.21133412042502953,0.23376623376623376
json_gpt41,QID287_7,Democrat,5,0.9067296340023613,0.7001180637544274,0.7001180637544274
json_gpt41,QID287_10,Republican,1,0.04814814814814815,0.18888888888888888,0.18888888888888888
json_gpt41,QID287_10,Republican,2,0.8777777777777778,0.12962962962962962,0.1388888888888889
json_gpt41,QID287_10,Republican,3,0.044444444444444446,0.16666666666666666,0.1814814814814815
json_gpt41,QID287_10,Republican,4,0.02962962962962963,0.27037037037037037,0.24074074074074073
json_gpt41,QID287_10,Republican,5,0.0,0.24444444444444444,0.25
json_gpt41,QID287_10,Democrat,1,0.0011806375442739079,0.014167650531286895,0.01770956316410862
json_gpt41,QID287_10,Democrat,2,0.004722550177095631,0.023612750885478158,0.031877213695395513
json_gpt41,QID287_10,Democrat,3,0.0023612750885478157,0.06257378984651712,0.0743801652892562
json_gpt41,QID287_10,Democrat,4,0.29279811097992914,0.16646989374262103,0.17001180637544275
json_gpt41,QID287_10,Democrat,5,0.6989374262101535,0.7331759149940968,0.706021251475797
json_gpt41,QID287_11,Republican,1,0.28703703703703703,0.022222222222222223,0.024074074074074074
json_gpt41,QID287_11,Republican,2,0.06296296296296296,0.046296296296296294,0.04259259259259259
json_gpt41,QID287_11,Republican,3,0.003703703703703704,0.11666666666666667,0.10740740740740741
json_gpt41,QID287_11,Republican,4,0.5944444444444444,0.25,0.24444444444444444
json_gpt41,QID287_11,Republican,5,0.05185185185185185,0.5648148148148148,0.5814814814814815
json_gpt41,QID287_11,Democrat,1,0.3447461629279811,0.2727272727272727,0.30460448642266824
json_gpt41,QID287_11,Democrat,2,0.6505312868949232,0.269185360094451,0.2597402597402597
json_gpt41,QID287_11,Democrat,3,0.0,0.24675324675324675,0.22904368358913813
json_gpt41,QID287_11,Democrat,4,0.0035419126328217238,0.12750885478158205,0.11216056670602124
json_gpt41,QID287_11,Democrat,5,0.0011806375442739079,0.08382526564344746,0.09445100354191263
summary_gpt41mini,QID287_1,Republican,1,0.007407407407407408,0.2537037037037037,0.2851851851851852
summary_gpt41mini,QID287_1,Republican,2,0.2759259259259259,0.22037037037037038,0.19074074074074074
summary_gpt41mini,QID287_1,Republican,3,0.05,0.14629629629629629,0.13703703703703704
summary_gpt41mini,QID287_1,Republican,4,0.4685185185185185,0.2814814814814815,0.28703703703703703
summary_gpt41mini,QID287_1,Republican,5,0.19814814814814816,0.09814814814814815,0.1
summary_gpt41mini,QID287_1,Democrat,1,0.0011806375442739079,0.018890200708382526,0.020070838252656435
summary_gpt41mini,QID287_1,Democrat,2,0.0011806375442739079,0.04014167650531287,0.0590318772136954
summary_gpt41mini,QID287_1,Democrat,3,0.0,0.08618654073199528,0.11097992916174734
summary_gpt41mini,QID287_1,Democrat,4,0.0602125147579693,0.45454545454545453,0.38961038961038963
summary_gpt41mini,QID287_1,Democrat,5,0.9374262101534829,0.4002361275088548,0.4203069657615112
summary_gpt41mini,QID287_2,Republican,1,0.009380863039399626,0.16885553470919323,0.19136960600375236
summary_gpt41mini,QID287_2,Republican,2,0.1801125703564728,0.1951219512195122,0.1801125703564728
summary_gpt41mini,QID287_2,Republican,3,0.1050656660412758,0.2551594746716698,0.275797373358349
summary_gpt41mini,QID287_2,Republican,4,0.44840525328330205,0.2851782363977486,0.22889305816135083
summary_gpt41mini,QID287_2,Republican,5,0.2570356472795497,0.09568480300187618,0.12382739212007504
summary_gpt41mini,QID287_2,Democrat,1,0.0,0.009009009009009009,0.014157014157014158
summary_gpt41mini,QID287_2,Democrat,2,0.0,0.028314028314028315,0.04247104247104247
summary_gpt41mini,QID287_2,Democrat,3,0.0,0.16731016731016732,0.20463320463320464
summary_gpt41mini,QID287_2,Democrat,4,0.02445302445302445,0.4041184041184041,0.3783783783783784
summary_gpt41mini,QID287_2,Democrat,5,0.9755469755469756,0.3912483912483912,0.36036036036036034
summary_gpt41mini,QID287_3,Republican,1,0.012987012987012988,0.22448979591836735,0.2504638218923933
summary_gpt41mini,QID287_3,Republican,2,0.1614100185528757,0.19666048237476808,0.16883116883116883
summary_gpt41mini,QID287_3,Republican,3,0.061224489795918366,0.19294990723562153,0.19851576994434136
summary_gpt41mini,QID287_3,Republican,4,0.4842300556586271,0.2653061224489796,0.2560296846011132
summary_gpt41mini,QID287_3,Republican,5,0.28014842300556586,0.12059369202226346,0.1261595547309833
summary_gpt41mini,QID287_3,Democrat,1,0.0,0.007425742574257425,0.006188118811881188
summary_gpt41mini,QID287_3,Democrat,2,0.0,0.023514851485148515,0.03589108910891089
summary_gpt41mini,QID287_3,Democrat,3,0.0,0.08168316831683169,0.09158415841584158
summary_gpt41mini,QID287_3,Democrat,4,0.019801980198019802,0.36386138613861385,0.3415841584158416
summary_gpt41mini,QID287_3,Democrat,5,0.9801980198019802,0.5235148514851485,0.5247524752475248
summary_gpt41mini,QID287_4,Republican,1,0.437137330754352,0.23017408123791103,0.22243713733075435
summary_gpt41mini,QID287_4,Republican,2,0.4661508704061896,0.1702127659574468,0.1528046421663443
summary_gpt41mini,QID287_4,Republican,3,0.0019342359767891683,0.15473887814313347,0.172147001934236
summary_gpt41mini,QID287_4,Republican,4,0.009671179883945842,0.26499032882011603,0.25338491295938104
summary_gpt41mini,QID287_4,Republican,5,0.0851063829787234,0.17988394584139264,0.19922630560928434
summary_gpt41mini,QID287_4,Democrat,1,0.0,0.008674101610904586,0.006195786864931847
summary_gpt41mini,QID287_4,Democrat,2,0.0,0.021065675340768277,0.026022304832713755
summary_gpt41mini,QID287_4,Democrat,3,0.0,0.061957868649318466,0.0644361833952912
summary_gpt41mini,QID287_4,Democrat,4,0.012391573729863693,0.21685254027261464,0.19454770755885997
summary_gpt41mini,QID287_4,Democrat,5,0.9876084262701363,0.6914498141263941,0.7087980173482032
summary_gpt41mini,QID287_6,Republican,1,0.16917293233082706,0.2800751879699248,0.2819548872180451
summary_gpt41mini,QID287_6,Republican,2,0.16729323308270677,0.19736842105263158,0.20864661654135339
summary_gpt41mini,QID287_6,Republican,3,0.2518796992481203,0.15789473684210525,0.13157894736842105
summary_gpt41mini,QID287_6,Republican,4,0.2669172932330827,0.2593984962406015,0.2593984962406015
summary_gpt41mini,QID287_6,Republican,5,0.14473684210526316,0.10526315789473684,0.11842105263157894
summary_gpt41mini,QID287_6,Democrat,1,0.0,0.01734820322180917,0.023543990086741014
summary_gpt41mini,QID287_6,Democrat,2,0.0,0.02973977695167286,0.026022304832713755
summary_gpt41mini,QID287_6,Democrat,3,0.0,0.06939281288723669,0.08550185873605948
summary_gpt41mini,QID287_6,Democrat,4,0.011152416356877323,0.26765799256505574,0.24287484510532836
summary_gpt41mini,QID287_6,Democrat,5,0.9888475836431226,0.6158612143742255,0.6220570012391574
summary_gpt41mini,QID287_7,Republican,1,0.04263565891472868,0.07945736434108527,0.08527131782945736
summary_gpt41mini,QID287_7,Republican,2,0.044573643410852716,0.12015503875968993,0.10852713178294573
summary_gpt41mini,QID287_7,Republican,3,0.05232558139534884,0.19186046511627908,0.18023255813953487
summary_gpt41mini,QID287_7,Republican,4,0.5135658914728682,0.3333333333333333,0.36627906976744184
summary_gpt41mini,QID287_7,Republican,5,0.34689922480620156,0.2751937984496124,0.2596899224806202
summary_gpt41mini,QID287_7,Democrat,1,0.0,0.004956629491945477,0.007434944237918215
summary_gpt41mini,QID287_7,Democrat,2,0.0,0.01486988847583643,0.011152416356877323
summary_gpt41mini,QID287_7,Democrat,3,0.0,0.06939281288723669,0.04708798017348203
summary_gpt41mini,QID287_7,Democrat,4,0.009913258983890954,0.2057001239157373,0.23172242874845106
summary_gpt41mini,QID287_7,Democrat,5,0.990086741016109,0.7050805452292441,0.7026022304832714
summary_gpt41mini,QID287_10,Republican,1,0.45660377358490567,0.18867924528301888,0.18867924528301888
summary_gpt41mini,QID287_10,Republican,2,0.4188679245283019,0.12830188679245283,0.13962264150943396
summary_gpt41mini,QID287_10,Republican,3,0.03207547169811321,0.16981132075471697,0.1830188679245283
summary_gpt41mini,QID287_10,Republican,4,0.03207547169811321,0.269811320754717,0.2358490566037736
summary_gpt41mini,QID287_10,Republican,5,0.06037735849056604,0.24339622641509434,0.2528301886792453
summary_gpt41mini,QID287_10,Democrat,1,0.0,0.013630731102850062,0.01858736059479554
summary_gpt41mini,QID287_10,Democrat,2,0.0024783147459727386,0.023543990086741014,0.02973977695167286
summary_gpt41mini,QID287_10,Democrat,3,0.0012391573729863693,0.06319702602230483,0.07311028500619579
summary_gpt41mini,QID287_10,Democrat,4,0.01982651796778191,0.15985130111524162,0.17100371747211895
summary_gpt41mini,QID287_10,Democrat,5,0.976456009913259,0.7397769516728625,0.7075588599752168
summary_gpt41mini,QID287_11,Republican,1,0.40037593984962405,0.022556390977443608,0.02443609022556391
summary_gpt41mini,QID287_11,Republican,2,0.3890977443609023,0.046992481203007516,0.043233082706766915
summary_gpt41mini,QID287_11,Republican,3,0.015037593984962405,0.11842105263157894,0.10902255639097744
summary_gpt41mini,QID287_11,Republican,4,0.05451127819548872,0.25,0.2462406015037594
summary_gpt41mini,QID287_11,Republican,5,0.14097744360902256,0.5620300751879699,0.5770676691729323
summary_gpt41mini,QID287_11,Democrat,1,0.6847697756788665,0.2727272727272727,0.30460448642266824
summary_gpt41mini,QID287_11,Democrat,2,0.31286894923258557,0.269185360094451,0.2597402597402597
summary_gpt41mini,QID287_11,Democrat,3,0.0,0.24675324675324675,0.22904368358913813
summary_gpt41mini,QID287_11,Democrat,4,0.0,0.12750885478158205,0.11216056670602124
summary_gpt41mini,QID287_11,Democrat,5,0.0023612750885478157,0.08382526564344746,0.09445100354191263
summary_json_gpt41mini,QID287_1,Republican,1,0.2634508348794063,0.2541743970315399,0.28385899814471244
summary_json_gpt41mini,QID287_1,Republican,2,0.03525046382189239,0.2189239332096475,0.19109461966604824
summary_json_gpt41mini,QID287_1,Republican,3,0.0686456400742115,0.14656771799628943,0.137291280148423
summary_json_gpt41mini,QID287_1,Republican,4,0.42857142857142855,0.2820037105751391,0.287569573283859
summary_json_gpt41mini,QID287_1,Republican,5,0.20408163265306123,0.09833024118738404,0.10018552875695733
summary_json_gpt41mini,QID287_1,Democrat,1,0.0023612750885478157,0.018890200708382526,0.020070838252656435
summary_json_gpt41mini,QID287_1,Democrat,2,0.0,0.04014167650531287,0.0590318772136954
summary_json_gpt41mini,QID287_1,Democrat,3,0.0023612750885478157,0.08618654073199528,0.11097992916174734
summary_json_gpt41mini,QID287_1,Democrat,4,0.08618654073199528,0.45454545454545453,0.38961038961038963
summary_json_gpt41mini,QID287_1,Democrat,5,0.9090909090909091,0.4002361275088548,0.4203069657615112
summary_json_gpt41mini,QID287_2,Republican,1,0.08585858585858586,0.1893939393939394,0.21464646464646464
summary_json_gpt41mini,QID287_2,Republican,2,0.09848484848484848,0.17929292929292928,0.18434343434343434
summary_json_gpt41mini,QID287_2,Republican,3,0.17929292929292928,0.26262626262626265,0.2828282828282828
summary_json_gpt41mini,QID287_2,Republican,4,0.47474747474747475,0.27525252525252525,0.20202020202020202
summary_json_gpt41mini,QID287_2,Republican,5,0.16161616161616163,0.09343434343434344,0.11616161616161616
summary_json_gpt41mini,QID287_2,Democrat,1,0.002178649237472767,0.004357298474945534,0.006535947712418301
summary_json_gpt41mini,QID287_2,Democrat,2,0.0,0.02832244008714597,0.04139433551198257
summary_json_gpt41mini,QID287_2,Democrat,3,0.004357298474945534,0.1786492374727669,0.21350762527233116
summary_json_gpt41mini,QID287_2,Democrat,4,0.30501089324618735,0.42919389978213507,0.39651416122004357
summary_json_gpt41mini,QID287_2,Democrat,5,0.6884531590413944,0.35947712418300654,0.3420479302832244
summary_json_gpt41mini,QID287_3,Republican,1,0.08349514563106795,0.23300970873786409,0.2563106796116505
summary_json_gpt41mini,QID287_3,Republican,2,0.05631067961165048,0.20388349514563106,0.16893203883495145
summary_json_gpt41mini,QID287_3,Republican,3,0.20776699029126214,0.19223300970873786,0.2
summary_json_gpt41mini,QID287_3,Republican,4,0.36893203883495146,0.2543689320388349,0.2543689320388349
summary_json_gpt41mini,QID287_3,Republican,5,0.283495145631068,0.11650485436893204,0.1203883495145631
summary_json_gpt41mini,QID287_3,Democrat,1,0.0025348542458808617,0.005069708491761723,0.005069708491761723
summary_json_gpt41mini,QID287_3,Democrat,2,0.0,0.024081115335868188,0.032953105196451206
summary_json_gpt41mini,QID287_3,Democrat,3,0.0025348542458808617,0.07984790874524715,0.08871989860583017
summary_json_gpt41mini,QID287_3,Democrat,4,0.07604562737642585,0.35994930291508237,0.34347275031685676
summary_json_gpt41mini,QID287_3,Democrat,5,0.9188846641318125,0.5310519645120405,0.5297845373891001
summary_json_gpt41mini,QID287_4,Republican,1,0.4691588785046729,0.24485981308411214,0.23738317757009345
summary_json_gpt41mini,QID287_4,Republican,2,0.3813084112149533,0.17196261682242991,0.15514018691588785
summary_json_gpt41mini,QID287_4,Republican,3,0.05420560747663551,0.14579439252336449,0.16635514018691588
summary_json_gpt41mini,QID287_4,Republican,4,0.06728971962616823,0.25794392523364484,0.2485981308411215
summary_json_gpt41mini,QID287_4,Republican,5,0.028037383177570093,0.17943925233644858,0.1925233644859813
summary_json_gpt41mini,QID287_4,Democrat,1,0.001201923076923077,0.008413461538461538,0.006009615384615385
summary_json_gpt41mini,QID287_4,Democrat,2,0.001201923076923077,0.02403846153846154,0.026442307692307692
summary_json_gpt41mini,QID287_4,Democrat,3,0.001201923076923077,0.0625,0.06490384615384616
summary_json_gpt41mini,QID287_4,Democrat,4,0.046875,0.21754807692307693,0.19831730769230768
summary_json_gpt41mini,QID287_4,Democrat,5,0.9495192307692307,0.6875,0.7043269230769231
summary_json_gpt41mini,QID287_6,Republican,1,0.3150943396226415,0.2849056603773585,0.2849056603773585
summary_json_gpt41mini,QID287_6,Republican,2,0.2358490566037736,0.2018867924528302,0.21132075471698114
summary_json_gpt41mini,QID287_6,Republican,3,0.22830188679245284,0.15660377358490565,0.1320754716981132
summary_json_gpt41mini,QID287_6,Republican,4,0.17547169811320754,0.25471698113207547,0.25471698113207547
summary_json_gpt41mini,QID287_6,Republican,5,0.045283018867924525,0.1018867924528302,0.1169811320754717
summary_json_gpt41mini,QID287_6,Democrat,1,0.0012422360248447205,0.018633540372670808,0.024844720496894408
summary_json_gpt41mini,QID287_6,Democrat,2,0.0,0.03354037267080745,0.024844720496894408
summary_json_gpt41mini,QID287_6,Democrat,3,0.0,0.06583850931677018,0.08322981366459627
summary_json_gpt41mini,QID287_6,Democrat,4,0.04720496894409938,0.2683229813664596,0.24099378881987576
summary_json_gpt41mini,QID287_6,Democrat,5,0.9515527950310559,0.613664596273292,0.6260869565217392
summary_json_gpt41mini,QID287_7,Republican,1,0.1686046511627907,0.09108527131782945,0.09108527131782945
summary_json_gpt41mini,QID287_7,Republican,2,0.18023255813953487,0.12403100775193798,0.1124031007751938
summary_json_gpt41mini,QID287_7,Republican,3,0.13565891472868216,0.1937984496124031,0.1821705426356589
summary_json_gpt41mini,QID287_7,Republican,4,0.3023255813953488,0.32751937984496127,0.3546511627906977
summary_json_gpt41mini,QID287_7,Republican,5,0.2131782945736434,0.26356589147286824,0.2596899224806202
summary_json_gpt41mini,QID287_7,Democrat,1,0.0012626262626262627,0.005050505050505051,0.006313131313131313
summary_json_gpt41mini,QID287_7,Democrat,2,0.0,0.013888888888888888,0.011363636363636364
summary_json_gpt41mini,QID287_7,Democrat,3,0.0,0.06818181818181818,0.04419191919191919
summary_json_gpt41mini,QID287_7,Democrat,4,0.04040404040404041,0.2032828282828283,0.22853535353535354
summary_json_gpt41mini,QID287_7,Democrat,5,0.9583333333333334,0.7095959595959596,0.7095959595959596
summary_json_gpt41mini,QID287_10,Republican,1,0.34563106796116505,0.1883495145631068,0.19223300970873786
summary_json_gpt41mini,QID287_10,Republican,2,0.2543689320388349,0.13592233009708737,0.13980582524271845
summary_json_gpt41mini,QID287_10,Republican,3,0.24660194174757283,0.16116504854368932,0.1825242718446602
summary_json_gpt41mini,QID287_10,Republican,4,0.10485436893203884,0.2737864077669903,0.24271844660194175
summary_json_gpt41mini,QID287_10,Republican,5,0.04854368932038835,0.2407766990291262,0.24271844660194175
summary_json_gpt41mini,QID287_10,Democrat,1,0.001321003963011889,0.01453104359313078,0.019815059445178335
summary_json_gpt41mini,QID287_10,Democrat,2,0.0,0.021136063408190225,0.031704095112285335
summary_json_gpt41mini,QID287_10,Democrat,3,0.001321003963011889,0.059445178335535004,0.0726552179656539
summary_json_gpt41mini,QID287_10,Democrat,4,0.05151915455746367,0.16116248348745046,0.16512549537648613
summary_json_gpt41mini,QID287_10,Democrat,5,0.9458388375165125,0.7437252311756936,0.7107001321003963
summary_json_gpt41mini,QID287_11,Republican,1,0.45353159851301117,0.022304832713754646,0.024163568773234202
summary_json_gpt41mini,QID287_11,Republican,2,0.4962825278810409,0.046468401486988845,0.04275092936802974
summary_json_gpt41mini,QID287_11,Republican,3,0.016728624535315983,0.11524163568773234,0.10780669144981413
summary_json_gpt41mini,QID287_11,Republican,4,0.01858736059479554,0.25092936802973975,0.24349442379182157
summary_json_gpt41mini,QID287_11,Republican,5,0.01486988847583643,0.5650557620817844,0.5817843866171004
summary_json_gpt41mini,QID287_11,Democrat,1,0.45454545454545453,0.2727272727272727,0.30460448642266824
summary_json_gpt41mini,QID287_11,Democrat,2,0.5454545454545454,0.269185360094451,0.2597402597402597
summary_json_gpt41mini,QID287_11,Democrat,3,0.0,0.24675324675324675,0.22904368358913813
summary_json_gpt41mini,QID287_11,Democrat,4,0.0,0.12750885478158205,0.11216056670602124
summary_json_gpt41mini,QID287_11,Democrat,5,0.0,0.08382526564344746,0.09445100354191263
text_reasoning_gpt41mini,QID287_1,Republican,1,0.08888888888888889,0.2537037037037037,0.2851851851851852
text_reasoning_gpt41mini,QID287_1,Republican,2,0.674074074074074,0.22037037037037038,0.19074074074074074
text_reasoning_gpt41mini,QID287_1,Republican,3,0.12777777777777777,0.14629629629629629,0.13703703703703704
text_reasoning_gpt41mini,QID287_1,Republican,4,0.1,0.2814814814814815,0.28703703703703703
text_reasoning_gpt41mini,QID287_1,Republican,5,0.009259259259259259,0.09814814814814815,0.1
text_reasoning_gpt41mini,QID287_1,Democrat,1,0.0,0.018890200708382526,0.020070838252656435
text_reasoning_gpt41mini,QID287_1,Democrat,2,0.004722550177095631,0.04014167650531287,0.0590318772136954
text_reasoning_gpt41mini,QID287_1,Democrat,3,0.0070838252656434475,0.08618654073199528,0.11097992916174734
text_reasoning_gpt41mini,QID287_1,Democrat,4,0.11452184179456906,0.45454545454545453,0.38961038961038963
text_reasoning_gpt41mini,QID287_1,Democrat,5,0.8736717827626919,0.4002361275088548,0.4203069657615112
text_reasoning_gpt41mini,QID287_2,Republican,1,0.022222222222222223,0.16666666666666666,0.18888888888888888
text_reasoning_gpt41mini,QID287_2,Republican,2,0.12777777777777777,0.1925925925925926,0.17777777777777778
text_reasoning_gpt41mini,QID287_2,Republican,3,0.5203703703703704,0.2537037037037037,0.2740740740740741
text_reasoning_gpt41mini,QID287_2,Republican,4,0.32592592592592595,0.28888888888888886,0.22962962962962963
text_reasoning_gpt41mini,QID287_2,Republican,5,0.003703703703703704,0.09814814814814815,0.12962962962962962
text_reasoning_gpt41mini,QID287_2,Democrat,1,0.0,0.008264462809917356,0.014167650531286895
text_reasoning_gpt41mini,QID287_2,Democrat,2,0.0,0.02715466351829988,0.03896103896103896
text_reasoning_gpt41mini,QID287_2,Democrat,3,0.0023612750885478157,0.16883116883116883,0.20188902007083825
text_reasoning_gpt41mini,QID287_2,Democrat,4,0.2502951593860685,0.4085005903187721,0.3860684769775679
text_reasoning_gpt41mini,QID287_2,Democrat,5,0.7473435655253837,0.3872491145218418,0.358913813459268
text_reasoning_gpt41mini,QID287_3,Republican,1,0.037037037037037035,0.22407407407407406,0.25
text_reasoning_gpt41mini,QID287_3,Republican,2,0.11851851851851852,0.1962962962962963,0.1685185185185185
text_reasoning_gpt41mini,QID287_3,Republican,3,0.4981481481481482,0.19444444444444445,0.19814814814814816
text_reasoning_gpt41mini,QID287_3,Republican,4,0.337037037037037,0.26481481481481484,0.2574074074074074
text_reasoning_gpt41mini,QID287_3,Republican,5,0.009259259259259259,0.12037037037037036,0.1259259259259259
text_reasoning_gpt41mini,QID287_3,Democrat,1,0.0,0.0070838252656434475,0.0059031877213695395
text_reasoning_gpt41mini,QID287_3,Democrat,2,0.0,0.025974025974025976,0.03659976387249114
text_reasoning_gpt41mini,QID287_3,Democrat,3,0.0059031877213695395,0.08264462809917356,0.09327036599763873
text_reasoning_gpt41mini,QID287_3,Democrat,4,0.16292798110979928,0.36717827626918537,0.3482880755608028
text_reasoning_gpt41mini,QID287_3,Democrat,5,0.8311688311688312,0.5171192443919717,0.5159386068476978
text_reasoning_gpt41mini,QID287_4,Republican,1,0.37222222222222223,0.2462962962962963,0.2388888888888889
text_reasoning_gpt41mini,QID287_4,Republican,2,0.6203703703703703,0.17222222222222222,0.1537037037037037
text_reasoning_gpt41mini,QID287_4,Republican,3,0.003703703703703704,0.14814814814814814,0.16666666666666666
text_reasoning_gpt41mini,QID287_4,Republican,4,0.0,0.25555555555555554,0.24814814814814815
text_reasoning_gpt41mini,QID287_4,Republican,5,0.003703703703703704,0.17777777777777778,0.1925925925925926
text_reasoning_gpt41mini,QID287_4,Democrat,1,0.0,0.008264462809917356,0.0059031877213695395
text_reasoning_gpt41mini,QID287_4,Democrat,2,0.012987012987012988,0.023612750885478158,0.025974025974025976
text_reasoning_gpt41mini,QID287_4,Democrat,3,0.01652892561983471,0.06257378984651712,0.06375442739079103
text_reasoning_gpt41mini,QID287_4,Democrat,4,0.10743801652892562,0.21605667060212513,0.19952774498229045
text_reasoning_gpt41mini,QID287_4,Democrat,5,0.8630460448642266,0.6894923258559622,0.704840613931523
text_reasoning_gpt41mini,QID287_6,Republican,1,0.027777777777777776,0.2833333333333333,0.2851851851851852
text_reasoning_gpt41mini,QID287_6,Republican,2,0.5574074074074075,0.2,0.20925925925925926
text_reasoning_gpt41mini,QID287_6,Republican,3,0.2722222222222222,0.1574074074074074,0.13333333333333333
text_reasoning_gpt41mini,QID287_6,Republican,4,0.13703703703703704,0.25555555555555554,0.25555555555555554
text_reasoning_gpt41mini,QID287_6,Republican,5,0.005555555555555556,0.1037037037037037,0.11666666666666667
text_reasoning_gpt41mini,QID287_6,Democrat,1,0.0,0.01770956316410862,0.023612750885478158
text_reasoning_gpt41mini,QID287_6,Democrat,2,0.0,0.031877213695395513,0.02715466351829988
text_reasoning_gpt41mini,QID287_6,Democrat,3,0.0,0.07083825265643448,0.08500590318772137
text_reasoning_gpt41mini,QID287_6,Democrat,4,0.09327036599763873,0.2668240850059032,0.24321133412042503
text_reasoning_gpt41mini,QID287_6,Democrat,5,0.9067296340023613,0.6127508854781583,0.6210153482880756
text_reasoning_gpt41mini,QID287_7,Republican,1,0.005555555555555556,0.09259259259259259,0.09444444444444444
text_reasoning_gpt41mini,QID287_7,Republican,2,0.05185185185185185,0.12037037037037036,0.10740740740740741
text_reasoning_gpt41mini,QID287_7,Republican,3,0.27037037037037037,0.18888888888888888,0.17962962962962964
text_reasoning_gpt41mini,QID287_7,Republican,4,0.6425925925925926,0.3296296296296296,0.3574074074074074
text_reasoning_gpt41mini,QID287_7,Republican,5,0.02962962962962963,0.26851851851851855,0.2611111111111111
text_reasoning_gpt41mini,QID287_7,Democrat,1,0.0,0.004722550177095631,0.0070838252656434475
text_reasoning_gpt41mini,QID287_7,Democrat,2,0.0,0.015348288075560802,0.010625737898465172
text_reasoning_gpt41mini,QID287_7,Democrat,3,0.0,0.06847697756788666,0.048406139315230225
text_reasoning_gpt41mini,QID287_7,Democrat,4,0.04250295159386069,0.21133412042502953,0.23376623376623376
text_reasoning_gpt41mini,QID287_7,Democrat,5,0.9574970484061394,0.7001180637544274,0.7001180637544274
text_reasoning_gpt41mini,QID287_10,Republican,1,0.20185185185185187,0.18888888888888888,0.18888888888888888
text_reasoning_gpt41mini,QID287_10,Republican,2,0.7870370370370371,0.12962962962962962,0.1388888888888889
text_reasoning_gpt41mini,QID287_10,Republican,3,0.005555555555555556,0.16666666666666666,0.1814814814814815
text_reasoning_gpt41mini,QID287_10,Republican,4,0.001851851851851852,0.27037037037037037,0.24074074074074073
text_reasoning_gpt41mini,QID287_10,Republican,5,0.003703703703703704,0.24444444444444444,0.25
text_reasoning_gpt41mini,QID287_10,Democrat,1,0.0,0.014167650531286895,0.01770956316410862
text_reasoning_gpt41mini,QID287_10,Democrat,2,0.011806375442739079,0.023612750885478158,0.031877213695395513
text_reasoning_gpt41mini,QID287_10,Democrat,3,0.010625737898465172,0.06257378984651712,0.0743801652892562
text_reasoning_gpt41mini,QID287_10,Democrat,4,0.38961038961038963,0.16646989374262103,0.17001180637544275
text_reasoning_gpt41mini,QID287_10,Democrat,5,0.5879574970484062,0.7331759149940968,0.706021251475797
text_reasoning_gpt41mini,QID287_11,Republican,1,0.027777777777777776,0.022222222222222223,0.024074074074074074
text_reasoning_gpt41mini,QID287_11,Republican,2,0.2037037037037037,0.046296296296296294,0.04259259259259259
text_reasoning_gpt41mini,QID287_11,Republican,3,0.011111111111111112,0.11666666666666667,0.10740740740740741
text_reasoning_gpt41mini,QID287_11,Republican,4,0.5481481481481482,0.25,0.24444444444444444
text_reasoning_gpt41mini,QID287_11,Republican,5,0.20925925925925926,0.5648148148148148,0.5814814814814815
text_reasoning_gpt41mini,QID287_11,Democrat,1,0.5985832349468713,0.2727272727272727,0.30460448642266824
text_reasoning_gpt41mini,QID287_11,Democrat,2,0.4014167650531287,0.269185360094451,0.2597402597402597
text_reasoning_gpt41mini,QID287_11,Democrat,3,0.0,0.24675324675324675,0.22904368358913813
text_reasoning_gpt41mini,QID287_11,Democrat,4,0.0,0.12750885478158205,0.11216056670602124
text_reasoning_gpt41mini,QID287_11,Democrat,5,0.0,0.08382526564344746,0.09445100354191263
text_repeatq_gpt41mini,QID287_1,Republican,1,0.18888888888888888,0.2537037037037037,0.2851851851851852
text_repeatq_gpt41mini,QID287_1,Republican,2,0.6833333333333333,0.22037037037037038,0.19074074074074074
text_repeatq_gpt41mini,QID287_1,Republican,3,0.06296296296296296,0.14629629629629629,0.13703703703703704
text_repeatq_gpt41mini,QID287_1,Republican,4,0.06111111111111111,0.2814814814814815,0.28703703703703703
text_repeatq_gpt41mini,QID287_1,Republican,5,0.003703703703703704,0.09814814814814815,0.1
text_repeatq_gpt41mini,QID287_1,Democrat,1,0.0,0.018890200708382526,0.020070838252656435
text_repeatq_gpt41mini,QID287_1,Democrat,2,0.0070838252656434475,0.04014167650531287,0.0590318772136954
text_repeatq_gpt41mini,QID287_1,Democrat,3,0.009445100354191263,0.08618654073199528,0.11097992916174734
text_repeatq_gpt41mini,QID287_1,Democrat,4,0.15702479338842976,0.45454545454545453,0.38961038961038963
text_repeatq_gpt41mini,QID287_1,Democrat,5,0.8264462809917356,0.4002361275088548,0.4203069657615112
text_repeatq_gpt41mini,QID287_2,Republican,1,0.025925925925925925,0.16666666666666666,0.18888888888888888
text_repeatq_gpt41mini,QID287_2,Republican,2,0.15185185185185185,0.1925925925925926,0.17777777777777778
text_repeatq_gpt41mini,QID287_2,Republican,3,0.7129629629629629,0.2537037037037037,0.2740740740740741
text_repeatq_gpt41mini,QID287_2,Republican,4,0.10925925925925926,0.28888888888888886,0.22962962962962963
text_repeatq_gpt41mini,QID287_2,Republican,5,0.0,0.09814814814814815,0.12962962962962962
text_repeatq_gpt41mini,QID287_2,Democrat,1,0.0,0.008264462809917356,0.014167650531286895
text_repeatq_gpt41mini,QID287_2,Democrat,2,0.0,0.02715466351829988,0.03896103896103896
text_repeatq_gpt41mini,QID287_2,Democrat,3,0.009445100354191263,0.16883116883116883,0.20188902007083825
text_repeatq_gpt41mini,QID287_2,Democrat,4,0.29043683589138136,0.4085005903187721,0.3860684769775679
text_repeatq_gpt41mini,QID287_2,Democrat,5,0.7001180637544274,0.3872491145218418,0.358913813459268
text_repeatq_gpt41mini,QID287_3,Republican,1,0.06851851851851852,0.22407407407407406,0.25
text_repeatq_gpt41mini,QID287_3,Republican,2,0.2759259259259259,0.1962962962962963,0.1685185185185185
text_repeatq_gpt41mini,QID287_3,Republican,3,0.55,0.19444444444444445,0.19814814814814816
text_repeatq_gpt41mini,QID287_3,Republican,4,0.1037037037037037,0.26481481481481484,0.2574074074074074
text_repeatq_gpt41mini,QID287_3,Republican,5,0.001851851851851852,0.12037037037037036,0.1259259259259259
text_repeatq_gpt41mini,QID287_3,Democrat,1,0.0,0.0070838252656434475,0.0059031877213695395
text_repeatq_gpt41mini,QID287_3,Democrat,2,0.0,0.025974025974025976,0.03659976387249114
text_repeatq_gpt41mini,QID287_3,Democrat,3,0.011806375442739079,0.08264462809917356,0.09327036599763873
text_repeatq_gpt41mini,QID287_3,Democrat,4,0.2066115702479339,0.36717827626918537,0.3482880755608028
text_repeatq_gpt41mini,QID287_3,Democrat,5,0.781582054309327,0.5171192443919717,0.5159386068476978
text_repeatq_gpt41mini,QID287_4,Republican,1,0.8055555555555556,0.2462962962962963,0.2388888888888889
text_repeatq_gpt41mini,QID287_4,Republican,2,0.19444444444444445,0.17222222222222222,0.1537037037037037
text_repeatq_gpt41mini,QID287_4,Republican,3,0.0,0.14814814814814814,0.16666666666666666
text_repeatq_gpt41mini,QID287_4,Republican,4,0.0,0.25555555555555554,0.24814814814814815
text_repeatq_gpt41mini,QID287_4,Republican,5,0.0,0.17777777777777778,0.1925925925925926
text_repeatq_gpt41mini,QID287_4,Democrat,1,0.0,0.008264462809917356,0.0059031877213695395
text_repeatq_gpt41mini,QID287_4,Democrat,2,0.015348288075560802,0.023612750885478158,0.025974025974025976
text_repeatq_gpt41mini,QID287_4,Democrat,3,0.020070838252656435,0.06257378984651712,0.06375442739079103
text_repeatq_gpt41mini,QID287_4,Democrat,4,0.18772136953955135,0.21605667060212513,0.19952774498229045
text_repeatq_gpt41mini,QID287_4,Democrat,5,0.7768595041322314,0.6894923258559622,0.704840613931523
text_repeatq_gpt41mini,QID287_6,Republican,1,0.14444444444444443,0.2833333333333333,0.2851851851851852
text_repeatq_gpt41mini,QID287_6,Republican,2,0.6462962962962963,0.2,0.20925925925925926
text_repeatq_gpt41mini,QID287_6,Republican,3,0.18703703703703703,0.1574074074074074,0.13333333333333333
text_repeatq_gpt41mini,QID287_6,Republican,4,0.020370370370370372,0.25555555555555554,0.25555555555555554
text_repeatq_gpt41mini,QID287_6,Republican,5,0.001851851851851852,0.1037037037037037,0.11666666666666667
text_repeatq_gpt41mini,QID287_6,Democrat,1,0.0,0.01770956316410862,0.023612750885478158
text_repeatq_gpt41mini,QID287_6,Democrat,2,0.0,0.031877213695395513,0.02715466351829988
text_repeatq_gpt41mini,QID287_6,Democrat,3,0.0023612750885478157,0.07083825265643448,0.08500590318772137
text_repeatq_gpt41mini,QID287_6,Democrat,4,0.12278630460448642,0.2668240850059032,0.24321133412042503
text_repeatq_gpt41mini,QID287_6,Democrat,5,0.8748524203069658,0.6127508854781583,0.6210153482880756
text_repeatq_gpt41mini,QID287_7,Republican,1,0.016666666666666666,0.09259259259259259,0.09444444444444444
text_repeatq_gpt41mini,QID287_7,Republican,2,0.08518518518518518,0.12037037037037036,0.10740740740740741
text_repeatq_gpt41mini,QID287_7,Republican,3,0.45555555555555555,0.18888888888888888,0.17962962962962964
text_repeatq_gpt41mini,QID287_7,Republican,4,0.43703703703703706,0.3296296296296296,0.3574074074074074
text_repeatq_gpt41mini,QID287_7,Republican,5,0.005555555555555556,0.26851851851851855,0.2611111111111111
text_repeatq_gpt41mini,QID287_7,Democrat,1,0.0,0.004722550177095631,0.0070838252656434475
text_repeatq_gpt41mini,QID287_7,Democrat,2,0.0,0.015348288075560802,0.010625737898465172
text_repeatq_gpt41mini,QID287_7,Democrat,3,0.0,0.06847697756788666,0.048406139315230225
text_repeatq_gpt41mini,QID287_7,Democrat,4,0.053128689492325853,0.21133412042502953,0.23376623376623376
text_repeatq_gpt41mini,QID287_7,Democrat,5,0.9468713105076741,0.7001180637544274,0.7001180637544274
text_repeatq_gpt41mini,QID287_10,Republican,1,0.5055555555555555,0.18888888888888888,0.18888888888888888
text_repeatq_gpt41mini,QID287_10,Republican,2,0.48333333333333334,0.12962962962962962,0.1388888888888889
text_repeatq_gpt41mini,QID287_10,Republican,3,0.011111111111111112,0.16666666666666666,0.1814814814814815
text_repeatq_gpt41mini,QID287_10,Republican,4,0.0,0.27037037037037037,0.24074074074074073
text_repeatq_gpt41mini,QID287_10,Republican,5,0.0,0.24444444444444444,0.25
text_repeatq_gpt41mini,QID287_10,Democrat,1,0.0,0.014167650531286895,0.01770956316410862
text_repeatq_gpt41mini,QID287_10,Democrat,2,0.0023612750885478157,0.023612750885478158,0.031877213695395513
text_repeatq_gpt41mini,QID287_10,Democrat,3,0.0295159386068477,0.06257378984651712,0.0743801652892562
text_repeatq_gpt41mini,QID287_10,Democrat,4,0.5950413223140496,0.16646989374262103,0.17001180637544275
text_repeatq_gpt41mini,QID287_10,Democrat,5,0.3730814639905549,0.7331759149940968,0.706021251475797
text_repeatq_gpt41mini,QID287_11,Republican,1,0.005555555555555556,0.022222222222222223,0.024074074074074074
text_repeatq_gpt41mini,QID287_11,Republican,2,0.007407407407407408,0.046296296296296294,0.04259259259259259
text_repeatq_gpt41mini,QID287_11,Republican,3,0.011111111111111112,0.11666666666666667,0.10740740740740741
text_repeatq_gpt41mini,QID287_11,Republican,4,0.7185185185185186,0.25,0.24444444444444444
text_repeatq_gpt41mini,QID287_11,Republican,5,0.2574074074074074,0.5648148148148148,0.5814814814814815
text_repeatq_gpt41mini,QID287_11,Democrat,1,0.526564344746163,0.2727272727272727,0.30460448642266824
text_repeatq_gpt41mini,QID287_11,Democrat,2,0.4734356552538371,0.269185360094451,0.2597402597402597
text_repeatq_gpt41mini,QID287_11,Democrat,3,0.0,0.24675324675324675,0.22904368358913813
text_repeatq_gpt41mini,QID287_11,Democrat,4,0.0,0.12750885478158205,0.11216056670602124
text_repeatq_gpt41mini,QID287_11,Democrat,5,0.0,0.08382526564344746,0.09445100354191263
text_t07_gpt41mini,QID287_1,Republican,1,0.2222222222222222,0.2537037037037037,0.2851851851851852
text_t07_gpt41mini,QID287_1,Republican,2,0.7185185185185186,0.22037037037037038,0.19074074074074074
text_t07_gpt41mini,QID287_1,Republican,3,0.03888888888888889,0.14629629629629629,0.13703703703703704
text_t07_gpt41mini,QID287_1,Republican,4,0.014814814814814815,0.2814814814814815,0.28703703703703703
text_t07_gpt41mini,QID287_1,Republican,5,0.005555555555555556,0.09814814814814815,0.1
text_t07_gpt41mini,QID287_1,Democrat,1,0.009445100354191263,0.018890200708382526,0.020070838252656435
text_t07_gpt41mini,QID287_1,Democrat,2,0.010625737898465172,0.04014167650531287,0.0590318772136954
text_t07_gpt41mini,QID287_1,Democrat,3,0.0023612750885478157,0.08618654073199528,0.11097992916174734
text_t07_gpt41mini,QID287_1,Democrat,4,0.08736717827626919,0.45454545454545453,0.38961038961038963
text_t07_gpt41mini,QID287_1,Democrat,5,0.8902007083825265,0.4002361275088548,0.4203069657615112
text_t07_gpt41mini,QID287_2,Republican,1,0.07037037037037037,0.16666666666666666,0.18888888888888888
text_t07_gpt41mini,QID287_2,Republican,2,0.4351851851851852,0.1925925925925926,0.17777777777777778
text_t07_gpt41mini,QID287_2,Republican,3,0.37777777777777777,0.2537037037037037,0.2740740740740741
text_t07_gpt41mini,QID287_2,Republican,4,0.11481481481481481,0.28888888888888886,0.22962962962962963
text_t07_gpt41mini,QID287_2,Republican,5,0.001851851851851852,0.09814814814814815,0.12962962962962962
text_t07_gpt41mini,QID287_2,Democrat,1,0.0,0.008264462809917356,0.014167650531286895
text_t07_gpt41mini,QID287_2,Democrat,2,0.0011806375442739079,0.02715466351829988,0.03896103896103896
text_t07_gpt41mini,QID287_2,Democrat,3,0.0070838252656434475,0.16883116883116883,0.20188902007083825
text_t07_gpt41mini,QID287_2,Democrat,4,0.47107438016528924,0.4085005903187721,0.3860684769775679
text_t07_gpt41mini,QID287_2,Democrat,5,0.5206611570247934,0.3872491145218418,0.358913813459268
text_t07_gpt41mini,QID287_3,Republican,1,0.12037037037037036,0.22407407407407406,0.25
text_t07_gpt41mini,QID287_3,Republican,2,0.39814814814814814,0.1962962962962963,0.1685185185185185
text_t07_gpt41mini,QID287_3,Republican,3,0.37777777777777777,0.19444444444444445,0.19814814814814816
text_t07_gpt41mini,QID287_3,Republican,4,0.1037037037037037,0.26481481481481484,0.2574074074074074
text_t07_gpt41mini,QID287_3,Republican,5,0.0,0.12037037037037036,0.1259259259259259
text_t07_gpt41mini,QID287_3,Democrat,1,0.0,0.0070838252656434475,0.0059031877213695395
text_t07_gpt41mini,QID287_3,Democrat,2,0.0023612750885478157,0.025974025974025976,0.03659976387249114
text_t07_gpt41mini,QID287_3,Democrat,3,0.010625737898465172,0.08264462809917356,0.09327036599763873
text_t07_gpt41mini,QID287_3,Democrat,4,0.3246753246753247,0.36717827626918537,0.3482880755608028
text_t07_gpt41mini,QID287_3,Democrat,5,0.6623376623376623,0.5171192443919717,0.5159386068476978
text_t07_gpt41mini,QID287_4,Republican,1,0.8333333333333334,0.2462962962962963,0.2388888888888889
text_t07_gpt41mini,QID287_4,Republican,2,0.1574074074074074,0.17222222222222222,0.1537037037037037
text_t07_gpt41mini,QID287_4,Republican,3,0.0,0.14814814814814814,0.16666666666666666
text_t07_gpt41mini,QID287_4,Republican,4,0.009259259259259259,0.25555555555555554,0.24814814814814815
text_t07_gpt41mini,QID287_4,Republican,5,0.0,0.17777777777777778,0.1925925925925926
text_t07_gpt41mini,QID287_4,Democrat,1,0.0011806375442739079,0.008264462809917356,0.0059031877213695395
text_t07_gpt41mini,QID287_4,Democrat,2,0.012987012987012988,0.023612750885478158,0.025974025974025976
text_t07_gpt41mini,QID287_4,Democrat,3,0.0070838252656434475,0.06257378984651712,0.06375442739079103
text_t07_gpt41mini,QID287_4,Democrat,4,0.10271546635182999,0.21605667060212513,0.19952774498229045
text_t07_gpt41mini,QID287_4,Democrat,5,0.8760330578512396,0.6894923258559622,0.704840613931523
text_t07_gpt41mini,QID287_6,Republican,1,0.22592592592592592,0.2833333333333333,0.2851851851851852
text_t07_gpt41mini,QID287_6,Republican,2,0.5777777777777777,0.2,0.20925925925925926
text_t07_gpt41mini,QID287_6,Republican,3,0.14629629629629629,0.1574074074074074,0.13333333333333333
text_t07_gpt41mini,QID287_6,Republican,4,0.05,0.25555555555555554,0.25555555555555554
text_t07_gpt41mini,QID287_6,Republican,5,0.0,0.1037037037037037,0.11666666666666667
text_t07_gpt41mini,QID287_6,Democrat,1,0.0,0.01770956316410862,0.023612750885478158
text_t07_gpt41mini,QID287_6,Democrat,2,0.0,0.031877213695395513,0.02715466351829988
text_t07_gpt41mini,QID287_6,Democrat,3,0.0023612750885478157,0.07083825265643448,0.08500590318772137
text_t07_gpt41mini,QID287_6,Democrat,4,0.12160566706021252,0.2668240850059032,0.24321133412042503
text_t07_gpt41mini,QID287_6,Democrat,5,0.8760330578512396,0.6127508854781583,0.6210153482880756
text_t07_gpt41mini,QID287_7,Republican,1,0.025925925925925925,0.09259259259259259,0.09444444444444444
text_t07_gpt41mini,QID287_7,Republican,2,0.14814814814814814,0.12037037037037036,0.10740740740740741
text_t07_gpt41mini,QID287_7,Republican,3,0.31851851851851853,0.18888888888888888,0.17962962962962964
text_t07_gpt41mini,QID287_7,Republican,4,0.44814814814814813,0.3296296296296296,0.3574074074074074
text_t07_gpt41mini,QID287_7,Republican,5,0.05925925925925926,0.26851851851851855,0.2611111111111111
text_t07_gpt41mini,QID287_7,Democrat,1,0.0,0.004722550177095631,0.0070838252656434475
text_t07_gpt41mini,QID287_7,Democrat,2,0.0,0.015348288075560802,0.010625737898465172
text_t07_gpt41mini,QID287_7,Democrat,3,0.0,0.06847697756788666,0.048406139315230225
text_t07_gpt41mini,QID287_7,Democrat,4,0.030696576151121605,0.21133412042502953,0.23376623376623376
text_t07_gpt41mini,QID287_7,Democrat,5,0.9693034238488784,0.7001180637544274,0.7001180637544274
text_t07_gpt41mini,QID287_10,Republican,1,0.7518518518518519,0.18888888888888888,0.18888888888888888
text_t07_gpt41mini,QID287_10,Republican,2,0.24074074074074073,0.12962962962962962,0.1388888888888889
text_t07_gpt41mini,QID287_10,Republican,3,0.007407407407407408,0.16666666666666666,0.1814814814814815
text_t07_gpt41mini,QID287_10,Republican,4,0.0,0.27037037037037037,0.24074074074074073
text_t07_gpt41mini,QID287_10,Republican,5,0.0,0.24444444444444444,0.25
text_t07_gpt41mini,QID287_10,Democrat,1,0.0011806375442739079,0.014167650531286895,0.01770956316410862
text_t07_gpt41mini,QID287_10,Democrat,2,0.011806375442739079,0.023612750885478158,0.031877213695395513
text_t07_gpt41mini,QID287_10,Democrat,3,0.021251475796930343,0.06257378984651712,0.0743801652892562
text_t07_gpt41mini,QID287_10,Democrat,4,0.6989374262101535,0.16646989374262103,0.17001180637544275
text_t07_gpt41mini,QID287_10,Democrat,5,0.2668240850059032,0.7331759149940968,0.706021251475797
text_t07_gpt41mini,QID287_11,Republican,1,0.03333333333333333,0.022222222222222223,0.024074074074074074
text_t07_gpt41mini,QID287_11,Republican,2,0.09444444444444444,0.046296296296296294,0.04259259259259259
text_t07_gpt41mini,QID287_11,Republican,3,0.007407407407407408,0.11666666666666667,0.10740740740740741
text_t07_gpt41mini,QID287_11,Republican,4,0.40925925925925927,0.25,0.24444444444444444
text_t07_gpt41mini,QID287_11,Republican,5,0.45555555555555555,0.5648148148148148,0.5814814814814815
text_t07_gpt41mini,QID287_11,Democrat,1,0.5726092089728453,0.2727272727272727,0.30460448642266824
text_t07_gpt41mini,QID287_11,Democrat,2,0.42739079102715466,0.269185360094451,0.2597402597402597
text_t07_gpt41mini,QID287_11,Democrat,3,0.0,0.24675324675324675,0.22904368358913813
text_t07_gpt41mini,QID287_11,Democrat,4,0.0,0.12750885478158205,0.11216056670602124
text_t07_gpt41mini,QID287_11,Democrat,5,0.0,0.08382526564344746,0.09445100354191263
json_predout_gpt41mini,QID287_1,Republican,1,0.09074074074074075,0.2537037037037037,0.2851851851851852
json_predout_gpt41mini,QID287_1,Republican,2,0.7055555555555556,0.22037037037037038,0.19074074074074074
json_predout_gpt41mini,QID287_1,Republican,3,0.018518518518518517,0.14629629629629629,0.13703703703703704
json_predout_gpt41mini,QID287_1,Republican,4,0.16666666666666666,0.2814814814814815,0.28703703703703703
json_predout_gpt41mini,QID287_1,Republican,5,0.018518518518518517,0.09814814814814815,0.1
json_predout_gpt41mini,QID287_1,Democrat,1,0.0,0.018890200708382526,0.020070838252656435
json_predout_gpt41mini,QID287_1,Democrat,2,0.0,0.04014167650531287,0.0590318772136954
json_predout_gpt41mini,QID287_1,Democrat,3,0.0,0.08618654073199528,0.11097992916174734
json_predout_gpt41mini,QID287_1,Democrat,4,0.02715466351829988,0.45454545454545453,0.38961038961038963
json_predout_gpt41mini,QID287_1,Democrat,5,0.9728453364817001,0.4002361275088548,0.4203069657615112
json_predout_gpt41mini,QID287_2,Republican,1,0.005555555555555556,0.16666666666666666,0.18888888888888888
json_predout_gpt41mini,QID287_2,Republican,2,0.08518518518518518,0.1925925925925926,0.17777777777777778
json_predout_gpt41mini,QID287_2,Republican,3,0.6185185185185185,0.2537037037037037,0.2740740740740741
json_predout_gpt41mini,QID287_2,Republican,4,0.26666666666666666,0.28888888888888886,0.22962962962962963
json_predout_gpt41mini,QID287_2,Republican,5,0.024074074074074074,0.09814814814814815,0.12962962962962962
json_predout_gpt41mini,QID287_2,Democrat,1,0.0,0.008264462809917356,0.014167650531286895
json_predout_gpt41mini,QID287_2,Democrat,2,0.0,0.02715466351829988,0.03896103896103896
json_predout_gpt41mini,QID287_2,Democrat,3,0.0,0.16883116883116883,0.20188902007083825
json_predout_gpt41mini,QID287_2,Democrat,4,0.06847697756788666,0.4085005903187721,0.3860684769775679
json_predout_gpt41mini,QID287_2,Democrat,5,0.9315230224321134,0.3872491145218418,0.358913813459268
json_predout_gpt41mini,QID287_3,Republican,1,0.007407407407407408,0.22407407407407406,0.25
json_predout_gpt41mini,QID287_3,Republican,2,0.08518518518518518,0.1962962962962963,0.1685185185185185
json_predout_gpt41mini,QID287_3,Republican,3,0.6166666666666667,0.19444444444444445,0.19814814814814816
json_predout_gpt41mini,QID287_3,Republican,4,0.2611111111111111,0.26481481481481484,0.2574074074074074
json_predout_gpt41mini,QID287_3,Republican,5,0.02962962962962963,0.12037037037037036,0.1259259259259259
json_predout_gpt41mini,QID287_3,Democrat,1,0.0,0.0070838252656434475,0.0059031877213695395
json_predout_gpt41mini,QID287_3,Democrat,2,0.0,0.025974025974025976,0.03659976387249114
json_predout_gpt41mini,QID287_3,Democrat,3,0.0,0.08264462809917356,0.09327036599763873
json_predout_gpt41mini,QID287_3,Democrat,4,0.018890200708382526,0.36717827626918537,0.3482880755608028
json_predout_gpt41mini,QID287_3,Democrat,5,0.9811097992916175,0.5171192443919717,0.5159386068476978
json_predout_gpt41mini,QID287_4,Republican,1,0.48148148148148145,0.2462962962962963,0.2388888888888889
json_predout_gpt41mini,QID287_4,Republican,2,0.5166666666666667,0.17222222222222222,0.1537037037037037
json_predout_gpt41mini,QID287_4,Republican,3,0.001851851851851852,0.14814814814814814,0.16666666666666666
json_predout_gpt41mini,QID287_4,Republican,4,0.0,0.25555555555555554,0.24814814814814815
json_predout_gpt41mini,QID287_4,Republican,5,0.0,0.17777777777777778,0.1925925925925926
json_predout_gpt41mini,QID287_4,Democrat,1,0.0,0.008264462809917356,0.0059031877213695395
json_predout_gpt41mini,QID287_4,Democrat,2,0.008264462809917356,0.023612750885478158,0.025974025974025976
json_predout_gpt41mini,QID287_4,Democrat,3,0.009445100354191263,0.06257378984651712,0.06375442739079103
json_predout_gpt41mini,QID287_4,Democrat,4,0.32231404958677684,0.21605667060212513,0.19952774498229045
json_predout_gpt41mini,QID287_4,Democrat,5,0.6599763872491146,0.6894923258559622,0.704840613931523
json_predout_gpt41mini,QID287_6,Republican,1,0.03333333333333333,0.2833333333333333,0.2851851851851852
json_predout_gpt41mini,QID287_6,Republican,2,0.23333333333333334,0.2,0.20925925925925926
json_predout_gpt41mini,QID287_6,Republican,3,0.5222222222222223,0.1574074074074074,0.13333333333333333
json_predout_gpt41mini,QID287_6,Republican,4,0.18518518518518517,0.25555555555555554,0.25555555555555554
json_predout_gpt41mini,QID287_6,Republican,5,0.025925925925925925,0.1037037037037037,0.11666666666666667
json_predout_gpt41mini,QID287_6,Democrat,1,0.0,0.01770956316410862,0.023612750885478158
json_predout_gpt41mini,QID287_6,Democrat,2,0.0,0.031877213695395513,0.02715466351829988
json_predout_gpt41mini,QID287_6,Democrat,3,0.0,0.07083825265643448,0.08500590318772137
json_predout_gpt41mini,QID287_6,Democrat,4,0.015348288075560802,0.2668240850059032,0.24321133412042503
json_predout_gpt41mini,QID287_6,Democrat,5,0.9846517119244392,0.6127508854781583,0.6210153482880756
json_predout_gpt41mini,QID287_7,Republican,1,0.003703703703703704,0.09259259259259259,0.09444444444444444
json_predout_gpt41mini,QID287_7,Republican,2,0.046296296296296294,0.12037037037037036,0.10740740740740741
json_predout_gpt41mini,QID287_7,Republican,3,0.5685185185185185,0.18888888888888888,0.17962962962962964
json_predout_gpt41mini,QID287_7,Republican,4,0.3537037037037037,0.3296296296296296,0.3574074074074074
json_predout_gpt41mini,QID287_7,Republican,5,0.027777777777777776,0.26851851851851855,0.2611111111111111
json_predout_gpt41mini,QID287_7,Democrat,1,0.0,0.004722550177095631,0.0070838252656434475
json_predout_gpt41mini,QID287_7,Democrat,2,0.0,0.015348288075560802,0.010625737898465172
json_predout_gpt41mini,QID287_7,Democrat,3,0.0,0.06847697756788666,0.048406139315230225
json_predout_gpt41mini,QID287_7,Democrat,4,0.01652892561983471,0.21133412042502953,0.23376623376623376
json_predout_gpt41mini,QID287_7,Democrat,5,0.9834710743801653,0.7001180637544274,0.7001180637544274
json_predout_gpt41mini,QID287_10,Republican,1,0.3111111111111111,0.18888888888888888,0.18888888888888888
json_predout_gpt41mini,QID287_10,Republican,2,0.5481481481481482,0.12962962962962962,0.1388888888888889
json_predout_gpt41mini,QID287_10,Republican,3,0.11851851851851852,0.16666666666666666,0.1814814814814815
json_predout_gpt41mini,QID287_10,Republican,4,0.018518518518518517,0.27037037037037037,0.24074074074074073
json_predout_gpt41mini,QID287_10,Republican,5,0.003703703703703704,0.24444444444444444,0.25
json_predout_gpt41mini,QID287_10,Democrat,1,0.0,0.014167650531286895,0.01770956316410862
json_predout_gpt41mini,QID287_10,Democrat,2,0.0,0.023612750885478158,0.031877213695395513
json_predout_gpt41mini,QID287_10,Democrat,3,0.011806375442739079,0.06257378984651712,0.0743801652892562
json_predout_gpt41mini,QID287_10,Democrat,4,0.2727272727272727,0.16646989374262103,0.17001180637544275
json_predout_gpt41mini,QID287_10,Democrat,5,0.7154663518299882,0.7331759149940968,0.706021251475797
json_predout_gpt41mini,QID287_11,Republican,1,0.43703703703703706,0.022222222222222223,0.024074074074074074
json_predout_gpt41mini,QID287_11,Republican,2,0.25925925925925924,0.046296296296296294,0.04259259259259259
json_predout_gpt41mini,QID287_11,Republican,3,0.0,0.11666666666666667,0.10740740740740741
json_predout_gpt41mini,QID287_11,Republican,4,0.29814814814814816,0.25,0.24444444444444444
json_predout_gpt41mini,QID287_11,Republican,5,0.005555555555555556,0.5648148148148148,0.5814814814814815
json_predout_gpt41mini,QID287_11,Democrat,1,0.2809917355371901,0.2727272727272727,0.30460448642266824
json_predout_gpt41mini,QID287_11,Democrat,2,0.71900826446281,0.269185360094451,0.2597402597402597
json_predout_gpt41mini,QID287_11,Democrat,3,0.0,0.24675324675324675,0.22904368358913813
json_predout_gpt41mini,QID287_11,Democrat,4,0.0,0.12750885478158205,0.11216056670602124
json_predout_gpt41mini,QID287_11,Democrat,5,0.0,0.08382526564344746,0.09445100354191263
json_predout_gpt41,QID287_1,Republican,1,0.05018587360594796,0.25464684014869887,0.2862453531598513
json_predout_gpt41,QID287_1,Republican,2,0.8364312267657993,0.2174721189591078,0.1895910780669145
json_predout_gpt41,QID287_1,Republican,3,0.08178438661710037,0.14684014869888476,0.137546468401487
json_predout_gpt41,QID287_1,Republican,4,0.02973977695167286,0.2825278810408922,0.2862453531598513
json_predout_gpt41,QID287_1,Republican,5,0.0018587360594795538,0.09851301115241635,0.10037174721189591
json_predout_gpt41,QID287_1,Democrat,1,0.0,0.018979833926453145,0.020166073546856466
json_predout_gpt41,QID287_1,Democrat,2,0.002372479240806643,0.04033214709371293,0.05931198102016608
json_predout_gpt41,QID287_1,Democrat,3,0.00830367734282325,0.08659549228944247,0.11150652431791222
json_predout_gpt41,QID287_1,Democrat,4,0.49940688018979834,0.4555160142348754,0.3902728351126928
json_predout_gpt41,QID287_1,Democrat,5,0.48991696322657174,0.398576512455516,0.41874258600237246
json_predout_gpt41,QID287_2,Republican,1,0.00929368029739777,0.16728624535315986,0.1895910780669145
json_predout_gpt41,QID287_2,Republican,2,0.604089219330855,0.19144981412639406,0.17657992565055763
json_predout_gpt41,QID287_2,Republican,3,0.35687732342007433,0.2527881040892193,0.275092936802974
json_predout_gpt41,QID287_2,Republican,4,0.027881040892193308,0.2899628252788104,0.22862453531598512
json_predout_gpt41,QID287_2,Republican,5,0.0018587360594795538,0.09851301115241635,0.13011152416356878
json_predout_gpt41,QID287_2,Democrat,1,0.0,0.00830367734282325,0.014234875444839857
json_predout_gpt41,QID287_2,Democrat,2,0.0011862396204033216,0.027283511269276393,0.03914590747330961
json_predout_gpt41,QID287_2,Democrat,3,0.005931198102016607,0.16963226571767498,0.20284697508896798
json_predout_gpt41,QID287_2,Democrat,4,0.5243179122182681,0.4080664294187426,0.38552787663107946
json_predout_gpt41,QID287_2,Democrat,5,0.46856465005931197,0.3867141162514828,0.3582443653618031
json_predout_gpt41,QID287_3,Republican,1,0.013011152416356878,0.22490706319702602,0.25092936802973975
json_predout_gpt41,QID287_3,Republican,2,0.8513011152416357,0.19516728624535315,0.1654275092936803
json_predout_gpt41,QID287_3,Republican,3,0.10594795539033457,0.19330855018587362,0.19888475836431227
json_predout_gpt41,QID287_3,Republican,4,0.027881040892193308,0.26579925650557623,0.258364312267658
json_predout_gpt41,QID287_3,Republican,5,0.0018587360594795538,0.120817843866171,0.12639405204460966
json_predout_gpt41,QID287_3,Democrat,1,0.0,0.0071174377224199285,0.005931198102016607
json_predout_gpt41,QID287_3,Democrat,2,0.0011862396204033216,0.02609727164887307,0.036773428232502965
json_predout_gpt41,QID287_3,Democrat,3,0.005931198102016607,0.0830367734282325,0.0937129300118624
json_predout_gpt41,QID287_3,Democrat,4,0.5088967971530249,0.3665480427046263,0.3475682087781732
json_predout_gpt41,QID287_3,Democrat,5,0.48398576512455516,0.5172004744958482,0.5160142348754448
json_predout_gpt41,QID287_4,Republican,1,0.11338289962825279,0.24721189591078066,0.23977695167286245
json_predout_gpt41,QID287_4,Republican,2,0.8587360594795539,0.17286245353159851,0.1524163568773234
json_predout_gpt41,QID287_4,Republican,3,0.013011152416356878,0.14869888475836432,0.1654275092936803
json_predout_gpt41,QID287_4,Republican,4,0.013011152416356878,0.2527881040892193,0.24907063197026022
json_predout_gpt41,QID287_4,Republican,5,0.0018587360594795538,0.17843866171003717,0.19330855018587362
json_predout_gpt41,QID287_4,Democrat,1,0.0,0.00830367734282325,0.005931198102016607
json_predout_gpt41,QID287_4,Democrat,2,0.0011862396204033216,0.02372479240806643,0.02609727164887307
json_predout_gpt41,QID287_4,Democrat,3,0.0011862396204033216,0.06287069988137604,0.06405693950177936
json_predout_gpt41,QID287_4,Democrat,4,0.2752075919335706,0.21708185053380782,0.20047449584816132
json_predout_gpt41,QID287_4,Democrat,5,0.7224199288256228,0.6880189798339265,0.7034400948991696
json_predout_gpt41,QID287_6,Republican,1,0.01486988847583643,0.2843866171003718,0.2862453531598513
json_predout_gpt41,QID287_6,Republican,2,0.9572490706319703,0.19888475836431227,0.20631970260223048
json_predout_gpt41,QID287_6,Republican,3,0.013011152416356878,0.1579925650557621,0.13382899628252787
json_predout_gpt41,QID287_6,Republican,4,0.013011152416356878,0.25464684014869887,0.25650557620817843
json_predout_gpt41,QID287_6,Republican,5,0.0018587360594795538,0.10408921933085502,0.1171003717472119
json_predout_gpt41,QID287_6,Democrat,1,0.0,0.017793594306049824,0.02372479240806643
json_predout_gpt41,QID287_6,Democrat,2,0.0,0.03202846975088968,0.027283511269276393
json_predout_gpt41,QID287_6,Democrat,3,0.005931198102016607,0.0711743772241993,0.08540925266903915
json_predout_gpt41,QID287_6,Democrat,4,0.298932384341637,0.2669039145907473,0.2431791221826809
json_predout_gpt41,QID287_6,Democrat,5,0.6951364175563464,0.6120996441281139,0.6204033214709371
json_predout_gpt41,QID287_7,Republican,1,0.0037174721189591076,0.09293680297397769,0.09479553903345725
json_predout_gpt41,QID287_7,Republican,2,0.09665427509293681,0.120817843866171,0.10780669144981413
json_predout_gpt41,QID287_7,Republican,3,0.19330855018587362,0.1895910780669145,0.17657992565055763
json_predout_gpt41,QID287_7,Republican,4,0.6988847583643123,0.3271375464684015,0.3587360594795539
json_predout_gpt41,QID287_7,Republican,5,0.007434944237918215,0.2695167286245353,0.2620817843866171
json_predout_gpt41,QID287_7,Democrat,1,0.0,0.004744958481613286,0.0071174377224199285
json_predout_gpt41,QID287_7,Democrat,2,0.0,0.01542111506524318,0.010676156583629894
json_predout_gpt41,QID287_7,Democrat,3,0.0011862396204033216,0.06880189798339265,0.04863582443653618
json_predout_gpt41,QID287_7,Democrat,4,0.166073546856465,0.2099644128113879,0.232502965599051
json_predout_gpt41,QID287_7,Democrat,5,0.8327402135231317,0.701067615658363,0.701067615658363
json_predout_gpt41,QID287_10,Republican,1,0.09665427509293681,0.18773234200743494,0.1895910780669145
json_predout_gpt41,QID287_10,Republican,2,0.8773234200743495,0.13011152416356878,0.13940520446096655
json_predout_gpt41,QID287_10,Republican,3,0.01858736059479554,0.16728624535315986,0.18029739776951673
json_predout_gpt41,QID287_10,Republican,4,0.0055762081784386614,0.2695167286245353,0.23977695167286245
json_predout_gpt41,QID287_10,Republican,5,0.0018587360594795538,0.24535315985130113,0.25092936802973975
json_predout_gpt41,QID287_10,Democrat,1,0.0,0.014234875444839857,0.017793594306049824
json_predout_gpt41,QID287_10,Democrat,2,0.002372479240806643,0.02372479240806643,0.03202846975088968
json_predout_gpt41,QID287_10,Democrat,3,0.0071174377224199285,0.06287069988137604,0.07473309608540925
json_predout_gpt41,QID287_10,Democrat,4,0.4151838671411625,0.16725978647686832,0.16963226571767498
json_predout_gpt41,QID287_10,Democrat,5,0.575326215895611,0.7319098457888493,0.7058125741399762
json_predout_gpt41,QID287_11,Republican,1,0.0018587360594795538,0.022304832713754646,0.024163568773234202
json_predout_gpt41,QID287_11,Republican,2,0.016728624535315983,0.046468401486988845,0.04275092936802974
json_predout_gpt41,QID287_11,Republican,3,0.0,0.1171003717472119,0.10780669144981413
json_predout_gpt41,QID287_11,Republican,4,0.9628252788104089,0.25092936802973975,0.24535315985130113
json_predout_gpt41,QID287_11,Republican,5,0.01858736059479554,0.5631970260223048,0.5799256505576208
json_predout_gpt41,QID287_11,Democrat,1,0.6393831553973903,0.27164887307236063,0.30486358244365364
json_predout_gpt41,QID287_11,Democrat,2,0.3594306049822064,0.2704626334519573,0.2586002372479241
json_predout_gpt41,QID287_11,Democrat,3,0.0,0.24555160142348753,0.22894424673784106
json_predout_gpt41,QID287_11,Democrat,4,0.0011862396204033216,0.12811387900355872,0.11269276393831554
json_predout_gpt41,QID287_11,Democrat,5,0.0,0.08422301304863583,0.09489916963226572
finetune500_gpt41mini,QID287_1,Republican,1,0.3010752688172043,0.26881720430107525,0.29301075268817206
finetune500_gpt41mini,QID287_1,Republican,2,0.11559139784946236,0.22580645161290322,0.20161290322580644
finetune500_gpt41mini,QID287_1,Republican,3,0.013440860215053764,0.16666666666666666,0.1478494623655914
finetune500_gpt41mini,QID287_1,Republican,4,0.5645161290322581,0.2553763440860215,0.26881720430107525
finetune500_gpt41mini,QID287_1,Republican,5,0.005376344086021506,0.08333333333333333,0.08870967741935484
finetune500_gpt41mini,QID287_1,Democrat,1,0.04400606980273141,0.018209408194233688,0.019726858877086494
finetune500_gpt41mini,QID287_1,Democrat,2,0.006069802731411229,0.036418816388467376,0.0622154779969651
finetune500_gpt41mini,QID287_1,Democrat,3,0.0015174506828528073,0.09104704097116843,0.1047040971168437
finetune500_gpt41mini,QID287_1,Democrat,4,0.9013657056145675,0.4613050075872534,0.3975720789074355
finetune500_gpt41mini,QID287_1,Democrat,5,0.04704097116843703,0.3930197268588771,0.4157814871016692
finetune500_gpt41mini,QID287_2,Republican,1,0.23387096774193547,0.17204301075268819,0.18548387096774194
finetune500_gpt41mini,QID287_2,Republican,2,0.043010752688172046,0.1827956989247312,0.1774193548387097
finetune500_gpt41mini,QID287_2,Republican,3,0.005376344086021506,0.28225806451612906,0.2956989247311828
finetune500_gpt41mini,QID287_2,Republican,4,0.7016129032258065,0.271505376344086,0.23118279569892472
finetune500_gpt41mini,QID287_2,Republican,5,0.016129032258064516,0.0913978494623656,0.11021505376344086
finetune500_gpt41mini,QID287_2,Democrat,1,0.036418816388467376,0.006069802731411229,0.012139605462822459
finetune500_gpt41mini,QID287_2,Democrat,2,0.0030349013657056147,0.027314112291350532,0.03186646433990895
finetune500_gpt41mini,QID287_2,Democrat,3,0.0015174506828528073,0.1669195751138088,0.19726858877086495
finetune500_gpt41mini,QID287_2,Democrat,4,0.8831562974203339,0.40364188163884673,0.3899848254931715
finetune500_gpt41mini,QID287_2,Democrat,5,0.07587253414264036,0.3960546282245827,0.36874051593323215
finetune500_gpt41mini,QID287_3,Republican,1,0.260752688172043,0.23655913978494625,0.25
finetune500_gpt41mini,QID287_3,Republican,2,0.016129032258064516,0.21236559139784947,0.1774193548387097
finetune500_gpt41mini,QID287_3,Republican,3,0.005376344086021506,0.1989247311827957,0.21236559139784947
finetune500_gpt41mini,QID287_3,Republican,4,0.7016129032258065,0.24731182795698925,0.25268817204301075
finetune500_gpt41mini,QID287_3,Republican,5,0.016129032258064516,0.10483870967741936,0.10752688172043011
finetune500_gpt41mini,QID287_3,Democrat,1,0.03793626707132018,0.004552352048558422,0.004552352048558422
finetune500_gpt41mini,QID287_3,Democrat,2,0.0015174506828528073,0.024279210925644917,0.03793626707132018
finetune500_gpt41mini,QID287_3,Democrat,3,0.0015174506828528073,0.07890743550834597,0.09408194233687406
finetune500_gpt41mini,QID287_3,Democrat,4,0.8619119878603946,0.37481031866464337,0.3566009104704097
finetune500_gpt41mini,QID287_3,Democrat,5,0.09711684370257967,0.5174506828528073,0.5068285280728376
finetune500_gpt41mini,QID287_4,Republican,1,0.26881720430107525,0.260752688172043,0.25268817204301075
finetune500_gpt41mini,QID287_4,Republican,2,0.17473118279569894,0.17204301075268819,0.1586021505376344
finetune500_gpt41mini,QID287_4,Republican,3,0.010752688172043012,0.13978494623655913,0.1774193548387097
finetune500_gpt41mini,QID287_4,Republican,4,0.5403225806451613,0.25806451612903225,0.21774193548387097
finetune500_gpt41mini,QID287_4,Republican,5,0.005376344086021506,0.1693548387096774,0.1935483870967742
finetune500_gpt41mini,QID287_4,Democrat,1,0.036418816388467376,0.009104704097116844,0.006069802731411229
finetune500_gpt41mini,QID287_4,Democrat,2,0.0030349013657056147,0.019726858877086494,0.021244309559939303
finetune500_gpt41mini,QID287_4,Democrat,3,0.0015174506828528073,0.054628224582701064,0.0622154779969651
finetune500_gpt41mini,QID287_4,Democrat,4,0.8543247344461306,0.21851289833080426,0.19726858877086495
finetune500_gpt41mini,QID287_4,Democrat,5,0.1047040971168437,0.6980273141122914,0.7132018209408194
finetune500_gpt41mini,QID287_6,Republican,1,0.25268817204301075,0.2768817204301075,0.28225806451612906
finetune500_gpt41mini,QID287_6,Republican,2,0.026881720430107527,0.22311827956989247,0.21774193548387097
finetune500_gpt41mini,QID287_6,Republican,3,0.005376344086021506,0.1532258064516129,0.12634408602150538
finetune500_gpt41mini,QID287_6,Republican,4,0.6989247311827957,0.24193548387096775,0.25806451612903225
finetune500_gpt41mini,QID287_6,Republican,5,0.016129032258064516,0.10483870967741936,0.11559139784946236
finetune500_gpt41mini,QID287_6,Democrat,1,0.036418816388467376,0.018209408194233688,0.021244309559939303
finetune500_gpt41mini,QID287_6,Democrat,2,0.0030349013657056147,0.021244309559939303,0.019726858877086494
finetune500_gpt41mini,QID287_6,Democrat,3,0.0015174506828528073,0.06525037936267071,0.08497723823975721
finetune500_gpt41mini,QID287_6,Democrat,4,0.8528072837632777,0.27921092564491656,0.24279210925644917
finetune500_gpt41mini,QID287_6,Democrat,5,0.1062215477996965,0.6160849772382397,0.6312594840667678
finetune500_gpt41mini,QID287_7,Republican,1,0.25806451612903225,0.09946236559139784,0.0967741935483871
finetune500_gpt41mini,QID287_7,Republican,2,0.021505376344086023,0.11559139784946236,0.0913978494623656
finetune500_gpt41mini,QID287_7,Republican,3,0.005376344086021506,0.18010752688172044,0.1935483870967742
finetune500_gpt41mini,QID287_7,Republican,4,0.6989247311827957,0.32526881720430106,0.3602150537634409
finetune500_gpt41mini,QID287_7,Republican,5,0.016129032258064516,0.27956989247311825,0.25806451612903225
finetune500_gpt41mini,QID287_7,Democrat,1,0.03793626707132018,0.0015174506828528073,0.006069802731411229
finetune500_gpt41mini,QID287_7,Democrat,2,0.0015174506828528073,0.012139605462822459,0.009104704097116844
finetune500_gpt41mini,QID287_7,Democrat,3,0.0015174506828528073,0.06980273141122914,0.04552352048558422
finetune500_gpt41mini,QID287_7,Democrat,4,0.8528072837632777,0.19119878603945373,0.21547799696509864
finetune500_gpt41mini,QID287_7,Democrat,5,0.1062215477996965,0.7253414264036419,0.723823975720789
finetune500_gpt41mini,QID287_10,Republican,1,0.26344086021505375,0.19086021505376344,0.19623655913978494
finetune500_gpt41mini,QID287_10,Republican,2,0.09408602150537634,0.13978494623655913,0.1478494623655914
finetune500_gpt41mini,QID287_10,Republican,3,0.008064516129032258,0.16129032258064516,0.1639784946236559
finetune500_gpt41mini,QID287_10,Republican,4,0.6182795698924731,0.260752688172043,0.22849462365591397
finetune500_gpt41mini,QID287_10,Republican,5,0.016129032258064516,0.24731182795698925,0.26344086021505375
finetune500_gpt41mini,QID287_10,Democrat,1,0.036418816388467376,0.013657056145675266,0.019726858877086494
finetune500_gpt41mini,QID287_10,Democrat,2,0.0030349013657056147,0.02276176024279211,0.03186646433990895
finetune500_gpt41mini,QID287_10,Democrat,3,0.0015174506828528073,0.06069802731411229,0.06828528072837632
finetune500_gpt41mini,QID287_10,Democrat,4,0.8528072837632777,0.16084977238239756,0.16995447647951442
finetune500_gpt41mini,QID287_10,Democrat,5,0.1062215477996965,0.7420333839150227,0.7101669195751138
finetune500_gpt41mini,QID287_11,Republican,1,0.25268817204301075,0.01881720430107527,0.024193548387096774
finetune500_gpt41mini,QID287_11,Republican,2,0.013440860215053764,0.0456989247311828,0.043010752688172046
finetune500_gpt41mini,QID287_11,Republican,3,0.008064516129032258,0.10752688172043011,0.11559139784946236
finetune500_gpt41mini,QID287_11,Republican,4,0.717741935483871,0.26344086021505375,0.239247311827957
finetune500_gpt41mini,QID287_11,Republican,5,0.008064516129032258,0.5645161290322581,0.5779569892473119
finetune500_gpt41mini,QID287_11,Democrat,1,0.03793626707132018,0.27921092564491656,0.3125948406676783
finetune500_gpt41mini,QID287_11,Democrat,2,0.024279210925644917,0.2731411229135053,0.26403641881638845
finetune500_gpt41mini,QID287_11,Democrat,3,0.019726858877086494,0.24279210925644917,0.2306525037936267
finetune500_gpt41mini,QID287_11,Democrat,4,0.8786039453717754,0.12291350531107739,0.1047040971168437
finetune500_gpt41mini,QID287_11,Democrat,5,0.03945371775417299,0.0819423368740516,0.08801213960546282
demog_only_gpt41mini,QID287_1,Republican,1,0.0,0.2537037037037037,0.2851851851851852
demog_only_gpt41mini,QID287_1,Republican,2,0.003703703703703704,0.22037037037037038,0.19074074074074074
demog_only_gpt41mini,QID287_1,Republican,3,0.0,0.14629629629629629,0.13703703703703704
demog_only_gpt41mini,QID287_1,Republican,4,0.5055555555555555,0.2814814814814815,0.28703703703703703
demog_only_gpt41mini,QID287_1,Republican,5,0.49074074074074076,0.09814814814814815,0.1
demog_only_gpt41mini,QID287_1,Democrat,1,0.0,0.018890200708382526,0.020070838252656435
demog_only_gpt41mini,QID287_1,Democrat,2,0.0,0.04014167650531287,0.0590318772136954
demog_only_gpt41mini,QID287_1,Democrat,3,0.0,0.08618654073199528,0.11097992916174734
demog_only_gpt41mini,QID287_1,Democrat,4,0.02833530106257379,0.45454545454545453,0.38961038961038963
demog_only_gpt41mini,QID287_1,Democrat,5,0.9716646989374262,0.4002361275088548,0.4203069657615112
demog_only_gpt41mini,QID287_2,Republican,1,0.0,0.16666666666666666,0.18888888888888888
demog_only_gpt41mini,QID287_2,Republican,2,0.0,0.1925925925925926,0.17777777777777778
demog_only_gpt41mini,QID287_2,Republican,3,0.0,0.2537037037037037,0.2740740740740741
demog_only_gpt41mini,QID287_2,Republican,4,0.5555555555555556,0.28888888888888886,0.22962962962962963
demog_only_gpt41mini,QID287_2,Republican,5,0.4444444444444444,0.09814814814814815,0.12962962962962962
demog_only_gpt41mini,QID287_2,Democrat,1,0.0,0.008264462809917356,0.014167650531286895
demog_only_gpt41mini,QID287_2,Democrat,2,0.0,0.02715466351829988,0.03896103896103896
demog_only_gpt41mini,QID287_2,Democrat,3,0.0,0.16883116883116883,0.20188902007083825
demog_only_gpt41mini,QID287_2,Democrat,4,0.06139315230224321,0.4085005903187721,0.3860684769775679
demog_only_gpt41mini,QID287_2,Democrat,5,0.9386068476977568,0.3872491145218418,0.358913813459268
demog_only_gpt41mini,QID287_3,Republican,1,0.0,0.22407407407407406,0.25
demog_only_gpt41mini,QID287_3,Republican,2,0.0,0.1962962962962963,0.1685185185185185
demog_only_gpt41mini,QID287_3,Republican,3,0.0,0.19444444444444445,0.19814814814814816
demog_only_gpt41mini,QID287_3,Republican,4,0.4425925925925926,0.26481481481481484,0.2574074074074074
demog_only_gpt41mini,QID287_3,Republican,5,0.5574074074074075,0.12037037037037036,0.1259259259259259
demog_only_gpt41mini,QID287_3,Democrat,1,0.0,0.0070838252656434475,0.0059031877213695395
demog_only_gpt41mini,QID287_3,Democrat,2,0.0,0.025974025974025976,0.03659976387249114
demog_only_gpt41mini,QID287_3,Democrat,3,0.0,0.08264462809917356,0.09327036599763873
demog_only_gpt41mini,QID287_3,Democrat,4,0.020070838252656435,0.36717827626918537,0.3482880755608028
demog_only_gpt41mini,QID287_3,Democrat,5,0.9799291617473436,0.5171192443919717,0.5159386068476978
demog_only_gpt41mini,QID287_4,Republican,1,0.037037037037037035,0.2462962962962963,0.2388888888888889
demog_only_gpt41mini,QID287_4,Republican,2,0.6222222222222222,0.17222222222222222,0.1537037037037037
demog_only_gpt41mini,QID287_4,Republican,3,0.10555555555555556,0.14814814814814814,0.16666666666666666
demog_only_gpt41mini,QID287_4,Republican,4,0.2074074074074074,0.25555555555555554,0.24814814814814815
demog_only_gpt41mini,QID287_4,Republican,5,0.027777777777777776,0.17777777777777778,0.1925925925925926
demog_only_gpt41mini,QID287_4,Democrat,1,0.0,0.008264462809917356,0.0059031877213695395
demog_only_gpt41mini,QID287_4,Democrat,2,0.0011806375442739079,0.023612750885478158,0.025974025974025976
demog_only_gpt41mini,QID287_4,Democrat,3,0.0011806375442739079,0.06257378984651712,0.06375442739079103
demog_only_gpt41mini,QID287_4,Democrat,4,0.03423848878394333,0.21605667060212513,0.19952774498229045
demog_only_gpt41mini,QID287_4,Democrat,5,0.9634002361275088,0.6894923258559622,0.704840613931523
demog_only_gpt41mini,QID287_6,Republican,1,0.011111111111111112,0.2833333333333333,0.2851851851851852
demog_only_gpt41mini,QID287_6,Republican,2,0.012962962962962963,0.2,0.20925925925925926
demog_only_gpt41mini,QID287_6,Republican,3,0.06481481481481481,0.1574074074074074,0.13333333333333333
demog_only_gpt41mini,QID287_6,Republican,4,0.5296296296296297,0.25555555555555554,0.25555555555555554
demog_only_gpt41mini,QID287_6,Republican,5,0.3814814814814815,0.1037037037037037,0.11666666666666667
demog_only_gpt41mini,QID287_6,Democrat,1,0.0,0.01770956316410862,0.023612750885478158
demog_only_gpt41mini,QID287_6,Democrat,2,0.0,0.031877213695395513,0.02715466351829988
demog_only_gpt41mini,QID287_6,Democrat,3,0.0,0.07083825265643448,0.08500590318772137
demog_only_gpt41mini,QID287_6,Democrat,4,0.021251475796930343,0.2668240850059032,0.24321133412042503
demog_only_gpt41mini,QID287_6,Democrat,5,0.9787485242030697,0.6127508854781583,0.6210153482880756
demog_only_gpt41mini,QID287_7,Republican,1,0.001851851851851852,0.09259259259259259,0.09444444444444444
demog_only_gpt41mini,QID287_7,Republican,2,0.0,0.12037037037037036,0.10740740740740741
demog_only_gpt41mini,QID287_7,Republican,3,0.0,0.18888888888888888,0.17962962962962964
demog_only_gpt41mini,QID287_7,Republican,4,0.45740740740740743,0.3296296296296296,0.3574074074074074
demog_only_gpt41mini,QID287_7,Republican,5,0.5407407407407407,0.26851851851851855,0.2611111111111111
demog_only_gpt41mini,QID287_7,Democrat,1,0.0,0.004722550177095631,0.0070838252656434475
demog_only_gpt41mini,QID287_7,Democrat,2,0.0,0.015348288075560802,0.010625737898465172
demog_only_gpt41mini,QID287_7,Democrat,3,0.0,0.06847697756788666,0.048406139315230225
demog_only_gpt41mini,QID287_7,Democrat,4,0.020070838252656435,0.21133412042502953,0.23376623376623376
demog_only_gpt41mini,QID287_7,Democrat,5,0.9799291617473436,0.7001180637544274,0.7001180637544274
demog_only_gpt41mini,QID287_10,Republican,1,0.037037037037037035,0.18888888888888888,0.18888888888888888
demog_only_gpt41mini,QID287_10,Republican,2,0.6018518518518519,0.12962962962962962,0.1388888888888889
demog_only_gpt41mini,QID287_10,Republican,3,0.14814814814814814,0.16666666666666666,0.1814814814814815
demog_only_gpt41mini,QID287_10,Republican,4,0.1814814814814815,0.27037037037037037,0.24074074074074073
demog_only_gpt41mini,QID287_10,Republican,5,0.03148148148148148,0.24444444444444444,0.25
demog_only_gpt41mini,QID287_10,Democrat,1,0.0,0.014167650531286895,0.01770956316410862
demog_only_gpt41mini,QID287_10,Democrat,2,0.0011806375442739079,0.023612750885478158,0.031877213695395513
demog_only_gpt41mini,QID287_10,Democrat,3,0.0011806375442739079,0.06257378984651712,0.0743801652892562
demog_only_gpt41mini,QID287_10,Democrat,4,0.10153482880755609,0.16646989374262103,0.17001180637544275
demog_only_gpt41mini,QID287_10,Democrat,5,0.8961038961038961,0.7331759149940968,0.706021251475797
demog_only_gpt41mini,QID287_11,Republican,1,0.29814814814814816,0.022222222222222223,0.024074074074074074
demog_only_gpt41mini,QID287_11,Republican,2,0.6574074074074074,0.046296296296296294,0.04259259259259259
demog_only_gpt41mini,QID287_11,Republican,3,0.022222222222222223,0.11666666666666667,0.10740740740740741
demog_only_gpt41mini,QID287_11,Republican,4,0.020370370370370372,0.25,0.24444444444444444
demog_only_gpt41mini,QID287_11,Republican,5,0.001851851851851852,0.5648148148148148,0.5814814814814815
demog_only_gpt41mini,QID287_11,Democrat,1,0.5667060212514758,0.2727272727272727,0.30460448642266824
demog_only_gpt41mini,QID287_11,Democrat,2,0.4332939787485242,0.269185360094451,0.2597402597402597
demog_only_gpt41mini,QID287_11,Democrat,3,0.0,0.24675324675324675,0.22904368358913813
demog_only_gpt41mini,QID287_11,Democrat,4,0.0,0.12750885478158205,0.11216056670602124
demog_only_gpt41mini,QID287_11,Democrat,5,0.0,0.08382526564344746,0.09445100354191263
human_retest_wave1_3,QID287_1,Republican,1,0.2851851851851852,0.2537037037037037,0.2851851851851852
human_retest_wave1_3,QID287_1,Republican,2,0.19074074074074074,0.22037037037037038,0.19074074074074074
human_retest_wave1_3,QID287_1,Republican,3,0.13703703703703704,0.14629629629629629,0.13703703703703704
human_retest_wave1_3,QID287_1,Republican,4,0.28703703703703703,0.2814814814814815,0.28703703703703703
human_retest_wave1_3,QID287_1,Republican,5,0.1,0.09814814814814815,0.1
human_retest_wave1_3,QID287_1,Democrat,1,0.020070838252656435,0.018890200708382526,0.020070838252656435
human_retest_wave1_3,QID287_1,Democrat,2,0.0590318772136954,0.04014167650531287,0.0590318772136954
human_retest_wave1_3,QID287_1,Democrat,3,0.11097992916174734,0.08618654073199528,0.11097992916174734
human_retest_wave1_3,QID287_1,Democrat,4,0.38961038961038963,0.45454545454545453,0.38961038961038963
human_retest_wave1_3,QID287_1,Democrat,5,0.4203069657615112,0.4002361275088548,0.4203069657615112
human_retest_wave1_3,QID287_2,Republican,1,0.18888888888888888,0.16666666666666666,0.18888888888888888
human_retest_wave1_3,QID287_2,Republican,2,0.17777777777777778,0.1925925925925926,0.17777777777777778
human_retest_wave1_3,QID287_2,Republican,3,0.2740740740740741,0.2537037037037037,0.2740740740740741
human_retest_wave1_3,QID287_2,Republican,4,0.22962962962962963,0.28888888888888886,0.22962962962962963
human_retest_wave1_3,QID287_2,Republican,5,0.12962962962962962,0.09814814814814815,0.12962962962962962
human_retest_wave1_3,QID287_2,Democrat,1,0.014167650531286895,0.008264462809917356,0.014167650531286895
human_retest_wave1_3,QID287_2,Democrat,2,0.03896103896103896,0.02715466351829988,0.03896103896103896
human_retest_wave1_3,QID287_2,Democrat,3,0.20188902007083825,0.16883116883116883,0.20188902007083825
human_retest_wave1_3,QID287_2,Democrat,4,0.3860684769775679,0.4085005903187721,0.3860684769775679
human_retest_wave1_3,QID287_2,Democrat,5,0.358913813459268,0.3872491145218418,0.358913813459268
human_retest_wave1_3,QID287_3,Republican,1,0.25,0.22407407407407406,0.25
human_retest_wave1_3,QID287_3,Republican,2,0.1685185185185185,0.1962962962962963,0.1685185185185185
human_retest_wave1_3,QID287_3,Republican,3,0.19814814814814816,0.19444444444444445,0.19814814814814816
human_retest_wave1_3,QID287_3,Republican,4,0.2574074074074074,0.26481481481481484,0.2574074074074074
human_retest_wave1_3,QID287_3,Republican,5,0.1259259259259259,0.12037037037037036,0.1259259259259259
human_retest_wave1_3,QID287_3,Democrat,1,0.0059031877213695395,0.0070838252656434475,0.0059031877213695395
human_retest_wave1_3,QID287_3,Democrat,2,0.03659976387249114,0.025974025974025976,0.03659976387249114
human_retest_wave1_3,QID287_3,Democrat,3,0.09327036599763873,0.08264462809917356,0.09327036599763873
human_retest_wave1_3,QID287_3,Democrat,4,0.3482880755608028,0.36717827626918537,0.3482880755608028
human_retest_wave1_3,QID287_3,Democrat,5,0.5159386068476978,0.5171192443919717,0.5159386068476978
human_retest_wave1_3,QID287_4,Republican,1,0.2388888888888889,0.2462962962962963,0.2388888888888889
human_retest_wave1_3,QID287_4,Republican,2,0.1537037037037037,0.17222222222222222,0.1537037037037037
human_retest_wave1_3,QID287_4,Republican,3,0.16666666666666666,0.14814814814814814,0.16666666666666666
human_retest_wave1_3,QID287_4,Republican,4,0.24814814814814815,0.25555555555555554,0.24814814814814815
human_retest_wave1_3,QID287_4,Republican,5,0.1925925925925926,0.17777777777777778,0.1925925925925926
human_retest_wave1_3,QID287_4,Democrat,1,0.0059031877213695395,0.008264462809917356,0.0059031877213695395
human_retest_wave1_3,QID287_4,Democrat,2,0.025974025974025976,0.023612750885478158,0.025974025974025976
human_retest_wave1_3,QID287_4,Democrat,3,0.06375442739079103,0.06257378984651712,0.06375442739079103
human_retest_wave1_3,QID287_4,Democrat,4,0.19952774498229045,0.21605667060212513,0.19952774498229045
human_retest_wave1_3,QID287_4,Democrat,5,0.704840613931523,0.6894923258559622,0.704840613931523
human_retest_wave1_3,QID287_6,Republican,1,0.2851851851851852,0.2833333333333333,0.2851851851851852
human_retest_wave1_3,QID287_6,Republican,2,0.20925925925925926,0.2,0.20925925925925926
human_retest_wave1_3,QID287_6,Republican,3,0.13333333333333333,0.1574074074074074,0.13333333333333333
human_retest_wave1_3,QID287_6,Republican,4,0.25555555555555554,0.25555555555555554,0.25555555555555554
human_retest_wave1_3,QID287_6,Republican,5,0.11666666666666667,0.1037037037037037,0.11666666666666667
human_retest_wave1_3,QID287_6,Democrat,1,0.023612750885478158,0.01770956316410862,0.023612750885478158
human_retest_wave1_3,QID287_6,Democrat,2,0.02715466351829988,0.031877213695395513,0.02715466351829988
human_retest_wave1_3,QID287_6,Democrat,3,0.08500590318772137,0.07083825265643448,0.08500590318772137
human_retest_wave1_3,QID287_6,Democrat,4,0.24321133412042503,0.2668240850059032,0.24321133412042503
human_retest_wave1_3,QID287_6,Democrat,5,0.6210153482880756,0.6127508854781583,0.6210153482880756
human_retest_wave1_3,QID287_7,Republican,1,0.09444444444444444,0.09259259259259259,0.09444444444444444
human_retest_wave1_3,QID287_7,Republican,2,0.10740740740740741,0.12037037037037036,0.10740740740740741
human_retest_wave1_3,QID287_7,Republican,3,0.17962962962962964,0.18888888888888888,0.17962962962962964
human_retest_wave1_3,QID287_7,Republican,4,0.3574074074074074,0.3296296296296296,0.3574074074074074
human_retest_wave1_3,QID287_7,Republican,5,0.2611111111111111,0.26851851851851855,0.2611111111111111
human_retest_wave1_3,QID287_7,Democrat,1,0.0070838252656434475,0.004722550177095631,0.0070838252656434475
human_retest_wave1_3,QID287_7,Democrat,2,0.010625737898465172,0.015348288075560802,0.010625737898465172
human_retest_wave1_3,QID287_7,Democrat,3,0.048406139315230225,0.06847697756788666,0.048406139315230225
human_retest_wave1_3,QID287_7,Democrat,4,0.23376623376623376,0.21133412042502953,0.23376623376623376
human_retest_wave1_3,QID287_7,Democrat,5,0.7001180637544274,0.7001180637544274,0.7001180637544274
human_retest_wave1_3,QID287_10,Republican,1,0.18888888888888888,0.18888888888888888,0.18888888888888888
human_retest_wave1_3,QID287_10,Republican,2,0.1388888888888889,0.12962962962962962,0.1388888888888889
human_retest_wave1_3,QID287_10,Republican,3,0.1814814814814815,0.16666666666666666,0.1814814814814815
human_retest_wave1_3,QID287_10,Republican,4,0.24074074074074073,0.27037037037037037,0.24074074074074073
human_retest_wave1_3,QID287_10,Republican,5,0.25,0.24444444444444444,0.25
human_retest_wave1_3,QID287_10,Democrat,1,0.01770956316410862,0.014167650531286895,0.01770956316410862
human_retest_wave1_3,QID287_10,Democrat,2,0.031877213695395513,0.023612750885478158,0.031877213695395513
human_retest_wave1_3,QID287_10,Democrat,3,0.0743801652892562,0.06257378984651712,0.0743801652892562
human_retest_wave1_3,QID287_10,Democrat,4,0.17001180637544275,0.16646989374262103,0.17001180637544275
human_retest_wave1_3,QID287_10,Democrat,5,0.706021251475797,0.7331759149940968,0.706021251475797
human_retest_wave1_3,QID287_11,Republican,1,0.024074074074074074,0.022222222222222223,0.024074074074074074
human_retest_wave1_3,QID287_11,Republican,2,0.04259259259259259,0.046296296296296294,0.04259259259259259
human_retest_wave1_3,QID287_11,Republican,3,0.10740740740740741,0.11666666666666667,0.10740740740740741
human_retest_wave1_3,QID287_11,Republican,4,0.24444444444444444,0.25,0.24444444444444444
human_retest_wave1_3,QID287_11,Republican,5,0.5814814814814815,0.5648148148148148,0.5814814814814815
human_retest_wave1_3,QID287_11,Democrat,1,0.30460448642266824,0.2727272727272727,0.30460448642266824
human_retest_wave1_3,QID287_11,Democrat,2,0.2597402597402597,0.269185360094451,0.2597402597402597
human_retest_wave1_3,QID287_11,Democrat,3,0.22904368358913813,0.24675324675324675,0.22904368358913813
human_retest_wave1_3,QID287_11,Democrat,4,0.11216056670602124,0.12750885478158205,0.11216056670602124
human_retest_wave1_3,QID287_11,Democrat,5,0.09445100354191263,0.08382526564344746,0.09445100354191263
