family,contrast,outcome,attribute,informed,n_sim,n_hi,n_lo,completion_rate,authors_excluded,model,temperature,reasoning_effort,prompt_content,demographics_used,ratio,ci_lo,ci_hi,ci_unbounded,ci_split,reading,pop_ci_lo,pop_ci_hi,k_rel_halfwidth,k_max,no_population_gap,stop_population,verdict,df_rule,g,se_g,df_g,gamma,se_gamma,df_gamma,cov,family_size,alpha_one_sided,interval_level,label,certifiable
deepseek-r1-distill-llama-70b | 0 | NA | all-at-once | extensive,bjw_score | political_identity,bjw_score,political_identity,True,85,11,53,1.0,False,deepseek-r1-distill-llama-70b,0.0,,all-at-once,extensive,2.380736543909346,,,True,False,kept or steepened,-0.8247376275749545,6.879626135293655,1.2724204174935967,0.25,True,False,no population gap,single df,7.20754716981132,0.9528625795212524,inf,3.0274442538593505,1.5422882777520266,inf,0.4540971725854085,8,0.00625,0.9875,not read,False
deepseek-r1-distill-llama-70b | 0 | NA | all-at-once | extensive,bjw_score | sex,bjw_score,sex,True,85,62,23,1.0,False,deepseek-r1-distill-llama-70b,0.0,,all-at-once,extensive,-0.0816993464052257,,,True,False,undetermined,-3.4784932878944645,2.190975756337663,4.403411142197722,0.25,True,False,no population gap,single df,0.0525946704067301,1.0297239387565502,inf,-0.6437587657784007,1.134935462177802,inf,0.0205881369239065,8,0.00625,0.9875,not read,False
deepseek-r1-distill-llama-70b | 0 | NA | all-at-once | extensive,bjw_score | education,bjw_score,education,True,85,41,44,1.0,False,deepseek-r1-distill-llama-70b,0.0,,all-at-once,extensive,1.6970926301555087,,,True,False,undetermined,-3.51943020478364,1.8797406260696696,3.2928006013723343,0.25,True,False,no population gap,single df,-1.3913525498891346,0.9068397755273392,inf,-0.8198447893569849,1.080826157526246,inf,0.2007165605423299,8,0.00625,0.9875,not read,False
deepseek-r1-distill-llama-70b | 0 | NA | all-at-once | extensive,bjw_score | age,bjw_score,age,True,85,39,46,1.0,False,deepseek-r1-distill-llama-70b,0.0,,all-at-once,extensive,-0.0900360144057625,,,True,False,undetermined,-3.6131660383299007,1.7558639201582196,2.89076823095069,0.25,True,False,no population gap,single df,0.0836120401337794,0.9394209678265302,inf,-0.9286510590858406,1.0747924452612447,inf,0.1968254279750342,8,0.00625,0.9875,not read,False
deepseek-r1-distill-llama-70b | 0 | NA | all-at-once | extensive,gut_diff | political_identity,gut_diff,political_identity,True,85,11,53,1.0,False,deepseek-r1-distill-llama-70b,0.0,,all-at-once,extensive,3.013856812933025,,,True,False,kept or steepened,-1.0461630573376757,2.5315832974748966,2.4085752019119284,0.25,True,False,no population gap,single df,2.2384219554030875,0.1378847441142042,inf,0.7427101200686106,0.7162066114260104,inf,0.0020869411522576,8,0.00625,0.9875,not read,False
deepseek-r1-distill-llama-70b | 0 | NA | all-at-once | extensive,gut_diff | sex,gut_diff,sex,True,85,62,23,1.0,False,deepseek-r1-distill-llama-70b,0.0,,all-at-once,extensive,0.6676217765042977,,,True,False,undetermined,-1.5139845768883289,1.024503510969675,5.186080248260046,0.25,True,False,no population gap,single df,-0.1633941093969144,0.2442091846150751,inf,-0.2447405329593268,0.5081640147867098,inf,-0.0108945075186345,8,0.00625,0.9875,not read,False
deepseek-r1-distill-llama-70b | 0 | NA | all-at-once | extensive,gut_diff | education,gut_diff,education,True,85,41,44,1.0,False,deepseek-r1-distill-llama-70b,0.0,,all-at-once,extensive,1.5161290322580638,,,True,False,undetermined,-1.2216746800862492,0.8092578286450074,4.924465384074174,0.25,True,False,no population gap,single df,-0.3126385809312638,0.2216139229765885,inf,-0.2062084257206209,0.4065596456151067,inf,-0.0012834311003571,8,0.00625,0.9875,not read,False
deepseek-r1-distill-llama-70b | 0 | NA | all-at-once | extensive,gut_diff | age,gut_diff,age,True,85,39,46,1.0,False,deepseek-r1-distill-llama-70b,0.0,,all-at-once,extensive,-0.2443181818181816,,,True,False,undetermined,-1.2987750953461776,0.7101463328043716,3.412883562596672,0.25,True,False,no population gap,single df,0.0719063545150501,0.2232184552767106,inf,-0.294314381270903,0.4021533853962044,inf,0.001270808509613,8,0.00625,0.9875,not read,False
deepseek-r1-distill-llama-70b | 0 | NA | all-at-once | minimal,bjw_score | political_identity,bjw_score,political_identity,False,85,11,53,1.0,False,deepseek-r1-distill-llama-70b,0.0,,all-at-once,minimal,-0.2288951841359777,,,True,False,undetermined,-0.8247376275749545,6.879626135293655,1.2724204174935967,0.25,True,False,no population gap,single df,-0.6929674099485439,0.4620251986236302,inf,3.0274442538593505,1.5422882777520266,inf,-0.126277245955189,8,0.00625,0.9875,not read,False
deepseek-r1-distill-llama-70b | 0 | NA | all-at-once | minimal,bjw_score | sex,bjw_score,sex,True,85,62,23,1.0,False,deepseek-r1-distill-llama-70b,0.0,,all-at-once,minimal,-1.203703703703706,,,True,False,undetermined,-3.4784932878944645,2.190975756337663,4.403411142197722,0.25,True,False,no population gap,single df,0.7748948106591875,0.3587173877990882,inf,-0.6437587657784007,1.134935462177802,inf,-0.0008952256927977,8,0.00625,0.9875,not read,False
deepseek-r1-distill-llama-70b | 0 | NA | all-at-once | minimal,bjw_score | education,bjw_score,education,False,85,41,44,1.0,False,deepseek-r1-distill-llama-70b,0.0,,all-at-once,minimal,-0.0574712643678157,,,True,False,undetermined,-3.51943020478364,1.8797406260696696,3.2928006013723343,0.25,True,False,no population gap,single df,0.0471175166297115,0.3553089258856677,inf,-0.8198447893569849,1.080826157526246,inf,-0.053716233855412,8,0.00625,0.9875,not read,False
deepseek-r1-distill-llama-70b | 0 | NA | all-at-once | minimal,bjw_score | age,bjw_score,age,True,85,39,46,1.0,False,deepseek-r1-distill-llama-70b,0.0,,all-at-once,minimal,-0.816326530612246,,,True,False,undetermined,-3.6131660383299007,1.7558639201582196,2.89076823095069,0.25,True,False,no population gap,single df,0.7580824972129321,0.3405963413320151,inf,-0.9286510590858406,1.0747924452612447,inf,-0.031453963901306,8,0.00625,0.9875,not read,False
deepseek-r1-distill-llama-70b | 0 | NA | all-at-once | minimal,gut_diff | political_identity,gut_diff,political_identity,False,85,11,53,1.0,False,deepseek-r1-distill-llama-70b,0.0,,all-at-once,minimal,0.3140877598152426,,,True,False,undetermined,-1.0461630573376757,2.5315832974748966,2.4085752019119284,0.25,True,False,no population gap,single df,0.2332761578044597,0.2456163785411405,inf,0.7427101200686106,0.7162066114260104,inf,0.0030823735593269,8,0.00625,0.9875,not read,False
deepseek-r1-distill-llama-70b | 0 | NA | all-at-once | minimal,gut_diff | sex,gut_diff,sex,True,85,62,23,1.0,False,deepseek-r1-distill-llama-70b,0.0,,all-at-once,minimal,1.6876790830945552,,,True,False,undetermined,-1.5139845768883289,1.024503510969675,5.186080248260046,0.25,True,False,no population gap,single df,-0.4130434782608695,0.1264205194301865,inf,-0.2447405329593268,0.5081640147867098,inf,0.0099701203556996,8,0.00625,0.9875,not read,False
deepseek-r1-distill-llama-70b | 0 | NA | all-at-once | minimal,gut_diff | education,gut_diff,education,False,85,41,44,1.0,False,deepseek-r1-distill-llama-70b,0.0,,all-at-once,minimal,0.0188172043010753,,,True,False,undetermined,-1.2216746800862492,0.8092578286450074,4.924465384074174,0.25,True,False,no population gap,single df,-0.003880266075388,0.1473092747845685,inf,-0.2062084257206209,0.4065596456151067,inf,0.0114210002267647,8,0.00625,0.9875,not read,False
deepseek-r1-distill-llama-70b | 0 | NA | all-at-once | minimal,gut_diff | age,gut_diff,age,True,85,39,46,1.0,False,deepseek-r1-distill-llama-70b,0.0,,all-at-once,minimal,-0.8276515151515151,,,True,False,undetermined,-1.2987750953461776,0.7101463328043716,3.412883562596672,0.25,True,False,no population gap,single df,0.2435897435897436,0.1424996586156214,inf,-0.294314381270903,0.4021533853962044,inf,0.0091847803464458,8,0.00625,0.9875,not read,False
deepseek-r1-distill-llama-70b | 0 | NA | all-at-once | none,bjw_score | political_identity,bjw_score,political_identity,False,85,11,53,1.0,False,deepseek-r1-distill-llama-70b,0.0,,all-at-once,none,-0.0606232294617558,,,True,False,undetermined,-0.8247376275749545,6.879626135293655,1.2724204174935967,0.25,True,False,no population gap,single df,-0.1835334476843897,0.2937121102462008,inf,3.0274442538593505,1.5422882777520266,inf,0.0197607056412966,8,0.00625,0.9875,not read,False
deepseek-r1-distill-llama-70b | 0 | NA | all-at-once | none,bjw_score | sex,bjw_score,sex,False,85,62,23,1.0,False,deepseek-r1-distill-llama-70b,0.0,,all-at-once,none,0.269063180827891,,,True,False,undetermined,-3.4784932878944645,2.190975756337663,4.403411142197722,0.25,True,False,no population gap,single df,-0.1732117812061737,0.3341774450143635,inf,-0.6437587657784007,1.134935462177802,inf,-0.1005957210262569,8,0.00625,0.9875,not read,False
deepseek-r1-distill-llama-70b | 0 | NA | all-at-once | none,bjw_score | education,bjw_score,education,False,85,41,44,1.0,False,deepseek-r1-distill-llama-70b,0.0,,all-at-once,none,0.1020960108181227,,,True,False,undetermined,-3.51943020478364,1.8797406260696696,3.2928006013723343,0.25,True,False,no population gap,single df,-0.0837028824833723,0.2577149212251142,inf,-0.8198447893569849,1.080826157526246,inf,-0.0295699354036057,8,0.00625,0.9875,not read,False
deepseek-r1-distill-llama-70b | 0 | NA | all-at-once | none,bjw_score | age,bjw_score,age,False,85,39,46,1.0,False,deepseek-r1-distill-llama-70b,0.0,,all-at-once,none,0.245498199279712,,,True,False,undetermined,-3.6131660383299007,1.7558639201582196,2.89076823095069,0.25,True,False,no population gap,single df,-0.2279821627647713,0.2410063974276553,inf,-0.9286510590858406,1.0747924452612447,inf,-0.0267395284294117,8,0.00625,0.9875,not read,False
deepseek-r1-distill-llama-70b | 0 | NA | all-at-once | none,gut_diff | political_identity,gut_diff,political_identity,False,85,11,53,1.0,False,deepseek-r1-distill-llama-70b,0.0,,all-at-once,none,-0.4387990762124711,,,True,False,undetermined,-1.0461630573376757,2.5315832974748966,2.4085752019119284,0.25,True,False,no population gap,single df,-0.3259005145797599,0.2084173948998822,inf,0.7427101200686106,0.7162066114260104,inf,-0.0158519853782289,8,0.00625,0.9875,not read,False
deepseek-r1-distill-llama-70b | 0 | NA | all-at-once | none,gut_diff | sex,gut_diff,sex,False,85,62,23,1.0,False,deepseek-r1-distill-llama-70b,0.0,,all-at-once,none,0.5272206303724927,,,True,False,undetermined,-1.5139845768883289,1.024503510969675,5.186080248260046,0.25,True,False,no population gap,single df,-0.1290322580645161,0.0585895085439109,inf,-0.2447405329593268,0.5081640147867098,inf,-0.002947273277777,8,0.00625,0.9875,not read,False
deepseek-r1-distill-llama-70b | 0 | NA | all-at-once | none,gut_diff | education,gut_diff,education,False,85,41,44,1.0,False,deepseek-r1-distill-llama-70b,0.0,,all-at-once,none,0.0322580645161287,,,True,False,undetermined,-1.2216746800862492,0.8092578286450074,4.924465384074174,0.25,True,False,no population gap,single df,-0.0066518847006651,0.0850440200634335,inf,-0.2062084257206209,0.4065596456151067,inf,-0.0070679707369193,8,0.00625,0.9875,not read,False
deepseek-r1-distill-llama-70b | 0 | NA | all-at-once | none,gut_diff | age,gut_diff,age,False,85,39,46,1.0,False,deepseek-r1-distill-llama-70b,0.0,,all-at-once,none,0.0530303030303027,,,True,False,undetermined,-1.2987750953461776,0.7101463328043716,3.412883562596672,0.25,True,False,no population gap,single df,-0.015607580824972,0.0842303922803333,inf,-0.294314381270903,0.4021533853962044,inf,-0.0044325174806389,8,0.00625,0.9875,not read,False
deepseek-r1-distill-llama-70b | 0 | NA | item-by-item | extensive,bjw_score | political_identity,bjw_score,political_identity,True,85,11,53,1.0,False,deepseek-r1-distill-llama-70b,0.0,,item-by-item,extensive,2.1291784702549568,,,True,False,kept or steepened,-0.8247376275749545,6.879626135293655,1.2724204174935967,0.25,True,False,no population gap,single df,6.445969125214411,0.6556881274697818,inf,3.0274442538593505,1.5422882777520266,inf,0.0447487500196967,8,0.00625,0.9875,not read,False
deepseek-r1-distill-llama-70b | 0 | NA | item-by-item | extensive,bjw_score | sex,bjw_score,sex,True,85,62,23,1.0,False,deepseek-r1-distill-llama-70b,0.0,,item-by-item,extensive,1.1154684095860572,,,True,False,undetermined,-3.4784932878944645,2.190975756337663,4.403411142197722,0.25,True,False,no population gap,single df,-0.7180925666199158,0.661061134374091,inf,-0.6437587657784007,1.134935462177802,inf,0.199646959299559,8,0.00625,0.9875,not read,False
deepseek-r1-distill-llama-70b | 0 | NA | item-by-item | extensive,bjw_score | education,bjw_score,education,True,85,41,44,1.0,False,deepseek-r1-distill-llama-70b,0.0,,item-by-item,extensive,0.6098715348208246,,,True,False,undetermined,-3.51943020478364,1.8797406260696696,3.2928006013723343,0.25,True,False,no population gap,single df,-0.5,0.6481798137528698,inf,-0.8198447893569849,1.080826157526246,inf,0.1855187616146119,8,0.00625,0.9875,not read,False
deepseek-r1-distill-llama-70b | 0 | NA | item-by-item | extensive,bjw_score | age,bjw_score,age,True,85,39,46,1.0,False,deepseek-r1-distill-llama-70b,0.0,,item-by-item,extensive,-0.6584633853541427,,,True,False,undetermined,-3.6131660383299007,1.7558639201582196,2.89076823095069,0.25,True,False,no population gap,single df,0.6114827201783726,0.6468705620607943,inf,-0.9286510590858406,1.0747924452612447,inf,0.1841588151003507,8,0.00625,0.9875,not read,False
deepseek-r1-distill-llama-70b | 0 | NA | item-by-item | extensive,gut_diff | political_identity,gut_diff,political_identity,True,85,11,53,1.0,False,deepseek-r1-distill-llama-70b,0.0,,item-by-item,extensive,3.1085450346420327,,,True,False,kept or steepened,-1.0461630573376757,2.5315832974748966,2.4085752019119284,0.25,True,False,no population gap,single df,2.308747855917668,0.3678384553093755,inf,0.7427101200686106,0.7162066114260104,inf,0.0494263463990719,8,0.00625,0.9875,not read,False
deepseek-r1-distill-llama-70b | 0 | NA | item-by-item | extensive,gut_diff | sex,gut_diff,sex,True,85,62,23,1.0,False,deepseek-r1-distill-llama-70b,0.0,,item-by-item,extensive,0.5587392550143262,,,True,False,undetermined,-1.5139845768883289,1.024503510969675,5.186080248260046,0.25,True,False,no population gap,single df,-0.1367461430575034,0.3561063681360066,inf,-0.2447405329593268,0.5081640147867098,inf,0.0284756909902062,8,0.00625,0.9875,not read,False
deepseek-r1-distill-llama-70b | 0 | NA | item-by-item | extensive,gut_diff | education,gut_diff,education,True,85,41,44,1.0,False,deepseek-r1-distill-llama-70b,0.0,,item-by-item,extensive,0.8736559139784944,,,True,False,undetermined,-1.2216746800862492,0.8092578286450074,4.924465384074174,0.25,True,False,no population gap,single df,-0.1801552106430155,0.3050046694252559,inf,-0.2062084257206209,0.4065596456151067,inf,0.0146707251211205,8,0.00625,0.9875,not read,False
deepseek-r1-distill-llama-70b | 0 | NA | item-by-item | extensive,gut_diff | age,gut_diff,age,True,85,39,46,1.0,False,deepseek-r1-distill-llama-70b,0.0,,item-by-item,extensive,-1.193181818181818,,,True,False,undetermined,-1.2987750953461776,0.7101463328043716,3.412883562596672,0.25,True,False,no population gap,single df,0.3511705685618729,0.3075016240668125,inf,-0.294314381270903,0.4021533853962044,inf,0.0150106638829526,8,0.00625,0.9875,not read,False
deepseek-r1-distill-llama-70b | 0 | NA | item-by-item | minimal,bjw_score | political_identity,bjw_score,political_identity,False,84,11,52,0.9882352941176472,False,deepseek-r1-distill-llama-70b,0.0,,item-by-item,minimal,0.0721834822401399,,,True,False,undetermined,-0.8247376275749545,6.879626135293655,1.2724204174935967,0.25,True,False,no population gap,single df,0.2185314685314701,0.3863991142734878,inf,3.0274442538593505,1.5422882777520266,inf,-0.3540900413685408,8,0.00625,0.9875,not read,False
deepseek-r1-distill-llama-70b | 0 | NA | item-by-item | minimal,bjw_score | sex,bjw_score,sex,True,84,61,23,0.9882352941176472,False,deepseek-r1-distill-llama-70b,0.0,,item-by-item,minimal,0.2325083038679947,,,True,False,undetermined,-3.4784932878944645,2.190975756337663,4.403411142197722,0.25,True,False,no population gap,single df,-0.1496792587312896,0.2279733534107257,inf,-0.6437587657784007,1.134935462177802,inf,-0.0609045126116064,8,0.00625,0.9875,not read,False
deepseek-r1-distill-llama-70b | 0 | NA | item-by-item | minimal,bjw_score | education,bjw_score,education,False,84,40,44,0.9882352941176472,False,deepseek-r1-distill-llama-70b,0.0,,item-by-item,minimal,0.1746450304259605,,,True,False,undetermined,-3.51943020478364,1.8797406260696696,3.2928006013723343,0.25,True,False,no population gap,single df,-0.1431818181818158,0.2456166563962448,inf,-0.8198447893569849,1.080826157526246,inf,-0.0324374361057901,8,0.00625,0.9875,not read,False
deepseek-r1-distill-llama-70b | 0 | NA | item-by-item | minimal,bjw_score | age,bjw_score,age,True,84,38,46,0.9882352941176472,False,deepseek-r1-distill-llama-70b,0.0,,item-by-item,minimal,-0.62096417514374,,,True,False,undetermined,-3.6131660383299007,1.7558639201582196,2.89076823095069,0.25,True,False,no population gap,single df,0.5766590389015995,0.2405156584906816,inf,-0.9286510590858406,1.0747924452612447,inf,-0.0146154318719173,8,0.00625,0.9875,not read,False
deepseek-r1-distill-llama-70b | 0 | NA | item-by-item | minimal,gut_diff | political_identity,gut_diff,political_identity,False,84,11,52,0.9882352941176472,False,deepseek-r1-distill-llama-70b,0.0,,item-by-item,minimal,-0.6143631195594244,,,True,False,undetermined,-1.0461630573376757,2.5315832974748966,2.4085752019119284,0.25,True,False,no population gap,single df,-0.4562937062937062,0.7146649024079235,inf,0.7427101200686106,0.7162066114260104,inf,-0.0499605303995926,8,0.00625,0.9875,not read,False
deepseek-r1-distill-llama-70b | 0 | NA | item-by-item | minimal,gut_diff | sex,gut_diff,sex,True,84,61,23,0.9882352941176472,False,deepseek-r1-distill-llama-70b,0.0,,item-by-item,minimal,1.4182911362675557,,,True,False,undetermined,-1.5139845768883289,1.024503510969675,5.186080248260046,0.25,True,False,no population gap,single df,-0.3471133285816108,0.4513733986225226,inf,-0.2447405329593268,0.5081640147867098,inf,-0.0236118478394311,8,0.00625,0.9875,not read,False
deepseek-r1-distill-llama-70b | 0 | NA | item-by-item | minimal,gut_diff | education,gut_diff,education,False,84,40,44,0.9882352941176472,False,deepseek-r1-distill-llama-70b,0.0,,item-by-item,minimal,2.094086021505376,,,True,False,undetermined,-1.2216746800862492,0.8092578286450074,4.924465384074174,0.25,True,False,no population gap,single df,-0.4318181818181819,0.3805288125959422,inf,-0.2062084257206209,0.4065596456151067,inf,-0.0173809464423262,8,0.00625,0.9875,not read,False
deepseek-r1-distill-llama-70b | 0 | NA | item-by-item | minimal,gut_diff | age,gut_diff,age,True,84,38,46,0.9882352941176472,False,deepseek-r1-distill-llama-70b,0.0,,item-by-item,minimal,-1.86214114832536,,,True,False,undetermined,-1.2987750953461776,0.7101463328043716,3.412883562596672,0.25,True,False,no population gap,single df,0.548054919908467,0.3987789495048129,inf,-0.294314381270903,0.4021533853962044,inf,-0.0201095999385814,8,0.00625,0.9875,not read,False
deepseek-r1-distill-llama-70b | 0 | NA | item-by-item | none,bjw_score | political_identity,bjw_score,political_identity,False,85,11,53,1.0,False,deepseek-r1-distill-llama-70b,0.0,,item-by-item,none,-0.006798866855524,,,True,False,undetermined,-0.8247376275749545,6.879626135293655,1.2724204174935967,0.25,True,False,no population gap,single df,-0.020583190394511,0.1868029304327122,inf,3.0274442538593505,1.5422882777520266,inf,-0.0332544897995456,8,0.00625,0.9875,not read,False
deepseek-r1-distill-llama-70b | 0 | NA | item-by-item | none,bjw_score | sex,bjw_score,sex,False,85,62,23,1.0,False,deepseek-r1-distill-llama-70b,0.0,,item-by-item,none,-0.3267973856209141,,,True,False,undetermined,-3.4784932878944645,2.190975756337663,4.403411142197722,0.25,True,False,no population gap,single df,0.2103786816269277,0.1662413663997649,inf,-0.6437587657784007,1.134935462177802,inf,0.0769066516004673,8,0.00625,0.9875,not read,False
deepseek-r1-distill-llama-70b | 0 | NA | item-by-item | none,bjw_score | education,bjw_score,education,False,85,41,44,1.0,False,deepseek-r1-distill-llama-70b,0.0,,item-by-item,none,-0.0507099391480745,,,True,False,undetermined,-3.51943020478364,1.8797406260696696,3.2928006013723343,0.25,True,False,no population gap,single df,0.0415742793791586,0.1338703143556265,inf,-0.8198447893569849,1.080826157526246,inf,0.0295894008302357,8,0.00625,0.9875,not read,False
deepseek-r1-distill-llama-70b | 0 | NA | item-by-item | none,bjw_score | age,bjw_score,age,False,85,39,46,1.0,False,deepseek-r1-distill-llama-70b,0.0,,item-by-item,none,0.0480192076830726,,,True,False,undetermined,-3.6131660383299007,1.7558639201582196,2.89076823095069,0.25,True,False,no population gap,single df,-0.0445930880713483,0.1390049495801137,inf,-0.9286510590858406,1.0747924452612447,inf,0.0241519479955719,8,0.00625,0.9875,not read,False
deepseek-r1-distill-llama-70b | 0 | NA | item-by-item | none,gut_diff | political_identity,gut_diff,political_identity,False,85,11,53,1.0,False,deepseek-r1-distill-llama-70b,0.0,,item-by-item,none,0.0715935334872979,,,True,False,undetermined,-1.0461630573376757,2.5315832974748966,2.4085752019119284,0.25,True,False,no population gap,single df,0.0531732418524871,0.1065378959988946,inf,0.7427101200686106,0.7162066114260104,inf,0.0178612967263187,8,0.00625,0.9875,not read,False
deepseek-r1-distill-llama-70b | 0 | NA | item-by-item | none,gut_diff | sex,gut_diff,sex,False,85,62,23,1.0,False,deepseek-r1-distill-llama-70b,0.0,,item-by-item,none,-0.3753581661891116,,,True,False,undetermined,-1.5139845768883289,1.024503510969675,5.186080248260046,0.25,True,False,no population gap,single df,0.0918653576437587,0.1108090460035068,inf,-0.2447405329593268,0.5081640147867098,inf,-0.0028938679361218,8,0.00625,0.9875,not read,False
deepseek-r1-distill-llama-70b | 0 | NA | item-by-item | none,gut_diff | education,gut_diff,education,False,85,41,44,1.0,False,deepseek-r1-distill-llama-70b,0.0,,item-by-item,none,-0.6935483870967739,,,True,False,undetermined,-1.2216746800862492,0.8092578286450074,4.924465384074174,0.25,True,False,no population gap,single df,0.1430155210643015,0.0853175435351167,inf,-0.2062084257206209,0.4065596456151067,inf,0.004366913571737,8,0.00625,0.9875,not read,False
deepseek-r1-distill-llama-70b | 0 | NA | item-by-item | none,gut_diff | age,gut_diff,age,False,85,39,46,1.0,False,deepseek-r1-distill-llama-70b,0.0,,item-by-item,none,-0.1742424242424242,,,True,False,undetermined,-1.2987750953461776,0.7101463328043716,3.412883562596672,0.25,True,False,no population gap,single df,0.0512820512820512,0.0921321216272232,inf,-0.294314381270903,0.4021533853962044,inf,0.0036060722530285,8,0.00625,0.9875,not read,False
deepseek-r1-distill-llama-70b | 0 | NA | scale-by-scale | extensive,bjw_score | political_identity,bjw_score,political_identity,True,85,11,53,1.0,False,deepseek-r1-distill-llama-70b,0.0,,scale-by-scale,extensive,2.031728045325778,,,True,False,kept or steepened,-0.8247376275749545,6.879626135293655,1.2724204174935967,0.25,True,False,no population gap,single df,6.150943396226417,0.7851890379168117,inf,3.0274442538593505,1.5422882777520266,inf,0.2777920593665985,8,0.00625,0.9875,not read,False
deepseek-r1-distill-llama-70b | 0 | NA | scale-by-scale | extensive,bjw_score | sex,bjw_score,sex,True,85,62,23,1.0,False,deepseek-r1-distill-llama-70b,0.0,,scale-by-scale,extensive,1.8856209150326817,,,True,False,undetermined,-3.4784932878944645,2.190975756337663,4.403411142197722,0.25,True,False,no population gap,single df,-1.2138849929873778,0.8343725011681603,inf,-0.6437587657784007,1.134935462177802,inf,0.2041319848718555,8,0.00625,0.9875,not read,False
deepseek-r1-distill-llama-70b | 0 | NA | scale-by-scale | extensive,bjw_score | education,bjw_score,education,True,85,41,44,1.0,False,deepseek-r1-distill-llama-70b,0.0,,scale-by-scale,extensive,1.0196078431372544,,,True,False,undetermined,-3.51943020478364,1.8797406260696696,3.2928006013723343,0.25,True,False,no population gap,single df,-0.835920177383592,0.8871023044217047,inf,-0.8198447893569849,1.080826157526246,inf,0.2801723779369228,8,0.00625,0.9875,not read,False
deepseek-r1-distill-llama-70b | 0 | NA | scale-by-scale | extensive,bjw_score | age,bjw_score,age,True,85,39,46,1.0,False,deepseek-r1-distill-llama-70b,0.0,,scale-by-scale,extensive,-1.034213685474191,,,True,False,undetermined,-3.6131660383299007,1.7558639201582196,2.89076823095069,0.25,True,False,no population gap,single df,0.960423634336678,0.9024564047628372,inf,-0.9286510590858406,1.0747924452612447,inf,0.2993709184756343,8,0.00625,0.9875,not read,False
deepseek-r1-distill-llama-70b | 0 | NA | scale-by-scale | extensive,gut_diff | political_identity,gut_diff,political_identity,True,85,11,53,1.0,False,deepseek-r1-distill-llama-70b,0.0,,scale-by-scale,extensive,2.5103926096997693,,,True,False,undetermined,-1.0461630573376757,2.5315832974748966,2.4085752019119284,0.25,True,False,no population gap,single df,1.864493996569468,0.2031062175528369,inf,0.7427101200686106,0.7162066114260104,inf,0.0077247634204103,8,0.00625,0.9875,not read,False
deepseek-r1-distill-llama-70b | 0 | NA | scale-by-scale | extensive,gut_diff | sex,gut_diff,sex,True,85,62,23,1.0,False,deepseek-r1-distill-llama-70b,0.0,,scale-by-scale,extensive,1.2063037249283663,,,True,False,undetermined,-1.5139845768883289,1.024503510969675,5.186080248260046,0.25,True,False,no population gap,single df,-0.2952314165497895,0.256098889477905,inf,-0.2447405329593268,0.5081640147867098,inf,0.0004300065546487,8,0.00625,0.9875,not read,False
deepseek-r1-distill-llama-70b | 0 | NA | scale-by-scale | extensive,gut_diff | education,gut_diff,education,True,85,41,44,1.0,False,deepseek-r1-distill-llama-70b,0.0,,scale-by-scale,extensive,0.5456989247311825,,,True,False,undetermined,-1.2216746800862492,0.8092578286450074,4.924465384074174,0.25,True,False,no population gap,single df,-0.1125277161862527,0.2379487638313903,inf,-0.2062084257206209,0.4065596456151067,inf,0.0023294407852687,8,0.00625,0.9875,not read,False
deepseek-r1-distill-llama-70b | 0 | NA | scale-by-scale | extensive,gut_diff | age,gut_diff,age,True,85,39,46,1.0,False,deepseek-r1-distill-llama-70b,0.0,,scale-by-scale,extensive,0.1458333333333333,,,True,False,undetermined,-1.2987750953461776,0.7101463328043716,3.412883562596672,0.25,True,False,no population gap,single df,-0.0429208472686733,0.2425146067803223,inf,-0.294314381270903,0.4021533853962044,inf,0.0068767541518809,8,0.00625,0.9875,not read,False
deepseek-r1-distill-llama-70b | 0 | NA | scale-by-scale | minimal,bjw_score | political_identity,bjw_score,political_identity,False,85,11,53,1.0,False,deepseek-r1-distill-llama-70b,0.0,,scale-by-scale,minimal,-0.1779036827195462,,,True,False,reversed to attenuated,-0.8247376275749545,6.879626135293655,1.2724204174935967,0.25,True,False,no population gap,single df,-0.5385934819897074,0.5539807782426746,inf,3.0274442538593505,1.5422882777520266,inf,0.4010531867246727,8,0.00625,0.9875,not read,False
deepseek-r1-distill-llama-70b | 0 | NA | scale-by-scale | minimal,bjw_score | sex,bjw_score,sex,True,85,62,23,1.0,False,deepseek-r1-distill-llama-70b,0.0,,scale-by-scale,minimal,1.206971677559912,,,True,False,undetermined,-3.4784932878944645,2.190975756337663,4.403411142197722,0.25,True,False,no population gap,single df,-0.7769985974754547,0.5266974722556443,inf,-0.6437587657784007,1.134935462177802,inf,0.0963792042453427,8,0.00625,0.9875,not read,False
deepseek-r1-distill-llama-70b | 0 | NA | scale-by-scale | minimal,bjw_score | education,bjw_score,education,False,85,41,44,1.0,False,deepseek-r1-distill-llama-70b,0.0,,scale-by-scale,minimal,-0.0311020960108158,,,True,False,undetermined,-3.51943020478364,1.8797406260696696,3.2928006013723343,0.25,True,False,no population gap,single df,0.025498891352548,0.4728323574444272,inf,-0.8198447893569849,1.080826157526246,inf,0.0601733626620906,8,0.00625,0.9875,not read,False
deepseek-r1-distill-llama-70b | 0 | NA | scale-by-scale | minimal,bjw_score | age,bjw_score,age,True,85,39,46,1.0,False,deepseek-r1-distill-llama-70b,0.0,,scale-by-scale,minimal,-1.4249699879951998,,,True,False,undetermined,-3.6131660383299007,1.7558639201582196,2.89076823095069,0.25,True,False,no population gap,single df,1.3232998885172798,0.4638699772092116,inf,-0.9286510590858406,1.0747924452612447,inf,0.0875411200967151,8,0.00625,0.9875,not read,False
deepseek-r1-distill-llama-70b | 0 | NA | scale-by-scale | minimal,gut_diff | political_identity,gut_diff,political_identity,False,85,11,53,1.0,False,deepseek-r1-distill-llama-70b,0.0,,scale-by-scale,minimal,-0.1501154734411085,,,True,False,undetermined,-1.0461630573376757,2.5315832974748966,2.4085752019119284,0.25,True,False,no population gap,single df,-0.111492281303602,0.2263183027053253,inf,0.7427101200686106,0.7162066114260104,inf,-0.0280149944417129,8,0.00625,0.9875,not read,False
deepseek-r1-distill-llama-70b | 0 | NA | scale-by-scale | minimal,gut_diff | sex,gut_diff,sex,True,85,62,23,1.0,False,deepseek-r1-distill-llama-70b,0.0,,scale-by-scale,minimal,-0.1747851002865331,,,True,False,undetermined,-1.5139845768883289,1.024503510969675,5.186080248260046,0.25,True,False,no population gap,single df,0.0427769985974755,0.1704373663257069,inf,-0.2447405329593268,0.5081640147867098,inf,0.0057538380834301,8,0.00625,0.9875,not read,False
deepseek-r1-distill-llama-70b | 0 | NA | scale-by-scale | minimal,gut_diff | education,gut_diff,education,False,85,41,44,1.0,False,deepseek-r1-distill-llama-70b,0.0,,scale-by-scale,minimal,0.1532258064516129,,,True,False,undetermined,-1.2216746800862492,0.8092578286450074,4.924465384074174,0.25,True,False,no population gap,single df,-0.0315964523281596,0.1425156851195248,inf,-0.2062084257206209,0.4065596456151067,inf,0.000800643699511,8,0.00625,0.9875,not read,False
deepseek-r1-distill-llama-70b | 0 | NA | scale-by-scale | minimal,gut_diff | age,gut_diff,age,True,85,39,46,1.0,False,deepseek-r1-distill-llama-70b,0.0,,scale-by-scale,minimal,-0.2310606060606061,,,True,False,undetermined,-1.2987750953461776,0.7101463328043716,3.412883562596672,0.25,True,False,no population gap,single df,0.0680044593088071,0.1420902475182802,inf,-0.294314381270903,0.4021533853962044,inf,-0.0003785785290787,8,0.00625,0.9875,not read,False
deepseek-r1-distill-llama-70b | 0 | NA | scale-by-scale | none,bjw_score | political_identity,bjw_score,political_identity,False,85,11,53,1.0,False,deepseek-r1-distill-llama-70b,0.0,,scale-by-scale,none,-0.5926345609065142,,,True,False,reversed or missing,-0.8247376275749545,6.879626135293655,1.2724204174935967,0.25,True,False,no population gap,single df,-1.7941680960548858,0.5414909185525038,inf,3.0274442538593505,1.5422882777520266,inf,-0.0528161639218724,8,0.00625,0.9875,not read,False
deepseek-r1-distill-llama-70b | 0 | NA | scale-by-scale | none,bjw_score | sex,bjw_score,sex,False,85,62,23,1.0,False,deepseek-r1-distill-llama-70b,0.0,,scale-by-scale,none,-1.1840958605664482,,,True,False,undetermined,-3.4784932878944645,2.190975756337663,4.403411142197722,0.25,True,False,no population gap,single df,0.76227208976157,0.5557860327567814,inf,-0.6437587657784007,1.134935462177802,inf,-0.1757814515241339,8,0.00625,0.9875,not read,False
deepseek-r1-distill-llama-70b | 0 | NA | scale-by-scale | none,bjw_score | education,bjw_score,education,False,85,41,44,1.0,False,deepseek-r1-distill-llama-70b,0.0,,scale-by-scale,none,0.0432724814063596,,,True,False,undetermined,-3.51943020478364,1.8797406260696696,3.2928006013723343,0.25,True,False,no population gap,single df,-0.0354767184035509,0.5244008054898484,inf,-0.8198447893569849,1.080826157526246,inf,-0.1192067004580111,8,0.00625,0.9875,not read,False
deepseek-r1-distill-llama-70b | 0 | NA | scale-by-scale | none,bjw_score | age,bjw_score,age,False,85,39,46,1.0,False,deepseek-r1-distill-llama-70b,0.0,,scale-by-scale,none,-0.4885954381752703,,,True,False,undetermined,-3.6131660383299007,1.7558639201582196,2.89076823095069,0.25,True,False,no population gap,single df,0.4537346711259751,0.5038995721832076,inf,-0.9286510590858406,1.0747924452612447,inf,-0.1196581818221164,8,0.00625,0.9875,not read,False
deepseek-r1-distill-llama-70b | 0 | NA | scale-by-scale | none,gut_diff | political_identity,gut_diff,political_identity,False,85,11,53,1.0,False,deepseek-r1-distill-llama-70b,0.0,,scale-by-scale,none,-0.4203233256351039,,,True,False,undetermined,-1.0461630573376757,2.5315832974748966,2.4085752019119284,0.25,True,False,no population gap,single df,-0.3121783876500857,0.2813704430755877,inf,0.7427101200686106,0.7162066114260104,inf,0.0887867831270692,8,0.00625,0.9875,not read,False
deepseek-r1-distill-llama-70b | 0 | NA | scale-by-scale | none,gut_diff | sex,gut_diff,sex,False,85,62,23,1.0,False,deepseek-r1-distill-llama-70b,0.0,,scale-by-scale,none,0.1346704871060171,,,True,False,undetermined,-1.5139845768883289,1.024503510969675,5.186080248260046,0.25,True,False,no population gap,single df,-0.0329593267882187,0.1671130381444539,inf,-0.2447405329593268,0.5081640147867098,inf,-0.0002157354636901,8,0.00625,0.9875,not read,False
deepseek-r1-distill-llama-70b | 0 | NA | scale-by-scale | none,gut_diff | education,gut_diff,education,False,85,41,44,1.0,False,deepseek-r1-distill-llama-70b,0.0,,scale-by-scale,none,0.2715053763440861,,,True,False,undetermined,-1.2216746800862492,0.8092578286450074,4.924465384074174,0.25,True,False,no population gap,single df,-0.0559866962305987,0.1407514629996739,inf,-0.2062084257206209,0.4065596456151067,inf,0.0021047740956127,8,0.00625,0.9875,not read,False
deepseek-r1-distill-llama-70b | 0 | NA | scale-by-scale | none,gut_diff | age,gut_diff,age,False,85,39,46,1.0,False,deepseek-r1-distill-llama-70b,0.0,,scale-by-scale,none,0.178030303030303,,,True,False,undetermined,-1.2987750953461776,0.7101463328043716,3.412883562596672,0.25,True,False,no population gap,single df,-0.052396878483835,0.1433640305459564,inf,-0.294314381270903,0.4021533853962044,inf,0.0041005168361229,8,0.00625,0.9875,not read,False
deepseek-r1-distill-llama-70b | 0.5 | NA | all-at-once | extensive,bjw_score | political_identity,bjw_score,political_identity,True,85,11,53,1.0,False,deepseek-r1-distill-llama-70b,0.5,,all-at-once,extensive,2.117280453257789,,,True,False,kept or steepened,-0.8247376275749545,6.879626135293655,1.2724204174935967,0.25,True,False,no population gap,single df,6.409948542024015,0.9806772765241264,inf,3.0274442538593505,1.5422882777520266,inf,0.4130577360520907,8,0.00625,0.9875,not read,False
deepseek-r1-distill-llama-70b | 0.5 | NA | all-at-once | extensive,bjw_score | sex,bjw_score,sex,True,85,62,23,1.0,False,deepseek-r1-distill-llama-70b,0.5,,all-at-once,extensive,0.6960784313725495,,,True,False,undetermined,-3.4784932878944645,2.190975756337663,4.403411142197722,0.25,True,False,no population gap,single df,-0.4481065918653577,0.8284415643866136,inf,-0.6437587657784007,1.134935462177802,inf,0.1452623980348861,8,0.00625,0.9875,not read,False
deepseek-r1-distill-llama-70b | 0.5 | NA | all-at-once | extensive,bjw_score | education,bjw_score,education,True,85,41,44,1.0,False,deepseek-r1-distill-llama-70b,0.5,,all-at-once,extensive,1.3062880324543598,,,True,False,undetermined,-3.51943020478364,1.8797406260696696,3.2928006013723343,0.25,True,False,no population gap,single df,-1.0709534368070948,0.8814610240788011,inf,-0.8198447893569849,1.080826157526246,inf,0.3308952754757362,8,0.00625,0.9875,not read,False
deepseek-r1-distill-llama-70b | 0.5 | NA | all-at-once | extensive,bjw_score | age,bjw_score,age,True,85,39,46,1.0,False,deepseek-r1-distill-llama-70b,0.5,,all-at-once,extensive,0.2569027611044398,,,True,False,undetermined,-3.6131660383299007,1.7558639201582196,2.89076823095069,0.25,True,False,no population gap,single df,-0.2385730211817147,0.882778553795965,inf,-0.9286510590858406,1.0747924452612447,inf,0.2866248014155235,8,0.00625,0.9875,not read,False
deepseek-r1-distill-llama-70b | 0.5 | NA | all-at-once | extensive,gut_diff | political_identity,gut_diff,political_identity,True,85,11,53,1.0,False,deepseek-r1-distill-llama-70b,0.5,,all-at-once,extensive,2.459584295612009,,,True,False,undetermined,-1.0461630573376757,2.5315832974748966,2.4085752019119284,0.25,True,False,no population gap,single df,1.8267581475128645,0.1304330726984107,inf,0.7427101200686106,0.7162066114260104,inf,0.0217373337679862,8,0.00625,0.9875,not read,False
deepseek-r1-distill-llama-70b | 0.5 | NA | all-at-once | extensive,gut_diff | sex,gut_diff,sex,True,85,62,23,1.0,False,deepseek-r1-distill-llama-70b,0.5,,all-at-once,extensive,0.8968481375358164,,,True,False,undetermined,-1.5139845768883289,1.024503510969675,5.186080248260046,0.25,True,False,no population gap,single df,-0.2194950911640953,0.2343442459993004,inf,-0.2447405329593268,0.5081640147867098,inf,-0.006672783966338,8,0.00625,0.9875,not read,False
deepseek-r1-distill-llama-70b | 0.5 | NA | all-at-once | extensive,gut_diff | education,gut_diff,education,True,85,41,44,1.0,False,deepseek-r1-distill-llama-70b,0.5,,all-at-once,extensive,0.4274193548387093,,,True,False,undetermined,-1.2216746800862492,0.8092578286450074,4.924465384074174,0.25,True,False,no population gap,single df,-0.0881374722838137,0.2169815070846419,inf,-0.2062084257206209,0.4065596456151067,inf,-0.0029395100034678,8,0.00625,0.9875,not read,False
deepseek-r1-distill-llama-70b | 0.5 | NA | all-at-once | extensive,gut_diff | age,gut_diff,age,True,85,39,46,1.0,False,deepseek-r1-distill-llama-70b,0.5,,all-at-once,extensive,0.0587121212121211,,,True,False,undetermined,-1.2987750953461776,0.7101463328043716,3.412883562596672,0.25,True,False,no population gap,single df,-0.0172798216276476,0.2177195235714626,inf,-0.294314381270903,0.4021533853962044,inf,0.0001641884916908,8,0.00625,0.9875,not read,False
deepseek-r1-distill-llama-70b | 0.5 | NA | all-at-once | minimal,bjw_score | political_identity,bjw_score,political_identity,False,85,11,53,1.0,False,deepseek-r1-distill-llama-70b,0.5,,all-at-once,minimal,-0.0532577903682713,,,True,False,undetermined,-0.8247376275749545,6.879626135293655,1.2724204174935967,0.25,True,False,no population gap,single df,-0.1612349914236688,0.5170817584882932,inf,3.0274442538593505,1.5422882777520266,inf,-0.0075048226031549,8,0.00625,0.9875,not read,False
deepseek-r1-distill-llama-70b | 0.5 | NA | all-at-once | minimal,bjw_score | sex,bjw_score,sex,True,85,62,23,1.0,False,deepseek-r1-distill-llama-70b,0.5,,all-at-once,minimal,0.0969498910675385,,,True,False,undetermined,-3.4784932878944645,2.190975756337663,4.403411142197722,0.25,True,False,no population gap,single df,-0.062412342215989,0.4576239386519016,inf,-0.6437587657784007,1.134935462177802,inf,-0.1657967336246811,8,0.00625,0.9875,not read,False
deepseek-r1-distill-llama-70b | 0.5 | NA | all-at-once | minimal,bjw_score | education,bjw_score,education,False,85,41,44,1.0,False,deepseek-r1-distill-llama-70b,0.5,,all-at-once,minimal,-1.0567951318458422,,,True,False,undetermined,-3.51943020478364,1.8797406260696696,3.2928006013723343,0.25,True,False,no population gap,single df,0.8664079822616415,0.3829039886500683,inf,-0.8198447893569849,1.080826157526246,inf,-0.1073129924462248,8,0.00625,0.9875,not read,False
deepseek-r1-distill-llama-70b | 0.5 | NA | all-at-once | minimal,bjw_score | age,bjw_score,age,True,85,39,46,1.0,False,deepseek-r1-distill-llama-70b,0.5,,all-at-once,minimal,-1.1686674669867974,,,True,False,undetermined,-3.6131660383299007,1.7558639201582196,2.89076823095069,0.25,True,False,no population gap,single df,1.085284280936456,0.3715444402708296,inf,-0.9286510590858406,1.0747924452612447,inf,-0.0941064708338641,8,0.00625,0.9875,not read,False
deepseek-r1-distill-llama-70b | 0.5 | NA | all-at-once | minimal,gut_diff | political_identity,gut_diff,political_identity,False,85,11,53,1.0,False,deepseek-r1-distill-llama-70b,0.5,,all-at-once,minimal,-0.3187066974595843,,,True,False,undetermined,-1.0461630573376757,2.5315832974748966,2.4085752019119284,0.25,True,False,no population gap,single df,-0.2367066895368782,0.2981448620704047,inf,0.7427101200686106,0.7162066114260104,inf,0.0179511309300457,8,0.00625,0.9875,not read,False
deepseek-r1-distill-llama-70b | 0.5 | NA | all-at-once | minimal,gut_diff | sex,gut_diff,sex,True,85,62,23,1.0,False,deepseek-r1-distill-llama-70b,0.5,,all-at-once,minimal,1.7220630372492831,,,True,False,undetermined,-1.5139845768883289,1.024503510969675,5.186080248260046,0.25,True,False,no population gap,single df,-0.4214586255259467,0.1473515782501488,inf,-0.2447405329593268,0.5081640147867098,inf,-0.0027046650342762,8,0.00625,0.9875,not read,False
deepseek-r1-distill-llama-70b | 0.5 | NA | all-at-once | minimal,gut_diff | education,gut_diff,education,False,85,41,44,1.0,False,deepseek-r1-distill-llama-70b,0.5,,all-at-once,minimal,-0.0188172043010753,,,True,False,undetermined,-1.2216746800862492,0.8092578286450074,4.924465384074174,0.25,True,False,no population gap,single df,0.003880266075388,0.1738919654836929,inf,-0.2062084257206209,0.4065596456151067,inf,0.0056437161100742,8,0.00625,0.9875,not read,False
deepseek-r1-distill-llama-70b | 0.5 | NA | all-at-once | minimal,gut_diff | age,gut_diff,age,True,85,39,46,1.0,False,deepseek-r1-distill-llama-70b,0.5,,all-at-once,minimal,-0.6212121212121211,,,True,False,undetermined,-1.2987750953461776,0.7101463328043716,3.412883562596672,0.25,True,False,no population gap,single df,0.1828316610925306,0.1717008918249683,inf,-0.294314381270903,0.4021533853962044,inf,0.0027738935298219,8,0.00625,0.9875,not read,False
deepseek-r1-distill-llama-70b | 0.5 | NA | all-at-once | none,bjw_score | political_identity,bjw_score,political_identity,False,85,11,53,1.0,False,deepseek-r1-distill-llama-70b,0.5,,all-at-once,none,-0.1337110481586399,,,True,False,undetermined,-0.8247376275749545,6.879626135293655,1.2724204174935967,0.25,True,False,no population gap,single df,-0.4048027444253854,0.6631534252341951,inf,3.0274442538593505,1.5422882777520266,inf,0.0758116582908891,8,0.00625,0.9875,not read,False
deepseek-r1-distill-llama-70b | 0.5 | NA | all-at-once | none,bjw_score | sex,bjw_score,sex,False,85,62,23,1.0,False,deepseek-r1-distill-llama-70b,0.5,,all-at-once,none,0.727668845315903,,,True,False,undetermined,-3.4784932878944645,2.190975756337663,4.403411142197722,0.25,True,False,no population gap,single df,-0.4684431977559598,0.4881011498824646,inf,-0.6437587657784007,1.134935462177802,inf,-0.0149838492393228,8,0.00625,0.9875,not read,False
deepseek-r1-distill-llama-70b | 0.5 | NA | all-at-once | none,bjw_score | education,bjw_score,education,False,85,41,44,1.0,False,deepseek-r1-distill-llama-70b,0.5,,all-at-once,none,0.5267072346179869,,,True,False,undetermined,-3.51943020478364,1.8797406260696696,3.2928006013723343,0.25,True,False,no population gap,single df,-0.4318181818181834,0.4919081272876771,inf,-0.8198447893569849,1.080826157526246,inf,-0.0060606614360517,8,0.00625,0.9875,not read,False
deepseek-r1-distill-llama-70b | 0.5 | NA | all-at-once | none,bjw_score | age,bjw_score,age,False,85,39,46,1.0,False,deepseek-r1-distill-llama-70b,0.5,,all-at-once,none,-0.2184873949579825,,,True,False,undetermined,-3.6131660383299007,1.7558639201582196,2.89076823095069,0.25,True,False,no population gap,single df,0.2028985507246368,0.4692553145353728,inf,-0.9286510590858406,1.0747924452612447,inf,-0.00936185534094,8,0.00625,0.9875,not read,False
deepseek-r1-distill-llama-70b | 0.5 | NA | all-at-once | none,gut_diff | political_identity,gut_diff,political_identity,False,85,11,53,1.0,False,deepseek-r1-distill-llama-70b,0.5,,all-at-once,none,0.2424942263279446,,,True,False,undetermined,-1.0461630573376757,2.5315832974748966,2.4085752019119284,0.25,True,False,no population gap,single df,0.1801029159519726,0.1666674956704455,inf,0.7427101200686106,0.7162066114260104,inf,0.0085726795904518,8,0.00625,0.9875,not read,False
deepseek-r1-distill-llama-70b | 0.5 | NA | all-at-once | none,gut_diff | sex,gut_diff,sex,False,85,62,23,1.0,False,deepseek-r1-distill-llama-70b,0.5,,all-at-once,none,-0.7478510028653291,,,True,False,undetermined,-1.5139845768883289,1.024503510969675,5.186080248260046,0.25,True,False,no population gap,single df,0.1830294530154277,0.1675795398003088,inf,-0.2447405329593268,0.5081640147867098,inf,0.0148448883418227,8,0.00625,0.9875,not read,False
deepseek-r1-distill-llama-70b | 0.5 | NA | all-at-once | none,gut_diff | education,gut_diff,education,False,85,41,44,1.0,False,deepseek-r1-distill-llama-70b,0.5,,all-at-once,none,0.4758064516129026,,,True,False,undetermined,-1.2216746800862492,0.8092578286450074,4.924465384074174,0.25,True,False,no population gap,single df,-0.0981152993348114,0.1235860395477476,inf,-0.2062084257206209,0.4065596456151067,inf,0.0050105303627766,8,0.00625,0.9875,not read,False
deepseek-r1-distill-llama-70b | 0.5 | NA | all-at-once | none,gut_diff | age,gut_diff,age,False,85,39,46,1.0,False,deepseek-r1-distill-llama-70b,0.5,,all-at-once,none,0.2992424242424242,,,True,False,undetermined,-1.2987750953461776,0.7101463328043716,3.412883562596672,0.25,True,False,no population gap,single df,-0.0880713489409141,0.1293534123721747,inf,-0.294314381270903,0.4021533853962044,inf,0.0032928101527915,8,0.00625,0.9875,not read,False
deepseek-r1-distill-llama-70b | 0.5 | NA | item-by-item | extensive,bjw_score | political_identity,bjw_score,political_identity,True,85,11,53,1.0,False,deepseek-r1-distill-llama-70b,0.5,,item-by-item,extensive,1.9603399433427744,,,True,False,kept or steepened,-0.8247376275749545,6.879626135293655,1.2724204174935967,0.25,True,False,no population gap,single df,5.934819897084047,0.7429952677498832,inf,3.0274442538593505,1.5422882777520266,inf,0.0357680596222863,8,0.00625,0.9875,not read,False
deepseek-r1-distill-llama-70b | 0.5 | NA | item-by-item | extensive,bjw_score | sex,bjw_score,sex,True,85,62,23,1.0,False,deepseek-r1-distill-llama-70b,0.5,,item-by-item,extensive,1.173202614379086,,,True,False,undetermined,-3.4784932878944645,2.190975756337663,4.403411142197722,0.25,True,False,no population gap,single df,-0.7552594670406734,0.6411580284056464,inf,-0.6437587657784007,1.134935462177802,inf,0.0781632150342643,8,0.00625,0.9875,not read,False
deepseek-r1-distill-llama-70b | 0.5 | NA | item-by-item | extensive,bjw_score | education,bjw_score,education,True,85,41,44,1.0,False,deepseek-r1-distill-llama-70b,0.5,,item-by-item,extensive,0.6734279918864079,,,True,False,undetermined,-3.51943020478364,1.8797406260696696,3.2928006013723343,0.25,True,False,no population gap,single df,-0.5521064301552094,0.6345593098693547,inf,-0.8198447893569849,1.080826157526246,inf,0.1363221228290037,8,0.00625,0.9875,not read,False
deepseek-r1-distill-llama-70b | 0.5 | NA | item-by-item | extensive,bjw_score | age,bjw_score,age,True,85,39,46,1.0,False,deepseek-r1-distill-llama-70b,0.5,,item-by-item,extensive,-0.1356542617046814,,,True,False,undetermined,-3.6131660383299007,1.7558639201582196,2.89076823095069,0.25,True,False,no population gap,single df,0.1259754738015601,0.6269358374841796,inf,-0.9286510590858406,1.0747924452612447,inf,0.1273059023952062,8,0.00625,0.9875,not read,False
deepseek-r1-distill-llama-70b | 0.5 | NA | item-by-item | extensive,gut_diff | political_identity,gut_diff,political_identity,True,85,11,53,1.0,False,deepseek-r1-distill-llama-70b,0.5,,item-by-item,extensive,4.180138568129331,,,True,False,steepened,-1.0461630573376757,2.5315832974748966,2.4085752019119284,0.25,True,False,no population gap,single df,3.104631217838765,0.4570222395753288,inf,0.7427101200686106,0.7162066114260104,inf,0.1150290209271348,8,0.00625,0.9875,not read,False
deepseek-r1-distill-llama-70b | 0.5 | NA | item-by-item | extensive,gut_diff | sex,gut_diff,sex,True,85,62,23,1.0,False,deepseek-r1-distill-llama-70b,0.5,,item-by-item,extensive,1.1833810888252148,,,True,False,undetermined,-1.5139845768883289,1.024503510969675,5.186080248260046,0.25,True,False,no population gap,single df,-0.2896213183730716,0.3397445225264248,inf,-0.2447405329593268,0.5081640147867098,inf,-0.0178375477857578,8,0.00625,0.9875,not read,False
deepseek-r1-distill-llama-70b | 0.5 | NA | item-by-item | extensive,gut_diff | education,gut_diff,education,True,85,41,44,1.0,False,deepseek-r1-distill-llama-70b,0.5,,item-by-item,extensive,0.494623655913978,,,True,False,undetermined,-1.2216746800862492,0.8092578286450074,4.924465384074174,0.25,True,False,no population gap,single df,-0.1019955654101995,0.3188443392749465,inf,-0.2062084257206209,0.4065596456151067,inf,0.0041930885514656,8,0.00625,0.9875,not read,False
deepseek-r1-distill-llama-70b | 0.5 | NA | item-by-item | extensive,gut_diff | age,gut_diff,age,True,85,39,46,1.0,False,deepseek-r1-distill-llama-70b,0.5,,item-by-item,extensive,-0.0454545454545454,,,True,False,undetermined,-1.2987750953461776,0.7101463328043716,3.412883562596672,0.25,True,False,no population gap,single df,0.0133779264214046,0.3223063090989399,inf,-0.294314381270903,0.4021533853962044,inf,0.0032503991448473,8,0.00625,0.9875,not read,False
deepseek-r1-distill-llama-70b | 0.5 | NA | item-by-item | minimal,bjw_score | political_identity,bjw_score,political_identity,False,82,10,51,0.9647058823529412,False,deepseek-r1-distill-llama-70b,0.5,,item-by-item,minimal,-0.1735755151919129,,,True,False,undetermined,-0.8247376275749545,6.879626135293655,1.2724204174935967,0.25,True,False,no population gap,single df,-0.5254901960784331,0.4589825204215018,inf,3.0274442538593505,1.5422882777520266,inf,-0.1124584437849746,8,0.00625,0.9875,not read,False
deepseek-r1-distill-llama-70b | 0.5 | NA | item-by-item | minimal,bjw_score | sex,bjw_score,sex,True,82,60,22,0.9647058823529412,False,deepseek-r1-distill-llama-70b,0.5,,item-by-item,minimal,0.2588961510530158,,,True,False,undetermined,-3.4784932878944645,2.190975756337663,4.403411142197722,0.25,True,False,no population gap,single df,-0.1666666666666678,0.330755571369588,inf,-0.6437587657784007,1.134935462177802,inf,0.0027214347616701,8,0.00625,0.9875,not read,False
deepseek-r1-distill-llama-70b | 0.5 | NA | item-by-item | minimal,bjw_score | education,bjw_score,education,False,82,39,43,0.9647058823529412,False,deepseek-r1-distill-llama-70b,0.5,,item-by-item,minimal,-0.9098977818257056,,,True,False,undetermined,-3.51943020478364,1.8797406260696696,3.2928006013723343,0.25,True,False,no population gap,single df,0.7459749552772834,0.2680325755661499,inf,-0.8198447893569849,1.080826157526246,inf,0.0132014979893093,8,0.00625,0.9875,not read,False
deepseek-r1-distill-llama-70b | 0.5 | NA | item-by-item | minimal,bjw_score | age,bjw_score,age,True,82,36,46,0.9647058823529412,False,deepseek-r1-distill-llama-70b,0.5,,item-by-item,minimal,-0.7673069227691096,,,True,False,undetermined,-3.6131660383299007,1.7558639201582196,2.89076823095069,0.25,True,False,no population gap,single df,0.7125603864734309,0.2671869888319902,inf,-0.9286510590858406,1.0747924452612447,inf,0.002643045925977,8,0.00625,0.9875,not read,False
deepseek-r1-distill-llama-70b | 0.5 | NA | item-by-item | minimal,gut_diff | political_identity,gut_diff,political_identity,False,82,10,51,0.9647058823529412,False,deepseek-r1-distill-llama-70b,0.5,,item-by-item,minimal,-0.3590454195535029,,,True,False,undetermined,-1.0461630573376757,2.5315832974748966,2.4085752019119284,0.25,True,False,no population gap,single df,-0.2666666666666668,0.769691020932722,inf,0.7427101200686106,0.7162066114260104,inf,0.0901038277330835,8,0.00625,0.9875,not read,False
deepseek-r1-distill-llama-70b | 0.5 | NA | item-by-item | minimal,gut_diff | sex,gut_diff,sex,True,82,60,22,0.9647058823529412,False,deepseek-r1-distill-llama-70b,0.5,,item-by-item,minimal,-1.2195971173048537,,,True,False,undetermined,-1.5139845768883289,1.024503510969675,5.186080248260046,0.25,True,False,no population gap,single df,0.2984848484848486,0.4413498911211927,inf,-0.2447405329593268,0.5081640147867098,inf,0.0083757108444948,8,0.00625,0.9875,not read,False
deepseek-r1-distill-llama-70b | 0.5 | NA | item-by-item | minimal,gut_diff | education,gut_diff,education,False,82,39,43,0.9647058823529412,False,deepseek-r1-distill-llama-70b,0.5,,item-by-item,minimal,-0.7287206416988864,,,True,False,undetermined,-1.2216746800862492,0.8092578286450074,4.924465384074174,0.25,True,False,no population gap,single df,0.150268336314848,0.3997609580321737,inf,-0.2062084257206209,0.4065596456151067,inf,0.0201212561013,8,0.00625,0.9875,not read,False
deepseek-r1-distill-llama-70b | 0.5 | NA | item-by-item | minimal,gut_diff | age,gut_diff,age,True,82,36,46,0.9647058823529412,False,deepseek-r1-distill-llama-70b,0.5,,item-by-item,minimal,-4.321022727272728,,,True,False,reversed,-1.2987750953461776,0.7101463328043716,3.412883562596672,0.25,True,False,no population gap,single df,1.2717391304347827,0.3837293385529041,inf,-0.294314381270903,0.4021533853962044,inf,0.0197374371173141,8,0.00625,0.9875,not read,False
deepseek-r1-distill-llama-70b | 0.5 | NA | item-by-item | none,bjw_score | political_identity,bjw_score,political_identity,False,84,11,53,0.9882352941176472,False,deepseek-r1-distill-llama-70b,0.5,,item-by-item,none,-0.2147308781869691,,,True,False,undetermined,-0.8247376275749545,6.879626135293655,1.2724204174935967,0.25,True,False,no population gap,single df,-0.6500857632933119,0.4086387247662197,inf,3.0274442538593505,1.5422882777520266,inf,0.0097216028432695,8,0.00625,0.9875,not read,False
deepseek-r1-distill-llama-70b | 0.5 | NA | item-by-item | none,bjw_score | sex,bjw_score,sex,False,84,61,23,0.9882352941176472,False,deepseek-r1-distill-llama-70b,0.5,,item-by-item,none,0.2513304046573068,,,True,False,undetermined,-3.4784932878944645,2.190975756337663,4.403411142197722,0.25,True,False,no population gap,single df,-0.1617961511047738,0.3099756252810213,inf,-0.6437587657784007,1.134935462177802,inf,0.0553953500247045,8,0.00625,0.9875,not read,False
deepseek-r1-distill-llama-70b | 0.5 | NA | item-by-item | none,bjw_score | education,bjw_score,education,False,84,41,43,0.9882352941176472,False,deepseek-r1-distill-llama-70b,0.5,,item-by-item,none,-0.0449706747173627,,,True,False,undetermined,-3.51943020478364,1.8797406260696696,3.2928006013723343,0.25,True,False,no population gap,single df,0.0368689733408977,0.2941872828373805,inf,-0.8198447893569849,1.080826157526246,inf,-0.0088353990235221,8,0.00625,0.9875,not read,False
deepseek-r1-distill-llama-70b | 0.5 | NA | item-by-item | none,bjw_score | age,bjw_score,age,False,84,39,45,0.9882352941176472,False,deepseek-r1-distill-llama-70b,0.5,,item-by-item,none,0.0865146058423367,,,True,False,undetermined,-3.6131660383299007,1.7558639201582196,2.89076823095069,0.25,True,False,no population gap,single df,-0.08034188034188,0.2809822842840174,inf,-0.9286510590858406,1.0747924452612447,inf,-0.0035544254121035,8,0.00625,0.9875,not read,False
deepseek-r1-distill-llama-70b | 0.5 | NA | item-by-item | none,gut_diff | political_identity,gut_diff,political_identity,False,84,11,53,0.9882352941176472,False,deepseek-r1-distill-llama-70b,0.5,,item-by-item,none,0.4665127020785219,,,True,False,undetermined,-1.0461630573376757,2.5315832974748966,2.4085752019119284,0.25,True,False,no population gap,single df,0.346483704974271,0.4806798970156719,inf,0.7427101200686106,0.7162066114260104,inf,0.1103503937695803,8,0.00625,0.9875,not read,False
deepseek-r1-distill-llama-70b | 0.5 | NA | item-by-item | none,gut_diff | sex,gut_diff,sex,False,84,61,23,0.9882352941176472,False,deepseek-r1-distill-llama-70b,0.5,,item-by-item,none,-1.6600122128798906,,,True,False,undetermined,-1.5139845768883289,1.024503510969675,5.186080248260046,0.25,True,False,no population gap,single df,0.406272273699216,0.3530502174863336,inf,-0.2447405329593268,0.5081640147867098,inf,-0.0055844783954284,8,0.00625,0.9875,not read,False
deepseek-r1-distill-llama-70b | 0.5 | NA | item-by-item | none,gut_diff | education,gut_diff,education,False,84,41,43,0.9882352941176472,False,deepseek-r1-distill-llama-70b,0.5,,item-by-item,none,2.624156039009751,,,True,False,undetermined,-1.2216746800862492,0.8092578286450074,4.924465384074174,0.25,True,False,no population gap,single df,-0.5411230856494611,0.3224809045002893,inf,-0.2062084257206209,0.4065596456151067,inf,-0.0039773441307061,8,0.00625,0.9875,not read,False
deepseek-r1-distill-llama-70b | 0.5 | NA | item-by-item | none,gut_diff | age,gut_diff,age,False,84,39,45,0.9882352941176472,False,deepseek-r1-distill-llama-70b,0.5,,item-by-item,none,2.7762626262626258,,,True,False,undetermined,-1.2987750953461776,0.7101463328043716,3.412883562596672,0.25,True,False,no population gap,single df,-0.8170940170940171,0.3203285915598369,inf,-0.294314381270903,0.4021533853962044,inf,0.0012775810593236,8,0.00625,0.9875,not read,False
deepseek-r1-distill-llama-70b | 0.5 | NA | scale-by-scale | extensive,bjw_score | political_identity,bjw_score,political_identity,True,85,11,53,1.0,False,deepseek-r1-distill-llama-70b,0.5,,scale-by-scale,extensive,2.4011331444759185,,,True,False,kept or steepened,-0.8247376275749545,6.879626135293655,1.2724204174935967,0.25,True,False,no population gap,single df,7.269296740994854,0.8587930033363486,inf,3.0274442538593505,1.5422882777520266,inf,0.3364988503499833,8,0.00625,0.9875,not read,False
deepseek-r1-distill-llama-70b | 0.5 | NA | scale-by-scale | extensive,bjw_score | sex,bjw_score,sex,True,85,62,23,1.0,False,deepseek-r1-distill-llama-70b,0.5,,scale-by-scale,extensive,2.31263616557734,,,True,False,undetermined,-3.4784932878944645,2.190975756337663,4.403411142197722,0.25,True,False,no population gap,single df,-1.4887798036465618,0.8253866709162949,inf,-0.6437587657784007,1.134935462177802,inf,0.2462829375880619,8,0.00625,0.9875,not read,False
deepseek-r1-distill-llama-70b | 0.5 | NA | scale-by-scale | extensive,bjw_score | education,bjw_score,education,True,85,41,44,1.0,False,deepseek-r1-distill-llama-70b,0.5,,scale-by-scale,extensive,1.3042596348884383,,,True,False,undetermined,-3.51943020478364,1.8797406260696696,3.2928006013723343,0.25,True,False,no population gap,single df,-1.06929046563193,0.9051895277231862,inf,-0.8198447893569849,1.080826157526246,inf,0.3553895007093935,8,0.00625,0.9875,not read,False
deepseek-r1-distill-llama-70b | 0.5 | NA | scale-by-scale | extensive,bjw_score | age,bjw_score,age,True,85,39,46,1.0,False,deepseek-r1-distill-llama-70b,0.5,,scale-by-scale,extensive,-0.3595438175270128,,,True,False,undetermined,-3.6131660383299007,1.7558639201582196,2.89076823095069,0.25,True,False,no population gap,single df,0.3338907469342267,0.9025599045801808,inf,-0.9286510590858406,1.0747924452612447,inf,0.3465713116581509,8,0.00625,0.9875,not read,False
deepseek-r1-distill-llama-70b | 0.5 | NA | scale-by-scale | extensive,gut_diff | political_identity,gut_diff,political_identity,True,85,11,53,1.0,False,deepseek-r1-distill-llama-70b,0.5,,scale-by-scale,extensive,3.004618937644342,,,True,False,kept or steepened,-1.0461630573376757,2.5315832974748966,2.4085752019119284,0.25,True,False,no population gap,single df,2.2315608919382504,0.2043372226343576,inf,0.7427101200686106,0.7162066114260104,inf,-0.0208864356445389,8,0.00625,0.9875,not read,False
deepseek-r1-distill-llama-70b | 0.5 | NA | scale-by-scale | extensive,gut_diff | sex,gut_diff,sex,True,85,62,23,1.0,False,deepseek-r1-distill-llama-70b,0.5,,scale-by-scale,extensive,2.1547277936962743,,,True,False,undetermined,-1.5139845768883289,1.024503510969675,5.186080248260046,0.25,True,False,no population gap,single df,-0.5273492286115007,0.2963649103027839,inf,-0.2447405329593268,0.5081640147867098,inf,-9.731487893891252e-05,8,0.00625,0.9875,not read,False
deepseek-r1-distill-llama-70b | 0.5 | NA | scale-by-scale | extensive,gut_diff | education,gut_diff,education,True,85,41,44,1.0,False,deepseek-r1-distill-llama-70b,0.5,,scale-by-scale,extensive,0.9166666666666664,,,True,False,undetermined,-1.2216746800862492,0.8092578286450074,4.924465384074174,0.25,True,False,no population gap,single df,-0.1890243902439024,0.2736543105814944,inf,-0.2062084257206209,0.4065596456151067,inf,0.0111496125345146,8,0.00625,0.9875,not read,False
deepseek-r1-distill-llama-70b | 0.5 | NA | scale-by-scale | extensive,gut_diff | age,gut_diff,age,True,85,39,46,1.0,False,deepseek-r1-distill-llama-70b,0.5,,scale-by-scale,extensive,-0.693181818181818,,,True,False,undetermined,-1.2987750953461776,0.7101463328043716,3.412883562596672,0.25,True,False,no population gap,single df,0.2040133779264213,0.2765286670301187,inf,-0.294314381270903,0.4021533853962044,inf,0.0126042242464652,8,0.00625,0.9875,not read,False
deepseek-r1-distill-llama-70b | 0.5 | NA | scale-by-scale | minimal,bjw_score | political_identity,bjw_score,political_identity,False,85,11,53,1.0,False,deepseek-r1-distill-llama-70b,0.5,,scale-by-scale,minimal,0.3456090651558076,,,True,False,undetermined,-0.8247376275749545,6.879626135293655,1.2724204174935967,0.25,True,False,no population gap,single df,1.0463121783876517,0.5944652789100041,inf,3.0274442538593505,1.5422882777520266,inf,-0.0319065373959626,8,0.00625,0.9875,not read,False
deepseek-r1-distill-llama-70b | 0.5 | NA | scale-by-scale | minimal,bjw_score | sex,bjw_score,sex,True,85,62,23,1.0,False,deepseek-r1-distill-llama-70b,0.5,,scale-by-scale,minimal,2.0664488017429186,,,True,False,undetermined,-3.4784932878944645,2.190975756337663,4.403411142197722,0.25,True,False,no population gap,single df,-1.3302945301542763,0.5102214476696916,inf,-0.6437587657784007,1.134935462177802,inf,-0.0591156496023952,8,0.00625,0.9875,not read,False
deepseek-r1-distill-llama-70b | 0.5 | NA | scale-by-scale | minimal,bjw_score | education,bjw_score,education,False,85,41,44,1.0,False,deepseek-r1-distill-llama-70b,0.5,,scale-by-scale,minimal,-0.854631507775522,,,True,False,undetermined,-3.51943020478364,1.8797406260696696,3.2928006013723343,0.25,True,False,no population gap,single df,0.7006651884700652,0.4531192610553692,inf,-0.8198447893569849,1.080826157526246,inf,-0.0364171844988606,8,0.00625,0.9875,not read,False
deepseek-r1-distill-llama-70b | 0.5 | NA | scale-by-scale | minimal,bjw_score | age,bjw_score,age,True,85,39,46,1.0,False,deepseek-r1-distill-llama-70b,0.5,,scale-by-scale,minimal,-1.3961584633853577,,,True,False,undetermined,-3.6131660383299007,1.7558639201582196,2.89076823095069,0.25,True,False,no population gap,single df,1.2965440356744722,0.4339423295364538,inf,-0.9286510590858406,1.0747924452612447,inf,-0.0132209191319031,8,0.00625,0.9875,not read,False
deepseek-r1-distill-llama-70b | 0.5 | NA | scale-by-scale | minimal,gut_diff | political_identity,gut_diff,political_identity,False,85,11,53,1.0,False,deepseek-r1-distill-llama-70b,0.5,,scale-by-scale,minimal,-0.0184757505773672,,,True,False,undetermined,-1.0461630573376757,2.5315832974748966,2.4085752019119284,0.25,True,False,no population gap,single df,-0.0137221269296741,0.2291227457729365,inf,0.7427101200686106,0.7162066114260104,inf,0.0482482229254384,8,0.00625,0.9875,not read,False
deepseek-r1-distill-llama-70b | 0.5 | NA | scale-by-scale | minimal,gut_diff | sex,gut_diff,sex,True,85,62,23,1.0,False,deepseek-r1-distill-llama-70b,0.5,,scale-by-scale,minimal,0.3724928366762178,,,True,False,undetermined,-1.5139845768883289,1.024503510969675,5.186080248260046,0.25,True,False,no population gap,single df,-0.091164095371669,0.1865930633910091,inf,-0.2447405329593268,0.5081640147867098,inf,0.0039278968454104,8,0.00625,0.9875,not read,False
deepseek-r1-distill-llama-70b | 0.5 | NA | scale-by-scale | minimal,gut_diff | education,gut_diff,education,False,85,41,44,1.0,False,deepseek-r1-distill-llama-70b,0.5,,scale-by-scale,minimal,0.4301075268817202,,,True,False,undetermined,-1.2216746800862492,0.8092578286450074,4.924465384074174,0.25,True,False,no population gap,single df,-0.0886917960088691,0.1584305828960894,inf,-0.2062084257206209,0.4065596456151067,inf,0.0017347215810616,8,0.00625,0.9875,not read,False
deepseek-r1-distill-llama-70b | 0.5 | NA | scale-by-scale | minimal,gut_diff | age,gut_diff,age,True,85,39,46,1.0,False,deepseek-r1-distill-llama-70b,0.5,,scale-by-scale,minimal,-0.1515151515151514,,,True,False,undetermined,-1.2987750953461776,0.7101463328043716,3.412883562596672,0.25,True,False,no population gap,single df,0.0445930880713489,0.1635621538726102,inf,-0.294314381270903,0.4021533853962044,inf,0.0055092851260857,8,0.00625,0.9875,not read,False
deepseek-r1-distill-llama-70b | 0.5 | NA | scale-by-scale | none,bjw_score | political_identity,bjw_score,political_identity,False,84,11,52,0.9882352941176472,False,deepseek-r1-distill-llama-70b,0.5,,scale-by-scale,none,0.3897908040967527,,,True,False,undetermined,-0.8247376275749545,6.879626135293655,1.2724204174935967,0.25,True,False,no population gap,single df,1.18006993006993,0.8290609915781885,inf,3.0274442538593505,1.5422882777520266,inf,0.233081793948372,8,0.00625,0.9875,not read,False
deepseek-r1-distill-llama-70b | 0.5 | NA | scale-by-scale | none,bjw_score | sex,bjw_score,sex,False,84,61,23,0.9882352941176472,False,deepseek-r1-distill-llama-70b,0.5,,scale-by-scale,none,-0.1649701775063372,,,True,False,undetermined,-3.4784932878944645,2.190975756337663,4.403411142197722,0.25,True,False,no population gap,single df,0.1062009978617233,0.6234702763219161,inf,-0.6437587657784007,1.134935462177802,inf,-0.1656925408658525,8,0.00625,0.9875,not read,False
deepseek-r1-distill-llama-70b | 0.5 | NA | scale-by-scale | none,bjw_score | education,bjw_score,education,False,84,41,43,0.9882352941176472,False,deepseek-r1-distill-llama-70b,0.5,,scale-by-scale,none,0.4061197855244753,,,True,False,undetermined,-3.51943020478364,1.8797406260696696,3.2928006013723343,0.25,True,False,no population gap,single df,-0.3329551900170173,0.5653990872238637,inf,-0.8198447893569849,1.080826157526246,inf,-0.0575054196033089,8,0.00625,0.9875,not read,False
deepseek-r1-distill-llama-70b | 0.5 | NA | scale-by-scale | none,bjw_score | age,bjw_score,age,False,84,39,45,0.9882352941176472,False,deepseek-r1-distill-llama-70b,0.5,,scale-by-scale,none,0.5135654261704709,,,True,False,undetermined,-3.6131660383299007,1.7558639201582196,2.89076823095069,0.25,True,False,no population gap,single df,-0.4769230769230788,0.5855446410457719,inf,-0.9286510590858406,1.0747924452612447,inf,-0.0977174957888441,8,0.00625,0.9875,not read,False
deepseek-r1-distill-llama-70b | 0.5 | NA | scale-by-scale | none,gut_diff | political_identity,gut_diff,political_identity,False,84,11,52,0.9882352941176472,False,deepseek-r1-distill-llama-70b,0.5,,scale-by-scale,none,-0.068262568839936,,,True,False,undetermined,-1.0461630573376757,2.5315832974748966,2.4085752019119284,0.25,True,False,no population gap,single df,-0.0506993006993007,0.2266393519168781,inf,0.7427101200686106,0.7162066114260104,inf,-0.0732632370641484,8,0.00625,0.9875,not read,False
deepseek-r1-distill-llama-70b | 0.5 | NA | scale-by-scale | none,gut_diff | sex,gut_diff,sex,False,84,61,23,0.9882352941176472,False,deepseek-r1-distill-llama-70b,0.5,,scale-by-scale,none,1.2086053830616748,,,True,False,undetermined,-1.5139845768883289,1.024503510969675,5.186080248260046,0.25,True,False,no population gap,single df,-0.2957947255880256,0.1557661313274826,inf,-0.2447405329593268,0.5081640147867098,inf,-0.0270607081013031,8,0.00625,0.9875,not read,False
deepseek-r1-distill-llama-70b | 0.5 | NA | scale-by-scale | none,gut_diff | education,gut_diff,education,False,84,41,43,0.9882352941176472,False,deepseek-r1-distill-llama-70b,0.5,,scale-by-scale,none,0.6574143535883967,,,True,False,undetermined,-1.2216746800862492,0.8092578286450074,4.924465384074174,0.25,True,False,no population gap,single df,-0.1355643788996029,0.1420216411680047,inf,-0.2062084257206209,0.4065596456151067,inf,-0.0152367998558883,8,0.00625,0.9875,not read,False
deepseek-r1-distill-llama-70b | 0.5 | NA | scale-by-scale | none,gut_diff | age,gut_diff,age,False,84,39,45,0.9882352941176472,False,deepseek-r1-distill-llama-70b,0.5,,scale-by-scale,none,-0.238131313131313,,,True,False,undetermined,-1.2987750953461776,0.7101463328043716,3.412883562596672,0.25,True,False,no population gap,single df,0.07008547008547,0.1423161247096009,inf,-0.294314381270903,0.4021533853962044,inf,-0.0163587019317811,8,0.00625,0.9875,not read,False
deepseek-r1-distill-llama-70b | 1 | NA | all-at-once | extensive,bjw_score | political_identity,bjw_score,political_identity,True,85,11,53,1.0,False,deepseek-r1-distill-llama-70b,1.0,,all-at-once,extensive,2.283286118980168,,,True,False,kept or steepened,-0.8247376275749545,6.879626135293655,1.2724204174935967,0.25,True,False,no population gap,single df,6.912521440823326,0.707427410290454,inf,3.0274442538593505,1.5422882777520266,inf,0.4671020252221817,8,0.00625,0.9875,not read,False
deepseek-r1-distill-llama-70b | 1 | NA | all-at-once | extensive,bjw_score | sex,bjw_score,sex,True,85,62,23,1.0,False,deepseek-r1-distill-llama-70b,1.0,,all-at-once,extensive,1.004357298474945,,,True,False,undetermined,-3.4784932878944645,2.190975756337663,4.403411142197722,0.25,True,False,no population gap,single df,-0.6465638148667594,0.8782612907972502,inf,-0.6437587657784007,1.134935462177802,inf,0.2791500202327109,8,0.00625,0.9875,not read,False
deepseek-r1-distill-llama-70b | 1 | NA | all-at-once | extensive,bjw_score | education,bjw_score,education,True,85,41,44,1.0,False,deepseek-r1-distill-llama-70b,1.0,,all-at-once,extensive,1.5524002704530089,,,True,False,undetermined,-3.51943020478364,1.8797406260696696,3.2928006013723343,0.25,True,False,no population gap,single df,-1.2727272727272734,0.8274175493061648,inf,-0.8198447893569849,1.080826157526246,inf,0.2336833838621941,8,0.00625,0.9875,not read,False
deepseek-r1-distill-llama-70b | 1 | NA | all-at-once | extensive,bjw_score | age,bjw_score,age,True,85,39,46,1.0,False,deepseek-r1-distill-llama-70b,1.0,,all-at-once,extensive,-0.1686674669867974,,,True,False,undetermined,-3.6131660383299007,1.7558639201582196,2.89076823095069,0.25,True,False,no population gap,single df,0.1566332218506154,0.8477705846126196,inf,-0.9286510590858406,1.0747924452612447,inf,0.2290068061288946,8,0.00625,0.9875,not read,False
deepseek-r1-distill-llama-70b | 1 | NA | all-at-once | extensive,gut_diff | political_identity,gut_diff,political_identity,True,85,11,53,1.0,False,deepseek-r1-distill-llama-70b,1.0,,all-at-once,extensive,2.861431870669746,,,True,False,kept or steepened,-1.0461630573376757,2.5315832974748966,2.4085752019119284,0.25,True,False,no population gap,single df,2.125214408233276,0.1971259983037696,inf,0.7427101200686106,0.7162066114260104,inf,-0.0111419716148504,8,0.00625,0.9875,not read,False
deepseek-r1-distill-llama-70b | 1 | NA | all-at-once | extensive,gut_diff | sex,gut_diff,sex,True,85,62,23,1.0,False,deepseek-r1-distill-llama-70b,1.0,,all-at-once,extensive,1.57593123209169,,,True,False,undetermined,-1.5139845768883289,1.024503510969675,5.186080248260046,0.25,True,False,no population gap,single df,-0.3856942496493688,0.2241531121568833,inf,-0.2447405329593268,0.5081640147867098,inf,-0.0160024507302613,8,0.00625,0.9875,not read,False
deepseek-r1-distill-llama-70b | 1 | NA | all-at-once | extensive,gut_diff | education,gut_diff,education,True,85,41,44,1.0,False,deepseek-r1-distill-llama-70b,1.0,,all-at-once,extensive,0.9408602150537632,,,True,False,undetermined,-1.2216746800862492,0.8092578286450074,4.924465384074174,0.25,True,False,no population gap,single df,-0.1940133037694013,0.2075681860576823,inf,-0.2062084257206209,0.4065596456151067,inf,-4.861101788329936e-05,8,0.00625,0.9875,not read,False
deepseek-r1-distill-llama-70b | 1 | NA | all-at-once | extensive,gut_diff | age,gut_diff,age,True,85,39,46,1.0,False,deepseek-r1-distill-llama-70b,1.0,,all-at-once,extensive,0.6344696969696968,,,True,False,undetermined,-1.2987750953461776,0.7101463328043716,3.412883562596672,0.25,True,False,no population gap,single df,-0.1867335562987736,0.2138850427270534,inf,-0.294314381270903,0.4021533853962044,inf,-0.001071338802283,8,0.00625,0.9875,not read,False
deepseek-r1-distill-llama-70b | 1 | NA | all-at-once | minimal,bjw_score | political_identity,bjw_score,political_identity,False,85,11,53,1.0,False,deepseek-r1-distill-llama-70b,1.0,,all-at-once,minimal,0.001133144475921,,,True,False,undetermined,-0.8247376275749545,6.879626135293655,1.2724204174935967,0.25,True,False,no population gap,single df,0.0034305317324196,0.8586852121196884,inf,3.0274442538593505,1.5422882777520266,inf,-0.6753812105349624,8,0.00625,0.9875,not read,False
deepseek-r1-distill-llama-70b | 1 | NA | all-at-once | minimal,bjw_score | sex,bjw_score,sex,True,85,62,23,1.0,False,deepseek-r1-distill-llama-70b,1.0,,all-at-once,minimal,-0.0424836601307213,,,True,False,undetermined,-3.4784932878944645,2.190975756337663,4.403411142197722,0.25,True,False,no population gap,single df,0.0273492286115022,0.5520206582642049,inf,-0.6437587657784007,1.134935462177802,inf,0.0437342766186671,8,0.00625,0.9875,not read,False
deepseek-r1-distill-llama-70b | 1 | NA | all-at-once | minimal,bjw_score | education,bjw_score,education,False,85,41,44,1.0,False,deepseek-r1-distill-llama-70b,1.0,,all-at-once,minimal,-1.3772819472616622,,,True,False,undetermined,-3.51943020478364,1.8797406260696696,3.2928006013723343,0.25,True,False,no population gap,single df,1.1291574279379155,0.4722926797961982,inf,-0.8198447893569849,1.080826157526246,inf,-0.0272646264247952,8,0.00625,0.9875,not read,False
deepseek-r1-distill-llama-70b | 1 | NA | all-at-once | minimal,bjw_score | age,bjw_score,age,True,85,39,46,1.0,False,deepseek-r1-distill-llama-70b,1.0,,all-at-once,minimal,-1.2713085234093666,,,True,False,undetermined,-3.6131660383299007,1.7558639201582196,2.89076823095069,0.25,True,False,no population gap,single df,1.1806020066889644,0.4750337735219144,inf,-0.9286510590858406,1.0747924452612447,inf,-0.0268684273467875,8,0.00625,0.9875,not read,False
deepseek-r1-distill-llama-70b | 1 | NA | all-at-once | minimal,gut_diff | political_identity,gut_diff,political_identity,False,85,11,53,1.0,False,deepseek-r1-distill-llama-70b,1.0,,all-at-once,minimal,-0.023094688221709,,,True,False,undetermined,-1.0461630573376757,2.5315832974748966,2.4085752019119284,0.25,True,False,no population gap,single df,-0.0171526586620926,0.230297900915817,inf,0.7427101200686106,0.7162066114260104,inf,-0.0489140645545803,8,0.00625,0.9875,not read,False
deepseek-r1-distill-llama-70b | 1 | NA | all-at-once | minimal,gut_diff | sex,gut_diff,sex,True,85,62,23,1.0,False,deepseek-r1-distill-llama-70b,1.0,,all-at-once,minimal,1.2349570200573063,,,True,False,undetermined,-1.5139845768883289,1.024503510969675,5.186080248260046,0.25,True,False,no population gap,single df,-0.3022440392706872,0.1517011682807501,inf,-0.2447405329593268,0.5081640147867098,inf,0.014566692079213,8,0.00625,0.9875,not read,False
deepseek-r1-distill-llama-70b | 1 | NA | all-at-once | minimal,gut_diff | education,gut_diff,education,False,85,41,44,1.0,False,deepseek-r1-distill-llama-70b,1.0,,all-at-once,minimal,-1.3897849462365588,,,True,False,undetermined,-1.2216746800862492,0.8092578286450074,4.924465384074174,0.25,True,False,no population gap,single df,0.2865853658536585,0.171074772585425,inf,-0.2062084257206209,0.4065596456151067,inf,0.0068409915100373,8,0.00625,0.9875,not read,False
deepseek-r1-distill-llama-70b | 1 | NA | all-at-once | minimal,gut_diff | age,gut_diff,age,True,85,39,46,1.0,False,deepseek-r1-distill-llama-70b,1.0,,all-at-once,minimal,-2.0700757575757573,,,True,False,reversed or missing,-1.2987750953461776,0.7101463328043716,3.412883562596672,0.25,True,False,no population gap,single df,0.6092530657748049,0.1577832464700446,inf,-0.294314381270903,0.4021533853962044,inf,0.0047573082972325,8,0.00625,0.9875,not read,False
deepseek-r1-distill-llama-70b | 1 | NA | all-at-once | none,bjw_score | political_identity,bjw_score,political_identity,False,85,11,53,1.0,False,deepseek-r1-distill-llama-70b,1.0,,all-at-once,none,0.0702549575070814,,,True,False,undetermined,-0.8247376275749545,6.879626135293655,1.2724204174935967,0.25,True,False,no population gap,single df,0.2126929674099464,1.1991408587960537,inf,3.0274442538593505,1.5422882777520266,inf,0.060926593160961,8,0.00625,0.9875,not read,False
deepseek-r1-distill-llama-70b | 1 | NA | all-at-once | none,bjw_score | sex,bjw_score,sex,False,85,62,23,1.0,False,deepseek-r1-distill-llama-70b,1.0,,all-at-once,none,0.4793028322440088,,,True,False,undetermined,-3.4784932878944645,2.190975756337663,4.403411142197722,0.25,True,False,no population gap,single df,-0.3085553997194949,0.7020822923745862,inf,-0.6437587657784007,1.134935462177802,inf,0.0404868970602669,8,0.00625,0.9875,not read,False
deepseek-r1-distill-llama-70b | 1 | NA | all-at-once | none,bjw_score | education,bjw_score,education,False,85,41,44,1.0,False,deepseek-r1-distill-llama-70b,1.0,,all-at-once,none,0.8789722785665965,,,True,False,undetermined,-3.51943020478364,1.8797406260696696,3.2928006013723343,0.25,True,False,no population gap,single df,-0.7206208425720604,0.6532774263842968,inf,-0.8198447893569849,1.080826157526246,inf,0.010213114042195,8,0.00625,0.9875,not read,False
deepseek-r1-distill-llama-70b | 1 | NA | all-at-once | none,bjw_score | age,bjw_score,age,False,85,39,46,1.0,False,deepseek-r1-distill-llama-70b,1.0,,all-at-once,none,0.9873949579831934,,,True,False,undetermined,-3.6131660383299007,1.7558639201582196,2.89076823095069,0.25,True,False,no population gap,single df,-0.9169453734671116,0.6182715186026547,inf,-0.9286510590858406,1.0747924452612447,inf,0.0042287021826871,8,0.00625,0.9875,not read,False
deepseek-r1-distill-llama-70b | 1 | NA | all-at-once | none,gut_diff | political_identity,gut_diff,political_identity,False,85,11,53,1.0,False,deepseek-r1-distill-llama-70b,1.0,,all-at-once,none,-0.2725173210161662,,,True,False,undetermined,-1.0461630573376757,2.5315832974748966,2.4085752019119284,0.25,True,False,no population gap,single df,-0.2024013722126929,0.2176622977286038,inf,0.7427101200686106,0.7162066114260104,inf,0.0284334573547645,8,0.00625,0.9875,not read,False
deepseek-r1-distill-llama-70b | 1 | NA | all-at-once | none,gut_diff | sex,gut_diff,sex,False,85,62,23,1.0,False,deepseek-r1-distill-llama-70b,1.0,,all-at-once,none,0.1346704871060171,,,True,False,undetermined,-1.5139845768883289,1.024503510969675,5.186080248260046,0.25,True,False,no population gap,single df,-0.0329593267882187,0.1742968746634685,inf,-0.2447405329593268,0.5081640147867098,inf,0.0130850156712571,8,0.00625,0.9875,not read,False
deepseek-r1-distill-llama-70b | 1 | NA | all-at-once | none,gut_diff | education,gut_diff,education,False,85,41,44,1.0,False,deepseek-r1-distill-llama-70b,1.0,,all-at-once,none,0.2715053763440861,,,True,False,undetermined,-1.2216746800862492,0.8092578286450074,4.924465384074174,0.25,True,False,no population gap,single df,-0.0559866962305987,0.1666526445548228,inf,-0.2062084257206209,0.4065596456151067,inf,0.0021626284480773,8,0.00625,0.9875,not read,False
deepseek-r1-distill-llama-70b | 1 | NA | all-at-once | none,gut_diff | age,gut_diff,age,False,85,39,46,1.0,False,deepseek-r1-distill-llama-70b,1.0,,all-at-once,none,-0.6268939393939396,,,True,False,undetermined,-1.2987750953461776,0.7101463328043716,3.412883562596672,0.25,True,False,no population gap,single df,0.1845039018952063,0.1790817319056573,inf,-0.294314381270903,0.4021533853962044,inf,0.0008881573908584,8,0.00625,0.9875,not read,False
deepseek-r1-distill-llama-70b | 1 | NA | item-by-item | extensive,bjw_score | political_identity,bjw_score,political_identity,True,85,11,53,1.0,False,deepseek-r1-distill-llama-70b,1.0,,item-by-item,extensive,1.914447592067988,,,True,False,kept or steepened,-0.8247376275749545,6.879626135293655,1.2724204174935967,0.25,True,False,no population gap,single df,5.795883361921099,0.6431614057945367,inf,3.0274442538593505,1.5422882777520266,inf,0.14882455837788,8,0.00625,0.9875,not read,False
deepseek-r1-distill-llama-70b | 1 | NA | item-by-item | extensive,bjw_score | sex,bjw_score,sex,True,85,62,23,1.0,False,deepseek-r1-distill-llama-70b,1.0,,item-by-item,extensive,1.202614379084967,,,True,False,undetermined,-3.4784932878944645,2.190975756337663,4.403411142197722,0.25,True,False,no population gap,single df,-0.7741935483870961,0.6207784553450814,inf,-0.6437587657784007,1.134935462177802,inf,0.059145671735352,8,0.00625,0.9875,not read,False
deepseek-r1-distill-llama-70b | 1 | NA | item-by-item | extensive,bjw_score | education,bjw_score,education,True,85,41,44,1.0,False,deepseek-r1-distill-llama-70b,1.0,,item-by-item,extensive,0.1636240703177807,,,True,False,undetermined,-3.51943020478364,1.8797406260696696,3.2928006013723343,0.25,True,False,no population gap,single df,-0.1341463414634134,0.639361591703215,inf,-0.8198447893569849,1.080826157526246,inf,0.1568479493113486,8,0.00625,0.9875,not read,False
deepseek-r1-distill-llama-70b | 1 | NA | item-by-item | extensive,bjw_score | age,bjw_score,age,True,85,39,46,1.0,False,deepseek-r1-distill-llama-70b,1.0,,item-by-item,extensive,-1.1236494597839162,,,True,False,undetermined,-3.6131660383299007,1.7558639201582196,2.89076823095069,0.25,True,False,no population gap,single df,1.0434782608695663,0.6319506428848248,inf,-0.9286510590858406,1.0747924452612447,inf,0.176448477966191,8,0.00625,0.9875,not read,False
deepseek-r1-distill-llama-70b | 1 | NA | item-by-item | extensive,gut_diff | political_identity,gut_diff,political_identity,True,85,11,53,1.0,False,deepseek-r1-distill-llama-70b,1.0,,item-by-item,extensive,3.8290993071593538,,,True,False,kept or steepened,-1.0461630573376757,2.5315832974748966,2.4085752019119284,0.25,True,False,no population gap,single df,2.843910806174957,0.4415671999198813,inf,0.7427101200686106,0.7162066114260104,inf,0.0985740376016197,8,0.00625,0.9875,not read,False
deepseek-r1-distill-llama-70b | 1 | NA | item-by-item | extensive,gut_diff | sex,gut_diff,sex,True,85,62,23,1.0,False,deepseek-r1-distill-llama-70b,1.0,,item-by-item,extensive,2.716332378223495,,,True,False,undetermined,-1.5139845768883289,1.024503510969675,5.186080248260046,0.25,True,False,no population gap,single df,-0.664796633941094,0.3566661162645329,inf,-0.2447405329593268,0.5081640147867098,inf,-0.0007078655341284,8,0.00625,0.9875,not read,False
deepseek-r1-distill-llama-70b | 1 | NA | item-by-item | extensive,gut_diff | education,gut_diff,education,True,85,41,44,1.0,False,deepseek-r1-distill-llama-70b,1.0,,item-by-item,extensive,0.4543010752688168,,,True,False,undetermined,-1.2216746800862492,0.8092578286450074,4.924465384074174,0.25,True,False,no population gap,single df,-0.093680709534368,0.3483895607760797,inf,-0.2062084257206209,0.4065596456151067,inf,0.0229073325984417,8,0.00625,0.9875,not read,False
deepseek-r1-distill-llama-70b | 1 | NA | item-by-item | extensive,gut_diff | age,gut_diff,age,True,85,39,46,1.0,False,deepseek-r1-distill-llama-70b,1.0,,item-by-item,extensive,-1.2386363636363635,,,True,False,undetermined,-1.2987750953461776,0.7101463328043716,3.412883562596672,0.25,True,False,no population gap,single df,0.3645484949832775,0.3455585975209806,inf,-0.294314381270903,0.4021533853962044,inf,0.0221926686891198,8,0.00625,0.9875,not read,False
deepseek-r1-distill-llama-70b | 1 | NA | item-by-item | minimal,bjw_score | political_identity,bjw_score,political_identity,False,83,11,52,0.976470588235294,False,deepseek-r1-distill-llama-70b,1.0,,item-by-item,minimal,-0.1114512965787749,,,True,False,undetermined,-0.8247376275749545,6.879626135293655,1.2724204174935967,0.25,True,False,no population gap,single df,-0.3374125874125866,0.4137333463688757,inf,3.0274442538593505,1.5422882777520266,inf,-0.0545193689581218,8,0.00625,0.9875,not read,False
deepseek-r1-distill-llama-70b | 1 | NA | item-by-item | minimal,bjw_score | sex,bjw_score,sex,True,83,61,22,0.976470588235294,False,deepseek-r1-distill-llama-70b,1.0,,item-by-item,minimal,-0.4676335843163249,,,True,False,undetermined,-3.4784932878944645,2.190975756337663,4.403411142197722,0.25,True,False,no population gap,single df,0.301043219076007,0.3093035058940689,inf,-0.6437587657784007,1.134935462177802,inf,-0.009979532875104,8,0.00625,0.9875,not read,False
deepseek-r1-distill-llama-70b | 1 | NA | item-by-item | minimal,bjw_score | education,bjw_score,education,False,83,39,44,0.976470588235294,False,deepseek-r1-distill-llama-70b,1.0,,item-by-item,minimal,-0.1613529585132017,,,True,False,undetermined,-3.51943020478364,1.8797406260696696,3.2928006013723343,0.25,True,False,no population gap,single df,0.1322843822843822,0.3023758737781447,inf,-0.8198447893569849,1.080826157526246,inf,-0.0038254644522301,8,0.00625,0.9875,not read,False
deepseek-r1-distill-llama-70b | 1 | NA | item-by-item | minimal,bjw_score | age,bjw_score,age,True,83,37,46,0.976470588235294,False,deepseek-r1-distill-llama-70b,1.0,,item-by-item,minimal,-1.0357061743616391,,,True,False,undetermined,-3.6131660383299007,1.7558639201582196,2.89076823095069,0.25,True,False,no population gap,single df,0.9618096357226804,0.2923904460308936,inf,-0.9286510590858406,1.0747924452612447,inf,-0.0066920323167331,8,0.00625,0.9875,not read,False
deepseek-r1-distill-llama-70b | 1 | NA | item-by-item | minimal,gut_diff | political_identity,gut_diff,political_identity,False,83,11,52,0.976470588235294,False,deepseek-r1-distill-llama-70b,1.0,,item-by-item,minimal,0.2024338248356725,,,True,False,undetermined,-1.0461630573376757,2.5315832974748966,2.4085752019119284,0.25,True,False,no population gap,single df,0.1503496503496504,0.5642167455849793,inf,0.7427101200686106,0.7162066114260104,inf,0.0586304350895068,8,0.00625,0.9875,not read,False
deepseek-r1-distill-llama-70b | 1 | NA | item-by-item | minimal,gut_diff | sex,gut_diff,sex,True,83,61,22,0.976470588235294,False,deepseek-r1-distill-llama-70b,1.0,,item-by-item,minimal,1.2665866708799678,,,True,False,undetermined,-1.5139845768883289,1.024503510969675,5.186080248260046,0.25,True,False,no population gap,single df,-0.3099850968703428,0.4432796227880871,inf,-0.2447405329593268,0.5081640147867098,inf,-0.07331684362157,8,0.00625,0.9875,not read,False
deepseek-r1-distill-llama-70b | 1 | NA | item-by-item | minimal,gut_diff | education,gut_diff,education,False,83,39,44,0.976470588235294,False,deepseek-r1-distill-llama-70b,1.0,,item-by-item,minimal,-0.4634684312103664,,,True,False,undetermined,-1.2216746800862492,0.8092578286450074,4.924465384074174,0.25,True,False,no population gap,single df,0.0955710955710955,0.3982014337615803,inf,-0.2062084257206209,0.4065596456151067,inf,-0.0152954590441911,8,0.00625,0.9875,not read,False
deepseek-r1-distill-llama-70b | 1 | NA | item-by-item | minimal,gut_diff | age,gut_diff,age,True,83,37,46,0.976470588235294,False,deepseek-r1-distill-llama-70b,1.0,,item-by-item,minimal,-2.8427518427518423,,,True,False,undetermined,-1.2987750953461776,0.7101463328043716,3.412883562596672,0.25,True,False,no population gap,single df,0.8366627497062279,0.3980454494958725,inf,-0.294314381270903,0.4021533853962044,inf,-0.0227186150641442,8,0.00625,0.9875,not read,False
deepseek-r1-distill-llama-70b | 1 | NA | item-by-item | none,bjw_score | political_identity,bjw_score,political_identity,False,83,11,51,0.976470588235294,False,deepseek-r1-distill-llama-70b,1.0,,item-by-item,none,-0.2001888574126531,,,True,False,undetermined,-0.8247376275749545,6.879626135293655,1.2724204174935967,0.25,True,False,no population gap,single df,-0.6060606060606055,0.598137122236939,inf,3.0274442538593505,1.5422882777520266,inf,0.0766171660360804,8,0.00625,0.9875,not read,False
deepseek-r1-distill-llama-70b | 1 | NA | item-by-item | none,bjw_score | sex,bjw_score,sex,False,83,62,21,0.976470588235294,False,deepseek-r1-distill-llama-70b,1.0,,item-by-item,none,1.009337068160597,,,True,False,undetermined,-3.4784932878944645,2.190975756337663,4.403411142197722,0.25,True,False,no population gap,single df,-0.6497695852534555,0.2916453872590934,inf,-0.6437587657784007,1.134935462177802,inf,-0.0538643107097346,8,0.00625,0.9875,not read,False
deepseek-r1-distill-llama-70b | 1 | NA | item-by-item | none,bjw_score | education,bjw_score,education,False,83,40,43,0.976470588235294,False,deepseek-r1-distill-llama-70b,1.0,,item-by-item,none,0.1269383775964271,,,True,False,undetermined,-3.51943020478364,1.8797406260696696,3.2928006013723343,0.25,True,False,no population gap,single df,-0.1040697674418602,0.2960932699366437,inf,-0.8198447893569849,1.080826157526246,inf,-0.066055039747381,8,0.00625,0.9875,not read,False
deepseek-r1-distill-llama-70b | 1 | NA | item-by-item | none,bjw_score | age,bjw_score,age,False,83,39,44,0.976470588235294,False,deepseek-r1-distill-llama-70b,1.0,,item-by-item,none,-0.5246098439375738,,,True,False,undetermined,-3.6131660383299007,1.7558639201582196,2.89076823095069,0.25,True,False,no population gap,single df,0.4871794871794854,0.2899790703855626,inf,-0.9286510590858406,1.0747924452612447,inf,-0.0591812404628393,8,0.00625,0.9875,not read,False
deepseek-r1-distill-llama-70b | 1 | NA | item-by-item | none,gut_diff | political_identity,gut_diff,political_identity,False,83,11,51,0.976470588235294,False,deepseek-r1-distill-llama-70b,1.0,,item-by-item,none,-0.2352035502422678,,,True,False,undetermined,-1.0461630573376757,2.5315832974748966,2.4085752019119284,0.25,True,False,no population gap,single df,-0.1746880570409982,0.3771364006789612,inf,0.7427101200686106,0.7162066114260104,inf,0.0343565825633647,8,0.00625,0.9875,not read,False
deepseek-r1-distill-llama-70b | 1 | NA | item-by-item | none,gut_diff | sex,gut_diff,sex,False,83,62,21,0.976470588235294,False,deepseek-r1-distill-llama-70b,1.0,,item-by-item,none,-1.6255969436485191,,,True,False,undetermined,-1.5139845768883289,1.024503510969675,5.186080248260046,0.25,True,False,no population gap,single df,0.3978494623655914,0.3899012412758003,inf,-0.2447405329593268,0.5081640147867098,inf,-0.0069061602733705,8,0.00625,0.9875,not read,False
deepseek-r1-distill-llama-70b | 1 | NA | item-by-item | none,gut_diff | education,gut_diff,education,False,83,40,43,0.976470588235294,False,deepseek-r1-distill-llama-70b,1.0,,item-by-item,none,-1.5084083520880214,,,True,False,undetermined,-1.2216746800862492,0.8092578286450074,4.924465384074174,0.25,True,False,no population gap,single df,0.311046511627907,0.3366118834709666,inf,-0.2062084257206209,0.4065596456151067,inf,-0.0053858971376311,8,0.00625,0.9875,not read,False
deepseek-r1-distill-llama-70b | 1 | NA | item-by-item | none,gut_diff | age,gut_diff,age,False,83,39,44,0.976470588235294,False,deepseek-r1-distill-llama-70b,1.0,,item-by-item,none,0.4257059228650137,,,True,False,undetermined,-1.2987750953461776,0.7101463328043716,3.412883562596672,0.25,True,False,no population gap,single df,-0.1252913752913753,0.3442845741130186,inf,-0.294314381270903,0.4021533853962044,inf,-0.0018755383963432,8,0.00625,0.9875,not read,False
deepseek-r1-distill-llama-70b | 1 | NA | scale-by-scale | extensive,bjw_score | political_identity,bjw_score,political_identity,True,85,11,53,1.0,False,deepseek-r1-distill-llama-70b,1.0,,scale-by-scale,extensive,2.2300283286118967,,,True,False,kept or steepened,-0.8247376275749545,6.879626135293655,1.2724204174935967,0.25,True,False,no population gap,single df,6.751286449399657,0.9136809215906128,inf,3.0274442538593505,1.5422882777520266,inf,-0.0944298410579323,8,0.00625,0.9875,not read,False
deepseek-r1-distill-llama-70b | 1 | NA | scale-by-scale | extensive,bjw_score | sex,bjw_score,sex,True,85,62,23,1.0,False,deepseek-r1-distill-llama-70b,1.0,,scale-by-scale,extensive,2.760348583877996,,,True,False,undetermined,-3.4784932878944645,2.190975756337663,4.403411142197722,0.25,True,False,no population gap,single df,-1.7769985974754547,0.7510977678355412,inf,-0.6437587657784007,1.134935462177802,inf,0.2838053087131927,8,0.00625,0.9875,not read,False
deepseek-r1-distill-llama-70b | 1 | NA | scale-by-scale | extensive,bjw_score | education,bjw_score,education,True,85,41,44,1.0,False,deepseek-r1-distill-llama-70b,1.0,,scale-by-scale,extensive,0.1467207572684254,,,True,False,undetermined,-3.51943020478364,1.8797406260696696,3.2928006013723343,0.25,True,False,no population gap,single df,-0.1202882483370295,0.8438834155359423,inf,-0.8198447893569849,1.080826157526246,inf,0.195281490707175,8,0.00625,0.9875,not read,False
deepseek-r1-distill-llama-70b | 1 | NA | scale-by-scale | extensive,bjw_score | age,bjw_score,age,True,85,39,46,1.0,False,deepseek-r1-distill-llama-70b,1.0,,scale-by-scale,extensive,-1.039615846338536,,,True,False,undetermined,-3.6131660383299007,1.7558639201582196,2.89076823095069,0.25,True,False,no population gap,single df,0.965440356744704,0.8284504490041369,inf,-0.9286510590858406,1.0747924452612447,inf,0.187449902503831,8,0.00625,0.9875,not read,False
deepseek-r1-distill-llama-70b | 1 | NA | scale-by-scale | extensive,gut_diff | political_identity,gut_diff,political_identity,True,85,11,53,1.0,False,deepseek-r1-distill-llama-70b,1.0,,scale-by-scale,extensive,2.974595842956121,,,True,False,kept or steepened,-1.0461630573376757,2.5315832974748966,2.4085752019119284,0.25,True,False,no population gap,single df,2.2092624356775303,0.2410672735871136,inf,0.7427101200686106,0.7162066114260104,inf,0.0084187656729221,8,0.00625,0.9875,not read,False
deepseek-r1-distill-llama-70b | 1 | NA | scale-by-scale | extensive,gut_diff | sex,gut_diff,sex,True,85,62,23,1.0,False,deepseek-r1-distill-llama-70b,1.0,,scale-by-scale,extensive,2.0487106017191974,,,True,False,undetermined,-1.5139845768883289,1.024503510969675,5.186080248260046,0.25,True,False,no population gap,single df,-0.5014025245441796,0.2841212141071383,inf,-0.2447405329593268,0.5081640147867098,inf,0.0110343327256779,8,0.00625,0.9875,not read,False
deepseek-r1-distill-llama-70b | 1 | NA | scale-by-scale | extensive,gut_diff | education,gut_diff,education,True,85,41,44,1.0,False,deepseek-r1-distill-llama-70b,1.0,,scale-by-scale,extensive,-0.833333333333333,,,True,False,undetermined,-1.2216746800862492,0.8092578286450074,4.924465384074174,0.25,True,False,no population gap,single df,0.171840354767184,0.2613888011468031,inf,-0.2062084257206209,0.4065596456151067,inf,0.0202255320270562,8,0.00625,0.9875,not read,False
deepseek-r1-distill-llama-70b | 1 | NA | scale-by-scale | extensive,gut_diff | age,gut_diff,age,True,85,39,46,1.0,False,deepseek-r1-distill-llama-70b,1.0,,scale-by-scale,extensive,0.293560606060606,,,True,False,undetermined,-1.2987750953461776,0.7101463328043716,3.412883562596672,0.25,True,False,no population gap,single df,-0.0863991081382385,0.2584471266989994,inf,-0.294314381270903,0.4021533853962044,inf,0.0144701983369161,8,0.00625,0.9875,not read,False
deepseek-r1-distill-llama-70b | 1 | NA | scale-by-scale | minimal,bjw_score | political_identity,bjw_score,political_identity,False,84,11,52,0.9882352941176472,False,deepseek-r1-distill-llama-70b,1.0,,scale-by-scale,minimal,-0.1224231858792762,,,True,False,undetermined,-0.8247376275749545,6.879626135293655,1.2724204174935967,0.25,True,False,no population gap,single df,-0.3706293706293699,0.7486980898544372,inf,3.0274442538593505,1.5422882777520266,inf,-0.2163378522152615,8,0.00625,0.9875,not read,False
deepseek-r1-distill-llama-70b | 1 | NA | scale-by-scale | minimal,bjw_score | sex,bjw_score,sex,True,84,62,22,0.9882352941176472,False,deepseek-r1-distill-llama-70b,1.0,,scale-by-scale,minimal,0.699247375717963,,,True,False,undetermined,-3.4784932878944645,2.190975756337663,4.403411142197722,0.25,True,False,no population gap,single df,-0.4501466275659815,0.6662136297859463,inf,-0.6437587657784007,1.134935462177802,inf,0.0902757647210575,8,0.00625,0.9875,not read,False
deepseek-r1-distill-llama-70b | 1 | NA | scale-by-scale | minimal,bjw_score | education,bjw_score,education,False,84,41,43,0.9882352941176472,False,deepseek-r1-distill-llama-70b,1.0,,scale-by-scale,minimal,0.0615752315360803,,,True,False,undetermined,-3.51943020478364,1.8797406260696696,3.2928006013723343,0.25,True,False,no population gap,single df,-0.0504821327283053,0.5540228296688392,inf,-0.8198447893569849,1.080826157526246,inf,0.0134401579446276,8,0.00625,0.9875,not read,False
deepseek-r1-distill-llama-70b | 1 | NA | scale-by-scale | minimal,bjw_score | age,bjw_score,age,True,84,38,46,0.9882352941176472,False,deepseek-r1-distill-llama-70b,1.0,,scale-by-scale,minimal,-1.1519871106337305,,,True,False,undetermined,-3.6131660383299007,1.7558639201582196,2.89076823095069,0.25,True,False,no population gap,single df,1.0697940503432513,0.5596820040130517,inf,-0.9286510590858406,1.0747924452612447,inf,0.0418666734310224,8,0.00625,0.9875,not read,False
deepseek-r1-distill-llama-70b | 1 | NA | scale-by-scale | minimal,gut_diff | political_identity,gut_diff,political_identity,False,84,11,52,0.9882352941176472,False,deepseek-r1-distill-llama-70b,1.0,,scale-by-scale,minimal,0.868582341446083,,,True,False,undetermined,-1.0461630573376757,2.5315832974748966,2.4085752019119284,0.25,True,False,no population gap,single df,0.6451048951048952,0.2062017334311426,inf,0.7427101200686106,0.7162066114260104,inf,0.0430527666180885,8,0.00625,0.9875,not read,False
deepseek-r1-distill-llama-70b | 1 | NA | scale-by-scale | minimal,gut_diff | sex,gut_diff,sex,True,84,62,22,0.9882352941176472,False,deepseek-r1-distill-llama-70b,1.0,,scale-by-scale,minimal,0.7369106538160978,,,True,False,undetermined,-1.5139845768883289,1.024503510969675,5.186080248260046,0.25,True,False,no population gap,single df,-0.1803519061583577,0.1645135360295182,inf,-0.2447405329593268,0.5081640147867098,inf,0.0263419434089258,8,0.00625,0.9875,not read,False
deepseek-r1-distill-llama-70b | 1 | NA | scale-by-scale | minimal,gut_diff | education,gut_diff,education,False,84,41,43,0.9882352941176472,False,deepseek-r1-distill-llama-70b,1.0,,scale-by-scale,minimal,-0.4208552138034507,,,True,False,undetermined,-1.2216746800862492,0.8092578286450074,4.924465384074174,0.25,True,False,no population gap,single df,0.0867838910947249,0.1498999714285114,inf,-0.2062084257206209,0.4065596456151067,inf,0.0058709021148027,8,0.00625,0.9875,not read,False
deepseek-r1-distill-llama-70b | 1 | NA | scale-by-scale | minimal,gut_diff | age,gut_diff,age,True,84,38,46,0.9882352941176472,False,deepseek-r1-distill-llama-70b,1.0,,scale-by-scale,minimal,-0.9446770334928226,,,True,False,undetermined,-1.2987750953461776,0.7101463328043716,3.412883562596672,0.25,True,False,no population gap,single df,0.2780320366132722,0.1448854752718955,inf,-0.294314381270903,0.4021533853962044,inf,0.009217978637005,8,0.00625,0.9875,not read,False
deepseek-r1-distill-llama-70b | 1 | NA | scale-by-scale | none,bjw_score | political_identity,bjw_score,political_identity,False,85,11,53,1.0,False,deepseek-r1-distill-llama-70b,1.0,,scale-by-scale,none,0.539376770538243,,,True,False,undetermined,-0.8247376275749545,6.879626135293655,1.2724204174935967,0.25,True,False,no population gap,single df,1.632933104631217,1.3387959351782526,inf,3.0274442538593505,1.5422882777520266,inf,0.3670113172881446,8,0.00625,0.9875,not read,False
deepseek-r1-distill-llama-70b | 1 | NA | scale-by-scale | none,bjw_score | sex,bjw_score,sex,False,85,62,23,1.0,False,deepseek-r1-distill-llama-70b,1.0,,scale-by-scale,none,0.4477124183006553,,,True,False,undetermined,-3.4784932878944645,2.190975756337663,4.403411142197722,0.25,True,False,no population gap,single df,-0.2882187938288929,0.8200049788584819,inf,-0.6437587657784007,1.134935462177802,inf,0.0501463242313145,8,0.00625,0.9875,not read,False
deepseek-r1-distill-llama-70b | 1 | NA | scale-by-scale | none,bjw_score | education,bjw_score,education,False,85,41,44,1.0,False,deepseek-r1-distill-llama-70b,1.0,,scale-by-scale,none,1.0838404327248157,,,True,False,undetermined,-3.51943020478364,1.8797406260696696,3.2928006013723343,0.25,True,False,no population gap,single df,-0.88858093126386,0.7206923398786237,inf,-0.8198447893569849,1.080826157526246,inf,-0.0306233916583623,8,0.00625,0.9875,not read,False
deepseek-r1-distill-llama-70b | 1 | NA | scale-by-scale | none,bjw_score | age,bjw_score,age,False,85,39,46,1.0,False,deepseek-r1-distill-llama-70b,1.0,,scale-by-scale,none,0.2382953181272506,,,True,False,undetermined,-3.6131660383299007,1.7558639201582196,2.89076823095069,0.25,True,False,no population gap,single df,-0.2212931995540685,0.7462018968361445,inf,-0.9286510590858406,1.0747924452612447,inf,0.0024077176022206,8,0.00625,0.9875,not read,False
deepseek-r1-distill-llama-70b | 1 | NA | scale-by-scale | none,gut_diff | political_identity,gut_diff,political_identity,False,85,11,53,1.0,False,deepseek-r1-distill-llama-70b,1.0,,scale-by-scale,none,-0.0900692840646651,,,True,False,undetermined,-1.0461630573376757,2.5315832974748966,2.4085752019119284,0.25,True,False,no population gap,single df,-0.0668953687821612,0.166043534656049,inf,0.7427101200686106,0.7162066114260104,inf,0.0544690885835433,8,0.00625,0.9875,not read,False
deepseek-r1-distill-llama-70b | 1 | NA | scale-by-scale | none,gut_diff | sex,gut_diff,sex,False,85,62,23,1.0,False,deepseek-r1-distill-llama-70b,1.0,,scale-by-scale,none,-0.8710601719197705,,,True,False,undetermined,-1.5139845768883289,1.024503510969675,5.186080248260046,0.25,True,False,no population gap,single df,0.2131837307152875,0.1330557697259921,inf,-0.2447405329593268,0.5081640147867098,inf,0.01631391916148,8,0.00625,0.9875,not read,False
deepseek-r1-distill-llama-70b | 1 | NA | scale-by-scale | none,gut_diff | education,gut_diff,education,False,85,41,44,1.0,False,deepseek-r1-distill-llama-70b,1.0,,scale-by-scale,none,0.3440860215053763,,,True,False,undetermined,-1.2216746800862492,0.8092578286450074,4.924465384074174,0.25,True,False,no population gap,single df,-0.0709534368070953,0.1356933810981757,inf,-0.2062084257206209,0.4065596456151067,inf,0.0034135690834138,8,0.00625,0.9875,not read,False
deepseek-r1-distill-llama-70b | 1 | NA | scale-by-scale | none,gut_diff | age,gut_diff,age,False,85,39,46,1.0,False,deepseek-r1-distill-llama-70b,1.0,,scale-by-scale,none,-0.5075757575757575,,,True,False,undetermined,-1.2987750953461776,0.7101463328043716,3.412883562596672,0.25,True,False,no population gap,single df,0.1493868450390189,0.1378480757880925,inf,-0.294314381270903,0.4021533853962044,inf,0.0053535763484508,8,0.00625,0.9875,not read,False
deepseek-r1-distill-llama-70b | 1.5 | NA | all-at-once | extensive,bjw_score | political_identity,bjw_score,political_identity,True,79,11,48,0.9294117647058824,False,deepseek-r1-distill-llama-70b,1.5,,all-at-once,extensive,2.489223323890462,,,True,False,kept or steepened,-0.8247376275749545,6.879626135293655,1.2724204174935967,0.25,True,False,no population gap,single df,7.535984848484851,0.9551274065121677,inf,3.0274442538593505,1.5422882777520266,inf,-0.1159831914858716,8,0.00625,0.9875,not read,False
deepseek-r1-distill-llama-70b | 1.5 | NA | all-at-once | extensive,bjw_score | sex,bjw_score,sex,True,79,57,22,0.9294117647058824,False,deepseek-r1-distill-llama-70b,1.5,,all-at-once,extensive,-1.0516881925550683,,,True,False,undetermined,-3.4784932878944645,2.190975756337663,4.403411142197722,0.25,True,False,no population gap,single df,0.677033492822968,0.844371793116169,inf,-0.6437587657784007,1.134935462177802,inf,0.2286508431779688,8,0.00625,0.9875,not read,False
deepseek-r1-distill-llama-70b | 1.5 | NA | all-at-once | extensive,bjw_score | education,bjw_score,education,True,79,37,42,0.9294117647058824,False,deepseek-r1-distill-llama-70b,1.5,,all-at-once,extensive,-0.1616905227452895,,,True,False,undetermined,-3.51943020478364,1.8797406260696696,3.2928006013723343,0.25,True,False,no population gap,single df,0.1325611325611326,0.9272715367108608,inf,-0.8198447893569849,1.080826157526246,inf,0.2761575693090267,8,0.00625,0.9875,not read,False
deepseek-r1-distill-llama-70b | 1.5 | NA | all-at-once | extensive,bjw_score | age,bjw_score,age,True,79,37,42,0.9294117647058824,False,deepseek-r1-distill-llama-70b,1.5,,all-at-once,extensive,0.952101303842003,,,True,False,undetermined,-3.6131660383299007,1.7558639201582196,2.89076823095069,0.25,True,False,no population gap,single df,-0.8841698841698857,0.909764063216314,inf,-0.9286510590858406,1.0747924452612447,inf,0.2457855679626082,8,0.00625,0.9875,not read,False
deepseek-r1-distill-llama-70b | 1.5 | NA | all-at-once | extensive,gut_diff | political_identity,gut_diff,political_identity,True,79,11,48,0.9294117647058824,False,deepseek-r1-distill-llama-70b,1.5,,all-at-once,extensive,2.394486143187067,,,True,False,undetermined,-1.0461630573376757,2.5315832974748966,2.4085752019119284,0.25,True,False,no population gap,single df,1.7784090909090908,0.2311543381981037,inf,0.7427101200686106,0.7162066114260104,inf,0.0578732468922539,8,0.00625,0.9875,not read,False
deepseek-r1-distill-llama-70b | 1.5 | NA | all-at-once | extensive,gut_diff | sex,gut_diff,sex,True,79,57,22,0.9294117647058824,False,deepseek-r1-distill-llama-70b,1.5,,all-at-once,extensive,2.319938946088848,,,True,False,undetermined,-1.5139845768883289,1.024503510969675,5.186080248260046,0.25,True,False,no population gap,single df,-0.5677830940988835,0.2820756240675592,inf,-0.2447405329593268,0.5081640147867098,inf,0.0108159132737862,8,0.00625,0.9875,not read,False
deepseek-r1-distill-llama-70b | 1.5 | NA | all-at-once | extensive,gut_diff | education,gut_diff,education,True,79,37,42,0.9294117647058824,False,deepseek-r1-distill-llama-70b,1.5,,all-at-once,extensive,0.880018267115041,,,True,False,undetermined,-1.2216746800862492,0.8092578286450074,4.924465384074174,0.25,True,False,no population gap,single df,-0.1814671814671815,0.2675447121912152,inf,-0.2062084257206209,0.4065596456151067,inf,0.0054334802383246,8,0.00625,0.9875,not read,False
deepseek-r1-distill-llama-70b | 1.5 | NA | all-at-once | extensive,gut_diff | age,gut_diff,age,True,79,37,42,0.9294117647058824,False,deepseek-r1-distill-llama-70b,1.5,,all-at-once,extensive,0.0983897858897859,,,True,False,undetermined,-1.2987750953461776,0.7101463328043716,3.412883562596672,0.25,True,False,no population gap,single df,-0.0289575289575289,0.2697190847458708,inf,-0.294314381270903,0.4021533853962044,inf,0.0071777992116533,8,0.00625,0.9875,not read,False
deepseek-r1-distill-llama-70b | 1.5 | NA | all-at-once | minimal,bjw_score | political_identity,bjw_score,political_identity,False,80,10,51,0.9411764705882352,False,deepseek-r1-distill-llama-70b,1.5,,all-at-once,minimal,0.1651558073654389,,,True,False,undetermined,-0.8247376275749545,6.879626135293655,1.2724204174935967,0.25,True,False,no population gap,single df,0.5,0.8952183675710448,inf,3.0274442538593505,1.5422882777520266,inf,-0.2550438531336939,8,0.00625,0.9875,not read,False
deepseek-r1-distill-llama-70b | 1.5 | NA | all-at-once | minimal,bjw_score | sex,bjw_score,sex,True,80,57,23,0.9411764705882352,False,deepseek-r1-distill-llama-70b,1.5,,all-at-once,minimal,1.1220808011313643,,,True,False,undetermined,-3.4784932878944645,2.190975756337663,4.403411142197722,0.25,True,False,no population gap,single df,-0.7223493516399664,0.5826016422620082,inf,-0.6437587657784007,1.134935462177802,inf,0.1012368038829664,8,0.00625,0.9875,not read,False
deepseek-r1-distill-llama-70b | 1.5 | NA | all-at-once | minimal,bjw_score | education,bjw_score,education,False,80,41,39,0.9411764705882352,False,deepseek-r1-distill-llama-70b,1.5,,all-at-once,minimal,-0.3882734349265789,,,True,False,undetermined,-3.51943020478364,1.8797406260696696,3.2928006013723343,0.25,True,False,no population gap,single df,0.3183239524702941,0.549075529640769,inf,-0.8198447893569849,1.080826157526246,inf,0.0408937105831022,8,0.00625,0.9875,not read,False
deepseek-r1-distill-llama-70b | 1.5 | NA | all-at-once | minimal,bjw_score | age,bjw_score,age,True,80,37,43,0.9411764705882352,False,deepseek-r1-distill-llama-70b,1.5,,all-at-once,minimal,-0.5908694087314353,,,True,False,undetermined,-3.6131660383299007,1.7558639201582196,2.89076823095069,0.25,True,False,no population gap,single df,0.5487115021998719,0.5233611934137375,inf,-0.9286510590858406,1.0747924452612447,inf,0.0303663770817557,8,0.00625,0.9875,not read,False
deepseek-r1-distill-llama-70b | 1.5 | NA | all-at-once | minimal,gut_diff | political_identity,gut_diff,political_identity,False,80,10,51,0.9411764705882352,False,deepseek-r1-distill-llama-70b,1.5,,all-at-once,minimal,0.5412081691799122,,,True,False,undetermined,-1.0461630573376757,2.5315832974748966,2.4085752019119284,0.25,True,False,no population gap,single df,0.4019607843137255,0.2032950295454144,inf,0.7427101200686106,0.7162066114260104,inf,-0.0026920177506367,8,0.00625,0.9875,not read,False
deepseek-r1-distill-llama-70b | 1.5 | NA | all-at-once | minimal,gut_diff | sex,gut_diff,sex,True,80,57,23,0.9411764705882352,False,deepseek-r1-distill-llama-70b,1.5,,all-at-once,minimal,-0.3272507917357863,,,True,False,undetermined,-1.5139845768883289,1.024503510969675,5.186080248260046,0.25,True,False,no population gap,single df,0.080091533180778,0.1671305436626742,inf,-0.2447405329593268,0.5081640147867098,inf,0.0060265337350305,8,0.00625,0.9875,not read,False
deepseek-r1-distill-llama-70b | 1.5 | NA | all-at-once | minimal,gut_diff | education,gut_diff,education,False,80,41,39,0.9411764705882352,False,deepseek-r1-distill-llama-70b,1.5,,all-at-once,minimal,0.8946787979046039,,,True,False,undetermined,-1.2216746800862492,0.8092578286450074,4.924465384074174,0.25,True,False,no population gap,single df,-0.1844903064415259,0.1654182207911728,inf,-0.2062084257206209,0.4065596456151067,inf,0.0030993281115971,8,0.00625,0.9875,not read,False
deepseek-r1-distill-llama-70b | 1.5 | NA | all-at-once | minimal,gut_diff | age,gut_diff,age,True,80,37,43,0.9411764705882352,False,deepseek-r1-distill-llama-70b,1.5,,all-at-once,minimal,-0.1815253414090623,,,True,False,undetermined,-1.2987750953461776,0.7101463328043716,3.412883562596672,0.25,True,False,no population gap,single df,0.0534255185417976,0.1707789563444114,inf,-0.294314381270903,0.4021533853962044,inf,0.0048814994566921,8,0.00625,0.9875,not read,False
deepseek-r1-distill-llama-70b | 1.5 | NA | all-at-once | none,bjw_score | political_identity,bjw_score,political_identity,False,79,8,51,0.9294117647058824,False,deepseek-r1-distill-llama-70b,1.5,,all-at-once,none,0.2550199966672223,,,True,False,undetermined,-0.8247376275749545,6.879626135293655,1.2724204174935967,0.25,True,False,no population gap,single df,0.772058823529413,0.711587670802653,inf,3.0274442538593505,1.5422882777520266,inf,-0.1548211355056085,8,0.00625,0.9875,not read,False
deepseek-r1-distill-llama-70b | 1.5 | NA | all-at-once | none,bjw_score | sex,bjw_score,sex,False,79,58,21,0.9294117647058824,False,deepseek-r1-distill-llama-70b,1.5,,all-at-once,none,0.2907799134979615,,,True,False,undetermined,-3.4784932878944645,2.190975756337663,4.403411142197722,0.25,True,False,no population gap,single df,-0.1871921182265978,0.6284569505731492,inf,-0.6437587657784007,1.134935462177802,inf,-0.097255230485254,8,0.00625,0.9875,not read,False
deepseek-r1-distill-llama-70b | 1.5 | NA | all-at-once | none,bjw_score | education,bjw_score,education,False,79,39,40,0.9294117647058824,False,deepseek-r1-distill-llama-70b,1.5,,all-at-once,none,-1.7076402974983071,,,True,False,undetermined,-3.51943020478364,1.8797406260696696,3.2928006013723343,0.25,True,False,no population gap,single df,1.3999999999999986,0.5636035330587339,inf,-0.8198447893569849,1.080826157526246,inf,-0.0077531895880368,8,0.00625,0.9875,not read,False
deepseek-r1-distill-llama-70b | 1.5 | NA | all-at-once | none,bjw_score | age,bjw_score,age,False,79,35,44,0.9294117647058824,False,deepseek-r1-distill-llama-70b,1.5,,all-at-once,none,-1.5362318953555454,,,True,False,undetermined,-3.6131660383299007,1.7558639201582196,2.89076823095069,0.25,True,False,no population gap,single df,1.4266233766233751,0.565288831912193,inf,-0.9286510590858406,1.0747924452612447,inf,-0.0066731382764815,8,0.00625,0.9875,not read,False
deepseek-r1-distill-llama-70b | 1.5 | NA | all-at-once | none,gut_diff | political_identity,gut_diff,political_identity,False,79,8,51,0.9294117647058824,False,deepseek-r1-distill-llama-70b,1.5,,all-at-once,none,-0.1914028891002128,,,True,False,undetermined,-1.0461630573376757,2.5315832974748966,2.4085752019119284,0.25,True,False,no population gap,single df,-0.142156862745098,0.271573205324379,inf,0.7427101200686106,0.7162066114260104,inf,0.0585187044163407,8,0.00625,0.9875,not read,False
deepseek-r1-distill-llama-70b | 1.5 | NA | all-at-once | none,gut_diff | sex,gut_diff,sex,False,79,58,21,0.9294117647058824,False,deepseek-r1-distill-llama-70b,1.5,,all-at-once,none,-0.4159762116485761,,,True,False,undetermined,-1.5139845768883289,1.024503510969675,5.186080248260046,0.25,True,False,no population gap,single df,0.1018062397372742,0.168565814162969,inf,-0.2447405329593268,0.5081640147867098,inf,0.001205993997035,8,0.00625,0.9875,not read,False
deepseek-r1-distill-llama-70b | 1.5 | NA | all-at-once | none,gut_diff | education,gut_diff,education,False,79,39,40,0.9294117647058824,False,deepseek-r1-distill-llama-70b,1.5,,all-at-once,none,0.4352081610146125,,,True,False,undetermined,-1.2216746800862492,0.8092578286450074,4.924465384074174,0.25,True,False,no population gap,single df,-0.0897435897435897,0.1374991918874505,inf,-0.2062084257206209,0.4065596456151067,inf,0.0057813711794231,8,0.00625,0.9875,not read,False
deepseek-r1-distill-llama-70b | 1.5 | NA | all-at-once | none,gut_diff | age,gut_diff,age,False,79,35,44,0.9294117647058824,False,deepseek-r1-distill-llama-70b,1.5,,all-at-once,none,-0.0088252656434474,,,True,False,undetermined,-1.2987750953461776,0.7101463328043716,3.412883562596672,0.25,True,False,no population gap,single df,0.0025974025974025,0.1432078242375632,inf,-0.294314381270903,0.4021533853962044,inf,0.0018298692639255,8,0.00625,0.9875,not read,False
deepseek-r1-distill-llama-70b | 1.5 | NA | item-by-item | extensive,bjw_score | political_identity,bjw_score,political_identity,True,73,11,45,0.8588235294117647,False,deepseek-r1-distill-llama-70b,1.5,,item-by-item,extensive,1.558803903053193,,,True,False,undetermined,-0.8247376275749545,6.879626135293655,1.2724204174935967,0.25,True,False,no population gap,single df,4.719191919191918,0.6499687775194716,inf,3.0274442538593505,1.5422882777520266,inf,0.2481634895525681,8,0.00625,0.9875,not read,False
deepseek-r1-distill-llama-70b | 1.5 | NA | item-by-item | extensive,bjw_score | sex,bjw_score,sex,True,73,55,18,0.8588235294117647,False,deepseek-r1-distill-llama-70b,1.5,,item-by-item,extensive,1.4827688651218052,,,True,False,undetermined,-3.4784932878944645,2.190975756337663,4.403411142197722,0.25,True,False,no population gap,single df,-0.9545454545454533,0.6181394419387921,inf,-0.6437587657784007,1.134935462177802,inf,0.0486800570344939,8,0.00625,0.9875,not read,False
deepseek-r1-distill-llama-70b | 1.5 | NA | item-by-item | extensive,bjw_score | education,bjw_score,education,True,73,36,37,0.8588235294117647,False,deepseek-r1-distill-llama-70b,1.5,,item-by-item,extensive,0.2078691267332238,,,True,False,undetermined,-3.51943020478364,1.8797406260696696,3.2928006013723343,0.25,True,False,no population gap,single df,-0.1704204204204202,0.6533105226337924,inf,-0.8198447893569849,1.080826157526246,inf,0.1573953130400701,8,0.00625,0.9875,not read,False
deepseek-r1-distill-llama-70b | 1.5 | NA | item-by-item | extensive,bjw_score | age,bjw_score,age,True,73,32,41,0.8588235294117647,False,deepseek-r1-distill-llama-70b,1.5,,item-by-item,extensive,-0.4202266272362612,,,True,False,undetermined,-3.6131660383299007,1.7558639201582196,2.89076823095069,0.25,True,False,no population gap,single df,0.3902439024390247,0.6560280209539561,inf,-0.9286510590858406,1.0747924452612447,inf,0.1382820395677476,8,0.00625,0.9875,not read,False
deepseek-r1-distill-llama-70b | 1.5 | NA | item-by-item | extensive,gut_diff | political_identity,gut_diff,political_identity,True,73,11,45,0.8588235294117647,False,deepseek-r1-distill-llama-70b,1.5,,item-by-item,extensive,3.72373620733898,,,True,False,kept or steepened,-1.0461630573376757,2.5315832974748966,2.4085752019119284,0.25,True,False,no population gap,single df,2.765656565656566,0.3601726493863033,inf,0.7427101200686106,0.7162066114260104,inf,0.0278591936083853,8,0.00625,0.9875,not read,False
deepseek-r1-distill-llama-70b | 1.5 | NA | item-by-item | extensive,gut_diff | sex,gut_diff,sex,True,73,55,18,0.8588235294117647,False,deepseek-r1-distill-llama-70b,1.5,,item-by-item,extensive,2.728100489132007,,,True,False,undetermined,-1.5139845768883289,1.024503510969675,5.186080248260046,0.25,True,False,no population gap,single df,-0.6676767676767676,0.4037280556415963,inf,-0.2447405329593268,0.5081640147867098,inf,0.0216951879558547,8,0.00625,0.9875,not read,False
deepseek-r1-distill-llama-70b | 1.5 | NA | item-by-item | extensive,gut_diff | education,gut_diff,education,True,73,36,37,0.8588235294117647,False,deepseek-r1-distill-llama-70b,1.5,,item-by-item,extensive,-2.686864283638476,,,True,False,undetermined,-1.2216746800862492,0.8092578286450074,4.924465384074174,0.25,True,False,no population gap,single df,0.554054054054054,0.391397765163971,inf,-0.2062084257206209,0.4065596456151067,inf,0.0250700625832321,8,0.00625,0.9875,not read,False
deepseek-r1-distill-llama-70b | 1.5 | NA | item-by-item | extensive,gut_diff | age,gut_diff,age,True,73,32,41,0.8588235294117647,False,deepseek-r1-distill-llama-70b,1.5,,item-by-item,extensive,-1.3207628880266074,,,True,False,undetermined,-1.2987750953461776,0.7101463328043716,3.412883562596672,0.25,True,False,no population gap,single df,0.3887195121951219,0.3921819692627987,inf,-0.294314381270903,0.4021533853962044,inf,0.0329744246588385,8,0.00625,0.9875,not read,False
deepseek-r1-distill-llama-70b | 1.5 | NA | item-by-item | minimal,bjw_score | political_identity,bjw_score,political_identity,False,75,9,48,0.8823529411764706,False,deepseek-r1-distill-llama-70b,1.5,,item-by-item,minimal,-0.3326054453887307,,,True,False,reversed or missing,-0.8247376275749545,6.879626135293655,1.2724204174935967,0.25,True,False,no population gap,single df,-1.0069444444444429,0.4920277382688669,inf,3.0274442538593505,1.5422882777520266,inf,0.2057231279135913,8,0.00625,0.9875,not read,False
deepseek-r1-distill-llama-70b | 1.5 | NA | item-by-item | minimal,bjw_score | sex,bjw_score,sex,True,75,54,21,0.8823529411764706,False,deepseek-r1-distill-llama-70b,1.5,,item-by-item,minimal,0.439712510518614,,,True,False,undetermined,-3.4784932878944645,2.190975756337663,4.403411142197722,0.25,True,False,no population gap,single df,-0.283068783068785,0.4562512525451346,inf,-0.6437587657784007,1.134935462177802,inf,0.0900238950643869,8,0.00625,0.9875,not read,False
deepseek-r1-distill-llama-70b | 1.5 | NA | item-by-item | minimal,bjw_score | education,bjw_score,education,False,75,34,41,0.8823529411764706,False,deepseek-r1-distill-llama-70b,1.5,,item-by-item,minimal,-0.1391242095215358,,,True,False,undetermined,-3.51943020478364,1.8797406260696696,3.2928006013723343,0.25,True,False,no population gap,single df,0.1140602582496406,0.433817949792411,inf,-0.8198447893569849,1.080826157526246,inf,0.0814023373010154,8,0.00625,0.9875,not read,False
deepseek-r1-distill-llama-70b | 1.5 | NA | item-by-item | minimal,bjw_score | age,bjw_score,age,True,75,34,41,0.8823529411764706,False,deepseek-r1-distill-llama-70b,1.5,,item-by-item,minimal,-0.8180514673588222,,,True,False,undetermined,-3.6131660383299007,1.7558639201582196,2.89076823095069,0.25,True,False,no population gap,single df,0.7596843615494961,0.4239045968486302,inf,-0.9286510590858406,1.0747924452612447,inf,0.0686804179756311,8,0.00625,0.9875,not read,False
deepseek-r1-distill-llama-70b | 1.5 | NA | item-by-item | minimal,gut_diff | political_identity,gut_diff,political_identity,False,75,9,48,0.8823529411764706,False,deepseek-r1-distill-llama-70b,1.5,,item-by-item,minimal,-0.5423081857839362,,,True,False,undetermined,-1.0461630573376757,2.5315832974748966,2.4085752019119284,0.25,True,False,no population gap,single df,-0.4027777777777777,0.610526394500499,inf,0.7427101200686106,0.7162066114260104,inf,0.0646695893798736,8,0.00625,0.9875,not read,False
deepseek-r1-distill-llama-70b | 1.5 | NA | item-by-item | minimal,gut_diff | sex,gut_diff,sex,True,75,54,21,0.8823529411764706,False,deepseek-r1-distill-llama-70b,1.5,,item-by-item,minimal,1.156607692424311,,,True,False,undetermined,-1.5139845768883289,1.024503510969675,5.186080248260046,0.25,True,False,no population gap,single df,-0.283068783068783,0.4442067340169134,inf,-0.2447405329593268,0.5081640147867098,inf,-0.0363833332267001,8,0.00625,0.9875,not read,False
deepseek-r1-distill-llama-70b | 1.5 | NA | item-by-item | minimal,gut_diff | education,gut_diff,education,False,75,34,41,0.8823529411764706,False,deepseek-r1-distill-llama-70b,1.5,,item-by-item,minimal,-3.24920936116382,,,True,False,undetermined,-1.2216746800862492,0.8092578286450074,4.924465384074174,0.25,True,False,no population gap,single df,0.6700143472022956,0.3471304472461294,inf,-0.2062084257206209,0.4065596456151067,inf,-0.0133559339597568,8,0.00625,0.9875,not read,False
deepseek-r1-distill-llama-70b | 1.5 | NA | item-by-item | minimal,gut_diff | age,gut_diff,age,True,75,34,41,0.8823529411764706,False,deepseek-r1-distill-llama-70b,1.5,,item-by-item,minimal,-3.1905487804878043,,,True,False,undetermined,-1.2987750953461776,0.7101463328043716,3.412883562596672,0.25,True,False,no population gap,single df,0.9390243902439024,0.3510033994593516,inf,-0.294314381270903,0.4021533853962044,inf,-0.0136782708076197,8,0.00625,0.9875,not read,False
deepseek-r1-distill-llama-70b | 1.5 | NA | item-by-item | none,bjw_score | political_identity,bjw_score,political_identity,False,69,10,40,0.8117647058823529,False,deepseek-r1-distill-llama-70b,1.5,,item-by-item,none,-0.0743201133144468,,,True,False,undetermined,-0.8247376275749545,6.879626135293655,1.2724204174935967,0.25,True,False,no population gap,single df,-0.2249999999999978,0.563774850344882,inf,3.0274442538593505,1.5422882777520266,inf,-0.1313914229140656,8,0.00625,0.9875,not read,False
deepseek-r1-distill-llama-70b | 1.5 | NA | item-by-item | none,bjw_score | sex,bjw_score,sex,False,69,50,19,0.8117647058823529,False,deepseek-r1-distill-llama-70b,1.5,,item-by-item,none,-0.7570668501318624,,,True,False,undetermined,-3.4784932878944645,2.190975756337663,4.403411142197722,0.25,True,False,no population gap,single df,0.4873684210526292,0.4412907614600311,inf,-0.6437587657784007,1.134935462177802,inf,-0.0753874291133545,8,0.00625,0.9875,not read,False
deepseek-r1-distill-llama-70b | 1.5 | NA | item-by-item | none,bjw_score | education,bjw_score,education,False,69,31,38,0.8117647058823529,False,deepseek-r1-distill-llama-70b,1.5,,item-by-item,none,-0.9588133128082909,,,True,False,undetermined,-3.51943020478364,1.8797406260696696,3.2928006013723343,0.25,True,False,no population gap,single df,0.786078098471986,0.3125932141293895,inf,-0.8198447893569849,1.080826157526246,inf,0.0363576377666719,8,0.00625,0.9875,not read,False
deepseek-r1-distill-llama-70b | 1.5 | NA | item-by-item | none,bjw_score | age,bjw_score,age,False,69,32,37,0.8117647058823529,False,deepseek-r1-distill-llama-70b,1.5,,item-by-item,none,0.1873539956523165,,,True,False,undetermined,-3.6131660383299007,1.7558639201582196,2.89076823095069,0.25,True,False,no population gap,single df,-0.1739864864864877,0.3436986389500054,inf,-0.9286510590858406,1.0747924452612447,inf,0.0248684546242325,8,0.00625,0.9875,not read,False
deepseek-r1-distill-llama-70b | 1.5 | NA | item-by-item | none,gut_diff | political_identity,gut_diff,political_identity,False,69,10,40,0.8117647058823529,False,deepseek-r1-distill-llama-70b,1.5,,item-by-item,none,0.5722286374133949,,,True,False,undetermined,-1.0461630573376757,2.5315832974748966,2.4085752019119284,0.25,True,False,no population gap,single df,0.425,0.5021122889464178,inf,0.7427101200686106,0.7162066114260104,inf,0.0167046851717162,8,0.00625,0.9875,not read,False
deepseek-r1-distill-llama-70b | 1.5 | NA | item-by-item | none,gut_diff | sex,gut_diff,sex,False,69,50,19,0.8117647058823529,False,deepseek-r1-distill-llama-70b,1.5,,item-by-item,none,-0.0,,,True,False,undetermined,-1.5139845768883289,1.024503510969675,5.186080248260046,0.25,True,False,no population gap,single df,0.0,0.44986697910793,inf,-0.2447405329593268,0.5081640147867098,inf,0.0154722465673342,8,0.00625,0.9875,not read,False
deepseek-r1-distill-llama-70b | 1.5 | NA | item-by-item | none,gut_diff | education,gut_diff,education,False,69,31,38,0.8117647058823529,False,deepseek-r1-distill-llama-70b,1.5,,item-by-item,none,1.7043102031874684,,,True,False,undetermined,-1.2216746800862492,0.8092578286450074,4.924465384074174,0.25,True,False,no population gap,single df,-0.3514431239388794,0.3556781474433932,inf,-0.2062084257206209,0.4065596456151067,inf,0.0162976761149313,8,0.00625,0.9875,not read,False
deepseek-r1-distill-llama-70b | 1.5 | NA | item-by-item | none,gut_diff | age,gut_diff,age,False,69,32,37,0.8117647058823529,False,deepseek-r1-distill-llama-70b,1.5,,item-by-item,none,0.3960188882063882,,,True,False,undetermined,-1.2987750953461776,0.7101463328043716,3.412883562596672,0.25,True,False,no population gap,single df,-0.116554054054054,0.3608710919023906,inf,-0.294314381270903,0.4021533853962044,inf,0.0206543593104554,8,0.00625,0.9875,not read,False
deepseek-r1-distill-llama-70b | 1.5 | NA | scale-by-scale | extensive,bjw_score | political_identity,bjw_score,political_identity,True,83,11,51,0.976470588235294,False,deepseek-r1-distill-llama-70b,1.5,,scale-by-scale,extensive,2.219152363494972,,,True,False,kept or steepened,-0.8247376275749545,6.879626135293655,1.2724204174935967,0.25,True,False,no population gap,single df,6.718360071301248,0.9598792338629384,inf,3.0274442538593505,1.5422882777520266,inf,-0.0430173486601936,8,0.00625,0.9875,not read,False
deepseek-r1-distill-llama-70b | 1.5 | NA | scale-by-scale | extensive,bjw_score | sex,bjw_score,sex,True,83,61,22,0.976470588235294,False,deepseek-r1-distill-llama-70b,1.5,,scale-by-scale,extensive,2.506006708031779,,,True,False,undetermined,-3.4784932878944645,2.190975756337663,4.403411142197722,0.25,True,False,no population gap,single df,-1.6132637853949312,0.8804204166612309,inf,-0.6437587657784007,1.134935462177802,inf,0.34639700784725,8,0.00625,0.9875,not read,False
deepseek-r1-distill-llama-70b | 1.5 | NA | scale-by-scale | extensive,bjw_score | education,bjw_score,education,True,83,40,43,0.976470588235294,False,deepseek-r1-distill-llama-70b,1.5,,scale-by-scale,extensive,0.7240451593628644,,,True,False,undetermined,-3.51943020478364,1.8797406260696696,3.2928006013723343,0.25,True,False,no population gap,single df,-0.5936046511627922,0.9212133922528726,inf,-0.8198447893569849,1.080826157526246,inf,0.2428763309772774,8,0.00625,0.9875,not read,False
deepseek-r1-distill-llama-70b | 1.5 | NA | scale-by-scale | extensive,bjw_score | age,bjw_score,age,True,83,38,45,0.976470588235294,False,deepseek-r1-distill-llama-70b,1.5,,scale-by-scale,extensive,0.2632252901160458,,,True,False,undetermined,-3.6131660383299007,1.7558639201582196,2.89076823095069,0.25,True,False,no population gap,single df,-0.2444444444444435,0.941164679365375,inf,-0.9286510590858406,1.0747924452612447,inf,0.2341545659859029,8,0.00625,0.9875,not read,False
deepseek-r1-distill-llama-70b | 1.5 | NA | scale-by-scale | extensive,gut_diff | political_identity,gut_diff,political_identity,True,83,11,51,0.976470588235294,False,deepseek-r1-distill-llama-70b,1.5,,scale-by-scale,extensive,2.452837023955079,,,True,False,undetermined,-1.0461630573376757,2.5315832974748966,2.4085752019119284,0.25,True,False,no population gap,single df,1.82174688057041,0.2090635384135286,inf,0.7427101200686106,0.7162066114260104,inf,0.0379908786988177,8,0.00625,0.9875,not read,False
deepseek-r1-distill-llama-70b | 1.5 | NA | scale-by-scale | extensive,gut_diff | sex,gut_diff,sex,True,83,61,22,0.976470588235294,False,deepseek-r1-distill-llama-70b,1.5,,scale-by-scale,extensive,1.175246285960739,,,True,False,undetermined,-1.5139845768883289,1.024503510969675,5.186080248260046,0.25,True,False,no population gap,single df,-0.2876304023845007,0.2763921436076479,inf,-0.2447405329593268,0.5081640147867098,inf,0.0061296215570472,8,0.00625,0.9875,not read,False
deepseek-r1-distill-llama-70b | 1.5 | NA | scale-by-scale | extensive,gut_diff | education,gut_diff,education,True,83,40,43,0.976470588235294,False,deepseek-r1-distill-llama-70b,1.5,,scale-by-scale,extensive,0.5103213303325829,,,True,False,undetermined,-1.2216746800862492,0.8092578286450074,4.924465384074174,0.25,True,False,no population gap,single df,-0.1052325581395348,0.2468358670988117,inf,-0.2062084257206209,0.4065596456151067,inf,0.0146164243908494,8,0.00625,0.9875,not read,False
deepseek-r1-distill-llama-70b | 1.5 | NA | scale-by-scale | extensive,gut_diff | age,gut_diff,age,True,83,38,45,0.976470588235294,False,deepseek-r1-distill-llama-70b,1.5,,scale-by-scale,extensive,-0.755050505050505,,,True,False,undetermined,-1.2987750953461776,0.7101463328043716,3.412883562596672,0.25,True,False,no population gap,single df,0.2222222222222222,0.2455778666104778,inf,-0.294314381270903,0.4021533853962044,inf,0.0152401352466232,8,0.00625,0.9875,not read,False
deepseek-r1-distill-llama-70b | 1.5 | NA | scale-by-scale | minimal,bjw_score | political_identity,bjw_score,political_identity,False,83,11,51,0.976470588235294,False,deepseek-r1-distill-llama-70b,1.5,,scale-by-scale,minimal,-0.6093984335944002,,,True,False,reversed or missing,-0.8247376275749545,6.879626135293655,1.2724204174935967,0.25,True,False,no population gap,single df,-1.844919786096256,0.8982651046660998,inf,3.0274442538593505,1.5422882777520266,inf,0.7529808363411234,8,0.00625,0.9875,not read,False
deepseek-r1-distill-llama-70b | 1.5 | NA | scale-by-scale | minimal,bjw_score | sex,bjw_score,sex,True,83,60,23,0.976470588235294,False,deepseek-r1-distill-llama-70b,1.5,,scale-by-scale,minimal,1.762745098039216,,,True,False,undetermined,-3.4784932878944645,2.190975756337663,4.403411142197722,0.25,True,False,no population gap,single df,-1.1347826086956516,0.7328136796047738,inf,-0.6437587657784007,1.134935462177802,inf,0.0445939782040887,8,0.00625,0.9875,not read,False
deepseek-r1-distill-llama-70b | 1.5 | NA | scale-by-scale | minimal,bjw_score | education,bjw_score,education,False,83,40,43,0.976470588235294,False,deepseek-r1-distill-llama-70b,1.5,,scale-by-scale,minimal,0.034039341478369,,,True,False,undetermined,-3.51943020478364,1.8797406260696696,3.2928006013723343,0.25,True,False,no population gap,single df,-0.0279069767441839,0.5919959717311724,inf,-0.8198447893569849,1.080826157526246,inf,0.0032886391467813,8,0.00625,0.9875,not read,False
deepseek-r1-distill-llama-70b | 1.5 | NA | scale-by-scale | minimal,bjw_score | age,bjw_score,age,True,83,38,45,0.976470588235294,False,deepseek-r1-distill-llama-70b,1.5,,scale-by-scale,minimal,-1.9156251974474,,,True,False,reversed to attenuated,-3.6131660383299007,1.7558639201582196,2.89076823095069,0.25,True,False,no population gap,single df,1.7789473684210506,0.5785259639698365,inf,-0.9286510590858406,1.0747924452612447,inf,0.0020189716949117,8,0.00625,0.9875,not read,False
deepseek-r1-distill-llama-70b | 1.5 | NA | scale-by-scale | minimal,gut_diff | political_identity,gut_diff,political_identity,False,83,11,51,0.976470588235294,False,deepseek-r1-distill-llama-70b,1.5,,scale-by-scale,minimal,0.0312004709505048,,,True,False,undetermined,-1.0461630573376757,2.5315832974748966,2.4085752019119284,0.25,True,False,no population gap,single df,0.0231729055258466,0.2013595098924416,inf,0.7427101200686106,0.7162066114260104,inf,-0.0363561539020634,8,0.00625,0.9875,not read,False
deepseek-r1-distill-llama-70b | 1.5 | NA | scale-by-scale | minimal,gut_diff | sex,gut_diff,sex,True,83,60,23,0.976470588235294,False,deepseek-r1-distill-llama-70b,1.5,,scale-by-scale,minimal,1.575167144221585,,,True,False,undetermined,-1.5139845768883289,1.024503510969675,5.186080248260046,0.25,True,False,no population gap,single df,-0.3855072463768116,0.1901433226486253,inf,-0.2447405329593268,0.5081640147867098,inf,0.0126495200560521,8,0.00625,0.9875,not read,False
deepseek-r1-distill-llama-70b | 1.5 | NA | scale-by-scale | minimal,gut_diff | education,gut_diff,education,False,83,40,43,0.976470588235294,False,deepseek-r1-distill-llama-70b,1.5,,scale-by-scale,minimal,0.4539322330582644,,,True,False,undetermined,-1.2216746800862492,0.8092578286450074,4.924465384074174,0.25,True,False,no population gap,single df,-0.0936046511627907,0.1666113801856393,inf,-0.2062084257206209,0.4065596456151067,inf,0.0056785883701399,8,0.00625,0.9875,not read,False
deepseek-r1-distill-llama-70b | 1.5 | NA | scale-by-scale | minimal,gut_diff | age,gut_diff,age,True,83,38,45,0.976470588235294,False,deepseek-r1-distill-llama-70b,1.5,,scale-by-scale,minimal,-0.9577219564061666,,,True,False,undetermined,-1.2987750953461776,0.7101463328043716,3.412883562596672,0.25,True,False,no population gap,single df,0.2818713450292397,0.1651985115806723,inf,-0.294314381270903,0.4021533853962044,inf,0.0069949611036984,8,0.00625,0.9875,not read,False
deepseek-r1-distill-llama-70b | 1.5 | NA | scale-by-scale | none,bjw_score | political_identity,bjw_score,political_identity,False,81,10,51,0.9529411764705882,False,deepseek-r1-distill-llama-70b,1.5,,scale-by-scale,none,-0.036269510637117,,,True,False,undetermined,-0.8247376275749545,6.879626135293655,1.2724204174935967,0.25,True,False,no population gap,single df,-0.1098039215686306,1.19219052097423,inf,3.0274442538593505,1.5422882777520266,inf,-0.2553125204160006,8,0.00625,0.9875,not read,False
deepseek-r1-distill-llama-70b | 1.5 | NA | scale-by-scale | none,bjw_score | sex,bjw_score,sex,False,81,59,22,0.9529411764705882,False,deepseek-r1-distill-llama-70b,1.5,,scale-by-scale,none,0.6474398353760282,,,True,False,undetermined,-3.4784932878944645,2.190975756337663,4.403411142197722,0.25,True,False,no population gap,single df,-0.4167950693374429,0.9342657884078852,inf,-0.6437587657784007,1.134935462177802,inf,-0.0814078629813153,8,0.00625,0.9875,not read,False
deepseek-r1-distill-llama-70b | 1.5 | NA | scale-by-scale | none,bjw_score | education,bjw_score,education,False,81,41,40,0.9529411764705882,False,deepseek-r1-distill-llama-70b,1.5,,scale-by-scale,none,-1.9136578769438768,,,True,False,undetermined,-3.51943020478364,1.8797406260696696,3.2928006013723343,0.25,True,False,no population gap,single df,1.568902439024388,0.8753278698171998,inf,-0.8198447893569849,1.080826157526246,inf,-0.1457859941514774,8,0.00625,0.9875,not read,False
deepseek-r1-distill-llama-70b | 1.5 | NA | scale-by-scale | none,bjw_score | age,bjw_score,age,False,81,38,43,0.9529411764705882,False,deepseek-r1-distill-llama-70b,1.5,,scale-by-scale,none,-0.4896482460793383,,,True,False,undetermined,-3.6131660383299007,1.7558639201582196,2.89076823095069,0.25,True,False,no population gap,single df,0.4547123623011018,0.8552345658129306,inf,-0.9286510590858406,1.0747924452612447,inf,-0.1524348322548157,8,0.00625,0.9875,not read,False
deepseek-r1-distill-llama-70b | 1.5 | NA | scale-by-scale | none,gut_diff | political_identity,gut_diff,political_identity,False,81,10,51,0.9529411764705882,False,deepseek-r1-distill-llama-70b,1.5,,scale-by-scale,none,-0.2587239052664946,,,True,False,undetermined,-1.0461630573376757,2.5315832974748966,2.4085752019119284,0.25,True,False,no population gap,single df,-0.192156862745098,0.2427478705852522,inf,0.7427101200686106,0.7162066114260104,inf,0.0071748344025258,8,0.00625,0.9875,not read,False
deepseek-r1-distill-llama-70b | 1.5 | NA | scale-by-scale | none,gut_diff | sex,gut_diff,sex,False,81,59,22,0.9529411764705882,False,deepseek-r1-distill-llama-70b,1.5,,scale-by-scale,none,-0.3620072317561512,,,True,False,undetermined,-1.5139845768883289,1.024503510969675,5.186080248260046,0.25,True,False,no population gap,single df,0.088597842835131,0.2243859246706776,inf,-0.2447405329593268,0.5081640147867098,inf,0.0191460036434896,8,0.00625,0.9875,not read,False
deepseek-r1-distill-llama-70b | 1.5 | NA | scale-by-scale | none,gut_diff | education,gut_diff,education,False,81,41,40,0.9529411764705882,False,deepseek-r1-distill-llama-70b,1.5,,scale-by-scale,none,-0.3134408602150536,,,True,False,undetermined,-1.2216746800862492,0.8092578286450074,4.924465384074174,0.25,True,False,no population gap,single df,0.0646341463414634,0.1914026650693318,inf,-0.2062084257206209,0.4065596456151067,inf,0.0010704526054311,8,0.00625,0.9875,not read,False
deepseek-r1-distill-llama-70b | 1.5 | NA | scale-by-scale | none,gut_diff | age,gut_diff,age,False,81,38,43,0.9529411764705882,False,deepseek-r1-distill-llama-70b,1.5,,scale-by-scale,none,-0.5822298876154445,,,True,False,undetermined,-1.2987750953461776,0.7101463328043716,3.412883562596672,0.25,True,False,no population gap,single df,0.1713586291309669,0.191804676006722,inf,-0.294314381270903,0.4021533853962044,inf,0.0049893543408382,8,0.00625,0.9875,not read,False
gpt-3.5-turbo-0125 | 0 | NA | all-at-once | extensive,bjw_score | political_identity,bjw_score,political_identity,True,85,11,53,1.0,False,gpt-3.5-turbo-0125,0.0,,all-at-once,extensive,-0.082152974504249,,,True,False,undetermined,-0.8247376275749545,6.879626135293655,1.2724204174935967,0.25,True,False,no population gap,single df,-0.2487135506003426,0.5142441731895321,inf,3.0274442538593505,1.5422882777520266,inf,-0.1919644922612527,8,0.00625,0.9875,not read,False
gpt-3.5-turbo-0125 | 0 | NA | all-at-once | extensive,bjw_score | sex,bjw_score,sex,True,85,62,23,1.0,False,gpt-3.5-turbo-0125,0.0,,all-at-once,extensive,0.9477124183006552,,,True,False,undetermined,-3.4784932878944645,2.190975756337663,4.403411142197722,0.25,True,False,no population gap,single df,-0.6100981767180933,0.4163355475165073,inf,-0.6437587657784007,1.134935462177802,inf,-0.0512722219266405,8,0.00625,0.9875,not read,False
gpt-3.5-turbo-0125 | 0 | NA | all-at-once | extensive,bjw_score | education,bjw_score,education,True,85,41,44,1.0,False,gpt-3.5-turbo-0125,0.0,,all-at-once,extensive,-0.1690331304935789,,,True,False,undetermined,-3.51943020478364,1.8797406260696696,3.2928006013723343,0.25,True,False,no population gap,single df,0.1385809312638599,0.4210294488129399,inf,-0.8198447893569849,1.080826157526246,inf,0.0405596904392541,8,0.00625,0.9875,not read,False
gpt-3.5-turbo-0125 | 0 | NA | all-at-once | extensive,bjw_score | age,bjw_score,age,True,85,39,46,1.0,False,gpt-3.5-turbo-0125,0.0,,all-at-once,extensive,0.2791116446578656,,,True,False,undetermined,-3.6131660383299007,1.7558639201582196,2.89076823095069,0.25,True,False,no population gap,single df,-0.2591973244147176,0.4134660307470083,inf,-0.9286510590858406,1.0747924452612447,inf,0.0278969840290466,8,0.00625,0.9875,not read,False
gpt-3.5-turbo-0125 | 0 | NA | all-at-once | extensive,gut_diff | political_identity,gut_diff,political_identity,True,85,11,53,1.0,False,gpt-3.5-turbo-0125,0.0,,all-at-once,extensive,-0.1732101616628175,,,True,False,undetermined,-1.0461630573376757,2.5315832974748966,2.4085752019119284,0.25,True,False,no population gap,single df,-0.1286449399656947,0.3505280385753072,inf,0.7427101200686106,0.7162066114260104,inf,-0.0133440448700791,8,0.00625,0.9875,not read,False
gpt-3.5-turbo-0125 | 0 | NA | all-at-once | extensive,gut_diff | sex,gut_diff,sex,True,85,62,23,1.0,False,gpt-3.5-turbo-0125,0.0,,all-at-once,extensive,0.126074498567335,,,True,False,undetermined,-1.5139845768883289,1.024503510969675,5.186080248260046,0.25,True,False,no population gap,single df,-0.0308555399719494,0.2545589096460535,inf,-0.2447405329593268,0.5081640147867098,inf,0.0233077203848278,8,0.00625,0.9875,not read,False
gpt-3.5-turbo-0125 | 0 | NA | all-at-once | extensive,gut_diff | education,gut_diff,education,True,85,41,44,1.0,False,gpt-3.5-turbo-0125,0.0,,all-at-once,extensive,-0.5188172043010754,,,True,False,undetermined,-1.2216746800862492,0.8092578286450074,4.924465384074174,0.25,True,False,no population gap,single df,0.1069844789356985,0.2234804673720111,inf,-0.2062084257206209,0.4065596456151067,inf,0.0086517390291871,8,0.00625,0.9875,not read,False
gpt-3.5-turbo-0125 | 0 | NA | all-at-once | extensive,gut_diff | age,gut_diff,age,True,85,39,46,1.0,False,gpt-3.5-turbo-0125,0.0,,all-at-once,extensive,0.4886363636363632,,,True,False,undetermined,-1.2987750953461776,0.7101463328043716,3.412883562596672,0.25,True,False,no population gap,single df,-0.1438127090301002,0.2224464346738117,inf,-0.294314381270903,0.4021533853962044,inf,0.0065990277753021,8,0.00625,0.9875,not read,False
gpt-3.5-turbo-0125 | 0 | NA | all-at-once | minimal,bjw_score | political_identity,bjw_score,political_identity,False,85,11,53,1.0,False,gpt-3.5-turbo-0125,0.0,,all-at-once,minimal,0.001133144475921,,,True,False,undetermined,-0.8247376275749545,6.879626135293655,1.2724204174935967,0.25,True,False,no population gap,single df,0.0034305317324196,0.5924782651566703,inf,3.0274442538593505,1.5422882777520266,inf,0.138438786242307,8,0.00625,0.9875,not read,False
gpt-3.5-turbo-0125 | 0 | NA | all-at-once | minimal,bjw_score | sex,bjw_score,sex,True,85,62,23,1.0,False,gpt-3.5-turbo-0125,0.0,,all-at-once,minimal,-0.0,,,True,False,undetermined,-3.4784932878944645,2.190975756337663,4.403411142197722,0.25,True,False,no population gap,single df,0.0,0.4758169435966942,inf,-0.6437587657784007,1.134935462177802,inf,0.0512337300671551,8,0.00625,0.9875,not read,False
gpt-3.5-turbo-0125 | 0 | NA | all-at-once | minimal,bjw_score | education,bjw_score,education,False,85,41,44,1.0,False,gpt-3.5-turbo-0125,0.0,,all-at-once,minimal,-0.0,,,True,False,undetermined,-3.51943020478364,1.8797406260696696,3.2928006013723343,0.25,True,False,no population gap,single df,0.0,0.4007248759483238,inf,-0.8198447893569849,1.080826157526246,inf,0.0790158492018231,8,0.00625,0.9875,not read,False
gpt-3.5-turbo-0125 | 0 | NA | all-at-once | minimal,bjw_score | age,bjw_score,age,True,85,39,46,1.0,False,gpt-3.5-turbo-0125,0.0,,all-at-once,minimal,1.0714285714285734,,,True,False,undetermined,-3.6131660383299007,1.7558639201582196,2.89076823095069,0.25,True,False,no population gap,single df,-0.9949832775919738,0.3800945884718392,inf,-0.9286510590858406,1.0747924452612447,inf,0.0656342758171761,8,0.00625,0.9875,not read,False
gpt-3.5-turbo-0125 | 0 | NA | all-at-once | minimal,gut_diff | political_identity,gut_diff,political_identity,False,85,11,53,1.0,False,gpt-3.5-turbo-0125,0.0,,all-at-once,minimal,0.0900692840646652,,,True,False,undetermined,-1.0461630573376757,2.5315832974748966,2.4085752019119284,0.25,True,False,no population gap,single df,0.0668953687821612,0.4142118166178319,inf,0.7427101200686106,0.7162066114260104,inf,0.02079243815517,8,0.00625,0.9875,not read,False
gpt-3.5-turbo-0125 | 0 | NA | all-at-once | minimal,gut_diff | sex,gut_diff,sex,True,85,62,23,1.0,False,gpt-3.5-turbo-0125,0.0,,all-at-once,minimal,0.3180515759312319,,,True,False,undetermined,-1.5139845768883289,1.024503510969675,5.186080248260046,0.25,True,False,no population gap,single df,-0.0778401122019635,0.2651809185605295,inf,-0.2447405329593268,0.5081640147867098,inf,0.0153957318515049,8,0.00625,0.9875,not read,False
gpt-3.5-turbo-0125 | 0 | NA | all-at-once | minimal,gut_diff | education,gut_diff,education,False,85,41,44,1.0,False,gpt-3.5-turbo-0125,0.0,,all-at-once,minimal,-1.8333333333333328,,,True,False,undetermined,-1.2216746800862492,0.8092578286450074,4.924465384074174,0.25,True,False,no population gap,single df,0.3780487804878049,0.2421806346253538,inf,-0.2062084257206209,0.4065596456151067,inf,-0.0008732953891432,8,0.00625,0.9875,not read,False
gpt-3.5-turbo-0125 | 0 | NA | all-at-once | minimal,gut_diff | age,gut_diff,age,True,85,39,46,1.0,False,gpt-3.5-turbo-0125,0.0,,all-at-once,minimal,-4.570075757575757,,,True,False,reversed,-1.2987750953461776,0.7101463328043716,3.412883562596672,0.25,True,False,no population gap,single df,1.3450390189520625,0.1888587670421706,inf,-0.294314381270903,0.4021533853962044,inf,0.0043061845545881,8,0.00625,0.9875,not read,False
gpt-3.5-turbo-0125 | 0 | NA | all-at-once | none,bjw_score | political_identity,bjw_score,political_identity,False,85,11,53,1.0,False,gpt-3.5-turbo-0125,0.0,,all-at-once,none,0.0,,,True,False,undetermined,-0.8247376275749545,6.879626135293655,1.2724204174935967,0.25,True,False,no population gap,single df,0.0,0.0,inf,3.0274442538593505,1.5422882777520266,inf,0.0,8,0.00625,0.9875,not read,False
gpt-3.5-turbo-0125 | 0 | NA | all-at-once | none,bjw_score | sex,bjw_score,sex,False,85,62,23,1.0,False,gpt-3.5-turbo-0125,0.0,,all-at-once,none,-0.0,,,True,False,undetermined,-3.4784932878944645,2.190975756337663,4.403411142197722,0.25,True,False,no population gap,single df,0.0,0.0,inf,-0.6437587657784007,1.134935462177802,inf,0.0,8,0.00625,0.9875,not read,False
gpt-3.5-turbo-0125 | 0 | NA | all-at-once | none,bjw_score | education,bjw_score,education,False,85,41,44,1.0,False,gpt-3.5-turbo-0125,0.0,,all-at-once,none,-0.0,,,True,False,undetermined,-3.51943020478364,1.8797406260696696,3.2928006013723343,0.25,True,False,no population gap,single df,0.0,0.0,inf,-0.8198447893569849,1.080826157526246,inf,0.0,8,0.00625,0.9875,not read,False
gpt-3.5-turbo-0125 | 0 | NA | all-at-once | none,bjw_score | age,bjw_score,age,False,85,39,46,1.0,False,gpt-3.5-turbo-0125,0.0,,all-at-once,none,-0.0,,,True,False,undetermined,-3.6131660383299007,1.7558639201582196,2.89076823095069,0.25,True,False,no population gap,single df,0.0,0.0,inf,-0.9286510590858406,1.0747924452612447,inf,0.0,8,0.00625,0.9875,not read,False
gpt-3.5-turbo-0125 | 0 | NA | all-at-once | none,gut_diff | political_identity,gut_diff,political_identity,False,85,11,53,1.0,False,gpt-3.5-turbo-0125,0.0,,all-at-once,none,0.0,,,True,False,undetermined,-1.0461630573376757,2.5315832974748966,2.4085752019119284,0.25,True,False,no population gap,single df,0.0,0.0,inf,0.7427101200686106,0.7162066114260104,inf,0.0,8,0.00625,0.9875,not read,False
gpt-3.5-turbo-0125 | 0 | NA | all-at-once | none,gut_diff | sex,gut_diff,sex,False,85,62,23,1.0,False,gpt-3.5-turbo-0125,0.0,,all-at-once,none,-0.0,,,True,False,undetermined,-1.5139845768883289,1.024503510969675,5.186080248260046,0.25,True,False,no population gap,single df,0.0,0.0,inf,-0.2447405329593268,0.5081640147867098,inf,0.0,8,0.00625,0.9875,not read,False
gpt-3.5-turbo-0125 | 0 | NA | all-at-once | none,gut_diff | education,gut_diff,education,False,85,41,44,1.0,False,gpt-3.5-turbo-0125,0.0,,all-at-once,none,-0.0,,,True,False,undetermined,-1.2216746800862492,0.8092578286450074,4.924465384074174,0.25,True,False,no population gap,single df,0.0,0.0,inf,-0.2062084257206209,0.4065596456151067,inf,0.0,8,0.00625,0.9875,not read,False
gpt-3.5-turbo-0125 | 0 | NA | all-at-once | none,gut_diff | age,gut_diff,age,False,85,39,46,1.0,False,gpt-3.5-turbo-0125,0.0,,all-at-once,none,-0.0,,,True,False,undetermined,-1.2987750953461776,0.7101463328043716,3.412883562596672,0.25,True,False,no population gap,single df,0.0,0.0,inf,-0.294314381270903,0.4021533853962044,inf,0.0,8,0.00625,0.9875,not read,False
gpt-3.5-turbo-0125 | 0 | NA | item-by-item | extensive,bjw_score | political_identity,bjw_score,political_identity,True,85,11,53,1.0,False,gpt-3.5-turbo-0125,0.0,,item-by-item,extensive,-0.0872521246458927,,,True,False,undetermined,-0.8247376275749545,6.879626135293655,1.2724204174935967,0.25,True,False,no population gap,single df,-0.2641509433962277,0.6616431621372242,inf,3.0274442538593505,1.5422882777520266,inf,-0.0050259460131158,8,0.00625,0.9875,not read,False
gpt-3.5-turbo-0125 | 0 | NA | item-by-item | extensive,bjw_score | sex,bjw_score,sex,True,85,62,23,1.0,False,gpt-3.5-turbo-0125,0.0,,item-by-item,extensive,-0.1721132897603469,,,True,False,undetermined,-3.4784932878944645,2.190975756337663,4.403411142197722,0.25,True,False,no population gap,single df,0.1107994389901811,0.4410159203925437,inf,-0.6437587657784007,1.134935462177802,inf,-0.0876893194785284,8,0.00625,0.9875,not read,False
gpt-3.5-turbo-0125 | 0 | NA | item-by-item | extensive,bjw_score | education,bjw_score,education,True,85,41,44,1.0,False,gpt-3.5-turbo-0125,0.0,,item-by-item,extensive,-1.7910750507099389,,,True,False,reversed to attenuated,-3.51943020478364,1.8797406260696696,3.2928006013723343,0.25,True,False,no population gap,single df,1.468403547671841,0.3864558215102882,inf,-0.8198447893569849,1.080826157526246,inf,-0.0886439498784556,8,0.00625,0.9875,not read,False
gpt-3.5-turbo-0125 | 0 | NA | item-by-item | extensive,bjw_score | age,bjw_score,age,True,85,39,46,1.0,False,gpt-3.5-turbo-0125,0.0,,item-by-item,extensive,-1.210084033613446,,,True,False,undetermined,-3.6131660383299007,1.7558639201582196,2.89076823095069,0.25,True,False,no population gap,single df,1.1237458193979926,0.395140368751852,inf,-0.9286510590858406,1.0747924452612447,inf,-0.0859416823354489,8,0.00625,0.9875,not read,False
gpt-3.5-turbo-0125 | 0 | NA | item-by-item | extensive,gut_diff | political_identity,gut_diff,political_identity,True,85,11,53,1.0,False,gpt-3.5-turbo-0125,0.0,,item-by-item,extensive,0.6120092378752887,,,True,False,undetermined,-1.0461630573376757,2.5315832974748966,2.4085752019119284,0.25,True,False,no population gap,single df,0.4545454545454545,0.3733441932722079,inf,0.7427101200686106,0.7162066114260104,inf,0.0639588544245329,8,0.00625,0.9875,not read,False
gpt-3.5-turbo-0125 | 0 | NA | item-by-item | extensive,gut_diff | sex,gut_diff,sex,True,85,62,23,1.0,False,gpt-3.5-turbo-0125,0.0,,item-by-item,extensive,0.3094555873925501,,,True,False,undetermined,-1.5139845768883289,1.024503510969675,5.186080248260046,0.25,True,False,no population gap,single df,-0.0757363253856942,0.0971392119143774,inf,-0.2447405329593268,0.5081640147867098,inf,0.002705004913783,8,0.00625,0.9875,not read,False
gpt-3.5-turbo-0125 | 0 | NA | item-by-item | extensive,gut_diff | education,gut_diff,education,True,85,41,44,1.0,False,gpt-3.5-turbo-0125,0.0,,item-by-item,extensive,-0.5672043010752685,,,True,False,undetermined,-1.2216746800862492,0.8092578286450074,4.924465384074174,0.25,True,False,no population gap,single df,0.1169623059866962,0.1303206329494546,inf,-0.2062084257206209,0.4065596456151067,inf,0.0110673694171894,8,0.00625,0.9875,not read,False
gpt-3.5-turbo-0125 | 0 | NA | item-by-item | extensive,gut_diff | age,gut_diff,age,True,85,39,46,1.0,False,gpt-3.5-turbo-0125,0.0,,item-by-item,extensive,-0.5568181818181818,,,True,False,undetermined,-1.2987750953461776,0.7101463328043716,3.412883562596672,0.25,True,False,no population gap,single df,0.1638795986622073,0.1329857031747899,inf,-0.294314381270903,0.4021533853962044,inf,0.0102623346032125,8,0.00625,0.9875,not read,False
gpt-3.5-turbo-0125 | 0 | NA | item-by-item | minimal,bjw_score | political_identity,bjw_score,political_identity,False,85,11,53,1.0,False,gpt-3.5-turbo-0125,0.0,,item-by-item,minimal,0.0039660056657225,,,True,False,undetermined,-0.8247376275749545,6.879626135293655,1.2724204174935967,0.25,True,False,no population gap,single df,0.0120068610634653,0.2679209028356217,inf,3.0274442538593505,1.5422882777520266,inf,0.0384755786447815,8,0.00625,0.9875,not read,False
gpt-3.5-turbo-0125 | 0 | NA | item-by-item | minimal,bjw_score | sex,bjw_score,sex,True,85,62,23,1.0,False,gpt-3.5-turbo-0125,0.0,,item-by-item,minimal,-2.077342047930286,,,True,False,reversed to attenuated,-3.4784932878944645,2.190975756337663,4.403411142197722,0.25,True,False,no population gap,single df,1.3373071528751763,0.1367113702313168,inf,-0.6437587657784007,1.134935462177802,inf,-0.0147890686391415,8,0.00625,0.9875,not read,False
gpt-3.5-turbo-0125 | 0 | NA | item-by-item | minimal,bjw_score | education,bjw_score,education,False,85,41,44,1.0,False,gpt-3.5-turbo-0125,0.0,,item-by-item,minimal,-0.4976335361730877,,,True,False,undetermined,-3.51943020478364,1.8797406260696696,3.2928006013723343,0.25,True,False,no population gap,single df,0.4079822616407966,0.214899397132964,inf,-0.8198447893569849,1.080826157526246,inf,-0.0363094500711446,8,0.00625,0.9875,not read,False
gpt-3.5-turbo-0125 | 0 | NA | item-by-item | minimal,bjw_score | age,bjw_score,age,True,85,39,46,1.0,False,gpt-3.5-turbo-0125,0.0,,item-by-item,minimal,0.0576230492196879,,,True,False,undetermined,-3.6131660383299007,1.7558639201582196,2.89076823095069,0.25,True,False,no population gap,single df,-0.0535117056856186,0.2161350264352695,inf,-0.9286510590858406,1.0747924452612447,inf,-0.0355991292268188,8,0.00625,0.9875,not read,False
gpt-3.5-turbo-0125 | 0 | NA | item-by-item | minimal,gut_diff | political_identity,gut_diff,political_identity,False,85,11,53,1.0,False,gpt-3.5-turbo-0125,0.0,,item-by-item,minimal,-0.1016166281755196,,,True,False,undetermined,-1.0461630573376757,2.5315832974748966,2.4085752019119284,0.25,True,False,no population gap,single df,-0.0754716981132075,0.0527064103067553,inf,0.7427101200686106,0.7162066114260104,inf,-0.0006183597858452,8,0.00625,0.9875,not read,False
gpt-3.5-turbo-0125 | 0 | NA | item-by-item | minimal,gut_diff | sex,gut_diff,sex,True,85,62,23,1.0,False,gpt-3.5-turbo-0125,0.0,,item-by-item,minimal,-0.0401146131805157,,,True,False,undetermined,-1.5139845768883289,1.024503510969675,5.186080248260046,0.25,True,False,no population gap,single df,0.0098176718092566,0.1032181835086661,inf,-0.2447405329593268,0.5081640147867098,inf,-0.0076031109668501,8,0.00625,0.9875,not read,False
gpt-3.5-turbo-0125 | 0 | NA | item-by-item | minimal,gut_diff | education,gut_diff,education,False,85,41,44,1.0,False,gpt-3.5-turbo-0125,0.0,,item-by-item,minimal,-0.4892473118279567,,,True,False,undetermined,-1.2216746800862492,0.8092578286450074,4.924465384074174,0.25,True,False,no population gap,single df,0.1008869179600886,0.0954001629092536,inf,-0.2062084257206209,0.4065596456151067,inf,-0.0033926473855722,8,0.00625,0.9875,not read,False
gpt-3.5-turbo-0125 | 0 | NA | item-by-item | minimal,gut_diff | age,gut_diff,age,True,85,39,46,1.0,False,gpt-3.5-turbo-0125,0.0,,item-by-item,minimal,-0.6969696969696969,,,True,False,undetermined,-1.2987750953461776,0.7101463328043716,3.412883562596672,0.25,True,False,no population gap,single df,0.2051282051282051,0.0979183853048158,inf,-0.294314381270903,0.4021533853962044,inf,-0.0034735586412348,8,0.00625,0.9875,not read,False
gpt-3.5-turbo-0125 | 0 | NA | item-by-item | none,bjw_score | political_identity,bjw_score,political_identity,False,85,11,53,1.0,False,gpt-3.5-turbo-0125,0.0,,item-by-item,none,0.0509915014164303,,,True,False,undetermined,-0.8247376275749545,6.879626135293655,1.2724204174935967,0.25,True,False,no population gap,single df,0.1543739279588329,0.1094544307350643,inf,3.0274442538593505,1.5422882777520266,inf,0.0027015407330374,8,0.00625,0.9875,not read,False
gpt-3.5-turbo-0125 | 0 | NA | item-by-item | none,bjw_score | sex,bjw_score,sex,False,85,62,23,1.0,False,gpt-3.5-turbo-0125,0.0,,item-by-item,none,-0.1895424836601321,,,True,False,undetermined,-3.4784932878944645,2.190975756337663,4.403411142197722,0.25,True,False,no population gap,single df,0.1220196353436193,0.1141599135089827,inf,-0.6437587657784007,1.134935462177802,inf,0.0151909975488655,8,0.00625,0.9875,not read,False
gpt-3.5-turbo-0125 | 0 | NA | item-by-item | none,bjw_score | education,bjw_score,education,False,85,41,44,1.0,False,gpt-3.5-turbo-0125,0.0,,item-by-item,none,-0.0926301555104824,,,True,False,undetermined,-3.51943020478364,1.8797406260696696,3.2928006013723343,0.25,True,False,no population gap,single df,0.0759423503325962,0.0932825181411404,inf,-0.8198447893569849,1.080826157526246,inf,0.0103472865169822,8,0.00625,0.9875,not read,False
gpt-3.5-turbo-0125 | 0 | NA | item-by-item | none,bjw_score | age,bjw_score,age,False,85,39,46,1.0,False,gpt-3.5-turbo-0125,0.0,,item-by-item,none,-0.0558223289315754,,,True,False,undetermined,-3.6131660383299007,1.7558639201582196,2.89076823095069,0.25,True,False,no population gap,single df,0.0518394648829456,0.0983212887908603,inf,-0.9286510590858406,1.0747924452612447,inf,0.015146915773737,8,0.00625,0.9875,not read,False
gpt-3.5-turbo-0125 | 0 | NA | item-by-item | none,gut_diff | political_identity,gut_diff,political_identity,False,85,11,53,1.0,False,gpt-3.5-turbo-0125,0.0,,item-by-item,none,0.6143187066974596,,,True,False,undetermined,-1.0461630573376757,2.5315832974748966,2.4085752019119284,0.25,True,False,no population gap,single df,0.4562607204116637,0.3309085850443025,inf,0.7427101200686106,0.7162066114260104,inf,-0.0576245569858322,8,0.00625,0.9875,not read,False
gpt-3.5-turbo-0125 | 0 | NA | item-by-item | none,gut_diff | sex,gut_diff,sex,False,85,62,23,1.0,False,gpt-3.5-turbo-0125,0.0,,item-by-item,none,1.1289398280802287,,,True,False,undetermined,-1.5139845768883289,1.024503510969675,5.186080248260046,0.25,True,False,no population gap,single df,-0.276297335203366,0.2278282632203624,inf,-0.2447405329593268,0.5081640147867098,inf,0.0157404825056778,8,0.00625,0.9875,not read,False
gpt-3.5-turbo-0125 | 0 | NA | item-by-item | none,gut_diff | education,gut_diff,education,False,85,41,44,1.0,False,gpt-3.5-turbo-0125,0.0,,item-by-item,none,-0.8548387096774187,,,True,False,undetermined,-1.2216746800862492,0.8092578286450074,4.924465384074174,0.25,True,False,no population gap,single df,0.1762749445676274,0.1919698865163736,inf,-0.2062084257206209,0.4065596456151067,inf,0.0044915199771077,8,0.00625,0.9875,not read,False
gpt-3.5-turbo-0125 | 0 | NA | item-by-item | none,gut_diff | age,gut_diff,age,False,85,39,46,1.0,False,gpt-3.5-turbo-0125,0.0,,item-by-item,none,-0.1174242424242422,,,True,False,undetermined,-1.2987750953461776,0.7101463328043716,3.412883562596672,0.25,True,False,no population gap,single df,0.0345596432552953,0.1888640498977475,inf,-0.294314381270903,0.4021533853962044,inf,0.0033641706828521,8,0.00625,0.9875,not read,False
gpt-3.5-turbo-0125 | 0 | NA | scale-by-scale | extensive,bjw_score | political_identity,bjw_score,political_identity,True,85,11,53,1.0,False,gpt-3.5-turbo-0125,0.0,,scale-by-scale,extensive,-0.5399433427762047,,,True,False,undetermined,-0.8247376275749545,6.879626135293655,1.2724204174935967,0.25,True,False,no population gap,single df,-1.6346483704974304,1.9936421562763191,inf,3.0274442538593505,1.5422882777520266,inf,-0.600769782591864,8,0.00625,0.9875,not read,False
gpt-3.5-turbo-0125 | 0 | NA | scale-by-scale | extensive,bjw_score | sex,bjw_score,sex,True,85,62,23,1.0,False,gpt-3.5-turbo-0125,0.0,,scale-by-scale,extensive,1.8431372549019656,,,True,False,undetermined,-3.4784932878944645,2.190975756337663,4.403411142197722,0.25,True,False,no population gap,single df,-1.1865357643758792,1.0275036257206274,inf,-0.6437587657784007,1.134935462177802,inf,-0.1308619716652187,8,0.00625,0.9875,not read,False
gpt-3.5-turbo-0125 | 0 | NA | scale-by-scale | extensive,bjw_score | education,bjw_score,education,True,85,41,44,1.0,False,gpt-3.5-turbo-0125,0.0,,scale-by-scale,extensive,-4.72549019607843,,,True,False,reversed,-3.51943020478364,1.8797406260696696,3.2928006013723343,0.25,True,False,no population gap,single df,3.8741685144124176,1.025224489760687,inf,-0.8198447893569849,1.080826157526246,inf,0.0376082701241325,8,0.00625,0.9875,not read,False
gpt-3.5-turbo-0125 | 0 | NA | scale-by-scale | extensive,bjw_score | age,bjw_score,age,True,85,39,46,1.0,False,gpt-3.5-turbo-0125,0.0,,scale-by-scale,extensive,-2.3565426170468218,,,True,False,undetermined,-3.6131660383299007,1.7558639201582196,2.89076823095069,0.25,True,False,no population gap,single df,2.188405797101449,1.071917497033742,inf,-0.9286510590858406,1.0747924452612447,inf,0.029033823668852,8,0.00625,0.9875,not read,False
gpt-3.5-turbo-0125 | 0 | NA | scale-by-scale | extensive,gut_diff | political_identity,gut_diff,political_identity,True,85,11,53,1.0,False,gpt-3.5-turbo-0125,0.0,,scale-by-scale,extensive,2.277136258660508,,,True,False,undetermined,-1.0461630573376757,2.5315832974748966,2.4085752019119284,0.25,True,False,no population gap,single df,1.6912521440823327,0.5107645519279458,inf,0.7427101200686106,0.7162066114260104,inf,0.1057859264853831,8,0.00625,0.9875,not read,False
gpt-3.5-turbo-0125 | 0 | NA | scale-by-scale | extensive,gut_diff | sex,gut_diff,sex,True,85,62,23,1.0,False,gpt-3.5-turbo-0125,0.0,,scale-by-scale,extensive,1.191977077363896,,,True,False,undetermined,-1.5139845768883289,1.024503510969675,5.186080248260046,0.25,True,False,no population gap,single df,-0.2917251051893407,0.2152950316516416,inf,-0.2447405329593268,0.5081640147867098,inf,0.0279056925226169,8,0.00625,0.9875,not read,False
gpt-3.5-turbo-0125 | 0 | NA | scale-by-scale | extensive,gut_diff | education,gut_diff,education,True,85,41,44,1.0,False,gpt-3.5-turbo-0125,0.0,,scale-by-scale,extensive,1.5134408602150529,,,True,False,undetermined,-1.2216746800862492,0.8092578286450074,4.924465384074174,0.25,True,False,no population gap,single df,-0.3120842572062083,0.2475953136334236,inf,-0.2062084257206209,0.4065596456151067,inf,0.0182203975674809,8,0.00625,0.9875,not read,False
gpt-3.5-turbo-0125 | 0 | NA | scale-by-scale | extensive,gut_diff | age,gut_diff,age,True,85,39,46,1.0,False,gpt-3.5-turbo-0125,0.0,,scale-by-scale,extensive,1.0928030303030305,,,True,False,undetermined,-1.2987750953461776,0.7101463328043716,3.412883562596672,0.25,True,False,no population gap,single df,-0.3216276477146043,0.2477492457848326,inf,-0.294314381270903,0.4021533853962044,inf,0.0165651505613077,8,0.00625,0.9875,not read,False
gpt-3.5-turbo-0125 | 0 | NA | scale-by-scale | minimal,bjw_score | political_identity,bjw_score,political_identity,False,85,11,53,1.0,False,gpt-3.5-turbo-0125,0.0,,scale-by-scale,minimal,0.3297450424929186,,,True,False,undetermined,-0.8247376275749545,6.879626135293655,1.2724204174935967,0.25,True,False,no population gap,single df,0.9982847341337936,0.978814638996873,inf,3.0274442538593505,1.5422882777520266,inf,0.5728620739028706,8,0.00625,0.9875,not read,False
gpt-3.5-turbo-0125 | 0 | NA | scale-by-scale | minimal,bjw_score | sex,bjw_score,sex,True,85,62,23,1.0,False,gpt-3.5-turbo-0125,0.0,,scale-by-scale,minimal,0.6862745098039207,,,True,False,undetermined,-3.4784932878944645,2.190975756337663,4.403411142197722,0.25,True,False,no population gap,single df,-0.441795231416549,0.3517280815911122,inf,-0.6437587657784007,1.134935462177802,inf,0.0234810591571621,8,0.00625,0.9875,not read,False
gpt-3.5-turbo-0125 | 0 | NA | scale-by-scale | minimal,bjw_score | education,bjw_score,education,False,85,41,44,1.0,False,gpt-3.5-turbo-0125,0.0,,scale-by-scale,minimal,0.1352265043948596,,,True,False,undetermined,-3.51943020478364,1.8797406260696696,3.2928006013723343,0.25,True,False,no population gap,single df,-0.1108647450110851,0.3210265416290805,inf,-0.8198447893569849,1.080826157526246,inf,0.038228507996435,8,0.00625,0.9875,not read,False
gpt-3.5-turbo-0125 | 0 | NA | scale-by-scale | minimal,bjw_score | age,bjw_score,age,True,85,39,46,1.0,False,gpt-3.5-turbo-0125,0.0,,scale-by-scale,minimal,-0.0600240096038417,,,True,False,undetermined,-3.6131660383299007,1.7558639201582196,2.89076823095069,0.25,True,False,no population gap,single df,0.0557413600891862,0.3139367370547535,inf,-0.9286510590858406,1.0747924452612447,inf,0.0358044153693578,8,0.00625,0.9875,not read,False
gpt-3.5-turbo-0125 | 0 | NA | scale-by-scale | minimal,gut_diff | political_identity,gut_diff,political_identity,False,85,11,53,1.0,False,gpt-3.5-turbo-0125,0.0,,scale-by-scale,minimal,-0.3879907621247114,,,True,False,undetermined,-1.0461630573376757,2.5315832974748966,2.4085752019119284,0.25,True,False,no population gap,single df,-0.2881646655231561,0.2515202505271205,inf,0.7427101200686106,0.7162066114260104,inf,-0.0509378946505005,8,0.00625,0.9875,not read,False
gpt-3.5-turbo-0125 | 0 | NA | scale-by-scale | minimal,gut_diff | sex,gut_diff,sex,True,85,62,23,1.0,False,gpt-3.5-turbo-0125,0.0,,scale-by-scale,minimal,0.6991404011461314,,,True,False,undetermined,-1.5139845768883289,1.024503510969675,5.186080248260046,0.25,True,False,no population gap,single df,-0.1711079943899017,0.1207110867347146,inf,-0.2447405329593268,0.5081640147867098,inf,-0.0119044651517958,8,0.00625,0.9875,not read,False
gpt-3.5-turbo-0125 | 0 | NA | scale-by-scale | minimal,gut_diff | education,gut_diff,education,False,85,41,44,1.0,False,gpt-3.5-turbo-0125,0.0,,scale-by-scale,minimal,-0.6129032258064512,,,True,False,undetermined,-1.2216746800862492,0.8092578286450074,4.924465384074174,0.25,True,False,no population gap,single df,0.1263858093126385,0.1299613037289937,inf,-0.2062084257206209,0.4065596456151067,inf,-0.0047427786505153,8,0.00625,0.9875,not read,False
gpt-3.5-turbo-0125 | 0 | NA | scale-by-scale | minimal,gut_diff | age,gut_diff,age,True,85,39,46,1.0,False,gpt-3.5-turbo-0125,0.0,,scale-by-scale,minimal,-1.3295454545454544,,,True,False,undetermined,-1.2987750953461776,0.7101463328043716,3.412883562596672,0.25,True,False,no population gap,single df,0.3913043478260869,0.1182153216039808,inf,-0.294314381270903,0.4021533853962044,inf,-0.0026451493506409,8,0.00625,0.9875,not read,False
gpt-3.5-turbo-0125 | 0 | NA | scale-by-scale | none,bjw_score | political_identity,bjw_score,political_identity,False,85,11,53,1.0,False,gpt-3.5-turbo-0125,0.0,,scale-by-scale,none,0.0,,,True,False,undetermined,-0.8247376275749545,6.879626135293655,1.2724204174935967,0.25,True,False,no population gap,single df,0.0,0.0,inf,3.0274442538593505,1.5422882777520266,inf,0.0,8,0.00625,0.9875,not read,False
gpt-3.5-turbo-0125 | 0 | NA | scale-by-scale | none,bjw_score | sex,bjw_score,sex,False,85,62,23,1.0,False,gpt-3.5-turbo-0125,0.0,,scale-by-scale,none,-0.0,,,True,False,undetermined,-3.4784932878944645,2.190975756337663,4.403411142197722,0.25,True,False,no population gap,single df,0.0,0.0,inf,-0.6437587657784007,1.134935462177802,inf,0.0,8,0.00625,0.9875,not read,False
gpt-3.5-turbo-0125 | 0 | NA | scale-by-scale | none,bjw_score | education,bjw_score,education,False,85,41,44,1.0,False,gpt-3.5-turbo-0125,0.0,,scale-by-scale,none,-0.0,,,True,False,undetermined,-3.51943020478364,1.8797406260696696,3.2928006013723343,0.25,True,False,no population gap,single df,0.0,0.0,inf,-0.8198447893569849,1.080826157526246,inf,0.0,8,0.00625,0.9875,not read,False
gpt-3.5-turbo-0125 | 0 | NA | scale-by-scale | none,bjw_score | age,bjw_score,age,False,85,39,46,1.0,False,gpt-3.5-turbo-0125,0.0,,scale-by-scale,none,-0.0,,,True,False,undetermined,-3.6131660383299007,1.7558639201582196,2.89076823095069,0.25,True,False,no population gap,single df,0.0,0.0,inf,-0.9286510590858406,1.0747924452612447,inf,0.0,8,0.00625,0.9875,not read,False
gpt-3.5-turbo-0125 | 0 | NA | scale-by-scale | none,gut_diff | political_identity,gut_diff,political_identity,False,85,11,53,1.0,False,gpt-3.5-turbo-0125,0.0,,scale-by-scale,none,0.0,,,True,False,undetermined,-1.0461630573376757,2.5315832974748966,2.4085752019119284,0.25,True,False,no population gap,single df,0.0,0.0,inf,0.7427101200686106,0.7162066114260104,inf,0.0,8,0.00625,0.9875,not read,False
gpt-3.5-turbo-0125 | 0 | NA | scale-by-scale | none,gut_diff | sex,gut_diff,sex,False,85,62,23,1.0,False,gpt-3.5-turbo-0125,0.0,,scale-by-scale,none,-0.0,,,True,False,undetermined,-1.5139845768883289,1.024503510969675,5.186080248260046,0.25,True,False,no population gap,single df,0.0,0.0,inf,-0.2447405329593268,0.5081640147867098,inf,0.0,8,0.00625,0.9875,not read,False
gpt-3.5-turbo-0125 | 0 | NA | scale-by-scale | none,gut_diff | education,gut_diff,education,False,85,41,44,1.0,False,gpt-3.5-turbo-0125,0.0,,scale-by-scale,none,-0.0,,,True,False,undetermined,-1.2216746800862492,0.8092578286450074,4.924465384074174,0.25,True,False,no population gap,single df,0.0,0.0,inf,-0.2062084257206209,0.4065596456151067,inf,0.0,8,0.00625,0.9875,not read,False
gpt-3.5-turbo-0125 | 0 | NA | scale-by-scale | none,gut_diff | age,gut_diff,age,False,85,39,46,1.0,False,gpt-3.5-turbo-0125,0.0,,scale-by-scale,none,-0.0,,,True,False,undetermined,-1.2987750953461776,0.7101463328043716,3.412883562596672,0.25,True,False,no population gap,single df,0.0,0.0,inf,-0.294314381270903,0.4021533853962044,inf,0.0,8,0.00625,0.9875,not read,False
gpt-3.5-turbo-0125 | 0.5 | NA | all-at-once | extensive,bjw_score | political_identity,bjw_score,political_identity,True,85,11,53,1.0,False,gpt-3.5-turbo-0125,0.5,,all-at-once,extensive,-0.1728045325779038,,,True,False,undetermined,-0.8247376275749545,6.879626135293655,1.2724204174935967,0.25,True,False,no population gap,single df,-0.5231560891938258,0.7321402276255081,inf,3.0274442538593505,1.5422882777520266,inf,0.1233696304152551,8,0.00625,0.9875,not read,False
gpt-3.5-turbo-0125 | 0.5 | NA | all-at-once | extensive,bjw_score | sex,bjw_score,sex,True,85,62,23,1.0,False,gpt-3.5-turbo-0125,0.5,,all-at-once,extensive,0.6764705882352918,,,True,False,undetermined,-3.4784932878944645,2.190975756337663,4.403411142197722,0.25,True,False,no population gap,single df,-0.4354838709677402,0.4274924342736743,inf,-0.6437587657784007,1.134935462177802,inf,-0.0775862332592709,8,0.00625,0.9875,not read,False
gpt-3.5-turbo-0125 | 0.5 | NA | all-at-once | extensive,bjw_score | education,bjw_score,education,True,85,41,44,1.0,False,gpt-3.5-turbo-0125,0.5,,all-at-once,extensive,-0.9208924949290088,,,True,False,undetermined,-3.51943020478364,1.8797406260696696,3.2928006013723343,0.25,True,False,no population gap,single df,0.7549889135255015,0.4212634566120922,inf,-0.8198447893569849,1.080826157526246,inf,-0.0756031631183846,8,0.00625,0.9875,not read,False
gpt-3.5-turbo-0125 | 0.5 | NA | all-at-once | extensive,bjw_score | age,bjw_score,age,True,85,39,46,1.0,False,gpt-3.5-turbo-0125,0.5,,all-at-once,extensive,-0.9891956782713096,,,True,False,undetermined,-3.6131660383299007,1.7558639201582196,2.89076823095069,0.25,True,False,no population gap,single df,0.9186176142697882,0.4118978831600427,inf,-0.9286510590858406,1.0747924452612447,inf,-0.087438239711767,8,0.00625,0.9875,not read,False
gpt-3.5-turbo-0125 | 0.5 | NA | all-at-once | extensive,gut_diff | political_identity,gut_diff,political_identity,True,85,11,53,1.0,False,gpt-3.5-turbo-0125,0.5,,all-at-once,extensive,-0.1893764434180138,,,True,False,undetermined,-1.0461630573376757,2.5315832974748966,2.4085752019119284,0.25,True,False,no population gap,single df,-0.1406518010291595,0.3729805859529001,inf,0.7427101200686106,0.7162066114260104,inf,0.024889777419562,8,0.00625,0.9875,not read,False
gpt-3.5-turbo-0125 | 0.5 | NA | all-at-once | extensive,gut_diff | sex,gut_diff,sex,True,85,62,23,1.0,False,gpt-3.5-turbo-0125,0.5,,all-at-once,extensive,1.9570200573065888,,,True,False,undetermined,-1.5139845768883289,1.024503510969675,5.186080248260046,0.25,True,False,no population gap,single df,-0.478962131837307,0.2266677018549133,inf,-0.2447405329593268,0.5081640147867098,inf,0.0114685360174691,8,0.00625,0.9875,not read,False
gpt-3.5-turbo-0125 | 0.5 | NA | all-at-once | extensive,gut_diff | education,gut_diff,education,True,85,41,44,1.0,False,gpt-3.5-turbo-0125,0.5,,all-at-once,extensive,-0.1236559139784946,,,True,False,undetermined,-1.2216746800862492,0.8092578286450074,4.924465384074174,0.25,True,False,no population gap,single df,0.0254988913525499,0.2195588342753401,inf,-0.2062084257206209,0.4065596456151067,inf,0.0021190982873538,8,0.00625,0.9875,not read,False
gpt-3.5-turbo-0125 | 0.5 | NA | all-at-once | extensive,gut_diff | age,gut_diff,age,True,85,39,46,1.0,False,gpt-3.5-turbo-0125,0.5,,all-at-once,extensive,0.6553030303030303,,,True,False,undetermined,-1.2987750953461776,0.7101463328043716,3.412883562596672,0.25,True,False,no population gap,single df,-0.1928651059085842,0.2251385007022964,inf,-0.294314381270903,0.4021533853962044,inf,0.0035647295558415,8,0.00625,0.9875,not read,False
gpt-3.5-turbo-0125 | 0.5 | NA | all-at-once | minimal,bjw_score | political_identity,bjw_score,political_identity,False,85,11,53,1.0,False,gpt-3.5-turbo-0125,0.5,,all-at-once,minimal,-0.3728045325779026,,,True,False,reversed to attenuated,-0.8247376275749545,6.879626135293655,1.2724204174935967,0.25,True,False,no population gap,single df,-1.1286449399656924,0.6090456691903834,inf,3.0274442538593505,1.5422882777520266,inf,-0.0679657898632285,8,0.00625,0.9875,not read,False
gpt-3.5-turbo-0125 | 0.5 | NA | all-at-once | minimal,bjw_score | sex,bjw_score,sex,True,85,62,23,1.0,False,gpt-3.5-turbo-0125,0.5,,all-at-once,minimal,0.7559912854030507,,,True,False,undetermined,-3.4784932878944645,2.190975756337663,4.403411142197722,0.25,True,False,no population gap,single df,-0.4866760168302946,0.4120360000399121,inf,-0.6437587657784007,1.134935462177802,inf,-0.0677805477007695,8,0.00625,0.9875,not read,False
gpt-3.5-turbo-0125 | 0.5 | NA | all-at-once | minimal,bjw_score | education,bjw_score,education,False,85,41,44,1.0,False,gpt-3.5-turbo-0125,0.5,,all-at-once,minimal,-0.1643002028397587,,,True,False,undetermined,-3.51943020478364,1.8797406260696696,3.2928006013723343,0.25,True,False,no population gap,single df,0.1347006651884719,0.4096381364363969,inf,-0.8198447893569849,1.080826157526246,inf,0.0211252515610659,8,0.00625,0.9875,not read,False
gpt-3.5-turbo-0125 | 0.5 | NA | all-at-once | minimal,bjw_score | age,bjw_score,age,True,85,39,46,1.0,False,gpt-3.5-turbo-0125,0.5,,all-at-once,minimal,0.6290516206482594,,,True,False,undetermined,-3.6131660383299007,1.7558639201582196,2.89076823095069,0.25,True,False,no population gap,single df,-0.5841694537346704,0.4226212374545293,inf,-0.9286510590858406,1.0747924452612447,inf,0.008088495578783,8,0.00625,0.9875,not read,False
gpt-3.5-turbo-0125 | 0.5 | NA | all-at-once | minimal,gut_diff | political_identity,gut_diff,political_identity,False,85,11,53,1.0,False,gpt-3.5-turbo-0125,0.5,,all-at-once,minimal,0.069284064665127,,,True,False,undetermined,-1.0461630573376757,2.5315832974748966,2.4085752019119284,0.25,True,False,no population gap,single df,0.0514579759862778,0.4146848415444428,inf,0.7427101200686106,0.7162066114260104,inf,0.0244562958656815,8,0.00625,0.9875,not read,False
gpt-3.5-turbo-0125 | 0.5 | NA | all-at-once | minimal,gut_diff | sex,gut_diff,sex,True,85,62,23,1.0,False,gpt-3.5-turbo-0125,0.5,,all-at-once,minimal,2.3266475644699134,,,True,False,undetermined,-1.5139845768883289,1.024503510969675,5.186080248260046,0.25,True,False,no population gap,single df,-0.5694249649368864,0.2800663865070092,inf,-0.2447405329593268,0.5081640147867098,inf,-0.0162059897987841,8,0.00625,0.9875,not read,False
gpt-3.5-turbo-0125 | 0.5 | NA | all-at-once | minimal,gut_diff | education,gut_diff,education,False,85,41,44,1.0,False,gpt-3.5-turbo-0125,0.5,,all-at-once,minimal,-0.6424731182795694,,,True,False,undetermined,-1.2216746800862492,0.8092578286450074,4.924465384074174,0.25,True,False,no population gap,single df,0.1324833702882483,0.2601977339145723,inf,-0.2062084257206209,0.4065596456151067,inf,-0.0081202145074961,8,0.00625,0.9875,not read,False
gpt-3.5-turbo-0125 | 0.5 | NA | all-at-once | minimal,gut_diff | age,gut_diff,age,True,85,39,46,1.0,False,gpt-3.5-turbo-0125,0.5,,all-at-once,minimal,-3.041666666666666,,,True,False,reversed or missing,-1.2987750953461776,0.7101463328043716,3.412883562596672,0.25,True,False,no population gap,single df,0.8952062430323299,0.2582045500474581,inf,-0.294314381270903,0.4021533853962044,inf,-0.0050702582588922,8,0.00625,0.9875,not read,False
gpt-3.5-turbo-0125 | 0.5 | NA | all-at-once | none,bjw_score | political_identity,bjw_score,political_identity,False,85,11,53,1.0,False,gpt-3.5-turbo-0125,0.5,,all-at-once,none,0.0458923512747867,,,True,False,undetermined,-0.8247376275749545,6.879626135293655,1.2724204174935967,0.25,True,False,no population gap,single df,0.1389365351629479,0.1792949322406972,inf,3.0274442538593505,1.5422882777520266,inf,0.0597927337415667,8,0.00625,0.9875,not read,False
gpt-3.5-turbo-0125 | 0.5 | NA | all-at-once | none,bjw_score | sex,bjw_score,sex,False,85,62,23,1.0,False,gpt-3.5-turbo-0125,0.5,,all-at-once,none,0.0206971677559911,,,True,False,undetermined,-3.4784932878944645,2.190975756337663,4.403411142197722,0.25,True,False,no population gap,single df,-0.0133239831697054,0.1606658730365824,inf,-0.6437587657784007,1.134935462177802,inf,0.0363331439090509,8,0.00625,0.9875,not read,False
gpt-3.5-turbo-0125 | 0.5 | NA | all-at-once | none,bjw_score | education,bjw_score,education,False,85,41,44,1.0,False,gpt-3.5-turbo-0125,0.5,,all-at-once,none,0.0520622041920219,,,True,False,undetermined,-3.51943020478364,1.8797406260696696,3.2928006013723343,0.25,True,False,no population gap,single df,-0.0426829268292685,0.1752538768778299,inf,-0.8198447893569849,1.080826157526246,inf,0.0188990599447387,8,0.00625,0.9875,not read,False
gpt-3.5-turbo-0125 | 0.5 | NA | all-at-once | none,bjw_score | age,bjw_score,age,False,85,39,46,1.0,False,gpt-3.5-turbo-0125,0.5,,all-at-once,none,-0.1302521008403362,,,True,False,undetermined,-3.6131660383299007,1.7558639201582196,2.89076823095069,0.25,True,False,no population gap,single df,0.1209587513935339,0.1819277188511085,inf,-0.9286510590858406,1.0747924452612447,inf,0.0279642721234836,8,0.00625,0.9875,not read,False
gpt-3.5-turbo-0125 | 0.5 | NA | all-at-once | none,gut_diff | political_identity,gut_diff,political_identity,False,85,11,53,1.0,False,gpt-3.5-turbo-0125,0.5,,all-at-once,none,0.7043879907621248,,,True,False,undetermined,-1.0461630573376757,2.5315832974748966,2.4085752019119284,0.25,True,False,no population gap,single df,0.5231560891938251,0.4490378018012086,inf,0.7427101200686106,0.7162066114260104,inf,-0.0736871828005818,8,0.00625,0.9875,not read,False
gpt-3.5-turbo-0125 | 0.5 | NA | all-at-once | none,gut_diff | sex,gut_diff,sex,False,85,62,23,1.0,False,gpt-3.5-turbo-0125,0.5,,all-at-once,none,1.91404011461318,,,True,False,undetermined,-1.5139845768883289,1.024503510969675,5.186080248260046,0.25,True,False,no population gap,single df,-0.4684431977559607,0.2385314585747864,inf,-0.2447405329593268,0.5081640147867098,inf,0.0182204816704281,8,0.00625,0.9875,not read,False
gpt-3.5-turbo-0125 | 0.5 | NA | all-at-once | none,gut_diff | education,gut_diff,education,False,85,41,44,1.0,False,gpt-3.5-turbo-0125,0.5,,all-at-once,none,1.8655913978494607,,,True,False,undetermined,-1.2216746800862492,0.8092578286450074,4.924465384074174,0.25,True,False,no population gap,single df,-0.38470066518847,0.1921116600504634,inf,-0.2062084257206209,0.4065596456151067,inf,-0.002634597954482,8,0.00625,0.9875,not read,False
gpt-3.5-turbo-0125 | 0.5 | NA | all-at-once | none,gut_diff | age,gut_diff,age,False,85,39,46,1.0,False,gpt-3.5-turbo-0125,0.5,,all-at-once,none,0.5984848484848485,,,True,False,undetermined,-1.2987750953461776,0.7101463328043716,3.412883562596672,0.25,True,False,no population gap,single df,-0.1761426978818283,0.1965153118195155,inf,-0.294314381270903,0.4021533853962044,inf,-0.0045751504513958,8,0.00625,0.9875,not read,False
gpt-3.5-turbo-0125 | 0.5 | NA | item-by-item | extensive,bjw_score | political_identity,bjw_score,political_identity,True,85,11,53,1.0,False,gpt-3.5-turbo-0125,0.5,,item-by-item,extensive,-0.1773371104815869,,,True,False,undetermined,-0.8247376275749545,6.879626135293655,1.2724204174935967,0.25,True,False,no population gap,single df,-0.5368782161235011,0.7316065015606052,inf,3.0274442538593505,1.5422882777520266,inf,-0.0581151726723529,8,0.00625,0.9875,not read,False
gpt-3.5-turbo-0125 | 0.5 | NA | item-by-item | extensive,bjw_score | sex,bjw_score,sex,True,85,62,23,1.0,False,gpt-3.5-turbo-0125,0.5,,item-by-item,extensive,0.3409586056644879,,,True,False,undetermined,-3.4784932878944645,2.190975756337663,4.403411142197722,0.25,True,False,no population gap,single df,-0.2194950911640951,0.4613890883478103,inf,-0.6437587657784007,1.134935462177802,inf,-0.0727462565753623,8,0.00625,0.9875,not read,False
gpt-3.5-turbo-0125 | 0.5 | NA | item-by-item | extensive,bjw_score | education,bjw_score,education,True,85,41,44,1.0,False,gpt-3.5-turbo-0125,0.5,,item-by-item,extensive,-1.7890466531440132,,,True,False,reversed to attenuated,-3.51943020478364,1.8797406260696696,3.2928006013723343,0.25,True,False,no population gap,single df,1.4667405764966723,0.4029366574937316,inf,-0.8198447893569849,1.080826157526246,inf,-0.0482030862246935,8,0.00625,0.9875,not read,False
gpt-3.5-turbo-0125 | 0.5 | NA | item-by-item | extensive,bjw_score | age,bjw_score,age,True,85,39,46,1.0,False,gpt-3.5-turbo-0125,0.5,,item-by-item,extensive,-1.4099639855942394,,,True,False,undetermined,-3.6131660383299007,1.7558639201582196,2.89076823095069,0.25,True,False,no population gap,single df,1.3093645484949832,0.3993677939151677,inf,-0.9286510590858406,1.0747924452612447,inf,-0.0264855063313162,8,0.00625,0.9875,not read,False
gpt-3.5-turbo-0125 | 0.5 | NA | item-by-item | extensive,gut_diff | political_identity,gut_diff,political_identity,True,85,11,53,1.0,False,gpt-3.5-turbo-0125,0.5,,item-by-item,extensive,0.7598152424942263,,,True,False,undetermined,-1.0461630573376757,2.5315832974748966,2.4085752019119284,0.25,True,False,no population gap,single df,0.5643224699828473,0.3183429608218631,inf,0.7427101200686106,0.7162066114260104,inf,-0.0080660171770133,8,0.00625,0.9875,not read,False
gpt-3.5-turbo-0125 | 0.5 | NA | item-by-item | extensive,gut_diff | sex,gut_diff,sex,True,85,62,23,1.0,False,gpt-3.5-turbo-0125,0.5,,item-by-item,extensive,0.157593123209169,,,True,False,undetermined,-1.5139845768883289,1.024503510969675,5.186080248260046,0.25,True,False,no population gap,single df,-0.0385694249649368,0.1437492591543566,inf,-0.2447405329593268,0.5081640147867098,inf,-0.0108608042256221,8,0.00625,0.9875,not read,False
gpt-3.5-turbo-0125 | 0.5 | NA | item-by-item | extensive,gut_diff | education,gut_diff,education,True,85,41,44,1.0,False,gpt-3.5-turbo-0125,0.5,,item-by-item,extensive,-0.8198924731182793,,,True,False,undetermined,-1.2216746800862492,0.8092578286450074,4.924465384074174,0.25,True,False,no population gap,single df,0.1690687361419068,0.1464088157729763,inf,-0.2062084257206209,0.4065596456151067,inf,0.0035750162887054,8,0.00625,0.9875,not read,False
gpt-3.5-turbo-0125 | 0.5 | NA | item-by-item | extensive,gut_diff | age,gut_diff,age,True,85,39,46,1.0,False,gpt-3.5-turbo-0125,0.5,,item-by-item,extensive,-0.7575757575757575,,,True,False,undetermined,-1.2987750953461776,0.7101463328043716,3.412883562596672,0.25,True,False,no population gap,single df,0.2229654403567447,0.1402765186345278,inf,-0.294314381270903,0.4021533853962044,inf,0.00227722627619,8,0.00625,0.9875,not read,False
gpt-3.5-turbo-0125 | 0.5 | NA | item-by-item | minimal,bjw_score | political_identity,bjw_score,political_identity,False,85,11,53,1.0,False,gpt-3.5-turbo-0125,0.5,,item-by-item,minimal,-0.0883852691218137,,,True,False,undetermined,-0.8247376275749545,6.879626135293655,1.2724204174935967,0.25,True,False,no population gap,single df,-0.2675814751286474,0.4000163839309893,inf,3.0274442538593505,1.5422882777520266,inf,0.0382080427089187,8,0.00625,0.9875,not read,False
gpt-3.5-turbo-0125 | 0.5 | NA | item-by-item | minimal,bjw_score | sex,bjw_score,sex,True,85,62,23,1.0,False,gpt-3.5-turbo-0125,0.5,,item-by-item,minimal,-1.0217864923747302,,,True,False,undetermined,-3.4784932878944645,2.190975756337663,4.403411142197722,0.25,True,False,no population gap,single df,0.6577840112201976,0.2658256780335698,inf,-0.6437587657784007,1.134935462177802,inf,-0.0359936587214616,8,0.00625,0.9875,not read,False
gpt-3.5-turbo-0125 | 0.5 | NA | item-by-item | minimal,bjw_score | education,bjw_score,education,False,85,41,44,1.0,False,gpt-3.5-turbo-0125,0.5,,item-by-item,minimal,0.0311020960108158,,,True,False,undetermined,-3.51943020478364,1.8797406260696696,3.2928006013723343,0.25,True,False,no population gap,single df,-0.025498891352548,0.2693884674441776,inf,-0.8198447893569849,1.080826157526246,inf,-0.0301515872934783,8,0.00625,0.9875,not read,False
gpt-3.5-turbo-0125 | 0.5 | NA | item-by-item | minimal,bjw_score | age,bjw_score,age,True,85,39,46,1.0,False,gpt-3.5-turbo-0125,0.5,,item-by-item,minimal,-0.3607442977190879,,,True,False,undetermined,-3.6131660383299007,1.7558639201582196,2.89076823095069,0.25,True,False,no population gap,single df,0.3350055741360087,0.2595925566588885,inf,-0.9286510590858406,1.0747924452612447,inf,-0.0138816944601886,8,0.00625,0.9875,not read,False
gpt-3.5-turbo-0125 | 0.5 | NA | item-by-item | minimal,gut_diff | political_identity,gut_diff,political_identity,False,85,11,53,1.0,False,gpt-3.5-turbo-0125,0.5,,item-by-item,minimal,-0.3810623556581986,,,True,False,undetermined,-1.0461630573376757,2.5315832974748966,2.4085752019119284,0.25,True,False,no population gap,single df,-0.2830188679245283,0.1058302911377822,inf,0.7427101200686106,0.7162066114260104,inf,-0.0012997264561412,8,0.00625,0.9875,not read,False
gpt-3.5-turbo-0125 | 0.5 | NA | item-by-item | minimal,gut_diff | sex,gut_diff,sex,True,85,62,23,1.0,False,gpt-3.5-turbo-0125,0.5,,item-by-item,minimal,0.5845272206303724,,,True,False,undetermined,-1.5139845768883289,1.024503510969675,5.186080248260046,0.25,True,False,no population gap,single df,-0.1430575035063113,0.1995452969615963,inf,-0.2447405329593268,0.5081640147867098,inf,0.0042388620820776,8,0.00625,0.9875,not read,False
gpt-3.5-turbo-0125 | 0.5 | NA | item-by-item | minimal,gut_diff | education,gut_diff,education,False,85,41,44,1.0,False,gpt-3.5-turbo-0125,0.5,,item-by-item,minimal,-0.182795698924731,,,True,False,undetermined,-1.2216746800862492,0.8092578286450074,4.924465384074174,0.25,True,False,no population gap,single df,0.0376940133037694,0.1536412065530526,inf,-0.2062084257206209,0.4065596456151067,inf,0.0028430107997108,8,0.00625,0.9875,not read,False
gpt-3.5-turbo-0125 | 0.5 | NA | item-by-item | minimal,gut_diff | age,gut_diff,age,True,85,39,46,1.0,False,gpt-3.5-turbo-0125,0.5,,item-by-item,minimal,-1.3200757575757576,,,True,False,undetermined,-1.2987750953461776,0.7101463328043716,3.412883562596672,0.25,True,False,no population gap,single df,0.3885172798216276,0.1559181844424222,inf,-0.294314381270903,0.4021533853962044,inf,0.0021391777652702,8,0.00625,0.9875,not read,False
gpt-3.5-turbo-0125 | 0.5 | NA | item-by-item | none,bjw_score | political_identity,bjw_score,political_identity,False,85,11,53,1.0,False,gpt-3.5-turbo-0125,0.5,,item-by-item,none,-0.137110481586402,,,True,False,undetermined,-0.8247376275749545,6.879626135293655,1.2724204174935967,0.25,True,False,no population gap,single df,-0.415094339622641,0.2140609307902881,inf,3.0274442538593505,1.5422882777520266,inf,0.0273504596993072,8,0.00625,0.9875,not read,False
gpt-3.5-turbo-0125 | 0.5 | NA | item-by-item | none,bjw_score | sex,bjw_score,sex,False,85,62,23,1.0,False,gpt-3.5-turbo-0125,0.5,,item-by-item,none,0.1143790849673238,,,True,False,undetermined,-3.4784932878944645,2.190975756337663,4.403411142197722,0.25,True,False,no population gap,single df,-0.0736325385694272,0.1665461149232033,inf,-0.6437587657784007,1.134935462177802,inf,-0.0046777061719886,8,0.00625,0.9875,not read,False
gpt-3.5-turbo-0125 | 0.5 | NA | item-by-item | none,bjw_score | education,bjw_score,education,False,85,41,44,1.0,False,gpt-3.5-turbo-0125,0.5,,item-by-item,none,-0.1115618661257587,,,True,False,undetermined,-3.51943020478364,1.8797406260696696,3.2928006013723343,0.25,True,False,no population gap,single df,0.0914634146341448,0.1680430712465595,inf,-0.8198447893569849,1.080826157526246,inf,-0.0052287320630357,8,0.00625,0.9875,not read,False
gpt-3.5-turbo-0125 | 0.5 | NA | item-by-item | none,bjw_score | age,bjw_score,age,False,85,39,46,1.0,False,gpt-3.5-turbo-0125,0.5,,item-by-item,none,0.1770708283313338,,,True,False,undetermined,-3.6131660383299007,1.7558639201582196,2.89076823095069,0.25,True,False,no population gap,single df,-0.1644370122631002,0.1610374485806028,inf,-0.9286510590858406,1.0747924452612447,inf,0.004892482794548,8,0.00625,0.9875,not read,False
gpt-3.5-turbo-0125 | 0.5 | NA | item-by-item | none,gut_diff | political_identity,gut_diff,political_identity,False,85,11,53,1.0,False,gpt-3.5-turbo-0125,0.5,,item-by-item,none,0.0184757505773672,,,True,False,undetermined,-1.0461630573376757,2.5315832974748966,2.4085752019119284,0.25,True,False,no population gap,single df,0.0137221269296741,0.3474794373631819,inf,0.7427101200686106,0.7162066114260104,inf,-0.0770919697847904,8,0.00625,0.9875,not read,False
gpt-3.5-turbo-0125 | 0.5 | NA | item-by-item | none,gut_diff | sex,gut_diff,sex,False,85,62,23,1.0,False,gpt-3.5-turbo-0125,0.5,,item-by-item,none,0.0687679083094555,,,True,False,undetermined,-1.5139845768883289,1.024503510969675,5.186080248260046,0.25,True,False,no population gap,single df,-0.0168302945301542,0.2740995197397761,inf,-0.2447405329593268,0.5081640147867098,inf,-0.010040645950747,8,0.00625,0.9875,not read,False
gpt-3.5-turbo-0125 | 0.5 | NA | item-by-item | none,gut_diff | education,gut_diff,education,False,85,41,44,1.0,False,gpt-3.5-turbo-0125,0.5,,item-by-item,none,1.5241935483870963,,,True,False,undetermined,-1.2216746800862492,0.8092578286450074,4.924465384074174,0.25,True,False,no population gap,single df,-0.3143015521064302,0.228071140311998,inf,-0.2062084257206209,0.4065596456151067,inf,0.0011578212961455,8,0.00625,0.9875,not read,False
gpt-3.5-turbo-0125 | 0.5 | NA | item-by-item | none,gut_diff | age,gut_diff,age,False,85,39,46,1.0,False,gpt-3.5-turbo-0125,0.5,,item-by-item,none,0.0909090909090908,,,True,False,undetermined,-1.2987750953461776,0.7101463328043716,3.412883562596672,0.25,True,False,no population gap,single df,-0.0267558528428093,0.2301244460880565,inf,-0.294314381270903,0.4021533853962044,inf,-0.0053821708081095,8,0.00625,0.9875,not read,False
gpt-3.5-turbo-0125 | 0.5 | NA | scale-by-scale | extensive,bjw_score | political_identity,bjw_score,political_identity,True,85,11,53,1.0,False,gpt-3.5-turbo-0125,0.5,,scale-by-scale,extensive,0.1546742209631726,,,True,False,undetermined,-0.8247376275749545,6.879626135293655,1.2724204174935967,0.25,True,False,no population gap,single df,0.4682675814751285,1.6261622401393598,inf,3.0274442538593505,1.5422882777520266,inf,-0.3932783194918066,8,0.00625,0.9875,not read,False
gpt-3.5-turbo-0125 | 0.5 | NA | scale-by-scale | extensive,bjw_score | sex,bjw_score,sex,True,85,62,23,1.0,False,gpt-3.5-turbo-0125,0.5,,scale-by-scale,extensive,3.528322440087148,,,True,False,undetermined,-3.4784932878944645,2.190975756337663,4.403411142197722,0.25,True,False,no population gap,single df,-2.271388499298737,1.088390969874743,inf,-0.6437587657784007,1.134935462177802,inf,-0.0537517320252091,8,0.00625,0.9875,not read,False
gpt-3.5-turbo-0125 | 0.5 | NA | scale-by-scale | extensive,bjw_score | education,bjw_score,education,True,85,41,44,1.0,False,gpt-3.5-turbo-0125,0.5,,scale-by-scale,extensive,-3.5415821501014166,,,True,False,reversed to attenuated,-3.51943020478364,1.8797406260696696,3.2928006013723343,0.25,True,False,no population gap,single df,2.9035476718403537,1.0669690218095151,inf,-0.8198447893569849,1.080826157526246,inf,0.0870652053479544,8,0.00625,0.9875,not read,False
gpt-3.5-turbo-0125 | 0.5 | NA | scale-by-scale | extensive,bjw_score | age,bjw_score,age,True,85,39,46,1.0,False,gpt-3.5-turbo-0125,0.5,,scale-by-scale,extensive,-2.642256902761108,,,True,False,undetermined,-3.6131660383299007,1.7558639201582196,2.89076823095069,0.25,True,False,no population gap,single df,2.453734671125975,1.0872485489880688,inf,-0.9286510590858406,1.0747924452612447,inf,0.0401450657283945,8,0.00625,0.9875,not read,False
gpt-3.5-turbo-0125 | 0.5 | NA | scale-by-scale | extensive,gut_diff | political_identity,gut_diff,political_identity,True,85,11,53,1.0,False,gpt-3.5-turbo-0125,0.5,,scale-by-scale,extensive,2.318706697459585,,,True,False,undetermined,-1.0461630573376757,2.5315832974748966,2.4085752019119284,0.25,True,False,no population gap,single df,1.7221269296740995,0.496709328249943,inf,0.7427101200686106,0.7162066114260104,inf,0.0695073893103301,8,0.00625,0.9875,not read,False
gpt-3.5-turbo-0125 | 0.5 | NA | scale-by-scale | extensive,gut_diff | sex,gut_diff,sex,True,85,62,23,1.0,False,gpt-3.5-turbo-0125,0.5,,scale-by-scale,extensive,1.085959885386819,,,True,False,undetermined,-1.5139845768883289,1.024503510969675,5.186080248260046,0.25,True,False,no population gap,single df,-0.2657784011220196,0.2726165055553496,inf,-0.2447405329593268,0.5081640147867098,inf,0.039072363071362,8,0.00625,0.9875,not read,False
gpt-3.5-turbo-0125 | 0.5 | NA | scale-by-scale | extensive,gut_diff | education,gut_diff,education,True,85,41,44,1.0,False,gpt-3.5-turbo-0125,0.5,,scale-by-scale,extensive,0.9059139784946226,,,True,False,undetermined,-1.2216746800862492,0.8092578286450074,4.924465384074174,0.25,True,False,no population gap,single df,-0.1868070953436805,0.2564408991044889,inf,-0.2062084257206209,0.4065596456151067,inf,0.0172391950306434,8,0.00625,0.9875,not read,False
gpt-3.5-turbo-0125 | 0.5 | NA | scale-by-scale | extensive,gut_diff | age,gut_diff,age,True,85,39,46,1.0,False,gpt-3.5-turbo-0125,0.5,,scale-by-scale,extensive,0.1477272727272726,,,True,False,undetermined,-1.2987750953461776,0.7101463328043716,3.412883562596672,0.25,True,False,no population gap,single df,-0.0434782608695651,0.2603045386580673,inf,-0.294314381270903,0.4021533853962044,inf,0.0164301529405556,8,0.00625,0.9875,not read,False
gpt-3.5-turbo-0125 | 0.5 | NA | scale-by-scale | minimal,bjw_score | political_identity,bjw_score,political_identity,False,85,11,53,1.0,False,gpt-3.5-turbo-0125,0.5,,scale-by-scale,minimal,0.4929178470254945,,,True,False,undetermined,-0.8247376275749545,6.879626135293655,1.2724204174935967,0.25,True,False,no population gap,single df,1.4922813036020557,1.0524455888557245,inf,3.0274442538593505,1.5422882777520266,inf,0.7298198664312281,8,0.00625,0.9875,not read,False
gpt-3.5-turbo-0125 | 0.5 | NA | scale-by-scale | minimal,bjw_score | sex,bjw_score,sex,True,85,62,23,1.0,False,gpt-3.5-turbo-0125,0.5,,scale-by-scale,minimal,0.3921568627450991,,,True,False,undetermined,-3.4784932878944645,2.190975756337663,4.403411142197722,0.25,True,False,no population gap,single df,-0.2524544179523147,0.7120853963262228,inf,-0.6437587657784007,1.134935462177802,inf,0.1157579643889466,8,0.00625,0.9875,not read,False
gpt-3.5-turbo-0125 | 0.5 | NA | scale-by-scale | minimal,bjw_score | education,bjw_score,education,False,85,41,44,1.0,False,gpt-3.5-turbo-0125,0.5,,scale-by-scale,minimal,-0.4563894523326579,,,True,False,undetermined,-3.51943020478364,1.8797406260696696,3.2928006013723343,0.25,True,False,no population gap,single df,0.3741685144124176,0.648529024569379,inf,-0.8198447893569849,1.080826157526246,inf,0.0290768269360038,8,0.00625,0.9875,not read,False
gpt-3.5-turbo-0125 | 0.5 | NA | scale-by-scale | minimal,bjw_score | age,bjw_score,age,True,85,39,46,1.0,False,gpt-3.5-turbo-0125,0.5,,scale-by-scale,minimal,0.6872749099639848,,,True,False,undetermined,-3.6131660383299007,1.7558639201582196,2.89076823095069,0.25,True,False,no population gap,single df,-0.6382385730211801,0.6554499855902194,inf,-0.9286510590858406,1.0747924452612447,inf,0.0597957296766847,8,0.00625,0.9875,not read,False
gpt-3.5-turbo-0125 | 0.5 | NA | scale-by-scale | minimal,gut_diff | political_identity,gut_diff,political_identity,False,85,11,53,1.0,False,gpt-3.5-turbo-0125,0.5,,scale-by-scale,minimal,0.233256351039261,,,True,False,undetermined,-1.0461630573376757,2.5315832974748966,2.4085752019119284,0.25,True,False,no population gap,single df,0.1732418524871355,0.3731674944679674,inf,0.7427101200686106,0.7162066114260104,inf,-0.1300813821650613,8,0.00625,0.9875,not read,False
gpt-3.5-turbo-0125 | 0.5 | NA | scale-by-scale | minimal,gut_diff | sex,gut_diff,sex,True,85,62,23,1.0,False,gpt-3.5-turbo-0125,0.5,,scale-by-scale,minimal,1.140401146131805,,,True,False,undetermined,-1.5139845768883289,1.024503510969675,5.186080248260046,0.25,True,False,no population gap,single df,-0.2791023842917252,0.2729588591633739,inf,-0.2447405329593268,0.5081640147867098,inf,-0.0280040044607188,8,0.00625,0.9875,not read,False
gpt-3.5-turbo-0125 | 0.5 | NA | scale-by-scale | minimal,gut_diff | education,gut_diff,education,False,85,41,44,1.0,False,gpt-3.5-turbo-0125,0.5,,scale-by-scale,minimal,-0.943548387096774,,,True,False,undetermined,-1.2216746800862492,0.8092578286450074,4.924465384074174,0.25,True,False,no population gap,single df,0.1945676274944567,0.224020527081103,inf,-0.2062084257206209,0.4065596456151067,inf,-0.0082164508778073,8,0.00625,0.9875,not read,False
gpt-3.5-turbo-0125 | 0.5 | NA | scale-by-scale | minimal,gut_diff | age,gut_diff,age,True,85,39,46,1.0,False,gpt-3.5-turbo-0125,0.5,,scale-by-scale,minimal,-1.3901515151515151,,,True,False,undetermined,-1.2987750953461776,0.7101463328043716,3.412883562596672,0.25,True,False,no population gap,single df,0.4091415830546265,0.2240887029322177,inf,-0.294314381270903,0.4021533853962044,inf,-0.0125166863009919,8,0.00625,0.9875,not read,False
gpt-3.5-turbo-0125 | 0.5 | NA | scale-by-scale | none,bjw_score | political_identity,bjw_score,political_identity,False,85,11,53,1.0,False,gpt-3.5-turbo-0125,0.5,,scale-by-scale,none,-0.087818696883852,,,True,False,undetermined,-0.8247376275749545,6.879626135293655,1.2724204174935967,0.25,True,False,no population gap,single df,-0.265866209262434,0.3727083347240753,inf,3.0274442538593505,1.5422882777520266,inf,0.016326621170381,8,0.00625,0.9875,not read,False
gpt-3.5-turbo-0125 | 0.5 | NA | scale-by-scale | none,bjw_score | sex,bjw_score,sex,False,85,62,23,1.0,False,gpt-3.5-turbo-0125,0.5,,scale-by-scale,none,0.4357298474945539,,,True,False,undetermined,-3.4784932878944645,2.190975756337663,4.403411142197722,0.25,True,False,no population gap,single df,-0.2805049088359048,0.397451427599222,inf,-0.6437587657784007,1.134935462177802,inf,-0.0162775843320621,8,0.00625,0.9875,not read,False
gpt-3.5-turbo-0125 | 0.5 | NA | scale-by-scale | none,bjw_score | education,bjw_score,education,False,85,41,44,1.0,False,gpt-3.5-turbo-0125,0.5,,scale-by-scale,none,0.4124408384043289,,,True,False,undetermined,-3.51943020478364,1.8797406260696696,3.2928006013723343,0.25,True,False,no population gap,single df,-0.3381374722838153,0.2965734824734579,inf,-0.8198447893569849,1.080826157526246,inf,-0.0007259938020755,8,0.00625,0.9875,not read,False
gpt-3.5-turbo-0125 | 0.5 | NA | scale-by-scale | none,bjw_score | age,bjw_score,age,False,85,39,46,1.0,False,gpt-3.5-turbo-0125,0.5,,scale-by-scale,none,-0.0300120048019208,,,True,False,undetermined,-3.6131660383299007,1.7558639201582196,2.89076823095069,0.25,True,False,no population gap,single df,0.0278706800445931,0.2974953168676033,inf,-0.9286510590858406,1.0747924452612447,inf,-0.0005336705909437,8,0.00625,0.9875,not read,False
gpt-3.5-turbo-0125 | 0.5 | NA | scale-by-scale | none,gut_diff | political_identity,gut_diff,political_identity,False,85,11,53,1.0,False,gpt-3.5-turbo-0125,0.5,,scale-by-scale,none,0.0600461893764434,,,True,False,undetermined,-1.0461630573376757,2.5315832974748966,2.4085752019119284,0.25,True,False,no population gap,single df,0.0445969125214408,0.2042595416942153,inf,0.7427101200686106,0.7162066114260104,inf,0.0345504153548796,8,0.00625,0.9875,not read,False
gpt-3.5-turbo-0125 | 0.5 | NA | scale-by-scale | none,gut_diff | sex,gut_diff,sex,False,85,62,23,1.0,False,gpt-3.5-turbo-0125,0.5,,scale-by-scale,none,-0.7679083094555874,,,True,False,undetermined,-1.5139845768883289,1.024503510969675,5.186080248260046,0.25,True,False,no population gap,single df,0.1879382889200561,0.2260502278900069,inf,-0.2447405329593268,0.5081640147867098,inf,0.0177133910183787,8,0.00625,0.9875,not read,False
gpt-3.5-turbo-0125 | 0.5 | NA | scale-by-scale | none,gut_diff | education,gut_diff,education,False,85,41,44,1.0,False,gpt-3.5-turbo-0125,0.5,,scale-by-scale,none,-0.6827956989247307,,,True,False,undetermined,-1.2216746800862492,0.8092578286450074,4.924465384074174,0.25,True,False,no population gap,single df,0.1407982261640797,0.1810216837701266,inf,-0.2062084257206209,0.4065596456151067,inf,0.0098398984928019,8,0.00625,0.9875,not read,False
gpt-3.5-turbo-0125 | 0.5 | NA | scale-by-scale | none,gut_diff | age,gut_diff,age,False,85,39,46,1.0,False,gpt-3.5-turbo-0125,0.5,,scale-by-scale,none,-0.049242424242424,,,True,False,undetermined,-1.2987750953461776,0.7101463328043716,3.412883562596672,0.25,True,False,no population gap,single df,0.0144927536231883,0.1811379801972201,inf,-0.294314381270903,0.4021533853962044,inf,0.0040079154270679,8,0.00625,0.9875,not read,False
gpt-3.5-turbo-0125 | 1 | NA | all-at-once | extensive,bjw_score | political_identity,bjw_score,political_identity,True,85,11,53,1.0,False,gpt-3.5-turbo-0125,1.0,,all-at-once,extensive,0.0305949008498582,,,True,False,undetermined,-0.8247376275749545,6.879626135293655,1.2724204174935967,0.25,True,False,no population gap,single df,0.0926243567752997,1.073303544959952,inf,3.0274442538593505,1.5422882777520266,inf,-0.0768648794918129,8,0.00625,0.9875,not read,False
gpt-3.5-turbo-0125 | 1 | NA | all-at-once | extensive,bjw_score | sex,bjw_score,sex,True,85,62,23,1.0,False,gpt-3.5-turbo-0125,1.0,,all-at-once,extensive,1.0675381263616577,,,True,False,undetermined,-3.4784932878944645,2.190975756337663,4.403411142197722,0.25,True,False,no population gap,single df,-0.687237026647967,0.5053338228428034,inf,-0.6437587657784007,1.134935462177802,inf,0.0428689762514755,8,0.00625,0.9875,not read,False
gpt-3.5-turbo-0125 | 1 | NA | all-at-once | extensive,bjw_score | education,bjw_score,education,True,85,41,44,1.0,False,gpt-3.5-turbo-0125,1.0,,all-at-once,extensive,-0.9263015551047984,,,True,False,undetermined,-3.51943020478364,1.8797406260696696,3.2928006013723343,0.25,True,False,no population gap,single df,0.7594235033259409,0.5241007900712289,inf,-0.8198447893569849,1.080826157526246,inf,0.0066974705334727,8,0.00625,0.9875,not read,False
gpt-3.5-turbo-0125 | 1 | NA | all-at-once | extensive,bjw_score | age,bjw_score,age,True,85,39,46,1.0,False,gpt-3.5-turbo-0125,1.0,,all-at-once,extensive,-0.3031212484994,,,True,False,undetermined,-3.6131660383299007,1.7558639201582196,2.89076823095069,0.25,True,False,no population gap,single df,0.28149386845039,0.5185127169644228,inf,-0.9286510590858406,1.0747924452612447,inf,-0.014424888012723,8,0.00625,0.9875,not read,False
gpt-3.5-turbo-0125 | 1 | NA | all-at-once | extensive,gut_diff | political_identity,gut_diff,political_identity,True,85,11,53,1.0,False,gpt-3.5-turbo-0125,1.0,,all-at-once,extensive,0.1916859122401848,,,True,False,undetermined,-1.0461630573376757,2.5315832974748966,2.4085752019119284,0.25,True,False,no population gap,single df,0.1423670668953688,0.3757055073687778,inf,0.7427101200686106,0.7162066114260104,inf,-0.0771595647689058,8,0.00625,0.9875,not read,False
gpt-3.5-turbo-0125 | 1 | NA | all-at-once | extensive,gut_diff | sex,gut_diff,sex,True,85,62,23,1.0,False,gpt-3.5-turbo-0125,1.0,,all-at-once,extensive,0.9111747851002862,,,True,False,undetermined,-1.5139845768883289,1.024503510969675,5.186080248260046,0.25,True,False,no population gap,single df,-0.2230014025245441,0.2508258998968202,inf,-0.2447405329593268,0.5081640147867098,inf,0.0314532446764454,8,0.00625,0.9875,not read,False
gpt-3.5-turbo-0125 | 1 | NA | all-at-once | extensive,gut_diff | education,gut_diff,education,True,85,41,44,1.0,False,gpt-3.5-turbo-0125,1.0,,all-at-once,extensive,1.2876344086021505,,,True,False,undetermined,-1.2216746800862492,0.8092578286450074,4.924465384074174,0.25,True,False,no population gap,single df,-0.2655210643015521,0.2401142551298272,inf,-0.2062084257206209,0.4065596456151067,inf,0.0039122593530157,8,0.00625,0.9875,not read,False
gpt-3.5-turbo-0125 | 1 | NA | all-at-once | extensive,gut_diff | age,gut_diff,age,True,85,39,46,1.0,False,gpt-3.5-turbo-0125,1.0,,all-at-once,extensive,1.043560606060606,,,True,False,undetermined,-1.2987750953461776,0.7101463328043716,3.412883562596672,0.25,True,False,no population gap,single df,-0.3071348940914158,0.2527552543602601,inf,-0.294314381270903,0.4021533853962044,inf,0.0016240478154144,8,0.00625,0.9875,not read,False
gpt-3.5-turbo-0125 | 1 | NA | all-at-once | minimal,bjw_score | political_identity,bjw_score,political_identity,False,85,11,53,1.0,False,gpt-3.5-turbo-0125,1.0,,all-at-once,minimal,0.0861189801699716,,,True,False,undetermined,-0.8247376275749545,6.879626135293655,1.2724204174935967,0.25,True,False,no population gap,single df,0.260720411663808,0.6908976117480207,inf,3.0274442538593505,1.5422882777520266,inf,0.2909179258816456,8,0.00625,0.9875,not read,False
gpt-3.5-turbo-0125 | 1 | NA | all-at-once | minimal,bjw_score | sex,bjw_score,sex,True,85,62,23,1.0,False,gpt-3.5-turbo-0125,1.0,,all-at-once,minimal,0.3180827886710242,,,True,False,undetermined,-3.4784932878944645,2.190975756337663,4.403411142197722,0.25,True,False,no population gap,single df,-0.2047685834502104,0.4901281250443688,inf,-0.6437587657784007,1.134935462177802,inf,0.0460037138117119,8,0.00625,0.9875,not read,False
gpt-3.5-turbo-0125 | 1 | NA | all-at-once | minimal,bjw_score | education,bjw_score,education,False,85,41,44,1.0,False,gpt-3.5-turbo-0125,1.0,,all-at-once,minimal,0.3252197430696403,,,True,False,undetermined,-3.51943020478364,1.8797406260696696,3.2928006013723343,0.25,True,False,no population gap,single df,-0.266629711751662,0.4483452037778896,inf,-0.8198447893569849,1.080826157526246,inf,0.0147282612239252,8,0.00625,0.9875,not read,False
gpt-3.5-turbo-0125 | 1 | NA | all-at-once | minimal,bjw_score | age,bjw_score,age,True,85,39,46,1.0,False,gpt-3.5-turbo-0125,1.0,,all-at-once,minimal,-0.1086434573829518,,,True,False,undetermined,-3.6131660383299007,1.7558639201582196,2.89076823095069,0.25,True,False,no population gap,single df,0.1008918617614256,0.4394967914546858,inf,-0.9286510590858406,1.0747924452612447,inf,0.0480914346371885,8,0.00625,0.9875,not read,False
gpt-3.5-turbo-0125 | 1 | NA | all-at-once | minimal,gut_diff | political_identity,gut_diff,political_identity,False,85,11,53,1.0,False,gpt-3.5-turbo-0125,1.0,,all-at-once,minimal,-0.6235565819861432,,,True,False,undetermined,-1.0461630573376757,2.5315832974748966,2.4085752019119284,0.25,True,False,no population gap,single df,-0.4631217838765008,0.579166735487338,inf,0.7427101200686106,0.7162066114260104,inf,-0.0529090675072499,8,0.00625,0.9875,not read,False
gpt-3.5-turbo-0125 | 1 | NA | all-at-once | minimal,gut_diff | sex,gut_diff,sex,True,85,62,23,1.0,False,gpt-3.5-turbo-0125,1.0,,all-at-once,minimal,1.0429799426934092,,,True,False,undetermined,-1.5139845768883289,1.024503510969675,5.186080248260046,0.25,True,False,no population gap,single df,-0.2552594670406731,0.3838300876342466,inf,-0.2447405329593268,0.5081640147867098,inf,-0.0120638604202918,8,0.00625,0.9875,not read,False
gpt-3.5-turbo-0125 | 1 | NA | all-at-once | minimal,gut_diff | education,gut_diff,education,False,85,41,44,1.0,False,gpt-3.5-turbo-0125,1.0,,all-at-once,minimal,0.3817204301075268,,,True,False,undetermined,-1.2216746800862492,0.8092578286450074,4.924465384074174,0.25,True,False,no population gap,single df,-0.0787139689578714,0.3339247078787696,inf,-0.2062084257206209,0.4065596456151067,inf,0.0029600531103997,8,0.00625,0.9875,not read,False
gpt-3.5-turbo-0125 | 1 | NA | all-at-once | minimal,gut_diff | age,gut_diff,age,True,85,39,46,1.0,False,gpt-3.5-turbo-0125,1.0,,all-at-once,minimal,-2.3238636363636367,,,True,False,undetermined,-1.2987750953461776,0.7101463328043716,3.412883562596672,0.25,True,False,no population gap,single df,0.6839464882943145,0.3283744334652177,inf,-0.294314381270903,0.4021533853962044,inf,0.0012339136282788,8,0.00625,0.9875,not read,False
gpt-3.5-turbo-0125 | 1 | NA | all-at-once | none,bjw_score | political_identity,bjw_score,political_identity,False,85,11,53,1.0,False,gpt-3.5-turbo-0125,1.0,,all-at-once,none,0.0583569405099149,,,True,False,undetermined,-0.8247376275749545,6.879626135293655,1.2724204174935967,0.25,True,False,no population gap,single df,0.1766723842195539,0.2640810624200515,inf,3.0274442538593505,1.5422882777520266,inf,0.1565216176870721,8,0.00625,0.9875,not read,False
gpt-3.5-turbo-0125 | 1 | NA | all-at-once | none,bjw_score | sex,bjw_score,sex,False,85,62,23,1.0,False,gpt-3.5-turbo-0125,1.0,,all-at-once,none,0.0860566448801707,,,True,False,undetermined,-3.4784932878944645,2.190975756337663,4.403411142197722,0.25,True,False,no population gap,single df,-0.0553997194950888,0.3320689544798707,inf,-0.6437587657784007,1.134935462177802,inf,-0.0623571102334363,8,0.00625,0.9875,not read,False
gpt-3.5-turbo-0125 | 1 | NA | all-at-once | none,bjw_score | education,bjw_score,education,False,85,41,44,1.0,False,gpt-3.5-turbo-0125,1.0,,all-at-once,none,0.1196754563894517,,,True,False,undetermined,-3.51943020478364,1.8797406260696696,3.2928006013723343,0.25,True,False,no population gap,single df,-0.0981152993348111,0.2815255043455031,inf,-0.8198447893569849,1.080826157526246,inf,-0.0351342077461222,8,0.00625,0.9875,not read,False
gpt-3.5-turbo-0125 | 1 | NA | all-at-once | none,bjw_score | age,bjw_score,age,False,85,39,46,1.0,False,gpt-3.5-turbo-0125,1.0,,all-at-once,none,-0.0072028811524614,,,True,False,undetermined,-3.6131660383299007,1.7558639201582196,2.89076823095069,0.25,True,False,no population gap,single df,0.0066889632107027,0.2880261670143922,inf,-0.9286510590858406,1.0747924452612447,inf,-0.0252077622714144,8,0.00625,0.9875,not read,False
gpt-3.5-turbo-0125 | 1 | NA | all-at-once | none,gut_diff | political_identity,gut_diff,political_identity,False,85,11,53,1.0,False,gpt-3.5-turbo-0125,1.0,,all-at-once,none,0.2979214780600461,,,True,False,undetermined,-1.0461630573376757,2.5315832974748966,2.4085752019119284,0.25,True,False,no population gap,single df,0.2212692967409948,0.3904258762049344,inf,0.7427101200686106,0.7162066114260104,inf,-0.0382642557858272,8,0.00625,0.9875,not read,False
gpt-3.5-turbo-0125 | 1 | NA | all-at-once | none,gut_diff | sex,gut_diff,sex,False,85,62,23,1.0,False,gpt-3.5-turbo-0125,1.0,,all-at-once,none,1.610315186246418,,,True,False,undetermined,-1.5139845768883289,1.024503510969675,5.186080248260046,0.25,True,False,no population gap,single df,-0.394109396914446,0.3399446262376336,inf,-0.2447405329593268,0.5081640147867098,inf,-0.0058067413768878,8,0.00625,0.9875,not read,False
gpt-3.5-turbo-0125 | 1 | NA | all-at-once | none,gut_diff | education,gut_diff,education,False,85,41,44,1.0,False,gpt-3.5-turbo-0125,1.0,,all-at-once,none,0.4462365591397849,,,True,False,undetermined,-1.2216746800862492,0.8092578286450074,4.924465384074174,0.25,True,False,no population gap,single df,-0.0920177383592018,0.2873102362392742,inf,-0.2062084257206209,0.4065596456151067,inf,0.0107915897857581,8,0.00625,0.9875,not read,False
gpt-3.5-turbo-0125 | 1 | NA | all-at-once | none,gut_diff | age,gut_diff,age,False,85,39,46,1.0,False,gpt-3.5-turbo-0125,1.0,,all-at-once,none,1.0018939393939392,,,True,False,undetermined,-1.2987750953461776,0.7101463328043716,3.412883562596672,0.25,True,False,no population gap,single df,-0.2948717948717948,0.2968931987983774,inf,-0.294314381270903,0.4021533853962044,inf,0.0101620835552839,8,0.00625,0.9875,not read,False
gpt-3.5-turbo-0125 | 1 | NA | item-by-item | extensive,bjw_score | political_identity,bjw_score,political_identity,True,85,11,53,1.0,False,gpt-3.5-turbo-0125,1.0,,item-by-item,extensive,-0.4073654390934834,,,True,False,undetermined,-0.8247376275749545,6.879626135293655,1.2724204174935967,0.25,True,False,no population gap,single df,-1.2332761578044575,1.0989808583172211,inf,3.0274442538593505,1.5422882777520266,inf,-0.3206450284085758,8,0.00625,0.9875,not read,False
gpt-3.5-turbo-0125 | 1 | NA | item-by-item | extensive,bjw_score | sex,bjw_score,sex,True,85,62,23,1.0,False,gpt-3.5-turbo-0125,1.0,,item-by-item,extensive,1.1165577342047963,,,True,False,undetermined,-3.4784932878944645,2.190975756337663,4.403411142197722,0.25,True,False,no population gap,single df,-0.7187938288920073,0.4709775940316797,inf,-0.6437587657784007,1.134935462177802,inf,-0.1623085507805092,8,0.00625,0.9875,not read,False
gpt-3.5-turbo-0125 | 1 | NA | item-by-item | extensive,bjw_score | education,bjw_score,education,True,85,41,44,1.0,False,gpt-3.5-turbo-0125,1.0,,item-by-item,extensive,-1.9100743745774167,,,True,False,reversed to attenuated,-3.51943020478364,1.8797406260696696,3.2928006013723343,0.25,True,False,no population gap,single df,1.5659645232815969,0.5231781343114837,inf,-0.8198447893569849,1.080826157526246,inf,-0.1447372138075159,8,0.00625,0.9875,not read,False
gpt-3.5-turbo-0125 | 1 | NA | item-by-item | extensive,bjw_score | age,bjw_score,age,True,85,39,46,1.0,False,gpt-3.5-turbo-0125,1.0,,item-by-item,extensive,-1.830732292917169,,,True,False,reversed to attenuated,-3.6131660383299007,1.7558639201582196,2.89076823095069,0.25,True,False,no population gap,single df,1.7001114827201782,0.4894345190038928,inf,-0.9286510590858406,1.0747924452612447,inf,-0.1312542018466842,8,0.00625,0.9875,not read,False
gpt-3.5-turbo-0125 | 1 | NA | item-by-item | extensive,gut_diff | political_identity,gut_diff,political_identity,True,85,11,53,1.0,False,gpt-3.5-turbo-0125,1.0,,item-by-item,extensive,0.3926096997690531,,,True,False,undetermined,-1.0461630573376757,2.5315832974748966,2.4085752019119284,0.25,True,False,no population gap,single df,0.2915951972555746,0.2644245944033055,inf,0.7427101200686106,0.7162066114260104,inf,0.0705578494283784,8,0.00625,0.9875,not read,False
gpt-3.5-turbo-0125 | 1 | NA | item-by-item | extensive,gut_diff | sex,gut_diff,sex,True,85,62,23,1.0,False,gpt-3.5-turbo-0125,1.0,,item-by-item,extensive,-0.5730659025787964,,,True,False,undetermined,-1.5139845768883289,1.024503510969675,5.186080248260046,0.25,True,False,no population gap,single df,0.1402524544179523,0.2095250624172308,inf,-0.2447405329593268,0.5081640147867098,inf,0.0137159728387858,8,0.00625,0.9875,not read,False
gpt-3.5-turbo-0125 | 1 | NA | item-by-item | extensive,gut_diff | education,gut_diff,education,True,85,41,44,1.0,False,gpt-3.5-turbo-0125,1.0,,item-by-item,extensive,-1.5053763440860208,,,True,False,undetermined,-1.2216746800862492,0.8092578286450074,4.924465384074174,0.25,True,False,no population gap,single df,0.3104212860310421,0.1797873833429788,inf,-0.2062084257206209,0.4065596456151067,inf,0.0007774150442071,8,0.00625,0.9875,not read,False
gpt-3.5-turbo-0125 | 1 | NA | item-by-item | extensive,gut_diff | age,gut_diff,age,True,85,39,46,1.0,False,gpt-3.5-turbo-0125,1.0,,item-by-item,extensive,-0.7575757575757575,,,True,False,undetermined,-1.2987750953461776,0.7101463328043716,3.412883562596672,0.25,True,False,no population gap,single df,0.2229654403567447,0.1806127796174405,inf,-0.294314381270903,0.4021533853962044,inf,0.0008987666946155,8,0.00625,0.9875,not read,False
gpt-3.5-turbo-0125 | 1 | NA | item-by-item | minimal,bjw_score | political_identity,bjw_score,political_identity,False,85,11,53,1.0,False,gpt-3.5-turbo-0125,1.0,,item-by-item,minimal,-0.0866855524079321,,,True,False,undetermined,-0.8247376275749545,6.879626135293655,1.2724204174935967,0.25,True,False,no population gap,single df,-0.2624356775300178,0.5175126539333554,inf,3.0274442538593505,1.5422882777520266,inf,0.1929540160982499,8,0.00625,0.9875,not read,False
gpt-3.5-turbo-0125 | 1 | NA | item-by-item | minimal,bjw_score | sex,bjw_score,sex,True,85,62,23,1.0,False,gpt-3.5-turbo-0125,1.0,,item-by-item,minimal,-0.8551198257080617,,,True,False,undetermined,-3.4784932878944645,2.190975756337663,4.403411142197722,0.25,True,False,no population gap,single df,0.5504908835904629,0.2855507581733992,inf,-0.6437587657784007,1.134935462177802,inf,0.0801349803117586,8,0.00625,0.9875,not read,False
gpt-3.5-turbo-0125 | 1 | NA | item-by-item | minimal,bjw_score | education,bjw_score,education,False,85,41,44,1.0,False,gpt-3.5-turbo-0125,1.0,,item-by-item,minimal,0.2265043948613947,,,True,False,undetermined,-3.51943020478364,1.8797406260696696,3.2928006013723343,0.25,True,False,no population gap,single df,-0.1856984478935714,0.3310445743268346,inf,-0.8198447893569849,1.080826157526246,inf,0.0483519018427307,8,0.00625,0.9875,not read,False
gpt-3.5-turbo-0125 | 1 | NA | item-by-item | minimal,bjw_score | age,bjw_score,age,True,85,39,46,1.0,False,gpt-3.5-turbo-0125,1.0,,item-by-item,minimal,0.3331332533013208,,,True,False,undetermined,-3.6131660383299007,1.7558639201582196,2.89076823095069,0.25,True,False,no population gap,single df,-0.3093645484949832,0.3360466451210557,inf,-0.9286510590858406,1.0747924452612447,inf,0.0534944555931492,8,0.00625,0.9875,not read,False
gpt-3.5-turbo-0125 | 1 | NA | item-by-item | minimal,gut_diff | political_identity,gut_diff,political_identity,False,85,11,53,1.0,False,gpt-3.5-turbo-0125,1.0,,item-by-item,minimal,-0.697459584295612,,,True,False,undetermined,-1.0461630573376757,2.5315832974748966,2.4085752019119284,0.25,True,False,no population gap,single df,-0.5180102915951972,0.3510896868299166,inf,0.7427101200686106,0.7162066114260104,inf,0.0343903607826728,8,0.00625,0.9875,not read,False
gpt-3.5-turbo-0125 | 1 | NA | item-by-item | minimal,gut_diff | sex,gut_diff,sex,True,85,62,23,1.0,False,gpt-3.5-turbo-0125,1.0,,item-by-item,minimal,-0.0401146131805157,,,True,False,undetermined,-1.5139845768883289,1.024503510969675,5.186080248260046,0.25,True,False,no population gap,single df,0.0098176718092566,0.2081746256280913,inf,-0.2447405329593268,0.5081640147867098,inf,-0.0057435982217138,8,0.00625,0.9875,not read,False
gpt-3.5-turbo-0125 | 1 | NA | item-by-item | minimal,gut_diff | education,gut_diff,education,False,85,41,44,1.0,False,gpt-3.5-turbo-0125,1.0,,item-by-item,minimal,-0.9462365591397844,,,True,False,undetermined,-1.2216746800862492,0.8092578286450074,4.924465384074174,0.25,True,False,no population gap,single df,0.1951219512195122,0.2240298805091079,inf,-0.2062084257206209,0.4065596456151067,inf,0.0004969464156408,8,0.00625,0.9875,not read,False
gpt-3.5-turbo-0125 | 1 | NA | item-by-item | minimal,gut_diff | age,gut_diff,age,True,85,39,46,1.0,False,gpt-3.5-turbo-0125,1.0,,item-by-item,minimal,-1.0189393939393936,,,True,False,undetermined,-1.2987750953461776,0.7101463328043716,3.412883562596672,0.25,True,False,no population gap,single df,0.2998885172798216,0.2363119663743504,inf,-0.294314381270903,0.4021533853962044,inf,0.0013462100563669,8,0.00625,0.9875,not read,False
gpt-3.5-turbo-0125 | 1 | NA | item-by-item | none,bjw_score | political_identity,bjw_score,political_identity,False,85,11,53,1.0,False,gpt-3.5-turbo-0125,1.0,,item-by-item,none,-0.1592067988668557,,,True,False,undetermined,-0.8247376275749545,6.879626135293655,1.2724204174935967,0.25,True,False,no population gap,single df,-0.4819897084048037,0.3654099851437065,inf,3.0274442538593505,1.5422882777520266,inf,-0.0156220829524585,8,0.00625,0.9875,not read,False
gpt-3.5-turbo-0125 | 1 | NA | item-by-item | none,bjw_score | sex,bjw_score,sex,False,85,62,23,1.0,False,gpt-3.5-turbo-0125,1.0,,item-by-item,none,-0.2418300653594768,,,True,False,undetermined,-3.4784932878944645,2.190975756337663,4.403411142197722,0.25,True,False,no population gap,single df,0.1556802244039268,0.285258533177222,inf,-0.6437587657784007,1.134935462177802,inf,0.0340570684122845,8,0.00625,0.9875,not read,False
gpt-3.5-turbo-0125 | 1 | NA | item-by-item | none,bjw_score | education,bjw_score,education,False,85,41,44,1.0,False,gpt-3.5-turbo-0125,1.0,,item-by-item,none,-0.6869506423258948,,,True,False,undetermined,-3.51943020478364,1.8797406260696696,3.2928006013723343,0.25,True,False,no population gap,single df,0.5631929046563187,0.2268949697182299,inf,-0.8198447893569849,1.080826157526246,inf,0.0052415635106178,8,0.00625,0.9875,not read,False
gpt-3.5-turbo-0125 | 1 | NA | item-by-item | none,bjw_score | age,bjw_score,age,False,85,39,46,1.0,False,gpt-3.5-turbo-0125,1.0,,item-by-item,none,-0.1134453781512633,,,True,False,undetermined,-3.6131660383299007,1.7558639201582196,2.89076823095069,0.25,True,False,no population gap,single df,0.1053511705685643,0.2414262311396826,inf,-0.9286510590858406,1.0747924452612447,inf,0.0082244769328722,8,0.00625,0.9875,not read,False
gpt-3.5-turbo-0125 | 1 | NA | item-by-item | none,gut_diff | political_identity,gut_diff,political_identity,False,85,11,53,1.0,False,gpt-3.5-turbo-0125,1.0,,item-by-item,none,-0.0323325635103925,,,True,False,undetermined,-1.0461630573376757,2.5315832974748966,2.4085752019119284,0.25,True,False,no population gap,single df,-0.0240137221269296,0.5028490867589183,inf,0.7427101200686106,0.7162066114260104,inf,0.0522096632562531,8,0.00625,0.9875,not read,False
gpt-3.5-turbo-0125 | 1 | NA | item-by-item | none,gut_diff | sex,gut_diff,sex,False,85,62,23,1.0,False,gpt-3.5-turbo-0125,1.0,,item-by-item,none,2.1489971346704864,,,True,False,undetermined,-1.5139845768883289,1.024503510969675,5.186080248260046,0.25,True,False,no population gap,single df,-0.5259467040673211,0.3657362779384095,inf,-0.2447405329593268,0.5081640147867098,inf,-0.034202474683179,8,0.00625,0.9875,not read,False
gpt-3.5-turbo-0125 | 1 | NA | item-by-item | none,gut_diff | education,gut_diff,education,False,85,41,44,1.0,False,gpt-3.5-turbo-0125,1.0,,item-by-item,none,0.1612903225806448,,,True,False,undetermined,-1.2216746800862492,0.8092578286450074,4.924465384074174,0.25,True,False,no population gap,single df,-0.0332594235033258,0.3210118383462707,inf,-0.2062084257206209,0.4065596456151067,inf,-0.0089269204931867,8,0.00625,0.9875,not read,False
gpt-3.5-turbo-0125 | 1 | NA | item-by-item | none,gut_diff | age,gut_diff,age,False,85,39,46,1.0,False,gpt-3.5-turbo-0125,1.0,,item-by-item,none,-1.3446969696969695,,,True,False,undetermined,-1.2987750953461776,0.7101463328043716,3.412883562596672,0.25,True,False,no population gap,single df,0.3957636566332219,0.3186530923087972,inf,-0.294314381270903,0.4021533853962044,inf,-0.010658977655924,8,0.00625,0.9875,not read,False
gpt-3.5-turbo-0125 | 1 | NA | scale-by-scale | extensive,bjw_score | political_identity,bjw_score,political_identity,True,85,11,53,1.0,False,gpt-3.5-turbo-0125,1.0,,scale-by-scale,extensive,0.0674220963172799,,,True,False,undetermined,-0.8247376275749545,6.879626135293655,1.2724204174935967,0.25,True,False,no population gap,single df,0.2041166380789008,1.3419238728088496,inf,3.0274442538593505,1.5422882777520266,inf,-0.5297602539300447,8,0.00625,0.9875,not read,False
gpt-3.5-turbo-0125 | 1 | NA | scale-by-scale | extensive,bjw_score | sex,bjw_score,sex,True,85,62,23,1.0,False,gpt-3.5-turbo-0125,1.0,,scale-by-scale,extensive,0.5392156862745154,,,True,False,undetermined,-3.4784932878944645,2.190975756337663,4.403411142197722,0.25,True,False,no population gap,single df,-0.3471248246844354,0.8883349905197886,inf,-0.6437587657784007,1.134935462177802,inf,-0.3124476748248189,8,0.00625,0.9875,not read,False
gpt-3.5-turbo-0125 | 1 | NA | scale-by-scale | extensive,bjw_score | education,bjw_score,education,True,85,41,44,1.0,False,gpt-3.5-turbo-0125,1.0,,scale-by-scale,extensive,-2.373225152129816,,,True,False,undetermined,-3.51943020478364,1.8797406260696696,3.2928006013723343,0.25,True,False,no population gap,single df,1.9456762749445675,0.7596126693223922,inf,-0.8198447893569849,1.080826157526246,inf,-0.0497670304229942,8,0.00625,0.9875,not read,False
gpt-3.5-turbo-0125 | 1 | NA | scale-by-scale | extensive,bjw_score | age,bjw_score,age,True,85,39,46,1.0,False,gpt-3.5-turbo-0125,1.0,,scale-by-scale,extensive,-2.211884753901566,,,True,False,undetermined,-3.6131660383299007,1.7558639201582196,2.89076823095069,0.25,True,False,no population gap,single df,2.0540691192865133,0.7692108755754841,inf,-0.9286510590858406,1.0747924452612447,inf,-0.0564453673894437,8,0.00625,0.9875,not read,False
gpt-3.5-turbo-0125 | 1 | NA | scale-by-scale | extensive,gut_diff | political_identity,gut_diff,political_identity,True,85,11,53,1.0,False,gpt-3.5-turbo-0125,1.0,,scale-by-scale,extensive,1.351039260969977,,,True,False,undetermined,-1.0461630573376757,2.5315832974748966,2.4085752019119284,0.25,True,False,no population gap,single df,1.0034305317324186,0.6285145657451913,inf,0.7427101200686106,0.7162066114260104,inf,0.2171303589901697,8,0.00625,0.9875,not read,False
gpt-3.5-turbo-0125 | 1 | NA | scale-by-scale | extensive,gut_diff | sex,gut_diff,sex,True,85,62,23,1.0,False,gpt-3.5-turbo-0125,1.0,,scale-by-scale,extensive,0.6962750716332373,,,True,False,undetermined,-1.5139845768883289,1.024503510969675,5.186080248260046,0.25,True,False,no population gap,single df,-0.170406732117812,0.2938401215173575,inf,-0.2447405329593268,0.5081640147867098,inf,0.0226061425439545,8,0.00625,0.9875,not read,False
gpt-3.5-turbo-0125 | 1 | NA | scale-by-scale | extensive,gut_diff | education,gut_diff,education,True,85,41,44,1.0,False,gpt-3.5-turbo-0125,1.0,,scale-by-scale,extensive,1.8655913978494616,,,True,False,undetermined,-1.2216746800862492,0.8092578286450074,4.924465384074174,0.25,True,False,no population gap,single df,-0.3847006651884701,0.2756611760325763,inf,-0.2062084257206209,0.4065596456151067,inf,0.0008305357048372,8,0.00625,0.9875,not read,False
gpt-3.5-turbo-0125 | 1 | NA | scale-by-scale | extensive,gut_diff | age,gut_diff,age,True,85,39,46,1.0,False,gpt-3.5-turbo-0125,1.0,,scale-by-scale,extensive,-0.5284090909090909,,,True,False,undetermined,-1.2987750953461776,0.7101463328043716,3.412883562596672,0.25,True,False,no population gap,single df,0.1555183946488294,0.276938928860444,inf,-0.294314381270903,0.4021533853962044,inf,-0.0010211970538414,8,0.00625,0.9875,not read,False
gpt-3.5-turbo-0125 | 1 | NA | scale-by-scale | minimal,bjw_score | political_identity,bjw_score,political_identity,False,85,11,53,1.0,False,gpt-3.5-turbo-0125,1.0,,scale-by-scale,minimal,0.0606232294617558,,,True,False,undetermined,-0.8247376275749545,6.879626135293655,1.2724204174935967,0.25,True,False,no population gap,single df,0.1835334476843897,1.4313734091809331,inf,3.0274442538593505,1.5422882777520266,inf,0.9412267442904284,8,0.00625,0.9875,not read,False
gpt-3.5-turbo-0125 | 1 | NA | scale-by-scale | minimal,bjw_score | sex,bjw_score,sex,True,85,62,23,1.0,False,gpt-3.5-turbo-0125,1.0,,scale-by-scale,minimal,-1.129629629629631,,,True,False,undetermined,-3.4784932878944645,2.190975756337663,4.403411142197722,0.25,True,False,no population gap,single df,0.7272089761570832,0.8238028857768714,inf,-0.6437587657784007,1.134935462177802,inf,-0.0717410156035241,8,0.00625,0.9875,not read,False
gpt-3.5-turbo-0125 | 1 | NA | scale-by-scale | minimal,bjw_score | education,bjw_score,education,False,85,41,44,1.0,False,gpt-3.5-turbo-0125,1.0,,scale-by-scale,minimal,1.0574712643678117,,,True,False,undetermined,-3.51943020478364,1.8797406260696696,3.2928006013723343,0.25,True,False,no population gap,single df,-0.8669623059866929,0.7493041620251899,inf,-0.8198447893569849,1.080826157526246,inf,-0.0488235514701348,8,0.00625,0.9875,not read,False
gpt-3.5-turbo-0125 | 1 | NA | scale-by-scale | minimal,bjw_score | age,bjw_score,age,True,85,39,46,1.0,False,gpt-3.5-turbo-0125,1.0,,scale-by-scale,minimal,1.1020408163265316,,,True,False,undetermined,-3.6131660383299007,1.7558639201582196,2.89076823095069,0.25,True,False,no population gap,single df,-1.023411371237458,0.7504892821281657,inf,-0.9286510590858406,1.0747924452612447,inf,-0.0618432730426152,8,0.00625,0.9875,not read,False
gpt-3.5-turbo-0125 | 1 | NA | scale-by-scale | minimal,gut_diff | political_identity,gut_diff,political_identity,False,85,11,53,1.0,False,gpt-3.5-turbo-0125,1.0,,scale-by-scale,minimal,0.140877598152425,,,True,False,undetermined,-1.0461630573376757,2.5315832974748966,2.4085752019119284,0.25,True,False,no population gap,single df,0.104631217838765,0.3256527701578778,inf,0.7427101200686106,0.7162066114260104,inf,-0.0719241460757493,8,0.00625,0.9875,not read,False
gpt-3.5-turbo-0125 | 1 | NA | scale-by-scale | minimal,gut_diff | sex,gut_diff,sex,True,85,62,23,1.0,False,gpt-3.5-turbo-0125,1.0,,scale-by-scale,minimal,0.8452722063037247,,,True,False,undetermined,-1.5139845768883289,1.024503510969675,5.186080248260046,0.25,True,False,no population gap,single df,-0.2068723702664796,0.2689044115230211,inf,-0.2447405329593268,0.5081640147867098,inf,0.0128202128544126,8,0.00625,0.9875,not read,False
gpt-3.5-turbo-0125 | 1 | NA | scale-by-scale | minimal,gut_diff | education,gut_diff,education,False,85,41,44,1.0,False,gpt-3.5-turbo-0125,1.0,,scale-by-scale,minimal,-1.5725806451612896,,,True,False,undetermined,-1.2216746800862492,0.8092578286450074,4.924465384074174,0.25,True,False,no population gap,single df,0.3242793791574279,0.2524349067564247,inf,-0.2062084257206209,0.4065596456151067,inf,-0.0076036208798967,8,0.00625,0.9875,not read,False
gpt-3.5-turbo-0125 | 1 | NA | scale-by-scale | minimal,gut_diff | age,gut_diff,age,True,85,39,46,1.0,False,gpt-3.5-turbo-0125,1.0,,scale-by-scale,minimal,-1.941287878787879,,,True,False,undetermined,-1.2987750953461776,0.7101463328043716,3.412883562596672,0.25,True,False,no population gap,single df,0.5713489409141583,0.2447700529360851,inf,-0.294314381270903,0.4021533853962044,inf,-0.00192851095421,8,0.00625,0.9875,not read,False
gpt-3.5-turbo-0125 | 1 | NA | scale-by-scale | none,bjw_score | political_identity,bjw_score,political_identity,False,85,11,53,1.0,False,gpt-3.5-turbo-0125,1.0,,scale-by-scale,none,0.3954674220963169,,,True,False,undetermined,-0.8247376275749545,6.879626135293655,1.2724204174935967,0.25,True,False,no population gap,single df,1.197255574614065,1.0073505461922947,inf,3.0274442538593505,1.5422882777520266,inf,0.3819113748726098,8,0.00625,0.9875,not read,False
gpt-3.5-turbo-0125 | 1 | NA | scale-by-scale | none,bjw_score | sex,bjw_score,sex,False,85,62,23,1.0,False,gpt-3.5-turbo-0125,1.0,,scale-by-scale,none,0.9782135076252754,,,True,False,undetermined,-3.4784932878944645,2.190975756337663,4.403411142197722,0.25,True,False,no population gap,single df,-0.6297335203366075,0.7029494193812651,inf,-0.6437587657784007,1.134935462177802,inf,0.0690968450577205,8,0.00625,0.9875,not read,False
gpt-3.5-turbo-0125 | 1 | NA | scale-by-scale | none,bjw_score | education,bjw_score,education,False,85,41,44,1.0,False,gpt-3.5-turbo-0125,1.0,,scale-by-scale,none,-0.0378634212305614,,,True,False,undetermined,-3.51943020478364,1.8797406260696696,3.2928006013723343,0.25,True,False,no population gap,single df,0.0310421286031044,0.5712391957851548,inf,-0.8198447893569849,1.080826157526246,inf,-0.0172063543852243,8,0.00625,0.9875,not read,False
gpt-3.5-turbo-0125 | 1 | NA | scale-by-scale | none,bjw_score | age,bjw_score,age,False,85,39,46,1.0,False,gpt-3.5-turbo-0125,1.0,,scale-by-scale,none,-0.5036014405762307,,,True,False,undetermined,-3.6131660383299007,1.7558639201582196,2.89076823095069,0.25,True,False,no population gap,single df,0.4676700111482716,0.5717982018483978,inf,-0.9286510590858406,1.0747924452612447,inf,-0.0269708789656322,8,0.00625,0.9875,not read,False
gpt-3.5-turbo-0125 | 1 | NA | scale-by-scale | none,gut_diff | political_identity,gut_diff,political_identity,False,85,11,53,1.0,False,gpt-3.5-turbo-0125,1.0,,scale-by-scale,none,-0.2217090069284064,,,True,False,undetermined,-1.0461630573376757,2.5315832974748966,2.4085752019119284,0.25,True,False,no population gap,single df,-0.1646655231560891,0.4697393685527842,inf,0.7427101200686106,0.7162066114260104,inf,0.0860328886476912,8,0.00625,0.9875,not read,False
gpt-3.5-turbo-0125 | 1 | NA | scale-by-scale | none,gut_diff | sex,gut_diff,sex,False,85,62,23,1.0,False,gpt-3.5-turbo-0125,1.0,,scale-by-scale,none,-0.7335243553008594,,,True,False,undetermined,-1.5139845768883289,1.024503510969675,5.186080248260046,0.25,True,False,no population gap,single df,0.1795231416549789,0.2506745736470124,inf,-0.2447405329593268,0.5081640147867098,inf,0.0171864521402176,8,0.00625,0.9875,not read,False
gpt-3.5-turbo-0125 | 1 | NA | scale-by-scale | none,gut_diff | education,gut_diff,education,False,85,41,44,1.0,False,gpt-3.5-turbo-0125,1.0,,scale-by-scale,none,-0.7204301075268814,,,True,False,undetermined,-1.2216746800862492,0.8092578286450074,4.924465384074174,0.25,True,False,no population gap,single df,0.1485587583148558,0.2618938530507698,inf,-0.2062084257206209,0.4065596456151067,inf,0.0135814343911383,8,0.00625,0.9875,not read,False
gpt-3.5-turbo-0125 | 1 | NA | scale-by-scale | none,gut_diff | age,gut_diff,age,False,85,39,46,1.0,False,gpt-3.5-turbo-0125,1.0,,scale-by-scale,none,0.1571969696969696,,,True,False,undetermined,-1.2987750953461776,0.7101463328043716,3.412883562596672,0.25,True,False,no population gap,single df,-0.0462653288740245,0.2538862543021794,inf,-0.294314381270903,0.4021533853962044,inf,0.0030020729907577,8,0.00625,0.9875,not read,False
gpt-3.5-turbo-0125 | 1.5 | NA | all-at-once | extensive,bjw_score | political_identity,bjw_score,political_identity,True,83,10,52,0.976470588235294,False,gpt-3.5-turbo-0125,1.5,,all-at-once,extensive,0.1816713881019831,,,True,False,undetermined,-0.8247376275749545,6.879626135293655,1.2724204174935967,0.25,True,False,no population gap,single df,0.5500000000000007,1.0159635284499753,inf,3.0274442538593505,1.5422882777520266,inf,0.5531550041798903,8,0.00625,0.9875,not read,False
gpt-3.5-turbo-0125 | 1.5 | NA | all-at-once | extensive,bjw_score | sex,bjw_score,sex,True,83,61,22,0.976470588235294,False,gpt-3.5-turbo-0125,1.5,,all-at-once,extensive,2.1575965375386787,,,True,False,undetermined,-3.4784932878944645,2.190975756337663,4.403411142197722,0.25,True,False,no population gap,single df,-1.3889716840536508,0.7243201595682807,inf,-0.6437587657784007,1.134935462177802,inf,-0.0460742603660424,8,0.00625,0.9875,not read,False
gpt-3.5-turbo-0125 | 1.5 | NA | all-at-once | extensive,bjw_score | education,bjw_score,education,True,83,40,43,0.976470588235294,False,gpt-3.5-turbo-0125,1.5,,all-at-once,extensive,-0.3325927323615898,,,True,False,undetermined,-3.51943020478364,1.8797406260696696,3.2928006013723343,0.25,True,False,no population gap,single df,0.2726744186046517,0.6358286804685676,inf,-0.8198447893569849,1.080826157526246,inf,0.1194610363416624,8,0.00625,0.9875,not read,False
gpt-3.5-turbo-0125 | 1.5 | NA | all-at-once | extensive,bjw_score | age,bjw_score,age,True,83,37,46,0.976470588235294,False,gpt-3.5-turbo-0125,1.5,,all-at-once,extensive,-1.4678303753934034,,,True,False,undetermined,-3.6131660383299007,1.7558639201582196,2.89076823095069,0.25,True,False,no population gap,single df,1.3631022326674511,0.6015980605694423,inf,-0.9286510590858406,1.0747924452612447,inf,0.0912025348626756,8,0.00625,0.9875,not read,False
gpt-3.5-turbo-0125 | 1.5 | NA | all-at-once | extensive,gut_diff | political_identity,gut_diff,political_identity,True,83,10,52,0.976470588235294,False,gpt-3.5-turbo-0125,1.5,,all-at-once,extensive,-0.0724995558713803,,,True,False,undetermined,-1.0461630573376757,2.5315832974748966,2.4085752019119284,0.25,True,False,no population gap,single df,-0.0538461538461538,0.4897897485758112,inf,0.7427101200686106,0.7162066114260104,inf,0.0396673960040606,8,0.00625,0.9875,not read,False
gpt-3.5-turbo-0125 | 1.5 | NA | all-at-once | extensive,gut_diff | sex,gut_diff,sex,True,83,61,22,0.976470588235294,False,gpt-3.5-turbo-0125,1.5,,all-at-once,extensive,1.7720034674330316,,,True,False,undetermined,-1.5139845768883289,1.024503510969675,5.186080248260046,0.25,True,False,no population gap,single df,-0.4336810730253353,0.3401949763628897,inf,-0.2447405329593268,0.5081640147867098,inf,-0.0261236525445142,8,0.00625,0.9875,not read,False
gpt-3.5-turbo-0125 | 1.5 | NA | all-at-once | extensive,gut_diff | education,gut_diff,education,True,83,40,43,0.976470588235294,False,gpt-3.5-turbo-0125,1.5,,all-at-once,extensive,1.0798512128032005,,,True,False,undetermined,-1.2216746800862492,0.8092578286450074,4.924465384074174,0.25,True,False,no population gap,single df,-0.2226744186046512,0.3261605551177152,inf,-0.2062084257206209,0.4065596456151067,inf,-0.0101293621176639,8,0.00625,0.9875,not read,False
gpt-3.5-turbo-0125 | 1.5 | NA | all-at-once | extensive,gut_diff | age,gut_diff,age,True,83,37,46,0.976470588235294,False,gpt-3.5-turbo-0125,1.5,,all-at-once,extensive,1.4652948402948405,,,True,False,undetermined,-1.2987750953461776,0.7101463328043716,3.412883562596672,0.25,True,False,no population gap,single df,-0.4312573443008226,0.3214048191409768,inf,-0.294314381270903,0.4021533853962044,inf,-0.0123585684371521,8,0.00625,0.9875,not read,False
gpt-3.5-turbo-0125 | 1.5 | NA | all-at-once | minimal,bjw_score | political_identity,bjw_score,political_identity,False,85,11,53,1.0,False,gpt-3.5-turbo-0125,1.5,,all-at-once,minimal,0.8589235127478743,,,True,False,undetermined,-0.8247376275749545,6.879626135293655,1.2724204174935967,0.25,True,False,no population gap,single df,2.6003430531732405,0.7598721519504017,inf,3.0274442538593505,1.5422882777520266,inf,-0.3150952428122408,8,0.00625,0.9875,not read,False
gpt-3.5-turbo-0125 | 1.5 | NA | all-at-once | minimal,bjw_score | sex,bjw_score,sex,True,85,62,23,1.0,False,gpt-3.5-turbo-0125,1.5,,all-at-once,minimal,-0.1176470588235297,,,True,False,undetermined,-3.4784932878944645,2.190975756337663,4.403411142197722,0.25,True,False,no population gap,single df,0.0757363253856944,0.6532524637275331,inf,-0.6437587657784007,1.134935462177802,inf,0.0662532642541416,8,0.00625,0.9875,not read,False
gpt-3.5-turbo-0125 | 1.5 | NA | all-at-once | minimal,bjw_score | education,bjw_score,education,False,85,41,44,1.0,False,gpt-3.5-turbo-0125,1.5,,all-at-once,minimal,-0.2021636240703158,,,True,False,undetermined,-3.51943020478364,1.8797406260696696,3.2928006013723343,0.25,True,False,no population gap,single df,0.1657427937915727,0.5463659007410352,inf,-0.8198447893569849,1.080826157526246,inf,0.0283736138998977,8,0.00625,0.9875,not read,False
gpt-3.5-turbo-0125 | 1.5 | NA | all-at-once | minimal,bjw_score | age,bjw_score,age,True,85,39,46,1.0,False,gpt-3.5-turbo-0125,1.5,,all-at-once,minimal,0.5336134453781516,,,True,False,undetermined,-3.6131660383299007,1.7558639201582196,2.89076823095069,0.25,True,False,no population gap,single df,-0.4955406911928648,0.5576482597908394,inf,-0.9286510590858406,1.0747924452612447,inf,-0.0174767210666489,8,0.00625,0.9875,not read,False
gpt-3.5-turbo-0125 | 1.5 | NA | all-at-once | minimal,gut_diff | political_identity,gut_diff,political_identity,False,85,11,53,1.0,False,gpt-3.5-turbo-0125,1.5,,all-at-once,minimal,-0.9260969976905312,,,True,False,undetermined,-1.0461630573376757,2.5315832974748966,2.4085752019119284,0.25,True,False,no population gap,single df,-0.6878216123499142,0.4605306016174985,inf,0.7427101200686106,0.7162066114260104,inf,0.0481032959758728,8,0.00625,0.9875,not read,False
gpt-3.5-turbo-0125 | 1.5 | NA | all-at-once | minimal,gut_diff | sex,gut_diff,sex,True,85,62,23,1.0,False,gpt-3.5-turbo-0125,1.5,,all-at-once,minimal,0.8137535816618909,,,True,False,undetermined,-1.5139845768883289,1.024503510969675,5.186080248260046,0.25,True,False,no population gap,single df,-0.1991584852734922,0.4004415110642756,inf,-0.2447405329593268,0.5081640147867098,inf,-0.0170017722708733,8,0.00625,0.9875,not read,False
gpt-3.5-turbo-0125 | 1.5 | NA | all-at-once | minimal,gut_diff | education,gut_diff,education,False,85,41,44,1.0,False,gpt-3.5-turbo-0125,1.5,,all-at-once,minimal,-2.8709677419354827,,,True,False,undetermined,-1.2216746800862492,0.8092578286450074,4.924465384074174,0.25,True,False,no population gap,single df,0.5920177383592018,0.3665970540934551,inf,-0.2062084257206209,0.4065596456151067,inf,-0.0062688140740601,8,0.00625,0.9875,not read,False
gpt-3.5-turbo-0125 | 1.5 | NA | all-at-once | minimal,gut_diff | age,gut_diff,age,True,85,39,46,1.0,False,gpt-3.5-turbo-0125,1.5,,all-at-once,minimal,-2.465909090909091,,,True,False,undetermined,-1.2987750953461776,0.7101463328043716,3.412883562596672,0.25,True,False,no population gap,single df,0.7257525083612041,0.3813758234805878,inf,-0.294314381270903,0.4021533853962044,inf,-0.0002247732682849,8,0.00625,0.9875,not read,False
gpt-3.5-turbo-0125 | 1.5 | NA | all-at-once | none,bjw_score | political_identity,bjw_score,political_identity,False,82,11,52,0.9647058823529412,False,gpt-3.5-turbo-0125,1.5,,all-at-once,none,0.0802680322510351,,,True,False,undetermined,-0.8247376275749545,6.879626135293655,1.2724204174935967,0.25,True,False,no population gap,single df,0.2430069930069933,0.3685473926830607,inf,3.0274442538593505,1.5422882777520266,inf,0.0386440151220122,8,0.00625,0.9875,not read,False
gpt-3.5-turbo-0125 | 1.5 | NA | all-at-once | none,bjw_score | sex,bjw_score,sex,False,82,62,20,0.9647058823529412,False,gpt-3.5-turbo-0125,1.5,,all-at-once,none,0.012527233115468,,,True,False,undetermined,-3.4784932878944645,2.190975756337663,4.403411142197722,0.25,True,False,no population gap,single df,-0.008064516129032,0.4561091057743118,inf,-0.6437587657784007,1.134935462177802,inf,-0.0922657531938629,8,0.00625,0.9875,not read,False
gpt-3.5-turbo-0125 | 1.5 | NA | all-at-once | none,bjw_score | education,bjw_score,education,False,82,41,41,0.9647058823529412,False,gpt-3.5-turbo-0125,1.5,,all-at-once,none,-0.4164976335361711,,,True,False,undetermined,-3.51943020478364,1.8797406260696696,3.2928006013723343,0.25,True,False,no population gap,single df,0.3414634146341448,0.4067908754330734,inf,-0.8198447893569849,1.080826157526246,inf,0.0168833076431831,8,0.00625,0.9875,not read,False
gpt-3.5-turbo-0125 | 1.5 | NA | all-at-once | none,bjw_score | age,bjw_score,age,False,82,39,43,0.9647058823529412,False,gpt-3.5-turbo-0125,1.5,,all-at-once,none,-0.0783383120690141,,,True,False,undetermined,-3.6131660383299007,1.7558639201582196,2.89076823095069,0.25,True,False,no population gap,single df,0.0727489564698871,0.4083246826765047,inf,-0.9286510590858406,1.0747924452612447,inf,0.0165116724027597,8,0.00625,0.9875,not read,False
gpt-3.5-turbo-0125 | 1.5 | NA | all-at-once | none,gut_diff | political_identity,gut_diff,political_identity,False,82,11,52,0.9647058823529412,False,gpt-3.5-turbo-0125,1.5,,all-at-once,none,1.7818884348907442,,,True,False,undetermined,-1.0461630573376757,2.5315832974748966,2.4085752019119284,0.25,True,False,no population gap,single df,1.323426573426573,0.602356064474951,inf,0.7427101200686106,0.7162066114260104,inf,-0.3263607678695595,8,0.00625,0.9875,not read,False
gpt-3.5-turbo-0125 | 1.5 | NA | all-at-once | none,gut_diff | sex,gut_diff,sex,False,82,62,20,0.9647058823529412,False,gpt-3.5-turbo-0125,1.5,,all-at-once,none,0.6853868194842404,,,True,False,undetermined,-1.5139845768883289,1.024503510969675,5.186080248260046,0.25,True,False,no population gap,single df,-0.1677419354838709,0.4399294728033963,inf,-0.2447405329593268,0.5081640147867098,inf,-0.0609477499211538,8,0.00625,0.9875,not read,False
gpt-3.5-turbo-0125 | 1.5 | NA | all-at-once | none,gut_diff | education,gut_diff,education,False,82,41,41,0.9647058823529412,False,gpt-3.5-turbo-0125,1.5,,all-at-once,none,-5.086021505376342,,,True,False,reversed to attenuated,-1.2216746800862492,0.8092578286450074,4.924465384074174,0.25,True,False,no population gap,single df,1.048780487804878,0.3800258872581555,inf,-0.2062084257206209,0.4065596456151067,inf,-0.0233762527933799,8,0.00625,0.9875,not read,False
gpt-3.5-turbo-0125 | 1.5 | NA | all-at-once | none,gut_diff | age,gut_diff,age,False,82,39,43,0.9647058823529412,False,gpt-3.5-turbo-0125,1.5,,all-at-once,none,-0.4396582100070471,,,True,False,undetermined,-1.2987750953461776,0.7101463328043716,3.412883562596672,0.25,True,False,no population gap,single df,0.1293977340488968,0.4065143987757851,inf,-0.294314381270903,0.4021533853962044,inf,-0.0227117330771706,8,0.00625,0.9875,not read,False
gpt-3.5-turbo-0125 | 1.5 | NA | item-by-item | extensive,bjw_score | political_identity,bjw_score,political_identity,True,80,11,50,0.9411764705882352,False,gpt-3.5-turbo-0125,1.5,,item-by-item,extensive,-0.1495410764872521,,,True,False,undetermined,-0.8247376275749545,6.879626135293655,1.2724204174935967,0.25,True,False,no population gap,single df,-0.4527272727272731,0.9053107461861916,inf,3.0274442538593505,1.5422882777520266,inf,0.0164100866691592,8,0.00625,0.9875,not read,False
gpt-3.5-turbo-0125 | 1.5 | NA | item-by-item | extensive,bjw_score | sex,bjw_score,sex,True,80,58,22,0.9411764705882352,False,gpt-3.5-turbo-0125,1.5,,item-by-item,extensive,0.1241727621037998,,,True,False,undetermined,-3.4784932878944645,2.190975756337663,4.403411142197722,0.25,True,False,no population gap,single df,-0.0799373040752371,0.6355332184979916,inf,-0.6437587657784007,1.134935462177802,inf,-0.0062607336663646,8,0.00625,0.9875,not read,False
gpt-3.5-turbo-0125 | 1.5 | NA | item-by-item | extensive,bjw_score | education,bjw_score,education,True,80,38,42,0.9411764705882352,False,gpt-3.5-turbo-0125,1.5,,item-by-item,extensive,-1.3129815749651377,,,True,False,undetermined,-3.51943020478364,1.8797406260696696,3.2928006013723343,0.25,True,False,no population gap,single df,1.0764411027568954,0.5376760285211913,inf,-0.8198447893569849,1.080826157526246,inf,-0.0332170956998032,8,0.00625,0.9875,not read,False
gpt-3.5-turbo-0125 | 1.5 | NA | item-by-item | extensive,bjw_score | age,bjw_score,age,True,80,36,44,0.9411764705882352,False,gpt-3.5-turbo-0125,1.5,,item-by-item,extensive,-1.3297227982101942,,,True,False,undetermined,-3.6131660383299007,1.7558639201582196,2.89076823095069,0.25,True,False,no population gap,single df,1.2348484848484844,0.5322600285930468,inf,-0.9286510590858406,1.0747924452612447,inf,-0.0273341134972268,8,0.00625,0.9875,not read,False
gpt-3.5-turbo-0125 | 1.5 | NA | item-by-item | extensive,gut_diff | political_identity,gut_diff,political_identity,True,80,11,50,0.9411764705882352,False,gpt-3.5-turbo-0125,1.5,,item-by-item,extensive,1.1726096997690532,,,True,False,undetermined,-1.0461630573376757,2.5315832974748966,2.4085752019119284,0.25,True,False,no population gap,single df,0.8709090909090909,0.5180806670989047,inf,0.7427101200686106,0.7162066114260104,inf,0.0642079077346409,8,0.00625,0.9875,not read,False
gpt-3.5-turbo-0125 | 1.5 | NA | item-by-item | extensive,gut_diff | sex,gut_diff,sex,True,80,58,22,0.9411764705882352,False,gpt-3.5-turbo-0125,1.5,,item-by-item,extensive,-2.440048144721595,,,True,False,undetermined,-1.5139845768883289,1.024503510969675,5.186080248260046,0.25,True,False,no population gap,single df,0.5971786833855799,0.2433104929226583,inf,-0.2447405329593268,0.5081640147867098,inf,0.0064833593098335,8,0.00625,0.9875,not read,False
gpt-3.5-turbo-0125 | 1.5 | NA | item-by-item | extensive,gut_diff | education,gut_diff,education,True,80,38,42,0.9411764705882352,False,gpt-3.5-turbo-0125,1.5,,item-by-item,extensive,-0.0668472255908589,,,True,False,undetermined,-1.2216746800862492,0.8092578286450074,4.924465384074174,0.25,True,False,no population gap,single df,0.0137844611528822,0.2765775273287963,inf,-0.2062084257206209,0.4065596456151067,inf,0.0035003269281479,8,0.00625,0.9875,not read,False
gpt-3.5-turbo-0125 | 1.5 | NA | item-by-item | extensive,gut_diff | age,gut_diff,age,True,80,36,44,0.9411764705882352,False,gpt-3.5-turbo-0125,1.5,,item-by-item,extensive,0.5062270431588611,,,True,False,undetermined,-1.2987750953461776,0.7101463328043716,3.412883562596672,0.25,True,False,no population gap,single df,-0.1489898989898989,0.275025337846948,inf,-0.294314381270903,0.4021533853962044,inf,0.0010962051954861,8,0.00625,0.9875,not read,False
gpt-3.5-turbo-0125 | 1.5 | NA | item-by-item | minimal,bjw_score | political_identity,bjw_score,political_identity,False,80,11,50,0.9411764705882352,False,gpt-3.5-turbo-0125,1.5,,item-by-item,minimal,0.0456430594900845,,,True,False,undetermined,-0.8247376275749545,6.879626135293655,1.2724204174935967,0.25,True,False,no population gap,single df,0.1381818181818168,0.518375359254987,inf,3.0274442538593505,1.5422882777520266,inf,0.3116021250740741,8,0.00625,0.9875,not read,False
gpt-3.5-turbo-0125 | 1.5 | NA | item-by-item | minimal,bjw_score | sex,bjw_score,sex,True,80,57,23,0.9411764705882352,False,gpt-3.5-turbo-0125,1.5,,item-by-item,minimal,0.1244123380346278,,,True,False,undetermined,-3.4784932878944645,2.190975756337663,4.403411142197722,0.25,True,False,no population gap,single df,-0.0800915331807772,0.4356011568563312,inf,-0.6437587657784007,1.134935462177802,inf,0.1123834424573931,8,0.00625,0.9875,not read,False
gpt-3.5-turbo-0125 | 1.5 | NA | item-by-item | minimal,bjw_score | education,bjw_score,education,False,80,41,39,0.9411764705882352,False,gpt-3.5-turbo-0125,1.5,,item-by-item,minimal,0.8123992302491272,,,True,False,undetermined,-3.51943020478364,1.8797406260696696,3.2928006013723343,0.25,True,False,no population gap,single df,-0.6660412757973724,0.3688676673849055,inf,-0.8198447893569849,1.080826157526246,inf,0.0134526204363965,8,0.00625,0.9875,not read,False
gpt-3.5-turbo-0125 | 1.5 | NA | item-by-item | minimal,bjw_score | age,bjw_score,age,True,80,39,41,0.9411764705882352,False,gpt-3.5-turbo-0125,1.5,,item-by-item,minimal,-0.3400872544139596,,,True,False,undetermined,-3.6131660383299007,1.7558639201582196,2.89076823095069,0.25,True,False,no population gap,single df,0.3158223889931193,0.3751303502316824,inf,-0.9286510590858406,1.0747924452612447,inf,0.0222728990532738,8,0.00625,0.9875,not read,False
gpt-3.5-turbo-0125 | 1.5 | NA | item-by-item | minimal,gut_diff | political_identity,gut_diff,political_identity,False,80,11,50,0.9411764705882352,False,gpt-3.5-turbo-0125,1.5,,item-by-item,minimal,-0.3623094688221708,,,True,False,undetermined,-1.0461630573376757,2.5315832974748966,2.4085752019119284,0.25,True,False,no population gap,single df,-0.269090909090909,0.4298162240393371,inf,0.7427101200686106,0.7162066114260104,inf,0.1788902870684369,8,0.00625,0.9875,not read,False
gpt-3.5-turbo-0125 | 1.5 | NA | item-by-item | minimal,gut_diff | sex,gut_diff,sex,True,80,57,23,0.9411764705882352,False,gpt-3.5-turbo-0125,1.5,,item-by-item,minimal,1.343286583220228,,,True,False,undetermined,-1.5139845768883289,1.024503510969675,5.186080248260046,0.25,True,False,no population gap,single df,-0.3287566742944317,0.2803816253035543,inf,-0.2447405329593268,0.5081640147867098,inf,0.0395062924463856,8,0.00625,0.9875,not read,False
gpt-3.5-turbo-0125 | 1.5 | NA | item-by-item | minimal,gut_diff | education,gut_diff,education,False,80,41,39,0.9411764705882352,False,gpt-3.5-turbo-0125,1.5,,item-by-item,minimal,1.646815550041356,,,True,False,undetermined,-1.2216746800862492,0.8092578286450074,4.924465384074174,0.25,True,False,no population gap,single df,-0.3395872420262664,0.2905602968535097,inf,-0.2062084257206209,0.4065596456151067,inf,0.0118056631505939,8,0.00625,0.9875,not read,False
gpt-3.5-turbo-0125 | 1.5 | NA | item-by-item | minimal,gut_diff | age,gut_diff,age,True,80,39,41,0.9411764705882352,False,gpt-3.5-turbo-0125,1.5,,item-by-item,minimal,-0.3038617886178861,,,True,False,undetermined,-1.2987750953461776,0.7101463328043716,3.412883562596672,0.25,True,False,no population gap,single df,0.089430894308943,0.2859556672859308,inf,-0.294314381270903,0.4021533853962044,inf,0.0125449028050143,8,0.00625,0.9875,not read,False
gpt-3.5-turbo-0125 | 1.5 | NA | item-by-item | none,bjw_score | political_identity,bjw_score,political_identity,False,83,11,51,0.976470588235294,False,gpt-3.5-turbo-0125,1.5,,item-by-item,none,0.1165805699050153,,,True,False,undetermined,-0.8247376275749545,6.879626135293655,1.2724204174935967,0.25,True,False,no population gap,single df,0.352941176470587,0.5424285780265609,inf,3.0274442538593505,1.5422882777520266,inf,0.1027414416090415,8,0.00625,0.9875,not read,False
gpt-3.5-turbo-0125 | 1.5 | NA | item-by-item | none,bjw_score | sex,bjw_score,sex,False,83,62,21,0.976470588235294,False,gpt-3.5-turbo-0125,1.5,,item-by-item,none,0.2803714078223896,,,True,False,undetermined,-3.4784932878944645,2.190975756337663,4.403411142197722,0.25,True,False,no population gap,single df,-0.1804915514592941,0.3371130526083818,inf,-0.6437587657784007,1.134935462177802,inf,0.0260395106923338,8,0.00625,0.9875,not read,False
gpt-3.5-turbo-0125 | 1.5 | NA | item-by-item | none,bjw_score | education,bjw_score,education,False,83,41,42,0.976470588235294,False,gpt-3.5-turbo-0125,1.5,,item-by-item,none,-0.0198332206445789,,,True,False,undetermined,-3.51943020478364,1.8797406260696696,3.2928006013723343,0.25,True,False,no population gap,single df,0.0162601626016254,0.3335588101254074,inf,-0.8198447893569849,1.080826157526246,inf,-0.0280860426894077,8,0.00625,0.9875,not read,False
gpt-3.5-turbo-0125 | 1.5 | NA | item-by-item | none,bjw_score | age,bjw_score,age,False,83,39,44,0.976470588235294,False,gpt-3.5-turbo-0125,1.5,,item-by-item,none,0.0684000873076476,,,True,False,undetermined,-3.6131660383299007,1.7558639201582196,2.89076823095069,0.25,True,False,no population gap,single df,-0.0635198135198109,0.3321331203344702,inf,-0.9286510590858406,1.0747924452612447,inf,-0.0110085222937321,8,0.00625,0.9875,not read,False
gpt-3.5-turbo-0125 | 1.5 | NA | item-by-item | none,gut_diff | political_identity,gut_diff,political_identity,False,83,11,51,0.976470588235294,False,gpt-3.5-turbo-0125,1.5,,item-by-item,none,-0.1464022098446769,,,True,False,undetermined,-1.0461630573376757,2.5315832974748966,2.4085752019119284,0.25,True,False,no population gap,single df,-0.1087344028520499,0.5924767263386627,inf,0.7427101200686106,0.7162066114260104,inf,0.0461192219266359,8,0.00625,0.9875,not read,False
gpt-3.5-turbo-0125 | 1.5 | NA | item-by-item | none,gut_diff | sex,gut_diff,sex,False,83,62,21,0.976470588235294,False,gpt-3.5-turbo-0125,1.5,,item-by-item,none,0.7939691635966704,,,True,False,undetermined,-1.5139845768883289,1.024503510969675,5.186080248260046,0.25,True,False,no population gap,single df,-0.19431643625192,0.347838155217508,inf,-0.2447405329593268,0.5081640147867098,inf,-0.0147211795232579,8,0.00625,0.9875,not read,False
gpt-3.5-turbo-0125 | 1.5 | NA | item-by-item | none,gut_diff | education,gut_diff,education,False,83,41,42,0.976470588235294,False,gpt-3.5-turbo-0125,1.5,,item-by-item,none,2.3599590373783914,,,True,False,undetermined,-1.2216746800862492,0.8092578286450074,4.924465384074174,0.25,True,False,no population gap,single df,-0.48664343786295,0.3247918837743411,inf,-0.2062084257206209,0.4065596456151067,inf,0.0014180893058192,8,0.00625,0.9875,not read,False
gpt-3.5-turbo-0125 | 1.5 | NA | item-by-item | none,gut_diff | age,gut_diff,age,False,83,39,44,0.976470588235294,False,gpt-3.5-turbo-0125,1.5,,item-by-item,none,0.243543388429752,,,True,False,undetermined,-1.2987750953461776,0.7101463328043716,3.412883562596672,0.25,True,False,no population gap,single df,-0.0716783216783216,0.3337803540657754,inf,-0.294314381270903,0.4021533853962044,inf,0.0082691864939381,8,0.00625,0.9875,not read,False
gpt-3.5-turbo-0125 | 1.5 | NA | scale-by-scale | extensive,bjw_score | political_identity,bjw_score,political_identity,True,84,11,52,0.9882352941176472,False,gpt-3.5-turbo-0125,1.5,,scale-by-scale,extensive,0.883525822619307,,,True,False,undetermined,-0.8247376275749545,6.879626135293655,1.2724204174935967,0.25,True,False,no population gap,single df,2.674825174825177,1.7404732217487344,inf,3.0274442538593505,1.5422882777520266,inf,0.4565141204743738,8,0.00625,0.9875,not read,False
gpt-3.5-turbo-0125 | 1.5 | NA | scale-by-scale | extensive,bjw_score | sex,bjw_score,sex,True,84,62,22,0.9882352941176472,False,gpt-3.5-turbo-0125,1.5,,scale-by-scale,extensive,1.439492968904733,,,True,False,undetermined,-3.4784932878944645,2.190975756337663,4.403411142197722,0.25,True,False,no population gap,single df,-0.9266862170087968,1.0125165381836203,inf,-0.6437587657784007,1.134935462177802,inf,0.1069709746715548,8,0.00625,0.9875,not read,False
gpt-3.5-turbo-0125 | 1.5 | NA | scale-by-scale | extensive,bjw_score | education,bjw_score,education,True,84,41,43,0.9882352941176472,False,gpt-3.5-turbo-0125,1.5,,scale-by-scale,extensive,-2.205638630753025,,,True,False,undetermined,-3.51943020478364,1.8797406260696696,3.2928006013723343,0.25,True,False,no population gap,single df,1.8082813386273424,0.9746603825968622,inf,-0.8198447893569849,1.080826157526246,inf,0.0806042625947294,8,0.00625,0.9875,not read,False
gpt-3.5-turbo-0125 | 1.5 | NA | scale-by-scale | extensive,bjw_score | age,bjw_score,age,True,84,39,45,0.9882352941176472,False,gpt-3.5-turbo-0125,1.5,,scale-by-scale,extensive,-1.89963985594238,,,True,False,undetermined,-3.6131660383299007,1.7558639201582196,2.89076823095069,0.25,True,False,no population gap,single df,1.764102564102565,0.9820994445759405,inf,-0.9286510590858406,1.0747924452612447,inf,0.1479414444053699,8,0.00625,0.9875,not read,False
gpt-3.5-turbo-0125 | 1.5 | NA | scale-by-scale | extensive,gut_diff | political_identity,gut_diff,political_identity,True,84,11,52,0.9882352941176472,False,gpt-3.5-turbo-0125,1.5,,scale-by-scale,extensive,2.351527802451589,,,True,False,undetermined,-1.0461630573376757,2.5315832974748966,2.4085752019119284,0.25,True,False,no population gap,single df,1.7465034965034962,0.6297718294627725,inf,0.7427101200686106,0.7162066114260104,inf,0.2102846464393261,8,0.00625,0.9875,not read,False
gpt-3.5-turbo-0125 | 1.5 | NA | scale-by-scale | extensive,gut_diff | sex,gut_diff,sex,True,84,62,22,0.9882352941176472,False,gpt-3.5-turbo-0125,1.5,,scale-by-scale,extensive,3.972128158374575,,,True,False,undetermined,-1.5139845768883289,1.024503510969675,5.186080248260046,0.25,True,False,no population gap,single df,-0.9721407624633428,0.4699830261960395,inf,-0.2447405329593268,0.5081640147867098,inf,0.0250971800763898,8,0.00625,0.9875,not read,False
gpt-3.5-turbo-0125 | 1.5 | NA | scale-by-scale | extensive,gut_diff | education,gut_diff,education,True,84,41,43,0.9882352941176472,False,gpt-3.5-turbo-0125,1.5,,scale-by-scale,extensive,4.167291822955737,,,True,False,undetermined,-1.2216746800862492,0.8092578286450074,4.924465384074174,0.25,True,False,no population gap,single df,-0.8593306863301191,0.4062343049599002,inf,-0.2062084257206209,0.4065596456151067,inf,0.0270360517878614,8,0.00625,0.9875,not read,False
gpt-3.5-turbo-0125 | 1.5 | NA | scale-by-scale | extensive,gut_diff | age,gut_diff,age,True,84,39,45,0.9882352941176472,False,gpt-3.5-turbo-0125,1.5,,scale-by-scale,extensive,2.2941919191919182,,,True,False,undetermined,-1.2987750953461776,0.7101463328043716,3.412883562596672,0.25,True,False,no population gap,single df,-0.675213675213675,0.4209707802222006,inf,-0.294314381270903,0.4021533853962044,inf,0.0315602953969213,8,0.00625,0.9875,not read,False
gpt-3.5-turbo-0125 | 1.5 | NA | scale-by-scale | minimal,bjw_score | political_identity,bjw_score,political_identity,False,84,11,52,0.9882352941176472,False,gpt-3.5-turbo-0125,1.5,,scale-by-scale,minimal,1.402669426890389,,,True,False,undetermined,-0.8247376275749545,6.879626135293655,1.2724204174935967,0.25,True,False,no population gap,single df,4.246503496503497,1.2473824045953124,inf,3.0274442538593505,1.5422882777520266,inf,-0.1332707217857227,8,0.00625,0.9875,not read,False
gpt-3.5-turbo-0125 | 1.5 | NA | scale-by-scale | minimal,bjw_score | sex,bjw_score,sex,True,84,62,22,0.9882352941176472,False,gpt-3.5-turbo-0125,1.5,,scale-by-scale,minimal,-1.5556545850663486,,,True,False,undetermined,-3.4784932878944645,2.190975756337663,4.403411142197722,0.25,True,False,no population gap,single df,1.0014662756598227,0.8447665311366284,inf,-0.6437587657784007,1.134935462177802,inf,-0.0377589148739608,8,0.00625,0.9875,not read,False
gpt-3.5-turbo-0125 | 1.5 | NA | scale-by-scale | minimal,bjw_score | education,bjw_score,education,False,84,41,43,0.9882352941176472,False,gpt-3.5-turbo-0125,1.5,,scale-by-scale,minimal,-1.3664166548736565,,,True,False,undetermined,-3.51943020478364,1.8797406260696696,3.2928006013723343,0.25,True,False,no population gap,single df,1.1202495745887688,0.8913314043215995,inf,-0.8198447893569849,1.080826157526246,inf,-0.0117673839182985,8,0.00625,0.9875,not read,False
gpt-3.5-turbo-0125 | 1.5 | NA | scale-by-scale | minimal,bjw_score | age,bjw_score,age,True,84,39,45,0.9882352941176472,False,gpt-3.5-turbo-0125,1.5,,scale-by-scale,minimal,1.8793917567026843,,,True,False,undetermined,-3.6131660383299007,1.7558639201582196,2.89076823095069,0.25,True,False,no population gap,single df,-1.7452991452991462,0.8828180455148537,inf,-0.9286510590858406,1.0747924452612447,inf,-0.0824382577687561,8,0.00625,0.9875,not read,False
gpt-3.5-turbo-0125 | 1.5 | NA | scale-by-scale | minimal,gut_diff | political_identity,gut_diff,political_identity,False,84,11,52,0.9882352941176472,False,gpt-3.5-turbo-0125,1.5,,scale-by-scale,minimal,0.058847042103393,,,True,False,undetermined,-1.0461630573376757,2.5315832974748966,2.4085752019119284,0.25,True,False,no population gap,single df,0.0437062937062936,0.4048896158885369,inf,0.7427101200686106,0.7162066114260104,inf,0.1053745949970033,8,0.00625,0.9875,not read,False
gpt-3.5-turbo-0125 | 1.5 | NA | scale-by-scale | minimal,gut_diff | sex,gut_diff,sex,True,84,62,22,0.9882352941176472,False,gpt-3.5-turbo-0125,1.5,,scale-by-scale,minimal,-1.581661891117478,,,True,False,undetermined,-1.5139845768883289,1.024503510969675,5.186080248260046,0.25,True,False,no population gap,single df,0.3870967741935484,0.3990816561707756,inf,-0.2447405329593268,0.5081640147867098,inf,0.0385640145169204,8,0.00625,0.9875,not read,False
gpt-3.5-turbo-0125 | 1.5 | NA | scale-by-scale | minimal,gut_diff | education,gut_diff,education,False,84,41,43,0.9882352941176472,False,gpt-3.5-turbo-0125,1.5,,scale-by-scale,minimal,-2.2610652663165784,,,True,False,undetermined,-1.2216746800862492,0.8092578286450074,4.924465384074174,0.25,True,False,no population gap,single df,0.4662507090187181,0.3291171460002835,inf,-0.2062084257206209,0.4065596456151067,inf,0.02867403605578,8,0.00625,0.9875,not read,False
gpt-3.5-turbo-0125 | 1.5 | NA | scale-by-scale | minimal,gut_diff | age,gut_diff,age,True,84,39,45,0.9882352941176472,False,gpt-3.5-turbo-0125,1.5,,scale-by-scale,minimal,-1.1964646464646462,,,True,False,undetermined,-1.2987750953461776,0.7101463328043716,3.412883562596672,0.25,True,False,no population gap,single df,0.3521367521367521,0.3232059288005274,inf,-0.294314381270903,0.4021533853962044,inf,0.0250137833081331,8,0.00625,0.9875,not read,False
gpt-3.5-turbo-0125 | 1.5 | NA | scale-by-scale | none,bjw_score | political_identity,bjw_score,political_identity,False,84,11,52,0.9882352941176472,False,gpt-3.5-turbo-0125,1.5,,scale-by-scale,none,-0.4463826541730228,,,True,False,reversed to attenuated,-0.8247376275749545,6.879626135293655,1.2724204174935967,0.25,True,False,no population gap,single df,-1.3513986013986037,0.6455770443694457,inf,3.0274442538593505,1.5422882777520266,inf,-0.1135608983346252,8,0.00625,0.9875,not read,False
gpt-3.5-turbo-0125 | 1.5 | NA | scale-by-scale | none,bjw_score | sex,bjw_score,sex,False,84,61,23,0.9882352941176472,False,gpt-3.5-turbo-0125,1.5,,scale-by-scale,none,-0.5414121932926127,,,True,False,undetermined,-3.4784932878944645,2.190975756337663,4.403411142197722,0.25,True,False,no population gap,single df,0.3485388453314293,0.6494889827529876,inf,-0.6437587657784007,1.134935462177802,inf,-0.152921805032154,8,0.00625,0.9875,not read,False
gpt-3.5-turbo-0125 | 1.5 | NA | scale-by-scale | none,bjw_score | education,bjw_score,education,False,84,41,43,0.9882352941176472,False,gpt-3.5-turbo-0125,1.5,,scale-by-scale,none,-1.0191046747488108,,,True,False,undetermined,-3.51943020478364,1.8797406260696696,3.2928006013723343,0.25,True,False,no population gap,single df,0.8355076574021574,0.6566633231268103,inf,-0.8198447893569849,1.080826157526246,inf,-0.1007950987232047,8,0.00625,0.9875,not read,False
gpt-3.5-turbo-0125 | 1.5 | NA | scale-by-scale | none,bjw_score | age,bjw_score,age,False,84,39,45,0.9882352941176472,False,gpt-3.5-turbo-0125,1.5,,scale-by-scale,none,-0.1343737494997996,,,True,False,undetermined,-3.6131660383299007,1.7558639201582196,2.89076823095069,0.25,True,False,no population gap,single df,0.1247863247863243,0.6332261483568747,inf,-0.9286510590858406,1.0747924452612447,inf,-0.1023410158997499,8,0.00625,0.9875,not read,False
gpt-3.5-turbo-0125 | 1.5 | NA | scale-by-scale | none,gut_diff | political_identity,gut_diff,political_identity,False,84,11,52,0.9882352941176472,False,gpt-3.5-turbo-0125,1.5,,scale-by-scale,none,-0.6732101616628176,,,True,False,undetermined,-1.0461630573376757,2.5315832974748966,2.4085752019119284,0.25,True,False,no population gap,single df,-0.5,0.4221601319409681,inf,0.7427101200686106,0.7162066114260104,inf,0.1055232474825735,8,0.00625,0.9875,not read,False
gpt-3.5-turbo-0125 | 1.5 | NA | scale-by-scale | none,gut_diff | sex,gut_diff,sex,False,84,61,23,0.9882352941176472,False,gpt-3.5-turbo-0125,1.5,,scale-by-scale,none,0.2125980553337405,,,True,False,undetermined,-1.5139845768883289,1.024503510969675,5.186080248260046,0.25,True,False,no population gap,single df,-0.0520313613684961,0.4371013999608217,inf,-0.2447405329593268,0.5081640147867098,inf,0.0756688844290847,8,0.00625,0.9875,not read,False
gpt-3.5-turbo-0125 | 1.5 | NA | scale-by-scale | none,gut_diff | education,gut_diff,education,False,84,41,43,0.9882352941176472,False,gpt-3.5-turbo-0125,1.5,,scale-by-scale,none,-0.910477619404851,,,True,False,undetermined,-1.2216746800862492,0.8092578286450074,4.924465384074174,0.25,True,False,no population gap,single df,0.1877481565513329,0.3483971133437887,inf,-0.2062084257206209,0.4065596456151067,inf,0.0248550471734338,8,0.00625,0.9875,not read,False
gpt-3.5-turbo-0125 | 1.5 | NA | scale-by-scale | none,gut_diff | age,gut_diff,age,False,84,39,45,0.9882352941176472,False,gpt-3.5-turbo-0125,1.5,,scale-by-scale,none,-0.4588383838383836,,,True,False,undetermined,-1.2987750953461776,0.7101463328043716,3.412883562596672,0.25,True,False,no population gap,single df,0.135042735042735,0.363057253256716,inf,-0.294314381270903,0.4021533853962044,inf,0.0243743027630147,8,0.00625,0.9875,not read,False
gpt-4o-2024-08-06 | 0 | NA | all-at-once | extensive,bjw_score | political_identity,bjw_score,political_identity,True,85,11,53,1.0,False,gpt-4o-2024-08-06,0.0,,all-at-once,extensive,1.2464589235127472,,,True,False,undetermined,-0.8247376275749545,6.879626135293655,1.2724204174935967,0.25,True,False,no population gap,single df,3.7735849056603774,0.8806124748860608,inf,3.0274442538593505,1.5422882777520266,inf,0.1555452972979478,8,0.00625,0.9875,not read,False
gpt-4o-2024-08-06 | 0 | NA | all-at-once | extensive,bjw_score | sex,bjw_score,sex,True,85,62,23,1.0,False,gpt-4o-2024-08-06,0.0,,all-at-once,extensive,1.5359477124182983,,,True,False,undetermined,-3.4784932878944645,2.190975756337663,4.403411142197722,0.25,True,False,no population gap,single df,-0.9887798036465618,0.499968502140621,inf,-0.6437587657784007,1.134935462177802,inf,0.0599145457695097,8,0.00625,0.9875,not read,False
gpt-4o-2024-08-06 | 0 | NA | all-at-once | extensive,bjw_score | education,bjw_score,education,True,85,41,44,1.0,False,gpt-4o-2024-08-06,0.0,,all-at-once,extensive,0.2670723461798509,,,True,False,undetermined,-3.51943020478364,1.8797406260696696,3.2928006013723343,0.25,True,False,no population gap,single df,-0.2189578713968956,0.6024822826027653,inf,-0.8198447893569849,1.080826157526246,inf,0.1917295089054246,8,0.00625,0.9875,not read,False
gpt-4o-2024-08-06 | 0 | NA | all-at-once | extensive,bjw_score | age,bjw_score,age,True,85,39,46,1.0,False,gpt-4o-2024-08-06,0.0,,all-at-once,extensive,-0.2460984393757495,,,True,False,undetermined,-3.6131660383299007,1.7558639201582196,2.89076823095069,0.25,True,False,no population gap,single df,0.2285395763656623,0.5931626485414782,inf,-0.9286510590858406,1.0747924452612447,inf,0.1749887822868239,8,0.00625,0.9875,not read,False
gpt-4o-2024-08-06 | 0 | NA | all-at-once | extensive,gut_diff | political_identity,gut_diff,political_identity,True,85,11,53,1.0,False,gpt-4o-2024-08-06,0.0,,all-at-once,extensive,3.653579676674365,,,True,False,kept or steepened,-1.0461630573376757,2.5315832974748966,2.4085752019119284,0.25,True,False,no population gap,single df,2.713550600343053,0.2460106841293599,inf,0.7427101200686106,0.7162066114260104,inf,0.0602415539518619,8,0.00625,0.9875,not read,False
gpt-4o-2024-08-06 | 0 | NA | all-at-once | extensive,gut_diff | sex,gut_diff,sex,True,85,62,23,1.0,False,gpt-4o-2024-08-06,0.0,,all-at-once,extensive,1.994269340974212,,,True,False,undetermined,-1.5139845768883289,1.024503510969675,5.186080248260046,0.25,True,False,no population gap,single df,-0.488078541374474,0.2943102284366898,inf,-0.2447405329593268,0.5081640147867098,inf,-0.0156228396529515,8,0.00625,0.9875,not read,False
gpt-4o-2024-08-06 | 0 | NA | all-at-once | extensive,gut_diff | education,gut_diff,education,True,85,41,44,1.0,False,gpt-4o-2024-08-06,0.0,,all-at-once,extensive,1.4731182795698918,,,True,False,undetermined,-1.2216746800862492,0.8092578286450074,4.924465384074174,0.25,True,False,no population gap,single df,-0.3037694013303769,0.2683892294018383,inf,-0.2062084257206209,0.4065596456151067,inf,0.0082185039659656,8,0.00625,0.9875,not read,False
gpt-4o-2024-08-06 | 0 | NA | all-at-once | extensive,gut_diff | age,gut_diff,age,True,85,39,46,1.0,False,gpt-4o-2024-08-06,0.0,,all-at-once,extensive,-0.2613636363636363,,,True,False,undetermined,-1.2987750953461776,0.7101463328043716,3.412883562596672,0.25,True,False,no population gap,single df,0.0769230769230769,0.2751585805551333,inf,-0.294314381270903,0.4021533853962044,inf,0.0057555564123848,8,0.00625,0.9875,not read,False
gpt-4o-2024-08-06 | 0 | NA | all-at-once | minimal,bjw_score | political_identity,bjw_score,political_identity,False,85,11,53,1.0,False,gpt-4o-2024-08-06,0.0,,all-at-once,minimal,0.0532577903682713,,,True,False,undetermined,-0.8247376275749545,6.879626135293655,1.2724204174935967,0.25,True,False,no population gap,single df,0.1612349914236688,0.4170808760939386,inf,3.0274442538593505,1.5422882777520266,inf,0.2217655005974603,8,0.00625,0.9875,not read,False
gpt-4o-2024-08-06 | 0 | NA | all-at-once | minimal,bjw_score | sex,bjw_score,sex,True,85,62,23,1.0,False,gpt-4o-2024-08-06,0.0,,all-at-once,minimal,1.1895424836601267,,,True,False,undetermined,-3.4784932878944645,2.190975756337663,4.403411142197722,0.25,True,False,no population gap,single df,-0.7657784011220166,0.261678073083802,inf,-0.6437587657784007,1.134935462177802,inf,0.0432696652939945,8,0.00625,0.9875,not read,False
gpt-4o-2024-08-06 | 0 | NA | all-at-once | minimal,bjw_score | education,bjw_score,education,False,85,41,44,1.0,False,gpt-4o-2024-08-06,0.0,,all-at-once,minimal,-0.2866801893171052,,,True,False,undetermined,-3.51943020478364,1.8797406260696696,3.2928006013723343,0.25,True,False,no population gap,single df,0.2350332594235027,0.2235227346611676,inf,-0.8198447893569849,1.080826157526246,inf,0.0481098927532063,8,0.00625,0.9875,not read,False
gpt-4o-2024-08-06 | 0 | NA | all-at-once | minimal,bjw_score | age,bjw_score,age,True,85,39,46,1.0,False,gpt-4o-2024-08-06,0.0,,all-at-once,minimal,-0.0666266506602657,,,True,False,undetermined,-3.6131660383299007,1.7558639201582196,2.89076823095069,0.25,True,False,no population gap,single df,0.061872909698998,0.2259337410792528,inf,-0.9286510590858406,1.0747924452612447,inf,0.0493731582557719,8,0.00625,0.9875,not read,False
gpt-4o-2024-08-06 | 0 | NA | all-at-once | minimal,gut_diff | political_identity,gut_diff,political_identity,False,85,11,53,1.0,False,gpt-4o-2024-08-06,0.0,,all-at-once,minimal,0.0,,,True,False,undetermined,-1.0461630573376757,2.5315832974748966,2.4085752019119284,0.25,True,False,no population gap,single df,0.0,0.0,inf,0.7427101200686106,0.7162066114260104,inf,0.0,8,0.00625,0.9875,not read,False
gpt-4o-2024-08-06 | 0 | NA | all-at-once | minimal,gut_diff | sex,gut_diff,sex,True,85,62,23,1.0,False,gpt-4o-2024-08-06,0.0,,all-at-once,minimal,-0.0,,,True,False,undetermined,-1.5139845768883289,1.024503510969675,5.186080248260046,0.25,True,False,no population gap,single df,0.0,0.0,inf,-0.2447405329593268,0.5081640147867098,inf,0.0,8,0.00625,0.9875,not read,False
gpt-4o-2024-08-06 | 0 | NA | all-at-once | minimal,gut_diff | education,gut_diff,education,False,85,41,44,1.0,False,gpt-4o-2024-08-06,0.0,,all-at-once,minimal,-0.0,,,True,False,undetermined,-1.2216746800862492,0.8092578286450074,4.924465384074174,0.25,True,False,no population gap,single df,0.0,0.0,inf,-0.2062084257206209,0.4065596456151067,inf,0.0,8,0.00625,0.9875,not read,False
gpt-4o-2024-08-06 | 0 | NA | all-at-once | minimal,gut_diff | age,gut_diff,age,True,85,39,46,1.0,False,gpt-4o-2024-08-06,0.0,,all-at-once,minimal,-0.0,,,True,False,undetermined,-1.2987750953461776,0.7101463328043716,3.412883562596672,0.25,True,False,no population gap,single df,0.0,0.0,inf,-0.294314381270903,0.4021533853962044,inf,0.0,8,0.00625,0.9875,not read,False
gpt-4o-2024-08-06 | 0 | NA | all-at-once | none,bjw_score | political_identity,bjw_score,political_identity,False,85,11,53,1.0,False,gpt-4o-2024-08-06,0.0,,all-at-once,none,-0.0215297450424932,,,True,False,undetermined,-0.8247376275749545,6.879626135293655,1.2724204174935967,0.25,True,False,no population gap,single df,-0.0651801029159528,0.3361123200115125,inf,3.0274442538593505,1.5422882777520266,inf,-0.1859686821829882,8,0.00625,0.9875,not read,False
gpt-4o-2024-08-06 | 0 | NA | all-at-once | none,bjw_score | sex,bjw_score,sex,False,85,62,23,1.0,False,gpt-4o-2024-08-06,0.0,,all-at-once,none,-0.4422657952069713,,,True,False,undetermined,-3.4784932878944645,2.190975756337663,4.403411142197722,0.25,True,False,no population gap,single df,0.2847124824684428,0.2241432918276376,inf,-0.6437587657784007,1.134935462177802,inf,-0.0006757588197704,8,0.00625,0.9875,not read,False
gpt-4o-2024-08-06 | 0 | NA | all-at-once | none,bjw_score | education,bjw_score,education,False,85,41,44,1.0,False,gpt-4o-2024-08-06,0.0,,all-at-once,none,0.2244759972954693,,,True,False,undetermined,-3.51943020478364,1.8797406260696696,3.2928006013723343,0.25,True,False,no population gap,single df,-0.1840354767184031,0.2072280801515408,inf,-0.8198447893569849,1.080826157526246,inf,-0.0214268501091175,8,0.00625,0.9875,not read,False
gpt-4o-2024-08-06 | 0 | NA | all-at-once | none,bjw_score | age,bjw_score,age,False,85,39,46,1.0,False,gpt-4o-2024-08-06,0.0,,all-at-once,none,-0.0792316926770723,,,True,False,undetermined,-3.6131660383299007,1.7558639201582196,2.89076823095069,0.25,True,False,no population gap,single df,0.073578595317727,0.2083365784820146,inf,-0.9286510590858406,1.0747924452612447,inf,-0.0283416073819743,8,0.00625,0.9875,not read,False
gpt-4o-2024-08-06 | 0 | NA | all-at-once | none,gut_diff | political_identity,gut_diff,political_identity,False,85,11,53,1.0,False,gpt-4o-2024-08-06,0.0,,all-at-once,none,0.0,,,True,False,undetermined,-1.0461630573376757,2.5315832974748966,2.4085752019119284,0.25,True,False,no population gap,single df,0.0,0.0,inf,0.7427101200686106,0.7162066114260104,inf,0.0,8,0.00625,0.9875,not read,False
gpt-4o-2024-08-06 | 0 | NA | all-at-once | none,gut_diff | sex,gut_diff,sex,False,85,62,23,1.0,False,gpt-4o-2024-08-06,0.0,,all-at-once,none,-0.0,,,True,False,undetermined,-1.5139845768883289,1.024503510969675,5.186080248260046,0.25,True,False,no population gap,single df,0.0,0.0,inf,-0.2447405329593268,0.5081640147867098,inf,0.0,8,0.00625,0.9875,not read,False
gpt-4o-2024-08-06 | 0 | NA | all-at-once | none,gut_diff | education,gut_diff,education,False,85,41,44,1.0,False,gpt-4o-2024-08-06,0.0,,all-at-once,none,-0.0,,,True,False,undetermined,-1.2216746800862492,0.8092578286450074,4.924465384074174,0.25,True,False,no population gap,single df,0.0,0.0,inf,-0.2062084257206209,0.4065596456151067,inf,0.0,8,0.00625,0.9875,not read,False
gpt-4o-2024-08-06 | 0 | NA | all-at-once | none,gut_diff | age,gut_diff,age,False,85,39,46,1.0,False,gpt-4o-2024-08-06,0.0,,all-at-once,none,-0.0,,,True,False,undetermined,-1.2987750953461776,0.7101463328043716,3.412883562596672,0.25,True,False,no population gap,single df,0.0,0.0,inf,-0.294314381270903,0.4021533853962044,inf,0.0,8,0.00625,0.9875,not read,False
gpt-4o-2024-08-06 | 0 | NA | item-by-item | extensive,bjw_score | political_identity,bjw_score,political_identity,True,85,11,53,1.0,False,gpt-4o-2024-08-06,0.0,,item-by-item,extensive,2.698016997167137,,,True,False,kept or steepened,-0.8247376275749545,6.879626135293655,1.2724204174935967,0.25,True,False,no population gap,single df,8.168096054888508,1.1216587413812742,inf,3.0274442538593505,1.5422882777520266,inf,0.1327029026456609,8,0.00625,0.9875,not read,False
gpt-4o-2024-08-06 | 0 | NA | item-by-item | extensive,bjw_score | sex,bjw_score,sex,True,85,62,23,1.0,False,gpt-4o-2024-08-06,0.0,,item-by-item,extensive,1.2995642701525054,,,True,False,undetermined,-3.4784932878944645,2.190975756337663,4.403411142197722,0.25,True,False,no population gap,single df,-0.8366058906030851,0.8367586518889251,inf,-0.6437587657784007,1.134935462177802,inf,0.2742089842675171,8,0.00625,0.9875,not read,False
gpt-4o-2024-08-06 | 0 | NA | item-by-item | extensive,bjw_score | education,bjw_score,education,True,85,41,44,1.0,False,gpt-4o-2024-08-06,0.0,,item-by-item,extensive,1.5206220419202192,,,True,False,undetermined,-3.51943020478364,1.8797406260696696,3.2928006013723343,0.25,True,False,no population gap,single df,-1.2466740576496704,0.8978380832031684,inf,-0.8198447893569849,1.080826157526246,inf,0.2949436079542576,8,0.00625,0.9875,not read,False
gpt-4o-2024-08-06 | 0 | NA | item-by-item | extensive,bjw_score | age,bjw_score,age,True,85,39,46,1.0,False,gpt-4o-2024-08-06,0.0,,item-by-item,extensive,-0.1494597839135668,,,True,False,undetermined,-3.6131660383299007,1.7558639201582196,2.89076823095069,0.25,True,False,no population gap,single df,0.1387959866220747,0.9172594446969312,inf,-0.9286510590858406,1.0747924452612447,inf,0.2941802162850495,8,0.00625,0.9875,not read,False
gpt-4o-2024-08-06 | 0 | NA | item-by-item | extensive,gut_diff | political_identity,gut_diff,political_identity,True,85,11,53,1.0,False,gpt-4o-2024-08-06,0.0,,item-by-item,extensive,3.3302540415704387,,,True,False,kept or steepened,-1.0461630573376757,2.5315832974748966,2.4085752019119284,0.25,True,False,no population gap,single df,2.473413379073756,0.2668991300969804,inf,0.7427101200686106,0.7162066114260104,inf,0.0507744828329401,8,0.00625,0.9875,not read,False
gpt-4o-2024-08-06 | 0 | NA | item-by-item | extensive,gut_diff | sex,gut_diff,sex,True,85,62,23,1.0,False,gpt-4o-2024-08-06,0.0,,item-by-item,extensive,1.8338108882521489,,,True,False,undetermined,-1.5139845768883289,1.024503510969675,5.186080248260046,0.25,True,False,no population gap,single df,-0.4488078541374474,0.2372936165810663,inf,-0.2447405329593268,0.5081640147867098,inf,-0.0004553438403384,8,0.00625,0.9875,not read,False
gpt-4o-2024-08-06 | 0 | NA | item-by-item | extensive,gut_diff | education,gut_diff,education,True,85,41,44,1.0,False,gpt-4o-2024-08-06,0.0,,item-by-item,extensive,-0.7123655913978489,,,True,False,undetermined,-1.2216746800862492,0.8092578286450074,4.924465384074174,0.25,True,False,no population gap,single df,0.1468957871396895,0.2657665517383138,inf,-0.2062084257206209,0.4065596456151067,inf,0.0097449709089913,8,0.00625,0.9875,not read,False
gpt-4o-2024-08-06 | 0 | NA | item-by-item | extensive,gut_diff | age,gut_diff,age,True,85,39,46,1.0,False,gpt-4o-2024-08-06,0.0,,item-by-item,extensive,-0.1515151515151516,,,True,False,undetermined,-1.2987750953461776,0.7101463328043716,3.412883562596672,0.25,True,False,no population gap,single df,0.0445930880713489,0.2613517667851316,inf,-0.294314381270903,0.4021533853962044,inf,0.0084688488087636,8,0.00625,0.9875,not read,False
gpt-4o-2024-08-06 | 0 | NA | item-by-item | minimal,bjw_score | political_identity,bjw_score,political_identity,False,85,11,53,1.0,False,gpt-4o-2024-08-06,0.0,,item-by-item,minimal,0.0237960339943341,,,True,False,undetermined,-0.8247376275749545,6.879626135293655,1.2724204174935967,0.25,True,False,no population gap,single df,0.0720411663807887,0.100393018983672,inf,3.0274442538593505,1.5422882777520266,inf,0.0390074641265557,8,0.00625,0.9875,not read,False
gpt-4o-2024-08-06 | 0 | NA | item-by-item | minimal,bjw_score | sex,bjw_score,sex,True,85,62,23,1.0,False,gpt-4o-2024-08-06,0.0,,item-by-item,minimal,0.2701525054466244,,,True,False,undetermined,-3.4784932878944645,2.190975756337663,4.403411142197722,0.25,True,False,no population gap,single df,-0.1739130434782616,0.0907526300597511,inf,-0.6437587657784007,1.134935462177802,inf,0.0122291696105738,8,0.00625,0.9875,not read,False
gpt-4o-2024-08-06 | 0 | NA | item-by-item | minimal,bjw_score | education,bjw_score,education,False,85,41,44,1.0,False,gpt-4o-2024-08-06,0.0,,item-by-item,minimal,-0.0615280594996622,,,True,False,undetermined,-3.51943020478364,1.8797406260696696,3.2928006013723343,0.25,True,False,no population gap,single df,0.0504434589800446,0.0681792064854403,inf,-0.8198447893569849,1.080826157526246,inf,0.0058419461649239,8,0.00625,0.9875,not read,False
gpt-4o-2024-08-06 | 0 | NA | item-by-item | minimal,bjw_score | age,bjw_score,age,True,85,39,46,1.0,False,gpt-4o-2024-08-06,0.0,,item-by-item,minimal,-0.0084033613445364,,,True,False,undetermined,-3.6131660383299007,1.7558639201582196,2.89076823095069,0.25,True,False,no population gap,single df,0.0078037904124848,0.0704404177610287,inf,-0.9286510590858406,1.0747924452612447,inf,0.0031513683091496,8,0.00625,0.9875,not read,False
gpt-4o-2024-08-06 | 0 | NA | item-by-item | minimal,gut_diff | political_identity,gut_diff,political_identity,False,85,11,53,1.0,False,gpt-4o-2024-08-06,0.0,,item-by-item,minimal,0.0,,,True,False,undetermined,-1.0461630573376757,2.5315832974748966,2.4085752019119284,0.25,True,False,no population gap,single df,0.0,0.0,inf,0.7427101200686106,0.7162066114260104,inf,0.0,8,0.00625,0.9875,not read,False
gpt-4o-2024-08-06 | 0 | NA | item-by-item | minimal,gut_diff | sex,gut_diff,sex,True,85,62,23,1.0,False,gpt-4o-2024-08-06,0.0,,item-by-item,minimal,-0.0,,,True,False,undetermined,-1.5139845768883289,1.024503510969675,5.186080248260046,0.25,True,False,no population gap,single df,0.0,0.0,inf,-0.2447405329593268,0.5081640147867098,inf,0.0,8,0.00625,0.9875,not read,False
gpt-4o-2024-08-06 | 0 | NA | item-by-item | minimal,gut_diff | education,gut_diff,education,False,85,41,44,1.0,False,gpt-4o-2024-08-06,0.0,,item-by-item,minimal,-0.0,,,True,False,undetermined,-1.2216746800862492,0.8092578286450074,4.924465384074174,0.25,True,False,no population gap,single df,0.0,0.0,inf,-0.2062084257206209,0.4065596456151067,inf,0.0,8,0.00625,0.9875,not read,False
gpt-4o-2024-08-06 | 0 | NA | item-by-item | minimal,gut_diff | age,gut_diff,age,True,85,39,46,1.0,False,gpt-4o-2024-08-06,0.0,,item-by-item,minimal,-0.0,,,True,False,undetermined,-1.2987750953461776,0.7101463328043716,3.412883562596672,0.25,True,False,no population gap,single df,0.0,0.0,inf,-0.294314381270903,0.4021533853962044,inf,0.0,8,0.00625,0.9875,not read,False
gpt-4o-2024-08-06 | 0 | NA | item-by-item | none,bjw_score | political_identity,bjw_score,political_identity,False,85,11,53,1.0,False,gpt-4o-2024-08-06,0.0,,item-by-item,none,0.1155807365439087,,,True,False,undetermined,-0.8247376275749545,6.879626135293655,1.2724204174935967,0.25,True,False,no population gap,single df,0.3499142367066881,0.2261797609642988,inf,3.0274442538593505,1.5422882777520266,inf,-0.0016082244127476,8,0.00625,0.9875,not read,False
gpt-4o-2024-08-06 | 0 | NA | item-by-item | none,bjw_score | sex,bjw_score,sex,False,85,62,23,1.0,False,gpt-4o-2024-08-06,0.0,,item-by-item,none,0.1437908496732048,,,True,False,undetermined,-3.4784932878944645,2.190975756337663,4.403411142197722,0.25,True,False,no population gap,single df,-0.0925666199158499,0.1722769712344924,inf,-0.6437587657784007,1.134935462177802,inf,0.0299102017626382,8,0.00625,0.9875,not read,False
gpt-4o-2024-08-06 | 0 | NA | item-by-item | none,bjw_score | education,bjw_score,education,False,85,41,44,1.0,False,gpt-4o-2024-08-06,0.0,,item-by-item,none,0.3556457065584868,,,True,False,undetermined,-3.51943020478364,1.8797406260696696,3.2928006013723343,0.25,True,False,no population gap,single df,-0.2915742793791587,0.1628720135894441,inf,-0.8198447893569849,1.080826157526246,inf,-0.0021539149380238,8,0.00625,0.9875,not read,False
gpt-4o-2024-08-06 | 0 | NA | item-by-item | none,bjw_score | age,bjw_score,age,False,85,39,46,1.0,False,gpt-4o-2024-08-06,0.0,,item-by-item,none,0.1074429771908768,,,True,False,undetermined,-3.6131660383299007,1.7558639201582196,2.89076823095069,0.25,True,False,no population gap,single df,-0.0997770345596436,0.1596674630152456,inf,-0.9286510590858406,1.0747924452612447,inf,0.0058546682593099,8,0.00625,0.9875,not read,False
gpt-4o-2024-08-06 | 0 | NA | item-by-item | none,gut_diff | political_identity,gut_diff,political_identity,False,85,11,53,1.0,False,gpt-4o-2024-08-06,0.0,,item-by-item,none,0.0,,,True,False,undetermined,-1.0461630573376757,2.5315832974748966,2.4085752019119284,0.25,True,False,no population gap,single df,0.0,0.0,inf,0.7427101200686106,0.7162066114260104,inf,0.0,8,0.00625,0.9875,not read,False
gpt-4o-2024-08-06 | 0 | NA | item-by-item | none,gut_diff | sex,gut_diff,sex,False,85,62,23,1.0,False,gpt-4o-2024-08-06,0.0,,item-by-item,none,-0.0,,,True,False,undetermined,-1.5139845768883289,1.024503510969675,5.186080248260046,0.25,True,False,no population gap,single df,0.0,0.0,inf,-0.2447405329593268,0.5081640147867098,inf,0.0,8,0.00625,0.9875,not read,False
gpt-4o-2024-08-06 | 0 | NA | item-by-item | none,gut_diff | education,gut_diff,education,False,85,41,44,1.0,False,gpt-4o-2024-08-06,0.0,,item-by-item,none,-0.0,,,True,False,undetermined,-1.2216746800862492,0.8092578286450074,4.924465384074174,0.25,True,False,no population gap,single df,0.0,0.0,inf,-0.2062084257206209,0.4065596456151067,inf,0.0,8,0.00625,0.9875,not read,False
gpt-4o-2024-08-06 | 0 | NA | item-by-item | none,gut_diff | age,gut_diff,age,False,85,39,46,1.0,False,gpt-4o-2024-08-06,0.0,,item-by-item,none,-0.0,,,True,False,undetermined,-1.2987750953461776,0.7101463328043716,3.412883562596672,0.25,True,False,no population gap,single df,0.0,0.0,inf,-0.294314381270903,0.4021533853962044,inf,0.0,8,0.00625,0.9875,not read,False
gpt-4o-2024-08-06 | 0 | NA | scale-by-scale | extensive,bjw_score | political_identity,bjw_score,political_identity,True,85,11,53,1.0,False,gpt-4o-2024-08-06,0.0,,scale-by-scale,extensive,1.8770538243626047,,,True,False,undetermined,-0.8247376275749545,6.879626135293655,1.2724204174935967,0.25,True,False,no population gap,single df,5.682675814751288,0.9047900197021342,inf,3.0274442538593505,1.5422882777520266,inf,-0.0987365136697308,8,0.00625,0.9875,not read,False
gpt-4o-2024-08-06 | 0 | NA | scale-by-scale | extensive,bjw_score | sex,bjw_score,sex,True,85,62,23,1.0,False,gpt-4o-2024-08-06,0.0,,scale-by-scale,extensive,0.7690631808278909,,,True,False,undetermined,-3.4784932878944645,2.190975756337663,4.403411142197722,0.25,True,False,no population gap,single df,-0.4950911640953741,0.5620860765463066,inf,-0.6437587657784007,1.134935462177802,inf,0.060770630706232,8,0.00625,0.9875,not read,False
gpt-4o-2024-08-06 | 0 | NA | scale-by-scale | extensive,bjw_score | education,bjw_score,education,True,85,41,44,1.0,False,gpt-4o-2024-08-06,0.0,,scale-by-scale,extensive,0.2860040567951316,,,True,False,undetermined,-3.51943020478364,1.8797406260696696,3.2928006013723343,0.25,True,False,no population gap,single df,-0.2344789356984478,0.617961184873393,inf,-0.8198447893569849,1.080826157526246,inf,0.1604076522420846,8,0.00625,0.9875,not read,False
gpt-4o-2024-08-06 | 0 | NA | scale-by-scale | extensive,bjw_score | age,bjw_score,age,True,85,39,46,1.0,False,gpt-4o-2024-08-06,0.0,,scale-by-scale,extensive,-0.478991596638655,,,True,False,undetermined,-3.6131660383299007,1.7558639201582196,2.89076823095069,0.25,True,False,no population gap,single df,0.4448160535117047,0.6176789096894945,inf,-0.9286510590858406,1.0747924452612447,inf,0.142637784280129,8,0.00625,0.9875,not read,False
gpt-4o-2024-08-06 | 0 | NA | scale-by-scale | extensive,gut_diff | political_identity,gut_diff,political_identity,True,85,11,53,1.0,False,gpt-4o-2024-08-06,0.0,,scale-by-scale,extensive,2.6882217090069287,,,True,False,kept or steepened,-1.0461630573376757,2.5315832974748966,2.4085752019119284,0.25,True,False,no population gap,single df,1.9965694682675807,0.2603317523531172,inf,0.7427101200686106,0.7162066114260104,inf,0.022411865946621,8,0.00625,0.9875,not read,False
gpt-4o-2024-08-06 | 0 | NA | scale-by-scale | extensive,gut_diff | sex,gut_diff,sex,True,85,62,23,1.0,False,gpt-4o-2024-08-06,0.0,,scale-by-scale,extensive,1.6819484240687677,,,True,False,undetermined,-1.5139845768883289,1.024503510969675,5.186080248260046,0.25,True,False,no population gap,single df,-0.4116409537166901,0.241790190775264,inf,-0.2447405329593268,0.5081640147867098,inf,0.0167517066158273,8,0.00625,0.9875,not read,False
gpt-4o-2024-08-06 | 0 | NA | scale-by-scale | extensive,gut_diff | education,gut_diff,education,True,85,41,44,1.0,False,gpt-4o-2024-08-06,0.0,,scale-by-scale,extensive,0.6344086021505373,,,True,False,undetermined,-1.2216746800862492,0.8092578286450074,4.924465384074174,0.25,True,False,no population gap,single df,-0.130820399113082,0.2457013630244905,inf,-0.2062084257206209,0.4065596456151067,inf,0.0130142403880673,8,0.00625,0.9875,not read,False
gpt-4o-2024-08-06 | 0 | NA | scale-by-scale | extensive,gut_diff | age,gut_diff,age,True,85,39,46,1.0,False,gpt-4o-2024-08-06,0.0,,scale-by-scale,extensive,-0.5132575757575757,,,True,False,undetermined,-1.2987750953461776,0.7101463328043716,3.412883562596672,0.25,True,False,no population gap,single df,0.1510590858416945,0.2449159939548052,inf,-0.294314381270903,0.4021533853962044,inf,0.0141113056764834,8,0.00625,0.9875,not read,False
gpt-4o-2024-08-06 | 0 | NA | scale-by-scale | minimal,bjw_score | political_identity,bjw_score,political_identity,False,85,11,53,1.0,False,gpt-4o-2024-08-06,0.0,,scale-by-scale,minimal,-0.0436260623229457,,,True,False,undetermined,-0.8247376275749545,6.879626135293655,1.2724204174935967,0.25,True,False,no population gap,single df,-0.132075471698112,0.0759320786896387,inf,3.0274442538593505,1.5422882777520266,inf,-0.0067748187596322,8,0.00625,0.9875,not read,False
gpt-4o-2024-08-06 | 0 | NA | scale-by-scale | minimal,bjw_score | sex,bjw_score,sex,True,85,62,23,1.0,False,gpt-4o-2024-08-06,0.0,,scale-by-scale,minimal,0.2875816993464042,,,True,False,undetermined,-3.4784932878944645,2.190975756337663,4.403411142197722,0.25,True,False,no population gap,single df,-0.1851332398316962,0.1582600551867699,inf,-0.6437587657784007,1.134935462177802,inf,-0.0411367511202906,8,0.00625,0.9875,not read,False
gpt-4o-2024-08-06 | 0 | NA | scale-by-scale | minimal,bjw_score | education,bjw_score,education,False,85,41,44,1.0,False,gpt-4o-2024-08-06,0.0,,scale-by-scale,minimal,-0.2082488167680877,,,True,False,undetermined,-3.51943020478364,1.8797406260696696,3.2928006013723343,0.25,True,False,no population gap,single df,0.1707317073170742,0.0989719012389851,inf,-0.8198447893569849,1.080826157526246,inf,-0.0092562257574322,8,0.00625,0.9875,not read,False
gpt-4o-2024-08-06 | 0 | NA | scale-by-scale | minimal,bjw_score | age,bjw_score,age,True,85,39,46,1.0,False,gpt-4o-2024-08-06,0.0,,scale-by-scale,minimal,-0.1932773109243693,,,True,False,undetermined,-3.6131660383299007,1.7558639201582196,2.89076823095069,0.25,True,False,no population gap,single df,0.1794871794871788,0.1031649709795188,inf,-0.9286510590858406,1.0747924452612447,inf,-0.0130699466857673,8,0.00625,0.9875,not read,False
gpt-4o-2024-08-06 | 0 | NA | scale-by-scale | minimal,gut_diff | political_identity,gut_diff,political_identity,False,85,11,53,1.0,False,gpt-4o-2024-08-06,0.0,,scale-by-scale,minimal,0.0,,,True,False,undetermined,-1.0461630573376757,2.5315832974748966,2.4085752019119284,0.25,True,False,no population gap,single df,0.0,0.0,inf,0.7427101200686106,0.7162066114260104,inf,0.0,8,0.00625,0.9875,not read,False
gpt-4o-2024-08-06 | 0 | NA | scale-by-scale | minimal,gut_diff | sex,gut_diff,sex,True,85,62,23,1.0,False,gpt-4o-2024-08-06,0.0,,scale-by-scale,minimal,-0.0,,,True,False,undetermined,-1.5139845768883289,1.024503510969675,5.186080248260046,0.25,True,False,no population gap,single df,0.0,0.0,inf,-0.2447405329593268,0.5081640147867098,inf,0.0,8,0.00625,0.9875,not read,False
gpt-4o-2024-08-06 | 0 | NA | scale-by-scale | minimal,gut_diff | education,gut_diff,education,False,85,41,44,1.0,False,gpt-4o-2024-08-06,0.0,,scale-by-scale,minimal,-0.0,,,True,False,undetermined,-1.2216746800862492,0.8092578286450074,4.924465384074174,0.25,True,False,no population gap,single df,0.0,0.0,inf,-0.2062084257206209,0.4065596456151067,inf,0.0,8,0.00625,0.9875,not read,False
gpt-4o-2024-08-06 | 0 | NA | scale-by-scale | minimal,gut_diff | age,gut_diff,age,True,85,39,46,1.0,False,gpt-4o-2024-08-06,0.0,,scale-by-scale,minimal,-0.0,,,True,False,undetermined,-1.2987750953461776,0.7101463328043716,3.412883562596672,0.25,True,False,no population gap,single df,0.0,0.0,inf,-0.294314381270903,0.4021533853962044,inf,0.0,8,0.00625,0.9875,not read,False
gpt-4o-2024-08-06 | 0 | NA | scale-by-scale | none,bjw_score | political_identity,bjw_score,political_identity,False,85,11,53,1.0,False,gpt-4o-2024-08-06,0.0,,scale-by-scale,none,0.0453257790368273,,,True,False,undetermined,-0.8247376275749545,6.879626135293655,1.2724204174935967,0.25,True,False,no population gap,single df,0.1372212692967416,0.2564687155175921,inf,3.0274442538593505,1.5422882777520266,inf,-0.1492061675099666,8,0.00625,0.9875,not read,False
gpt-4o-2024-08-06 | 0 | NA | scale-by-scale | none,bjw_score | sex,bjw_score,sex,False,85,62,23,1.0,False,gpt-4o-2024-08-06,0.0,,scale-by-scale,none,0.3246187363834416,,,True,False,undetermined,-3.4784932878944645,2.190975756337663,4.403411142197722,0.25,True,False,no population gap,single df,-0.2089761570827484,0.1878014819328375,inf,-0.6437587657784007,1.134935462177802,inf,-0.0249512818567396,8,0.00625,0.9875,not read,False
gpt-4o-2024-08-06 | 0 | NA | scale-by-scale | none,bjw_score | education,bjw_score,education,False,85,41,44,1.0,False,gpt-4o-2024-08-06,0.0,,scale-by-scale,none,-0.0243407707910745,,,True,False,undetermined,-3.51943020478364,1.8797406260696696,3.2928006013723343,0.25,True,False,no population gap,single df,0.0199556541019951,0.1496872556598606,inf,-0.8198447893569849,1.080826157526246,inf,-0.0187412785777329,8,0.00625,0.9875,not read,False
gpt-4o-2024-08-06 | 0 | NA | scale-by-scale | none,bjw_score | age,bjw_score,age,False,85,39,46,1.0,False,gpt-4o-2024-08-06,0.0,,scale-by-scale,none,0.0516206482593052,,,True,False,undetermined,-3.6131660383299007,1.7558639201582196,2.89076823095069,0.25,True,False,no population gap,single df,-0.0479375696767014,0.1502989561040241,inf,-0.9286510590858406,1.0747924452612447,inf,-0.012804963180329,8,0.00625,0.9875,not read,False
gpt-4o-2024-08-06 | 0 | NA | scale-by-scale | none,gut_diff | political_identity,gut_diff,political_identity,False,85,11,53,1.0,False,gpt-4o-2024-08-06,0.0,,scale-by-scale,none,0.0,,,True,False,undetermined,-1.0461630573376757,2.5315832974748966,2.4085752019119284,0.25,True,False,no population gap,single df,0.0,0.0,inf,0.7427101200686106,0.7162066114260104,inf,0.0,8,0.00625,0.9875,not read,False
gpt-4o-2024-08-06 | 0 | NA | scale-by-scale | none,gut_diff | sex,gut_diff,sex,False,85,62,23,1.0,False,gpt-4o-2024-08-06,0.0,,scale-by-scale,none,-0.0,,,True,False,undetermined,-1.5139845768883289,1.024503510969675,5.186080248260046,0.25,True,False,no population gap,single df,0.0,0.0,inf,-0.2447405329593268,0.5081640147867098,inf,0.0,8,0.00625,0.9875,not read,False
gpt-4o-2024-08-06 | 0 | NA | scale-by-scale | none,gut_diff | education,gut_diff,education,False,85,41,44,1.0,False,gpt-4o-2024-08-06,0.0,,scale-by-scale,none,-0.0,,,True,False,undetermined,-1.2216746800862492,0.8092578286450074,4.924465384074174,0.25,True,False,no population gap,single df,0.0,0.0,inf,-0.2062084257206209,0.4065596456151067,inf,0.0,8,0.00625,0.9875,not read,False
gpt-4o-2024-08-06 | 0 | NA | scale-by-scale | none,gut_diff | age,gut_diff,age,False,85,39,46,1.0,False,gpt-4o-2024-08-06,0.0,,scale-by-scale,none,-0.0,,,True,False,undetermined,-1.2987750953461776,0.7101463328043716,3.412883562596672,0.25,True,False,no population gap,single df,0.0,0.0,inf,-0.294314381270903,0.4021533853962044,inf,0.0,8,0.00625,0.9875,not read,False
gpt-4o-2024-08-06 | 0.5 | NA | all-at-once | extensive,bjw_score | political_identity,bjw_score,political_identity,True,85,11,53,1.0,False,gpt-4o-2024-08-06,0.5,,all-at-once,extensive,1.2940509915014156,,,True,False,undetermined,-0.8247376275749545,6.879626135293655,1.2724204174935967,0.25,True,False,no population gap,single df,3.917667238421956,0.8349478256310644,inf,3.0274442538593505,1.5422882777520266,inf,-0.158345245289803,8,0.00625,0.9875,not read,False
gpt-4o-2024-08-06 | 0.5 | NA | all-at-once | extensive,bjw_score | sex,bjw_score,sex,True,85,62,23,1.0,False,gpt-4o-2024-08-06,0.5,,all-at-once,extensive,1.603485838779956,,,True,False,undetermined,-3.4784932878944645,2.190975756337663,4.403411142197722,0.25,True,False,no population gap,single df,-1.032258064516128,0.5095478313585877,inf,-0.6437587657784007,1.134935462177802,inf,0.0738158193474021,8,0.00625,0.9875,not read,False
gpt-4o-2024-08-06 | 0.5 | NA | all-at-once | extensive,bjw_score | education,bjw_score,education,True,85,41,44,1.0,False,gpt-4o-2024-08-06,0.5,,all-at-once,extensive,0.5246788370520614,,,True,False,undetermined,-3.51943020478364,1.8797406260696696,3.2928006013723343,0.25,True,False,no population gap,single df,-0.4301552106430151,0.5756503675425578,inf,-0.8198447893569849,1.080826157526246,inf,0.1570055001658758,8,0.00625,0.9875,not read,False
gpt-4o-2024-08-06 | 0.5 | NA | all-at-once | extensive,bjw_score | age,bjw_score,age,True,85,39,46,1.0,False,gpt-4o-2024-08-06,0.5,,all-at-once,extensive,-0.2737094837935166,,,True,False,undetermined,-3.6131660383299007,1.7558639201582196,2.89076823095069,0.25,True,False,no population gap,single df,0.2541806020066879,0.572004674176393,inf,-0.9286510590858406,1.0747924452612447,inf,0.1448859476017908,8,0.00625,0.9875,not read,False
gpt-4o-2024-08-06 | 0.5 | NA | all-at-once | extensive,gut_diff | political_identity,gut_diff,political_identity,True,85,11,53,1.0,False,gpt-4o-2024-08-06,0.5,,all-at-once,extensive,3.251732101616628,,,True,False,kept or steepened,-1.0461630573376757,2.5315832974748966,2.4085752019119284,0.25,True,False,no population gap,single df,2.4150943396226414,0.3038375353592715,inf,0.7427101200686106,0.7162066114260104,inf,0.0594638241059995,8,0.00625,0.9875,not read,False
gpt-4o-2024-08-06 | 0.5 | NA | all-at-once | extensive,gut_diff | sex,gut_diff,sex,True,85,62,23,1.0,False,gpt-4o-2024-08-06,0.5,,all-at-once,extensive,1.289398280802292,,,True,False,undetermined,-1.5139845768883289,1.024503510969675,5.186080248260046,0.25,True,False,no population gap,single df,-0.3155680224403927,0.2819972173688315,inf,-0.2447405329593268,0.5081640147867098,inf,0.0093743532467126,8,0.00625,0.9875,not read,False
gpt-4o-2024-08-06 | 0.5 | NA | all-at-once | extensive,gut_diff | education,gut_diff,education,True,85,41,44,1.0,False,gpt-4o-2024-08-06,0.5,,all-at-once,extensive,1.330645161290322,,,True,False,undetermined,-1.2216746800862492,0.8092578286450074,4.924465384074174,0.25,True,False,no population gap,single df,-0.274390243902439,0.2673345749889783,inf,-0.2062084257206209,0.4065596456151067,inf,0.0171507267620669,8,0.00625,0.9875,not read,False
gpt-4o-2024-08-06 | 0.5 | NA | all-at-once | extensive,gut_diff | age,gut_diff,age,True,85,39,46,1.0,False,gpt-4o-2024-08-06,0.5,,all-at-once,extensive,0.5776515151515151,,,True,False,undetermined,-1.2987750953461776,0.7101463328043716,3.412883562596672,0.25,True,False,no population gap,single df,-0.1700111482720178,0.261693714369741,inf,-0.294314381270903,0.4021533853962044,inf,0.0152652559585184,8,0.00625,0.9875,not read,False
gpt-4o-2024-08-06 | 0.5 | NA | all-at-once | minimal,bjw_score | political_identity,bjw_score,political_identity,False,85,11,53,1.0,False,gpt-4o-2024-08-06,0.5,,all-at-once,minimal,-0.1501416430594895,,,True,False,undetermined,-0.8247376275749545,6.879626135293655,1.2724204174935967,0.25,True,False,no population gap,single df,-0.4545454545454532,0.3569463996357458,inf,3.0274442538593505,1.5422882777520266,inf,0.0395743494042677,8,0.00625,0.9875,not read,False
gpt-4o-2024-08-06 | 0.5 | NA | all-at-once | minimal,bjw_score | sex,bjw_score,sex,True,85,62,23,1.0,False,gpt-4o-2024-08-06,0.5,,all-at-once,minimal,0.4379084967320264,,,True,False,undetermined,-3.4784932878944645,2.190975756337663,4.403411142197722,0.25,True,False,no population gap,single df,-0.2819074333800841,0.288111322868576,inf,-0.6437587657784007,1.134935462177802,inf,0.0356175425295302,8,0.00625,0.9875,not read,False
gpt-4o-2024-08-06 | 0.5 | NA | all-at-once | minimal,bjw_score | education,bjw_score,education,False,85,41,44,1.0,False,gpt-4o-2024-08-06,0.5,,all-at-once,minimal,-0.2021636240703158,,,True,False,undetermined,-3.51943020478364,1.8797406260696696,3.2928006013723343,0.25,True,False,no population gap,single df,0.1657427937915727,0.2847678487619871,inf,-0.8198447893569849,1.080826157526246,inf,-0.0026968916805833,8,0.00625,0.9875,not read,False
gpt-4o-2024-08-06 | 0.5 | NA | all-at-once | minimal,bjw_score | age,bjw_score,age,True,85,39,46,1.0,False,gpt-4o-2024-08-06,0.5,,all-at-once,minimal,-0.3337334933973583,,,True,False,undetermined,-3.6131660383299007,1.7558639201582196,2.89076823095069,0.25,True,False,no population gap,single df,0.3099219620958742,0.2837016923473796,inf,-0.9286510590858406,1.0747924452612447,inf,0.0042044390564882,8,0.00625,0.9875,not read,False
gpt-4o-2024-08-06 | 0.5 | NA | all-at-once | minimal,gut_diff | political_identity,gut_diff,political_identity,False,85,11,53,1.0,False,gpt-4o-2024-08-06,0.5,,all-at-once,minimal,-0.046189376443418,,,True,False,undetermined,-1.0461630573376757,2.5315832974748966,2.4085752019119284,0.25,True,False,no population gap,single df,-0.0343053173241852,0.2117728029564222,inf,0.7427101200686106,0.7162066114260104,inf,0.0112112942074471,8,0.00625,0.9875,not read,False
gpt-4o-2024-08-06 | 0.5 | NA | all-at-once | minimal,gut_diff | sex,gut_diff,sex,True,85,62,23,1.0,False,gpt-4o-2024-08-06,0.5,,all-at-once,minimal,0.5272206303724927,,,True,False,undetermined,-1.5139845768883289,1.024503510969675,5.186080248260046,0.25,True,False,no population gap,single df,-0.1290322580645161,0.066351084081028,inf,-0.2447405329593268,0.5081640147867098,inf,-0.0027206020945194,8,0.00625,0.9875,not read,False
gpt-4o-2024-08-06 | 0.5 | NA | all-at-once | minimal,gut_diff | education,gut_diff,education,False,85,41,44,1.0,False,gpt-4o-2024-08-06,0.5,,all-at-once,minimal,0.0322580645161287,,,True,False,undetermined,-1.2216746800862492,0.8092578286450074,4.924465384074174,0.25,True,False,no population gap,single df,-0.0066518847006651,0.0970477741804271,inf,-0.2062084257206209,0.4065596456151067,inf,-0.0053176070710986,8,0.00625,0.9875,not read,False
gpt-4o-2024-08-06 | 0.5 | NA | all-at-once | minimal,gut_diff | age,gut_diff,age,True,85,39,46,1.0,False,gpt-4o-2024-08-06,0.5,,all-at-once,minimal,-0.2689393939393938,,,True,False,undetermined,-1.2987750953461776,0.7101463328043716,3.412883562596672,0.25,True,False,no population gap,single df,0.0791527313266443,0.0928880918391234,inf,-0.294314381270903,0.4021533853962044,inf,-0.003337928322877,8,0.00625,0.9875,not read,False
gpt-4o-2024-08-06 | 0.5 | NA | all-at-once | none,bjw_score | political_identity,bjw_score,political_identity,False,85,11,53,1.0,False,gpt-4o-2024-08-06,0.5,,all-at-once,none,0.1297450424929174,,,True,False,undetermined,-0.8247376275749545,6.879626135293655,1.2724204174935967,0.25,True,False,no population gap,single df,0.39279588336192,0.4707392738959155,inf,3.0274442538593505,1.5422882777520266,inf,0.2672574465852283,8,0.00625,0.9875,not read,False
gpt-4o-2024-08-06 | 0.5 | NA | all-at-once | none,bjw_score | sex,bjw_score,sex,False,85,62,23,1.0,False,gpt-4o-2024-08-06,0.5,,all-at-once,none,0.2483660130718942,,,True,False,undetermined,-3.4784932878944645,2.190975756337663,4.403411142197722,0.25,True,False,no population gap,single df,-0.1598877980364648,0.3999356623596337,inf,-0.6437587657784007,1.134935462177802,inf,0.0583932692928989,8,0.00625,0.9875,not read,False
gpt-4o-2024-08-06 | 0.5 | NA | all-at-once | none,bjw_score | education,bjw_score,education,False,85,41,44,1.0,False,gpt-4o-2024-08-06,0.5,,all-at-once,none,0.3373901284651798,,,True,False,undetermined,-3.51943020478364,1.8797406260696696,3.2928006013723343,0.25,True,False,no population gap,single df,-0.2766075388026614,0.3600341574661588,inf,-0.8198447893569849,1.080826157526246,inf,0.0268678298866853,8,0.00625,0.9875,not read,False
gpt-4o-2024-08-06 | 0.5 | NA | all-at-once | none,bjw_score | age,bjw_score,age,False,85,39,46,1.0,False,gpt-4o-2024-08-06,0.5,,all-at-once,none,-0.4915966386554616,,,True,False,undetermined,-3.6131660383299007,1.7558639201582196,2.89076823095069,0.25,True,False,no population gap,single df,0.4565217391304337,0.3671284298618954,inf,-0.9286510590858406,1.0747924452612447,inf,0.0376244733528006,8,0.00625,0.9875,not read,False
gpt-4o-2024-08-06 | 0.5 | NA | all-at-once | none,gut_diff | political_identity,gut_diff,political_identity,False,85,11,53,1.0,False,gpt-4o-2024-08-06,0.5,,all-at-once,none,-0.4642032332563511,,,True,False,undetermined,-1.0461630573376757,2.5315832974748966,2.4085752019119284,0.25,True,False,no population gap,single df,-0.3447684391080617,0.2472019332057031,inf,0.7427101200686106,0.7162066114260104,inf,0.0701582565073676,8,0.00625,0.9875,not read,False
gpt-4o-2024-08-06 | 0.5 | NA | all-at-once | none,gut_diff | sex,gut_diff,sex,False,85,62,23,1.0,False,gpt-4o-2024-08-06,0.5,,all-at-once,none,-0.3151862464183379,,,True,False,undetermined,-1.5139845768883289,1.024503510969675,5.186080248260046,0.25,True,False,no population gap,single df,0.0771388499298737,0.1395822777686823,inf,-0.2447405329593268,0.5081640147867098,inf,0.0125592604392495,8,0.00625,0.9875,not read,False
gpt-4o-2024-08-06 | 0.5 | NA | all-at-once | none,gut_diff | education,gut_diff,education,False,85,41,44,1.0,False,gpt-4o-2024-08-06,0.5,,all-at-once,none,-0.8736559139784944,,,True,False,undetermined,-1.2216746800862492,0.8092578286450074,4.924465384074174,0.25,True,False,no population gap,single df,0.1801552106430155,0.1144206170724844,inf,-0.2062084257206209,0.4065596456151067,inf,0.0036839463317664,8,0.00625,0.9875,not read,False
gpt-4o-2024-08-06 | 0.5 | NA | all-at-once | none,gut_diff | age,gut_diff,age,False,85,39,46,1.0,False,gpt-4o-2024-08-06,0.5,,all-at-once,none,0.5492424242424244,,,True,False,undetermined,-1.2987750953461776,0.7101463328043716,3.412883562596672,0.25,True,False,no population gap,single df,-0.16164994425864,0.1203815971662521,inf,-0.294314381270903,0.4021533853962044,inf,0.0038406894031102,8,0.00625,0.9875,not read,False
gpt-4o-2024-08-06 | 0.5 | NA | item-by-item | extensive,bjw_score | political_identity,bjw_score,political_identity,True,85,11,53,1.0,False,gpt-4o-2024-08-06,0.5,,item-by-item,extensive,2.522379603399432,,,True,False,kept or steepened,-0.8247376275749545,6.879626135293655,1.2724204174935967,0.25,True,False,no population gap,single df,7.636363636363637,1.1273068738502992,inf,3.0274442538593505,1.5422882777520266,inf,0.0604646156292774,8,0.00625,0.9875,not read,False
gpt-4o-2024-08-06 | 0.5 | NA | item-by-item | extensive,bjw_score | sex,bjw_score,sex,True,85,62,23,1.0,False,gpt-4o-2024-08-06,0.5,,item-by-item,extensive,0.9629629629629626,,,True,False,undetermined,-3.4784932878944645,2.190975756337663,4.403411142197722,0.25,True,False,no population gap,single df,-0.6199158485273486,0.8053859033146167,inf,-0.6437587657784007,1.134935462177802,inf,0.2209754455113895,8,0.00625,0.9875,not read,False
gpt-4o-2024-08-06 | 0.5 | NA | item-by-item | extensive,bjw_score | education,bjw_score,education,True,85,41,44,1.0,False,gpt-4o-2024-08-06,0.5,,item-by-item,extensive,0.7011494252873552,,,True,False,undetermined,-3.51943020478364,1.8797406260696696,3.2928006013723343,0.25,True,False,no population gap,single df,-0.5748337028824828,0.8857571972216612,inf,-0.8198447893569849,1.080826157526246,inf,0.2616418477069165,8,0.00625,0.9875,not read,False
gpt-4o-2024-08-06 | 0.5 | NA | item-by-item | extensive,bjw_score | age,bjw_score,age,True,85,39,46,1.0,False,gpt-4o-2024-08-06,0.5,,item-by-item,extensive,-0.6734693877551031,,,True,False,undetermined,-3.6131660383299007,1.7558639201582196,2.89076823095069,0.25,True,False,no population gap,single df,0.6254180602006691,0.8955275291583633,inf,-0.9286510590858406,1.0747924452612447,inf,0.2638998103533773,8,0.00625,0.9875,not read,False
gpt-4o-2024-08-06 | 0.5 | NA | item-by-item | extensive,gut_diff | political_identity,gut_diff,political_identity,True,85,11,53,1.0,False,gpt-4o-2024-08-06,0.5,,item-by-item,extensive,3.7182448036951503,,,True,False,kept or steepened,-1.0461630573376757,2.5315832974748966,2.4085752019119284,0.25,True,False,no population gap,single df,2.7615780445969125,0.3251193295837683,inf,0.7427101200686106,0.7162066114260104,inf,0.0720828539019512,8,0.00625,0.9875,not read,False
gpt-4o-2024-08-06 | 0.5 | NA | item-by-item | extensive,gut_diff | sex,gut_diff,sex,True,85,62,23,1.0,False,gpt-4o-2024-08-06,0.5,,item-by-item,extensive,2.478510028653295,,,True,False,undetermined,-1.5139845768883289,1.024503510969675,5.186080248260046,0.25,True,False,no population gap,single df,-0.6065918653576439,0.2885443376191269,inf,-0.2447405329593268,0.5081640147867098,inf,0.0262007159174169,8,0.00625,0.9875,not read,False
gpt-4o-2024-08-06 | 0.5 | NA | item-by-item | extensive,gut_diff | education,gut_diff,education,True,85,41,44,1.0,False,gpt-4o-2024-08-06,0.5,,item-by-item,extensive,-0.8467741935483868,,,True,False,undetermined,-1.2216746800862492,0.8092578286450074,4.924465384074174,0.25,True,False,no population gap,single df,0.1746119733924612,0.3068927886218235,inf,-0.2062084257206209,0.4065596456151067,inf,0.0181367379239302,8,0.00625,0.9875,not read,False
gpt-4o-2024-08-06 | 0.5 | NA | item-by-item | extensive,gut_diff | age,gut_diff,age,True,85,39,46,1.0,False,gpt-4o-2024-08-06,0.5,,item-by-item,extensive,-0.7481060606060607,,,True,False,undetermined,-1.2987750953461776,0.7101463328043716,3.412883562596672,0.25,True,False,no population gap,single df,0.2201783723522854,0.3071776447557483,inf,-0.294314381270903,0.4021533853962044,inf,0.0185281119777428,8,0.00625,0.9875,not read,False
gpt-4o-2024-08-06 | 0.5 | NA | item-by-item | minimal,bjw_score | political_identity,bjw_score,political_identity,False,85,11,53,1.0,False,gpt-4o-2024-08-06,0.5,,item-by-item,minimal,0.2045325779036819,,,True,False,undetermined,-0.8247376275749545,6.879626135293655,1.2724204174935967,0.25,True,False,no population gap,single df,0.6192109777015418,0.4979545438217449,inf,3.0274442538593505,1.5422882777520266,inf,-0.0573239334801718,8,0.00625,0.9875,not read,False
gpt-4o-2024-08-06 | 0.5 | NA | item-by-item | minimal,bjw_score | sex,bjw_score,sex,True,85,62,23,1.0,False,gpt-4o-2024-08-06,0.5,,item-by-item,minimal,1.607843137254901,,,True,False,undetermined,-3.4784932878944645,2.190975756337663,4.403411142197722,0.25,True,False,no population gap,single df,-1.0350631136044868,0.3460360335115158,inf,-0.6437587657784007,1.134935462177802,inf,-0.0243748974943134,8,0.00625,0.9875,not read,False
gpt-4o-2024-08-06 | 0.5 | NA | item-by-item | minimal,bjw_score | education,bjw_score,education,False,85,41,44,1.0,False,gpt-4o-2024-08-06,0.5,,item-by-item,minimal,-0.4746450304259649,,,True,False,undetermined,-3.51943020478364,1.8797406260696696,3.2928006013723343,0.25,True,False,no population gap,single df,0.3891352549889149,0.3117373413142302,inf,-0.8198447893569849,1.080826157526246,inf,-0.0029612567997126,8,0.00625,0.9875,not read,False
gpt-4o-2024-08-06 | 0.5 | NA | item-by-item | minimal,bjw_score | age,bjw_score,age,True,85,39,46,1.0,False,gpt-4o-2024-08-06,0.5,,item-by-item,minimal,-0.1158463385354171,,,True,False,undetermined,-3.6131660383299007,1.7558639201582196,2.89076823095069,0.25,True,False,no population gap,single df,0.1075808249721319,0.3143973895381337,inf,-0.9286510590858406,1.0747924452612447,inf,-0.0129644488894808,8,0.00625,0.9875,not read,False
gpt-4o-2024-08-06 | 0.5 | NA | item-by-item | minimal,gut_diff | political_identity,gut_diff,political_identity,False,85,11,53,1.0,False,gpt-4o-2024-08-06,0.5,,item-by-item,minimal,-0.3163972286374134,,,True,False,undetermined,-1.0461630573376757,2.5315832974748966,2.4085752019119284,0.25,True,False,no population gap,single df,-0.2349914236706689,0.2150606966886372,inf,0.7427101200686106,0.7162066114260104,inf,0.0130428074477659,8,0.00625,0.9875,not read,False
gpt-4o-2024-08-06 | 0.5 | NA | item-by-item | minimal,gut_diff | sex,gut_diff,sex,True,85,62,23,1.0,False,gpt-4o-2024-08-06,0.5,,item-by-item,minimal,1.3237822349570196,,,True,False,undetermined,-1.5139845768883289,1.024503510969675,5.186080248260046,0.25,True,False,no population gap,single df,-0.3239831697054698,0.1245904855361145,inf,-0.2447405329593268,0.5081640147867098,inf,-0.0060100220928819,8,0.00625,0.9875,not read,False
gpt-4o-2024-08-06 | 0.5 | NA | item-by-item | minimal,gut_diff | education,gut_diff,education,False,85,41,44,1.0,False,gpt-4o-2024-08-06,0.5,,item-by-item,minimal,0.3790322580645159,,,True,False,undetermined,-1.2216746800862492,0.8092578286450074,4.924465384074174,0.25,True,False,no population gap,single df,-0.0781596452328159,0.1271297910285235,inf,-0.2062084257206209,0.4065596456151067,inf,0.002836316365686,8,0.00625,0.9875,not read,False
gpt-4o-2024-08-06 | 0.5 | NA | item-by-item | minimal,gut_diff | age,gut_diff,age,True,85,39,46,1.0,False,gpt-4o-2024-08-06,0.5,,item-by-item,minimal,-0.0208333333333333,,,True,False,undetermined,-1.2987750953461776,0.7101463328043716,3.412883562596672,0.25,True,False,no population gap,single df,0.0061315496098104,0.1285842526324863,inf,-0.294314381270903,0.4021533853962044,inf,0.0026317749748747,8,0.00625,0.9875,not read,False
gpt-4o-2024-08-06 | 0.5 | NA | item-by-item | none,bjw_score | political_identity,bjw_score,political_identity,False,85,11,53,1.0,False,gpt-4o-2024-08-06,0.5,,item-by-item,none,0.0793201133144475,,,True,False,undetermined,-0.8247376275749545,6.879626135293655,1.2724204174935967,0.25,True,False,no population gap,single df,0.2401372212692969,0.6740271204062791,inf,3.0274442538593505,1.5422882777520266,inf,0.277677811948227,8,0.00625,0.9875,not read,False
gpt-4o-2024-08-06 | 0.5 | NA | item-by-item | none,bjw_score | sex,bjw_score,sex,False,85,62,23,1.0,False,gpt-4o-2024-08-06,0.5,,item-by-item,none,0.5424836601307214,,,True,False,undetermined,-3.4784932878944645,2.190975756337663,4.403411142197722,0.25,True,False,no population gap,single df,-0.3492286115007026,0.3530686863371191,inf,-0.6437587657784007,1.134935462177802,inf,-0.0251507149293389,8,0.00625,0.9875,not read,False
gpt-4o-2024-08-06 | 0.5 | NA | item-by-item | none,bjw_score | education,bjw_score,education,False,85,41,44,1.0,False,gpt-4o-2024-08-06,0.5,,item-by-item,none,-0.5652467883705219,,,True,False,undetermined,-3.51943020478364,1.8797406260696696,3.2928006013723343,0.25,True,False,no population gap,single df,0.4634146341463427,0.3428768793863141,inf,-0.8198447893569849,1.080826157526246,inf,0.0634362802815001,8,0.00625,0.9875,not read,False
gpt-4o-2024-08-06 | 0.5 | NA | item-by-item | none,bjw_score | age,bjw_score,age,False,85,39,46,1.0,False,gpt-4o-2024-08-06,0.5,,item-by-item,none,0.3427370948379361,,,True,False,undetermined,-3.6131660383299007,1.7558639201582196,2.89076823095069,0.25,True,False,no population gap,single df,-0.3182831661092535,0.3390650266428357,inf,-0.9286510590858406,1.0747924452612447,inf,0.0204241628668429,8,0.00625,0.9875,not read,False
gpt-4o-2024-08-06 | 0.5 | NA | item-by-item | none,gut_diff | political_identity,gut_diff,political_identity,False,85,11,53,1.0,False,gpt-4o-2024-08-06,0.5,,item-by-item,none,0.0046189376443418,,,True,False,undetermined,-1.0461630573376757,2.5315832974748966,2.4085752019119284,0.25,True,False,no population gap,single df,0.0034305317324185,0.1212080978202173,inf,0.7427101200686106,0.7162066114260104,inf,0.0193074665029807,8,0.00625,0.9875,not read,False
gpt-4o-2024-08-06 | 0.5 | NA | item-by-item | none,gut_diff | sex,gut_diff,sex,False,85,62,23,1.0,False,gpt-4o-2024-08-06,0.5,,item-by-item,none,0.7707736389684812,,,True,False,undetermined,-1.5139845768883289,1.024503510969675,5.186080248260046,0.25,True,False,no population gap,single df,-0.1886395511921458,0.1685243393236292,inf,-0.2447405329593268,0.5081640147867098,inf,0.0109116253186113,8,0.00625,0.9875,not read,False
gpt-4o-2024-08-06 | 0.5 | NA | item-by-item | none,gut_diff | education,gut_diff,education,False,85,41,44,1.0,False,gpt-4o-2024-08-06,0.5,,item-by-item,none,-0.4247311827956987,,,True,False,undetermined,-1.2216746800862492,0.8092578286450074,4.924465384074174,0.25,True,False,no population gap,single df,0.0875831485587583,0.1258946818292037,inf,-0.2062084257206209,0.4065596456151067,inf,0.002130333429386,8,0.00625,0.9875,not read,False
gpt-4o-2024-08-06 | 0.5 | NA | item-by-item | none,gut_diff | age,gut_diff,age,False,85,39,46,1.0,False,gpt-4o-2024-08-06,0.5,,item-by-item,none,-0.5909090909090908,,,True,False,undetermined,-1.2987750953461776,0.7101463328043716,3.412883562596672,0.25,True,False,no population gap,single df,0.1739130434782608,0.1223325473334224,inf,-0.294314381270903,0.4021533853962044,inf,0.0024350050364213,8,0.00625,0.9875,not read,False
gpt-4o-2024-08-06 | 0.5 | NA | scale-by-scale | extensive,bjw_score | political_identity,bjw_score,political_identity,True,85,11,53,1.0,False,gpt-4o-2024-08-06,0.5,,scale-by-scale,extensive,2.049858356940509,,,True,False,kept or steepened,-0.8247376275749545,6.879626135293655,1.2724204174935967,0.25,True,False,no population gap,single df,6.205831903945114,0.7755611319063634,inf,3.0274442538593505,1.5422882777520266,inf,0.2217649900593931,8,0.00625,0.9875,not read,False
gpt-4o-2024-08-06 | 0.5 | NA | scale-by-scale | extensive,bjw_score | sex,bjw_score,sex,True,85,62,23,1.0,False,gpt-4o-2024-08-06,0.5,,scale-by-scale,extensive,1.3518518518518503,,,True,False,undetermined,-3.4784932878944645,2.190975756337663,4.403411142197722,0.25,True,False,no population gap,single df,-0.8702664796633925,0.6334374306585485,inf,-0.6437587657784007,1.134935462177802,inf,0.0961687915574014,8,0.00625,0.9875,not read,False
gpt-4o-2024-08-06 | 0.5 | NA | scale-by-scale | extensive,bjw_score | education,bjw_score,education,True,85,41,44,1.0,False,gpt-4o-2024-08-06,0.5,,scale-by-scale,extensive,0.5632183908045965,,,True,False,undetermined,-3.51943020478364,1.8797406260696696,3.2928006013723343,0.25,True,False,no population gap,single df,-0.4617516629711744,0.6526317826622977,inf,-0.8198447893569849,1.080826157526246,inf,0.1800989152645504,8,0.00625,0.9875,not read,False
gpt-4o-2024-08-06 | 0.5 | NA | scale-by-scale | extensive,bjw_score | age,bjw_score,age,True,85,39,46,1.0,False,gpt-4o-2024-08-06,0.5,,scale-by-scale,extensive,-0.2448979591836745,,,True,False,undetermined,-3.6131660383299007,1.7558639201582196,2.89076823095069,0.25,True,False,no population gap,single df,0.2274247491638803,0.6551139142385035,inf,-0.9286510590858406,1.0747924452612447,inf,0.1769672860094376,8,0.00625,0.9875,not read,False
gpt-4o-2024-08-06 | 0.5 | NA | scale-by-scale | extensive,gut_diff | political_identity,gut_diff,political_identity,True,85,11,53,1.0,False,gpt-4o-2024-08-06,0.5,,scale-by-scale,extensive,2.912240184757505,,,True,False,kept or steepened,-1.0461630573376757,2.5315832974748966,2.4085752019119284,0.25,True,False,no population gap,single df,2.16295025728988,0.2778892026289171,inf,0.7427101200686106,0.7162066114260104,inf,0.0063776204561472,8,0.00625,0.9875,not read,False
gpt-4o-2024-08-06 | 0.5 | NA | scale-by-scale | extensive,gut_diff | sex,gut_diff,sex,True,85,62,23,1.0,False,gpt-4o-2024-08-06,0.5,,scale-by-scale,extensive,2.1232091690544403,,,True,False,undetermined,-1.5139845768883289,1.024503510969675,5.186080248260046,0.25,True,False,no population gap,single df,-0.5196353436185133,0.2569356380119635,inf,-0.2447405329593268,0.5081640147867098,inf,0.0115441244874057,8,0.00625,0.9875,not read,False
gpt-4o-2024-08-06 | 0.5 | NA | scale-by-scale | extensive,gut_diff | education,gut_diff,education,True,85,41,44,1.0,False,gpt-4o-2024-08-06,0.5,,scale-by-scale,extensive,0.7607526881720427,,,True,False,undetermined,-1.2216746800862492,0.8092578286450074,4.924465384074174,0.25,True,False,no population gap,single df,-0.1568736141906873,0.2694709469215701,inf,-0.2062084257206209,0.4065596456151067,inf,0.0114805336367226,8,0.00625,0.9875,not read,False
gpt-4o-2024-08-06 | 0.5 | NA | scale-by-scale | extensive,gut_diff | age,gut_diff,age,True,85,39,46,1.0,False,gpt-4o-2024-08-06,0.5,,scale-by-scale,extensive,0.0700757575757574,,,True,False,undetermined,-1.2987750953461776,0.7101463328043716,3.412883562596672,0.25,True,False,no population gap,single df,-0.0206243032329988,0.2707088534857517,inf,-0.294314381270903,0.4021533853962044,inf,0.0132392551026218,8,0.00625,0.9875,not read,False
gpt-4o-2024-08-06 | 0.5 | NA | scale-by-scale | minimal,bjw_score | political_identity,bjw_score,political_identity,False,85,11,53,1.0,False,gpt-4o-2024-08-06,0.5,,scale-by-scale,minimal,-0.073087818696884,,,True,False,undetermined,-0.8247376275749545,6.879626135293655,1.2724204174935967,0.25,True,False,no population gap,single df,-0.2212692967409957,0.604289300765594,inf,3.0274442538593505,1.5422882777520266,inf,0.1913253506221178,8,0.00625,0.9875,not read,False
gpt-4o-2024-08-06 | 0.5 | NA | scale-by-scale | minimal,bjw_score | sex,bjw_score,sex,True,85,62,23,1.0,False,gpt-4o-2024-08-06,0.5,,scale-by-scale,minimal,1.7701525054466245,,,True,False,undetermined,-3.4784932878944645,2.190975756337663,4.403411142197722,0.25,True,False,no population gap,single df,-1.1395511921458628,0.3794446372354561,inf,-0.6437587657784007,1.134935462177802,inf,-0.0476410040789411,8,0.00625,0.9875,not read,False
gpt-4o-2024-08-06 | 0.5 | NA | scale-by-scale | minimal,bjw_score | education,bjw_score,education,False,85,41,44,1.0,False,gpt-4o-2024-08-06,0.5,,scale-by-scale,minimal,-0.5442866801893158,,,True,False,undetermined,-3.51943020478364,1.8797406260696696,3.2928006013723343,0.25,True,False,no population gap,single df,0.4462305986696222,0.3120136373982491,inf,-0.8198447893569849,1.080826157526246,inf,-0.0022611716392293,8,0.00625,0.9875,not read,False
gpt-4o-2024-08-06 | 0.5 | NA | scale-by-scale | minimal,bjw_score | age,bjw_score,age,True,85,39,46,1.0,False,gpt-4o-2024-08-06,0.5,,scale-by-scale,minimal,-0.6002400960384173,,,True,False,undetermined,-3.6131660383299007,1.7558639201582196,2.89076823095069,0.25,True,False,no population gap,single df,0.5574136008918629,0.3143650145827215,inf,-0.9286510590858406,1.0747924452612447,inf,-0.0244736960902721,8,0.00625,0.9875,not read,False
gpt-4o-2024-08-06 | 0.5 | NA | scale-by-scale | minimal,gut_diff | political_identity,gut_diff,political_identity,False,85,11,53,1.0,False,gpt-4o-2024-08-06,0.5,,scale-by-scale,minimal,-0.6836027713625866,,,True,False,undetermined,-1.0461630573376757,2.5315832974748966,2.4085752019119284,0.25,True,False,no population gap,single df,-0.5077186963979416,0.2857137640894527,inf,0.7427101200686106,0.7162066114260104,inf,0.0255572680811339,8,0.00625,0.9875,not read,False
gpt-4o-2024-08-06 | 0.5 | NA | scale-by-scale | minimal,gut_diff | sex,gut_diff,sex,True,85,62,23,1.0,False,gpt-4o-2024-08-06,0.5,,scale-by-scale,minimal,1.0544412607449851,,,True,False,undetermined,-1.5139845768883289,1.024503510969675,5.186080248260046,0.25,True,False,no population gap,single df,-0.2580645161290322,0.1061484584410011,inf,-0.2447405329593268,0.5081640147867098,inf,0.0004330477111366,8,0.00625,0.9875,not read,False
gpt-4o-2024-08-06 | 0.5 | NA | scale-by-scale | minimal,gut_diff | education,gut_diff,education,False,85,41,44,1.0,False,gpt-4o-2024-08-06,0.5,,scale-by-scale,minimal,-0.3924731182795697,,,True,False,undetermined,-1.2216746800862492,0.8092578286450074,4.924465384074174,0.25,True,False,no population gap,single df,0.0809312638580931,0.1305561110146949,inf,-0.2062084257206209,0.4065596456151067,inf,0.0033829848715295,8,0.00625,0.9875,not read,False
gpt-4o-2024-08-06 | 0.5 | NA | scale-by-scale | minimal,gut_diff | age,gut_diff,age,True,85,39,46,1.0,False,gpt-4o-2024-08-06,0.5,,scale-by-scale,minimal,0.1060606060606062,,,True,False,undetermined,-1.2987750953461776,0.7101463328043716,3.412883562596672,0.25,True,False,no population gap,single df,-0.0312151616499443,0.130867451415417,inf,-0.294314381270903,0.4021533853962044,inf,0.0014916173771975,8,0.00625,0.9875,not read,False
gpt-4o-2024-08-06 | 0.5 | NA | scale-by-scale | none,bjw_score | political_identity,bjw_score,political_identity,False,85,11,53,1.0,False,gpt-4o-2024-08-06,0.5,,scale-by-scale,none,-0.0249291784702552,,,True,False,undetermined,-0.8247376275749545,6.879626135293655,1.2724204174935967,0.25,True,False,no population gap,single df,-0.0754716981132084,0.3517570727050058,inf,3.0274442538593505,1.5422882777520266,inf,-0.1717382772109664,8,0.00625,0.9875,not read,False
gpt-4o-2024-08-06 | 0.5 | NA | scale-by-scale | none,bjw_score | sex,bjw_score,sex,False,85,62,23,1.0,False,gpt-4o-2024-08-06,0.5,,scale-by-scale,none,0.2549019607843116,,,True,False,undetermined,-3.4784932878944645,2.190975756337663,4.403411142197722,0.25,True,False,no population gap,single df,-0.1640953716690028,0.3795929980434061,inf,-0.6437587657784007,1.134935462177802,inf,-0.021694104328436,8,0.00625,0.9875,not read,False
gpt-4o-2024-08-06 | 0.5 | NA | scale-by-scale | none,bjw_score | education,bjw_score,education,False,85,41,44,1.0,False,gpt-4o-2024-08-06,0.5,,scale-by-scale,none,0.1027721433400964,,,True,False,undetermined,-3.51943020478364,1.8797406260696696,3.2928006013723343,0.25,True,False,no population gap,single df,-0.0842572062084272,0.315787207567561,inf,-0.8198447893569849,1.080826157526246,inf,-0.0166016315681348,8,0.00625,0.9875,not read,False
gpt-4o-2024-08-06 | 0.5 | NA | scale-by-scale | none,bjw_score | age,bjw_score,age,False,85,39,46,1.0,False,gpt-4o-2024-08-06,0.5,,scale-by-scale,none,-0.5354141656662641,,,True,False,undetermined,-3.6131660383299007,1.7558639201582196,2.89076823095069,0.25,True,False,no population gap,single df,0.4972129319955378,0.310301134461256,inf,-0.9286510590858406,1.0747924452612447,inf,-0.0099140434344641,8,0.00625,0.9875,not read,False
gpt-4o-2024-08-06 | 0.5 | NA | scale-by-scale | none,gut_diff | political_identity,gut_diff,political_identity,False,85,11,53,1.0,False,gpt-4o-2024-08-06,0.5,,scale-by-scale,none,0.0,,,True,False,undetermined,-1.0461630573376757,2.5315832974748966,2.4085752019119284,0.25,True,False,no population gap,single df,0.0,0.0,inf,0.7427101200686106,0.7162066114260104,inf,0.0,8,0.00625,0.9875,not read,False
gpt-4o-2024-08-06 | 0.5 | NA | scale-by-scale | none,gut_diff | sex,gut_diff,sex,False,85,62,23,1.0,False,gpt-4o-2024-08-06,0.5,,scale-by-scale,none,0.1117478510028652,,,True,False,undetermined,-1.5139845768883289,1.024503510969675,5.186080248260046,0.25,True,False,no population gap,single df,-0.0273492286115006,0.0451178052547783,inf,-0.2447405329593268,0.5081640147867098,inf,-0.0017240331457118,8,0.00625,0.9875,not read,False
gpt-4o-2024-08-06 | 0.5 | NA | scale-by-scale | none,gut_diff | education,gut_diff,education,False,85,41,44,1.0,False,gpt-4o-2024-08-06,0.5,,scale-by-scale,none,0.2204301075268814,,,True,False,undetermined,-1.2216746800862492,0.8092578286450074,4.924465384074174,0.25,True,False,no population gap,single df,-0.0454545454545454,0.0314940401448517,inf,-0.2062084257206209,0.4065596456151067,inf,0.0001987017404147,8,0.00625,0.9875,not read,False
gpt-4o-2024-08-06 | 0.5 | NA | scale-by-scale | none,gut_diff | age,gut_diff,age,False,85,39,46,1.0,False,gpt-4o-2024-08-06,0.5,,scale-by-scale,none,-0.0132575757575751,,,True,False,undetermined,-1.2987750953461776,0.7101463328043716,3.412883562596672,0.25,True,False,no population gap,single df,0.0039018952062428,0.0328127995806798,inf,-0.294314381270903,0.4021533853962044,inf,-0.000237437666339,8,0.00625,0.9875,not read,False
gpt-4o-2024-08-06 | 1 | NA | all-at-once | extensive,bjw_score | political_identity,bjw_score,political_identity,True,85,11,53,1.0,False,gpt-4o-2024-08-06,1.0,,all-at-once,extensive,1.5144475920679876,,,True,False,undetermined,-0.8247376275749545,6.879626135293655,1.2724204174935967,0.25,True,False,no population gap,single df,4.584905660377359,1.1049562746899495,inf,3.0274442538593505,1.5422882777520266,inf,0.2995571924158926,8,0.00625,0.9875,not read,False
gpt-4o-2024-08-06 | 1 | NA | all-at-once | extensive,bjw_score | sex,bjw_score,sex,True,85,62,23,1.0,False,gpt-4o-2024-08-06,1.0,,all-at-once,extensive,1.1100217864923734,,,True,False,undetermined,-3.4784932878944645,2.190975756337663,4.403411142197722,0.25,True,False,no population gap,single df,-0.7145862552594657,0.6409170237281135,inf,-0.6437587657784007,1.134935462177802,inf,0.0577398440992849,8,0.00625,0.9875,not read,False
gpt-4o-2024-08-06 | 1 | NA | all-at-once | extensive,bjw_score | education,bjw_score,education,True,85,41,44,1.0,False,gpt-4o-2024-08-06,1.0,,all-at-once,extensive,0.8532792427315745,,,True,False,undetermined,-3.51943020478364,1.8797406260696696,3.2928006013723343,0.25,True,False,no population gap,single df,-0.6995565410199553,0.6935057544447499,inf,-0.8198447893569849,1.080826157526246,inf,0.1635988865366107,8,0.00625,0.9875,not read,False
gpt-4o-2024-08-06 | 1 | NA | all-at-once | extensive,bjw_score | age,bjw_score,age,True,85,39,46,1.0,False,gpt-4o-2024-08-06,1.0,,all-at-once,extensive,-0.4093637454982018,,,True,False,undetermined,-3.6131660383299007,1.7558639201582196,2.89076823095069,0.25,True,False,no population gap,single df,0.3801560758082516,0.688147811694253,inf,-0.9286510590858406,1.0747924452612447,inf,0.1545631786569143,8,0.00625,0.9875,not read,False
gpt-4o-2024-08-06 | 1 | NA | all-at-once | extensive,gut_diff | political_identity,gut_diff,political_identity,True,85,11,53,1.0,False,gpt-4o-2024-08-06,1.0,,all-at-once,extensive,2.655889145496536,,,True,False,kept or steepened,-1.0461630573376757,2.5315832974748966,2.4085752019119284,0.25,True,False,no population gap,single df,1.972555746140652,0.393880596883752,inf,0.7427101200686106,0.7162066114260104,inf,0.0828865820475303,8,0.00625,0.9875,not read,False
gpt-4o-2024-08-06 | 1 | NA | all-at-once | extensive,gut_diff | sex,gut_diff,sex,True,85,62,23,1.0,False,gpt-4o-2024-08-06,1.0,,all-at-once,extensive,1.4269340974212033,,,True,False,undetermined,-1.5139845768883289,1.024503510969675,5.186080248260046,0.25,True,False,no population gap,single df,-0.3492286115007013,0.2638648347614791,inf,-0.2447405329593268,0.5081640147867098,inf,-0.0267674095057628,8,0.00625,0.9875,not read,False
gpt-4o-2024-08-06 | 1 | NA | all-at-once | extensive,gut_diff | education,gut_diff,education,True,85,41,44,1.0,False,gpt-4o-2024-08-06,1.0,,all-at-once,extensive,0.7231182795698923,,,True,False,undetermined,-1.2216746800862492,0.8092578286450074,4.924465384074174,0.25,True,False,no population gap,single df,-0.1491130820399113,0.2740875452805293,inf,-0.2062084257206209,0.4065596456151067,inf,-0.005142823965722,8,0.00625,0.9875,not read,False
gpt-4o-2024-08-06 | 1 | NA | all-at-once | extensive,gut_diff | age,gut_diff,age,True,85,39,46,1.0,False,gpt-4o-2024-08-06,1.0,,all-at-once,extensive,-0.3674242424242424,,,True,False,undetermined,-1.2987750953461776,0.7101463328043716,3.412883562596672,0.25,True,False,no population gap,single df,0.1081382385730211,0.276704738901153,inf,-0.294314381270903,0.4021533853962044,inf,-0.0033424353423195,8,0.00625,0.9875,not read,False
gpt-4o-2024-08-06 | 1 | NA | all-at-once | minimal,bjw_score | political_identity,bjw_score,political_identity,False,85,11,53,1.0,False,gpt-4o-2024-08-06,1.0,,all-at-once,minimal,0.0991501416430603,,,True,False,undetermined,-0.8247376275749545,6.879626135293655,1.2724204174935967,0.25,True,False,no population gap,single df,0.3001715265866238,0.6522984601023809,inf,3.0274442538593505,1.5422882777520266,inf,0.0104473172962564,8,0.00625,0.9875,not read,False
gpt-4o-2024-08-06 | 1 | NA | all-at-once | minimal,bjw_score | sex,bjw_score,sex,True,85,62,23,1.0,False,gpt-4o-2024-08-06,1.0,,all-at-once,minimal,-0.2559912854030506,,,True,False,undetermined,-3.4784932878944645,2.190975756337663,4.403411142197722,0.25,True,False,no population gap,single df,0.1647966339410942,0.4388425997787062,inf,-0.6437587657784007,1.134935462177802,inf,-0.1067101429625147,8,0.00625,0.9875,not read,False
gpt-4o-2024-08-06 | 1 | NA | all-at-once | minimal,bjw_score | education,bjw_score,education,False,85,41,44,1.0,False,gpt-4o-2024-08-06,1.0,,all-at-once,minimal,-0.4563894523326579,,,True,False,undetermined,-3.51943020478364,1.8797406260696696,3.2928006013723343,0.25,True,False,no population gap,single df,0.3741685144124176,0.3927639453545736,inf,-0.8198447893569849,1.080826157526246,inf,0.0110890770372353,8,0.00625,0.9875,not read,False
gpt-4o-2024-08-06 | 1 | NA | all-at-once | minimal,bjw_score | age,bjw_score,age,True,85,39,46,1.0,False,gpt-4o-2024-08-06,1.0,,all-at-once,minimal,-0.282112845138053,,,True,False,undetermined,-3.6131660383299007,1.7558639201582196,2.89076823095069,0.25,True,False,no population gap,single df,0.2619843924191727,0.3962925811243534,inf,-0.9286510590858406,1.0747924452612447,inf,0.0451169838058119,8,0.00625,0.9875,not read,False
gpt-4o-2024-08-06 | 1 | NA | all-at-once | minimal,gut_diff | political_identity,gut_diff,political_identity,False,85,11,53,1.0,False,gpt-4o-2024-08-06,1.0,,all-at-once,minimal,0.7875288683602771,,,True,False,undetermined,-1.0461630573376757,2.5315832974748966,2.4085752019119284,0.25,True,False,no population gap,single df,0.5849056603773585,0.2648554044889427,inf,0.7427101200686106,0.7162066114260104,inf,-0.000956488610052,8,0.00625,0.9875,not read,False
gpt-4o-2024-08-06 | 1 | NA | all-at-once | minimal,gut_diff | sex,gut_diff,sex,True,85,62,23,1.0,False,gpt-4o-2024-08-06,1.0,,all-at-once,minimal,-1.1489971346704868,,,True,False,undetermined,-1.5139845768883289,1.024503510969675,5.186080248260046,0.25,True,False,no population gap,single df,0.2812061711079944,0.2262528990510524,inf,-0.2447405329593268,0.5081640147867098,inf,0.0207741899350104,8,0.00625,0.9875,not read,False
gpt-4o-2024-08-06 | 1 | NA | all-at-once | minimal,gut_diff | education,gut_diff,education,False,85,41,44,1.0,False,gpt-4o-2024-08-06,1.0,,all-at-once,minimal,-0.7607526881720427,,,True,False,undetermined,-1.2216746800862492,0.8092578286450074,4.924465384074174,0.25,True,False,no population gap,single df,0.1568736141906873,0.1933605716469512,inf,-0.2062084257206209,0.4065596456151067,inf,0.0030430600631871,8,0.00625,0.9875,not read,False
gpt-4o-2024-08-06 | 1 | NA | all-at-once | minimal,gut_diff | age,gut_diff,age,True,85,39,46,1.0,False,gpt-4o-2024-08-06,1.0,,all-at-once,minimal,-0.0700757575757576,,,True,False,undetermined,-1.2987750953461776,0.7101463328043716,3.412883562596672,0.25,True,False,no population gap,single df,0.0206243032329989,0.1948877030790892,inf,-0.294314381270903,0.4021533853962044,inf,0.0055355269031548,8,0.00625,0.9875,not read,False
gpt-4o-2024-08-06 | 1 | NA | all-at-once | none,bjw_score | political_identity,bjw_score,political_identity,False,85,11,53,1.0,False,gpt-4o-2024-08-06,1.0,,all-at-once,none,0.0118980169971676,,,True,False,undetermined,-0.8247376275749545,6.879626135293655,1.2724204174935967,0.25,True,False,no population gap,single df,0.0360205831903961,0.6003753004186725,inf,3.0274442538593505,1.5422882777520266,inf,0.0565808006631083,8,0.00625,0.9875,not read,False
gpt-4o-2024-08-06 | 1 | NA | all-at-once | none,bjw_score | sex,bjw_score,sex,False,85,62,23,1.0,False,gpt-4o-2024-08-06,1.0,,all-at-once,none,-0.4520697167756002,,,True,False,undetermined,-3.4784932878944645,2.190975756337663,4.403411142197722,0.25,True,False,no population gap,single df,0.2910238429172516,0.4480871169347956,inf,-0.6437587657784007,1.134935462177802,inf,0.0305679842672707,8,0.00625,0.9875,not read,False
gpt-4o-2024-08-06 | 1 | NA | all-at-once | none,bjw_score | education,bjw_score,education,False,85,41,44,1.0,False,gpt-4o-2024-08-06,1.0,,all-at-once,none,-0.0845165652467894,,,True,False,undetermined,-3.51943020478364,1.8797406260696696,3.2928006013723343,0.25,True,False,no population gap,single df,0.0692904656319299,0.4408575951838945,inf,-0.8198447893569849,1.080826157526246,inf,-0.0408880868492972,8,0.00625,0.9875,not read,False
gpt-4o-2024-08-06 | 1 | NA | all-at-once | none,bjw_score | age,bjw_score,age,False,85,39,46,1.0,False,gpt-4o-2024-08-06,1.0,,all-at-once,none,-0.2430972388955582,,,True,False,undetermined,-3.6131660383299007,1.7558639201582196,2.89076823095069,0.25,True,False,no population gap,single df,0.2257525083612037,0.4328318955688999,inf,-0.9286510590858406,1.0747924452612447,inf,-0.0238293602685374,8,0.00625,0.9875,not read,False
gpt-4o-2024-08-06 | 1 | NA | all-at-once | none,gut_diff | political_identity,gut_diff,political_identity,False,85,11,53,1.0,False,gpt-4o-2024-08-06,1.0,,all-at-once,none,-0.0069284064665126,,,True,False,undetermined,-1.0461630573376757,2.5315832974748966,2.4085752019119284,0.25,True,False,no population gap,single df,-0.0051457975986277,0.2809669985329246,inf,0.7427101200686106,0.7162066114260104,inf,-0.0245734820934839,8,0.00625,0.9875,not read,False
gpt-4o-2024-08-06 | 1 | NA | all-at-once | none,gut_diff | sex,gut_diff,sex,False,85,62,23,1.0,False,gpt-4o-2024-08-06,1.0,,all-at-once,none,-0.5243553008595991,,,True,False,undetermined,-1.5139845768883289,1.024503510969675,5.186080248260046,0.25,True,False,no population gap,single df,0.1283309957924264,0.2209426762650513,inf,-0.2447405329593268,0.5081640147867098,inf,-0.0011727092140148,8,0.00625,0.9875,not read,False
gpt-4o-2024-08-06 | 1 | NA | all-at-once | none,gut_diff | education,gut_diff,education,False,85,41,44,1.0,False,gpt-4o-2024-08-06,1.0,,all-at-once,none,-0.4543010752688168,,,True,False,undetermined,-1.2216746800862492,0.8092578286450074,4.924465384074174,0.25,True,False,no population gap,single df,0.093680709534368,0.1941170728343281,inf,-0.2062084257206209,0.4065596456151067,inf,0.0020534686843173,8,0.00625,0.9875,not read,False
gpt-4o-2024-08-06 | 1 | NA | all-at-once | none,gut_diff | age,gut_diff,age,False,85,39,46,1.0,False,gpt-4o-2024-08-06,1.0,,all-at-once,none,-1.337121212121212,,,True,False,undetermined,-1.2987750953461776,0.7101463328043716,3.412883562596672,0.25,True,False,no population gap,single df,0.3935340022296544,0.1842650016390099,inf,-0.294314381270903,0.4021533853962044,inf,0.0039681454828987,8,0.00625,0.9875,not read,False
gpt-4o-2024-08-06 | 1 | NA | item-by-item | extensive,bjw_score | political_identity,bjw_score,political_identity,True,85,11,53,1.0,False,gpt-4o-2024-08-06,1.0,,item-by-item,extensive,2.475920679886684,,,True,False,kept or steepened,-0.8247376275749545,6.879626135293655,1.2724204174935967,0.25,True,False,no population gap,single df,7.495711835334475,0.9151850821163622,inf,3.0274442538593505,1.5422882777520266,inf,0.5253971210150006,8,0.00625,0.9875,not read,False
gpt-4o-2024-08-06 | 1 | NA | item-by-item | extensive,bjw_score | sex,bjw_score,sex,True,85,62,23,1.0,False,gpt-4o-2024-08-06,1.0,,item-by-item,extensive,0.7766884531590419,,,True,False,undetermined,-3.4784932878944645,2.190975756337663,4.403411142197722,0.25,True,False,no population gap,single df,-0.5,0.7911344132483533,inf,-0.6437587657784007,1.134935462177802,inf,0.2364805406829035,8,0.00625,0.9875,not read,False
gpt-4o-2024-08-06 | 1 | NA | item-by-item | extensive,bjw_score | education,bjw_score,education,True,85,41,44,1.0,False,gpt-4o-2024-08-06,1.0,,item-by-item,extensive,1.1521298174442194,,,True,False,undetermined,-3.51943020478364,1.8797406260696696,3.2928006013723343,0.25,True,False,no population gap,single df,-0.9445676274944574,0.8097979533165933,inf,-0.8198447893569849,1.080826157526246,inf,0.2980894976767997,8,0.00625,0.9875,not read,False
gpt-4o-2024-08-06 | 1 | NA | item-by-item | extensive,bjw_score | age,bjw_score,age,True,85,39,46,1.0,False,gpt-4o-2024-08-06,1.0,,item-by-item,extensive,-0.1134453781512633,,,True,False,undetermined,-3.6131660383299007,1.7558639201582196,2.89076823095069,0.25,True,False,no population gap,single df,0.1053511705685643,0.8252972439204935,inf,-0.9286510590858406,1.0747924452612447,inf,0.2721272167304053,8,0.00625,0.9875,not read,False
gpt-4o-2024-08-06 | 1 | NA | item-by-item | extensive,gut_diff | political_identity,gut_diff,political_identity,True,85,11,53,1.0,False,gpt-4o-2024-08-06,1.0,,item-by-item,extensive,2.995381062355658,,,True,False,undetermined,-1.0461630573376757,2.5315832974748966,2.4085752019119284,0.25,True,False,no population gap,single df,2.224699828473413,0.371182254919437,inf,0.7427101200686106,0.7162066114260104,inf,-0.0533827894996969,8,0.00625,0.9875,not read,False
gpt-4o-2024-08-06 | 1 | NA | item-by-item | extensive,gut_diff | sex,gut_diff,sex,True,85,62,23,1.0,False,gpt-4o-2024-08-06,1.0,,item-by-item,extensive,2.530085959885386,,,True,False,undetermined,-1.5139845768883289,1.024503510969675,5.186080248260046,0.25,True,False,no population gap,single df,-0.6192145862552594,0.265375049078161,inf,-0.2447405329593268,0.5081640147867098,inf,0.0024303588109144,8,0.00625,0.9875,not read,False
gpt-4o-2024-08-06 | 1 | NA | item-by-item | extensive,gut_diff | education,gut_diff,education,True,85,41,44,1.0,False,gpt-4o-2024-08-06,1.0,,item-by-item,extensive,-0.6747311827956988,,,True,False,undetermined,-1.2216746800862492,0.8092578286450074,4.924465384074174,0.25,True,False,no population gap,single df,0.1391352549889135,0.3005968217864749,inf,-0.2062084257206209,0.4065596456151067,inf,0.0097028483808808,8,0.00625,0.9875,not read,False
gpt-4o-2024-08-06 | 1 | NA | item-by-item | extensive,gut_diff | age,gut_diff,age,True,85,39,46,1.0,False,gpt-4o-2024-08-06,1.0,,item-by-item,extensive,-0.6799242424242423,,,True,False,undetermined,-1.2987750953461776,0.7101463328043716,3.412883562596672,0.25,True,False,no population gap,single df,0.2001114827201783,0.3039059196033065,inf,-0.294314381270903,0.4021533853962044,inf,0.0112167155203145,8,0.00625,0.9875,not read,False
gpt-4o-2024-08-06 | 1 | NA | item-by-item | minimal,bjw_score | political_identity,bjw_score,political_identity,False,85,11,53,1.0,False,gpt-4o-2024-08-06,1.0,,item-by-item,minimal,0.2906515580736547,,,True,False,undetermined,-0.8247376275749545,6.879626135293655,1.2724204174935967,0.25,True,False,no population gap,single df,0.8799313893653533,0.5356227870975744,inf,3.0274442538593505,1.5422882777520266,inf,-0.1444774428913779,8,0.00625,0.9875,not read,False
gpt-4o-2024-08-06 | 1 | NA | item-by-item | minimal,bjw_score | sex,bjw_score,sex,True,85,62,23,1.0,False,gpt-4o-2024-08-06,1.0,,item-by-item,minimal,1.0773420479302864,,,True,False,undetermined,-3.4784932878944645,2.190975756337663,4.403411142197722,0.25,True,False,no population gap,single df,-0.6935483870967758,0.450751672226665,inf,-0.6437587657784007,1.134935462177802,inf,-0.0202059064814147,8,0.00625,0.9875,not read,False
gpt-4o-2024-08-06 | 1 | NA | item-by-item | minimal,bjw_score | education,bjw_score,education,False,85,41,44,1.0,False,gpt-4o-2024-08-06,1.0,,item-by-item,minimal,-0.9621365787694386,,,True,False,undetermined,-3.51943020478364,1.8797406260696696,3.2928006013723343,0.25,True,False,no population gap,single df,0.7888026607538805,0.3696148936109959,inf,-0.8198447893569849,1.080826157526246,inf,0.0395876279469004,8,0.00625,0.9875,not read,False
gpt-4o-2024-08-06 | 1 | NA | item-by-item | minimal,bjw_score | age,bjw_score,age,True,85,39,46,1.0,False,gpt-4o-2024-08-06,1.0,,item-by-item,minimal,-0.0882352941176501,,,True,False,undetermined,-3.6131660383299007,1.7558639201582196,2.89076823095069,0.25,True,False,no population gap,single df,0.0819397993311064,0.3762908011951146,inf,-0.9286510590858406,1.0747924452612447,inf,0.0183767366255202,8,0.00625,0.9875,not read,False
gpt-4o-2024-08-06 | 1 | NA | item-by-item | minimal,gut_diff | political_identity,gut_diff,political_identity,False,85,11,53,1.0,False,gpt-4o-2024-08-06,1.0,,item-by-item,minimal,0.5080831408775982,,,True,False,undetermined,-1.0461630573376757,2.5315832974748966,2.4085752019119284,0.25,True,False,no population gap,single df,0.3773584905660377,0.2764379458791218,inf,0.7427101200686106,0.7162066114260104,inf,-0.0655362904107103,8,0.00625,0.9875,not read,False
gpt-4o-2024-08-06 | 1 | NA | item-by-item | minimal,gut_diff | sex,gut_diff,sex,True,85,62,23,1.0,False,gpt-4o-2024-08-06,1.0,,item-by-item,minimal,0.5415472779369627,,,True,False,undetermined,-1.5139845768883289,1.024503510969675,5.186080248260046,0.25,True,False,no population gap,single df,-0.1325385694249649,0.2148420658659821,inf,-0.2447405329593268,0.5081640147867098,inf,-0.0434826622509927,8,0.00625,0.9875,not read,False
gpt-4o-2024-08-06 | 1 | NA | item-by-item | minimal,gut_diff | education,gut_diff,education,False,85,41,44,1.0,False,gpt-4o-2024-08-06,1.0,,item-by-item,minimal,1.349462365591397,,,True,False,undetermined,-1.2216746800862492,0.8092578286450074,4.924465384074174,0.25,True,False,no population gap,single df,-0.278270509977827,0.2118519567573778,inf,-0.2062084257206209,0.4065596456151067,inf,-0.0123563796568029,8,0.00625,0.9875,not read,False
gpt-4o-2024-08-06 | 1 | NA | item-by-item | minimal,gut_diff | age,gut_diff,age,True,85,39,46,1.0,False,gpt-4o-2024-08-06,1.0,,item-by-item,minimal,0.5549242424242423,,,True,False,undetermined,-1.2987750953461776,0.7101463328043716,3.412883562596672,0.25,True,False,no population gap,single df,-0.1633221850613155,0.2261637034766604,inf,-0.294314381270903,0.4021533853962044,inf,-0.017701280551536,8,0.00625,0.9875,not read,False
gpt-4o-2024-08-06 | 1 | NA | item-by-item | none,bjw_score | political_identity,bjw_score,political_identity,False,85,11,53,1.0,False,gpt-4o-2024-08-06,1.0,,item-by-item,none,0.3858356940509914,,,True,False,undetermined,-0.8247376275749545,6.879626135293655,1.2724204174935967,0.25,True,False,no population gap,single df,1.1680960548885082,0.6271720627162106,inf,3.0274442538593505,1.5422882777520266,inf,-0.1477580742235666,8,0.00625,0.9875,not read,False
gpt-4o-2024-08-06 | 1 | NA | item-by-item | none,bjw_score | sex,bjw_score,sex,False,85,62,23,1.0,False,gpt-4o-2024-08-06,1.0,,item-by-item,none,-0.5697167755991299,,,True,False,undetermined,-3.4784932878944645,2.190975756337663,4.403411142197722,0.25,True,False,no population gap,single df,0.366760168302946,0.5204335277529262,inf,-0.6437587657784007,1.134935462177802,inf,-0.0439080954140091,8,0.00625,0.9875,not read,False
gpt-4o-2024-08-06 | 1 | NA | item-by-item | none,bjw_score | education,bjw_score,education,False,85,41,44,1.0,False,gpt-4o-2024-08-06,1.0,,item-by-item,none,0.4604462474645,,,True,False,undetermined,-3.51943020478364,1.8797406260696696,3.2928006013723343,0.25,True,False,no population gap,single df,-0.3774944567627472,0.4560731145330792,inf,-0.8198447893569849,1.080826157526246,inf,-0.0240905840265224,8,0.00625,0.9875,not read,False
gpt-4o-2024-08-06 | 1 | NA | item-by-item | none,bjw_score | age,bjw_score,age,False,85,39,46,1.0,False,gpt-4o-2024-08-06,1.0,,item-by-item,none,-0.0666266506602657,,,True,False,undetermined,-3.6131660383299007,1.7558639201582196,2.89076823095069,0.25,True,False,no population gap,single df,0.061872909698998,0.4510672477854138,inf,-0.9286510590858406,1.0747924452612447,inf,0.0103177700460431,8,0.00625,0.9875,not read,False
gpt-4o-2024-08-06 | 1 | NA | item-by-item | none,gut_diff | political_identity,gut_diff,political_identity,False,85,11,53,1.0,False,gpt-4o-2024-08-06,1.0,,item-by-item,none,0.1824480369515011,,,True,False,undetermined,-1.0461630573376757,2.5315832974748966,2.4085752019119284,0.25,True,False,no population gap,single df,0.1355060034305317,0.4644690368227789,inf,0.7427101200686106,0.7162066114260104,inf,-0.1336323636611138,8,0.00625,0.9875,not read,False
gpt-4o-2024-08-06 | 1 | NA | item-by-item | none,gut_diff | sex,gut_diff,sex,False,85,62,23,1.0,False,gpt-4o-2024-08-06,1.0,,item-by-item,none,-1.3352435530085958,,,True,False,undetermined,-1.5139845768883289,1.024503510969675,5.186080248260046,0.25,True,False,no population gap,single df,0.3267882187938289,0.2581639150767825,inf,-0.2447405329593268,0.5081640147867098,inf,0.0176926478755956,8,0.00625,0.9875,not read,False
gpt-4o-2024-08-06 | 1 | NA | item-by-item | none,gut_diff | education,gut_diff,education,False,85,41,44,1.0,False,gpt-4o-2024-08-06,1.0,,item-by-item,none,0.1666666666666667,,,True,False,undetermined,-1.2216746800862492,0.8092578286450074,4.924465384074174,0.25,True,False,no population gap,single df,-0.0343680709534368,0.2457349939093334,inf,-0.2062084257206209,0.4065596456151067,inf,0.0047448643597154,8,0.00625,0.9875,not read,False
gpt-4o-2024-08-06 | 1 | NA | item-by-item | none,gut_diff | age,gut_diff,age,False,85,39,46,1.0,False,gpt-4o-2024-08-06,1.0,,item-by-item,none,0.0056818181818181,,,True,False,undetermined,-1.2987750953461776,0.7101463328043716,3.412883562596672,0.25,True,False,no population gap,single df,-0.0016722408026755,0.2446978463059773,inf,-0.294314381270903,0.4021533853962044,inf,0.0043202088853463,8,0.00625,0.9875,not read,False
gpt-4o-2024-08-06 | 1 | NA | scale-by-scale | extensive,bjw_score | political_identity,bjw_score,political_identity,True,85,11,53,1.0,False,gpt-4o-2024-08-06,1.0,,scale-by-scale,extensive,2.016997167138809,,,True,False,undetermined,-0.8247376275749545,6.879626135293655,1.2724204174935967,0.25,True,False,no population gap,single df,6.106346483704975,0.9734362008805726,inf,3.0274442538593505,1.5422882777520266,inf,-0.203268875509148,8,0.00625,0.9875,not read,False
gpt-4o-2024-08-06 | 1 | NA | scale-by-scale | extensive,bjw_score | sex,bjw_score,sex,True,85,62,23,1.0,False,gpt-4o-2024-08-06,1.0,,scale-by-scale,extensive,1.6503267973856222,,,True,False,undetermined,-3.4784932878944645,2.190975756337663,4.403411142197722,0.25,True,False,no population gap,single df,-1.062412342215989,0.6071482048228233,inf,-0.6437587657784007,1.134935462177802,inf,0.1136870967698267,8,0.00625,0.9875,not read,False
gpt-4o-2024-08-06 | 1 | NA | scale-by-scale | extensive,bjw_score | education,bjw_score,education,True,85,41,44,1.0,False,gpt-4o-2024-08-06,1.0,,scale-by-scale,extensive,0.3279242731575394,,,True,False,undetermined,-3.51943020478364,1.8797406260696696,3.2928006013723343,0.25,True,False,no population gap,single df,-0.2688470066518853,0.6937445971863934,inf,-0.8198447893569849,1.080826157526246,inf,0.1939897187964871,8,0.00625,0.9875,not read,False
gpt-4o-2024-08-06 | 1 | NA | scale-by-scale | extensive,bjw_score | age,bjw_score,age,True,85,39,46,1.0,False,gpt-4o-2024-08-06,1.0,,scale-by-scale,extensive,-0.4261704681872748,,,True,False,undetermined,-3.6131660383299007,1.7558639201582196,2.89076823095069,0.25,True,False,no population gap,single df,0.3957636566332212,0.694696864188907,inf,-0.9286510590858406,1.0747924452612447,inf,0.1831461658539002,8,0.00625,0.9875,not read,False
gpt-4o-2024-08-06 | 1 | NA | scale-by-scale | extensive,gut_diff | political_identity,gut_diff,political_identity,True,85,11,53,1.0,False,gpt-4o-2024-08-06,1.0,,scale-by-scale,extensive,2.799076212471132,,,True,False,kept or steepened,-1.0461630573376757,2.5315832974748966,2.4085752019119284,0.25,True,False,no population gap,single df,2.0789022298456263,0.2139447316745627,inf,0.7427101200686106,0.7162066114260104,inf,-0.0075459886518924,8,0.00625,0.9875,not read,False
gpt-4o-2024-08-06 | 1 | NA | scale-by-scale | extensive,gut_diff | sex,gut_diff,sex,True,85,62,23,1.0,False,gpt-4o-2024-08-06,1.0,,scale-by-scale,extensive,0.965616045845272,,,True,False,undetermined,-1.5139845768883289,1.024503510969675,5.186080248260046,0.25,True,False,no population gap,single df,-0.2363253856942496,0.2750986028057086,inf,-0.2447405329593268,0.5081640147867098,inf,-0.0027707340005444,8,0.00625,0.9875,not read,False
gpt-4o-2024-08-06 | 1 | NA | scale-by-scale | extensive,gut_diff | education,gut_diff,education,True,85,41,44,1.0,False,gpt-4o-2024-08-06,1.0,,scale-by-scale,extensive,-0.1048387096774192,,,True,False,undetermined,-1.2216746800862492,0.8092578286450074,4.924465384074174,0.25,True,False,no population gap,single df,0.0216186252771618,0.2597736204745218,inf,-0.2062084257206209,0.4065596456151067,inf,-0.0027623590194863,8,0.00625,0.9875,not read,False
gpt-4o-2024-08-06 | 1 | NA | scale-by-scale | extensive,gut_diff | age,gut_diff,age,True,85,39,46,1.0,False,gpt-4o-2024-08-06,1.0,,scale-by-scale,extensive,-0.4943181818181818,,,True,False,undetermined,-1.2987750953461776,0.7101463328043716,3.412883562596672,0.25,True,False,no population gap,single df,0.1454849498327759,0.257814759560334,inf,-0.294314381270903,0.4021533853962044,inf,-0.0028286329977582,8,0.00625,0.9875,not read,False
gpt-4o-2024-08-06 | 1 | NA | scale-by-scale | minimal,bjw_score | political_identity,bjw_score,political_identity,False,85,11,53,1.0,False,gpt-4o-2024-08-06,1.0,,scale-by-scale,minimal,-0.3201133144475919,,,True,False,undetermined,-0.8247376275749545,6.879626135293655,1.2724204174935967,0.25,True,False,no population gap,single df,-0.9691252144082334,0.81403824555032,inf,3.0274442538593505,1.5422882777520266,inf,0.1435238142835345,8,0.00625,0.9875,not read,False
gpt-4o-2024-08-06 | 1 | NA | scale-by-scale | minimal,bjw_score | sex,bjw_score,sex,True,85,62,23,1.0,False,gpt-4o-2024-08-06,1.0,,scale-by-scale,minimal,0.1427015250544658,,,True,False,undetermined,-3.4784932878944645,2.190975756337663,4.403411142197722,0.25,True,False,no population gap,single df,-0.0918653576437584,0.5216345378850908,inf,-0.6437587657784007,1.134935462177802,inf,-0.0177066473375765,8,0.00625,0.9875,not read,False
gpt-4o-2024-08-06 | 1 | NA | scale-by-scale | minimal,bjw_score | education,bjw_score,education,False,85,41,44,1.0,False,gpt-4o-2024-08-06,1.0,,scale-by-scale,minimal,-0.4002704530087895,,,True,False,undetermined,-3.51943020478364,1.8797406260696696,3.2928006013723343,0.25,True,False,no population gap,single df,0.3281596452328159,0.4196566546091074,inf,-0.8198447893569849,1.080826157526246,inf,-0.0461667197237612,8,0.00625,0.9875,not read,False
gpt-4o-2024-08-06 | 1 | NA | scale-by-scale | minimal,bjw_score | age,bjw_score,age,True,85,39,46,1.0,False,gpt-4o-2024-08-06,1.0,,scale-by-scale,minimal,0.106242496998798,,,True,False,undetermined,-3.6131660383299007,1.7558639201582196,2.89076823095069,0.25,True,False,no population gap,single df,-0.098662207357858,0.4239679654945754,inf,-0.9286510590858406,1.0747924452612447,inf,-0.0264719926589697,8,0.00625,0.9875,not read,False
gpt-4o-2024-08-06 | 1 | NA | scale-by-scale | minimal,gut_diff | political_identity,gut_diff,political_identity,False,85,11,53,1.0,False,gpt-4o-2024-08-06,1.0,,scale-by-scale,minimal,0.4318706697459585,,,True,False,undetermined,-1.0461630573376757,2.5315832974748966,2.4085752019119284,0.25,True,False,no population gap,single df,0.3207547169811321,0.1115566068881092,inf,0.7427101200686106,0.7162066114260104,inf,0.0020341513651278,8,0.00625,0.9875,not read,False
gpt-4o-2024-08-06 | 1 | NA | scale-by-scale | minimal,gut_diff | sex,gut_diff,sex,True,85,62,23,1.0,False,gpt-4o-2024-08-06,1.0,,scale-by-scale,minimal,0.449856733524355,,,True,False,undetermined,-1.5139845768883289,1.024503510969675,5.186080248260046,0.25,True,False,no population gap,single df,-0.1100981767180925,0.198599381550328,inf,-0.2447405329593268,0.5081640147867098,inf,-0.0017420843010614,8,0.00625,0.9875,not read,False
gpt-4o-2024-08-06 | 1 | NA | scale-by-scale | minimal,gut_diff | education,gut_diff,education,False,85,41,44,1.0,False,gpt-4o-2024-08-06,1.0,,scale-by-scale,minimal,-0.6827956989247307,,,True,False,undetermined,-1.2216746800862492,0.8092578286450074,4.924465384074174,0.25,True,False,no population gap,single df,0.1407982261640797,0.1737127823178914,inf,-0.2062084257206209,0.4065596456151067,inf,0.00501747101274,8,0.00625,0.9875,not read,False
gpt-4o-2024-08-06 | 1 | NA | scale-by-scale | minimal,gut_diff | age,gut_diff,age,True,85,39,46,1.0,False,gpt-4o-2024-08-06,1.0,,scale-by-scale,minimal,0.111742424242424,,,True,False,undetermined,-1.2987750953461776,0.7101463328043716,3.412883562596672,0.25,True,False,no population gap,single df,-0.0328874024526197,0.1803266780159086,inf,-0.294314381270903,0.4021533853962044,inf,0.0033444084792339,8,0.00625,0.9875,not read,False
gpt-4o-2024-08-06 | 1 | NA | scale-by-scale | none,bjw_score | political_identity,bjw_score,political_identity,False,85,11,53,1.0,False,gpt-4o-2024-08-06,1.0,,scale-by-scale,none,-0.2045325779036819,,,True,False,undetermined,-0.8247376275749545,6.879626135293655,1.2724204174935967,0.25,True,False,no population gap,single df,-0.6192109777015418,0.7065174376072968,inf,3.0274442538593505,1.5422882777520266,inf,-0.3635328754783782,8,0.00625,0.9875,not read,False
gpt-4o-2024-08-06 | 1 | NA | scale-by-scale | none,bjw_score | sex,bjw_score,sex,False,85,62,23,1.0,False,gpt-4o-2024-08-06,1.0,,scale-by-scale,none,-0.4215686274509801,,,True,False,undetermined,-3.4784932878944645,2.190975756337663,4.403411142197722,0.25,True,False,no population gap,single df,0.2713884992987374,0.5442481861198486,inf,-0.6437587657784007,1.134935462177802,inf,-0.0621246180291467,8,0.00625,0.9875,not read,False
gpt-4o-2024-08-06 | 1 | NA | scale-by-scale | none,bjw_score | education,bjw_score,education,False,85,41,44,1.0,False,gpt-4o-2024-08-06,1.0,,scale-by-scale,none,-0.58553076402975,,,True,False,undetermined,-3.51943020478364,1.8797406260696696,3.2928006013723343,0.25,True,False,no population gap,single df,0.4800443458980048,0.4278012902363122,inf,-0.8198447893569849,1.080826157526246,inf,-0.0315450976122319,8,0.00625,0.9875,not read,False
gpt-4o-2024-08-06 | 1 | NA | scale-by-scale | none,bjw_score | age,bjw_score,age,False,85,39,46,1.0,False,gpt-4o-2024-08-06,1.0,,scale-by-scale,none,-0.0054021608643451,,,True,False,undetermined,-3.6131660383299007,1.7558639201582196,2.89076823095069,0.25,True,False,no population gap,single df,0.0050167224080261,0.429652491916882,inf,-0.9286510590858406,1.0747924452612447,inf,-0.0088484451248969,8,0.00625,0.9875,not read,False
gpt-4o-2024-08-06 | 1 | NA | scale-by-scale | none,gut_diff | political_identity,gut_diff,political_identity,False,85,11,53,1.0,False,gpt-4o-2024-08-06,1.0,,scale-by-scale,none,0.2494226327944571,,,True,False,undetermined,-1.0461630573376757,2.5315832974748966,2.4085752019119284,0.25,True,False,no population gap,single df,0.1852487135506002,0.1612690563220343,inf,0.7427101200686106,0.7162066114260104,inf,-0.0198385792725713,8,0.00625,0.9875,not read,False
gpt-4o-2024-08-06 | 1 | NA | scale-by-scale | none,gut_diff | sex,gut_diff,sex,False,85,62,23,1.0,False,gpt-4o-2024-08-06,1.0,,scale-by-scale,none,-0.5587392550143262,,,True,False,undetermined,-1.5139845768883289,1.024503510969675,5.186080248260046,0.25,True,False,no population gap,single df,0.1367461430575034,0.2011280092328709,inf,-0.2447405329593268,0.5081640147867098,inf,0.0050313135854871,8,0.00625,0.9875,not read,False
gpt-4o-2024-08-06 | 1 | NA | scale-by-scale | none,gut_diff | education,gut_diff,education,False,85,41,44,1.0,False,gpt-4o-2024-08-06,1.0,,scale-by-scale,none,-1.330645161290322,,,True,False,undetermined,-1.2216746800862492,0.8092578286450074,4.924465384074174,0.25,True,False,no population gap,single df,0.274390243902439,0.1944670347278697,inf,-0.2062084257206209,0.4065596456151067,inf,0.0008329004374257,8,0.00625,0.9875,not read,False
gpt-4o-2024-08-06 | 1 | NA | scale-by-scale | none,gut_diff | age,gut_diff,age,False,85,39,46,1.0,False,gpt-4o-2024-08-06,1.0,,scale-by-scale,none,0.3882575757575759,,,True,False,undetermined,-1.2987750953461776,0.7101463328043716,3.412883562596672,0.25,True,False,no population gap,single df,-0.1142697881828317,0.1893202557113583,inf,-0.294314381270903,0.4021533853962044,inf,0.0007657800947953,8,0.00625,0.9875,not read,False
gpt-4o-2024-08-06 | 1.5 | NA | all-at-once | extensive,bjw_score | political_identity,bjw_score,political_identity,True,84,11,53,0.9882352941176472,False,gpt-4o-2024-08-06,1.5,,all-at-once,extensive,1.221529745042492,,,True,False,undetermined,-0.8247376275749545,6.879626135293655,1.2724204174935967,0.25,True,False,no population gap,single df,3.69811320754717,0.9721519064234198,inf,3.0274442538593505,1.5422882777520266,inf,0.3440107351131842,8,0.00625,0.9875,not read,False
gpt-4o-2024-08-06 | 1.5 | NA | all-at-once | extensive,bjw_score | sex,bjw_score,sex,True,84,61,23,0.9882352941176472,False,gpt-4o-2024-08-06,1.5,,all-at-once,extensive,1.0462873674059816,,,True,False,undetermined,-3.4784932878944645,2.190975756337663,4.403411142197722,0.25,True,False,no population gap,single df,-0.6735566642908069,0.6489259478602355,inf,-0.6437587657784007,1.134935462177802,inf,0.150915730159261,8,0.00625,0.9875,not read,False
gpt-4o-2024-08-06 | 1.5 | NA | all-at-once | extensive,bjw_score | education,bjw_score,education,True,84,41,43,0.9882352941176472,False,gpt-4o-2024-08-06,1.5,,all-at-once,extensive,1.0025001179300932,,,True,False,undetermined,-3.51943020478364,1.8797406260696696,3.2928006013723343,0.25,True,False,no population gap,single df,-0.8218944980147498,0.6637509431856415,inf,-0.8198447893569849,1.080826157526246,inf,0.2488150265034332,8,0.00625,0.9875,not read,False
gpt-4o-2024-08-06 | 1.5 | NA | all-at-once | extensive,bjw_score | age,bjw_score,age,True,84,39,45,0.9882352941176472,False,gpt-4o-2024-08-06,1.5,,all-at-once,extensive,-0.0644257703081231,,,True,False,undetermined,-3.6131660383299007,1.7558639201582196,2.89076823095069,0.25,True,False,no population gap,single df,0.0598290598290596,0.6681718516445981,inf,-0.9286510590858406,1.0747924452612447,inf,0.2232491552916045,8,0.00625,0.9875,not read,False
gpt-4o-2024-08-06 | 1.5 | NA | all-at-once | extensive,gut_diff | political_identity,gut_diff,political_identity,True,84,11,53,0.9882352941176472,False,gpt-4o-2024-08-06,1.5,,all-at-once,extensive,2.584295612009238,,,True,False,kept or steepened,-1.0461630573376757,2.5315832974748966,2.4085752019119284,0.25,True,False,no population gap,single df,1.9193825042881647,0.4270679580163397,inf,0.7427101200686106,0.7162066114260104,inf,0.1558440356605943,8,0.00625,0.9875,not read,False
gpt-4o-2024-08-06 | 1.5 | NA | all-at-once | extensive,gut_diff | sex,gut_diff,sex,True,84,61,23,0.9882352941176472,False,gpt-4o-2024-08-06,1.5,,all-at-once,extensive,2.641458029968528,,,True,False,undetermined,-1.5139845768883289,1.024503510969675,5.186080248260046,0.25,True,False,no population gap,single df,-0.646471846044191,0.2687380270910338,inf,-0.2447405329593268,0.5081640147867098,inf,0.0192813052452203,8,0.00625,0.9875,not read,False
gpt-4o-2024-08-06 | 1.5 | NA | all-at-once | extensive,gut_diff | education,gut_diff,education,True,84,41,43,0.9882352941176472,False,gpt-4o-2024-08-06,1.5,,all-at-once,extensive,2.604901225306325,,,True,False,undetermined,-1.2216746800862492,0.8092578286450074,4.924465384074174,0.25,True,False,no population gap,single df,-0.5371525808281339,0.3001573583576944,inf,-0.2062084257206209,0.4065596456151067,inf,0.0088863412450652,8,0.00625,0.9875,not read,False
gpt-4o-2024-08-06 | 1.5 | NA | all-at-once | extensive,gut_diff | age,gut_diff,age,True,84,39,45,0.9882352941176472,False,gpt-4o-2024-08-06,1.5,,all-at-once,extensive,-0.1916666666666665,,,True,False,undetermined,-1.2987750953461776,0.7101463328043716,3.412883562596672,0.25,True,False,no population gap,single df,0.0564102564102563,0.3118587061690188,inf,-0.294314381270903,0.4021533853962044,inf,0.012873567950896,8,0.00625,0.9875,not read,False
gpt-4o-2024-08-06 | 1.5 | NA | all-at-once | minimal,bjw_score | political_identity,bjw_score,political_identity,False,85,11,53,1.0,False,gpt-4o-2024-08-06,1.5,,all-at-once,minimal,-0.0237960339943341,,,True,False,undetermined,-0.8247376275749545,6.879626135293655,1.2724204174935967,0.25,True,False,no population gap,single df,-0.0720411663807887,0.6932383084230894,inf,3.0274442538593505,1.5422882777520266,inf,-0.7601231611212335,8,0.00625,0.9875,not read,False
gpt-4o-2024-08-06 | 1.5 | NA | all-at-once | minimal,bjw_score | sex,bjw_score,sex,True,85,62,23,1.0,False,gpt-4o-2024-08-06,1.5,,all-at-once,minimal,1.1786492374727695,,,True,False,undetermined,-3.4784932878944645,2.190975756337663,4.403411142197722,0.25,True,False,no population gap,single df,-0.7587657784011235,0.4855444203211602,inf,-0.6437587657784007,1.134935462177802,inf,0.0383413499240103,8,0.00625,0.9875,not read,False
gpt-4o-2024-08-06 | 1.5 | NA | all-at-once | minimal,bjw_score | education,bjw_score,education,False,85,41,44,1.0,False,gpt-4o-2024-08-06,1.5,,all-at-once,minimal,-0.9492900608519256,,,True,False,undetermined,-3.51943020478364,1.8797406260696696,3.2928006013723343,0.25,True,False,no population gap,single df,0.7782705099778262,0.389835003815207,inf,-0.8198447893569849,1.080826157526246,inf,-0.0398015276323509,8,0.00625,0.9875,not read,False
gpt-4o-2024-08-06 | 1.5 | NA | all-at-once | minimal,bjw_score | age,bjw_score,age,True,85,39,46,1.0,False,gpt-4o-2024-08-06,1.5,,all-at-once,minimal,0.0234093637454968,,,True,False,undetermined,-3.6131660383299007,1.7558639201582196,2.89076823095069,0.25,True,False,no population gap,single df,-0.0217391304347813,0.391488287639199,inf,-0.9286510590858406,1.0747924452612447,inf,-0.0044828465246761,8,0.00625,0.9875,not read,False
gpt-4o-2024-08-06 | 1.5 | NA | all-at-once | minimal,gut_diff | political_identity,gut_diff,political_identity,False,85,11,53,1.0,False,gpt-4o-2024-08-06,1.5,,all-at-once,minimal,-0.5219399538106235,,,True,False,undetermined,-1.0461630573376757,2.5315832974748966,2.4085752019119284,0.25,True,False,no population gap,single df,-0.3876500857632933,0.3329574954771271,inf,0.7427101200686106,0.7162066114260104,inf,-0.0611337897071298,8,0.00625,0.9875,not read,False
gpt-4o-2024-08-06 | 1.5 | NA | all-at-once | minimal,gut_diff | sex,gut_diff,sex,True,85,62,23,1.0,False,gpt-4o-2024-08-06,1.5,,all-at-once,minimal,1.3782234957020054,,,True,False,undetermined,-1.5139845768883289,1.024503510969675,5.186080248260046,0.25,True,False,no population gap,single df,-0.3373071528751753,0.1862834998961046,inf,-0.2447405329593268,0.5081640147867098,inf,-0.0309659610893247,8,0.00625,0.9875,not read,False
gpt-4o-2024-08-06 | 1.5 | NA | all-at-once | minimal,gut_diff | education,gut_diff,education,False,85,41,44,1.0,False,gpt-4o-2024-08-06,1.5,,all-at-once,minimal,1.0430107526881718,,,True,False,undetermined,-1.2216746800862492,0.8092578286450074,4.924465384074174,0.25,True,False,no population gap,single df,-0.2150776053215077,0.2087582257278945,inf,-0.2062084257206209,0.4065596456151067,inf,-0.0199353879141176,8,0.00625,0.9875,not read,False
gpt-4o-2024-08-06 | 1.5 | NA | all-at-once | minimal,gut_diff | age,gut_diff,age,True,85,39,46,1.0,False,gpt-4o-2024-08-06,1.5,,all-at-once,minimal,-0.7537878787878789,,,True,False,undetermined,-1.2987750953461776,0.7101463328043716,3.412883562596672,0.25,True,False,no population gap,single df,0.221850613154961,0.2038268832088229,inf,-0.294314381270903,0.4021533853962044,inf,-0.0174951478231095,8,0.00625,0.9875,not read,False
gpt-4o-2024-08-06 | 1.5 | NA | all-at-once | none,bjw_score | political_identity,bjw_score,political_identity,False,85,11,53,1.0,False,gpt-4o-2024-08-06,1.5,,all-at-once,none,0.5201133144475919,,,True,False,undetermined,-0.8247376275749545,6.879626135293655,1.2724204174935967,0.25,True,False,no population gap,single df,1.5746140651801035,1.0513804715114468,inf,3.0274442538593505,1.5422882777520266,inf,-0.6239342653850068,8,0.00625,0.9875,not read,False
gpt-4o-2024-08-06 | 1.5 | NA | all-at-once | none,bjw_score | sex,bjw_score,sex,False,85,62,23,1.0,False,gpt-4o-2024-08-06,1.5,,all-at-once,none,0.4629629629629626,,,True,False,undetermined,-3.4784932878944645,2.190975756337663,4.403411142197722,0.25,True,False,no population gap,single df,-0.2980364656381482,0.5988616562244979,inf,-0.6437587657784007,1.134935462177802,inf,-0.1271579157089384,8,0.00625,0.9875,not read,False
gpt-4o-2024-08-06 | 1.5 | NA | all-at-once | none,bjw_score | education,bjw_score,education,False,85,41,44,1.0,False,gpt-4o-2024-08-06,1.5,,all-at-once,none,0.0574712643678157,,,True,False,undetermined,-3.51943020478364,1.8797406260696696,3.2928006013723343,0.25,True,False,no population gap,single df,-0.0471175166297115,0.5989434918389316,inf,-0.8198447893569849,1.080826157526246,inf,0.0455355688437785,8,0.00625,0.9875,not read,False
gpt-4o-2024-08-06 | 1.5 | NA | all-at-once | none,bjw_score | age,bjw_score,age,False,85,39,46,1.0,False,gpt-4o-2024-08-06,1.5,,all-at-once,none,-0.3061224489795913,,,True,False,undetermined,-3.6131660383299007,1.7558639201582196,2.89076823095069,0.25,True,False,no population gap,single df,0.2842809364548486,0.5924183187496304,inf,-0.9286510590858406,1.0747924452612447,inf,0.0382883829864692,8,0.00625,0.9875,not read,False
gpt-4o-2024-08-06 | 1.5 | NA | all-at-once | none,gut_diff | political_identity,gut_diff,political_identity,False,85,11,53,1.0,False,gpt-4o-2024-08-06,1.5,,all-at-once,none,0.4411085450346421,,,True,False,undetermined,-1.0461630573376757,2.5315832974748966,2.4085752019119284,0.25,True,False,no population gap,single df,0.3276157804459692,0.3063844199756871,inf,0.7427101200686106,0.7162066114260104,inf,0.0113497398131783,8,0.00625,0.9875,not read,False
gpt-4o-2024-08-06 | 1.5 | NA | all-at-once | none,gut_diff | sex,gut_diff,sex,False,85,62,23,1.0,False,gpt-4o-2024-08-06,1.5,,all-at-once,none,-0.286532951289398,,,True,False,undetermined,-1.5139845768883289,1.024503510969675,5.186080248260046,0.25,True,False,no population gap,single df,0.0701262272089761,0.2941220971987528,inf,-0.2447405329593268,0.5081640147867098,inf,0.0107819343663964,8,0.00625,0.9875,not read,False
gpt-4o-2024-08-06 | 1.5 | NA | all-at-once | none,gut_diff | education,gut_diff,education,False,85,41,44,1.0,False,gpt-4o-2024-08-06,1.5,,all-at-once,none,-1.4381720430107523,,,True,False,undetermined,-1.2216746800862492,0.8092578286450074,4.924465384074174,0.25,True,False,no population gap,single df,0.2965631929046564,0.2494109056821876,inf,-0.2062084257206209,0.4065596456151067,inf,0.0084002276739568,8,0.00625,0.9875,not read,False
gpt-4o-2024-08-06 | 1.5 | NA | all-at-once | none,gut_diff | age,gut_diff,age,False,85,39,46,1.0,False,gpt-4o-2024-08-06,1.5,,all-at-once,none,-0.0568181818181817,,,True,False,undetermined,-1.2987750953461776,0.7101463328043716,3.412883562596672,0.25,True,False,no population gap,single df,0.0167224080267558,0.2538082767613147,inf,-0.294314381270903,0.4021533853962044,inf,0.0081904973423583,8,0.00625,0.9875,not read,False
gpt-4o-2024-08-06 | 1.5 | NA | item-by-item | extensive,bjw_score | political_identity,bjw_score,political_identity,True,84,11,52,0.9882352941176472,False,gpt-4o-2024-08-06,1.5,,item-by-item,extensive,2.256744388755719,,,True,False,kept or steepened,-0.8247376275749545,6.879626135293655,1.2724204174935967,0.25,True,False,no population gap,single df,6.832167832167833,1.15244895673439,inf,3.0274442538593505,1.5422882777520266,inf,0.5404181453342614,8,0.00625,0.9875,not read,False
gpt-4o-2024-08-06 | 1.5 | NA | item-by-item | extensive,bjw_score | sex,bjw_score,sex,True,84,62,22,0.9882352941176472,False,gpt-4o-2024-08-06,1.5,,item-by-item,extensive,0.7789661319073068,,,True,False,undetermined,-3.4784932878944645,2.190975756337663,4.403411142197722,0.25,True,False,no population gap,single df,-0.5014662756598227,0.8716962469383561,inf,-0.6437587657784007,1.134935462177802,inf,0.1642623097043795,8,0.00625,0.9875,not read,False
gpt-4o-2024-08-06 | 1.5 | NA | item-by-item | extensive,bjw_score | education,bjw_score,education,True,84,41,43,0.9882352941176472,False,gpt-4o-2024-08-06,1.5,,item-by-item,extensive,1.5774328977781948,,,True,False,undetermined,-3.51943020478364,1.8797406260696696,3.2928006013723343,0.25,True,False,no population gap,single df,-1.2932501418037423,0.8023598269391236,inf,-0.8198447893569849,1.080826157526246,inf,0.1460451932988394,8,0.00625,0.9875,not read,False
gpt-4o-2024-08-06 | 1.5 | NA | item-by-item | extensive,bjw_score | age,bjw_score,age,True,84,39,45,0.9882352941176472,False,gpt-4o-2024-08-06,1.5,,item-by-item,extensive,-0.5963985594237681,,,True,False,undetermined,-3.6131660383299007,1.7558639201582196,2.89076823095069,0.25,True,False,no population gap,single df,0.5538461538461519,0.8293884844648911,inf,-0.9286510590858406,1.0747924452612447,inf,0.1480664309057304,8,0.00625,0.9875,not read,False
gpt-4o-2024-08-06 | 1.5 | NA | item-by-item | extensive,gut_diff | political_identity,gut_diff,political_identity,True,84,11,52,0.9882352941176472,False,gpt-4o-2024-08-06,1.5,,item-by-item,extensive,3.304849884526559,,,True,False,kept or steepened,-1.0461630573376757,2.5315832974748966,2.4085752019119284,0.25,True,False,no population gap,single df,2.4545454545454546,0.4219810214834009,inf,0.7427101200686106,0.7162066114260104,inf,0.0352241069239747,8,0.00625,0.9875,not read,False
gpt-4o-2024-08-06 | 1.5 | NA | item-by-item | extensive,gut_diff | sex,gut_diff,sex,True,84,62,22,0.9882352941176472,False,gpt-4o-2024-08-06,1.5,,item-by-item,extensive,1.7853607710341233,,,True,False,undetermined,-1.5139845768883289,1.024503510969675,5.186080248260046,0.25,True,False,no population gap,single df,-0.436950146627566,0.2965804980946538,inf,-0.2447405329593268,0.5081640147867098,inf,-0.0189405151263234,8,0.00625,0.9875,not read,False
gpt-4o-2024-08-06 | 1.5 | NA | item-by-item | extensive,gut_diff | education,gut_diff,education,True,84,41,43,0.9882352941176472,False,gpt-4o-2024-08-06,1.5,,item-by-item,extensive,-1.4798699674918725,,,True,False,undetermined,-1.2216746800862492,0.8092578286450074,4.924465384074174,0.25,True,False,no population gap,single df,0.3051616562677254,0.3310068861445061,inf,-0.2062084257206209,0.4065596456151067,inf,-0.0045326718750151,8,0.00625,0.9875,not read,False
gpt-4o-2024-08-06 | 1.5 | NA | item-by-item | extensive,gut_diff | age,gut_diff,age,True,84,39,45,0.9882352941176472,False,gpt-4o-2024-08-06,1.5,,item-by-item,extensive,-1.0106060606060605,,,True,False,undetermined,-1.2987750953461776,0.7101463328043716,3.412883562596672,0.25,True,False,no population gap,single df,0.2974358974358974,0.3242009840589116,inf,-0.294314381270903,0.4021533853962044,inf,-0.0032493499459448,8,0.00625,0.9875,not read,False
gpt-4o-2024-08-06 | 1.5 | NA | item-by-item | minimal,bjw_score | political_identity,bjw_score,political_identity,False,83,11,51,0.976470588235294,False,gpt-4o-2024-08-06,1.5,,item-by-item,minimal,0.1124590346053432,,,True,False,undetermined,-0.8247376275749545,6.879626135293655,1.2724204174935967,0.25,True,False,no population gap,single df,0.3404634581105163,0.5768526512200429,inf,3.0274442538593505,1.5422882777520266,inf,0.0310966851675842,8,0.00625,0.9875,not read,False
gpt-4o-2024-08-06 | 1.5 | NA | item-by-item | minimal,bjw_score | sex,bjw_score,sex,True,83,61,22,0.976470588235294,False,gpt-4o-2024-08-06,1.5,,item-by-item,minimal,1.453831143320059,,,True,False,undetermined,-3.4784932878944645,2.190975756337663,4.403411142197722,0.25,True,False,no population gap,single df,-0.9359165424739224,0.4988101188977391,inf,-0.6437587657784007,1.134935462177802,inf,-0.0004589314037354,8,0.00625,0.9875,not read,False
gpt-4o-2024-08-06 | 1.5 | NA | item-by-item | minimal,bjw_score | education,bjw_score,education,False,83,40,43,0.976470588235294,False,gpt-4o-2024-08-06,1.5,,item-by-item,minimal,-0.4262009214271113,,,True,False,undetermined,-3.51943020478364,1.8797406260696696,3.2928006013723343,0.25,True,False,no population gap,single df,0.3494186046511629,0.4617628744981902,inf,-0.8198447893569849,1.080826157526246,inf,0.0373526212083062,8,0.00625,0.9875,not read,False
gpt-4o-2024-08-06 | 1.5 | NA | item-by-item | minimal,bjw_score | age,bjw_score,age,True,83,38,45,0.976470588235294,False,gpt-4o-2024-08-06,1.5,,item-by-item,minimal,-0.4823697900212729,,,True,False,undetermined,-3.6131660383299007,1.7558639201582196,2.89076823095069,0.25,True,False,no population gap,single df,0.4479532163742696,0.4659167560564543,inf,-0.9286510590858406,1.0747924452612447,inf,0.0309332601535127,8,0.00625,0.9875,not read,False
gpt-4o-2024-08-06 | 1.5 | NA | item-by-item | minimal,gut_diff | political_identity,gut_diff,political_identity,False,83,11,51,0.976470588235294,False,gpt-4o-2024-08-06,1.5,,item-by-item,minimal,-0.1584023909794865,,,True,False,undetermined,-1.0461630573376757,2.5315832974748966,2.4085752019119284,0.25,True,False,no population gap,single df,-0.1176470588235294,0.398476969267287,inf,0.7427101200686106,0.7162066114260104,inf,-0.1355163785855672,8,0.00625,0.9875,not read,False
gpt-4o-2024-08-06 | 1.5 | NA | item-by-item | minimal,gut_diff | sex,gut_diff,sex,True,83,61,22,0.976470588235294,False,gpt-4o-2024-08-06,1.5,,item-by-item,minimal,-0.8037953872892102,,,True,False,undetermined,-1.5139845768883289,1.024503510969675,5.186080248260046,0.25,True,False,no population gap,single df,0.1967213114754098,0.387246281838519,inf,-0.2447405329593268,0.5081640147867098,inf,-0.0369197349614738,8,0.00625,0.9875,not read,False
gpt-4o-2024-08-06 | 1.5 | NA | item-by-item | minimal,gut_diff | education,gut_diff,education,False,83,40,43,0.976470588235294,False,gpt-4o-2024-08-06,1.5,,item-by-item,minimal,1.8213678419604893,,,True,False,undetermined,-1.2216746800862492,0.8092578286450074,4.924465384074174,0.25,True,False,no population gap,single df,-0.3755813953488372,0.3211903674313058,inf,-0.2062084257206209,0.4065596456151067,inf,-0.0141408313894637,8,0.00625,0.9875,not read,False
gpt-4o-2024-08-06 | 1.5 | NA | item-by-item | minimal,gut_diff | age,gut_diff,age,True,83,38,45,0.976470588235294,False,gpt-4o-2024-08-06,1.5,,item-by-item,minimal,0.7411416799574694,,,True,False,undetermined,-1.2987750953461776,0.7101463328043716,3.412883562596672,0.25,True,False,no population gap,single df,-0.2181286549707602,0.3121963236759765,inf,-0.294314381270903,0.4021533853962044,inf,-0.010809653565633,8,0.00625,0.9875,not read,False
gpt-4o-2024-08-06 | 1.5 | NA | item-by-item | none,bjw_score | political_identity,bjw_score,political_identity,False,83,11,51,0.976470588235294,False,gpt-4o-2024-08-06,1.5,,item-by-item,none,-0.2408154196522792,,,True,False,undetermined,-0.8247376275749545,6.879626135293655,1.2724204174935967,0.25,True,False,no population gap,single df,-0.7290552584670209,0.9437729411362432,inf,3.0274442538593505,1.5422882777520266,inf,0.0506481662566623,8,0.00625,0.9875,not read,False
gpt-4o-2024-08-06 | 1.5 | NA | item-by-item | none,bjw_score | sex,bjw_score,sex,False,83,61,22,0.976470588235294,False,gpt-4o-2024-08-06,1.5,,item-by-item,none,-0.0544029169872964,,,True,False,undetermined,-3.4784932878944645,2.190975756337663,4.403411142197722,0.25,True,False,no population gap,single df,0.0350223546944867,0.67368677660702,inf,-0.6437587657784007,1.134935462177802,inf,-0.0838910142377272,8,0.00625,0.9875,not read,False
gpt-4o-2024-08-06 | 1.5 | NA | item-by-item | none,bjw_score | education,bjw_score,education,False,83,40,43,0.976470588235294,False,gpt-4o-2024-08-06,1.5,,item-by-item,none,-1.0523829740396526,,,True,False,undetermined,-3.51943020478364,1.8797406260696696,3.2928006013723343,0.25,True,False,no population gap,single df,0.8627906976744164,0.6526025633069724,inf,-0.8198447893569849,1.080826157526246,inf,-0.1399098838069309,8,0.00625,0.9875,not read,False
gpt-4o-2024-08-06 | 1.5 | NA | item-by-item | none,bjw_score | age,bjw_score,age,False,83,38,45,0.976470588235294,False,gpt-4o-2024-08-06,1.5,,item-by-item,none,-0.2814873317748166,,,True,False,undetermined,-3.6131660383299007,1.7558639201582196,2.89076823095069,0.25,True,False,no population gap,single df,0.2614035087719308,0.6874992598728196,inf,-0.9286510590858406,1.0747924452612447,inf,-0.1567496819512366,8,0.00625,0.9875,not read,False
gpt-4o-2024-08-06 | 1.5 | NA | item-by-item | none,gut_diff | political_identity,gut_diff,political_identity,False,83,11,51,0.976470588235294,False,gpt-4o-2024-08-06,1.5,,item-by-item,none,-0.0696010505818955,,,True,False,undetermined,-1.0461630573376757,2.5315832974748966,2.4085752019119284,0.25,True,False,no population gap,single df,-0.0516934046345811,0.4175216798143292,inf,0.7427101200686106,0.7162066114260104,inf,0.0323677939632201,8,0.00625,0.9875,not read,False
gpt-4o-2024-08-06 | 1.5 | NA | item-by-item | none,gut_diff | sex,gut_diff,sex,False,83,61,22,0.976470588235294,False,gpt-4o-2024-08-06,1.5,,item-by-item,none,1.516250389659192,,,True,False,undetermined,-1.5139845768883289,1.024503510969675,5.186080248260046,0.25,True,False,no population gap,single df,-0.3710879284649776,0.3994753451940605,inf,-0.2447405329593268,0.5081640147867098,inf,-0.0165615816920326,8,0.00625,0.9875,not read,False
gpt-4o-2024-08-06 | 1.5 | NA | item-by-item | none,gut_diff | education,gut_diff,education,False,83,40,43,0.976470588235294,False,gpt-4o-2024-08-06,1.5,,item-by-item,none,2.5741622905726422,,,True,False,undetermined,-1.2216746800862492,0.8092578286450074,4.924465384074174,0.25,True,False,no population gap,single df,-0.5308139534883721,0.3032913102776632,inf,-0.2062084257206209,0.4065596456151067,inf,-0.0096083633714869,8,0.00625,0.9875,not read,False
gpt-4o-2024-08-06 | 1.5 | NA | item-by-item | none,gut_diff | age,gut_diff,age,False,83,38,45,0.976470588235294,False,gpt-4o-2024-08-06,1.5,,item-by-item,none,1.319351408825093,,,True,False,undetermined,-1.2987750953461776,0.7101463328043716,3.412883562596672,0.25,True,False,no population gap,single df,-0.3883040935672515,0.3032701927205056,inf,-0.294314381270903,0.4021533853962044,inf,-0.0155625348932487,8,0.00625,0.9875,not read,False
gpt-4o-2024-08-06 | 1.5 | NA | scale-by-scale | extensive,bjw_score | political_identity,bjw_score,political_identity,True,85,11,53,1.0,False,gpt-4o-2024-08-06,1.5,,scale-by-scale,extensive,1.7008498583569396,,,True,False,undetermined,-0.8247376275749545,6.879626135293655,1.2724204174935967,0.25,True,False,no population gap,single df,5.149228130360207,0.8700165195949576,inf,3.0274442538593505,1.5422882777520266,inf,-0.1010532821804547,8,0.00625,0.9875,not read,False
gpt-4o-2024-08-06 | 1.5 | NA | scale-by-scale | extensive,bjw_score | sex,bjw_score,sex,True,85,62,23,1.0,False,gpt-4o-2024-08-06,1.5,,scale-by-scale,extensive,0.0784313725490198,,,True,False,undetermined,-3.4784932878944645,2.190975756337663,4.403411142197722,0.25,True,False,no population gap,single df,-0.0504908835904629,0.6976618356098857,inf,-0.6437587657784007,1.134935462177802,inf,0.2201194312186312,8,0.00625,0.9875,not read,False
gpt-4o-2024-08-06 | 1.5 | NA | scale-by-scale | extensive,bjw_score | education,bjw_score,education,True,85,41,44,1.0,False,gpt-4o-2024-08-06,1.5,,scale-by-scale,extensive,0.862745098039215,,,True,False,undetermined,-3.51943020478364,1.8797406260696696,3.2928006013723343,0.25,True,False,no population gap,single df,-0.7073170731707314,0.6641597359261422,inf,-0.8198447893569849,1.080826157526246,inf,0.11903077259882,8,0.00625,0.9875,not read,False
gpt-4o-2024-08-06 | 1.5 | NA | scale-by-scale | extensive,bjw_score | age,bjw_score,age,True,85,39,46,1.0,False,gpt-4o-2024-08-06,1.5,,scale-by-scale,extensive,-0.4747899159663887,,,True,False,undetermined,-3.6131660383299007,1.7558639201582196,2.89076823095069,0.25,True,False,no population gap,single df,0.4409141583054641,0.6682712445103901,inf,-0.9286510590858406,1.0747924452612447,inf,0.092977603613819,8,0.00625,0.9875,not read,False
gpt-4o-2024-08-06 | 1.5 | NA | scale-by-scale | extensive,gut_diff | political_identity,gut_diff,political_identity,True,85,11,53,1.0,False,gpt-4o-2024-08-06,1.5,,scale-by-scale,extensive,3.431870669745959,,,True,False,kept or steepened,-1.0461630573376757,2.5315832974748966,2.4085752019119284,0.25,True,False,no population gap,single df,2.548885077186964,0.5688099581564074,inf,0.7427101200686106,0.7162066114260104,inf,0.1262386189554213,8,0.00625,0.9875,not read,False
gpt-4o-2024-08-06 | 1.5 | NA | scale-by-scale | extensive,gut_diff | sex,gut_diff,sex,True,85,62,23,1.0,False,gpt-4o-2024-08-06,1.5,,scale-by-scale,extensive,1.7679083094555867,,,True,False,undetermined,-1.5139845768883289,1.024503510969675,5.186080248260046,0.25,True,False,no population gap,single df,-0.4326788218793828,0.3748353077747989,inf,-0.2447405329593268,0.5081640147867098,inf,0.0594554250670465,8,0.00625,0.9875,not read,False
gpt-4o-2024-08-06 | 1.5 | NA | scale-by-scale | extensive,gut_diff | education,gut_diff,education,True,85,41,44,1.0,False,gpt-4o-2024-08-06,1.5,,scale-by-scale,extensive,0.0833333333333334,,,True,False,undetermined,-1.2216746800862492,0.8092578286450074,4.924465384074174,0.25,True,False,no population gap,single df,-0.0171840354767184,0.3386842910026706,inf,-0.2062084257206209,0.4065596456151067,inf,0.0306585125646539,8,0.00625,0.9875,not read,False
gpt-4o-2024-08-06 | 1.5 | NA | scale-by-scale | extensive,gut_diff | age,gut_diff,age,True,85,39,46,1.0,False,gpt-4o-2024-08-06,1.5,,scale-by-scale,extensive,0.4053030303030303,,,True,False,undetermined,-1.2987750953461776,0.7101463328043716,3.412883562596672,0.25,True,False,no population gap,single df,-0.1192865105908584,0.3319824818221366,inf,-0.294314381270903,0.4021533853962044,inf,0.0271785360712004,8,0.00625,0.9875,not read,False
gpt-4o-2024-08-06 | 1.5 | NA | scale-by-scale | minimal,bjw_score | political_identity,bjw_score,political_identity,False,85,11,53,1.0,False,gpt-4o-2024-08-06,1.5,,scale-by-scale,minimal,0.4317280453257781,,,True,False,undetermined,-0.8247376275749545,6.879626135293655,1.2724204174935967,0.25,True,False,no population gap,single df,1.307032590051456,0.7822522241414102,inf,3.0274442538593505,1.5422882777520266,inf,0.0273002499438509,8,0.00625,0.9875,not read,False
gpt-4o-2024-08-06 | 1.5 | NA | scale-by-scale | minimal,bjw_score | sex,bjw_score,sex,True,85,62,23,1.0,False,gpt-4o-2024-08-06,1.5,,scale-by-scale,minimal,0.2069716775599119,,,True,False,undetermined,-3.4784932878944645,2.190975756337663,4.403411142197722,0.25,True,False,no population gap,single df,-0.133239831697054,0.5737712027361099,inf,-0.6437587657784007,1.134935462177802,inf,-0.0828382165797567,8,0.00625,0.9875,not read,False
gpt-4o-2024-08-06 | 1.5 | NA | scale-by-scale | minimal,bjw_score | education,bjw_score,education,False,85,41,44,1.0,False,gpt-4o-2024-08-06,1.5,,scale-by-scale,minimal,-1.8356997971602456,,,True,False,undetermined,-3.51943020478364,1.8797406260696696,3.2928006013723343,0.25,True,False,no population gap,single df,1.5049889135255017,0.4641263030203634,inf,-0.8198447893569849,1.080826157526246,inf,0.0436855312804493,8,0.00625,0.9875,not read,False
gpt-4o-2024-08-06 | 1.5 | NA | scale-by-scale | minimal,bjw_score | age,bjw_score,age,True,85,39,46,1.0,False,gpt-4o-2024-08-06,1.5,,scale-by-scale,minimal,-0.639255702280916,,,True,False,undetermined,-3.6131660383299007,1.7558639201582196,2.89076823095069,0.25,True,False,no population gap,single df,0.5936454849498354,0.4837398266574757,inf,-0.9286510590858406,1.0747924452612447,inf,0.0179256146516567,8,0.00625,0.9875,not read,False
gpt-4o-2024-08-06 | 1.5 | NA | scale-by-scale | minimal,gut_diff | political_identity,gut_diff,political_identity,False,85,11,53,1.0,False,gpt-4o-2024-08-06,1.5,,scale-by-scale,minimal,-0.0993071593533487,,,True,False,undetermined,-1.0461630573376757,2.5315832974748966,2.4085752019119284,0.25,True,False,no population gap,single df,-0.0737564322469983,0.5034581452080348,inf,0.7427101200686106,0.7162066114260104,inf,0.1166479459608335,8,0.00625,0.9875,not read,False
gpt-4o-2024-08-06 | 1.5 | NA | scale-by-scale | minimal,gut_diff | sex,gut_diff,sex,True,85,62,23,1.0,False,gpt-4o-2024-08-06,1.5,,scale-by-scale,minimal,0.5358166189111744,,,True,False,undetermined,-1.5139845768883289,1.024503510969675,5.186080248260046,0.25,True,False,no population gap,single df,-0.1311360448807853,0.3885599224317884,inf,-0.2447405329593268,0.5081640147867098,inf,0.0435958447061687,8,0.00625,0.9875,not read,False
gpt-4o-2024-08-06 | 1.5 | NA | scale-by-scale | minimal,gut_diff | education,gut_diff,education,False,85,41,44,1.0,False,gpt-4o-2024-08-06,1.5,,scale-by-scale,minimal,1.2795698924731178,,,True,False,undetermined,-1.2216746800862492,0.8092578286450074,4.924465384074174,0.25,True,False,no population gap,single df,-0.2638580931263858,0.2618162111087312,inf,-0.2062084257206209,0.4065596456151067,inf,0.0141651963858804,8,0.00625,0.9875,not read,False
gpt-4o-2024-08-06 | 1.5 | NA | scale-by-scale | minimal,gut_diff | age,gut_diff,age,True,85,39,46,1.0,False,gpt-4o-2024-08-06,1.5,,scale-by-scale,minimal,-0.740530303030303,,,True,False,undetermined,-1.2987750953461776,0.7101463328043716,3.412883562596672,0.25,True,False,no population gap,single df,0.2179487179487179,0.267673815542813,inf,-0.294314381270903,0.4021533853962044,inf,0.0204113813525782,8,0.00625,0.9875,not read,False
gpt-4o-2024-08-06 | 1.5 | NA | scale-by-scale | none,bjw_score | political_identity,bjw_score,political_identity,False,85,11,53,1.0,False,gpt-4o-2024-08-06,1.5,,scale-by-scale,none,0.0164305949008507,,,True,False,undetermined,-0.8247376275749545,6.879626135293655,1.2724204174935967,0.25,True,False,no population gap,single df,0.0497427101200713,0.4728946721451074,inf,3.0274442538593505,1.5422882777520266,inf,-0.317295225344215,8,0.00625,0.9875,not read,False
gpt-4o-2024-08-06 | 1.5 | NA | scale-by-scale | none,bjw_score | sex,bjw_score,sex,False,85,62,23,1.0,False,gpt-4o-2024-08-06,1.5,,scale-by-scale,none,-0.4586056644880176,,,True,False,undetermined,-3.4784932878944645,2.190975756337663,4.403411142197722,0.25,True,False,no population gap,single df,0.2952314165497895,0.4642682168676199,inf,-0.6437587657784007,1.134935462177802,inf,-0.1126490819359131,8,0.00625,0.9875,not read,False
gpt-4o-2024-08-06 | 1.5 | NA | scale-by-scale | none,bjw_score | education,bjw_score,education,False,85,41,44,1.0,False,gpt-4o-2024-08-06,1.5,,scale-by-scale,none,0.6098715348208246,,,True,False,undetermined,-3.51943020478364,1.8797406260696696,3.2928006013723343,0.25,True,False,no population gap,single df,-0.5,0.4240632358102069,inf,-0.8198447893569849,1.080826157526246,inf,-0.0787742768038367,8,0.00625,0.9875,not read,False
gpt-4o-2024-08-06 | 1.5 | NA | scale-by-scale | none,bjw_score | age,bjw_score,age,False,85,39,46,1.0,False,gpt-4o-2024-08-06,1.5,,scale-by-scale,none,0.0048019207683076,,,True,False,undetermined,-3.6131660383299007,1.7558639201582196,2.89076823095069,0.25,True,False,no population gap,single df,-0.0044593088071351,0.4300124337001193,inf,-0.9286510590858406,1.0747924452612447,inf,-0.0426041562732182,8,0.00625,0.9875,not read,False
gpt-4o-2024-08-06 | 1.5 | NA | scale-by-scale | none,gut_diff | political_identity,gut_diff,political_identity,False,85,11,53,1.0,False,gpt-4o-2024-08-06,1.5,,scale-by-scale,none,0.1939953810623557,,,True,False,undetermined,-1.0461630573376757,2.5315832974748966,2.4085752019119284,0.25,True,False,no population gap,single df,0.1440823327615781,0.2670775263341388,inf,0.7427101200686106,0.7162066114260104,inf,0.0533835304292517,8,0.00625,0.9875,not read,False
gpt-4o-2024-08-06 | 1.5 | NA | scale-by-scale | none,gut_diff | sex,gut_diff,sex,False,85,62,23,1.0,False,gpt-4o-2024-08-06,1.5,,scale-by-scale,none,2.389684813753581,,,True,False,undetermined,-1.5139845768883289,1.024503510969675,5.186080248260046,0.25,True,False,no population gap,single df,-0.5848527349228612,0.2272957351407179,inf,-0.2447405329593268,0.5081640147867098,inf,0.0171975485864726,8,0.00625,0.9875,not read,False
gpt-4o-2024-08-06 | 1.5 | NA | scale-by-scale | none,gut_diff | education,gut_diff,education,False,85,41,44,1.0,False,gpt-4o-2024-08-06,1.5,,scale-by-scale,none,1.0403225806451606,,,True,False,undetermined,-1.2216746800862492,0.8092578286450074,4.924465384074174,0.25,True,False,no population gap,single df,-0.2145232815964523,0.2282233984491659,inf,-0.2062084257206209,0.4065596456151067,inf,0.0080387557309023,8,0.00625,0.9875,not read,False
gpt-4o-2024-08-06 | 1.5 | NA | scale-by-scale | none,gut_diff | age,gut_diff,age,False,85,39,46,1.0,False,gpt-4o-2024-08-06,1.5,,scale-by-scale,none,0.9053030303030302,,,True,False,undetermined,-1.2987750953461776,0.7101463328043716,3.412883562596672,0.25,True,False,no population gap,single df,-0.2664437012263099,0.2323914616002932,inf,-0.294314381270903,0.4021533853962044,inf,0.002638584660669,8,0.00625,0.9875,not read,False
gpt-4o-mini-2024-07-18 | 0 | NA | all-at-once | extensive,bjw_score | political_identity,bjw_score,political_identity,True,85,11,53,1.0,False,gpt-4o-mini-2024-07-18,0.0,,all-at-once,extensive,0.270821529745042,,,True,False,undetermined,-0.8247376275749545,6.879626135293655,1.2724204174935967,0.25,True,False,no population gap,single df,0.8198970840480264,1.233188134923581,inf,3.0274442538593505,1.5422882777520266,inf,-0.5664065211923741,8,0.00625,0.9875,not read,False
gpt-4o-mini-2024-07-18 | 0 | NA | all-at-once | extensive,bjw_score | sex,bjw_score,sex,True,85,62,23,1.0,False,gpt-4o-mini-2024-07-18,0.0,,all-at-once,extensive,0.7766884531590419,,,True,False,undetermined,-3.4784932878944645,2.190975756337663,4.403411142197722,0.25,True,False,no population gap,single df,-0.5,0.542179057974856,inf,-0.6437587657784007,1.134935462177802,inf,-0.1028558831138463,8,0.00625,0.9875,not read,False
gpt-4o-mini-2024-07-18 | 0 | NA | all-at-once | extensive,bjw_score | education,bjw_score,education,True,85,41,44,1.0,False,gpt-4o-mini-2024-07-18,0.0,,all-at-once,extensive,-1.606490872210952,,,True,False,undetermined,-3.51943020478364,1.8797406260696696,3.2928006013723343,0.25,True,False,no population gap,single df,1.3170731707317067,0.6109182997784485,inf,-0.8198447893569849,1.080826157526246,inf,-0.0166522266176848,8,0.00625,0.9875,not read,False
gpt-4o-mini-2024-07-18 | 0 | NA | all-at-once | extensive,bjw_score | age,bjw_score,age,True,85,39,46,1.0,False,gpt-4o-mini-2024-07-18,0.0,,all-at-once,extensive,-2.154261704681878,,,True,False,reversed or missing,-3.6131660383299007,1.7558639201582196,2.89076823095069,0.25,True,False,no population gap,single df,2.0005574136008946,0.5929178155523864,inf,-0.9286510590858406,1.0747924452612447,inf,-0.0187814617534688,8,0.00625,0.9875,not read,False
gpt-4o-mini-2024-07-18 | 0 | NA | all-at-once | extensive,gut_diff | political_identity,gut_diff,political_identity,True,85,11,53,1.0,False,gpt-4o-mini-2024-07-18,0.0,,all-at-once,extensive,2.787528868360277,,,True,False,kept or steepened,-1.0461630573376757,2.5315832974748966,2.4085752019119284,0.25,True,False,no population gap,single df,2.07032590051458,0.3420334342525615,inf,0.7427101200686106,0.7162066114260104,inf,0.0386116815779116,8,0.00625,0.9875,not read,False
gpt-4o-mini-2024-07-18 | 0 | NA | all-at-once | extensive,gut_diff | sex,gut_diff,sex,True,85,62,23,1.0,False,gpt-4o-mini-2024-07-18,0.0,,all-at-once,extensive,1.7048710601719197,,,True,False,undetermined,-1.5139845768883289,1.024503510969675,5.186080248260046,0.25,True,False,no population gap,single df,-0.4172510518934081,0.2608298325683247,inf,-0.2447405329593268,0.5081640147867098,inf,-0.0062272876390663,8,0.00625,0.9875,not read,False
gpt-4o-mini-2024-07-18 | 0 | NA | all-at-once | extensive,gut_diff | education,gut_diff,education,True,85,41,44,1.0,False,gpt-4o-mini-2024-07-18,0.0,,all-at-once,extensive,-0.0,,,True,False,undetermined,-1.2216746800862492,0.8092578286450074,4.924465384074174,0.25,True,False,no population gap,single df,0.0,0.2581136537364908,inf,-0.2062084257206209,0.4065596456151067,inf,0.0043533803914039,8,0.00625,0.9875,not read,False
gpt-4o-mini-2024-07-18 | 0 | NA | all-at-once | extensive,gut_diff | age,gut_diff,age,True,85,39,46,1.0,False,gpt-4o-mini-2024-07-18,0.0,,all-at-once,extensive,-0.4829545454545454,,,True,False,undetermined,-1.2987750953461776,0.7101463328043716,3.412883562596672,0.25,True,False,no population gap,single df,0.1421404682274247,0.2592845672886463,inf,-0.294314381270903,0.4021533853962044,inf,0.004944616857941,8,0.00625,0.9875,not read,False
gpt-4o-mini-2024-07-18 | 0 | NA | all-at-once | minimal,bjw_score | political_identity,bjw_score,political_identity,False,85,11,53,1.0,False,gpt-4o-mini-2024-07-18,0.0,,all-at-once,minimal,0.1376770538243625,,,True,False,undetermined,-0.8247376275749545,6.879626135293655,1.2724204174935967,0.25,True,False,no population gap,single df,0.4168096054888508,0.344280145688507,inf,3.0274442538593505,1.5422882777520266,inf,-0.0016015858369974,8,0.00625,0.9875,not read,False
gpt-4o-mini-2024-07-18 | 0 | NA | all-at-once | minimal,bjw_score | sex,bjw_score,sex,True,85,62,23,1.0,False,gpt-4o-mini-2024-07-18,0.0,,all-at-once,minimal,0.2298474945533755,,,True,False,undetermined,-3.4784932878944645,2.190975756337663,4.403411142197722,0.25,True,False,no population gap,single df,-0.1479663394109387,0.3693155052338778,inf,-0.6437587657784007,1.134935462177802,inf,-0.0366779646292139,8,0.00625,0.9875,not read,False
gpt-4o-mini-2024-07-18 | 0 | NA | all-at-once | minimal,bjw_score | education,bjw_score,education,False,85,41,44,1.0,False,gpt-4o-mini-2024-07-18,0.0,,all-at-once,minimal,-0.0993914807302236,,,True,False,undetermined,-3.51943020478364,1.8797406260696696,3.2928006013723343,0.25,True,False,no population gap,single df,0.081485587583149,0.3240680517531834,inf,-0.8198447893569849,1.080826157526246,inf,-0.0351759068942808,8,0.00625,0.9875,not read,False
gpt-4o-mini-2024-07-18 | 0 | NA | all-at-once | minimal,bjw_score | age,bjw_score,age,True,85,39,46,1.0,False,gpt-4o-mini-2024-07-18,0.0,,all-at-once,minimal,-0.971188475390158,,,True,False,undetermined,-3.6131660383299007,1.7558639201582196,2.89076823095069,0.25,True,False,no population gap,single df,0.901895206243033,0.3080518973466518,inf,-0.9286510590858406,1.0747924452612447,inf,-0.0286399960431301,8,0.00625,0.9875,not read,False
gpt-4o-mini-2024-07-18 | 0 | NA | all-at-once | minimal,gut_diff | political_identity,gut_diff,political_identity,False,85,11,53,1.0,False,gpt-4o-mini-2024-07-18,0.0,,all-at-once,minimal,-0.0161662817551962,,,True,False,undetermined,-1.0461630573376757,2.5315832974748966,2.4085752019119284,0.25,True,False,no population gap,single df,-0.0120068610634648,0.2028037384882227,inf,0.7427101200686106,0.7162066114260104,inf,-0.0086182127272545,8,0.00625,0.9875,not read,False
gpt-4o-mini-2024-07-18 | 0 | NA | all-at-once | minimal,gut_diff | sex,gut_diff,sex,True,85,62,23,1.0,False,gpt-4o-mini-2024-07-18,0.0,,all-at-once,minimal,-0.3610315186246416,,,True,False,undetermined,-1.5139845768883289,1.024503510969675,5.186080248260046,0.25,True,False,no population gap,single df,0.0883590462833099,0.16250070549847,inf,-0.2447405329593268,0.5081640147867098,inf,-0.00214530495371,8,0.00625,0.9875,not read,False
gpt-4o-mini-2024-07-18 | 0 | NA | all-at-once | minimal,gut_diff | education,gut_diff,education,False,85,41,44,1.0,False,gpt-4o-mini-2024-07-18,0.0,,all-at-once,minimal,-1.2043010752688166,,,True,False,undetermined,-1.2216746800862492,0.8092578286450074,4.924465384074174,0.25,True,False,no population gap,single df,0.2483370288248336,0.1182634464572028,inf,-0.2062084257206209,0.4065596456151067,inf,-0.0028311679046314,8,0.00625,0.9875,not read,False
gpt-4o-mini-2024-07-18 | 0 | NA | all-at-once | minimal,gut_diff | age,gut_diff,age,True,85,39,46,1.0,False,gpt-4o-mini-2024-07-18,0.0,,all-at-once,minimal,-1.1212121212121209,,,True,False,undetermined,-1.2987750953461776,0.7101463328043716,3.412883562596672,0.25,True,False,no population gap,single df,0.3299888517279821,0.1084495864389665,inf,-0.294314381270903,0.4021533853962044,inf,0.0002784831041218,8,0.00625,0.9875,not read,False
gpt-4o-mini-2024-07-18 | 0 | NA | all-at-once | none,bjw_score | political_identity,bjw_score,political_identity,False,85,11,53,1.0,False,gpt-4o-mini-2024-07-18,0.0,,all-at-once,none,0.0,,,True,False,undetermined,-0.8247376275749545,6.879626135293655,1.2724204174935967,0.25,True,False,no population gap,single df,0.0,0.0,inf,3.0274442538593505,1.5422882777520266,inf,0.0,8,0.00625,0.9875,not read,False
gpt-4o-mini-2024-07-18 | 0 | NA | all-at-once | none,bjw_score | sex,bjw_score,sex,False,85,62,23,1.0,False,gpt-4o-mini-2024-07-18,0.0,,all-at-once,none,-0.0,,,True,False,undetermined,-3.4784932878944645,2.190975756337663,4.403411142197722,0.25,True,False,no population gap,single df,0.0,0.0,inf,-0.6437587657784007,1.134935462177802,inf,0.0,8,0.00625,0.9875,not read,False
gpt-4o-mini-2024-07-18 | 0 | NA | all-at-once | none,bjw_score | education,bjw_score,education,False,85,41,44,1.0,False,gpt-4o-mini-2024-07-18,0.0,,all-at-once,none,-0.0,,,True,False,undetermined,-3.51943020478364,1.8797406260696696,3.2928006013723343,0.25,True,False,no population gap,single df,0.0,0.0,inf,-0.8198447893569849,1.080826157526246,inf,0.0,8,0.00625,0.9875,not read,False
gpt-4o-mini-2024-07-18 | 0 | NA | all-at-once | none,bjw_score | age,bjw_score,age,False,85,39,46,1.0,False,gpt-4o-mini-2024-07-18,0.0,,all-at-once,none,-0.0,,,True,False,undetermined,-3.6131660383299007,1.7558639201582196,2.89076823095069,0.25,True,False,no population gap,single df,0.0,0.0,inf,-0.9286510590858406,1.0747924452612447,inf,0.0,8,0.00625,0.9875,not read,False
gpt-4o-mini-2024-07-18 | 0 | NA | all-at-once | none,gut_diff | political_identity,gut_diff,political_identity,False,85,11,53,1.0,False,gpt-4o-mini-2024-07-18,0.0,,all-at-once,none,-0.5173210161662818,,,True,False,undetermined,-1.0461630573376757,2.5315832974748966,2.4085752019119284,0.25,True,False,no population gap,single df,-0.3842195540308748,0.2171583990954232,inf,0.7427101200686106,0.7162066114260104,inf,-0.0305318010703513,8,0.00625,0.9875,not read,False
gpt-4o-mini-2024-07-18 | 0 | NA | all-at-once | none,gut_diff | sex,gut_diff,sex,False,85,62,23,1.0,False,gpt-4o-mini-2024-07-18,0.0,,all-at-once,none,-0.9111747851002862,,,True,False,undetermined,-1.5139845768883289,1.024503510969675,5.186080248260046,0.25,True,False,no population gap,single df,0.2230014025245441,0.1791610321347607,inf,-0.2447405329593268,0.5081640147867098,inf,0.002286991705658,8,0.00625,0.9875,not read,False
gpt-4o-mini-2024-07-18 | 0 | NA | all-at-once | none,gut_diff | education,gut_diff,education,False,85,41,44,1.0,False,gpt-4o-mini-2024-07-18,0.0,,all-at-once,none,-0.6021505376344083,,,True,False,undetermined,-1.2216746800862492,0.8092578286450074,4.924465384074174,0.25,True,False,no population gap,single df,0.1241685144124168,0.1827036444773044,inf,-0.2062084257206209,0.4065596456151067,inf,-0.0076750747883989,8,0.00625,0.9875,not read,False
gpt-4o-mini-2024-07-18 | 0 | NA | all-at-once | none,gut_diff | age,gut_diff,age,False,85,39,46,1.0,False,gpt-4o-mini-2024-07-18,0.0,,all-at-once,none,-0.2386363636363638,,,True,False,undetermined,-1.2987750953461776,0.7101463328043716,3.412883562596672,0.25,True,False,no population gap,single df,0.0702341137123746,0.17958456915419,inf,-0.294314381270903,0.4021533853962044,inf,-0.0056614389840183,8,0.00625,0.9875,not read,False
gpt-4o-mini-2024-07-18 | 0 | NA | item-by-item | extensive,bjw_score | political_identity,bjw_score,political_identity,True,85,11,53,1.0,False,gpt-4o-mini-2024-07-18,0.0,,item-by-item,extensive,0.5903682719546745,,,True,False,undetermined,-0.8247376275749545,6.879626135293655,1.2724204174935967,0.25,True,False,no population gap,single df,1.7873070325900535,0.5296191799684358,inf,3.0274442538593505,1.5422882777520266,inf,-0.0734627443941204,8,0.00625,0.9875,not read,False
gpt-4o-mini-2024-07-18 | 0 | NA | item-by-item | extensive,bjw_score | sex,bjw_score,sex,True,85,62,23,1.0,False,gpt-4o-mini-2024-07-18,0.0,,item-by-item,extensive,0.3420479302832269,,,True,False,undetermined,-3.4784932878944645,2.190975756337663,4.403411142197722,0.25,True,False,no population gap,single df,-0.2201963534361866,0.3648406842877846,inf,-0.6437587657784007,1.134935462177802,inf,0.0068981333247387,8,0.00625,0.9875,not read,False
gpt-4o-mini-2024-07-18 | 0 | NA | item-by-item | extensive,bjw_score | education,bjw_score,education,True,85,41,44,1.0,False,gpt-4o-mini-2024-07-18,0.0,,item-by-item,extensive,-0.2285327924273157,,,True,False,undetermined,-3.51943020478364,1.8797406260696696,3.2928006013723343,0.25,True,False,no population gap,single df,0.1873614190687362,0.3888798370757189,inf,-0.8198447893569849,1.080826157526246,inf,0.082998009596939,8,0.00625,0.9875,not read,False
gpt-4o-mini-2024-07-18 | 0 | NA | item-by-item | extensive,bjw_score | age,bjw_score,age,True,85,39,46,1.0,False,gpt-4o-mini-2024-07-18,0.0,,item-by-item,extensive,-0.5414165666266544,,,True,False,undetermined,-3.6131660383299007,1.7558639201582196,2.89076823095069,0.25,True,False,no population gap,single df,0.5027870680044622,0.3830040238961266,inf,-0.9286510590858406,1.0747924452612447,inf,0.0810896948049798,8,0.00625,0.9875,not read,False
gpt-4o-mini-2024-07-18 | 0 | NA | item-by-item | extensive,gut_diff | political_identity,gut_diff,political_identity,True,85,11,53,1.0,False,gpt-4o-mini-2024-07-18,0.0,,item-by-item,extensive,2.678983833718245,,,True,False,kept or steepened,-1.0461630573376757,2.5315832974748966,2.4085752019119284,0.25,True,False,no population gap,single df,1.9897084048027445,0.4513619599959674,inf,0.7427101200686106,0.7162066114260104,inf,0.1239259123147617,8,0.00625,0.9875,not read,False
gpt-4o-mini-2024-07-18 | 0 | NA | item-by-item | extensive,gut_diff | sex,gut_diff,sex,True,85,62,23,1.0,False,gpt-4o-mini-2024-07-18,0.0,,item-by-item,extensive,1.799426934097421,,,True,False,undetermined,-1.5139845768883289,1.024503510969675,5.186080248260046,0.25,True,False,no population gap,single df,-0.4403927068723703,0.1985327379120801,inf,-0.2447405329593268,0.5081640147867098,inf,0.0293170035974141,8,0.00625,0.9875,not read,False
gpt-4o-mini-2024-07-18 | 0 | NA | item-by-item | extensive,gut_diff | education,gut_diff,education,True,85,41,44,1.0,False,gpt-4o-mini-2024-07-18,0.0,,item-by-item,extensive,0.0107526881720429,,,True,False,undetermined,-1.2216746800862492,0.8092578286450074,4.924465384074174,0.25,True,False,no population gap,single df,-0.0022172949002217,0.2226626668351066,inf,-0.2062084257206209,0.4065596456151067,inf,0.0199856661423683,8,0.00625,0.9875,not read,False
gpt-4o-mini-2024-07-18 | 0 | NA | item-by-item | extensive,gut_diff | age,gut_diff,age,True,85,39,46,1.0,False,gpt-4o-mini-2024-07-18,0.0,,item-by-item,extensive,-0.196969696969697,,,True,False,undetermined,-1.2987750953461776,0.7101463328043716,3.412883562596672,0.25,True,False,no population gap,single df,0.0579710144927536,0.2239237604835277,inf,-0.294314381270903,0.4021533853962044,inf,0.0193997515260088,8,0.00625,0.9875,not read,False
gpt-4o-mini-2024-07-18 | 0 | NA | item-by-item | minimal,bjw_score | political_identity,bjw_score,political_identity,False,85,11,53,1.0,False,gpt-4o-mini-2024-07-18,0.0,,item-by-item,minimal,0.0838526912181306,,,True,False,undetermined,-0.8247376275749545,6.879626135293655,1.2724204174935967,0.25,True,False,no population gap,single df,0.2538593481989721,0.1728390675105721,inf,3.0274442538593505,1.5422882777520266,inf,0.0273955976406293,8,0.00625,0.9875,not read,False
gpt-4o-mini-2024-07-18 | 0 | NA | item-by-item | minimal,bjw_score | sex,bjw_score,sex,True,85,62,23,1.0,False,gpt-4o-mini-2024-07-18,0.0,,item-by-item,minimal,0.8507625272331167,,,True,False,undetermined,-3.4784932878944645,2.190975756337663,4.403411142197722,0.25,True,False,no population gap,single df,-0.5476858345021043,0.1584653826654965,inf,-0.6437587657784007,1.134935462177802,inf,0.0209668824418892,8,0.00625,0.9875,not read,False
gpt-4o-mini-2024-07-18 | 0 | NA | item-by-item | minimal,bjw_score | education,bjw_score,education,False,85,41,44,1.0,False,gpt-4o-mini-2024-07-18,0.0,,item-by-item,minimal,-0.3191345503718728,,,True,False,undetermined,-3.51943020478364,1.8797406260696696,3.2928006013723343,0.25,True,False,no population gap,single df,0.2616407982261641,0.1436239542790238,inf,-0.8198447893569849,1.080826157526246,inf,-0.0175776614288731,8,0.00625,0.9875,not read,False
gpt-4o-mini-2024-07-18 | 0 | NA | item-by-item | minimal,bjw_score | age,bjw_score,age,True,85,39,46,1.0,False,gpt-4o-mini-2024-07-18,0.0,,item-by-item,minimal,-0.6440576230492198,,,True,False,undetermined,-3.6131660383299007,1.7558639201582196,2.89076823095069,0.25,True,False,no population gap,single df,0.598104793756967,0.1336939180849541,inf,-0.9286510590858406,1.0747924452612447,inf,-0.0070231800207138,8,0.00625,0.9875,not read,False
gpt-4o-mini-2024-07-18 | 0 | NA | item-by-item | minimal,gut_diff | political_identity,gut_diff,political_identity,False,85,11,53,1.0,False,gpt-4o-mini-2024-07-18,0.0,,item-by-item,minimal,-0.0046189376443417,,,True,False,undetermined,-1.0461630573376757,2.5315832974748966,2.4085752019119284,0.25,True,False,no population gap,single df,-0.0034305317324184,0.1000461776162981,inf,0.7427101200686106,0.7162066114260104,inf,-0.0193754736074145,8,0.00625,0.9875,not read,False
gpt-4o-mini-2024-07-18 | 0 | NA | item-by-item | minimal,gut_diff | sex,gut_diff,sex,True,85,62,23,1.0,False,gpt-4o-mini-2024-07-18,0.0,,item-by-item,minimal,0.3352435530085961,,,True,False,undetermined,-1.5139845768883289,1.024503510969675,5.186080248260046,0.25,True,False,no population gap,single df,-0.0820476858345021,0.0782670463221032,inf,-0.2447405329593268,0.5081640147867098,inf,-0.009313213870841,8,0.00625,0.9875,not read,False
gpt-4o-mini-2024-07-18 | 0 | NA | item-by-item | minimal,gut_diff | education,gut_diff,education,False,85,41,44,1.0,False,gpt-4o-mini-2024-07-18,0.0,,item-by-item,minimal,-0.2526881720430107,,,True,False,undetermined,-1.2216746800862492,0.8092578286450074,4.924465384074174,0.25,True,False,no population gap,single df,0.0521064301552106,0.0561507695443712,inf,-0.2062084257206209,0.4065596456151067,inf,-0.0032474677296243,8,0.00625,0.9875,not read,False
gpt-4o-mini-2024-07-18 | 0 | NA | item-by-item | minimal,gut_diff | age,gut_diff,age,True,85,39,46,1.0,False,gpt-4o-mini-2024-07-18,0.0,,item-by-item,minimal,-0.3617424242424242,,,True,False,undetermined,-1.2987750953461776,0.7101463328043716,3.412883562596672,0.25,True,False,no population gap,single df,0.1064659977703456,0.0590677743690321,inf,-0.294314381270903,0.4021533853962044,inf,-0.0035583811536519,8,0.00625,0.9875,not read,False
gpt-4o-mini-2024-07-18 | 0 | NA | item-by-item | none,bjw_score | political_identity,bjw_score,political_identity,False,85,11,53,1.0,False,gpt-4o-mini-2024-07-18,0.0,,item-by-item,none,-0.0657223796033995,,,True,False,undetermined,-0.8247376275749545,6.879626135293655,1.2724204174935967,0.25,True,False,no population gap,single df,-0.1989708404802748,0.1563778071711714,inf,3.0274442538593505,1.5422882777520266,inf,0.0645739887479258,8,0.00625,0.9875,not read,False
gpt-4o-mini-2024-07-18 | 0 | NA | item-by-item | none,bjw_score | sex,bjw_score,sex,False,85,62,23,1.0,False,gpt-4o-mini-2024-07-18,0.0,,item-by-item,none,0.0239651416122026,,,True,False,undetermined,-3.4784932878944645,2.190975756337663,4.403411142197722,0.25,True,False,no population gap,single df,-0.0154277699859761,0.1214184103011165,inf,-0.6437587657784007,1.134935462177802,inf,-0.011866759737239,8,0.00625,0.9875,not read,False
gpt-4o-mini-2024-07-18 | 0 | NA | item-by-item | none,bjw_score | education,bjw_score,education,False,85,41,44,1.0,False,gpt-4o-mini-2024-07-18,0.0,,item-by-item,none,0.0784313725490175,,,True,False,undetermined,-3.51943020478364,1.8797406260696696,3.2928006013723343,0.25,True,False,no population gap,single df,-0.0643015521064285,0.1091489493798125,inf,-0.8198447893569849,1.080826157526246,inf,0.0160675697417714,8,0.00625,0.9875,not read,False
gpt-4o-mini-2024-07-18 | 0 | NA | item-by-item | none,bjw_score | age,bjw_score,age,False,85,39,46,1.0,False,gpt-4o-mini-2024-07-18,0.0,,item-by-item,none,0.0774309723889559,,,True,False,undetermined,-3.6131660383299007,1.7558639201582196,2.89076823095069,0.25,True,False,no population gap,single df,-0.0719063545150504,0.1091792411516474,inf,-0.9286510590858406,1.0747924452612447,inf,0.0117147299347369,8,0.00625,0.9875,not read,False
gpt-4o-mini-2024-07-18 | 0 | NA | item-by-item | none,gut_diff | political_identity,gut_diff,political_identity,False,85,11,53,1.0,False,gpt-4o-mini-2024-07-18,0.0,,item-by-item,none,0.0,,,True,False,undetermined,-1.0461630573376757,2.5315832974748966,2.4085752019119284,0.25,True,False,no population gap,single df,0.0,0.0,inf,0.7427101200686106,0.7162066114260104,inf,0.0,8,0.00625,0.9875,not read,False
gpt-4o-mini-2024-07-18 | 0 | NA | item-by-item | none,gut_diff | sex,gut_diff,sex,False,85,62,23,1.0,False,gpt-4o-mini-2024-07-18,0.0,,item-by-item,none,-0.0,,,True,False,undetermined,-1.5139845768883289,1.024503510969675,5.186080248260046,0.25,True,False,no population gap,single df,0.0,0.0,inf,-0.2447405329593268,0.5081640147867098,inf,0.0,8,0.00625,0.9875,not read,False
gpt-4o-mini-2024-07-18 | 0 | NA | item-by-item | none,gut_diff | education,gut_diff,education,False,85,41,44,1.0,False,gpt-4o-mini-2024-07-18,0.0,,item-by-item,none,-0.0,,,True,False,undetermined,-1.2216746800862492,0.8092578286450074,4.924465384074174,0.25,True,False,no population gap,single df,0.0,0.0,inf,-0.2062084257206209,0.4065596456151067,inf,0.0,8,0.00625,0.9875,not read,False
gpt-4o-mini-2024-07-18 | 0 | NA | item-by-item | none,gut_diff | age,gut_diff,age,False,85,39,46,1.0,False,gpt-4o-mini-2024-07-18,0.0,,item-by-item,none,-0.0,,,True,False,undetermined,-1.2987750953461776,0.7101463328043716,3.412883562596672,0.25,True,False,no population gap,single df,0.0,0.0,inf,-0.294314381270903,0.4021533853962044,inf,0.0,8,0.00625,0.9875,not read,False
gpt-4o-mini-2024-07-18 | 0 | NA | scale-by-scale | extensive,bjw_score | political_identity,bjw_score,political_identity,True,85,11,53,1.0,False,gpt-4o-mini-2024-07-18,0.0,,scale-by-scale,extensive,1.1303116147308767,,,True,False,undetermined,-0.8247376275749545,6.879626135293655,1.2724204174935967,0.25,True,False,no population gap,single df,3.421955403087477,1.0328712377617368,inf,3.0274442538593505,1.5422882777520266,inf,0.2618703376797037,8,0.00625,0.9875,not read,False
gpt-4o-mini-2024-07-18 | 0 | NA | scale-by-scale | extensive,bjw_score | sex,bjw_score,sex,True,85,62,23,1.0,False,gpt-4o-mini-2024-07-18,0.0,,scale-by-scale,extensive,2.077342047930286,,,True,False,undetermined,-3.4784932878944645,2.190975756337663,4.403411142197722,0.25,True,False,no population gap,single df,-1.3373071528751763,0.7625017504050363,inf,-0.6437587657784007,1.134935462177802,inf,-0.107029330551133,8,0.00625,0.9875,not read,False
gpt-4o-mini-2024-07-18 | 0 | NA | scale-by-scale | extensive,bjw_score | education,bjw_score,education,True,85,41,44,1.0,False,gpt-4o-mini-2024-07-18,0.0,,scale-by-scale,extensive,-0.7092630155510482,,,True,False,undetermined,-3.51943020478364,1.8797406260696696,3.2928006013723343,0.25,True,False,no population gap,single df,0.581485587583149,0.7872215580671138,inf,-0.8198447893569849,1.080826157526246,inf,0.1209522752798933,8,0.00625,0.9875,not read,False
gpt-4o-mini-2024-07-18 | 0 | NA | scale-by-scale | extensive,bjw_score | age,bjw_score,age,True,85,39,46,1.0,False,gpt-4o-mini-2024-07-18,0.0,,scale-by-scale,extensive,-1.1800720288115252,,,True,False,undetermined,-3.6131660383299007,1.7558639201582196,2.89076823095069,0.25,True,False,no population gap,single df,1.0958751393533994,0.7656528600037158,inf,-0.9286510590858406,1.0747924452612447,inf,0.0984724865827124,8,0.00625,0.9875,not read,False
gpt-4o-mini-2024-07-18 | 0 | NA | scale-by-scale | extensive,gut_diff | political_identity,gut_diff,political_identity,True,85,11,53,1.0,False,gpt-4o-mini-2024-07-18,0.0,,scale-by-scale,extensive,1.981524249422633,,,True,False,undetermined,-1.0461630573376757,2.5315832974748966,2.4085752019119284,0.25,True,False,no population gap,single df,1.4716981132075473,0.3588738209309889,inf,0.7427101200686106,0.7162066114260104,inf,0.0833462318136675,8,0.00625,0.9875,not read,False
gpt-4o-mini-2024-07-18 | 0 | NA | scale-by-scale | extensive,gut_diff | sex,gut_diff,sex,True,85,62,23,1.0,False,gpt-4o-mini-2024-07-18,0.0,,scale-by-scale,extensive,2.1346704871060163,,,True,False,undetermined,-1.5139845768883289,1.024503510969675,5.186080248260046,0.25,True,False,no population gap,single df,-0.5224403927068723,0.157605933039171,inf,-0.2447405329593268,0.5081640147867098,inf,0.007565963788637,8,0.00625,0.9875,not read,False
gpt-4o-mini-2024-07-18 | 0 | NA | scale-by-scale | extensive,gut_diff | education,gut_diff,education,True,85,41,44,1.0,False,gpt-4o-mini-2024-07-18,0.0,,scale-by-scale,extensive,-1.3844086021505368,,,True,False,undetermined,-1.2216746800862492,0.8092578286450074,4.924465384074174,0.25,True,False,no population gap,single df,0.2854767184035476,0.2255032722867814,inf,-0.2062084257206209,0.4065596456151067,inf,0.0084131087911739,8,0.00625,0.9875,not read,False
gpt-4o-mini-2024-07-18 | 0 | NA | scale-by-scale | extensive,gut_diff | age,gut_diff,age,True,85,39,46,1.0,False,gpt-4o-mini-2024-07-18,0.0,,scale-by-scale,extensive,-1.0416666666666667,,,True,False,undetermined,-1.2987750953461776,0.7101463328043716,3.412883562596672,0.25,True,False,no population gap,single df,0.306577480490524,0.2170365527608233,inf,-0.294314381270903,0.4021533853962044,inf,0.0082452422994753,8,0.00625,0.9875,not read,False
gpt-4o-mini-2024-07-18 | 0 | NA | scale-by-scale | minimal,bjw_score | political_identity,bjw_score,political_identity,False,85,11,53,1.0,False,gpt-4o-mini-2024-07-18,0.0,,scale-by-scale,minimal,0.1620396600566572,,,True,False,undetermined,-0.8247376275749545,6.879626135293655,1.2724204174935967,0.25,True,False,no population gap,single df,0.4905660377358494,0.7576108466504972,inf,3.0274442538593505,1.5422882777520266,inf,-0.3461185020150351,8,0.00625,0.9875,not read,False
gpt-4o-mini-2024-07-18 | 0 | NA | scale-by-scale | minimal,bjw_score | sex,bjw_score,sex,True,85,62,23,1.0,False,gpt-4o-mini-2024-07-18,0.0,,scale-by-scale,minimal,1.6601307189542456,,,True,False,undetermined,-3.4784932878944645,2.190975756337663,4.403411142197722,0.25,True,False,no population gap,single df,-1.0687237026647942,0.528214211949544,inf,-0.6437587657784007,1.134935462177802,inf,-0.0039194008766162,8,0.00625,0.9875,not read,False
gpt-4o-mini-2024-07-18 | 0 | NA | scale-by-scale | minimal,bjw_score | education,bjw_score,education,False,85,41,44,1.0,False,gpt-4o-mini-2024-07-18,0.0,,scale-by-scale,minimal,-2.1791751183231884,,,True,False,reversed or missing,-3.51943020478364,1.8797406260696696,3.2928006013723343,0.25,True,False,no population gap,single df,1.7865853658536572,0.4913260166111061,inf,-0.8198447893569849,1.080826157526246,inf,-0.0088551042608371,8,0.00625,0.9875,not read,False
gpt-4o-mini-2024-07-18 | 0 | NA | scale-by-scale | minimal,bjw_score | age,bjw_score,age,True,85,39,46,1.0,False,gpt-4o-mini-2024-07-18,0.0,,scale-by-scale,minimal,-1.3337334933973584,,,True,False,undetermined,-3.6131660383299007,1.7558639201582196,2.89076823095069,0.25,True,False,no population gap,single df,1.2385730211817148,0.498798074322628,inf,-0.9286510590858406,1.0747924452612447,inf,0.0141841738476967,8,0.00625,0.9875,not read,False
gpt-4o-mini-2024-07-18 | 0 | NA | scale-by-scale | minimal,gut_diff | political_identity,gut_diff,political_identity,False,85,11,53,1.0,False,gpt-4o-mini-2024-07-18,0.0,,scale-by-scale,minimal,-0.2193995381062355,,,True,False,undetermined,-1.0461630573376757,2.5315832974748966,2.4085752019119284,0.25,True,False,no population gap,single df,-0.1629502572898798,0.1830751494890181,inf,0.7427101200686106,0.7162066114260104,inf,0.0345224918897878,8,0.00625,0.9875,not read,False
gpt-4o-mini-2024-07-18 | 0 | NA | scale-by-scale | minimal,gut_diff | sex,gut_diff,sex,True,85,62,23,1.0,False,gpt-4o-mini-2024-07-18,0.0,,scale-by-scale,minimal,0.1977077363896845,,,True,False,undetermined,-1.5139845768883289,1.024503510969675,5.186080248260046,0.25,True,False,no population gap,single df,-0.0483870967741935,0.0459842858789106,inf,-0.2447405329593268,0.5081640147867098,inf,0.0002565740159256,8,0.00625,0.9875,not read,False
gpt-4o-mini-2024-07-18 | 0 | NA | scale-by-scale | minimal,gut_diff | education,gut_diff,education,False,85,41,44,1.0,False,gpt-4o-mini-2024-07-18,0.0,,scale-by-scale,minimal,0.354838709677419,,,True,False,undetermined,-1.2216746800862492,0.8092578286450074,4.924465384074174,0.25,True,False,no population gap,single df,-0.073170731707317,0.0698133581602665,inf,-0.2062084257206209,0.4065596456151067,inf,0.0021631764812578,8,0.00625,0.9875,not read,False
gpt-4o-mini-2024-07-18 | 0 | NA | scale-by-scale | minimal,gut_diff | age,gut_diff,age,True,85,39,46,1.0,False,gpt-4o-mini-2024-07-18,0.0,,scale-by-scale,minimal,-0.3825757575757574,,,True,False,undetermined,-1.2987750953461776,0.7101463328043716,3.412883562596672,0.25,True,False,no population gap,single df,0.112597547380156,0.0649427327410295,inf,-0.294314381270903,0.4021533853962044,inf,0.000769861821613,8,0.00625,0.9875,not read,False
gpt-4o-mini-2024-07-18 | 0 | NA | scale-by-scale | none,bjw_score | political_identity,bjw_score,political_identity,False,85,11,53,1.0,False,gpt-4o-mini-2024-07-18,0.0,,scale-by-scale,none,0.0,,,True,False,undetermined,-0.8247376275749545,6.879626135293655,1.2724204174935967,0.25,True,False,no population gap,single df,0.0,0.0,inf,3.0274442538593505,1.5422882777520266,inf,0.0,8,0.00625,0.9875,not read,False
gpt-4o-mini-2024-07-18 | 0 | NA | scale-by-scale | none,bjw_score | sex,bjw_score,sex,False,85,62,23,1.0,False,gpt-4o-mini-2024-07-18,0.0,,scale-by-scale,none,-0.0,,,True,False,undetermined,-3.4784932878944645,2.190975756337663,4.403411142197722,0.25,True,False,no population gap,single df,0.0,0.0,inf,-0.6437587657784007,1.134935462177802,inf,0.0,8,0.00625,0.9875,not read,False
gpt-4o-mini-2024-07-18 | 0 | NA | scale-by-scale | none,bjw_score | education,bjw_score,education,False,85,41,44,1.0,False,gpt-4o-mini-2024-07-18,0.0,,scale-by-scale,none,-0.0,,,True,False,undetermined,-3.51943020478364,1.8797406260696696,3.2928006013723343,0.25,True,False,no population gap,single df,0.0,0.0,inf,-0.8198447893569849,1.080826157526246,inf,0.0,8,0.00625,0.9875,not read,False
gpt-4o-mini-2024-07-18 | 0 | NA | scale-by-scale | none,bjw_score | age,bjw_score,age,False,85,39,46,1.0,False,gpt-4o-mini-2024-07-18,0.0,,scale-by-scale,none,-0.0,,,True,False,undetermined,-3.6131660383299007,1.7558639201582196,2.89076823095069,0.25,True,False,no population gap,single df,0.0,0.0,inf,-0.9286510590858406,1.0747924452612447,inf,0.0,8,0.00625,0.9875,not read,False
gpt-4o-mini-2024-07-18 | 0 | NA | scale-by-scale | none,gut_diff | political_identity,gut_diff,political_identity,False,85,11,53,1.0,False,gpt-4o-mini-2024-07-18,0.0,,scale-by-scale,none,0.0,,,True,False,undetermined,-1.0461630573376757,2.5315832974748966,2.4085752019119284,0.25,True,False,no population gap,single df,0.0,0.0,inf,0.7427101200686106,0.7162066114260104,inf,0.0,8,0.00625,0.9875,not read,False
gpt-4o-mini-2024-07-18 | 0 | NA | scale-by-scale | none,gut_diff | sex,gut_diff,sex,False,85,62,23,1.0,False,gpt-4o-mini-2024-07-18,0.0,,scale-by-scale,none,-0.0,,,True,False,undetermined,-1.5139845768883289,1.024503510969675,5.186080248260046,0.25,True,False,no population gap,single df,0.0,0.0,inf,-0.2447405329593268,0.5081640147867098,inf,0.0,8,0.00625,0.9875,not read,False
gpt-4o-mini-2024-07-18 | 0 | NA | scale-by-scale | none,gut_diff | education,gut_diff,education,False,85,41,44,1.0,False,gpt-4o-mini-2024-07-18,0.0,,scale-by-scale,none,-0.0,,,True,False,undetermined,-1.2216746800862492,0.8092578286450074,4.924465384074174,0.25,True,False,no population gap,single df,0.0,0.0,inf,-0.2062084257206209,0.4065596456151067,inf,0.0,8,0.00625,0.9875,not read,False
gpt-4o-mini-2024-07-18 | 0 | NA | scale-by-scale | none,gut_diff | age,gut_diff,age,False,85,39,46,1.0,False,gpt-4o-mini-2024-07-18,0.0,,scale-by-scale,none,-0.0,,,True,False,undetermined,-1.2987750953461776,0.7101463328043716,3.412883562596672,0.25,True,False,no population gap,single df,0.0,0.0,inf,-0.294314381270903,0.4021533853962044,inf,0.0,8,0.00625,0.9875,not read,False
gpt-4o-mini-2024-07-18 | 0.5 | NA | all-at-once | extensive,bjw_score | political_identity,bjw_score,political_identity,True,85,11,53,1.0,False,gpt-4o-mini-2024-07-18,0.5,,all-at-once,extensive,0.4198300283286116,,,True,False,undetermined,-0.8247376275749545,6.879626135293655,1.2724204174935967,0.25,True,False,no population gap,single df,1.2710120068610635,1.0373105046849982,inf,3.0274442538593505,1.5422882777520266,inf,-0.4179157779127172,8,0.00625,0.9875,not read,False
gpt-4o-mini-2024-07-18 | 0.5 | NA | all-at-once | extensive,bjw_score | sex,bjw_score,sex,True,85,62,23,1.0,False,gpt-4o-mini-2024-07-18,0.5,,all-at-once,extensive,0.4738562091503249,,,True,False,undetermined,-3.4784932878944645,2.190975756337663,4.403411142197722,0.25,True,False,no population gap,single df,-0.3050490883590449,0.5329123146155701,inf,-0.6437587657784007,1.134935462177802,inf,0.039067834633812,8,0.00625,0.9875,not read,False
gpt-4o-mini-2024-07-18 | 0.5 | NA | all-at-once | extensive,bjw_score | education,bjw_score,education,True,85,41,44,1.0,False,gpt-4o-mini-2024-07-18,0.5,,all-at-once,extensive,-2.153482082488167,,,True,False,undetermined,-3.51943020478364,1.8797406260696696,3.2928006013723343,0.25,True,False,no population gap,single df,1.7655210643015522,0.6081198809932974,inf,-0.8198447893569849,1.080826157526246,inf,0.0603943117574,8,0.00625,0.9875,not read,False
gpt-4o-mini-2024-07-18 | 0.5 | NA | all-at-once | extensive,bjw_score | age,bjw_score,age,True,85,39,46,1.0,False,gpt-4o-mini-2024-07-18,0.5,,all-at-once,extensive,-0.9573829531812724,,,True,False,undetermined,-3.6131660383299007,1.7558639201582196,2.89076823095069,0.25,True,False,no population gap,single df,0.8890746934225184,0.6332031374552447,inf,-0.9286510590858406,1.0747924452612447,inf,0.0745528015105105,8,0.00625,0.9875,not read,False
gpt-4o-mini-2024-07-18 | 0.5 | NA | all-at-once | extensive,gut_diff | political_identity,gut_diff,political_identity,True,85,11,53,1.0,False,gpt-4o-mini-2024-07-18,0.5,,all-at-once,extensive,2.995381062355658,,,True,False,kept or steepened,-1.0461630573376757,2.5315832974748966,2.4085752019119284,0.25,True,False,no population gap,single df,2.224699828473413,0.34017791239304,inf,0.7427101200686106,0.7162066114260104,inf,0.0614948290599566,8,0.00625,0.9875,not read,False
gpt-4o-mini-2024-07-18 | 0.5 | NA | all-at-once | extensive,gut_diff | sex,gut_diff,sex,True,85,62,23,1.0,False,gpt-4o-mini-2024-07-18,0.5,,all-at-once,extensive,1.5214899713467047,,,True,False,undetermined,-1.5139845768883289,1.024503510969675,5.186080248260046,0.25,True,False,no population gap,single df,-0.3723702664796634,0.2681662994437289,inf,-0.2447405329593268,0.5081640147867098,inf,0.0089794025427628,8,0.00625,0.9875,not read,False
gpt-4o-mini-2024-07-18 | 0.5 | NA | all-at-once | extensive,gut_diff | education,gut_diff,education,True,85,41,44,1.0,False,gpt-4o-mini-2024-07-18,0.5,,all-at-once,extensive,1.4193548387096768,,,True,False,undetermined,-1.2216746800862492,0.8092578286450074,4.924465384074174,0.25,True,False,no population gap,single df,-0.2926829268292683,0.2611810632478384,inf,-0.2062084257206209,0.4065596456151067,inf,0.008679296739885,8,0.00625,0.9875,not read,False
gpt-4o-mini-2024-07-18 | 0.5 | NA | all-at-once | extensive,gut_diff | age,gut_diff,age,True,85,39,46,1.0,False,gpt-4o-mini-2024-07-18,0.5,,all-at-once,extensive,-0.4034090909090909,,,True,False,undetermined,-1.2987750953461776,0.7101463328043716,3.412883562596672,0.25,True,False,no population gap,single df,0.1187290969899665,0.2648276874423449,inf,-0.294314381270903,0.4021533853962044,inf,0.0120040299886329,8,0.00625,0.9875,not read,False
gpt-4o-mini-2024-07-18 | 0.5 | NA | all-at-once | minimal,bjw_score | political_identity,bjw_score,political_identity,False,85,11,53,1.0,False,gpt-4o-mini-2024-07-18,0.5,,all-at-once,minimal,-0.0634560906515585,,,True,False,undetermined,-0.8247376275749545,6.879626135293655,1.2724204174935967,0.25,True,False,no population gap,single df,-0.1921097770154389,0.5169933522498021,inf,3.0274442538593505,1.5422882777520266,inf,-0.3207810914278532,8,0.00625,0.9875,not read,False
gpt-4o-mini-2024-07-18 | 0.5 | NA | all-at-once | minimal,bjw_score | sex,bjw_score,sex,True,85,62,23,1.0,False,gpt-4o-mini-2024-07-18,0.5,,all-at-once,minimal,0.8627450980392125,,,True,False,undetermined,-3.4784932878944645,2.190975756337663,4.403411142197722,0.25,True,False,no population gap,single df,-0.5553997194950888,0.4421847625785753,inf,-0.6437587657784007,1.134935462177802,inf,-0.0692310058667806,8,0.00625,0.9875,not read,False
gpt-4o-mini-2024-07-18 | 0.5 | NA | all-at-once | minimal,bjw_score | education,bjw_score,education,False,85,41,44,1.0,False,gpt-4o-mini-2024-07-18,0.5,,all-at-once,minimal,-0.854631507775522,,,True,False,undetermined,-3.51943020478364,1.8797406260696696,3.2928006013723343,0.25,True,False,no population gap,single df,0.7006651884700652,0.3930477603741696,inf,-0.8198447893569849,1.080826157526246,inf,-0.0485720609243177,8,0.00625,0.9875,not read,False
gpt-4o-mini-2024-07-18 | 0.5 | NA | all-at-once | minimal,bjw_score | age,bjw_score,age,True,85,39,46,1.0,False,gpt-4o-mini-2024-07-18,0.5,,all-at-once,minimal,-1.8553421368547447,,,True,False,reversed or missing,-3.6131660383299007,1.7558639201582196,2.89076823095069,0.25,True,False,no population gap,single df,1.7229654403567451,0.3543545700257129,inf,-0.9286510590858406,1.0747924452612447,inf,-0.0349476904389733,8,0.00625,0.9875,not read,False
gpt-4o-mini-2024-07-18 | 0.5 | NA | all-at-once | minimal,gut_diff | political_identity,gut_diff,political_identity,False,85,11,53,1.0,False,gpt-4o-mini-2024-07-18,0.5,,all-at-once,minimal,0.212471131639723,,,True,False,undetermined,-1.0461630573376757,2.5315832974748966,2.4085752019119284,0.25,True,False,no population gap,single df,0.1578044596912522,0.2062935491556544,inf,0.7427101200686106,0.7162066114260104,inf,0.0369147396751363,8,0.00625,0.9875,not read,False
gpt-4o-mini-2024-07-18 | 0.5 | NA | all-at-once | minimal,gut_diff | sex,gut_diff,sex,True,85,62,23,1.0,False,gpt-4o-mini-2024-07-18,0.5,,all-at-once,minimal,0.6475644699140396,,,True,False,undetermined,-1.5139845768883289,1.024503510969675,5.186080248260046,0.25,True,False,no population gap,single df,-0.158485273492286,0.1759306331850963,inf,-0.2447405329593268,0.5081640147867098,inf,0.0042043757283361,8,0.00625,0.9875,not read,False
gpt-4o-mini-2024-07-18 | 0.5 | NA | all-at-once | minimal,gut_diff | education,gut_diff,education,False,85,41,44,1.0,False,gpt-4o-mini-2024-07-18,0.5,,all-at-once,minimal,-0.7849462365591395,,,True,False,undetermined,-1.2216746800862492,0.8092578286450074,4.924465384074174,0.25,True,False,no population gap,single df,0.1618625277161862,0.1669937179706077,inf,-0.2062084257206209,0.4065596456151067,inf,0.0073932698745534,8,0.00625,0.9875,not read,False
gpt-4o-mini-2024-07-18 | 0.5 | NA | all-at-once | minimal,gut_diff | age,gut_diff,age,True,85,39,46,1.0,False,gpt-4o-mini-2024-07-18,0.5,,all-at-once,minimal,-2.363636363636364,,,True,False,reversed or missing,-1.2987750953461776,0.7101463328043716,3.412883562596672,0.25,True,False,no population gap,single df,0.6956521739130435,0.1404755087874309,inf,-0.294314381270903,0.4021533853962044,inf,0.0052066147394393,8,0.00625,0.9875,not read,False
gpt-4o-mini-2024-07-18 | 0.5 | NA | all-at-once | none,bjw_score | political_identity,bjw_score,political_identity,False,85,11,53,1.0,False,gpt-4o-mini-2024-07-18,0.5,,all-at-once,none,0.1229461756373933,,,True,False,undetermined,-0.8247376275749545,6.879626135293655,1.2724204174935967,0.25,True,False,no population gap,single df,0.372212692967409,0.3068924194533364,inf,3.0274442538593505,1.5422882777520266,inf,0.1583278667035234,8,0.00625,0.9875,not read,False
gpt-4o-mini-2024-07-18 | 0.5 | NA | all-at-once | none,bjw_score | sex,bjw_score,sex,False,85,62,23,1.0,False,gpt-4o-mini-2024-07-18,0.5,,all-at-once,none,-0.1209150326797412,,,True,False,undetermined,-3.4784932878944645,2.190975756337663,4.403411142197722,0.25,True,False,no population gap,single df,0.0778401122019651,0.2588277933456651,inf,-0.6437587657784007,1.134935462177802,inf,-0.0206530216721063,8,0.00625,0.9875,not read,False
gpt-4o-mini-2024-07-18 | 0.5 | NA | all-at-once | none,bjw_score | education,bjw_score,education,False,85,41,44,1.0,False,gpt-4o-mini-2024-07-18,0.5,,all-at-once,none,0.2312373225152149,,,True,False,undetermined,-3.51943020478364,1.8797406260696696,3.2928006013723343,0.25,True,False,no population gap,single df,-0.1895787139689595,0.1804577443849126,inf,-0.8198447893569849,1.080826157526246,inf,-0.0160131425640506,8,0.00625,0.9875,not read,False
gpt-4o-mini-2024-07-18 | 0.5 | NA | all-at-once | none,bjw_score | age,bjw_score,age,False,85,39,46,1.0,False,gpt-4o-mini-2024-07-18,0.5,,all-at-once,none,0.0708283313325358,,,True,False,undetermined,-3.6131660383299007,1.7558639201582196,2.89076823095069,0.25,True,False,no population gap,single df,-0.0657748049052422,0.17697643591272,inf,-0.9286510590858406,1.0747924452612447,inf,-0.0123424127248276,8,0.00625,0.9875,not read,False
gpt-4o-mini-2024-07-18 | 0.5 | NA | all-at-once | none,gut_diff | political_identity,gut_diff,political_identity,False,85,11,53,1.0,False,gpt-4o-mini-2024-07-18,0.5,,all-at-once,none,0.2840646651270208,,,True,False,undetermined,-1.0461630573376757,2.5315832974748966,2.4085752019119284,0.25,True,False,no population gap,single df,0.2109777015437392,0.3490104061022508,inf,0.7427101200686106,0.7162066114260104,inf,-0.0854474974566108,8,0.00625,0.9875,not read,False
gpt-4o-mini-2024-07-18 | 0.5 | NA | all-at-once | none,gut_diff | sex,gut_diff,sex,False,85,62,23,1.0,False,gpt-4o-mini-2024-07-18,0.5,,all-at-once,none,0.5673352435530085,,,True,False,undetermined,-1.5139845768883289,1.024503510969675,5.186080248260046,0.25,True,False,no population gap,single df,-0.1388499298737728,0.2591958280524215,inf,-0.2447405329593268,0.5081640147867098,inf,0.0013884961634554,8,0.00625,0.9875,not read,False
gpt-4o-mini-2024-07-18 | 0.5 | NA | all-at-once | none,gut_diff | education,gut_diff,education,False,85,41,44,1.0,False,gpt-4o-mini-2024-07-18,0.5,,all-at-once,none,2.349462365591397,,,True,False,undetermined,-1.2216746800862492,0.8092578286450074,4.924465384074174,0.25,True,False,no population gap,single df,-0.4844789356984479,0.2055975037922638,inf,-0.2062084257206209,0.4065596456151067,inf,-0.0102661781085859,8,0.00625,0.9875,not read,False
gpt-4o-mini-2024-07-18 | 0.5 | NA | all-at-once | none,gut_diff | age,gut_diff,age,False,85,39,46,1.0,False,gpt-4o-mini-2024-07-18,0.5,,all-at-once,none,0.4280303030303029,,,True,False,undetermined,-1.2987750953461776,0.7101463328043716,3.412883562596672,0.25,True,False,no population gap,single df,-0.1259754738015607,0.2176630230055228,inf,-0.294314381270903,0.4021533853962044,inf,-0.0089302031807224,8,0.00625,0.9875,not read,False
gpt-4o-mini-2024-07-18 | 0.5 | NA | item-by-item | extensive,bjw_score | political_identity,bjw_score,political_identity,True,85,11,53,1.0,False,gpt-4o-mini-2024-07-18,0.5,,item-by-item,extensive,0.593201133144476,,,True,False,undetermined,-0.8247376275749545,6.879626135293655,1.2724204174935967,0.25,True,False,no population gap,single df,1.7958833619210992,0.6554727307811343,inf,3.0274442538593505,1.5422882777520266,inf,-0.0512453907861763,8,0.00625,0.9875,not read,False
gpt-4o-mini-2024-07-18 | 0.5 | NA | item-by-item | extensive,bjw_score | sex,bjw_score,sex,True,85,62,23,1.0,False,gpt-4o-mini-2024-07-18,0.5,,item-by-item,extensive,1.0021786492374725,,,True,False,undetermined,-3.4784932878944645,2.190975756337663,4.403411142197722,0.25,True,False,no population gap,single df,-0.6451612903225801,0.3694630623406171,inf,-0.6437587657784007,1.134935462177802,inf,-0.0267732565383296,8,0.00625,0.9875,not read,False
gpt-4o-mini-2024-07-18 | 0.5 | NA | item-by-item | extensive,bjw_score | education,bjw_score,education,True,85,41,44,1.0,False,gpt-4o-mini-2024-07-18,0.5,,item-by-item,extensive,-0.0743745774171754,,,True,False,undetermined,-3.51943020478364,1.8797406260696696,3.2928006013723343,0.25,True,False,no population gap,single df,0.0609756097560989,0.3928204907471276,inf,-0.8198447893569849,1.080826157526246,inf,0.0480479755698507,8,0.00625,0.9875,not read,False
gpt-4o-mini-2024-07-18 | 0.5 | NA | item-by-item | extensive,bjw_score | age,bjw_score,age,True,85,39,46,1.0,False,gpt-4o-mini-2024-07-18,0.5,,item-by-item,extensive,-0.3241296518607469,,,True,False,undetermined,-3.6131660383299007,1.7558639201582196,2.89076823095069,0.25,True,False,no population gap,single df,0.3010033444816073,0.3877607278103531,inf,-0.9286510590858406,1.0747924452612447,inf,0.0316774299841838,8,0.00625,0.9875,not read,False
gpt-4o-mini-2024-07-18 | 0.5 | NA | item-by-item | extensive,gut_diff | political_identity,gut_diff,political_identity,True,85,11,53,1.0,False,gpt-4o-mini-2024-07-18,0.5,,item-by-item,extensive,2.5981524249422634,,,True,False,undetermined,-1.0461630573376757,2.5315832974748966,2.4085752019119284,0.25,True,False,no population gap,single df,1.92967409948542,0.4360554361796505,inf,0.7427101200686106,0.7162066114260104,inf,0.1096156085064656,8,0.00625,0.9875,not read,False
gpt-4o-mini-2024-07-18 | 0.5 | NA | item-by-item | extensive,gut_diff | sex,gut_diff,sex,True,85,62,23,1.0,False,gpt-4o-mini-2024-07-18,0.5,,item-by-item,extensive,1.0085959885386817,,,True,False,undetermined,-1.5139845768883289,1.024503510969675,5.186080248260046,0.25,True,False,no population gap,single df,-0.2468443197755961,0.2346015296974951,inf,-0.2447405329593268,0.5081640147867098,inf,0.0433459789041042,8,0.00625,0.9875,not read,False
gpt-4o-mini-2024-07-18 | 0.5 | NA | item-by-item | extensive,gut_diff | education,gut_diff,education,True,85,41,44,1.0,False,gpt-4o-mini-2024-07-18,0.5,,item-by-item,extensive,-0.0376344086021504,,,True,False,undetermined,-1.2216746800862492,0.8092578286450074,4.924465384074174,0.25,True,False,no population gap,single df,0.007760532150776,0.2281048669741967,inf,-0.2062084257206209,0.4065596456151067,inf,0.0182178162301477,8,0.00625,0.9875,not read,False
gpt-4o-mini-2024-07-18 | 0.5 | NA | item-by-item | extensive,gut_diff | age,gut_diff,age,True,85,39,46,1.0,False,gpt-4o-mini-2024-07-18,0.5,,item-by-item,extensive,-0.4374999999999998,,,True,False,undetermined,-1.2987750953461776,0.7101463328043716,3.412883562596672,0.25,True,False,no population gap,single df,0.12876254180602,0.2277161417240817,inf,-0.294314381270903,0.4021533853962044,inf,0.0197045728590866,8,0.00625,0.9875,not read,False
gpt-4o-mini-2024-07-18 | 0.5 | NA | item-by-item | minimal,bjw_score | political_identity,bjw_score,political_identity,False,85,11,53,1.0,False,gpt-4o-mini-2024-07-18,0.5,,item-by-item,minimal,-0.0577903682719543,,,True,False,undetermined,-0.8247376275749545,6.879626135293655,1.2724204174935967,0.25,True,False,no population gap,single df,-0.174957118353344,0.3093974292605506,inf,3.0274442538593505,1.5422882777520266,inf,-0.0632282816128067,8,0.00625,0.9875,not read,False
gpt-4o-mini-2024-07-18 | 0.5 | NA | item-by-item | minimal,bjw_score | sex,bjw_score,sex,True,85,62,23,1.0,False,gpt-4o-mini-2024-07-18,0.5,,item-by-item,minimal,1.2342047930283204,,,True,False,undetermined,-3.4784932878944645,2.190975756337663,4.403411142197722,0.25,True,False,no population gap,single df,-0.7945301542776981,0.2107689032036003,inf,-0.6437587657784007,1.134935462177802,inf,-0.0074057634041877,8,0.00625,0.9875,not read,False
gpt-4o-mini-2024-07-18 | 0.5 | NA | item-by-item | minimal,bjw_score | education,bjw_score,education,False,85,41,44,1.0,False,gpt-4o-mini-2024-07-18,0.5,,item-by-item,minimal,-0.5584854631507763,,,True,False,undetermined,-3.51943020478364,1.8797406260696696,3.2928006013723343,0.25,True,False,no population gap,single df,0.4578713968957864,0.2067129886060585,inf,-0.8198447893569849,1.080826157526246,inf,-0.0168496767022932,8,0.00625,0.9875,not read,False
gpt-4o-mini-2024-07-18 | 0.5 | NA | item-by-item | minimal,bjw_score | age,bjw_score,age,True,85,39,46,1.0,False,gpt-4o-mini-2024-07-18,0.5,,item-by-item,minimal,-0.935774309723888,,,True,False,undetermined,-3.6131660383299007,1.7558639201582196,2.89076823095069,0.25,True,False,no population gap,single df,0.8690078037904101,0.1908956663236587,inf,-0.9286510590858406,1.0747924452612447,inf,0.0044132667684223,8,0.00625,0.9875,not read,False
gpt-4o-mini-2024-07-18 | 0.5 | NA | item-by-item | minimal,gut_diff | political_identity,gut_diff,political_identity,False,85,11,53,1.0,False,gpt-4o-mini-2024-07-18,0.5,,item-by-item,minimal,-0.1016166281755196,,,True,False,undetermined,-1.0461630573376757,2.5315832974748966,2.4085752019119284,0.25,True,False,no population gap,single df,-0.0754716981132075,0.0458489818266908,inf,0.7427101200686106,0.7162066114260104,inf,-5.969570595096962e-05,8,0.00625,0.9875,not read,False
gpt-4o-mini-2024-07-18 | 0.5 | NA | item-by-item | minimal,gut_diff | sex,gut_diff,sex,True,85,62,23,1.0,False,gpt-4o-mini-2024-07-18,0.5,,item-by-item,minimal,-0.0859598853868198,,,True,False,undetermined,-1.5139845768883289,1.024503510969675,5.186080248260046,0.25,True,False,no population gap,single df,0.0210378681626929,0.0581637425520623,inf,-0.2447405329593268,0.5081640147867098,inf,-0.0034610241740917,8,0.00625,0.9875,not read,False
gpt-4o-mini-2024-07-18 | 0.5 | NA | item-by-item | minimal,gut_diff | education,gut_diff,education,False,85,41,44,1.0,False,gpt-4o-mini-2024-07-18,0.5,,item-by-item,minimal,-0.5913978494623653,,,True,False,undetermined,-1.2216746800862492,0.8092578286450074,4.924465384074174,0.25,True,False,no population gap,single df,0.1219512195121951,0.0604023419757933,inf,-0.2062084257206209,0.4065596456151067,inf,-0.0004819509634504,8,0.00625,0.9875,not read,False
gpt-4o-mini-2024-07-18 | 0.5 | NA | item-by-item | minimal,gut_diff | age,gut_diff,age,True,85,39,46,1.0,False,gpt-4o-mini-2024-07-18,0.5,,item-by-item,minimal,-0.5965909090909094,,,True,False,undetermined,-1.2987750953461776,0.7101463328043716,3.412883562596672,0.25,True,False,no population gap,single df,0.1755852842809365,0.0616837381388317,inf,-0.294314381270903,0.4021533853962044,inf,-0.0003473072832196,8,0.00625,0.9875,not read,False
gpt-4o-mini-2024-07-18 | 0.5 | NA | item-by-item | none,bjw_score | political_identity,bjw_score,political_identity,False,85,11,53,1.0,False,gpt-4o-mini-2024-07-18,0.5,,item-by-item,none,0.0107648725212466,,,True,False,undetermined,-0.8247376275749545,6.879626135293655,1.2724204174935967,0.25,True,False,no population gap,single df,0.0325900514579764,0.2578143640431792,inf,3.0274442538593505,1.5422882777520266,inf,0.0888994552023511,8,0.00625,0.9875,not read,False
gpt-4o-mini-2024-07-18 | 0.5 | NA | item-by-item | none,bjw_score | sex,bjw_score,sex,False,85,62,23,1.0,False,gpt-4o-mini-2024-07-18,0.5,,item-by-item,none,0.3213507625272357,,,True,False,undetermined,-3.4784932878944645,2.190975756337663,4.403411142197722,0.25,True,False,no population gap,single df,-0.2068723702664812,0.1643767717053925,inf,-0.6437587657784007,1.134935462177802,inf,-0.0468816566365606,8,0.00625,0.9875,not read,False
gpt-4o-mini-2024-07-18 | 0.5 | NA | item-by-item | none,bjw_score | education,bjw_score,education,False,85,41,44,1.0,False,gpt-4o-mini-2024-07-18,0.5,,item-by-item,none,0.064232589587557,,,True,False,undetermined,-3.51943020478364,1.8797406260696696,3.2928006013723343,0.25,True,False,no population gap,single df,-0.0526607538802643,0.1323044328085849,inf,-0.8198447893569849,1.080826157526246,inf,-0.0088590105836591,8,0.00625,0.9875,not read,False
gpt-4o-mini-2024-07-18 | 0.5 | NA | item-by-item | none,bjw_score | age,bjw_score,age,False,85,39,46,1.0,False,gpt-4o-mini-2024-07-18,0.5,,item-by-item,none,-0.0030012004801951,,,True,False,undetermined,-3.6131660383299007,1.7558639201582196,2.89076823095069,0.25,True,False,no population gap,single df,0.0027870680044621,0.137206655802067,inf,-0.9286510590858406,1.0747924452612447,inf,-0.012281727184269,8,0.00625,0.9875,not read,False
gpt-4o-mini-2024-07-18 | 0.5 | NA | item-by-item | none,gut_diff | political_identity,gut_diff,political_identity,False,85,11,53,1.0,False,gpt-4o-mini-2024-07-18,0.5,,item-by-item,none,-0.046189376443418,,,True,False,undetermined,-1.0461630573376757,2.5315832974748966,2.4085752019119284,0.25,True,False,no population gap,single df,-0.0343053173241852,0.0957589056176439,inf,0.7427101200686106,0.7162066114260104,inf,0.0175614986237282,8,0.00625,0.9875,not read,False
gpt-4o-mini-2024-07-18 | 0.5 | NA | item-by-item | none,gut_diff | sex,gut_diff,sex,False,85,62,23,1.0,False,gpt-4o-mini-2024-07-18,0.5,,item-by-item,none,0.1719197707736389,,,True,False,undetermined,-1.5139845768883289,1.024503510969675,5.186080248260046,0.25,True,False,no population gap,single df,-0.0420757363253856,0.0777717773635802,inf,-0.2447405329593268,0.5081640147867098,inf,0.0084637007970698,8,0.00625,0.9875,not read,False
gpt-4o-mini-2024-07-18 | 0.5 | NA | item-by-item | none,gut_diff | education,gut_diff,education,False,85,41,44,1.0,False,gpt-4o-mini-2024-07-18,0.5,,item-by-item,none,-0.1881720430107525,,,True,False,undetermined,-1.2216746800862492,0.8092578286450074,4.924465384074174,0.25,True,False,no population gap,single df,0.0388026607538802,0.0771341455244103,inf,-0.2062084257206209,0.4065596456151067,inf,0.0021383447565368,8,0.00625,0.9875,not read,False
gpt-4o-mini-2024-07-18 | 0.5 | NA | item-by-item | none,gut_diff | age,gut_diff,age,False,85,39,46,1.0,False,gpt-4o-mini-2024-07-18,0.5,,item-by-item,none,0.2272727272727273,,,True,False,undetermined,-1.2987750953461776,0.7101463328043716,3.412883562596672,0.25,True,False,no population gap,single df,-0.0668896321070234,0.0818725769156785,inf,-0.294314381270903,0.4021533853962044,inf,-0.0004578533737048,8,0.00625,0.9875,not read,False
gpt-4o-mini-2024-07-18 | 0.5 | NA | scale-by-scale | extensive,bjw_score | political_identity,bjw_score,political_identity,True,85,11,53,1.0,False,gpt-4o-mini-2024-07-18,0.5,,scale-by-scale,extensive,1.4543909348441912,,,True,False,undetermined,-0.8247376275749545,6.879626135293655,1.2724204174935967,0.25,True,False,no population gap,single df,4.403087478559176,1.1664980445798547,inf,3.0274442538593505,1.5422882777520266,inf,-0.0096727766642667,8,0.00625,0.9875,not read,False
gpt-4o-mini-2024-07-18 | 0.5 | NA | scale-by-scale | extensive,bjw_score | sex,bjw_score,sex,True,85,62,23,1.0,False,gpt-4o-mini-2024-07-18,0.5,,scale-by-scale,extensive,1.6187363834422688,,,True,False,undetermined,-3.4784932878944645,2.190975756337663,4.403411142197722,0.25,True,False,no population gap,single df,-1.042075736325387,0.7926861760049019,inf,-0.6437587657784007,1.134935462177802,inf,-0.1056240977171792,8,0.00625,0.9875,not read,False
gpt-4o-mini-2024-07-18 | 0.5 | NA | scale-by-scale | extensive,bjw_score | education,bjw_score,education,True,85,41,44,1.0,False,gpt-4o-mini-2024-07-18,0.5,,scale-by-scale,extensive,-1.4787018255578117,,,True,False,undetermined,-3.51943020478364,1.8797406260696696,3.2928006013723343,0.25,True,False,no population gap,single df,1.212305986696233,0.819866533764482,inf,-0.8198447893569849,1.080826157526246,inf,0.1112763894074981,8,0.00625,0.9875,not read,False
gpt-4o-mini-2024-07-18 | 0.5 | NA | scale-by-scale | extensive,bjw_score | age,bjw_score,age,True,85,39,46,1.0,False,gpt-4o-mini-2024-07-18,0.5,,scale-by-scale,extensive,-1.328331332533017,,,True,False,undetermined,-3.6131660383299007,1.7558639201582196,2.89076823095069,0.25,True,False,no population gap,single df,1.233556298773692,0.8114828114811353,inf,-0.9286510590858406,1.0747924452612447,inf,0.0826772491042805,8,0.00625,0.9875,not read,False
gpt-4o-mini-2024-07-18 | 0.5 | NA | scale-by-scale | extensive,gut_diff | political_identity,gut_diff,political_identity,True,85,11,53,1.0,False,gpt-4o-mini-2024-07-18,0.5,,scale-by-scale,extensive,2.0577367205542725,,,True,False,undetermined,-1.0461630573376757,2.5315832974748966,2.4085752019119284,0.25,True,False,no population gap,single df,1.5283018867924527,0.4576513949376086,inf,0.7427101200686106,0.7162066114260104,inf,0.0774358945278698,8,0.00625,0.9875,not read,False
gpt-4o-mini-2024-07-18 | 0.5 | NA | scale-by-scale | extensive,gut_diff | sex,gut_diff,sex,True,85,62,23,1.0,False,gpt-4o-mini-2024-07-18,0.5,,scale-by-scale,extensive,2.200573065902578,,,True,False,undetermined,-1.5139845768883289,1.024503510969675,5.186080248260046,0.25,True,False,no population gap,single df,-0.5385694249649369,0.1609873030671315,inf,-0.2447405329593268,0.5081640147867098,inf,0.007938767119915,8,0.00625,0.9875,not read,False
gpt-4o-mini-2024-07-18 | 0.5 | NA | scale-by-scale | extensive,gut_diff | education,gut_diff,education,True,85,41,44,1.0,False,gpt-4o-mini-2024-07-18,0.5,,scale-by-scale,extensive,-0.8091397849462363,,,True,False,undetermined,-1.2216746800862492,0.8092578286450074,4.924465384074174,0.25,True,False,no population gap,single df,0.1668514412416851,0.2337129896630536,inf,-0.2062084257206209,0.4065596456151067,inf,0.004656591628284,8,0.00625,0.9875,not read,False
gpt-4o-mini-2024-07-18 | 0.5 | NA | scale-by-scale | extensive,gut_diff | age,gut_diff,age,True,85,39,46,1.0,False,gpt-4o-mini-2024-07-18,0.5,,scale-by-scale,extensive,-0.7935606060606057,,,True,False,undetermined,-1.2987750953461776,0.7101463328043716,3.412883562596672,0.25,True,False,no population gap,single df,0.23355629877369,0.2325256018010792,inf,-0.294314381270903,0.4021533853962044,inf,0.0031820002872667,8,0.00625,0.9875,not read,False
gpt-4o-mini-2024-07-18 | 0.5 | NA | scale-by-scale | minimal,bjw_score | political_identity,bjw_score,political_identity,False,85,11,53,1.0,False,gpt-4o-mini-2024-07-18,0.5,,scale-by-scale,minimal,-0.1393767705382429,,,True,False,undetermined,-0.8247376275749545,6.879626135293655,1.2724204174935967,0.25,True,False,no population gap,single df,-0.4219554030874768,0.7569747820009226,inf,3.0274442538593505,1.5422882777520266,inf,-0.3096965457159518,8,0.00625,0.9875,not read,False
gpt-4o-mini-2024-07-18 | 0.5 | NA | scale-by-scale | minimal,bjw_score | sex,bjw_score,sex,True,85,62,23,1.0,False,gpt-4o-mini-2024-07-18,0.5,,scale-by-scale,minimal,2.1437908496732048,,,True,False,undetermined,-3.4784932878944645,2.190975756337663,4.403411142197722,0.25,True,False,no population gap,single df,-1.3800841514726514,0.4629285470450837,inf,-0.6437587657784007,1.134935462177802,inf,0.0500140709298648,8,0.00625,0.9875,not read,False
gpt-4o-mini-2024-07-18 | 0.5 | NA | scale-by-scale | minimal,bjw_score | education,bjw_score,education,False,85,41,44,1.0,False,gpt-4o-mini-2024-07-18,0.5,,scale-by-scale,minimal,-2.184584178498987,,,True,False,reversed or missing,-3.51943020478364,1.8797406260696696,3.2928006013723343,0.25,True,False,no population gap,single df,1.7910199556541038,0.4674874553348555,inf,-0.8198447893569849,1.080826157526246,inf,0.0091850169946114,8,0.00625,0.9875,not read,False
gpt-4o-mini-2024-07-18 | 0.5 | NA | scale-by-scale | minimal,bjw_score | age,bjw_score,age,True,85,39,46,1.0,False,gpt-4o-mini-2024-07-18,0.5,,scale-by-scale,minimal,-0.9027611044417798,,,True,False,undetermined,-3.6131660383299007,1.7558639201582196,2.89076823095069,0.25,True,False,no population gap,single df,0.8383500557413619,0.4873065588681982,inf,-0.9286510590858406,1.0747924452612447,inf,0.0253798768608917,8,0.00625,0.9875,not read,False
gpt-4o-mini-2024-07-18 | 0.5 | NA | scale-by-scale | minimal,gut_diff | political_identity,gut_diff,political_identity,False,85,11,53,1.0,False,gpt-4o-mini-2024-07-18,0.5,,scale-by-scale,minimal,-0.2448036951501154,,,True,False,undetermined,-1.0461630573376757,2.5315832974748966,2.4085752019119284,0.25,True,False,no population gap,single df,-0.1818181818181817,0.1869733764819305,inf,0.7427101200686106,0.7162066114260104,inf,-0.0410606492343949,8,0.00625,0.9875,not read,False
gpt-4o-mini-2024-07-18 | 0.5 | NA | scale-by-scale | minimal,gut_diff | sex,gut_diff,sex,True,85,62,23,1.0,False,gpt-4o-mini-2024-07-18,0.5,,scale-by-scale,minimal,0.131805157593123,,,True,False,undetermined,-1.5139845768883289,1.024503510969675,5.186080248260046,0.25,True,False,no population gap,single df,-0.032258064516129,0.031955038452335,inf,-0.2447405329593268,0.5081640147867098,inf,-0.0017069330142514,8,0.00625,0.9875,not read,False
gpt-4o-mini-2024-07-18 | 0.5 | NA | scale-by-scale | minimal,gut_diff | education,gut_diff,education,False,85,41,44,1.0,False,gpt-4o-mini-2024-07-18,0.5,,scale-by-scale,minimal,0.2365591397849463,,,True,False,undetermined,-1.2216746800862492,0.8092578286450074,4.924465384074174,0.25,True,False,no population gap,single df,-0.048780487804878,0.0486785428431368,inf,-0.2062084257206209,0.4065596456151067,inf,-0.0031725183372271,8,0.00625,0.9875,not read,False
gpt-4o-mini-2024-07-18 | 0.5 | NA | scale-by-scale | minimal,gut_diff | age,gut_diff,age,True,85,39,46,1.0,False,gpt-4o-mini-2024-07-18,0.5,,scale-by-scale,minimal,0.1742424242424243,,,True,False,undetermined,-1.2987750953461776,0.7101463328043716,3.412883562596672,0.25,True,False,no population gap,single df,-0.0512820512820513,0.0511496004441498,inf,-0.294314381270903,0.4021533853962044,inf,-0.003181793213184,8,0.00625,0.9875,not read,False
gpt-4o-mini-2024-07-18 | 0.5 | NA | scale-by-scale | none,bjw_score | political_identity,bjw_score,political_identity,False,85,11,53,1.0,False,gpt-4o-mini-2024-07-18,0.5,,scale-by-scale,none,0.2073654390934845,,,True,False,undetermined,-0.8247376275749545,6.879626135293655,1.2724204174935967,0.25,True,False,no population gap,single df,0.627787307032591,0.3063590978431809,inf,3.0274442538593505,1.5422882777520266,inf,-0.3198666042806022,8,0.00625,0.9875,not read,False
gpt-4o-mini-2024-07-18 | 0.5 | NA | scale-by-scale | none,bjw_score | sex,bjw_score,sex,False,85,62,23,1.0,False,gpt-4o-mini-2024-07-18,0.5,,scale-by-scale,none,-0.0522875816993447,,,True,False,undetermined,-3.4784932878944645,2.190975756337663,4.403411142197722,0.25,True,False,no population gap,single df,0.0336605890603074,0.3098520450761367,inf,-0.6437587657784007,1.134935462177802,inf,0.0097045133104115,8,0.00625,0.9875,not read,False
gpt-4o-mini-2024-07-18 | 0.5 | NA | scale-by-scale | none,bjw_score | education,bjw_score,education,False,85,41,44,1.0,False,gpt-4o-mini-2024-07-18,0.5,,scale-by-scale,none,-0.0770791075050701,,,True,False,undetermined,-3.51943020478364,1.8797406260696696,3.2928006013723343,0.25,True,False,no population gap,single df,0.0631929046563186,0.2622342214223853,inf,-0.8198447893569849,1.080826157526246,inf,0.0065310115752502,8,0.00625,0.9875,not read,False
gpt-4o-mini-2024-07-18 | 0.5 | NA | scale-by-scale | none,bjw_score | age,bjw_score,age,False,85,39,46,1.0,False,gpt-4o-mini-2024-07-18,0.5,,scale-by-scale,none,-0.1086434573829518,,,True,False,undetermined,-3.6131660383299007,1.7558639201582196,2.89076823095069,0.25,True,False,no population gap,single df,0.1008918617614256,0.2790273582606277,inf,-0.9286510590858406,1.0747924452612447,inf,-0.0021653788942925,8,0.00625,0.9875,not read,False
gpt-4o-mini-2024-07-18 | 0.5 | NA | scale-by-scale | none,gut_diff | political_identity,gut_diff,political_identity,False,85,11,53,1.0,False,gpt-4o-mini-2024-07-18,0.5,,scale-by-scale,none,0.0969976905311777,,,True,False,undetermined,-1.0461630573376757,2.5315832974748966,2.4085752019119284,0.25,True,False,no population gap,single df,0.0720411663807889,0.1033606600975252,inf,0.7427101200686106,0.7162066114260104,inf,-0.017922952919519,8,0.00625,0.9875,not read,False
gpt-4o-mini-2024-07-18 | 0.5 | NA | scale-by-scale | none,gut_diff | sex,gut_diff,sex,False,85,62,23,1.0,False,gpt-4o-mini-2024-07-18,0.5,,scale-by-scale,none,-0.0859598853868193,,,True,False,undetermined,-1.5139845768883289,1.024503510969675,5.186080248260046,0.25,True,False,no population gap,single df,0.0210378681626928,0.0647268738488927,inf,-0.2447405329593268,0.5081640147867098,inf,-0.0022600414732915,8,0.00625,0.9875,not read,False
gpt-4o-mini-2024-07-18 | 0.5 | NA | scale-by-scale | none,gut_diff | education,gut_diff,education,False,85,41,44,1.0,False,gpt-4o-mini-2024-07-18,0.5,,scale-by-scale,none,0.3225806451612897,,,True,False,undetermined,-1.2216746800862492,0.8092578286450074,4.924465384074174,0.25,True,False,no population gap,single df,-0.0665188470066517,0.0760974406376368,inf,-0.2062084257206209,0.4065596456151067,inf,-0.0004453405215539,8,0.00625,0.9875,not read,False
gpt-4o-mini-2024-07-18 | 0.5 | NA | scale-by-scale | none,gut_diff | age,gut_diff,age,False,85,39,46,1.0,False,gpt-4o-mini-2024-07-18,0.5,,scale-by-scale,none,0.0473484848484849,,,True,False,undetermined,-1.2987750953461776,0.7101463328043716,3.412883562596672,0.25,True,False,no population gap,single df,-0.0139353400222965,0.0743173432469933,inf,-0.294314381270903,0.4021533853962044,inf,-0.001556918247314,8,0.00625,0.9875,not read,False
gpt-4o-mini-2024-07-18 | 1 | NA | all-at-once | extensive,bjw_score | political_identity,bjw_score,political_identity,True,85,11,53,1.0,False,gpt-4o-mini-2024-07-18,1.0,,all-at-once,extensive,0.5223796033994328,,,True,False,undetermined,-0.8247376275749545,6.879626135293655,1.2724204174935967,0.25,True,False,no population gap,single df,1.581475128644939,1.0803599556030217,inf,3.0274442538593505,1.5422882777520266,inf,-0.4768065785576504,8,0.00625,0.9875,not read,False
gpt-4o-mini-2024-07-18 | 1 | NA | all-at-once | extensive,bjw_score | sex,bjw_score,sex,True,85,62,23,1.0,False,gpt-4o-mini-2024-07-18,1.0,,all-at-once,extensive,0.2788671023965143,,,True,False,undetermined,-3.4784932878944645,2.190975756337663,4.403411142197722,0.25,True,False,no population gap,single df,-0.1795231416549789,0.6151469943494747,inf,-0.6437587657784007,1.134935462177802,inf,-0.0242878975106058,8,0.00625,0.9875,not read,False
gpt-4o-mini-2024-07-18 | 1 | NA | all-at-once | extensive,bjw_score | education,bjw_score,education,True,85,41,44,1.0,False,gpt-4o-mini-2024-07-18,1.0,,all-at-once,extensive,-2.6923597025016885,,,True,False,reversed or missing,-3.51943020478364,1.8797406260696696,3.2928006013723343,0.25,True,False,no population gap,single df,2.2073170731707314,0.6203018533131318,inf,-0.8198447893569849,1.080826157526246,inf,5.262806966048663e-06,8,0.00625,0.9875,not read,False
gpt-4o-mini-2024-07-18 | 1 | NA | all-at-once | extensive,bjw_score | age,bjw_score,age,True,85,39,46,1.0,False,gpt-4o-mini-2024-07-18,1.0,,all-at-once,extensive,-2.447779111644663,,,True,False,reversed or missing,-3.6131660383299007,1.7558639201582196,2.89076823095069,0.25,True,False,no population gap,single df,2.2731326644370142,0.6077009117297175,inf,-0.9286510590858406,1.0747924452612447,inf,0.0088461492275757,8,0.00625,0.9875,not read,False
gpt-4o-mini-2024-07-18 | 1 | NA | all-at-once | extensive,gut_diff | political_identity,gut_diff,political_identity,True,85,11,53,1.0,False,gpt-4o-mini-2024-07-18,1.0,,all-at-once,extensive,2.8637413394919173,,,True,False,kept or steepened,-1.0461630573376757,2.5315832974748966,2.4085752019119284,0.25,True,False,no population gap,single df,2.1269296740994856,0.3158811575962714,inf,0.7427101200686106,0.7162066114260104,inf,0.0725528235069251,8,0.00625,0.9875,not read,False
gpt-4o-mini-2024-07-18 | 1 | NA | all-at-once | extensive,gut_diff | sex,gut_diff,sex,True,85,62,23,1.0,False,gpt-4o-mini-2024-07-18,1.0,,all-at-once,extensive,2.409742120343839,,,True,False,undetermined,-1.5139845768883289,1.024503510969675,5.186080248260046,0.25,True,False,no population gap,single df,-0.5897615708274895,0.2670629031353962,inf,-0.2447405329593268,0.5081640147867098,inf,0.0231858881807231,8,0.00625,0.9875,not read,False
gpt-4o-mini-2024-07-18 | 1 | NA | all-at-once | extensive,gut_diff | education,gut_diff,education,True,85,41,44,1.0,False,gpt-4o-mini-2024-07-18,1.0,,all-at-once,extensive,0.1424731182795698,,,True,False,undetermined,-1.2216746800862492,0.8092578286450074,4.924465384074174,0.25,True,False,no population gap,single df,-0.0293791574279379,0.2590388872090782,inf,-0.2062084257206209,0.4065596456151067,inf,0.0196589286309218,8,0.00625,0.9875,not read,False
gpt-4o-mini-2024-07-18 | 1 | NA | all-at-once | extensive,gut_diff | age,gut_diff,age,True,85,39,46,1.0,False,gpt-4o-mini-2024-07-18,1.0,,all-at-once,extensive,-0.6780303030303029,,,True,False,undetermined,-1.2987750953461776,0.7101463328043716,3.412883562596672,0.25,True,False,no population gap,single df,0.1995540691192865,0.2607894685078031,inf,-0.294314381270903,0.4021533853962044,inf,0.01985882208597,8,0.00625,0.9875,not read,False
gpt-4o-mini-2024-07-18 | 1 | NA | all-at-once | minimal,bjw_score | political_identity,bjw_score,political_identity,False,85,11,53,1.0,False,gpt-4o-mini-2024-07-18,1.0,,all-at-once,minimal,0.2158640226628902,,,True,False,undetermined,-0.8247376275749545,6.879626135293655,1.2724204174935967,0.25,True,False,no population gap,single df,0.6535162950257316,0.7573243587538928,inf,3.0274442538593505,1.5422882777520266,inf,-0.0003936023699686,8,0.00625,0.9875,not read,False
gpt-4o-mini-2024-07-18 | 1 | NA | all-at-once | minimal,bjw_score | sex,bjw_score,sex,True,85,62,23,1.0,False,gpt-4o-mini-2024-07-18,1.0,,all-at-once,minimal,0.996732026143794,,,True,False,undetermined,-3.4784932878944645,2.190975756337663,4.403411142197722,0.25,True,False,no population gap,single df,-0.6416549789621335,0.4352953889480445,inf,-0.6437587657784007,1.134935462177802,inf,0.0179483185292001,8,0.00625,0.9875,not read,False
gpt-4o-mini-2024-07-18 | 1 | NA | all-at-once | minimal,bjw_score | education,bjw_score,education,False,85,41,44,1.0,False,gpt-4o-mini-2024-07-18,1.0,,all-at-once,minimal,-0.1183231913455043,,,True,False,undetermined,-3.51943020478364,1.8797406260696696,3.2928006013723343,0.25,True,False,no population gap,single df,0.0970066518847012,0.4102432255248591,inf,-0.8198447893569849,1.080826157526246,inf,-0.0610903380918347,8,0.00625,0.9875,not read,False
gpt-4o-mini-2024-07-18 | 1 | NA | all-at-once | minimal,bjw_score | age,bjw_score,age,True,85,39,46,1.0,False,gpt-4o-mini-2024-07-18,1.0,,all-at-once,minimal,-0.7893157262905165,,,True,False,undetermined,-3.6131660383299007,1.7558639201582196,2.89076823095069,0.25,True,False,no population gap,single df,0.7329988851727975,0.3915215500801544,inf,-0.9286510590858406,1.0747924452612447,inf,-0.0285065143321823,8,0.00625,0.9875,not read,False
gpt-4o-mini-2024-07-18 | 1 | NA | all-at-once | minimal,gut_diff | political_identity,gut_diff,political_identity,False,85,11,53,1.0,False,gpt-4o-mini-2024-07-18,1.0,,all-at-once,minimal,-0.630484988452656,,,True,False,undetermined,-1.0461630573376757,2.5315832974748966,2.4085752019119284,0.25,True,False,no population gap,single df,-0.4682675814751287,0.3403256770014073,inf,0.7427101200686106,0.7162066114260104,inf,0.0656087803299361,8,0.00625,0.9875,not read,False
gpt-4o-mini-2024-07-18 | 1 | NA | all-at-once | minimal,gut_diff | sex,gut_diff,sex,True,85,62,23,1.0,False,gpt-4o-mini-2024-07-18,1.0,,all-at-once,minimal,0.965616045845272,,,True,False,undetermined,-1.5139845768883289,1.024503510969675,5.186080248260046,0.25,True,False,no population gap,single df,-0.2363253856942496,0.2234009403800305,inf,-0.2447405329593268,0.5081640147867098,inf,0.0021706786763295,8,0.00625,0.9875,not read,False
gpt-4o-mini-2024-07-18 | 1 | NA | all-at-once | minimal,gut_diff | education,gut_diff,education,False,85,41,44,1.0,False,gpt-4o-mini-2024-07-18,1.0,,all-at-once,minimal,-0.3333333333333334,,,True,False,undetermined,-1.2216746800862492,0.8092578286450074,4.924465384074174,0.25,True,False,no population gap,single df,0.0687361419068736,0.2126043039011926,inf,-0.2062084257206209,0.4065596456151067,inf,-0.0020958664643222,8,0.00625,0.9875,not read,False
gpt-4o-mini-2024-07-18 | 1 | NA | all-at-once | minimal,gut_diff | age,gut_diff,age,True,85,39,46,1.0,False,gpt-4o-mini-2024-07-18,1.0,,all-at-once,minimal,-0.9772727272727272,,,True,False,undetermined,-1.2987750953461776,0.7101463328043716,3.412883562596672,0.25,True,False,no population gap,single df,0.2876254180602007,0.2094195116714372,inf,-0.294314381270903,0.4021533853962044,inf,0.0001592878663295,8,0.00625,0.9875,not read,False
gpt-4o-mini-2024-07-18 | 1 | NA | all-at-once | none,bjw_score | political_identity,bjw_score,political_identity,False,85,11,53,1.0,False,gpt-4o-mini-2024-07-18,1.0,,all-at-once,none,-0.0294617563739383,,,True,False,undetermined,-0.8247376275749545,6.879626135293655,1.2724204174935967,0.25,True,False,no population gap,single df,-0.0891938250428836,0.6787762406495876,inf,3.0274442538593505,1.5422882777520266,inf,-0.2432293013149828,8,0.00625,0.9875,not read,False
gpt-4o-mini-2024-07-18 | 1 | NA | all-at-once | none,bjw_score | sex,bjw_score,sex,False,85,62,23,1.0,False,gpt-4o-mini-2024-07-18,1.0,,all-at-once,none,-0.4139433551198293,,,True,False,undetermined,-3.4784932878944645,2.190975756337663,4.403411142197722,0.25,True,False,no population gap,single df,0.2664796633941115,0.4019479331843865,inf,-0.6437587657784007,1.134935462177802,inf,-0.1006841192527988,8,0.00625,0.9875,not read,False
gpt-4o-mini-2024-07-18 | 1 | NA | all-at-once | none,bjw_score | education,bjw_score,education,False,85,41,44,1.0,False,gpt-4o-mini-2024-07-18,1.0,,all-at-once,none,-0.1791751183231929,,,True,False,undetermined,-3.51943020478364,1.8797406260696696,3.2928006013723343,0.25,True,False,no population gap,single df,0.1468957871396909,0.3408944507255543,inf,-0.8198447893569849,1.080826157526246,inf,-0.0808984882428238,8,0.00625,0.9875,not read,False
gpt-4o-mini-2024-07-18 | 1 | NA | all-at-once | none,bjw_score | age,bjw_score,age,False,85,39,46,1.0,False,gpt-4o-mini-2024-07-18,1.0,,all-at-once,none,0.0030012004801951,,,True,False,undetermined,-3.6131660383299007,1.7558639201582196,2.89076823095069,0.25,True,False,no population gap,single df,-0.0027870680044621,0.3410050527569883,inf,-0.9286510590858406,1.0747924452612447,inf,-0.0610030472310866,8,0.00625,0.9875,not read,False
gpt-4o-mini-2024-07-18 | 1 | NA | all-at-once | none,gut_diff | political_identity,gut_diff,political_identity,False,85,11,53,1.0,False,gpt-4o-mini-2024-07-18,1.0,,all-at-once,none,0.8337182448036953,,,True,False,undetermined,-1.0461630573376757,2.5315832974748966,2.4085752019119284,0.25,True,False,no population gap,single df,0.6192109777015438,0.3488334733291607,inf,0.7427101200686106,0.7162066114260104,inf,0.0356384535883364,8,0.00625,0.9875,not read,False
gpt-4o-mini-2024-07-18 | 1 | NA | all-at-once | none,gut_diff | sex,gut_diff,sex,False,85,62,23,1.0,False,gpt-4o-mini-2024-07-18,1.0,,all-at-once,none,-0.4441260744985674,,,True,False,undetermined,-1.5139845768883289,1.024503510969675,5.186080248260046,0.25,True,False,no population gap,single df,0.108695652173913,0.2226823028053453,inf,-0.2447405329593268,0.5081640147867098,inf,0.0136650959528626,8,0.00625,0.9875,not read,False
gpt-4o-mini-2024-07-18 | 1 | NA | all-at-once | none,gut_diff | education,gut_diff,education,False,85,41,44,1.0,False,gpt-4o-mini-2024-07-18,1.0,,all-at-once,none,-0.1612903225806448,,,True,False,undetermined,-1.2216746800862492,0.8092578286450074,4.924465384074174,0.25,True,False,no population gap,single df,0.0332594235033258,0.2133491631022929,inf,-0.2062084257206209,0.4065596456151067,inf,0.0009535576190373,8,0.00625,0.9875,not read,False
gpt-4o-mini-2024-07-18 | 1 | NA | all-at-once | none,gut_diff | age,gut_diff,age,False,85,39,46,1.0,False,gpt-4o-mini-2024-07-18,1.0,,all-at-once,none,1.0227272727272725,,,True,False,undetermined,-1.2987750953461776,0.7101463328043716,3.412883562596672,0.25,True,False,no population gap,single df,-0.3010033444816053,0.198973148518096,inf,-0.294314381270903,0.4021533853962044,inf,0.00308428452631,8,0.00625,0.9875,not read,False
gpt-4o-mini-2024-07-18 | 1 | NA | item-by-item | extensive,bjw_score | political_identity,bjw_score,political_identity,True,85,11,53,1.0,False,gpt-4o-mini-2024-07-18,1.0,,item-by-item,extensive,0.6628895184135969,,,True,False,undetermined,-0.8247376275749545,6.879626135293655,1.2724204174935967,0.25,True,False,no population gap,single df,2.006861063464836,0.6276799874267286,inf,3.0274442538593505,1.5422882777520266,inf,-0.1125742969324548,8,0.00625,0.9875,not read,False
gpt-4o-mini-2024-07-18 | 1 | NA | item-by-item | extensive,bjw_score | sex,bjw_score,sex,True,85,62,23,1.0,False,gpt-4o-mini-2024-07-18,1.0,,item-by-item,extensive,0.905228758169934,,,True,False,undetermined,-3.4784932878944645,2.190975756337663,4.403411142197722,0.25,True,False,no population gap,single df,-0.5827489481065911,0.3811629746918107,inf,-0.6437587657784007,1.134935462177802,inf,0.0242439285703743,8,0.00625,0.9875,not read,False
gpt-4o-mini-2024-07-18 | 1 | NA | item-by-item | extensive,bjw_score | education,bjw_score,education,True,85,41,44,1.0,False,gpt-4o-mini-2024-07-18,1.0,,item-by-item,extensive,-0.0520622041920219,,,True,False,undetermined,-3.51943020478364,1.8797406260696696,3.2928006013723343,0.25,True,False,no population gap,single df,0.0426829268292685,0.3997675153049024,inf,-0.8198447893569849,1.080826157526246,inf,0.0570893916053263,8,0.00625,0.9875,not read,False
gpt-4o-mini-2024-07-18 | 1 | NA | item-by-item | extensive,bjw_score | age,bjw_score,age,True,85,39,46,1.0,False,gpt-4o-mini-2024-07-18,1.0,,item-by-item,extensive,-0.4309723889555824,,,True,False,undetermined,-3.6131660383299007,1.7558639201582196,2.89076823095069,0.25,True,False,no population gap,single df,0.4002229654403564,0.3893273154354869,inf,-0.9286510590858406,1.0747924452612447,inf,0.0500977107222452,8,0.00625,0.9875,not read,False
gpt-4o-mini-2024-07-18 | 1 | NA | item-by-item | extensive,gut_diff | political_identity,gut_diff,political_identity,True,85,11,53,1.0,False,gpt-4o-mini-2024-07-18,1.0,,item-by-item,extensive,3.004618937644342,,,True,False,kept or steepened,-1.0461630573376757,2.5315832974748966,2.4085752019119284,0.25,True,False,no population gap,single df,2.2315608919382504,0.4641968953373059,inf,0.7427101200686106,0.7162066114260104,inf,0.1502857993803383,8,0.00625,0.9875,not read,False
gpt-4o-mini-2024-07-18 | 1 | NA | item-by-item | extensive,gut_diff | sex,gut_diff,sex,True,85,62,23,1.0,False,gpt-4o-mini-2024-07-18,1.0,,item-by-item,extensive,1.2464183381088825,,,True,False,undetermined,-1.5139845768883289,1.024503510969675,5.186080248260046,0.25,True,False,no population gap,single df,-0.3050490883590463,0.2712347552121857,inf,-0.2447405329593268,0.5081640147867098,inf,0.0203554698385699,8,0.00625,0.9875,not read,False
gpt-4o-mini-2024-07-18 | 1 | NA | item-by-item | extensive,gut_diff | education,gut_diff,education,True,85,41,44,1.0,False,gpt-4o-mini-2024-07-18,1.0,,item-by-item,extensive,0.1209677419354839,,,True,False,undetermined,-1.2216746800862492,0.8092578286450074,4.924465384074174,0.25,True,False,no population gap,single df,-0.0249445676274944,0.2824193839265533,inf,-0.2062084257206209,0.4065596456151067,inf,0.0155283956851156,8,0.00625,0.9875,not read,False
gpt-4o-mini-2024-07-18 | 1 | NA | item-by-item | extensive,gut_diff | age,gut_diff,age,True,85,39,46,1.0,False,gpt-4o-mini-2024-07-18,1.0,,item-by-item,extensive,0.3598484848484847,,,True,False,undetermined,-1.2987750953461776,0.7101463328043716,3.412883562596672,0.25,True,False,no population gap,single df,-0.1059085841694537,0.2863986818060535,inf,-0.294314381270903,0.4021533853962044,inf,0.0170390031137458,8,0.00625,0.9875,not read,False
gpt-4o-mini-2024-07-18 | 1 | NA | item-by-item | minimal,bjw_score | political_identity,bjw_score,political_identity,False,85,11,53,1.0,False,gpt-4o-mini-2024-07-18,1.0,,item-by-item,minimal,-0.087818696883852,,,True,False,undetermined,-0.8247376275749545,6.879626135293655,1.2724204174935967,0.25,True,False,no population gap,single df,-0.265866209262434,0.4000704602923308,inf,3.0274442538593505,1.5422882777520266,inf,0.0653806229206388,8,0.00625,0.9875,not read,False
gpt-4o-mini-2024-07-18 | 1 | NA | item-by-item | minimal,bjw_score | sex,bjw_score,sex,True,85,62,23,1.0,False,gpt-4o-mini-2024-07-18,1.0,,item-by-item,minimal,0.836601307189543,,,True,False,undetermined,-3.4784932878944645,2.190975756337663,4.403411142197722,0.25,True,False,no population gap,single df,-0.5385694249649369,0.2883019291356454,inf,-0.6437587657784007,1.134935462177802,inf,0.0466550910208065,8,0.00625,0.9875,not read,False
gpt-4o-mini-2024-07-18 | 1 | NA | item-by-item | minimal,bjw_score | education,bjw_score,education,False,85,41,44,1.0,False,gpt-4o-mini-2024-07-18,1.0,,item-by-item,minimal,-0.5483434753211623,,,True,False,undetermined,-3.51943020478364,1.8797406260696696,3.2928006013723343,0.25,True,False,no population gap,single df,0.4495565410199553,0.2599715197821604,inf,-0.8198447893569849,1.080826157526246,inf,-0.0194917365481235,8,0.00625,0.9875,not read,False
gpt-4o-mini-2024-07-18 | 1 | NA | item-by-item | minimal,bjw_score | age,bjw_score,age,True,85,39,46,1.0,False,gpt-4o-mini-2024-07-18,1.0,,item-by-item,minimal,-0.8127250900360133,,,True,False,undetermined,-3.6131660383299007,1.7558639201582196,2.89076823095069,0.25,True,False,no population gap,single df,0.7547380156075789,0.2527714402248869,inf,-0.9286510590858406,1.0747924452612447,inf,0.0104565263079389,8,0.00625,0.9875,not read,False
gpt-4o-mini-2024-07-18 | 1 | NA | item-by-item | minimal,gut_diff | political_identity,gut_diff,political_identity,False,85,11,53,1.0,False,gpt-4o-mini-2024-07-18,1.0,,item-by-item,minimal,0.2355658198614319,,,True,False,undetermined,-1.0461630573376757,2.5315832974748966,2.4085752019119284,0.25,True,False,no population gap,single df,0.1749571183533448,0.2590493226456203,inf,0.7427101200686106,0.7162066114260104,inf,0.0070681548615431,8,0.00625,0.9875,not read,False
gpt-4o-mini-2024-07-18 | 1 | NA | item-by-item | minimal,gut_diff | sex,gut_diff,sex,True,85,62,23,1.0,False,gpt-4o-mini-2024-07-18,1.0,,item-by-item,minimal,1.0257879656160451,,,True,False,undetermined,-1.5139845768883289,1.024503510969675,5.186080248260046,0.25,True,False,no population gap,single df,-0.2510518934081346,0.1423321958068603,inf,-0.2447405329593268,0.5081640147867098,inf,-0.0217349502539292,8,0.00625,0.9875,not read,False
gpt-4o-mini-2024-07-18 | 1 | NA | item-by-item | minimal,gut_diff | education,gut_diff,education,False,85,41,44,1.0,False,gpt-4o-mini-2024-07-18,1.0,,item-by-item,minimal,-1.1989247311827955,,,True,False,undetermined,-1.2216746800862492,0.8092578286450074,4.924465384074174,0.25,True,False,no population gap,single df,0.2472283813747229,0.1274876028845333,inf,-0.2062084257206209,0.4065596456151067,inf,-0.0035041191292182,8,0.00625,0.9875,not read,False
gpt-4o-mini-2024-07-18 | 1 | NA | item-by-item | minimal,gut_diff | age,gut_diff,age,True,85,39,46,1.0,False,gpt-4o-mini-2024-07-18,1.0,,item-by-item,minimal,-0.8977272727272728,,,True,False,undetermined,-1.2987750953461776,0.7101463328043716,3.412883562596672,0.25,True,False,no population gap,single df,0.2642140468227425,0.1310715718588333,inf,-0.294314381270903,0.4021533853962044,inf,-0.003893195183504,8,0.00625,0.9875,not read,False
gpt-4o-mini-2024-07-18 | 1 | NA | item-by-item | none,bjw_score | political_identity,bjw_score,political_identity,False,85,11,53,1.0,False,gpt-4o-mini-2024-07-18,1.0,,item-by-item,none,-0.1042492917847028,,,True,False,undetermined,-0.8247376275749545,6.879626135293655,1.2724204174935967,0.25,True,False,no population gap,single df,-0.3156089193825053,0.3611957630947192,inf,3.0274442538593505,1.5422882777520266,inf,-0.0426345805341118,8,0.00625,0.9875,not read,False
gpt-4o-mini-2024-07-18 | 1 | NA | item-by-item | none,bjw_score | sex,bjw_score,sex,False,85,62,23,1.0,False,gpt-4o-mini-2024-07-18,1.0,,item-by-item,none,0.0359477124182984,,,True,False,undetermined,-3.4784932878944645,2.190975756337663,4.403411142197722,0.25,True,False,no population gap,single df,-0.0231416549789607,0.2591784700710757,inf,-0.6437587657784007,1.134935462177802,inf,0.0523805903747197,8,0.00625,0.9875,not read,False
gpt-4o-mini-2024-07-18 | 1 | NA | item-by-item | none,bjw_score | education,bjw_score,education,False,85,41,44,1.0,False,gpt-4o-mini-2024-07-18,1.0,,item-by-item,none,0.2325895875591623,,,True,False,undetermined,-3.51943020478364,1.8797406260696696,3.2928006013723343,0.25,True,False,no population gap,single df,-0.1906873614190694,0.232173563533023,inf,-0.8198447893569849,1.080826157526246,inf,-0.0041409134048155,8,0.00625,0.9875,not read,False
gpt-4o-mini-2024-07-18 | 1 | NA | item-by-item | none,bjw_score | age,bjw_score,age,False,85,39,46,1.0,False,gpt-4o-mini-2024-07-18,1.0,,item-by-item,none,0.0396158463385323,,,True,False,undetermined,-3.6131660383299007,1.7558639201582196,2.89076823095069,0.25,True,False,no population gap,single df,-0.0367892976588599,0.2357520026637533,inf,-0.9286510590858406,1.0747924452612447,inf,0.0017662455291479,8,0.00625,0.9875,not read,False
gpt-4o-mini-2024-07-18 | 1 | NA | item-by-item | none,gut_diff | political_identity,gut_diff,political_identity,False,85,11,53,1.0,False,gpt-4o-mini-2024-07-18,1.0,,item-by-item,none,0.0484988452655889,,,True,False,undetermined,-1.0461630573376757,2.5315832974748966,2.4085752019119284,0.25,True,False,no population gap,single df,0.0360205831903945,0.2363606266197478,inf,0.7427101200686106,0.7162066114260104,inf,0.0024196109776009,8,0.00625,0.9875,not read,False
gpt-4o-mini-2024-07-18 | 1 | NA | item-by-item | none,gut_diff | sex,gut_diff,sex,False,85,62,23,1.0,False,gpt-4o-mini-2024-07-18,1.0,,item-by-item,none,-0.6819484240687677,,,True,False,undetermined,-1.5139845768883289,1.024503510969675,5.186080248260046,0.25,True,False,no population gap,single df,0.1669004207573632,0.2194853737062577,inf,-0.2447405329593268,0.5081640147867098,inf,0.0059929886500476,8,0.00625,0.9875,not read,False
gpt-4o-mini-2024-07-18 | 1 | NA | item-by-item | none,gut_diff | education,gut_diff,education,False,85,41,44,1.0,False,gpt-4o-mini-2024-07-18,1.0,,item-by-item,none,-0.7768817204301073,,,True,False,undetermined,-1.2216746800862492,0.8092578286450074,4.924465384074174,0.25,True,False,no population gap,single df,0.1601995565410199,0.1724227478714574,inf,-0.2062084257206209,0.4065596456151067,inf,0.0001980009416793,8,0.00625,0.9875,not read,False
gpt-4o-mini-2024-07-18 | 1 | NA | item-by-item | none,gut_diff | age,gut_diff,age,False,85,39,46,1.0,False,gpt-4o-mini-2024-07-18,1.0,,item-by-item,none,-0.418560606060606,,,True,False,undetermined,-1.2987750953461776,0.7101463328043716,3.412883562596672,0.25,True,False,no population gap,single df,0.1231884057971014,0.1714803284488431,inf,-0.294314381270903,0.4021533853962044,inf,0.0004398147434725,8,0.00625,0.9875,not read,False
gpt-4o-mini-2024-07-18 | 1 | NA | scale-by-scale | extensive,bjw_score | political_identity,bjw_score,political_identity,True,85,11,53,1.0,False,gpt-4o-mini-2024-07-18,1.0,,scale-by-scale,extensive,1.5813031161473083,,,True,False,undetermined,-0.8247376275749545,6.879626135293655,1.2724204174935967,0.25,True,False,no population gap,single df,4.7873070325900535,1.1382251899416729,inf,3.0274442538593505,1.5422882777520266,inf,-0.0779344533379036,8,0.00625,0.9875,not read,False
gpt-4o-mini-2024-07-18 | 1 | NA | scale-by-scale | extensive,bjw_score | sex,bjw_score,sex,True,85,62,23,1.0,False,gpt-4o-mini-2024-07-18,1.0,,scale-by-scale,extensive,1.2549019607843117,,,True,False,undetermined,-3.4784932878944645,2.190975756337663,4.403411142197722,0.25,True,False,no population gap,single df,-0.8078541374474035,0.8540049268842802,inf,-0.6437587657784007,1.134935462177802,inf,-0.1124038675607519,8,0.00625,0.9875,not read,False
gpt-4o-mini-2024-07-18 | 1 | NA | scale-by-scale | extensive,bjw_score | education,bjw_score,education,True,85,41,44,1.0,False,gpt-4o-mini-2024-07-18,1.0,,scale-by-scale,extensive,-1.0811359026369167,,,True,False,undetermined,-3.51943020478364,1.8797406260696696,3.2928006013723343,0.25,True,False,no population gap,single df,0.8863636363636367,0.8181293687864082,inf,-0.8198447893569849,1.080826157526246,inf,0.1441337443948639,8,0.00625,0.9875,not read,False
gpt-4o-mini-2024-07-18 | 1 | NA | scale-by-scale | extensive,bjw_score | age,bjw_score,age,True,85,39,46,1.0,False,gpt-4o-mini-2024-07-18,1.0,,scale-by-scale,extensive,-1.4231692677070835,,,True,False,undetermined,-3.6131660383299007,1.7558639201582196,2.89076823095069,0.25,True,False,no population gap,single df,1.3216276477146032,0.80993902158302,inf,-0.9286510590858406,1.0747924452612447,inf,0.1337005290250902,8,0.00625,0.9875,not read,False
gpt-4o-mini-2024-07-18 | 1 | NA | scale-by-scale | extensive,gut_diff | political_identity,gut_diff,political_identity,True,85,11,53,1.0,False,gpt-4o-mini-2024-07-18,1.0,,scale-by-scale,extensive,2.0577367205542725,,,True,False,undetermined,-1.0461630573376757,2.5315832974748966,2.4085752019119284,0.25,True,False,no population gap,single df,1.5283018867924527,0.3657584935061982,inf,0.7427101200686106,0.7162066114260104,inf,0.0850223924240064,8,0.00625,0.9875,not read,False
gpt-4o-mini-2024-07-18 | 1 | NA | scale-by-scale | extensive,gut_diff | sex,gut_diff,sex,True,85,62,23,1.0,False,gpt-4o-mini-2024-07-18,1.0,,scale-by-scale,extensive,2.26647564469914,,,True,False,undetermined,-1.5139845768883289,1.024503510969675,5.186080248260046,0.25,True,False,no population gap,single df,-0.5546984572230014,0.1942711161100783,inf,-0.2447405329593268,0.5081640147867098,inf,0.0086701239950382,8,0.00625,0.9875,not read,False
gpt-4o-mini-2024-07-18 | 1 | NA | scale-by-scale | extensive,gut_diff | education,gut_diff,education,True,85,41,44,1.0,False,gpt-4o-mini-2024-07-18,1.0,,scale-by-scale,extensive,-0.919354838709677,,,True,False,undetermined,-1.2216746800862492,0.8092578286450074,4.924465384074174,0.25,True,False,no population gap,single df,0.1895787139689578,0.2325089624134193,inf,-0.2062084257206209,0.4065596456151067,inf,0.0096134728530345,8,0.00625,0.9875,not read,False
gpt-4o-mini-2024-07-18 | 1 | NA | scale-by-scale | extensive,gut_diff | age,gut_diff,age,True,85,39,46,1.0,False,gpt-4o-mini-2024-07-18,1.0,,scale-by-scale,extensive,-0.5454545454545454,,,True,False,undetermined,-1.2987750953461776,0.7101463328043716,3.412883562596672,0.25,True,False,no population gap,single df,0.1605351170568562,0.2386799566612623,inf,-0.294314381270903,0.4021533853962044,inf,0.0074078874652919,8,0.00625,0.9875,not read,False
gpt-4o-mini-2024-07-18 | 1 | NA | scale-by-scale | minimal,bjw_score | political_identity,bjw_score,political_identity,False,85,11,53,1.0,False,gpt-4o-mini-2024-07-18,1.0,,scale-by-scale,minimal,-0.0073654390934845,,,True,False,undetermined,-0.8247376275749545,6.879626135293655,1.2724204174935967,0.25,True,False,no population gap,single df,-0.0222984562607209,0.9399147893914586,inf,3.0274442538593505,1.5422882777520266,inf,-0.5115541488875934,8,0.00625,0.9875,not read,False
gpt-4o-mini-2024-07-18 | 1 | NA | scale-by-scale | minimal,bjw_score | sex,bjw_score,sex,True,85,62,23,1.0,False,gpt-4o-mini-2024-07-18,1.0,,scale-by-scale,minimal,0.6252723311546862,,,True,False,undetermined,-3.4784932878944645,2.190975756337663,4.403411142197722,0.25,True,False,no population gap,single df,-0.4025245441795242,0.4705097446251297,inf,-0.6437587657784007,1.134935462177802,inf,-0.0413589011116829,8,0.00625,0.9875,not read,False
gpt-4o-mini-2024-07-18 | 1 | NA | scale-by-scale | minimal,bjw_score | education,bjw_score,education,False,85,41,44,1.0,False,gpt-4o-mini-2024-07-18,1.0,,scale-by-scale,minimal,-1.2765382014874913,,,True,False,undetermined,-3.51943020478364,1.8797406260696696,3.2928006013723343,0.25,True,False,no population gap,single df,1.0465631929046566,0.4508415523717856,inf,-0.8198447893569849,1.080826157526246,inf,-0.0424162145585102,8,0.00625,0.9875,not read,False
gpt-4o-mini-2024-07-18 | 1 | NA | scale-by-scale | minimal,bjw_score | age,bjw_score,age,True,85,39,46,1.0,False,gpt-4o-mini-2024-07-18,1.0,,scale-by-scale,minimal,-0.2292917166866728,,,True,False,undetermined,-3.6131660383299007,1.7558639201582196,2.89076823095069,0.25,True,False,no population gap,single df,0.2129319955406892,0.4790655500543981,inf,-0.9286510590858406,1.0747924452612447,inf,-0.0417898379893228,8,0.00625,0.9875,not read,False
gpt-4o-mini-2024-07-18 | 1 | NA | scale-by-scale | minimal,gut_diff | political_identity,gut_diff,political_identity,False,85,11,53,1.0,False,gpt-4o-mini-2024-07-18,1.0,,scale-by-scale,minimal,0.4064665127020786,,,True,False,undetermined,-1.0461630573376757,2.5315832974748966,2.4085752019119284,0.25,True,False,no population gap,single df,0.3018867924528302,0.1040167044224176,inf,0.7427101200686106,0.7162066114260104,inf,0.0005195491749348,8,0.00625,0.9875,not read,False
gpt-4o-mini-2024-07-18 | 1 | NA | scale-by-scale | minimal,gut_diff | sex,gut_diff,sex,True,85,62,23,1.0,False,gpt-4o-mini-2024-07-18,1.0,,scale-by-scale,minimal,-1.2492836676217765,,,True,False,undetermined,-1.5139845768883289,1.024503510969675,5.186080248260046,0.25,True,False,no population gap,single df,0.3057503506311361,0.1857114220972056,inf,-0.2447405329593268,0.5081640147867098,inf,-0.003027027403969,8,0.00625,0.9875,not read,False
gpt-4o-mini-2024-07-18 | 1 | NA | scale-by-scale | minimal,gut_diff | education,gut_diff,education,False,85,41,44,1.0,False,gpt-4o-mini-2024-07-18,1.0,,scale-by-scale,minimal,0.0725806451612899,,,True,False,undetermined,-1.2216746800862492,0.8092578286450074,4.924465384074174,0.25,True,False,no population gap,single df,-0.0149667405764966,0.1392360499831101,inf,-0.2062084257206209,0.4065596456151067,inf,0.002528209330345,8,0.00625,0.9875,not read,False
gpt-4o-mini-2024-07-18 | 1 | NA | scale-by-scale | minimal,gut_diff | age,gut_diff,age,True,85,39,46,1.0,False,gpt-4o-mini-2024-07-18,1.0,,scale-by-scale,minimal,-0.8465909090909092,,,True,False,undetermined,-1.2987750953461776,0.7101463328043716,3.412883562596672,0.25,True,False,no population gap,single df,0.2491638795986622,0.1350041645436814,inf,-0.294314381270903,0.4021533853962044,inf,0.002493050328228,8,0.00625,0.9875,not read,False
gpt-4o-mini-2024-07-18 | 1 | NA | scale-by-scale | none,bjw_score | political_identity,bjw_score,political_identity,False,85,11,53,1.0,False,gpt-4o-mini-2024-07-18,1.0,,scale-by-scale,none,0.269688385269122,,,True,False,undetermined,-0.8247376275749545,6.879626135293655,1.2724204174935967,0.25,True,False,no population gap,single df,0.8164665523156103,0.5027457021858538,inf,3.0274442538593505,1.5422882777520266,inf,-0.1918455119988858,8,0.00625,0.9875,not read,False
gpt-4o-mini-2024-07-18 | 1 | NA | scale-by-scale | none,bjw_score | sex,bjw_score,sex,False,85,62,23,1.0,False,gpt-4o-mini-2024-07-18,1.0,,scale-by-scale,none,0.7668845315904185,,,True,False,undetermined,-3.4784932878944645,2.190975756337663,4.403411142197722,0.25,True,False,no population gap,single df,-0.4936886395511948,0.3755884858070355,inf,-0.6437587657784007,1.134935462177802,inf,-0.0167900283485976,8,0.00625,0.9875,not read,False
gpt-4o-mini-2024-07-18 | 1 | NA | scale-by-scale | none,bjw_score | education,bjw_score,education,False,85,41,44,1.0,False,gpt-4o-mini-2024-07-18,1.0,,scale-by-scale,none,-0.2488167680865482,,,True,False,undetermined,-3.51943020478364,1.8797406260696696,3.2928006013723343,0.25,True,False,no population gap,single df,0.2039911308204018,0.3824967258365547,inf,-0.8198447893569849,1.080826157526246,inf,-0.0059929946720143,8,0.00625,0.9875,not read,False
gpt-4o-mini-2024-07-18 | 1 | NA | scale-by-scale | none,bjw_score | age,bjw_score,age,False,85,39,46,1.0,False,gpt-4o-mini-2024-07-18,1.0,,scale-by-scale,none,-0.5834333733493405,,,True,False,undetermined,-3.6131660383299007,1.7558639201582196,2.89076823095069,0.25,True,False,no population gap,single df,0.5418060200668897,0.3864165340829743,inf,-0.9286510590858406,1.0747924452612447,inf,0.0248886971006014,8,0.00625,0.9875,not read,False
gpt-4o-mini-2024-07-18 | 1 | NA | scale-by-scale | none,gut_diff | political_identity,gut_diff,political_identity,False,85,11,53,1.0,False,gpt-4o-mini-2024-07-18,1.0,,scale-by-scale,none,0.0969976905311777,,,True,False,undetermined,-1.0461630573376757,2.5315832974748966,2.4085752019119284,0.25,True,False,no population gap,single df,0.0720411663807889,0.1326515370872411,inf,0.7427101200686106,0.7162066114260104,inf,0.0211538494412862,8,0.00625,0.9875,not read,False
gpt-4o-mini-2024-07-18 | 1 | NA | scale-by-scale | none,gut_diff | sex,gut_diff,sex,False,85,62,23,1.0,False,gpt-4o-mini-2024-07-18,1.0,,scale-by-scale,none,0.9541547277936964,,,True,False,undetermined,-1.5139845768883289,1.024503510969675,5.186080248260046,0.25,True,False,no population gap,single df,-0.2335203366058906,0.1223529312696942,inf,-0.2447405329593268,0.5081640147867098,inf,0.0030717219361873,8,0.00625,0.9875,not read,False
gpt-4o-mini-2024-07-18 | 1 | NA | scale-by-scale | none,gut_diff | education,gut_diff,education,False,85,41,44,1.0,False,gpt-4o-mini-2024-07-18,1.0,,scale-by-scale,none,-0.0161290322580649,,,True,False,undetermined,-1.2216746800862492,0.8092578286450074,4.924465384074174,0.25,True,False,no population gap,single df,0.0033259423503326,0.1354239897398675,inf,-0.2062084257206209,0.4065596456151067,inf,0.0041064988210877,8,0.00625,0.9875,not read,False
gpt-4o-mini-2024-07-18 | 1 | NA | scale-by-scale | none,gut_diff | age,gut_diff,age,False,85,39,46,1.0,False,gpt-4o-mini-2024-07-18,1.0,,scale-by-scale,none,-0.1874999999999994,,,True,False,undetermined,-1.2987750953461776,0.7101463328043716,3.412883562596672,0.25,True,False,no population gap,single df,0.0551839464882941,0.1372655058037698,inf,-0.294314381270903,0.4021533853962044,inf,0.0046904245056862,8,0.00625,0.9875,not read,False
gpt-4o-mini-2024-07-18 | 1.5 | NA | all-at-once | extensive,bjw_score | political_identity,bjw_score,political_identity,True,85,11,53,1.0,False,gpt-4o-mini-2024-07-18,1.5,,all-at-once,extensive,0.674220963172804,,,True,False,undetermined,-0.8247376275749545,6.879626135293655,1.2724204174935967,0.25,True,False,no population gap,single df,2.041166380789022,1.098362059421235,inf,3.0274442538593505,1.5422882777520266,inf,-0.1781729860248657,8,0.00625,0.9875,not read,False
gpt-4o-mini-2024-07-18 | 1.5 | NA | all-at-once | extensive,bjw_score | sex,bjw_score,sex,True,85,62,23,1.0,False,gpt-4o-mini-2024-07-18,1.5,,all-at-once,extensive,0.5904139433551211,,,True,False,undetermined,-3.4784932878944645,2.190975756337663,4.403411142197722,0.25,True,False,no population gap,single df,-0.3800841514726514,0.6987620600822922,inf,-0.6437587657784007,1.134935462177802,inf,0.0919147719898784,8,0.00625,0.9875,not read,False
gpt-4o-mini-2024-07-18 | 1.5 | NA | all-at-once | extensive,bjw_score | education,bjw_score,education,True,85,41,44,1.0,False,gpt-4o-mini-2024-07-18,1.5,,all-at-once,extensive,-1.8451656524678857,,,True,False,undetermined,-3.51943020478364,1.8797406260696696,3.2928006013723343,0.25,True,False,no population gap,single df,1.5127494456762776,0.6277252030120064,inf,-0.8198447893569849,1.080826157526246,inf,0.0569379968215825,8,0.00625,0.9875,not read,False
gpt-4o-mini-2024-07-18 | 1.5 | NA | all-at-once | extensive,bjw_score | age,bjw_score,age,True,85,39,46,1.0,False,gpt-4o-mini-2024-07-18,1.5,,all-at-once,extensive,-2.1044417767106856,,,True,False,reversed or missing,-3.6131660383299007,1.7558639201582196,2.89076823095069,0.25,True,False,no population gap,single df,1.954292084726866,0.6045871608717011,inf,-0.9286510590858406,1.0747924452612447,inf,0.0567456873296289,8,0.00625,0.9875,not read,False
gpt-4o-mini-2024-07-18 | 1.5 | NA | all-at-once | extensive,gut_diff | political_identity,gut_diff,political_identity,True,85,11,53,1.0,False,gpt-4o-mini-2024-07-18,1.5,,all-at-once,extensive,3.117782909930716,,,True,False,kept or steepened,-1.0461630573376757,2.5315832974748966,2.4085752019119284,0.25,True,False,no population gap,single df,2.3156089193825045,0.3160168776915567,inf,0.7427101200686106,0.7162066114260104,inf,0.0964358689926104,8,0.00625,0.9875,not read,False
gpt-4o-mini-2024-07-18 | 1.5 | NA | all-at-once | extensive,gut_diff | sex,gut_diff,sex,True,85,62,23,1.0,False,gpt-4o-mini-2024-07-18,1.5,,all-at-once,extensive,2.226361031518624,,,True,False,undetermined,-1.5139845768883289,1.024503510969675,5.186080248260046,0.25,True,False,no population gap,single df,-0.5448807854137447,0.2818401671664323,inf,-0.2447405329593268,0.5081640147867098,inf,-0.0050814626495994,8,0.00625,0.9875,not read,False
gpt-4o-mini-2024-07-18 | 1.5 | NA | all-at-once | extensive,gut_diff | education,gut_diff,education,True,85,41,44,1.0,False,gpt-4o-mini-2024-07-18,1.5,,all-at-once,extensive,0.4193548387096773,,,True,False,undetermined,-1.2216746800862492,0.8092578286450074,4.924465384074174,0.25,True,False,no population gap,single df,-0.0864745011086474,0.2695306216257942,inf,-0.2062084257206209,0.4065596456151067,inf,0.0032917402138165,8,0.00625,0.9875,not read,False
gpt-4o-mini-2024-07-18 | 1.5 | NA | all-at-once | extensive,gut_diff | age,gut_diff,age,True,85,39,46,1.0,False,gpt-4o-mini-2024-07-18,1.5,,all-at-once,extensive,-0.7594696969696969,,,True,False,undetermined,-1.2987750953461776,0.7101463328043716,3.412883562596672,0.25,True,False,no population gap,single df,0.2235228539576365,0.2765361255156537,inf,-0.294314381270903,0.4021533853962044,inf,0.0098589265655436,8,0.00625,0.9875,not read,False
gpt-4o-mini-2024-07-18 | 1.5 | NA | all-at-once | minimal,bjw_score | political_identity,bjw_score,political_identity,False,85,11,53,1.0,False,gpt-4o-mini-2024-07-18,1.5,,all-at-once,minimal,-0.3376770538243625,,,True,False,undetermined,-0.8247376275749545,6.879626135293655,1.2724204174935967,0.25,True,False,no population gap,single df,-1.022298456260721,0.8190680876472032,inf,3.0274442538593505,1.5422882777520266,inf,0.0718903526108445,8,0.00625,0.9875,not read,False
gpt-4o-mini-2024-07-18 | 1.5 | NA | all-at-once | minimal,bjw_score | sex,bjw_score,sex,True,85,62,23,1.0,False,gpt-4o-mini-2024-07-18,1.5,,all-at-once,minimal,1.2941176470588271,,,True,False,undetermined,-3.4784932878944645,2.190975756337663,4.403411142197722,0.25,True,False,no population gap,single df,-0.8330995792426386,0.5154705005359814,inf,-0.6437587657784007,1.134935462177802,inf,-0.0251082766954309,8,0.00625,0.9875,not read,False
gpt-4o-mini-2024-07-18 | 1.5 | NA | all-at-once | minimal,bjw_score | education,bjw_score,education,False,85,41,44,1.0,False,gpt-4o-mini-2024-07-18,1.5,,all-at-once,minimal,-0.9371196754563904,,,True,False,undetermined,-3.51943020478364,1.8797406260696696,3.2928006013723343,0.25,True,False,no population gap,single df,0.7682926829268304,0.4713573997386494,inf,-0.8198447893569849,1.080826157526246,inf,-0.0375249961207144,8,0.00625,0.9875,not read,False
gpt-4o-mini-2024-07-18 | 1.5 | NA | all-at-once | minimal,bjw_score | age,bjw_score,age,True,85,39,46,1.0,False,gpt-4o-mini-2024-07-18,1.5,,all-at-once,minimal,-0.4615846338535407,,,True,False,undetermined,-3.6131660383299007,1.7558639201582196,2.89076823095069,0.25,True,False,no population gap,single df,0.4286510590858405,0.4713024757914801,inf,-0.9286510590858406,1.0747924452612447,inf,-0.0391698158639407,8,0.00625,0.9875,not read,False
gpt-4o-mini-2024-07-18 | 1.5 | NA | all-at-once | minimal,gut_diff | political_identity,gut_diff,political_identity,False,85,11,53,1.0,False,gpt-4o-mini-2024-07-18,1.5,,all-at-once,minimal,0.23094688221709,,,True,False,undetermined,-1.0461630573376757,2.5315832974748966,2.4085752019119284,0.25,True,False,no population gap,single df,0.1715265866209262,0.3161922422171973,inf,0.7427101200686106,0.7162066114260104,inf,-0.0129691895204767,8,0.00625,0.9875,not read,False
gpt-4o-mini-2024-07-18 | 1.5 | NA | all-at-once | minimal,gut_diff | sex,gut_diff,sex,True,85,62,23,1.0,False,gpt-4o-mini-2024-07-18,1.5,,all-at-once,minimal,0.9398280802292264,,,True,False,undetermined,-1.5139845768883289,1.024503510969675,5.186080248260046,0.25,True,False,no population gap,single df,-0.2300140252454418,0.2263660018800695,inf,-0.2447405329593268,0.5081640147867098,inf,0.0290381021602807,8,0.00625,0.9875,not read,False
gpt-4o-mini-2024-07-18 | 1.5 | NA | all-at-once | minimal,gut_diff | education,gut_diff,education,False,85,41,44,1.0,False,gpt-4o-mini-2024-07-18,1.5,,all-at-once,minimal,-1.5618279569892468,,,True,False,undetermined,-1.2216746800862492,0.8092578286450074,4.924465384074174,0.25,True,False,no population gap,single df,0.3220620842572062,0.2233418240779777,inf,-0.2062084257206209,0.4065596456151067,inf,0.0035334259558922,8,0.00625,0.9875,not read,False
gpt-4o-mini-2024-07-18 | 1.5 | NA | all-at-once | minimal,gut_diff | age,gut_diff,age,True,85,39,46,1.0,False,gpt-4o-mini-2024-07-18,1.5,,all-at-once,minimal,-0.8503787878787878,,,True,False,undetermined,-1.2987750953461776,0.7101463328043716,3.412883562596672,0.25,True,False,no population gap,single df,0.2502787068004459,0.2229436970598114,inf,-0.294314381270903,0.4021533853962044,inf,0.0070260366397577,8,0.00625,0.9875,not read,False
gpt-4o-mini-2024-07-18 | 1.5 | NA | all-at-once | none,bjw_score | political_identity,bjw_score,political_identity,False,85,11,53,1.0,False,gpt-4o-mini-2024-07-18,1.5,,all-at-once,none,-0.3201133144475919,,,True,False,undetermined,-0.8247376275749545,6.879626135293655,1.2724204174935967,0.25,True,False,no population gap,single df,-0.9691252144082334,0.697986881097183,inf,3.0274442538593505,1.5422882777520266,inf,-0.1872872664253204,8,0.00625,0.9875,not read,False
gpt-4o-mini-2024-07-18 | 1.5 | NA | all-at-once | none,bjw_score | sex,bjw_score,sex,False,85,62,23,1.0,False,gpt-4o-mini-2024-07-18,1.5,,all-at-once,none,-0.3627450980392125,,,True,False,undetermined,-3.4784932878944645,2.190975756337663,4.403411142197722,0.25,True,False,no population gap,single df,0.2335203366058884,0.4218433198798471,inf,-0.6437587657784007,1.134935462177802,inf,-0.0887177492577809,8,0.00625,0.9875,not read,False
gpt-4o-mini-2024-07-18 | 1.5 | NA | all-at-once | none,bjw_score | education,bjw_score,education,False,85,41,44,1.0,False,gpt-4o-mini-2024-07-18,1.5,,all-at-once,none,-0.6855983772819431,,,True,False,undetermined,-3.51943020478364,1.8797406260696696,3.2928006013723343,0.25,True,False,no population gap,single df,0.5620842572062053,0.3960553569325246,inf,-0.8198447893569849,1.080826157526246,inf,-0.0685848475264297,8,0.00625,0.9875,not read,False
gpt-4o-mini-2024-07-18 | 1.5 | NA | all-at-once | none,bjw_score | age,bjw_score,age,False,85,39,46,1.0,False,gpt-4o-mini-2024-07-18,1.5,,all-at-once,none,-0.65486194477791,,,True,False,undetermined,-3.6131660383299007,1.7558639201582196,2.89076823095069,0.25,True,False,no population gap,single df,0.6081382385730194,0.404398858911684,inf,-0.9286510590858406,1.0747924452612447,inf,-0.0521058220984138,8,0.00625,0.9875,not read,False
gpt-4o-mini-2024-07-18 | 1.5 | NA | all-at-once | none,gut_diff | political_identity,gut_diff,political_identity,False,85,11,53,1.0,False,gpt-4o-mini-2024-07-18,1.5,,all-at-once,none,0.9561200923787528,,,True,False,undetermined,-1.0461630573376757,2.5315832974748966,2.4085752019119284,0.25,True,False,no population gap,single df,0.7101200686106346,0.3800416412723581,inf,0.7427101200686106,0.7162066114260104,inf,0.0413349991517827,8,0.00625,0.9875,not read,False
gpt-4o-mini-2024-07-18 | 1.5 | NA | all-at-once | none,gut_diff | sex,gut_diff,sex,False,85,62,23,1.0,False,gpt-4o-mini-2024-07-18,1.5,,all-at-once,none,0.977077363896848,,,True,False,undetermined,-1.5139845768883289,1.024503510969675,5.186080248260046,0.25,True,False,no population gap,single df,-0.2391304347826087,0.2482233682030107,inf,-0.2447405329593268,0.5081640147867098,inf,0.0247347821251993,8,0.00625,0.9875,not read,False
gpt-4o-mini-2024-07-18 | 1.5 | NA | all-at-once | none,gut_diff | education,gut_diff,education,False,85,41,44,1.0,False,gpt-4o-mini-2024-07-18,1.5,,all-at-once,none,1.1774193548387095,,,True,False,undetermined,-1.2216746800862492,0.8092578286450074,4.924465384074174,0.25,True,False,no population gap,single df,-0.2427937915742794,0.2111855835947826,inf,-0.2062084257206209,0.4065596456151067,inf,0.008586400801099,8,0.00625,0.9875,not read,False
gpt-4o-mini-2024-07-18 | 1.5 | NA | all-at-once | none,gut_diff | age,gut_diff,age,False,85,39,46,1.0,False,gpt-4o-mini-2024-07-18,1.5,,all-at-once,none,0.3257575757575756,,,True,False,undetermined,-1.2987750953461776,0.7101463328043716,3.412883562596672,0.25,True,False,no population gap,single df,-0.0958751393534002,0.2190989204227953,inf,-0.294314381270903,0.4021533853962044,inf,0.0100173849208571,8,0.00625,0.9875,not read,False
gpt-4o-mini-2024-07-18 | 1.5 | NA | item-by-item | extensive,bjw_score | political_identity,bjw_score,political_identity,True,85,11,53,1.0,False,gpt-4o-mini-2024-07-18,1.5,,item-by-item,extensive,0.3580736543909346,,,True,False,undetermined,-0.8247376275749545,6.879626135293655,1.2724204174935967,0.25,True,False,no population gap,single df,1.084048027444254,0.6136966205073487,inf,3.0274442538593505,1.5422882777520266,inf,0.1763147890917522,8,0.00625,0.9875,not read,False
gpt-4o-mini-2024-07-18 | 1.5 | NA | item-by-item | extensive,bjw_score | sex,bjw_score,sex,True,85,62,23,1.0,False,gpt-4o-mini-2024-07-18,1.5,,item-by-item,extensive,1.1775599128540308,,,True,False,undetermined,-3.4784932878944645,2.190975756337663,4.403411142197722,0.25,True,False,no population gap,single df,-0.758064516129032,0.3829703981099989,inf,-0.6437587657784007,1.134935462177802,inf,-0.0034605225755118,8,0.00625,0.9875,not read,False
gpt-4o-mini-2024-07-18 | 1.5 | NA | item-by-item | extensive,bjw_score | education,bjw_score,education,True,85,41,44,1.0,False,gpt-4o-mini-2024-07-18,1.5,,item-by-item,extensive,0.0189317106152807,,,True,False,undetermined,-3.51943020478364,1.8797406260696696,3.2928006013723343,0.25,True,False,no population gap,single df,-0.0155210643015522,0.3722313141690362,inf,-0.8198447893569849,1.080826157526246,inf,0.0455705130312991,8,0.00625,0.9875,not read,False
gpt-4o-mini-2024-07-18 | 1.5 | NA | item-by-item | extensive,bjw_score | age,bjw_score,age,True,85,39,46,1.0,False,gpt-4o-mini-2024-07-18,1.5,,item-by-item,extensive,-0.5390156062425006,,,True,False,undetermined,-3.6131660383299007,1.7558639201582196,2.89076823095069,0.25,True,False,no population gap,single df,0.5005574136008946,0.3663412363822027,inf,-0.9286510590858406,1.0747924452612447,inf,0.0458916681666088,8,0.00625,0.9875,not read,False
gpt-4o-mini-2024-07-18 | 1.5 | NA | item-by-item | extensive,gut_diff | political_identity,gut_diff,political_identity,True,85,11,53,1.0,False,gpt-4o-mini-2024-07-18,1.5,,item-by-item,extensive,2.531177829099307,,,True,False,undetermined,-1.0461630573376757,2.5315832974748966,2.4085752019119284,0.25,True,False,no population gap,single df,1.8799313893653515,0.4145245346524265,inf,0.7427101200686106,0.7162066114260104,inf,0.1129437900066061,8,0.00625,0.9875,not read,False
gpt-4o-mini-2024-07-18 | 1.5 | NA | item-by-item | extensive,gut_diff | sex,gut_diff,sex,True,85,62,23,1.0,False,gpt-4o-mini-2024-07-18,1.5,,item-by-item,extensive,2.220630372492836,,,True,False,undetermined,-1.5139845768883289,1.024503510969675,5.186080248260046,0.25,True,False,no population gap,single df,-0.5434782608695652,0.2557119239282721,inf,-0.2447405329593268,0.5081640147867098,inf,0.0167995036339415,8,0.00625,0.9875,not read,False
gpt-4o-mini-2024-07-18 | 1.5 | NA | item-by-item | extensive,gut_diff | education,gut_diff,education,True,85,41,44,1.0,False,gpt-4o-mini-2024-07-18,1.5,,item-by-item,extensive,0.1209677419354839,,,True,False,undetermined,-1.2216746800862492,0.8092578286450074,4.924465384074174,0.25,True,False,no population gap,single df,-0.0249445676274944,0.2788461969837028,inf,-0.2062084257206209,0.4065596456151067,inf,0.0115920086516524,8,0.00625,0.9875,not read,False
gpt-4o-mini-2024-07-18 | 1.5 | NA | item-by-item | extensive,gut_diff | age,gut_diff,age,True,85,39,46,1.0,False,gpt-4o-mini-2024-07-18,1.5,,item-by-item,extensive,-0.928030303030303,,,True,False,undetermined,-1.2987750953461776,0.7101463328043716,3.412883562596672,0.25,True,False,no population gap,single df,0.2731326644370123,0.2780678656477873,inf,-0.294314381270903,0.4021533853962044,inf,0.0143063449856287,8,0.00625,0.9875,not read,False
gpt-4o-mini-2024-07-18 | 1.5 | NA | item-by-item | minimal,bjw_score | political_identity,bjw_score,political_identity,False,85,11,53,1.0,False,gpt-4o-mini-2024-07-18,1.5,,item-by-item,minimal,0.2447592067988668,,,True,False,undetermined,-0.8247376275749545,6.879626135293655,1.2724204174935967,0.25,True,False,no population gap,single df,0.7409948542024019,0.4505330036010114,inf,3.0274442538593505,1.5422882777520266,inf,0.1136243612611003,8,0.00625,0.9875,not read,False
gpt-4o-mini-2024-07-18 | 1.5 | NA | item-by-item | minimal,bjw_score | sex,bjw_score,sex,True,85,62,23,1.0,False,gpt-4o-mini-2024-07-18,1.5,,item-by-item,minimal,1.2472766884531608,,,True,False,undetermined,-3.4784932878944645,2.190975756337663,4.403411142197722,0.25,True,False,no population gap,single df,-0.8029453015427777,0.3528966078929306,inf,-0.6437587657784007,1.134935462177802,inf,0.1115611400894318,8,0.00625,0.9875,not read,False
gpt-4o-mini-2024-07-18 | 1.5 | NA | item-by-item | minimal,bjw_score | education,bjw_score,education,False,85,41,44,1.0,False,gpt-4o-mini-2024-07-18,1.5,,item-by-item,minimal,-0.108181203515886,,,True,False,undetermined,-3.51943020478364,1.8797406260696696,3.2928006013723343,0.25,True,False,no population gap,single df,0.0886917960088666,0.3041461193122978,inf,-0.8198447893569849,1.080826157526246,inf,0.0338592696733958,8,0.00625,0.9875,not read,False
gpt-4o-mini-2024-07-18 | 1.5 | NA | item-by-item | minimal,bjw_score | age,bjw_score,age,True,85,39,46,1.0,False,gpt-4o-mini-2024-07-18,1.5,,item-by-item,minimal,-1.125450180072029,,,True,False,undetermined,-3.6131660383299007,1.7558639201582196,2.89076823095069,0.25,True,False,no population gap,single df,1.045150501672239,0.2898021515150676,inf,-0.9286510590858406,1.0747924452612447,inf,0.0520792560368674,8,0.00625,0.9875,not read,False
gpt-4o-mini-2024-07-18 | 1.5 | NA | item-by-item | minimal,gut_diff | political_identity,gut_diff,political_identity,False,85,11,53,1.0,False,gpt-4o-mini-2024-07-18,1.5,,item-by-item,minimal,-0.2840646651270208,,,True,False,undetermined,-1.0461630573376757,2.5315832974748966,2.4085752019119284,0.25,True,False,no population gap,single df,-0.2109777015437393,0.2024643654011046,inf,0.7427101200686106,0.7162066114260104,inf,-0.0053787151505923,8,0.00625,0.9875,not read,False
gpt-4o-mini-2024-07-18 | 1.5 | NA | item-by-item | minimal,gut_diff | sex,gut_diff,sex,True,85,62,23,1.0,False,gpt-4o-mini-2024-07-18,1.5,,item-by-item,minimal,0.4985673352435527,,,True,False,undetermined,-1.5139845768883289,1.024503510969675,5.186080248260046,0.25,True,False,no population gap,single df,-0.1220196353436184,0.1692787233101637,inf,-0.2447405329593268,0.5081640147867098,inf,0.0097644983581081,8,0.00625,0.9875,not read,False
gpt-4o-mini-2024-07-18 | 1.5 | NA | item-by-item | minimal,gut_diff | education,gut_diff,education,False,85,41,44,1.0,False,gpt-4o-mini-2024-07-18,1.5,,item-by-item,minimal,-0.7741935483870965,,,True,False,undetermined,-1.2216746800862492,0.8092578286450074,4.924465384074174,0.25,True,False,no population gap,single df,0.1596452328159645,0.1647223699783872,inf,-0.2062084257206209,0.4065596456151067,inf,0.0060991328770534,8,0.00625,0.9875,not read,False
gpt-4o-mini-2024-07-18 | 1.5 | NA | item-by-item | minimal,gut_diff | age,gut_diff,age,True,85,39,46,1.0,False,gpt-4o-mini-2024-07-18,1.5,,item-by-item,minimal,-1.111742424242424,,,True,False,undetermined,-1.2987750953461776,0.7101463328043716,3.412883562596672,0.25,True,False,no population gap,single df,0.3272017837235228,0.1637589123404983,inf,-0.294314381270903,0.4021533853962044,inf,0.0062674444566747,8,0.00625,0.9875,not read,False
gpt-4o-mini-2024-07-18 | 1.5 | NA | item-by-item | none,bjw_score | political_identity,bjw_score,political_identity,False,85,11,53,1.0,False,gpt-4o-mini-2024-07-18,1.5,,item-by-item,none,-0.0277620396600567,,,True,False,undetermined,-0.8247376275749545,6.879626135293655,1.2724204174935967,0.25,True,False,no population gap,single df,-0.0840480274442541,0.3765106004274402,inf,3.0274442538593505,1.5422882777520266,inf,0.1176259409267789,8,0.00625,0.9875,not read,False
gpt-4o-mini-2024-07-18 | 1.5 | NA | item-by-item | none,bjw_score | sex,bjw_score,sex,False,85,62,23,1.0,False,gpt-4o-mini-2024-07-18,1.5,,item-by-item,none,-0.3496732026143777,,,True,False,undetermined,-3.4784932878944645,2.190975756337663,4.403411142197722,0.25,True,False,no population gap,single df,0.2251051893408124,0.2380635963048461,inf,-0.6437587657784007,1.134935462177802,inf,0.0388359326631776,8,0.00625,0.9875,not read,False
gpt-4o-mini-2024-07-18 | 1.5 | NA | item-by-item | none,bjw_score | education,bjw_score,education,False,85,41,44,1.0,False,gpt-4o-mini-2024-07-18,1.5,,item-by-item,none,-0.235294117647057,,,True,False,undetermined,-3.51943020478364,1.8797406260696696,3.2928006013723343,0.25,True,False,no population gap,single df,0.1929046563192891,0.2545238558249281,inf,-0.8198447893569849,1.080826157526246,inf,0.0553952592882576,8,0.00625,0.9875,not read,False
gpt-4o-mini-2024-07-18 | 1.5 | NA | item-by-item | none,bjw_score | age,bjw_score,age,False,85,39,46,1.0,False,gpt-4o-mini-2024-07-18,1.5,,item-by-item,none,-0.0282112845138083,,,True,False,undetermined,-3.6131660383299007,1.7558639201582196,2.89076823095069,0.25,True,False,no population gap,single df,0.0261984392419201,0.2585522050413406,inf,-0.9286510590858406,1.0747924452612447,inf,0.0600225812866169,8,0.00625,0.9875,not read,False
gpt-4o-mini-2024-07-18 | 1.5 | NA | item-by-item | none,gut_diff | political_identity,gut_diff,political_identity,False,85,11,53,1.0,False,gpt-4o-mini-2024-07-18,1.5,,item-by-item,none,-0.7413394919168591,,,True,False,undetermined,-1.0461630573376757,2.5315832974748966,2.4085752019119284,0.25,True,False,no population gap,single df,-0.5506003430531732,0.332868491855193,inf,0.7427101200686106,0.7162066114260104,inf,0.0261019855902748,8,0.00625,0.9875,not read,False
gpt-4o-mini-2024-07-18 | 1.5 | NA | item-by-item | none,gut_diff | sex,gut_diff,sex,False,85,62,23,1.0,False,gpt-4o-mini-2024-07-18,1.5,,item-by-item,none,0.0687679083094555,,,True,False,undetermined,-1.5139845768883289,1.024503510969675,5.186080248260046,0.25,True,False,no population gap,single df,-0.0168302945301542,0.1923033833007614,inf,-0.2447405329593268,0.5081640147867098,inf,0.0068792691835257,8,0.00625,0.9875,not read,False
gpt-4o-mini-2024-07-18 | 1.5 | NA | item-by-item | none,gut_diff | education,gut_diff,education,False,85,41,44,1.0,False,gpt-4o-mini-2024-07-18,1.5,,item-by-item,none,0.8387096774193546,,,True,False,undetermined,-1.2216746800862492,0.8092578286450074,4.924465384074174,0.25,True,False,no population gap,single df,-0.1729490022172949,0.1790813542496891,inf,-0.2062084257206209,0.4065596456151067,inf,-0.0049237864929835,8,0.00625,0.9875,not read,False
gpt-4o-mini-2024-07-18 | 1.5 | NA | item-by-item | none,gut_diff | age,gut_diff,age,False,85,39,46,1.0,False,gpt-4o-mini-2024-07-18,1.5,,item-by-item,none,0.5738636363636364,,,True,False,undetermined,-1.2987750953461776,0.7101463328043716,3.412883562596672,0.25,True,False,no population gap,single df,-0.1688963210702341,0.1792621636321031,inf,-0.294314381270903,0.4021533853962044,inf,-0.0025061754200449,8,0.00625,0.9875,not read,False
gpt-4o-mini-2024-07-18 | 1.5 | NA | scale-by-scale | extensive,bjw_score | political_identity,bjw_score,political_identity,True,85,11,53,1.0,False,gpt-4o-mini-2024-07-18,1.5,,scale-by-scale,extensive,0.9484419263456092,,,True,False,undetermined,-0.8247376275749545,6.879626135293655,1.2724204174935967,0.25,True,False,no population gap,single df,2.871355060034308,0.7639693213823797,inf,3.0274442538593505,1.5422882777520266,inf,-0.1041163323960312,8,0.00625,0.9875,not read,False
gpt-4o-mini-2024-07-18 | 1.5 | NA | scale-by-scale | extensive,bjw_score | sex,bjw_score,sex,True,85,62,23,1.0,False,gpt-4o-mini-2024-07-18,1.5,,scale-by-scale,extensive,2.0610021786492347,,,True,False,undetermined,-3.4784932878944645,2.190975756337663,4.403411142197722,0.25,True,False,no population gap,single df,-1.3267882187938262,0.8367827945591647,inf,-0.6437587657784007,1.134935462177802,inf,-0.2113704301251087,8,0.00625,0.9875,not read,False
gpt-4o-mini-2024-07-18 | 1.5 | NA | scale-by-scale | extensive,bjw_score | education,bjw_score,education,True,85,41,44,1.0,False,gpt-4o-mini-2024-07-18,1.5,,scale-by-scale,extensive,-1.0135226504394867,,,True,False,undetermined,-3.51943020478364,1.8797406260696696,3.2928006013723343,0.25,True,False,no population gap,single df,0.8309312638580941,0.7396696759972052,inf,-0.8198447893569849,1.080826157526246,inf,0.0819828193580177,8,0.00625,0.9875,not read,False
gpt-4o-mini-2024-07-18 | 1.5 | NA | scale-by-scale | extensive,bjw_score | age,bjw_score,age,True,85,39,46,1.0,False,gpt-4o-mini-2024-07-18,1.5,,scale-by-scale,extensive,-1.9123649459783911,,,True,False,undetermined,-3.6131660383299007,1.7558639201582196,2.89076823095069,0.25,True,False,no population gap,single df,1.7759197324414693,0.7121490880107345,inf,-0.9286510590858406,1.0747924452612447,inf,0.080596522392198,8,0.00625,0.9875,not read,False
gpt-4o-mini-2024-07-18 | 1.5 | NA | scale-by-scale | extensive,gut_diff | political_identity,gut_diff,political_identity,True,85,11,53,1.0,False,gpt-4o-mini-2024-07-18,1.5,,scale-by-scale,extensive,2.413394919168592,,,True,False,undetermined,-1.0461630573376757,2.5315832974748966,2.4085752019119284,0.25,True,False,no population gap,single df,1.7924528301886793,0.5212964531376233,inf,0.7427101200686106,0.7162066114260104,inf,0.1622144118988927,8,0.00625,0.9875,not read,False
gpt-4o-mini-2024-07-18 | 1.5 | NA | scale-by-scale | extensive,gut_diff | sex,gut_diff,sex,True,85,62,23,1.0,False,gpt-4o-mini-2024-07-18,1.5,,scale-by-scale,extensive,1.1289398280802287,,,True,False,undetermined,-1.5139845768883289,1.024503510969675,5.186080248260046,0.25,True,False,no population gap,single df,-0.276297335203366,0.2380119522780579,inf,-0.2447405329593268,0.5081640147867098,inf,0.0255535310906391,8,0.00625,0.9875,not read,False
gpt-4o-mini-2024-07-18 | 1.5 | NA | scale-by-scale | extensive,gut_diff | education,gut_diff,education,True,85,41,44,1.0,False,gpt-4o-mini-2024-07-18,1.5,,scale-by-scale,extensive,0.2876344086021502,,,True,False,undetermined,-1.2216746800862492,0.8092578286450074,4.924465384074174,0.25,True,False,no population gap,single df,-0.0593126385809312,0.270016192109922,inf,-0.2062084257206209,0.4065596456151067,inf,0.0207876830990743,8,0.00625,0.9875,not read,False
gpt-4o-mini-2024-07-18 | 1.5 | NA | scale-by-scale | extensive,gut_diff | age,gut_diff,age,True,85,39,46,1.0,False,gpt-4o-mini-2024-07-18,1.5,,scale-by-scale,extensive,0.043560606060606,,,True,False,undetermined,-1.2987750953461776,0.7101463328043716,3.412883562596672,0.25,True,False,no population gap,single df,-0.0128205128205128,0.2662270851905761,inf,-0.294314381270903,0.4021533853962044,inf,0.0215787661427893,8,0.00625,0.9875,not read,False
gpt-4o-mini-2024-07-18 | 1.5 | NA | scale-by-scale | minimal,bjw_score | political_identity,bjw_score,political_identity,False,85,11,53,1.0,False,gpt-4o-mini-2024-07-18,1.5,,scale-by-scale,minimal,-0.006798866855524,,,True,False,undetermined,-0.8247376275749545,6.879626135293655,1.2724204174935967,0.25,True,False,no population gap,single df,-0.020583190394511,0.7454150959926124,inf,3.0274442538593505,1.5422882777520266,inf,0.1618937727620125,8,0.00625,0.9875,not read,False
gpt-4o-mini-2024-07-18 | 1.5 | NA | scale-by-scale | minimal,bjw_score | sex,bjw_score,sex,True,85,62,23,1.0,False,gpt-4o-mini-2024-07-18,1.5,,scale-by-scale,minimal,1.7701525054466245,,,True,False,undetermined,-3.4784932878944645,2.190975756337663,4.403411142197722,0.25,True,False,no population gap,single df,-1.1395511921458628,0.5330924108819347,inf,-0.6437587657784007,1.134935462177802,inf,-0.0027672784266987,8,0.00625,0.9875,not read,False
gpt-4o-mini-2024-07-18 | 1.5 | NA | scale-by-scale | minimal,bjw_score | education,bjw_score,education,False,85,41,44,1.0,False,gpt-4o-mini-2024-07-18,1.5,,scale-by-scale,minimal,-1.1764705882352895,,,True,False,undetermined,-3.51943020478364,1.8797406260696696,3.2928006013723343,0.25,True,False,no population gap,single df,0.9645232815964492,0.5287030845845819,inf,-0.8198447893569849,1.080826157526246,inf,0.0151081040748953,8,0.00625,0.9875,not read,False
gpt-4o-mini-2024-07-18 | 1.5 | NA | scale-by-scale | minimal,bjw_score | age,bjw_score,age,True,85,39,46,1.0,False,gpt-4o-mini-2024-07-18,1.5,,scale-by-scale,minimal,-0.5492196878751495,,,True,False,undetermined,-3.6131660383299007,1.7558639201582196,2.89076823095069,0.25,True,False,no population gap,single df,0.5100334448160524,0.5362916638216133,inf,-0.9286510590858406,1.0747924452612447,inf,0.0325684906184526,8,0.00625,0.9875,not read,False
gpt-4o-mini-2024-07-18 | 1.5 | NA | scale-by-scale | minimal,gut_diff | political_identity,gut_diff,political_identity,False,85,11,53,1.0,False,gpt-4o-mini-2024-07-18,1.5,,scale-by-scale,minimal,-0.1085450346420322,,,True,False,undetermined,-1.0461630573376757,2.5315832974748966,2.4085752019119284,0.25,True,False,no population gap,single df,-0.0806174957118353,0.2682556767611255,inf,0.7427101200686106,0.7162066114260104,inf,-0.0045331570436038,8,0.00625,0.9875,not read,False
gpt-4o-mini-2024-07-18 | 1.5 | NA | scale-by-scale | minimal,gut_diff | sex,gut_diff,sex,True,85,62,23,1.0,False,gpt-4o-mini-2024-07-18,1.5,,scale-by-scale,minimal,0.8510028653295127,,,True,False,undetermined,-1.5139845768883289,1.024503510969675,5.186080248260046,0.25,True,False,no population gap,single df,-0.2082748948106592,0.1819639743501277,inf,-0.2447405329593268,0.5081640147867098,inf,-0.0235069394874622,8,0.00625,0.9875,not read,False
gpt-4o-mini-2024-07-18 | 1.5 | NA | scale-by-scale | minimal,gut_diff | education,gut_diff,education,False,85,41,44,1.0,False,gpt-4o-mini-2024-07-18,1.5,,scale-by-scale,minimal,0.5537634408602146,,,True,False,undetermined,-1.2216746800862492,0.8092578286450074,4.924465384074174,0.25,True,False,no population gap,single df,-0.114190687361419,0.1801064655763573,inf,-0.2062084257206209,0.4065596456151067,inf,-0.0020763488327149,8,0.00625,0.9875,not read,False
gpt-4o-mini-2024-07-18 | 1.5 | NA | scale-by-scale | minimal,gut_diff | age,gut_diff,age,True,85,39,46,1.0,False,gpt-4o-mini-2024-07-18,1.5,,scale-by-scale,minimal,-1.128787878787879,,,True,False,undetermined,-1.2987750953461776,0.7101463328043716,3.412883562596672,0.25,True,False,no population gap,single df,0.3322185061315497,0.1782698564846506,inf,-0.294314381270903,0.4021533853962044,inf,-0.001658535133135,8,0.00625,0.9875,not read,False
gpt-4o-mini-2024-07-18 | 1.5 | NA | scale-by-scale | none,bjw_score | political_identity,bjw_score,political_identity,False,85,11,53,1.0,False,gpt-4o-mini-2024-07-18,1.5,,scale-by-scale,none,0.0759206798866855,,,True,False,undetermined,-0.8247376275749545,6.879626135293655,1.2724204174935967,0.25,True,False,no population gap,single df,0.2298456260720414,0.5806270019211034,inf,3.0274442538593505,1.5422882777520266,inf,0.2223494986429753,8,0.00625,0.9875,not read,False
gpt-4o-mini-2024-07-18 | 1.5 | NA | scale-by-scale | none,bjw_score | sex,bjw_score,sex,False,85,62,23,1.0,False,gpt-4o-mini-2024-07-18,1.5,,scale-by-scale,none,0.1307189542483645,,,True,False,undetermined,-3.4784932878944645,2.190975756337663,4.403411142197722,0.25,True,False,no population gap,single df,-0.0841514726507703,0.5373053268532493,inf,-0.6437587657784007,1.134935462177802,inf,-0.0435916218074828,8,0.00625,0.9875,not read,False
gpt-4o-mini-2024-07-18 | 1.5 | NA | scale-by-scale | none,bjw_score | education,bjw_score,education,False,85,41,44,1.0,False,gpt-4o-mini-2024-07-18,1.5,,scale-by-scale,none,0.7674104124408377,,,True,False,undetermined,-3.51943020478364,1.8797406260696696,3.2928006013723343,0.25,True,False,no population gap,single df,-0.6291574279379155,0.4518878838583259,inf,-0.8198447893569849,1.080826157526246,inf,0.0382133226428748,8,0.00625,0.9875,not read,False
gpt-4o-mini-2024-07-18 | 1.5 | NA | scale-by-scale | none,bjw_score | age,bjw_score,age,False,85,39,46,1.0,False,gpt-4o-mini-2024-07-18,1.5,,scale-by-scale,none,0.1950780312124856,,,True,False,undetermined,-3.6131660383299007,1.7558639201582196,2.89076823095069,0.25,True,False,no population gap,single df,-0.1811594202898554,0.4509326903601597,inf,-0.9286510590858406,1.0747924452612447,inf,0.0280072392633368,8,0.00625,0.9875,not read,False
gpt-4o-mini-2024-07-18 | 1.5 | NA | scale-by-scale | none,gut_diff | political_identity,gut_diff,political_identity,False,85,11,53,1.0,False,gpt-4o-mini-2024-07-18,1.5,,scale-by-scale,none,-0.2979214780600465,,,True,False,undetermined,-1.0461630573376757,2.5315832974748966,2.4085752019119284,0.25,True,False,no population gap,single df,-0.221269296740995,0.5190132360669465,inf,0.7427101200686106,0.7162066114260104,inf,0.1606042843751373,8,0.00625,0.9875,not read,False
gpt-4o-mini-2024-07-18 | 1.5 | NA | scale-by-scale | none,gut_diff | sex,gut_diff,sex,False,85,62,23,1.0,False,gpt-4o-mini-2024-07-18,1.5,,scale-by-scale,none,1.083094555873925,,,True,False,undetermined,-1.5139845768883289,1.024503510969675,5.186080248260046,0.25,True,False,no population gap,single df,-0.2650771388499298,0.3037324545441472,inf,-0.2447405329593268,0.5081640147867098,inf,0.0475830016506501,8,0.00625,0.9875,not read,False
gpt-4o-mini-2024-07-18 | 1.5 | NA | scale-by-scale | none,gut_diff | education,gut_diff,education,False,85,41,44,1.0,False,gpt-4o-mini-2024-07-18,1.5,,scale-by-scale,none,-1.1854838709677422,,,True,False,undetermined,-1.2216746800862492,0.8092578286450074,4.924465384074174,0.25,True,False,no population gap,single df,0.2444567627494458,0.269223563633377,inf,-0.2062084257206209,0.4065596456151067,inf,0.0359245947103229,8,0.00625,0.9875,not read,False
gpt-4o-mini-2024-07-18 | 1.5 | NA | scale-by-scale | none,gut_diff | age,gut_diff,age,False,85,39,46,1.0,False,gpt-4o-mini-2024-07-18,1.5,,scale-by-scale,none,-0.3390151515151511,,,True,False,undetermined,-1.2987750953461776,0.7101463328043716,3.412883562596672,0.25,True,False,no population gap,single df,0.0997770345596431,0.2677913626053347,inf,-0.294314381270903,0.4021533853962044,inf,0.0359113476834974,8,0.00625,0.9875,not read,False
gpt-5-mini-2025-08-07 | NA | high | all-at-once | extensive,bjw_score | political_identity,bjw_score,political_identity,True,85,11,53,1.0,False,gpt-5-mini-2025-08-07,,high,all-at-once,extensive,4.083286118980167,,,True,False,steepened,-0.8247376275749545,6.879626135293655,1.2724204174935967,0.25,True,False,no population gap,single df,12.361921097770155,0.8394591699504754,inf,3.0274442538593505,1.5422882777520266,inf,0.099877228448285,8,0.00625,0.9875,not read,False
gpt-5-mini-2025-08-07 | NA | high | all-at-once | extensive,bjw_score | sex,bjw_score,sex,True,85,62,23,1.0,False,gpt-5-mini-2025-08-07,,high,all-at-once,extensive,1.5555555555555562,,,True,False,undetermined,-3.4784932878944645,2.190975756337663,4.403411142197722,0.25,True,False,no population gap,single df,-1.001402524544179,1.192844860302346,inf,-0.6437587657784007,1.134935462177802,inf,0.2533453910610371,8,0.00625,0.9875,not read,False
gpt-5-mini-2025-08-07 | NA | high | all-at-once | extensive,bjw_score | education,bjw_score,education,True,85,41,44,1.0,False,gpt-5-mini-2025-08-07,,high,all-at-once,extensive,1.1149425287356316,,,True,False,undetermined,-3.51943020478364,1.8797406260696696,3.2928006013723343,0.25,True,False,no population gap,single df,-0.914079822616408,1.1242238694134592,inf,-0.8198447893569849,1.080826157526246,inf,0.2893888005494692,8,0.00625,0.9875,not read,False
gpt-5-mini-2025-08-07 | NA | high | all-at-once | extensive,bjw_score | age,bjw_score,age,True,85,39,46,1.0,False,gpt-5-mini-2025-08-07,,high,all-at-once,extensive,-1.1428571428571428,,,True,False,undetermined,-3.6131660383299007,1.7558639201582196,2.89076823095069,0.25,True,False,no population gap,single df,1.0613154960981035,1.1343328651115765,inf,-0.9286510590858406,1.0747924452612447,inf,0.3013813437724626,8,0.00625,0.9875,not read,False
gpt-5-mini-2025-08-07 | NA | high | all-at-once | extensive,gut_diff | political_identity,gut_diff,political_identity,True,85,11,53,1.0,False,gpt-5-mini-2025-08-07,,high,all-at-once,extensive,2.3487297921478065,,,True,False,undetermined,-1.0461630573376757,2.5315832974748966,2.4085752019119284,0.25,True,False,no population gap,single df,1.7444253859348202,0.4513778062843428,inf,0.7427101200686106,0.7162066114260104,inf,0.0227732643710251,8,0.00625,0.9875,not read,False
gpt-5-mini-2025-08-07 | NA | high | all-at-once | extensive,gut_diff | sex,gut_diff,sex,True,85,62,23,1.0,False,gpt-5-mini-2025-08-07,,high,all-at-once,extensive,2.048710601719197,,,True,False,undetermined,-1.5139845768883289,1.024503510969675,5.186080248260046,0.25,True,False,no population gap,single df,-0.5014025245441794,0.2321871967428397,inf,-0.2447405329593268,0.5081640147867098,inf,0.0009282118623749,8,0.00625,0.9875,not read,False
gpt-5-mini-2025-08-07 | NA | high | all-at-once | extensive,gut_diff | education,gut_diff,education,True,85,41,44,1.0,False,gpt-5-mini-2025-08-07,,high,all-at-once,extensive,0.0806451612903224,,,True,False,undetermined,-1.2216746800862492,0.8092578286450074,4.924465384074174,0.25,True,False,no population gap,single df,-0.0166297117516629,0.2561844042320996,inf,-0.2062084257206209,0.4065596456151067,inf,0.011739347880278,8,0.00625,0.9875,not read,False
gpt-5-mini-2025-08-07 | NA | high | all-at-once | extensive,gut_diff | age,gut_diff,age,True,85,39,46,1.0,False,gpt-5-mini-2025-08-07,,high,all-at-once,extensive,0.1325757575757576,,,True,False,undetermined,-1.2987750953461776,0.7101463328043716,3.412883562596672,0.25,True,False,no population gap,single df,-0.0390189520624303,0.2511494020702628,inf,-0.294314381270903,0.4021533853962044,inf,0.009762106741296,8,0.00625,0.9875,not read,False
gpt-5-mini-2025-08-07 | NA | high | all-at-once | minimal,bjw_score | political_identity,bjw_score,political_identity,False,85,11,53,1.0,False,gpt-5-mini-2025-08-07,,high,all-at-once,minimal,-0.4079320113314451,,,True,False,undetermined,-0.8247376275749545,6.879626135293655,1.2724204174935967,0.25,True,False,no population gap,single df,-1.234991423670671,1.2869984982544636,inf,3.0274442538593505,1.5422882777520266,inf,-0.8061477503092259,8,0.00625,0.9875,not read,False
gpt-5-mini-2025-08-07 | NA | high | all-at-once | minimal,bjw_score | sex,bjw_score,sex,True,85,62,23,1.0,False,gpt-5-mini-2025-08-07,,high,all-at-once,minimal,2.5686274509803964,,,True,False,undetermined,-3.4784932878944645,2.190975756337663,4.403411142197722,0.25,True,False,no population gap,single df,-1.6535764375876596,0.5874893359375025,inf,-0.6437587657784007,1.134935462177802,inf,-0.0683287143429854,8,0.00625,0.9875,not read,False
gpt-5-mini-2025-08-07 | NA | high | all-at-once | minimal,bjw_score | education,bjw_score,education,False,85,41,44,1.0,False,gpt-5-mini-2025-08-07,,high,all-at-once,minimal,-1.5726842461122368,,,True,False,undetermined,-3.51943020478364,1.8797406260696696,3.2928006013723343,0.25,True,False,no population gap,single df,1.2893569844789354,0.5941411458819345,inf,-0.8198447893569849,1.080826157526246,inf,-0.1367478970166495,8,0.00625,0.9875,not read,False
gpt-5-mini-2025-08-07 | NA | high | all-at-once | minimal,bjw_score | age,bjw_score,age,True,85,39,46,1.0,False,gpt-5-mini-2025-08-07,,high,all-at-once,minimal,-3.34273709483794,,,True,False,reversed,-3.6131660383299007,1.7558639201582196,2.89076823095069,0.25,True,False,no population gap,single df,3.104236343366779,0.5432796883117222,inf,-0.9286510590858406,1.0747924452612447,inf,-0.131479437054223,8,0.00625,0.9875,not read,False
gpt-5-mini-2025-08-07 | NA | high | all-at-once | minimal,gut_diff | political_identity,gut_diff,political_identity,False,85,11,53,1.0,False,gpt-5-mini-2025-08-07,,high,all-at-once,minimal,0.3903002309468823,,,True,False,undetermined,-1.0461630573376757,2.5315832974748966,2.4085752019119284,0.25,True,False,no population gap,single df,0.2898799313893654,0.1501336492177393,inf,0.7427101200686106,0.7162066114260104,inf,-0.0385038296079487,8,0.00625,0.9875,not read,False
gpt-5-mini-2025-08-07 | NA | high | all-at-once | minimal,gut_diff | sex,gut_diff,sex,True,85,62,23,1.0,False,gpt-5-mini-2025-08-07,,high,all-at-once,minimal,1.3782234957020054,,,True,False,undetermined,-1.5139845768883289,1.024503510969675,5.186080248260046,0.25,True,False,no population gap,single df,-0.3373071528751753,0.1339770242827078,inf,-0.2447405329593268,0.5081640147867098,inf,0.0044433892711105,8,0.00625,0.9875,not read,False
gpt-5-mini-2025-08-07 | NA | high | all-at-once | minimal,gut_diff | education,gut_diff,education,False,85,41,44,1.0,False,gpt-5-mini-2025-08-07,,high,all-at-once,minimal,-0.0994623655913978,,,True,False,undetermined,-1.2216746800862492,0.8092578286450074,4.924465384074174,0.25,True,False,no population gap,single df,0.0205099778270509,0.1305228655706589,inf,-0.2062084257206209,0.4065596456151067,inf,-0.003942126149524,8,0.00625,0.9875,not read,False
gpt-5-mini-2025-08-07 | NA | high | all-at-once | minimal,gut_diff | age,gut_diff,age,True,85,39,46,1.0,False,gpt-5-mini-2025-08-07,,high,all-at-once,minimal,-1.236742424242424,,,True,False,undetermined,-1.2987750953461776,0.7101463328043716,3.412883562596672,0.25,True,False,no population gap,single df,0.3639910813823857,0.1225897289512979,inf,-0.294314381270903,0.4021533853962044,inf,-0.0018792728085296,8,0.00625,0.9875,not read,False
gpt-5-mini-2025-08-07 | NA | high | all-at-once | none,bjw_score | political_identity,bjw_score,political_identity,False,85,11,53,1.0,False,gpt-5-mini-2025-08-07,,high,all-at-once,none,0.1444759206798865,,,True,False,undetermined,-0.8247376275749545,6.879626135293655,1.2724204174935967,0.25,True,False,no population gap,single df,0.4373927958833619,0.3565474086895546,inf,3.0274442538593505,1.5422882777520266,inf,0.1973323446574164,8,0.00625,0.9875,not read,False
gpt-5-mini-2025-08-07 | NA | high | all-at-once | none,bjw_score | sex,bjw_score,sex,False,85,62,23,1.0,False,gpt-5-mini-2025-08-07,,high,all-at-once,none,0.095860566448805,,,True,False,undetermined,-3.4784932878944645,2.190975756337663,4.403411142197722,0.25,True,False,no population gap,single df,-0.0617110799439011,0.3482039561790277,inf,-0.6437587657784007,1.134935462177802,inf,0.0887825650143725,8,0.00625,0.9875,not read,False
gpt-5-mini-2025-08-07 | NA | high | all-at-once | none,bjw_score | education,bjw_score,education,False,85,41,44,1.0,False,gpt-5-mini-2025-08-07,,high,all-at-once,none,0.4861392832995263,,,True,False,undetermined,-3.51943020478364,1.8797406260696696,3.2928006013723343,0.25,True,False,no population gap,single df,-0.3985587583148557,0.299133022548481,inf,-0.8198447893569849,1.080826157526246,inf,0.0392921357553497,8,0.00625,0.9875,not read,False
gpt-5-mini-2025-08-07 | NA | high | all-at-once | none,bjw_score | age,bjw_score,age,False,85,39,46,1.0,False,gpt-5-mini-2025-08-07,,high,all-at-once,none,0.2076830732292922,,,True,False,undetermined,-3.6131660383299007,1.7558639201582196,2.89076823095069,0.25,True,False,no population gap,single df,-0.1928651059085844,0.3048234220501282,inf,-0.9286510590858406,1.0747924452612447,inf,0.0530235231539201,8,0.00625,0.9875,not read,False
gpt-5-mini-2025-08-07 | NA | high | all-at-once | none,gut_diff | political_identity,gut_diff,political_identity,False,85,11,53,1.0,False,gpt-5-mini-2025-08-07,,high,all-at-once,none,0.0831408775981523,,,True,False,undetermined,-1.0461630573376757,2.5315832974748966,2.4085752019119284,0.25,True,False,no population gap,single df,0.0617495711835334,0.2904214151479984,inf,0.7427101200686106,0.7162066114260104,inf,-0.0764280834343849,8,0.00625,0.9875,not read,False
gpt-5-mini-2025-08-07 | NA | high | all-at-once | none,gut_diff | sex,gut_diff,sex,False,85,62,23,1.0,False,gpt-5-mini-2025-08-07,,high,all-at-once,none,0.0773638968481376,,,True,False,undetermined,-1.5139845768883289,1.024503510969675,5.186080248260046,0.25,True,False,no population gap,single df,-0.0189340813464236,0.1766199075547398,inf,-0.2447405329593268,0.5081640147867098,inf,0.0001041399954258,8,0.00625,0.9875,not read,False
gpt-5-mini-2025-08-07 | NA | high | all-at-once | none,gut_diff | education,gut_diff,education,False,85,41,44,1.0,False,gpt-5-mini-2025-08-07,,high,all-at-once,none,-0.1989247311827956,,,True,False,undetermined,-1.2216746800862492,0.8092578286450074,4.924465384074174,0.25,True,False,no population gap,single df,0.0410199556541019,0.1607447327861067,inf,-0.2062084257206209,0.4065596456151067,inf,0.001327646328443,8,0.00625,0.9875,not read,False
gpt-5-mini-2025-08-07 | NA | high | all-at-once | none,gut_diff | age,gut_diff,age,False,85,39,46,1.0,False,gpt-5-mini-2025-08-07,,high,all-at-once,none,0.1022727272727272,,,True,False,undetermined,-1.2987750953461776,0.7101463328043716,3.412883562596672,0.25,True,False,no population gap,single df,-0.0301003344481605,0.1581552635608657,inf,-0.294314381270903,0.4021533853962044,inf,0.0031499013939393,8,0.00625,0.9875,not read,False
gpt-5-mini-2025-08-07 | NA | high | item-by-item | extensive,bjw_score | political_identity,bjw_score,political_identity,True,85,11,53,1.0,False,gpt-5-mini-2025-08-07,,high,item-by-item,extensive,4.9042492917847,,,True,False,steepened,-0.8247376275749545,6.879626135293655,1.2724204174935967,0.25,True,False,no population gap,single df,14.847341337907377,0.8995751504005702,inf,3.0274442538593505,1.5422882777520266,inf,0.0620833076566496,8,0.00625,0.9875,not read,False
gpt-5-mini-2025-08-07 | NA | high | item-by-item | extensive,bjw_score | sex,bjw_score,sex,True,85,62,23,1.0,False,gpt-5-mini-2025-08-07,,high,item-by-item,extensive,4.010893246187368,,,True,False,undetermined,-3.4784932878944645,2.190975756337663,4.403411142197722,0.25,True,False,no population gap,single df,-2.582047685834503,1.4921281817152576,inf,-0.6437587657784007,1.134935462177802,inf,0.3896635568620199,8,0.00625,0.9875,not read,False
gpt-5-mini-2025-08-07 | NA | high | item-by-item | extensive,bjw_score | education,bjw_score,education,True,85,41,44,1.0,False,gpt-5-mini-2025-08-07,,high,item-by-item,extensive,1.4442190669371184,,,True,False,undetermined,-3.51943020478364,1.8797406260696696,3.2928006013723343,0.25,True,False,no population gap,single df,-1.1840354767184031,1.390318381831775,inf,-0.8198447893569849,1.080826157526246,inf,0.3077926763584775,8,0.00625,0.9875,not read,False
gpt-5-mini-2025-08-07 | NA | high | item-by-item | extensive,bjw_score | age,bjw_score,age,True,85,39,46,1.0,False,gpt-5-mini-2025-08-07,,high,item-by-item,extensive,-1.3961584633853577,,,True,False,undetermined,-3.6131660383299007,1.7558639201582196,2.89076823095069,0.25,True,False,no population gap,single df,1.2965440356744722,1.439159174899828,inf,-0.9286510590858406,1.0747924452612447,inf,0.3574564040198307,8,0.00625,0.9875,not read,False
gpt-5-mini-2025-08-07 | NA | high | item-by-item | extensive,gut_diff | political_identity,gut_diff,political_identity,True,85,11,53,1.0,False,gpt-5-mini-2025-08-07,,high,item-by-item,extensive,2.069284064665127,,,True,False,undetermined,-1.0461630573376757,2.5315832974748966,2.4085752019119284,0.25,True,False,no population gap,single df,1.536878216123499,0.3146291639895948,inf,0.7427101200686106,0.7162066114260104,inf,0.0107866071431953,8,0.00625,0.9875,not read,False
gpt-5-mini-2025-08-07 | NA | high | item-by-item | extensive,gut_diff | sex,gut_diff,sex,True,85,62,23,1.0,False,gpt-5-mini-2025-08-07,,high,item-by-item,extensive,2.8767908309455583,,,True,False,undetermined,-1.5139845768883289,1.024503510969675,5.186080248260046,0.25,True,False,no population gap,single df,-0.7040673211781207,0.2644137551620467,inf,-0.2447405329593268,0.5081640147867098,inf,0.0186292060862364,8,0.00625,0.9875,not read,False
gpt-5-mini-2025-08-07 | NA | high | item-by-item | extensive,gut_diff | education,gut_diff,education,True,85,41,44,1.0,False,gpt-5-mini-2025-08-07,,high,item-by-item,extensive,1.0403225806451608,,,True,False,undetermined,-1.2216746800862492,0.8092578286450074,4.924465384074174,0.25,True,False,no population gap,single df,-0.2145232815964523,0.2672584486939066,inf,-0.2062084257206209,0.4065596456151067,inf,0.0060301789212389,8,0.00625,0.9875,not read,False
gpt-5-mini-2025-08-07 | NA | high | item-by-item | extensive,gut_diff | age,gut_diff,age,True,85,39,46,1.0,False,gpt-5-mini-2025-08-07,,high,item-by-item,extensive,0.7443181818181818,,,True,False,undetermined,-1.2987750953461776,0.7101463328043716,3.412883562596672,0.25,True,False,no population gap,single df,-0.2190635451505017,0.2706008394306147,inf,-0.294314381270903,0.4021533853962044,inf,0.0074572940417602,8,0.00625,0.9875,not read,False
gpt-5-mini-2025-08-07 | NA | high | item-by-item | minimal,bjw_score | political_identity,bjw_score,political_identity,False,85,11,53,1.0,False,gpt-5-mini-2025-08-07,,high,item-by-item,minimal,0.122379603399434,,,True,False,undetermined,-0.8247376275749545,6.879626135293655,1.2724204174935967,0.25,True,False,no population gap,single df,0.3704974271012027,0.7060939161871419,inf,3.0274442538593505,1.5422882777520266,inf,-0.2159497910890579,8,0.00625,0.9875,not read,False
gpt-5-mini-2025-08-07 | NA | high | item-by-item | minimal,bjw_score | sex,bjw_score,sex,True,85,62,23,1.0,False,gpt-5-mini-2025-08-07,,high,item-by-item,minimal,2.9858387799564263,,,True,False,undetermined,-3.4784932878944645,2.190975756337663,4.403411142197722,0.25,True,False,no population gap,single df,-1.9221598877980348,0.4154208734992345,inf,-0.6437587657784007,1.134935462177802,inf,-0.0467290216970386,8,0.00625,0.9875,not read,False
gpt-5-mini-2025-08-07 | NA | high | item-by-item | minimal,bjw_score | education,bjw_score,education,False,85,41,44,1.0,False,gpt-5-mini-2025-08-07,,high,item-by-item,minimal,-0.217714672075728,,,True,False,undetermined,-3.51943020478364,1.8797406260696696,3.2928006013723343,0.25,True,False,no population gap,single df,0.1784922394678503,0.4221036203591278,inf,-0.8198447893569849,1.080826157526246,inf,-0.0055330116136137,8,0.00625,0.9875,not read,False
gpt-5-mini-2025-08-07 | NA | high | item-by-item | minimal,bjw_score | age,bjw_score,age,True,85,39,46,1.0,False,gpt-5-mini-2025-08-07,,high,item-by-item,minimal,-1.964585834333738,,,True,False,reversed or missing,-3.6131660383299007,1.7558639201582196,2.89076823095069,0.25,True,False,no population gap,single df,1.824414715719065,0.3795556318799667,inf,-0.9286510590858406,1.0747924452612447,inf,0.0140125471227162,8,0.00625,0.9875,not read,False
gpt-5-mini-2025-08-07 | NA | high | item-by-item | minimal,gut_diff | political_identity,gut_diff,political_identity,False,85,11,53,1.0,False,gpt-5-mini-2025-08-07,,high,item-by-item,minimal,0.7205542725173211,,,True,False,undetermined,-1.0461630573376757,2.5315832974748966,2.4085752019119284,0.25,True,False,no population gap,single df,0.5351629502572899,0.2364775900222279,inf,0.7427101200686106,0.7162066114260104,inf,-0.0246737767042937,8,0.00625,0.9875,not read,False
gpt-5-mini-2025-08-07 | NA | high | item-by-item | minimal,gut_diff | sex,gut_diff,sex,True,85,62,23,1.0,False,gpt-5-mini-2025-08-07,,high,item-by-item,minimal,0.9455587392550142,,,True,False,undetermined,-1.5139845768883289,1.024503510969675,5.186080248260046,0.25,True,False,no population gap,single df,-0.2314165497896213,0.146972920249457,inf,-0.2447405329593268,0.5081640147867098,inf,-0.000267708715338,8,0.00625,0.9875,not read,False
gpt-5-mini-2025-08-07 | NA | high | item-by-item | minimal,gut_diff | education,gut_diff,education,False,85,41,44,1.0,False,gpt-5-mini-2025-08-07,,high,item-by-item,minimal,-0.1209677419354836,,,True,False,undetermined,-1.2216746800862492,0.8092578286450074,4.924465384074174,0.25,True,False,no population gap,single df,0.0249445676274944,0.1329159763409278,inf,-0.2062084257206209,0.4065596456151067,inf,-0.0002507525524761,8,0.00625,0.9875,not read,False
gpt-5-mini-2025-08-07 | NA | high | item-by-item | minimal,gut_diff | age,gut_diff,age,True,85,39,46,1.0,False,gpt-5-mini-2025-08-07,,high,item-by-item,minimal,-1.3257575757575757,,,True,False,undetermined,-1.2987750953461776,0.7101463328043716,3.412883562596672,0.25,True,False,no population gap,single df,0.3901895206243032,0.1270683771563537,inf,-0.294314381270903,0.4021533853962044,inf,0.0013615387434926,8,0.00625,0.9875,not read,False
gpt-5-mini-2025-08-07 | NA | high | item-by-item | none,bjw_score | political_identity,bjw_score,political_identity,False,85,11,53,1.0,False,gpt-5-mini-2025-08-07,,high,item-by-item,none,0.0113314447592059,,,True,False,undetermined,-0.8247376275749545,6.879626135293655,1.2724204174935967,0.25,True,False,no population gap,single df,0.0343053173241827,0.2947564848632149,inf,3.0274442538593505,1.5422882777520266,inf,0.0865931223349617,8,0.00625,0.9875,not read,False
gpt-5-mini-2025-08-07 | NA | high | item-by-item | none,bjw_score | sex,bjw_score,sex,False,85,62,23,1.0,False,gpt-5-mini-2025-08-07,,high,item-by-item,none,0.2854030501089317,,,True,False,undetermined,-3.4784932878944645,2.190975756337663,4.403411142197722,0.25,True,False,no population gap,single df,-0.1837307152875169,0.2799486077402956,inf,-0.6437587657784007,1.134935462177802,inf,0.0923166365688281,8,0.00625,0.9875,not read,False
gpt-5-mini-2025-08-07 | NA | high | item-by-item | none,bjw_score | education,bjw_score,education,False,85,41,44,1.0,False,gpt-5-mini-2025-08-07,,high,item-by-item,none,-0.398242055442864,,,True,False,undetermined,-3.51943020478364,1.8797406260696696,3.2928006013723343,0.25,True,False,no population gap,single df,0.3264966740576476,0.2169364598598273,inf,-0.8198447893569849,1.080826157526246,inf,0.0235040161641003,8,0.00625,0.9875,not read,False
gpt-5-mini-2025-08-07 | NA | high | item-by-item | none,bjw_score | age,bjw_score,age,False,85,39,46,1.0,False,gpt-5-mini-2025-08-07,,high,item-by-item,none,-0.1446578631452592,,,True,False,undetermined,-3.6131660383299007,1.7558639201582196,2.89076823095069,0.25,True,False,no population gap,single df,0.1343366778149395,0.2222871708880519,inf,-0.9286510590858406,1.0747924452612447,inf,0.0179129220789486,8,0.00625,0.9875,not read,False
gpt-5-mini-2025-08-07 | NA | high | item-by-item | none,gut_diff | political_identity,gut_diff,political_identity,False,85,11,53,1.0,False,gpt-5-mini-2025-08-07,,high,item-by-item,none,0.3002309468822171,,,True,False,undetermined,-1.0461630573376757,2.5315832974748966,2.4085752019119284,0.25,True,False,no population gap,single df,0.2229845626072041,0.4676665532025134,inf,0.7427101200686106,0.7162066114260104,inf,0.0810854273013416,8,0.00625,0.9875,not read,False
gpt-5-mini-2025-08-07 | NA | high | item-by-item | none,gut_diff | sex,gut_diff,sex,False,85,62,23,1.0,False,gpt-5-mini-2025-08-07,,high,item-by-item,none,0.1060171919770773,,,True,False,undetermined,-1.5139845768883289,1.024503510969675,5.186080248260046,0.25,True,False,no population gap,single df,-0.0259467040673211,0.2867934167281626,inf,-0.2447405329593268,0.5081640147867098,inf,0.044346450931317,8,0.00625,0.9875,not read,False
gpt-5-mini-2025-08-07 | NA | high | item-by-item | none,gut_diff | education,gut_diff,education,False,85,41,44,1.0,False,gpt-5-mini-2025-08-07,,high,item-by-item,none,-0.7634408602150535,,,True,False,undetermined,-1.2216746800862492,0.8092578286450074,4.924465384074174,0.25,True,False,no population gap,single df,0.1574279379157428,0.2524519556304201,inf,-0.2062084257206209,0.4065596456151067,inf,0.0126288911706337,8,0.00625,0.9875,not read,False
gpt-5-mini-2025-08-07 | NA | high | item-by-item | none,gut_diff | age,gut_diff,age,False,85,39,46,1.0,False,gpt-5-mini-2025-08-07,,high,item-by-item,none,-1.1477272727272727,,,True,False,undetermined,-1.2987750953461776,0.7101463328043716,3.412883562596672,0.25,True,False,no population gap,single df,0.3377926421404682,0.2572342051706874,inf,-0.294314381270903,0.4021533853962044,inf,0.0111431795196376,8,0.00625,0.9875,not read,False
gpt-5-mini-2025-08-07 | NA | high | scale-by-scale | extensive,bjw_score | political_identity,bjw_score,political_identity,True,85,11,53,1.0,False,gpt-5-mini-2025-08-07,,high,scale-by-scale,extensive,4.491784702549571,,,True,False,steepened,-0.8247376275749545,6.879626135293655,1.2724204174935967,0.25,True,False,no population gap,single df,13.598627787307032,0.9579777997075968,inf,3.0274442538593505,1.5422882777520266,inf,-0.0320373841304672,8,0.00625,0.9875,not read,False
gpt-5-mini-2025-08-07 | NA | high | scale-by-scale | extensive,bjw_score | sex,bjw_score,sex,True,85,62,23,1.0,False,gpt-5-mini-2025-08-07,,high,scale-by-scale,extensive,2.36710239651416,,,True,False,undetermined,-3.4784932878944645,2.190975756337663,4.403411142197722,0.25,True,False,no population gap,single df,-1.5238429172510504,1.4170951189585217,inf,-0.6437587657784007,1.134935462177802,inf,0.407341196637866,8,0.00625,0.9875,not read,False
gpt-5-mini-2025-08-07 | NA | high | scale-by-scale | extensive,bjw_score | education,bjw_score,education,True,85,41,44,1.0,False,gpt-5-mini-2025-08-07,,high,scale-by-scale,extensive,0.5368492224475965,,,True,False,undetermined,-3.51943020478364,1.8797406260696696,3.2928006013723343,0.25,True,False,no population gap,single df,-0.4401330376940109,1.290085826027345,inf,-0.8198447893569849,1.080826157526246,inf,0.3340071818904656,8,0.00625,0.9875,not read,False
gpt-5-mini-2025-08-07 | NA | high | scale-by-scale | extensive,bjw_score | age,bjw_score,age,True,85,39,46,1.0,False,gpt-5-mini-2025-08-07,,high,scale-by-scale,extensive,-2.1872749099639868,,,True,False,undetermined,-3.6131660383299007,1.7558639201582196,2.89076823095069,0.25,True,False,no population gap,single df,2.0312151616499428,1.3148460962807786,inf,-0.9286510590858406,1.0747924452612447,inf,0.3570529527386981,8,0.00625,0.9875,not read,False
gpt-5-mini-2025-08-07 | NA | high | scale-by-scale | extensive,gut_diff | political_identity,gut_diff,political_identity,True,85,11,53,1.0,False,gpt-5-mini-2025-08-07,,high,scale-by-scale,extensive,2.18013856812933,,,True,False,undetermined,-1.0461630573376757,2.5315832974748966,2.4085752019119284,0.25,True,False,no population gap,single df,1.6192109777015435,0.4096712634805763,inf,0.7427101200686106,0.7162066114260104,inf,0.1019242430348885,8,0.00625,0.9875,not read,False
gpt-5-mini-2025-08-07 | NA | high | scale-by-scale | extensive,gut_diff | sex,gut_diff,sex,True,85,62,23,1.0,False,gpt-5-mini-2025-08-07,,high,scale-by-scale,extensive,1.4040114613180512,,,True,False,undetermined,-1.5139845768883289,1.024503510969675,5.186080248260046,0.25,True,False,no population gap,single df,-0.3436185133239832,0.1659872187181006,inf,-0.2447405329593268,0.5081640147867098,inf,0.0030320458147602,8,0.00625,0.9875,not read,False
gpt-5-mini-2025-08-07 | NA | high | scale-by-scale | extensive,gut_diff | education,gut_diff,education,True,85,41,44,1.0,False,gpt-5-mini-2025-08-07,,high,scale-by-scale,extensive,0.2150537634408599,,,True,False,undetermined,-1.2216746800862492,0.8092578286450074,4.924465384074174,0.25,True,False,no population gap,single df,-0.0443458980044345,0.210017379072212,inf,-0.2062084257206209,0.4065596456151067,inf,0.0123482667820371,8,0.00625,0.9875,not read,False
gpt-5-mini-2025-08-07 | NA | high | scale-by-scale | extensive,gut_diff | age,gut_diff,age,True,85,39,46,1.0,False,gpt-5-mini-2025-08-07,,high,scale-by-scale,extensive,0.2462121212121211,,,True,False,undetermined,-1.2987750953461776,0.7101463328043716,3.412883562596672,0.25,True,False,no population gap,single df,-0.072463768115942,0.2057597667811721,inf,-0.294314381270903,0.4021533853962044,inf,0.0097949868650669,8,0.00625,0.9875,not read,False
gpt-5-mini-2025-08-07 | NA | high | scale-by-scale | minimal,bjw_score | political_identity,bjw_score,political_identity,False,85,11,53,1.0,False,gpt-5-mini-2025-08-07,,high,scale-by-scale,minimal,0.122379603399434,,,True,False,undetermined,-0.8247376275749545,6.879626135293655,1.2724204174935967,0.25,True,False,no population gap,single df,0.3704974271012027,1.2113087248110084,inf,3.0274442538593505,1.5422882777520266,inf,-0.2610275331336531,8,0.00625,0.9875,not read,False
gpt-5-mini-2025-08-07 | NA | high | scale-by-scale | minimal,bjw_score | sex,bjw_score,sex,True,85,62,23,1.0,False,gpt-5-mini-2025-08-07,,high,scale-by-scale,minimal,4.054466230936823,,,True,False,undetermined,-3.4784932878944645,2.190975756337663,4.403411142197722,0.25,True,False,no population gap,single df,-2.6100981767180933,0.806879890352709,inf,-0.6437587657784007,1.134935462177802,inf,0.1022281542766213,8,0.00625,0.9875,not read,False
gpt-5-mini-2025-08-07 | NA | high | scale-by-scale | minimal,bjw_score | education,bjw_score,education,False,85,41,44,1.0,False,gpt-5-mini-2025-08-07,,high,scale-by-scale,minimal,-0.1582150101419868,,,True,False,undetermined,-3.51943020478364,1.8797406260696696,3.2928006013723343,0.25,True,False,no population gap,single df,0.1297117516629704,0.7645775657003249,inf,-0.8198447893569849,1.080826157526246,inf,-0.0531577217306193,8,0.00625,0.9875,not read,False
gpt-5-mini-2025-08-07 | NA | high | scale-by-scale | minimal,bjw_score | age,bjw_score,age,True,85,39,46,1.0,False,gpt-5-mini-2025-08-07,,high,scale-by-scale,minimal,-3.644057623049224,,,True,False,reversed,-3.6131660383299007,1.7558639201582196,2.89076823095069,0.25,True,False,no population gap,single df,3.384057971014492,0.6796133347268601,inf,-0.9286510590858406,1.0747924452612447,inf,-0.0252533331232038,8,0.00625,0.9875,not read,False
gpt-5-mini-2025-08-07 | NA | high | scale-by-scale | minimal,gut_diff | political_identity,gut_diff,political_identity,False,85,11,53,1.0,False,gpt-5-mini-2025-08-07,,high,scale-by-scale,minimal,-0.207852193995381,,,True,False,undetermined,-1.0461630573376757,2.5315832974748966,2.4085752019119284,0.25,True,False,no population gap,single df,-0.1543739279588336,0.1141965776904812,inf,0.7427101200686106,0.7162066114260104,inf,0.0218325987693617,8,0.00625,0.9875,not read,False
gpt-5-mini-2025-08-07 | NA | high | scale-by-scale | minimal,gut_diff | sex,gut_diff,sex,True,85,62,23,1.0,False,gpt-5-mini-2025-08-07,,high,scale-by-scale,minimal,0.6303724928366761,,,True,False,undetermined,-1.5139845768883289,1.024503510969675,5.186080248260046,0.25,True,False,no population gap,single df,-0.1542776998597475,0.1356792729502809,inf,-0.2447405329593268,0.5081640147867098,inf,-0.0046023895231344,8,0.00625,0.9875,not read,False
gpt-5-mini-2025-08-07 | NA | high | scale-by-scale | minimal,gut_diff | education,gut_diff,education,False,85,41,44,1.0,False,gpt-5-mini-2025-08-07,,high,scale-by-scale,minimal,-0.3091397849462364,,,True,False,undetermined,-1.2216746800862492,0.8092578286450074,4.924465384074174,0.25,True,False,no population gap,single df,0.0637472283813747,0.1096901889956254,inf,-0.2062084257206209,0.4065596456151067,inf,0.0026625751500697,8,0.00625,0.9875,not read,False
gpt-5-mini-2025-08-07 | NA | high | scale-by-scale | minimal,gut_diff | age,gut_diff,age,True,85,39,46,1.0,False,gpt-5-mini-2025-08-07,,high,scale-by-scale,minimal,-0.6155303030303029,,,True,False,undetermined,-1.2987750953461776,0.7101463328043716,3.412883562596672,0.25,True,False,no population gap,single df,0.181159420289855,0.1131057806269155,inf,-0.294314381270903,0.4021533853962044,inf,0.0023034723745008,8,0.00625,0.9875,not read,False
gpt-5-mini-2025-08-07 | NA | high | scale-by-scale | none,bjw_score | political_identity,bjw_score,political_identity,False,85,11,53,1.0,False,gpt-5-mini-2025-08-07,,high,scale-by-scale,none,0.2186968838526905,,,True,False,undetermined,-0.8247376275749545,6.879626135293655,1.2724204174935967,0.25,True,False,no population gap,single df,0.6620926243567737,0.6731777122528804,inf,3.0274442538593505,1.5422882777520266,inf,0.1201442145785925,8,0.00625,0.9875,not read,False
gpt-5-mini-2025-08-07 | NA | high | scale-by-scale | none,bjw_score | sex,bjw_score,sex,False,85,62,23,1.0,False,gpt-5-mini-2025-08-07,,high,scale-by-scale,none,0.663398692810457,,,True,False,undetermined,-3.4784932878944645,2.190975756337663,4.403411142197722,0.25,True,False,no population gap,single df,-0.4270687237026642,0.5657751362880934,inf,-0.6437587657784007,1.134935462177802,inf,-0.0875714666113613,8,0.00625,0.9875,not read,False
gpt-5-mini-2025-08-07 | NA | high | scale-by-scale | none,bjw_score | education,bjw_score,education,False,85,41,44,1.0,False,gpt-5-mini-2025-08-07,,high,scale-by-scale,none,-0.1643002028397587,,,True,False,undetermined,-3.51943020478364,1.8797406260696696,3.2928006013723343,0.25,True,False,no population gap,single df,0.1347006651884719,0.4705740457483975,inf,-0.8198447893569849,1.080826157526246,inf,0.0402738528849967,8,0.00625,0.9875,not read,False
gpt-5-mini-2025-08-07 | NA | high | scale-by-scale | none,bjw_score | age,bjw_score,age,False,85,39,46,1.0,False,gpt-5-mini-2025-08-07,,high,scale-by-scale,none,-0.6464585834333736,,,True,False,undetermined,-3.6131660383299007,1.7558639201582196,2.89076823095069,0.25,True,False,no population gap,single df,0.6003344481605346,0.4777853488244707,inf,-0.9286510590858406,1.0747924452612447,inf,0.0340986633769613,8,0.00625,0.9875,not read,False
gpt-5-mini-2025-08-07 | NA | high | scale-by-scale | none,gut_diff | political_identity,gut_diff,political_identity,False,85,11,53,1.0,False,gpt-5-mini-2025-08-07,,high,scale-by-scale,none,-0.4064665127020785,,,True,False,undetermined,-1.0461630573376757,2.5315832974748966,2.4085752019119284,0.25,True,False,no population gap,single df,-0.3018867924528302,0.0873883465131424,inf,0.7427101200686106,0.7162066114260104,inf,-0.0019802436942075,8,0.00625,0.9875,not read,False
gpt-5-mini-2025-08-07 | NA | high | scale-by-scale | none,gut_diff | sex,gut_diff,sex,False,85,62,23,1.0,False,gpt-5-mini-2025-08-07,,high,scale-by-scale,none,-0.0343839541547277,,,True,False,undetermined,-1.5139845768883289,1.024503510969675,5.186080248260046,0.25,True,False,no population gap,single df,0.0084151472650771,0.1298079960751844,inf,-0.2447405329593268,0.5081640147867098,inf,-0.0138386892937602,8,0.00625,0.9875,not read,False
gpt-5-mini-2025-08-07 | NA | high | scale-by-scale | none,gut_diff | education,gut_diff,education,False,85,41,44,1.0,False,gpt-5-mini-2025-08-07,,high,scale-by-scale,none,0.0376344086021504,,,True,False,undetermined,-1.2216746800862492,0.8092578286450074,4.924465384074174,0.25,True,False,no population gap,single df,-0.007760532150776,0.1231649654435552,inf,-0.2062084257206209,0.4065596456151067,inf,-0.0057565346610481,8,0.00625,0.9875,not read,False
gpt-5-mini-2025-08-07 | NA | high | scale-by-scale | none,gut_diff | age,gut_diff,age,False,85,39,46,1.0,False,gpt-5-mini-2025-08-07,,high,scale-by-scale,none,0.5984848484848485,,,True,False,undetermined,-1.2987750953461776,0.7101463328043716,3.412883562596672,0.25,True,False,no population gap,single df,-0.1761426978818283,0.1155544439140621,inf,-0.294314381270903,0.4021533853962044,inf,-0.0084318830171816,8,0.00625,0.9875,not read,False
gpt-5-mini-2025-08-07 | NA | low | all-at-once | extensive,bjw_score | political_identity,bjw_score,political_identity,True,85,11,53,1.0,False,gpt-5-mini-2025-08-07,,low,all-at-once,extensive,3.689518413597731,,,True,False,steepened,-0.8247376275749545,6.879626135293655,1.2724204174935967,0.25,True,False,no population gap,single df,11.169811320754716,0.685993163521125,inf,3.0274442538593505,1.5422882777520266,inf,-0.4614273315097445,8,0.00625,0.9875,not read,False
gpt-5-mini-2025-08-07 | NA | low | all-at-once | extensive,bjw_score | sex,bjw_score,sex,True,85,62,23,1.0,False,gpt-5-mini-2025-08-07,,low,all-at-once,extensive,1.4422657952069768,,,True,False,undetermined,-3.4784932878944645,2.190975756337663,4.403411142197722,0.25,True,False,no population gap,single df,-0.9284712482468472,1.096123085464418,inf,-0.6437587657784007,1.134935462177802,inf,0.3813523779728414,8,0.00625,0.9875,not read,False
gpt-5-mini-2025-08-07 | NA | low | all-at-once | extensive,bjw_score | education,bjw_score,education,True,85,41,44,1.0,False,gpt-5-mini-2025-08-07,,low,all-at-once,extensive,0.1433400946585526,,,True,False,undetermined,-3.51943020478364,1.8797406260696696,3.2928006013723343,0.25,True,False,no population gap,single df,-0.1175166297117513,1.0254896531054691,inf,-0.8198447893569849,1.080826157526246,inf,0.2339164703653395,8,0.00625,0.9875,not read,False
gpt-5-mini-2025-08-07 | NA | low | all-at-once | extensive,bjw_score | age,bjw_score,age,True,85,39,46,1.0,False,gpt-5-mini-2025-08-07,,low,all-at-once,extensive,-0.910564225690275,,,True,False,undetermined,-3.6131660383299007,1.7558639201582196,2.89076823095069,0.25,True,False,no population gap,single df,0.8455964325529521,1.0409829464474845,inf,-0.9286510590858406,1.0747924452612447,inf,0.2542635848995669,8,0.00625,0.9875,not read,False
gpt-5-mini-2025-08-07 | NA | low | all-at-once | extensive,gut_diff | political_identity,gut_diff,political_identity,True,85,11,53,1.0,False,gpt-5-mini-2025-08-07,,low,all-at-once,extensive,3.02540415704388,,,True,False,kept or steepened,-1.0461630573376757,2.5315832974748966,2.4085752019119284,0.25,True,False,no population gap,single df,2.2469982847341337,0.3218593158380269,inf,0.7427101200686106,0.7162066114260104,inf,0.0863447539005643,8,0.00625,0.9875,not read,False
gpt-5-mini-2025-08-07 | NA | low | all-at-once | extensive,gut_diff | sex,gut_diff,sex,True,85,62,23,1.0,False,gpt-5-mini-2025-08-07,,low,all-at-once,extensive,1.8653295128939824,,,True,False,undetermined,-1.5139845768883289,1.024503510969675,5.186080248260046,0.25,True,False,no population gap,single df,-0.4565217391304348,0.2642603341260956,inf,-0.2447405329593268,0.5081640147867098,inf,0.0108495347854896,8,0.00625,0.9875,not read,False
gpt-5-mini-2025-08-07 | NA | low | all-at-once | extensive,gut_diff | education,gut_diff,education,True,85,41,44,1.0,False,gpt-5-mini-2025-08-07,,low,all-at-once,extensive,1.4999999999999991,,,True,False,undetermined,-1.2216746800862492,0.8092578286450074,4.924465384074174,0.25,True,False,no population gap,single df,-0.3093126385809312,0.27085773041589,inf,-0.2062084257206209,0.4065596456151067,inf,0.0221444287596484,8,0.00625,0.9875,not read,False
gpt-5-mini-2025-08-07 | NA | low | all-at-once | extensive,gut_diff | age,gut_diff,age,True,85,39,46,1.0,False,gpt-5-mini-2025-08-07,,low,all-at-once,extensive,0.8560606060606059,,,True,False,undetermined,-1.2987750953461776,0.7101463328043716,3.412883562596672,0.25,True,False,no population gap,single df,-0.2519509476031215,0.2628764490049887,inf,-0.294314381270903,0.4021533853962044,inf,0.0183313833235471,8,0.00625,0.9875,not read,False
gpt-5-mini-2025-08-07 | NA | low | all-at-once | minimal,bjw_score | political_identity,bjw_score,political_identity,False,85,11,53,1.0,False,gpt-5-mini-2025-08-07,,low,all-at-once,minimal,0.0096317280453255,,,True,False,undetermined,-0.8247376275749545,6.879626135293655,1.2724204174935967,0.25,True,False,no population gap,single df,0.0291595197255567,0.544330528024536,inf,3.0274442538593505,1.5422882777520266,inf,-0.2570528538621314,8,0.00625,0.9875,not read,False
gpt-5-mini-2025-08-07 | NA | low | all-at-once | minimal,bjw_score | sex,bjw_score,sex,True,85,62,23,1.0,False,gpt-5-mini-2025-08-07,,low,all-at-once,minimal,1.8300653594771248,,,True,False,undetermined,-3.4784932878944645,2.190975756337663,4.403411142197722,0.25,True,False,no population gap,single df,-1.1781206171107996,0.4579100325397401,inf,-0.6437587657784007,1.134935462177802,inf,0.0348500937583416,8,0.00625,0.9875,not read,False
gpt-5-mini-2025-08-07 | NA | low | all-at-once | minimal,bjw_score | education,bjw_score,education,False,85,41,44,1.0,False,gpt-5-mini-2025-08-07,,low,all-at-once,minimal,-0.6930358350236623,,,True,False,undetermined,-3.51943020478364,1.8797406260696696,3.2928006013723343,0.25,True,False,no population gap,single df,0.5681818181818166,0.4094063032344817,inf,-0.8198447893569849,1.080826157526246,inf,-0.0032457239460576,8,0.00625,0.9875,not read,False
gpt-5-mini-2025-08-07 | NA | low | all-at-once | minimal,bjw_score | age,bjw_score,age,True,85,39,46,1.0,False,gpt-5-mini-2025-08-07,,low,all-at-once,minimal,-2.064825930372153,,,True,False,reversed or missing,-3.6131660383299007,1.7558639201582196,2.89076823095069,0.25,True,False,no population gap,single df,1.917502787068006,0.3614235455212848,inf,-0.9286510590858406,1.0747924452612447,inf,0.0429608134855865,8,0.00625,0.9875,not read,False
gpt-5-mini-2025-08-07 | NA | low | all-at-once | minimal,gut_diff | political_identity,gut_diff,political_identity,False,85,11,53,1.0,False,gpt-5-mini-2025-08-07,,low,all-at-once,minimal,0.1524249422632794,,,True,False,undetermined,-1.0461630573376757,2.5315832974748966,2.4085752019119284,0.25,True,False,no population gap,single df,0.1132075471698113,0.153411117656064,inf,0.7427101200686106,0.7162066114260104,inf,-0.0336868500433805,8,0.00625,0.9875,not read,False
gpt-5-mini-2025-08-07 | NA | low | all-at-once | minimal,gut_diff | sex,gut_diff,sex,True,85,62,23,1.0,False,gpt-5-mini-2025-08-07,,low,all-at-once,minimal,1.1461318051575928,,,True,False,undetermined,-1.5139845768883289,1.024503510969675,5.186080248260046,0.25,True,False,no population gap,single df,-0.2805049088359046,0.1360816481851361,inf,-0.2447405329593268,0.5081640147867098,inf,-0.010888124365652,8,0.00625,0.9875,not read,False
gpt-5-mini-2025-08-07 | NA | low | all-at-once | minimal,gut_diff | education,gut_diff,education,False,85,41,44,1.0,False,gpt-5-mini-2025-08-07,,low,all-at-once,minimal,-0.64516129032258,,,True,False,undetermined,-1.2216746800862492,0.8092578286450074,4.924465384074174,0.25,True,False,no population gap,single df,0.1330376940133036,0.1202805677816361,inf,-0.2062084257206209,0.4065596456151067,inf,-0.0006634002059262,8,0.00625,0.9875,not read,False
gpt-5-mini-2025-08-07 | NA | low | all-at-once | minimal,gut_diff | age,gut_diff,age,True,85,39,46,1.0,False,gpt-5-mini-2025-08-07,,low,all-at-once,minimal,-1.0606060606060608,,,True,False,undetermined,-1.2987750953461776,0.7101463328043716,3.412883562596672,0.25,True,False,no population gap,single df,0.3121516164994427,0.1157739743097691,inf,-0.294314381270903,0.4021533853962044,inf,0.0005938935495468,8,0.00625,0.9875,not read,False
gpt-5-mini-2025-08-07 | NA | low | all-at-once | none,bjw_score | political_identity,bjw_score,political_identity,False,85,11,53,1.0,False,gpt-5-mini-2025-08-07,,low,all-at-once,none,0.2226628895184131,,,True,False,undetermined,-0.8247376275749545,6.879626135293655,1.2724204174935967,0.25,True,False,no population gap,single df,0.6740994854202391,0.3065866792847659,inf,3.0274442538593505,1.5422882777520266,inf,0.1377359754872249,8,0.00625,0.9875,not read,False
gpt-5-mini-2025-08-07 | NA | low | all-at-once | none,bjw_score | sex,bjw_score,sex,False,85,62,23,1.0,False,gpt-5-mini-2025-08-07,,low,all-at-once,none,0.1873638344226541,,,True,False,undetermined,-3.4784932878944645,2.190975756337663,4.403411142197722,0.25,True,False,no population gap,single df,-0.1206171107994364,0.271004826293414,inf,-0.6437587657784007,1.134935462177802,inf,-0.0116520835846314,8,0.00625,0.9875,not read,False
gpt-5-mini-2025-08-07 | NA | low | all-at-once | none,bjw_score | education,bjw_score,education,False,85,41,44,1.0,False,gpt-5-mini-2025-08-07,,low,all-at-once,none,0.1325219743069649,,,True,False,undetermined,-3.51943020478364,1.8797406260696696,3.2928006013723343,0.25,True,False,no population gap,single df,-0.1086474501108654,0.2329851148018225,inf,-0.8198447893569849,1.080826157526246,inf,0.0226818687559641,8,0.00625,0.9875,not read,False
gpt-5-mini-2025-08-07 | NA | low | all-at-once | none,bjw_score | age,bjw_score,age,False,85,39,46,1.0,False,gpt-5-mini-2025-08-07,,low,all-at-once,none,0.0534213685474177,,,True,False,undetermined,-3.6131660383299007,1.7558639201582196,2.89076823095069,0.25,True,False,no population gap,single df,-0.0496098104793745,0.2387643155123064,inf,-0.9286510590858406,1.0747924452612447,inf,0.0288624180545792,8,0.00625,0.9875,not read,False
gpt-5-mini-2025-08-07 | NA | low | all-at-once | none,gut_diff | political_identity,gut_diff,political_identity,False,85,11,53,1.0,False,gpt-5-mini-2025-08-07,,low,all-at-once,none,0.2309468822170902,,,True,False,undetermined,-1.0461630573376757,2.5315832974748966,2.4085752019119284,0.25,True,False,no population gap,single df,0.1715265866209263,0.2626340249451991,inf,0.7427101200686106,0.7162066114260104,inf,0.0714938587006029,8,0.00625,0.9875,not read,False
gpt-5-mini-2025-08-07 | NA | low | all-at-once | none,gut_diff | sex,gut_diff,sex,False,85,62,23,1.0,False,gpt-5-mini-2025-08-07,,low,all-at-once,none,0.1690544412607451,,,True,False,undetermined,-1.5139845768883289,1.024503510969675,5.186080248260046,0.25,True,False,no population gap,single df,-0.0413744740532959,0.1566837901899322,inf,-0.2447405329593268,0.5081640147867098,inf,0.0128782378683643,8,0.00625,0.9875,not read,False
gpt-5-mini-2025-08-07 | NA | low | all-at-once | none,gut_diff | education,gut_diff,education,False,85,41,44,1.0,False,gpt-5-mini-2025-08-07,,low,all-at-once,none,0.4623655913978487,,,True,False,undetermined,-1.2216746800862492,0.8092578286450074,4.924465384074174,0.25,True,False,no population gap,single df,-0.0953436807095342,0.1483006727132404,inf,-0.2062084257206209,0.4065596456151067,inf,0.0012548297749008,8,0.00625,0.9875,not read,False
gpt-5-mini-2025-08-07 | NA | low | all-at-once | none,gut_diff | age,gut_diff,age,False,85,39,46,1.0,False,gpt-5-mini-2025-08-07,,low,all-at-once,none,0.5454545454545451,,,True,False,undetermined,-1.2987750953461776,0.7101463328043716,3.412883562596672,0.25,True,False,no population gap,single df,-0.160535117056856,0.1464433111182909,inf,-0.294314381270903,0.4021533853962044,inf,-0.0006561960659279,8,0.00625,0.9875,not read,False
gpt-5-mini-2025-08-07 | NA | low | item-by-item | extensive,bjw_score | political_identity,bjw_score,political_identity,True,85,11,53,1.0,False,gpt-5-mini-2025-08-07,,low,item-by-item,extensive,4.751841359773367,,,True,False,steepened,-0.8247376275749545,6.879626135293655,1.2724204174935967,0.25,True,False,no population gap,single df,14.385934819897084,0.6976837849526054,inf,3.0274442538593505,1.5422882777520266,inf,0.0593700448360994,8,0.00625,0.9875,not read,False
gpt-5-mini-2025-08-07 | NA | low | item-by-item | extensive,bjw_score | sex,bjw_score,sex,True,85,62,23,1.0,False,gpt-5-mini-2025-08-07,,low,item-by-item,extensive,1.8180827886710296,,,True,False,undetermined,-3.4784932878944645,2.190975756337663,4.403411142197722,0.25,True,False,no population gap,single df,-1.170406732117815,1.3631251962096065,inf,-0.6437587657784007,1.134935462177802,inf,0.3904458233496835,8,0.00625,0.9875,not read,False
gpt-5-mini-2025-08-07 | NA | low | item-by-item | extensive,bjw_score | education,bjw_score,education,True,85,41,44,1.0,False,gpt-5-mini-2025-08-07,,low,item-by-item,extensive,0.7620013522650438,,,True,False,undetermined,-3.51943020478364,1.8797406260696696,3.2928006013723343,0.25,True,False,no population gap,single df,-0.6247228381374725,1.279703695383959,inf,-0.8198447893569849,1.080826157526246,inf,0.3253750784440333,8,0.00625,0.9875,not read,False
gpt-5-mini-2025-08-07 | NA | low | item-by-item | extensive,bjw_score | age,bjw_score,age,True,85,39,46,1.0,False,gpt-5-mini-2025-08-07,,low,item-by-item,extensive,-0.9045618247298922,,,True,False,undetermined,-3.6131660383299007,1.7558639201582196,2.89076823095069,0.25,True,False,no population gap,single df,0.8400222965440349,1.308020880504202,inf,-0.9286510590858406,1.0747924452612447,inf,0.3654170480967803,8,0.00625,0.9875,not read,False
gpt-5-mini-2025-08-07 | NA | low | item-by-item | extensive,gut_diff | political_identity,gut_diff,political_identity,True,85,11,53,1.0,False,gpt-5-mini-2025-08-07,,low,item-by-item,extensive,2.900692840646652,,,True,False,kept or steepened,-1.0461630573376757,2.5315832974748966,2.4085752019119284,0.25,True,False,no population gap,single df,2.154373927958834,0.3231310101728719,inf,0.7427101200686106,0.7162066114260104,inf,0.0583228253608019,8,0.00625,0.9875,not read,False
gpt-5-mini-2025-08-07 | NA | low | item-by-item | extensive,gut_diff | sex,gut_diff,sex,True,85,62,23,1.0,False,gpt-5-mini-2025-08-07,,low,item-by-item,extensive,1.8624641833810884,,,True,False,undetermined,-1.5139845768883289,1.024503510969675,5.186080248260046,0.25,True,False,no population gap,single df,-0.455820476858345,0.2948580594277146,inf,-0.2447405329593268,0.5081640147867098,inf,0.0328632745256991,8,0.00625,0.9875,not read,False
gpt-5-mini-2025-08-07 | NA | low | item-by-item | extensive,gut_diff | education,gut_diff,education,True,85,41,44,1.0,False,gpt-5-mini-2025-08-07,,low,item-by-item,extensive,0.0940860215053762,,,True,False,undetermined,-1.2216746800862492,0.8092578286450074,4.924465384074174,0.25,True,False,no population gap,single df,-0.0194013303769401,0.3093315055580268,inf,-0.2062084257206209,0.4065596456151067,inf,0.0185993914887377,8,0.00625,0.9875,not read,False
gpt-5-mini-2025-08-07 | NA | low | item-by-item | extensive,gut_diff | age,gut_diff,age,True,85,39,46,1.0,False,gpt-5-mini-2025-08-07,,low,item-by-item,extensive,0.5303030303030302,,,True,False,undetermined,-1.2987750953461776,0.7101463328043716,3.412883562596672,0.25,True,False,no population gap,single df,-0.1560758082497212,0.3017742047792087,inf,-0.294314381270903,0.4021533853962044,inf,0.0212422499299462,8,0.00625,0.9875,not read,False
gpt-5-mini-2025-08-07 | NA | low | item-by-item | minimal,bjw_score | political_identity,bjw_score,political_identity,False,85,11,53,1.0,False,gpt-5-mini-2025-08-07,,low,item-by-item,minimal,0.1909348441926349,,,True,False,undetermined,-0.8247376275749545,6.879626135293655,1.2724204174935967,0.25,True,False,no population gap,single df,0.5780445969125232,0.5239097369204335,inf,3.0274442538593505,1.5422882777520266,inf,-0.1135184540778316,8,0.00625,0.9875,not read,False
gpt-5-mini-2025-08-07 | NA | low | item-by-item | minimal,bjw_score | sex,bjw_score,sex,True,85,62,23,1.0,False,gpt-5-mini-2025-08-07,,low,item-by-item,minimal,1.6372549019607818,,,True,False,undetermined,-3.4784932878944645,2.190975756337663,4.403411142197722,0.25,True,False,no population gap,single df,-1.0539971949509097,0.3934291207877234,inf,-0.6437587657784007,1.134935462177802,inf,0.0158135247567197,8,0.00625,0.9875,not read,False
gpt-5-mini-2025-08-07 | NA | low | item-by-item | minimal,bjw_score | education,bjw_score,education,False,85,41,44,1.0,False,gpt-5-mini-2025-08-07,,low,item-by-item,minimal,-1.0993914807302236,,,True,False,undetermined,-3.51943020478364,1.8797406260696696,3.2928006013723343,0.25,True,False,no population gap,single df,0.901330376940134,0.3551199424924317,inf,-0.8198447893569849,1.080826157526246,inf,-0.029341492311307,8,0.00625,0.9875,not read,False
gpt-5-mini-2025-08-07 | NA | low | item-by-item | minimal,bjw_score | age,bjw_score,age,True,85,39,46,1.0,False,gpt-5-mini-2025-08-07,,low,item-by-item,minimal,-2.226290516206485,,,True,False,reversed or missing,-3.6131660383299007,1.7558639201582196,2.89076823095069,0.25,True,False,no population gap,single df,2.067447045707916,0.2939065892421975,inf,-0.9286510590858406,1.0747924452612447,inf,0.0144320060803433,8,0.00625,0.9875,not read,False
gpt-5-mini-2025-08-07 | NA | low | item-by-item | minimal,gut_diff | political_identity,gut_diff,political_identity,False,85,11,53,1.0,False,gpt-5-mini-2025-08-07,,low,item-by-item,minimal,-0.3140877598152426,,,True,False,undetermined,-1.0461630573376757,2.5315832974748966,2.4085752019119284,0.25,True,False,no population gap,single df,-0.2332761578044597,0.2053586410297906,inf,0.7427101200686106,0.7162066114260104,inf,-0.0344467951898365,8,0.00625,0.9875,not read,False
gpt-5-mini-2025-08-07 | NA | low | item-by-item | minimal,gut_diff | sex,gut_diff,sex,True,85,62,23,1.0,False,gpt-5-mini-2025-08-07,,low,item-by-item,minimal,1.742120343839541,,,True,False,undetermined,-1.5139845768883289,1.024503510969675,5.186080248260046,0.25,True,False,no population gap,single df,-0.426367461430575,0.1747445229218681,inf,-0.2447405329593268,0.5081640147867098,inf,0.0046065361783016,8,0.00625,0.9875,not read,False
gpt-5-mini-2025-08-07 | NA | low | item-by-item | minimal,gut_diff | education,gut_diff,education,False,85,41,44,1.0,False,gpt-5-mini-2025-08-07,,low,item-by-item,minimal,-0.2311827956989243,,,True,False,undetermined,-1.2216746800862492,0.8092578286450074,4.924465384074174,0.25,True,False,no population gap,single df,0.0476718403547671,0.1311151230072063,inf,-0.2062084257206209,0.4065596456151067,inf,-0.0019510401264979,8,0.00625,0.9875,not read,False
gpt-5-mini-2025-08-07 | NA | low | item-by-item | minimal,gut_diff | age,gut_diff,age,True,85,39,46,1.0,False,gpt-5-mini-2025-08-07,,low,item-by-item,minimal,-0.9166666666666669,,,True,False,undetermined,-1.2987750953461776,0.7101463328043716,3.412883562596672,0.25,True,False,no population gap,single df,0.2697881828316611,0.132772496942319,inf,-0.294314381270903,0.4021533853962044,inf,-0.0025123562463367,8,0.00625,0.9875,not read,False
gpt-5-mini-2025-08-07 | NA | low | item-by-item | none,bjw_score | political_identity,bjw_score,political_identity,False,85,11,53,1.0,False,gpt-5-mini-2025-08-07,,low,item-by-item,none,0.0260623229461762,,,True,False,undetermined,-0.8247376275749545,6.879626135293655,1.2724204174935967,0.25,True,False,no population gap,single df,0.0789022298456281,0.4135854426873965,inf,3.0274442538593505,1.5422882777520266,inf,0.0060142343674458,8,0.00625,0.9875,not read,False
gpt-5-mini-2025-08-07 | NA | low | item-by-item | none,bjw_score | sex,bjw_score,sex,False,85,62,23,1.0,False,gpt-5-mini-2025-08-07,,low,item-by-item,none,-0.7352941176470594,,,True,False,undetermined,-3.4784932878944645,2.190975756337663,4.403411142197722,0.25,True,False,no population gap,single df,0.4733520336605892,0.2837513319114011,inf,-0.6437587657784007,1.134935462177802,inf,0.0159951537086482,8,0.00625,0.9875,not read,False
gpt-5-mini-2025-08-07 | NA | low | item-by-item | none,bjw_score | education,bjw_score,education,False,85,41,44,1.0,False,gpt-5-mini-2025-08-07,,low,item-by-item,none,-0.1859364435429342,,,True,False,undetermined,-3.51943020478364,1.8797406260696696,3.2928006013723343,0.25,True,False,no population gap,single df,0.1524390243902438,0.2429203413687558,inf,-0.8198447893569849,1.080826157526246,inf,-0.0095204354553444,8,0.00625,0.9875,not read,False
gpt-5-mini-2025-08-07 | NA | low | item-by-item | none,bjw_score | age,bjw_score,age,False,85,39,46,1.0,False,gpt-5-mini-2025-08-07,,low,item-by-item,none,0.6182472989195652,,,True,False,undetermined,-3.6131660383299007,1.7558639201582196,2.89076823095069,0.25,True,False,no population gap,single df,-0.5741360089186145,0.2347358224137551,inf,-0.9286510590858406,1.0747924452612447,inf,-0.0177212091257422,8,0.00625,0.9875,not read,False
gpt-5-mini-2025-08-07 | NA | low | item-by-item | none,gut_diff | political_identity,gut_diff,political_identity,False,85,11,53,1.0,False,gpt-5-mini-2025-08-07,,low,item-by-item,none,-0.023094688221709,,,True,False,undetermined,-1.0461630573376757,2.5315832974748966,2.4085752019119284,0.25,True,False,no population gap,single df,-0.0171526586620926,0.233534096472178,inf,0.7427101200686106,0.7162066114260104,inf,-0.0050374359948378,8,0.00625,0.9875,not read,False
gpt-5-mini-2025-08-07 | NA | low | item-by-item | none,gut_diff | sex,gut_diff,sex,False,85,62,23,1.0,False,gpt-5-mini-2025-08-07,,low,item-by-item,none,-0.8653295128939824,,,True,False,undetermined,-1.5139845768883289,1.024503510969675,5.186080248260046,0.25,True,False,no population gap,single df,0.2117812061711079,0.3049081273445836,inf,-0.2447405329593268,0.5081640147867098,inf,-0.0409677685619748,8,0.00625,0.9875,not read,False
gpt-5-mini-2025-08-07 | NA | low | item-by-item | none,gut_diff | education,gut_diff,education,False,85,41,44,1.0,False,gpt-5-mini-2025-08-07,,low,item-by-item,none,0.8709677419354833,,,True,False,undetermined,-1.2216746800862492,0.8092578286450074,4.924465384074174,0.25,True,False,no population gap,single df,-0.17960088691796,0.2283804645585553,inf,-0.2062084257206209,0.4065596456151067,inf,-0.0090114575838631,8,0.00625,0.9875,not read,False
gpt-5-mini-2025-08-07 | NA | low | item-by-item | none,gut_diff | age,gut_diff,age,False,85,39,46,1.0,False,gpt-5-mini-2025-08-07,,low,item-by-item,none,-0.178030303030303,,,True,False,undetermined,-1.2987750953461776,0.7101463328043716,3.412883562596672,0.25,True,False,no population gap,single df,0.052396878483835,0.2296003210317866,inf,-0.294314381270903,0.4021533853962044,inf,-0.0095167959936259,8,0.00625,0.9875,not read,False
gpt-5-mini-2025-08-07 | NA | low | scale-by-scale | extensive,bjw_score | political_identity,bjw_score,political_identity,True,85,11,53,1.0,False,gpt-5-mini-2025-08-07,,low,scale-by-scale,extensive,4.027195467422094,,,True,False,steepened,-0.8247376275749545,6.879626135293655,1.2724204174935967,0.25,True,False,no population gap,single df,12.19210977701544,0.8500682290861928,inf,3.0274442538593505,1.5422882777520266,inf,-0.1408170009600052,8,0.00625,0.9875,not read,False
gpt-5-mini-2025-08-07 | NA | low | scale-by-scale | extensive,bjw_score | sex,bjw_score,sex,True,85,62,23,1.0,False,gpt-5-mini-2025-08-07,,low,scale-by-scale,extensive,2.2385620915032653,,,True,False,undetermined,-3.4784932878944645,2.190975756337663,4.403411142197722,0.25,True,False,no population gap,single df,-1.4410939691444575,1.3693520437664155,inf,-0.6437587657784007,1.134935462177802,inf,0.2712339923695285,8,0.00625,0.9875,not read,False
gpt-5-mini-2025-08-07 | NA | low | scale-by-scale | extensive,bjw_score | education,bjw_score,education,True,85,41,44,1.0,False,gpt-5-mini-2025-08-07,,low,scale-by-scale,extensive,0.3042596348884386,,,True,False,undetermined,-3.51943020478364,1.8797406260696696,3.2928006013723343,0.25,True,False,no population gap,single df,-0.249445676274945,1.2328008250030589,inf,-0.8198447893569849,1.080826157526246,inf,0.2750893945570931,8,0.00625,0.9875,not read,False
gpt-5-mini-2025-08-07 | NA | low | scale-by-scale | extensive,bjw_score | age,bjw_score,age,True,85,39,46,1.0,False,gpt-5-mini-2025-08-07,,low,scale-by-scale,extensive,-2.6860744297719137,,,True,False,undetermined,-3.6131660383299007,1.7558639201582196,2.89076823095069,0.25,True,False,no population gap,single df,2.494425863991083,1.2071721221601266,inf,-0.9286510590858406,1.0747924452612447,inf,0.3123193376840613,8,0.00625,0.9875,not read,False
gpt-5-mini-2025-08-07 | NA | low | scale-by-scale | extensive,gut_diff | political_identity,gut_diff,political_identity,True,85,11,53,1.0,False,gpt-5-mini-2025-08-07,,low,scale-by-scale,extensive,2.8521939953810627,,,True,False,kept or steepened,-1.0461630573376757,2.5315832974748966,2.4085752019119284,0.25,True,False,no population gap,single df,2.118353344768439,0.2696730418846252,inf,0.7427101200686106,0.7162066114260104,inf,0.0543628575587758,8,0.00625,0.9875,not read,False
gpt-5-mini-2025-08-07 | NA | low | scale-by-scale | extensive,gut_diff | sex,gut_diff,sex,True,85,62,23,1.0,False,gpt-5-mini-2025-08-07,,low,scale-by-scale,extensive,1.9111747851002865,,,True,False,undetermined,-1.5139845768883289,1.024503510969675,5.186080248260046,0.25,True,False,no population gap,single df,-0.467741935483871,0.2283470926167757,inf,-0.2447405329593268,0.5081640147867098,inf,0.0019168494028143,8,0.00625,0.9875,not read,False
gpt-5-mini-2025-08-07 | NA | low | scale-by-scale | extensive,gut_diff | education,gut_diff,education,True,85,41,44,1.0,False,gpt-5-mini-2025-08-07,,low,scale-by-scale,extensive,0.4596774193548388,,,True,False,undetermined,-1.2216746800862492,0.8092578286450074,4.924465384074174,0.25,True,False,no population gap,single df,-0.0947893569844789,0.2550768200787992,inf,-0.2062084257206209,0.4065596456151067,inf,0.0140552788897701,8,0.00625,0.9875,not read,False
gpt-5-mini-2025-08-07 | NA | low | scale-by-scale | extensive,gut_diff | age,gut_diff,age,True,85,39,46,1.0,False,gpt-5-mini-2025-08-07,,low,scale-by-scale,extensive,-0.2102272727272725,,,True,False,undetermined,-1.2987750953461776,0.7101463328043716,3.412883562596672,0.25,True,False,no population gap,single df,0.0618729096989966,0.2491495809324982,inf,-0.294314381270903,0.4021533853962044,inf,0.0122349391801472,8,0.00625,0.9875,not read,False
gpt-5-mini-2025-08-07 | NA | low | scale-by-scale | minimal,bjw_score | political_identity,bjw_score,political_identity,False,85,11,53,1.0,False,gpt-5-mini-2025-08-07,,low,scale-by-scale,minimal,0.1614730878186966,,,True,False,undetermined,-0.8247376275749545,6.879626135293655,1.2724204174935967,0.25,True,False,no population gap,single df,0.4888507718696395,1.3269503493677646,inf,3.0274442538593505,1.5422882777520266,inf,-0.931859977690931,8,0.00625,0.9875,not read,False
gpt-5-mini-2025-08-07 | NA | low | scale-by-scale | minimal,bjw_score | sex,bjw_score,sex,True,85,62,23,1.0,False,gpt-5-mini-2025-08-07,,low,scale-by-scale,minimal,0.9880174291938988,,,True,False,undetermined,-3.4784932878944645,2.190975756337663,4.403411142197722,0.25,True,False,no population gap,single df,-0.6360448807854127,0.7507914407016661,inf,-0.6437587657784007,1.134935462177802,inf,-0.1488602137750933,8,0.00625,0.9875,not read,False
gpt-5-mini-2025-08-07 | NA | low | scale-by-scale | minimal,bjw_score | education,bjw_score,education,False,85,41,44,1.0,False,gpt-5-mini-2025-08-07,,low,scale-by-scale,minimal,-0.8782961460446271,,,True,False,undetermined,-3.51943020478364,1.8797406260696696,3.2928006013723343,0.25,True,False,no population gap,single df,0.720066518847009,0.7412722095950905,inf,-0.8198447893569849,1.080826157526246,inf,-0.1019223603835599,8,0.00625,0.9875,not read,False
gpt-5-mini-2025-08-07 | NA | low | scale-by-scale | minimal,bjw_score | age,bjw_score,age,True,85,39,46,1.0,False,gpt-5-mini-2025-08-07,,low,scale-by-scale,minimal,-3.860144057623052,,,True,False,reversed,-3.6131660383299007,1.7558639201582196,2.89076823095069,0.25,True,False,no population gap,single df,3.584726867335561,0.6877798487370153,inf,-0.9286510590858406,1.0747924452612447,inf,-0.0750740183704432,8,0.00625,0.9875,not read,False
gpt-5-mini-2025-08-07 | NA | low | scale-by-scale | minimal,gut_diff | political_identity,gut_diff,political_identity,False,85,11,53,1.0,False,gpt-5-mini-2025-08-07,,low,scale-by-scale,minimal,0.1085450346420323,,,True,False,undetermined,-1.0461630573376757,2.5315832974748966,2.4085752019119284,0.25,True,False,no population gap,single df,0.0806174957118353,0.1687775557568509,inf,0.7427101200686106,0.7162066114260104,inf,0.0101372867410562,8,0.00625,0.9875,not read,False
gpt-5-mini-2025-08-07 | NA | low | scale-by-scale | minimal,gut_diff | sex,gut_diff,sex,True,85,62,23,1.0,False,gpt-5-mini-2025-08-07,,low,scale-by-scale,minimal,1.0114613180515757,,,True,False,undetermined,-1.5139845768883289,1.024503510969675,5.186080248260046,0.25,True,False,no population gap,single df,-0.2475455820476858,0.1338986494924863,inf,-0.2447405329593268,0.5081640147867098,inf,-0.0032140491214885,8,0.00625,0.9875,not read,False
gpt-5-mini-2025-08-07 | NA | low | scale-by-scale | minimal,gut_diff | education,gut_diff,education,False,85,41,44,1.0,False,gpt-5-mini-2025-08-07,,low,scale-by-scale,minimal,0.4543010752688171,,,True,False,undetermined,-1.2216746800862492,0.8092578286450074,4.924465384074174,0.25,True,False,no population gap,single df,-0.093680709534368,0.1091729280177682,inf,-0.2062084257206209,0.4065596456151067,inf,0.0023119523094647,8,0.00625,0.9875,not read,False
gpt-5-mini-2025-08-07 | NA | low | scale-by-scale | minimal,gut_diff | age,gut_diff,age,True,85,39,46,1.0,False,gpt-5-mini-2025-08-07,,low,scale-by-scale,minimal,-0.2727272727272727,,,True,False,undetermined,-1.2987750953461776,0.7101463328043716,3.412883562596672,0.25,True,False,no population gap,single df,0.0802675585284281,0.1097225782154689,inf,-0.294314381270903,0.4021533853962044,inf,0.0031636308048976,8,0.00625,0.9875,not read,False
gpt-5-mini-2025-08-07 | NA | low | scale-by-scale | none,bjw_score | political_identity,bjw_score,political_identity,False,85,11,53,1.0,False,gpt-5-mini-2025-08-07,,low,scale-by-scale,none,0.2118980169971664,,,True,False,undetermined,-0.8247376275749545,6.879626135293655,1.2724204174935967,0.25,True,False,no population gap,single df,0.6415094339622627,0.6723552014556478,inf,3.0274442538593505,1.5422882777520266,inf,0.2377774617552642,8,0.00625,0.9875,not read,False
gpt-5-mini-2025-08-07 | NA | low | scale-by-scale | none,bjw_score | sex,bjw_score,sex,False,85,62,23,1.0,False,gpt-5-mini-2025-08-07,,low,scale-by-scale,none,0.9444444444444492,,,True,False,undetermined,-3.4784932878944645,2.190975756337663,4.403411142197722,0.25,True,False,no population gap,single df,-0.6079943899018261,0.4172739359540381,inf,-0.6437587657784007,1.134935462177802,inf,0.1189424442288011,8,0.00625,0.9875,not read,False
gpt-5-mini-2025-08-07 | NA | low | scale-by-scale | none,bjw_score | education,bjw_score,education,False,85,41,44,1.0,False,gpt-5-mini-2025-08-07,,low,scale-by-scale,none,0.5517241379310307,,,True,False,undetermined,-3.51943020478364,1.8797406260696696,3.2928006013723343,0.25,True,False,no population gap,single df,-0.45232815964523,0.4072750527721663,inf,-0.8198447893569849,1.080826157526246,inf,0.0900134956788073,8,0.00625,0.9875,not read,False
gpt-5-mini-2025-08-07 | NA | low | scale-by-scale | none,bjw_score | age,bjw_score,age,False,85,39,46,1.0,False,gpt-5-mini-2025-08-07,,low,scale-by-scale,none,0.2244897959183689,,,True,False,undetermined,-3.6131660383299007,1.7558639201582196,2.89076823095069,0.25,True,False,no population gap,single df,-0.2084726867335575,0.4148199959933541,inf,-0.9286510590858406,1.0747924452612447,inf,0.1135619564262501,8,0.00625,0.9875,not read,False
gpt-5-mini-2025-08-07 | NA | low | scale-by-scale | none,gut_diff | political_identity,gut_diff,political_identity,False,85,11,53,1.0,False,gpt-5-mini-2025-08-07,,low,scale-by-scale,none,0.4295612009237874,,,True,False,undetermined,-1.0461630573376757,2.5315832974748966,2.4085752019119284,0.25,True,False,no population gap,single df,0.3190394511149227,0.2567499911835937,inf,0.7427101200686106,0.7162066114260104,inf,0.0288635432083324,8,0.00625,0.9875,not read,False
gpt-5-mini-2025-08-07 | NA | low | scale-by-scale | none,gut_diff | sex,gut_diff,sex,False,85,62,23,1.0,False,gpt-5-mini-2025-08-07,,low,scale-by-scale,none,0.0114613180515759,,,True,False,undetermined,-1.5139845768883289,1.024503510969675,5.186080248260046,0.25,True,False,no population gap,single df,-0.002805049088359,0.1487023616686437,inf,-0.2447405329593268,0.5081640147867098,inf,0.0060203841822108,8,0.00625,0.9875,not read,False
gpt-5-mini-2025-08-07 | NA | low | scale-by-scale | none,gut_diff | education,gut_diff,education,False,85,41,44,1.0,False,gpt-5-mini-2025-08-07,,low,scale-by-scale,none,-0.5456989247311825,,,True,False,undetermined,-1.2216746800862492,0.8092578286450074,4.924465384074174,0.25,True,False,no population gap,single df,0.1125277161862527,0.1335661542584615,inf,-0.2062084257206209,0.4065596456151067,inf,0.0031745115634478,8,0.00625,0.9875,not read,False
gpt-5-mini-2025-08-07 | NA | low | scale-by-scale | none,gut_diff | age,gut_diff,age,False,85,39,46,1.0,False,gpt-5-mini-2025-08-07,,low,scale-by-scale,none,-0.3068181818181819,,,True,False,undetermined,-1.2987750953461776,0.7101463328043716,3.412883562596672,0.25,True,False,no population gap,single df,0.0903010033444816,0.1320096683974018,inf,-0.294314381270903,0.4021533853962044,inf,0.0053454598914037,8,0.00625,0.9875,not read,False
gpt-5-nano-2025-08-07 | NA | high | all-at-once | extensive,bjw_score | political_identity,bjw_score,political_identity,True,85,11,53,1.0,False,gpt-5-nano-2025-08-07,,high,all-at-once,extensive,4.674787535410761,,,True,False,steepened,-0.8247376275749545,6.879626135293655,1.2724204174935967,0.25,True,False,no population gap,single df,14.152658662092623,1.0606054678128172,inf,3.0274442538593505,1.5422882777520266,inf,-0.3226056195280835,8,0.00625,0.9875,not read,False
gpt-5-nano-2025-08-07 | NA | high | all-at-once | extensive,bjw_score | sex,bjw_score,sex,True,85,62,23,1.0,False,gpt-5-nano-2025-08-07,,high,all-at-once,extensive,1.8801742919389977,,,True,False,undetermined,-3.4784932878944645,2.190975756337663,4.403411142197722,0.25,True,False,no population gap,single df,-1.2103786816269275,1.4332330985793535,inf,-0.6437587657784007,1.134935462177802,inf,0.5819302705946992,8,0.00625,0.9875,not read,False
gpt-5-nano-2025-08-07 | NA | high | all-at-once | extensive,bjw_score | education,bjw_score,education,True,85,41,44,1.0,False,gpt-5-nano-2025-08-07,,high,all-at-once,extensive,0.3434753211629474,,,True,False,undetermined,-3.51943020478364,1.8797406260696696,3.2928006013723343,0.25,True,False,no population gap,single df,-0.2815964523281593,1.2159147555620593,inf,-0.8198447893569849,1.080826157526246,inf,0.3008716393900755,8,0.00625,0.9875,not read,False
gpt-5-nano-2025-08-07 | NA | high | all-at-once | extensive,bjw_score | age,bjw_score,age,True,85,39,46,1.0,False,gpt-5-nano-2025-08-07,,high,all-at-once,extensive,-0.6320528211284506,,,True,False,undetermined,-3.6131660383299007,1.7558639201582196,2.89076823095069,0.25,True,False,no population gap,single df,0.586956521739129,1.2662677781172935,inf,-0.9286510590858406,1.0747924452612447,inf,0.3028382489020912,8,0.00625,0.9875,not read,False
gpt-5-nano-2025-08-07 | NA | high | all-at-once | extensive,gut_diff | political_identity,gut_diff,political_identity,True,85,11,53,1.0,False,gpt-5-nano-2025-08-07,,high,all-at-once,extensive,4.355658198614319,,,True,False,steepened,-1.0461630573376757,2.5315832974748966,2.4085752019119284,0.25,True,False,no population gap,single df,3.2349914236706687,0.3396454410855615,inf,0.7427101200686106,0.7162066114260104,inf,0.1112717434458482,8,0.00625,0.9875,not read,False
gpt-5-nano-2025-08-07 | NA | high | all-at-once | extensive,gut_diff | sex,gut_diff,sex,True,85,62,23,1.0,False,gpt-5-nano-2025-08-07,,high,all-at-once,extensive,2.89971346704871,,,True,False,undetermined,-1.5139845768883289,1.024503510969675,5.186080248260046,0.25,True,False,no population gap,single df,-0.7096774193548387,0.447392702385908,inf,-0.2447405329593268,0.5081640147867098,inf,0.0751397302115776,8,0.00625,0.9875,not read,False
gpt-5-nano-2025-08-07 | NA | high | all-at-once | extensive,gut_diff | education,gut_diff,education,True,85,41,44,1.0,False,gpt-5-nano-2025-08-07,,high,all-at-once,extensive,1.3198924731182782,,,True,False,undetermined,-1.2216746800862492,0.8092578286450074,4.924465384074174,0.25,True,False,no population gap,single df,-0.2721729490022171,0.3946823186693687,inf,-0.2062084257206209,0.4065596456151067,inf,0.0347643203307575,8,0.00625,0.9875,not read,False
gpt-5-nano-2025-08-07 | NA | high | all-at-once | extensive,gut_diff | age,gut_diff,age,True,85,39,46,1.0,False,gpt-5-nano-2025-08-07,,high,all-at-once,extensive,0.4526515151515147,,,True,False,undetermined,-1.2987750953461776,0.7101463328043716,3.412883562596672,0.25,True,False,no population gap,single df,-0.1332218506131548,0.4037690962491581,inf,-0.294314381270903,0.4021533853962044,inf,0.0375152518972124,8,0.00625,0.9875,not read,False
gpt-5-nano-2025-08-07 | NA | high | all-at-once | minimal,bjw_score | political_identity,bjw_score,political_identity,False,85,11,53,1.0,False,gpt-5-nano-2025-08-07,,high,all-at-once,minimal,0.5892351274787534,,,True,False,undetermined,-0.8247376275749545,6.879626135293655,1.2724204174935967,0.25,True,False,no population gap,single df,1.7838765008576338,1.3048830240057263,inf,3.0274442538593505,1.5422882777520266,inf,-0.5626255312146131,8,0.00625,0.9875,not read,False
gpt-5-nano-2025-08-07 | NA | high | all-at-once | minimal,bjw_score | sex,bjw_score,sex,True,85,62,23,1.0,False,gpt-5-nano-2025-08-07,,high,all-at-once,minimal,0.262527233115468,,,True,False,undetermined,-3.4784932878944645,2.190975756337663,4.403411142197722,0.25,True,False,no population gap,single df,-0.1690042075736322,0.9771325960597954,inf,-0.6437587657784007,1.134935462177802,inf,0.0264839058205656,8,0.00625,0.9875,not read,False
gpt-5-nano-2025-08-07 | NA | high | all-at-once | minimal,bjw_score | education,bjw_score,education,False,85,41,44,1.0,False,gpt-5-nano-2025-08-07,,high,all-at-once,minimal,-1.559837728194728,,,True,False,undetermined,-3.51943020478364,1.8797406260696696,3.2928006013723343,0.25,True,False,no population gap,single df,1.2788248337028847,0.8749655660214779,inf,-0.8198447893569849,1.080826157526246,inf,-0.0305424804359914,8,0.00625,0.9875,not read,False
gpt-5-nano-2025-08-07 | NA | high | all-at-once | minimal,bjw_score | age,bjw_score,age,True,85,39,46,1.0,False,gpt-5-nano-2025-08-07,,high,all-at-once,minimal,-2.5168067226890787,,,True,False,reversed to attenuated,-3.6131660383299007,1.7558639201582196,2.89076823095069,0.25,True,False,no population gap,single df,2.3372352285395763,0.8497279224146638,inf,-0.9286510590858406,1.0747924452612447,inf,-0.025420777203881,8,0.00625,0.9875,not read,False
gpt-5-nano-2025-08-07 | NA | high | all-at-once | minimal,gut_diff | political_identity,gut_diff,political_identity,False,85,11,53,1.0,False,gpt-5-nano-2025-08-07,,high,all-at-once,minimal,0.4595842956120093,,,True,False,undetermined,-1.0461630573376757,2.5315832974748966,2.4085752019119284,0.25,True,False,no population gap,single df,0.3413379073756433,0.3283753503697978,inf,0.7427101200686106,0.7162066114260104,inf,0.0357443798158285,8,0.00625,0.9875,not read,False
gpt-5-nano-2025-08-07 | NA | high | all-at-once | minimal,gut_diff | sex,gut_diff,sex,True,85,62,23,1.0,False,gpt-5-nano-2025-08-07,,high,all-at-once,minimal,2.15186246418338,,,True,False,undetermined,-1.5139845768883289,1.024503510969675,5.186080248260046,0.25,True,False,no population gap,single df,-0.5266479663394108,0.3284372297104598,inf,-0.2447405329593268,0.5081640147867098,inf,0.0484560708551155,8,0.00625,0.9875,not read,False
gpt-5-nano-2025-08-07 | NA | high | all-at-once | minimal,gut_diff | education,gut_diff,education,False,85,41,44,1.0,False,gpt-5-nano-2025-08-07,,high,all-at-once,minimal,-0.7177419354838704,,,True,False,undetermined,-1.2216746800862492,0.8092578286450074,4.924465384074174,0.25,True,False,no population gap,single df,0.1480044345898004,0.2529727012699709,inf,-0.2062084257206209,0.4065596456151067,inf,0.0122584088736266,8,0.00625,0.9875,not read,False
gpt-5-nano-2025-08-07 | NA | high | all-at-once | minimal,gut_diff | age,gut_diff,age,True,85,39,46,1.0,False,gpt-5-nano-2025-08-07,,high,all-at-once,minimal,0.7518939393939393,,,True,False,undetermined,-1.2987750953461776,0.7101463328043716,3.412883562596672,0.25,True,False,no population gap,single df,-0.2212931995540691,0.2466474011371117,inf,-0.294314381270903,0.4021533853962044,inf,0.0141298241471329,8,0.00625,0.9875,not read,False
gpt-5-nano-2025-08-07 | NA | high | all-at-once | none,bjw_score | political_identity,bjw_score,political_identity,False,85,11,53,1.0,False,gpt-5-nano-2025-08-07,,high,all-at-once,none,0.2441926345609063,,,True,False,undetermined,-0.8247376275749545,6.879626135293655,1.2724204174935967,0.25,True,False,no population gap,single df,0.739279588336192,1.21634062857962,inf,3.0274442538593505,1.5422882777520266,inf,-0.4368907496313494,8,0.00625,0.9875,not read,False
gpt-5-nano-2025-08-07 | NA | high | all-at-once | none,bjw_score | sex,bjw_score,sex,False,85,62,23,1.0,False,gpt-5-nano-2025-08-07,,high,all-at-once,none,-1.8529411764705888,,,True,False,undetermined,-3.4784932878944645,2.190975756337663,4.403411142197722,0.25,True,False,no population gap,single df,1.1928471248246844,0.8842877387422291,inf,-0.6437587657784007,1.134935462177802,inf,0.435865116535965,8,0.00625,0.9875,not read,False
gpt-5-nano-2025-08-07 | NA | high | all-at-once | none,bjw_score | education,bjw_score,education,False,85,41,44,1.0,False,gpt-5-nano-2025-08-07,,high,all-at-once,none,0.6808654496281272,,,True,False,undetermined,-3.51943020478364,1.8797406260696696,3.2928006013723343,0.25,True,False,no population gap,single df,-0.5582039911308208,0.8168324698540198,inf,-0.8198447893569849,1.080826157526246,inf,0.1667307303961237,8,0.00625,0.9875,not read,False
gpt-5-nano-2025-08-07 | NA | high | all-at-once | none,bjw_score | age,bjw_score,age,False,85,39,46,1.0,False,gpt-5-nano-2025-08-07,,high,all-at-once,none,-0.358343337334934,,,True,False,undetermined,-3.6131660383299007,1.7558639201582196,2.89076823095069,0.25,True,False,no population gap,single df,0.3327759197324411,0.8118970528498061,inf,-0.9286510590858406,1.0747924452612447,inf,0.2221088614435836,8,0.00625,0.9875,not read,False
gpt-5-nano-2025-08-07 | NA | high | all-at-once | none,gut_diff | political_identity,gut_diff,political_identity,False,85,11,53,1.0,False,gpt-5-nano-2025-08-07,,high,all-at-once,none,-0.3002309468822171,,,True,False,undetermined,-1.0461630573376757,2.5315832974748966,2.4085752019119284,0.25,True,False,no population gap,single df,-0.2229845626072041,0.4129361373722371,inf,0.7427101200686106,0.7162066114260104,inf,-0.0422032781949799,8,0.00625,0.9875,not read,False
gpt-5-nano-2025-08-07 | NA | high | all-at-once | none,gut_diff | sex,gut_diff,sex,False,85,62,23,1.0,False,gpt-5-nano-2025-08-07,,high,all-at-once,none,-2.607449856733524,,,True,False,undetermined,-1.5139845768883289,1.024503510969675,5.186080248260046,0.25,True,False,no population gap,single df,0.638148667601683,0.3503633314467648,inf,-0.2447405329593268,0.5081640147867098,inf,-0.0135261425202196,8,0.00625,0.9875,not read,False
gpt-5-nano-2025-08-07 | NA | high | all-at-once | none,gut_diff | education,gut_diff,education,False,85,41,44,1.0,False,gpt-5-nano-2025-08-07,,high,all-at-once,none,-0.0403225806451622,,,True,False,undetermined,-1.2216746800862492,0.8092578286450074,4.924465384074174,0.25,True,False,no population gap,single df,0.0083148558758316,0.2968928666700056,inf,-0.2062084257206209,0.4065596456151067,inf,-0.0037605467766293,8,0.00625,0.9875,not read,False
gpt-5-nano-2025-08-07 | NA | high | all-at-once | none,gut_diff | age,gut_diff,age,False,85,39,46,1.0,False,gpt-5-nano-2025-08-07,,high,all-at-once,none,-0.5492424242424241,,,True,False,undetermined,-1.2987750953461776,0.7101463328043716,3.412883562596672,0.25,True,False,no population gap,single df,0.1616499442586398,0.2980517539964296,inf,-0.294314381270903,0.4021533853962044,inf,-0.0005429778985385,8,0.00625,0.9875,not read,False
gpt-5-nano-2025-08-07 | NA | high | item-by-item | extensive,bjw_score | political_identity,bjw_score,political_identity,True,85,11,53,1.0,False,gpt-5-nano-2025-08-07,,high,item-by-item,extensive,2.964305949008497,,,True,False,kept or steepened,-0.8247376275749545,6.879626135293655,1.2724204174935967,0.25,True,False,no population gap,single df,8.974271012006863,1.208852601820962,inf,3.0274442538593505,1.5422882777520266,inf,-0.675086535630287,8,0.00625,0.9875,not read,False
gpt-5-nano-2025-08-07 | NA | high | item-by-item | extensive,bjw_score | sex,bjw_score,sex,True,85,62,23,1.0,False,gpt-5-nano-2025-08-07,,high,item-by-item,extensive,0.7058823529411784,,,True,False,undetermined,-3.4784932878944645,2.190975756337663,4.403411142197722,0.25,True,False,no population gap,single df,-0.4544179523141665,0.8401346302153453,inf,-0.6437587657784007,1.134935462177802,inf,0.1072016349230849,8,0.00625,0.9875,not read,False
gpt-5-nano-2025-08-07 | NA | high | item-by-item | extensive,bjw_score | education,bjw_score,education,True,85,41,44,1.0,False,gpt-5-nano-2025-08-07,,high,item-by-item,extensive,-0.5686274509803947,,,True,False,undetermined,-3.51943020478364,1.8797406260696696,3.2928006013723343,0.25,True,False,no population gap,single df,0.4661862527716209,0.8103534785069559,inf,-0.8198447893569849,1.080826157526246,inf,0.1527787270221476,8,0.00625,0.9875,not read,False
gpt-5-nano-2025-08-07 | NA | high | item-by-item | extensive,bjw_score | age,bjw_score,age,True,85,39,46,1.0,False,gpt-5-nano-2025-08-07,,high,item-by-item,extensive,-1.2118847539015625,,,True,False,undetermined,-3.6131660383299007,1.7558639201582196,2.89076823095069,0.25,True,False,no population gap,single df,1.1254180602006691,0.8408782670617915,inf,-0.9286510590858406,1.0747924452612447,inf,0.1499219725154253,8,0.00625,0.9875,not read,False
gpt-5-nano-2025-08-07 | NA | high | item-by-item | extensive,gut_diff | political_identity,gut_diff,political_identity,True,85,11,53,1.0,False,gpt-5-nano-2025-08-07,,high,item-by-item,extensive,2.861431870669746,,,True,False,undetermined,-1.0461630573376757,2.5315832974748966,2.4085752019119284,0.25,True,False,no population gap,single df,2.125214408233276,0.4352546887422537,inf,0.7427101200686106,0.7162066114260104,inf,0.0075348161388402,8,0.00625,0.9875,not read,False
gpt-5-nano-2025-08-07 | NA | high | item-by-item | extensive,gut_diff | sex,gut_diff,sex,True,85,62,23,1.0,False,gpt-5-nano-2025-08-07,,high,item-by-item,extensive,2.200573065902578,,,True,False,undetermined,-1.5139845768883289,1.024503510969675,5.186080248260046,0.25,True,False,no population gap,single df,-0.5385694249649369,0.3909453499557768,inf,-0.2447405329593268,0.5081640147867098,inf,0.0097204973123304,8,0.00625,0.9875,not read,False
gpt-5-nano-2025-08-07 | NA | high | item-by-item | extensive,gut_diff | education,gut_diff,education,True,85,41,44,1.0,False,gpt-5-nano-2025-08-07,,high,item-by-item,extensive,0.561827956989247,,,True,False,undetermined,-1.2216746800862492,0.8092578286450074,4.924465384074174,0.25,True,False,no population gap,single df,-0.1158536585365853,0.354063751662936,inf,-0.2062084257206209,0.4065596456151067,inf,0.0046471234040089,8,0.00625,0.9875,not read,False
gpt-5-nano-2025-08-07 | NA | high | item-by-item | extensive,gut_diff | age,gut_diff,age,True,85,39,46,1.0,False,gpt-5-nano-2025-08-07,,high,item-by-item,extensive,-0.3106060606060606,,,True,False,undetermined,-1.2987750953461776,0.7101463328043716,3.412883562596672,0.25,True,False,no population gap,single df,0.0914158305462653,0.3559775517478999,inf,-0.294314381270903,0.4021533853962044,inf,0.0091424657218621,8,0.00625,0.9875,not read,False
gpt-5-nano-2025-08-07 | NA | high | item-by-item | minimal,bjw_score | political_identity,bjw_score,political_identity,False,85,11,53,1.0,False,gpt-5-nano-2025-08-07,,high,item-by-item,minimal,0.1087818696883859,,,True,False,undetermined,-0.8247376275749545,6.879626135293655,1.2724204174935967,0.25,True,False,no population gap,single df,0.3293310463121806,0.6632391541512817,inf,3.0274442538593505,1.5422882777520266,inf,-0.3292021941957019,8,0.00625,0.9875,not read,False
gpt-5-nano-2025-08-07 | NA | high | item-by-item | minimal,bjw_score | sex,bjw_score,sex,True,85,62,23,1.0,False,gpt-5-nano-2025-08-07,,high,item-by-item,minimal,-0.3355119825708039,,,True,False,undetermined,-3.4784932878944645,2.190975756337663,4.403411142197722,0.25,True,False,no population gap,single df,0.215988779803645,0.4315000795154953,inf,-0.6437587657784007,1.134935462177802,inf,0.0456993778885384,8,0.00625,0.9875,not read,False
gpt-5-nano-2025-08-07 | NA | high | item-by-item | minimal,bjw_score | education,bjw_score,education,False,85,41,44,1.0,False,gpt-5-nano-2025-08-07,,high,item-by-item,minimal,-1.6152805949966185,,,True,False,undetermined,-3.51943020478364,1.8797406260696696,3.2928006013723343,0.25,True,False,no population gap,single df,1.324279379157428,0.3688328695640508,inf,-0.8198447893569849,1.080826157526246,inf,0.0353072845791582,8,0.00625,0.9875,not read,False
gpt-5-nano-2025-08-07 | NA | high | item-by-item | minimal,bjw_score | age,bjw_score,age,True,85,39,46,1.0,False,gpt-5-nano-2025-08-07,,high,item-by-item,minimal,-1.492196878751503,,,True,False,undetermined,-3.6131660383299007,1.7558639201582196,2.89076823095069,0.25,True,False,no population gap,single df,1.3857302118171688,0.3775766409416367,inf,-0.9286510590858406,1.0747924452612447,inf,0.0450521965235712,8,0.00625,0.9875,not read,False
gpt-5-nano-2025-08-07 | NA | high | item-by-item | minimal,gut_diff | political_identity,gut_diff,political_identity,False,85,11,53,1.0,False,gpt-5-nano-2025-08-07,,high,item-by-item,minimal,0.0,,,True,False,undetermined,-1.0461630573376757,2.5315832974748966,2.4085752019119284,0.25,True,False,no population gap,single df,0.0,0.0,inf,0.7427101200686106,0.7162066114260104,inf,0.0,8,0.00625,0.9875,not read,False
gpt-5-nano-2025-08-07 | NA | high | item-by-item | minimal,gut_diff | sex,gut_diff,sex,True,85,62,23,1.0,False,gpt-5-nano-2025-08-07,,high,item-by-item,minimal,0.1776504297994268,,,True,False,undetermined,-1.5139845768883289,1.024503510969675,5.186080248260046,0.25,True,False,no population gap,single df,-0.0434782608695652,0.0426263391902524,inf,-0.2447405329593268,0.5081640147867098,inf,0.0051492003005393,8,0.00625,0.9875,not read,False
gpt-5-nano-2025-08-07 | NA | high | item-by-item | minimal,gut_diff | education,gut_diff,education,False,85,41,44,1.0,False,gpt-5-nano-2025-08-07,,high,item-by-item,minimal,0.1102150537634408,,,True,False,undetermined,-1.2216746800862492,0.8092578286450074,4.924465384074174,0.25,True,False,no population gap,single df,-0.0227272727272727,0.0216748385926928,inf,-0.2062084257206209,0.4065596456151067,inf,0.0012004223377461,8,0.00625,0.9875,not read,False
gpt-5-nano-2025-08-07 | NA | high | item-by-item | minimal,gut_diff | age,gut_diff,age,True,85,39,46,1.0,False,gpt-5-nano-2025-08-07,,high,item-by-item,minimal,0.0738636363636363,,,True,False,undetermined,-1.2987750953461776,0.7101463328043716,3.412883562596672,0.25,True,False,no population gap,single df,-0.0217391304347826,0.0208866525158709,inf,-0.294314381270903,0.4021533853962044,inf,0.0010319239911114,8,0.00625,0.9875,not read,False
gpt-5-nano-2025-08-07 | NA | high | item-by-item | none,bjw_score | political_identity,bjw_score,political_identity,False,85,11,53,1.0,False,gpt-5-nano-2025-08-07,,high,item-by-item,none,0.0424929178470247,,,True,False,undetermined,-0.8247376275749545,6.879626135293655,1.2724204174935967,0.25,True,False,no population gap,single df,0.1286449399656923,0.7839078982277353,inf,3.0274442538593505,1.5422882777520266,inf,0.3255055733359757,8,0.00625,0.9875,not read,False
gpt-5-nano-2025-08-07 | NA | high | item-by-item | none,bjw_score | sex,bjw_score,sex,False,85,62,23,1.0,False,gpt-5-nano-2025-08-07,,high,item-by-item,none,0.267973856209152,,,True,False,undetermined,-3.4784932878944645,2.190975756337663,4.403411142197722,0.25,True,False,no population gap,single df,-0.1725105189340823,0.4581121073805623,inf,-0.6437587657784007,1.134935462177802,inf,-0.0020037800601369,8,0.00625,0.9875,not read,False
gpt-5-nano-2025-08-07 | NA | high | item-by-item | none,bjw_score | education,bjw_score,education,False,85,41,44,1.0,False,gpt-5-nano-2025-08-07,,high,item-by-item,none,0.0933062880324517,,,True,False,undetermined,-3.51943020478364,1.8797406260696696,3.2928006013723343,0.25,True,False,no population gap,single df,-0.0764966740576476,0.4148121706871852,inf,-0.8198447893569849,1.080826157526246,inf,-0.0245720350837585,8,0.00625,0.9875,not read,False
gpt-5-nano-2025-08-07 | NA | high | item-by-item | none,bjw_score | age,bjw_score,age,False,85,39,46,1.0,False,gpt-5-nano-2025-08-07,,high,item-by-item,none,0.6524609843937562,,,True,False,undetermined,-3.6131660383299007,1.7558639201582196,2.89076823095069,0.25,True,False,no population gap,single df,-0.6059085841694518,0.4097462575757853,inf,-0.9286510590858406,1.0747924452612447,inf,-0.0088440665780168,8,0.00625,0.9875,not read,False
gpt-5-nano-2025-08-07 | NA | high | item-by-item | none,gut_diff | political_identity,gut_diff,political_identity,False,85,11,53,1.0,False,gpt-5-nano-2025-08-07,,high,item-by-item,none,0.0,,,True,False,undetermined,-1.0461630573376757,2.5315832974748966,2.4085752019119284,0.25,True,False,no population gap,single df,0.0,0.0,inf,0.7427101200686106,0.7162066114260104,inf,0.0,8,0.00625,0.9875,not read,False
gpt-5-nano-2025-08-07 | NA | high | item-by-item | none,gut_diff | sex,gut_diff,sex,False,85,62,23,1.0,False,gpt-5-nano-2025-08-07,,high,item-by-item,none,-0.0,,,True,False,undetermined,-1.5139845768883289,1.024503510969675,5.186080248260046,0.25,True,False,no population gap,single df,0.0,0.0,inf,-0.2447405329593268,0.5081640147867098,inf,0.0,8,0.00625,0.9875,not read,False
gpt-5-nano-2025-08-07 | NA | high | item-by-item | none,gut_diff | education,gut_diff,education,False,85,41,44,1.0,False,gpt-5-nano-2025-08-07,,high,item-by-item,none,-0.0,,,True,False,undetermined,-1.2216746800862492,0.8092578286450074,4.924465384074174,0.25,True,False,no population gap,single df,0.0,0.0,inf,-0.2062084257206209,0.4065596456151067,inf,0.0,8,0.00625,0.9875,not read,False
gpt-5-nano-2025-08-07 | NA | high | item-by-item | none,gut_diff | age,gut_diff,age,False,85,39,46,1.0,False,gpt-5-nano-2025-08-07,,high,item-by-item,none,-0.0,,,True,False,undetermined,-1.2987750953461776,0.7101463328043716,3.412883562596672,0.25,True,False,no population gap,single df,0.0,0.0,inf,-0.294314381270903,0.4021533853962044,inf,0.0,8,0.00625,0.9875,not read,False
gpt-5-nano-2025-08-07 | NA | high | scale-by-scale | extensive,bjw_score | political_identity,bjw_score,political_identity,True,85,11,53,1.0,False,gpt-5-nano-2025-08-07,,high,scale-by-scale,extensive,4.980169971671383,,,True,False,steepened,-0.8247376275749545,6.879626135293655,1.2724204174935967,0.25,True,False,no population gap,single df,15.077186963979416,0.6757897854808741,inf,3.0274442538593505,1.5422882777520266,inf,-0.0886507360979608,8,0.00625,0.9875,not read,False
gpt-5-nano-2025-08-07 | NA | high | scale-by-scale | extensive,bjw_score | sex,bjw_score,sex,True,85,62,23,1.0,False,gpt-5-nano-2025-08-07,,high,scale-by-scale,extensive,1.7015250544662337,,,True,False,undetermined,-3.4784932878944645,2.190975756337663,4.403411142197722,0.25,True,False,no population gap,single df,-1.0953716690042086,1.3967634707734804,inf,-0.6437587657784007,1.134935462177802,inf,0.3778008143316235,8,0.00625,0.9875,not read,False
gpt-5-nano-2025-08-07 | NA | high | scale-by-scale | extensive,bjw_score | education,bjw_score,education,True,85,41,44,1.0,False,gpt-5-nano-2025-08-07,,high,scale-by-scale,extensive,0.7410412440838378,,,True,False,undetermined,-3.51943020478364,1.8797406260696696,3.2928006013723343,0.25,True,False,no population gap,single df,-0.607538802660752,1.2920946802570523,inf,-0.8198447893569849,1.080826157526246,inf,0.3093616477142356,8,0.00625,0.9875,not read,False
gpt-5-nano-2025-08-07 | NA | high | scale-by-scale | extensive,bjw_score | age,bjw_score,age,True,85,39,46,1.0,False,gpt-5-nano-2025-08-07,,high,scale-by-scale,extensive,-0.6248499399759891,,,True,False,undetermined,-3.6131660383299007,1.7558639201582196,2.89076823095069,0.25,True,False,no population gap,single df,0.5802675585284263,1.3107405875802984,inf,-0.9286510590858406,1.0747924452612447,inf,0.3056499999466128,8,0.00625,0.9875,not read,False
gpt-5-nano-2025-08-07 | NA | high | scale-by-scale | extensive,gut_diff | political_identity,gut_diff,political_identity,True,85,11,53,1.0,False,gpt-5-nano-2025-08-07,,high,scale-by-scale,extensive,2.295612009237876,,,True,False,undetermined,-1.0461630573376757,2.5315832974748966,2.4085752019119284,0.25,True,False,no population gap,single df,1.704974271012007,0.762121716393468,inf,0.7427101200686106,0.7162066114260104,inf,0.0790611806604877,8,0.00625,0.9875,not read,False
gpt-5-nano-2025-08-07 | NA | high | scale-by-scale | extensive,gut_diff | sex,gut_diff,sex,True,85,62,23,1.0,False,gpt-5-nano-2025-08-07,,high,scale-by-scale,extensive,0.7363896848137539,,,True,False,undetermined,-1.5139845768883289,1.024503510969675,5.186080248260046,0.25,True,False,no population gap,single df,-0.1802244039270688,0.3229363743981536,inf,-0.2447405329593268,0.5081640147867098,inf,0.0159935794181112,8,0.00625,0.9875,not read,False
gpt-5-nano-2025-08-07 | NA | high | scale-by-scale | extensive,gut_diff | education,gut_diff,education,True,85,41,44,1.0,False,gpt-5-nano-2025-08-07,,high,scale-by-scale,extensive,-1.07258064516129,,,True,False,undetermined,-1.2216746800862492,0.8092578286450074,4.924465384074174,0.25,True,False,no population gap,single df,0.2211751662971175,0.3378031515753447,inf,-0.2062084257206209,0.4065596456151067,inf,0.0271947319087385,8,0.00625,0.9875,not read,False
gpt-5-nano-2025-08-07 | NA | high | scale-by-scale | extensive,gut_diff | age,gut_diff,age,True,85,39,46,1.0,False,gpt-5-nano-2025-08-07,,high,scale-by-scale,extensive,-0.7973484848484844,,,True,False,undetermined,-1.2987750953461776,0.7101463328043716,3.412883562596672,0.25,True,False,no population gap,single df,0.2346711259754736,0.3376701338844155,inf,-0.294314381270903,0.4021533853962044,inf,0.0296753766467339,8,0.00625,0.9875,not read,False
gpt-5-nano-2025-08-07 | NA | high | scale-by-scale | minimal,bjw_score | political_identity,bjw_score,political_identity,False,85,11,53,1.0,False,gpt-5-nano-2025-08-07,,high,scale-by-scale,minimal,0.4334277620396597,,,True,False,undetermined,-0.8247376275749545,6.879626135293655,1.2724204174935967,0.25,True,False,no population gap,single df,1.3121783876500857,1.2854500083774625,inf,3.0274442538593505,1.5422882777520266,inf,1.169859946591559,8,0.00625,0.9875,not read,False
gpt-5-nano-2025-08-07 | NA | high | scale-by-scale | minimal,bjw_score | sex,bjw_score,sex,True,85,62,23,1.0,False,gpt-5-nano-2025-08-07,,high,scale-by-scale,minimal,2.1361655773420485,,,True,False,undetermined,-3.4784932878944645,2.190975756337663,4.403411142197722,0.25,True,False,no population gap,single df,-1.375175315568022,0.6614076043102379,inf,-0.6437587657784007,1.134935462177802,inf,-0.0910597852524608,8,0.00625,0.9875,not read,False
gpt-5-nano-2025-08-07 | NA | high | scale-by-scale | minimal,bjw_score | education,bjw_score,education,False,85,41,44,1.0,False,gpt-5-nano-2025-08-07,,high,scale-by-scale,minimal,-1.326572008113592,,,True,False,undetermined,-3.51943020478364,1.8797406260696696,3.2928006013723343,0.25,True,False,no population gap,single df,1.0875831485587604,0.7659508028657834,inf,-0.8198447893569849,1.080826157526246,inf,0.0365670323773537,8,0.00625,0.9875,not read,False
gpt-5-nano-2025-08-07 | NA | high | scale-by-scale | minimal,bjw_score | age,bjw_score,age,True,85,39,46,1.0,False,gpt-5-nano-2025-08-07,,high,scale-by-scale,minimal,-0.9621848739495802,,,True,False,undetermined,-3.6131660383299007,1.7558639201582196,2.89076823095069,0.25,True,False,no population gap,single df,0.8935340022296536,0.7630368780344965,inf,-0.9286510590858406,1.0747924452612447,inf,0.011219847103949,8,0.00625,0.9875,not read,False
gpt-5-nano-2025-08-07 | NA | high | scale-by-scale | minimal,gut_diff | political_identity,gut_diff,political_identity,False,85,11,53,1.0,False,gpt-5-nano-2025-08-07,,high,scale-by-scale,minimal,-0.0762124711316397,,,True,False,undetermined,-1.0461630573376757,2.5315832974748966,2.4085752019119284,0.25,True,False,no population gap,single df,-0.0566037735849056,0.0567566907025815,inf,0.7427101200686106,0.7162066114260104,inf,0.0008928527729422,8,0.00625,0.9875,not read,False
gpt-5-nano-2025-08-07 | NA | high | scale-by-scale | minimal,gut_diff | sex,gut_diff,sex,True,85,62,23,1.0,False,gpt-5-nano-2025-08-07,,high,scale-by-scale,minimal,-0.1977077363896847,,,True,False,undetermined,-1.5139845768883289,1.024503510969675,5.186080248260046,0.25,True,False,no population gap,single df,0.0483870967741935,0.048922062950719,inf,-0.2447405329593268,0.5081640147867098,inf,-0.0002786037387688,8,0.00625,0.9875,not read,False
gpt-5-nano-2025-08-07 | NA | high | scale-by-scale | minimal,gut_diff | education,gut_diff,education,False,85,41,44,1.0,False,gpt-5-nano-2025-08-07,,high,scale-by-scale,minimal,-0.3548387096774192,,,True,False,undetermined,-1.2216746800862492,0.8092578286450074,4.924465384074174,0.25,True,False,no population gap,single df,0.073170731707317,0.0746286739248718,inf,-0.2062084257206209,0.4065596456151067,inf,0.0010037399584008,8,0.00625,0.9875,not read,False
gpt-5-nano-2025-08-07 | NA | high | scale-by-scale | minimal,gut_diff | age,gut_diff,age,True,85,39,46,1.0,False,gpt-5-nano-2025-08-07,,high,scale-by-scale,minimal,0.221590909090909,,,True,False,undetermined,-1.2987750953461776,0.7101463328043716,3.412883562596672,0.25,True,False,no population gap,single df,-0.0652173913043478,0.0660364003147869,inf,-0.294314381270903,0.4021533853962044,inf,-7.922914759844965e-05,8,0.00625,0.9875,not read,False
gpt-5-nano-2025-08-07 | NA | high | scale-by-scale | none,bjw_score | political_identity,bjw_score,political_identity,False,85,11,53,1.0,False,gpt-5-nano-2025-08-07,,high,scale-by-scale,none,-0.0305949008498582,,,True,False,undetermined,-0.8247376275749545,6.879626135293655,1.2724204174935967,0.25,True,False,no population gap,single df,-0.0926243567752997,1.0444749989134756,inf,3.0274442538593505,1.5422882777520266,inf,0.2999464219694542,8,0.00625,0.9875,not read,False
gpt-5-nano-2025-08-07 | NA | high | scale-by-scale | none,bjw_score | sex,bjw_score,sex,False,85,62,23,1.0,False,gpt-5-nano-2025-08-07,,high,scale-by-scale,none,-0.029411764705881,,,True,False,undetermined,-3.4784932878944645,2.190975756337663,4.403411142197722,0.25,True,False,no population gap,single df,0.0189340813464227,0.7189687353179144,inf,-0.6437587657784007,1.134935462177802,inf,-0.0951501402129324,8,0.00625,0.9875,not read,False
gpt-5-nano-2025-08-07 | NA | high | scale-by-scale | none,bjw_score | education,bjw_score,education,False,85,41,44,1.0,False,gpt-5-nano-2025-08-07,,high,scale-by-scale,none,-0.1798512508451623,,,True,False,undetermined,-3.51943020478364,1.8797406260696696,3.2928006013723343,0.25,True,False,no population gap,single df,0.1474501108647423,0.6539639721367994,inf,-0.8198447893569849,1.080826157526246,inf,-0.0198732522129469,8,0.00625,0.9875,not read,False
gpt-5-nano-2025-08-07 | NA | high | scale-by-scale | none,bjw_score | age,bjw_score,age,False,85,39,46,1.0,False,gpt-5-nano-2025-08-07,,high,scale-by-scale,none,-0.6446578631452573,,,True,False,undetermined,-3.6131660383299007,1.7558639201582196,2.89076823095069,0.25,True,False,no population gap,single df,0.598662207357858,0.6497747400454302,inf,-0.9286510590858406,1.0747924452612447,inf,-0.000843005704361,8,0.00625,0.9875,not read,False
gpt-5-nano-2025-08-07 | NA | high | scale-by-scale | none,gut_diff | political_identity,gut_diff,political_identity,False,85,11,53,1.0,False,gpt-5-nano-2025-08-07,,high,scale-by-scale,none,0.0,,,True,False,undetermined,-1.0461630573376757,2.5315832974748966,2.4085752019119284,0.25,True,False,no population gap,single df,0.0,0.0,inf,0.7427101200686106,0.7162066114260104,inf,0.0,8,0.00625,0.9875,not read,False
gpt-5-nano-2025-08-07 | NA | high | scale-by-scale | none,gut_diff | sex,gut_diff,sex,False,85,62,23,1.0,False,gpt-5-nano-2025-08-07,,high,scale-by-scale,none,-0.3295128939828079,,,True,False,undetermined,-1.5139845768883289,1.024503510969675,5.186080248260046,0.25,True,False,no population gap,single df,0.0806451612903225,0.0791742013732381,inf,-0.2447405329593268,0.5081640147867098,inf,-0.0001107923281226,8,0.00625,0.9875,not read,False
gpt-5-nano-2025-08-07 | NA | high | scale-by-scale | none,gut_diff | education,gut_diff,education,False,85,41,44,1.0,False,gpt-5-nano-2025-08-07,,high,scale-by-scale,none,0.551075268817204,,,True,False,undetermined,-1.2216746800862492,0.8092578286450074,4.924465384074174,0.25,True,False,no population gap,single df,-0.1136363636363636,0.1118703048318255,inf,-0.2062084257206209,0.4065596456151067,inf,-0.0018438461802099,8,0.00625,0.9875,not read,False
gpt-5-nano-2025-08-07 | NA | high | scale-by-scale | none,gut_diff | age,gut_diff,age,False,85,39,46,1.0,False,gpt-5-nano-2025-08-07,,high,scale-by-scale,none,0.3693181818181817,,,True,False,undetermined,-1.2987750953461776,0.7101463328043716,3.412883562596672,0.25,True,False,no population gap,single df,-0.108695652173913,0.1072028585041682,inf,-0.294314381270903,0.4021533853962044,inf,-0.0001986106019106,8,0.00625,0.9875,not read,False
gpt-5-nano-2025-08-07 | NA | low | all-at-once | extensive,bjw_score | political_identity,bjw_score,political_identity,True,85,11,53,1.0,False,gpt-5-nano-2025-08-07,,low,all-at-once,extensive,2.4322946175637377,,,True,False,kept or steepened,-0.8247376275749545,6.879626135293655,1.2724204174935967,0.25,True,False,no population gap,single df,7.363636363636363,0.922747756262668,inf,3.0274442538593505,1.5422882777520266,inf,-0.2017554278465797,8,0.00625,0.9875,not read,False
gpt-5-nano-2025-08-07 | NA | low | all-at-once | extensive,bjw_score | sex,bjw_score,sex,True,85,62,23,1.0,False,gpt-5-nano-2025-08-07,,low,all-at-once,extensive,0.5413943355119823,,,True,False,undetermined,-3.4784932878944645,2.190975756337663,4.403411142197722,0.25,True,False,no population gap,single df,-0.3485273492286111,0.8077027288408819,inf,-0.6437587657784007,1.134935462177802,inf,0.1852499839478619,8,0.00625,0.9875,not read,False
gpt-5-nano-2025-08-07 | NA | low | all-at-once | extensive,bjw_score | education,bjw_score,education,True,85,41,44,1.0,False,gpt-5-nano-2025-08-07,,low,all-at-once,extensive,-0.5740365111561843,,,True,False,undetermined,-3.51943020478364,1.8797406260696696,3.2928006013723343,0.25,True,False,no population gap,single df,0.4706208425720604,0.7001231851224785,inf,-0.8198447893569849,1.080826157526246,inf,0.0904415420115449,8,0.00625,0.9875,not read,False
gpt-5-nano-2025-08-07 | NA | low | all-at-once | extensive,bjw_score | age,bjw_score,age,True,85,39,46,1.0,False,gpt-5-nano-2025-08-07,,low,all-at-once,extensive,-0.6278511404561843,,,True,False,undetermined,-3.6131660383299007,1.7558639201582196,2.89076823095069,0.25,True,False,no population gap,single df,0.5830546265328884,0.7537601673475863,inf,-0.9286510590858406,1.0747924452612447,inf,0.1059500627370718,8,0.00625,0.9875,not read,False
gpt-5-nano-2025-08-07 | NA | low | all-at-once | extensive,gut_diff | political_identity,gut_diff,political_identity,True,85,11,53,1.0,False,gpt-5-nano-2025-08-07,,low,all-at-once,extensive,3.2933025404157044,,,True,False,kept or steepened,-1.0461630573376757,2.5315832974748966,2.4085752019119284,0.25,True,False,no population gap,single df,2.445969125214408,0.4411541791223253,inf,0.7427101200686106,0.7162066114260104,inf,0.1084371848584075,8,0.00625,0.9875,not read,False
gpt-5-nano-2025-08-07 | NA | low | all-at-once | extensive,gut_diff | sex,gut_diff,sex,True,85,62,23,1.0,False,gpt-5-nano-2025-08-07,,low,all-at-once,extensive,1.3094555873925495,,,True,False,undetermined,-1.5139845768883289,1.024503510969675,5.186080248260046,0.25,True,False,no population gap,single df,-0.320476858345021,0.3007941863479273,inf,-0.2447405329593268,0.5081640147867098,inf,0.0433090016888273,8,0.00625,0.9875,not read,False
gpt-5-nano-2025-08-07 | NA | low | all-at-once | extensive,gut_diff | education,gut_diff,education,True,85,41,44,1.0,False,gpt-5-nano-2025-08-07,,low,all-at-once,extensive,0.8897849462365592,,,True,False,undetermined,-1.2216746800862492,0.8092578286450074,4.924465384074174,0.25,True,False,no population gap,single df,-0.1834811529933482,0.3224269271926306,inf,-0.2062084257206209,0.4065596456151067,inf,0.0192726376824619,8,0.00625,0.9875,not read,False
gpt-5-nano-2025-08-07 | NA | low | all-at-once | extensive,gut_diff | age,gut_diff,age,True,85,39,46,1.0,False,gpt-5-nano-2025-08-07,,low,all-at-once,extensive,-0.6837121212121212,,,True,False,undetermined,-1.2987750953461776,0.7101463328043716,3.412883562596672,0.25,True,False,no population gap,single df,0.2012263099219621,0.323187506432573,inf,-0.294314381270903,0.4021533853962044,inf,0.021308941951939,8,0.00625,0.9875,not read,False
gpt-5-nano-2025-08-07 | NA | low | all-at-once | minimal,bjw_score | political_identity,bjw_score,political_identity,False,85,11,53,1.0,False,gpt-5-nano-2025-08-07,,low,all-at-once,minimal,0.2175637393767706,,,True,False,undetermined,-0.8247376275749545,6.879626135293655,1.2724204174935967,0.25,True,False,no population gap,single df,0.6586620926243576,0.7501553615022287,inf,3.0274442538593505,1.5422882777520266,inf,0.0629084460221976,8,0.00625,0.9875,not read,False
gpt-5-nano-2025-08-07 | NA | low | all-at-once | minimal,bjw_score | sex,bjw_score,sex,True,85,62,23,1.0,False,gpt-5-nano-2025-08-07,,low,all-at-once,minimal,-0.0751633986928083,,,True,False,undetermined,-3.4784932878944645,2.190975756337663,4.403411142197722,0.25,True,False,no population gap,single df,0.0483870967741921,0.547230508224737,inf,-0.6437587657784007,1.134935462177802,inf,0.0457304221271276,8,0.00625,0.9875,not read,False
gpt-5-nano-2025-08-07 | NA | low | all-at-once | minimal,bjw_score | education,bjw_score,education,False,85,41,44,1.0,False,gpt-5-nano-2025-08-07,,low,all-at-once,minimal,-1.526031102096009,,,True,False,undetermined,-3.51943020478364,1.8797406260696696,3.2928006013723343,0.25,True,False,no population gap,single df,1.25110864745011,0.4741446558083262,inf,-0.8198447893569849,1.080826157526246,inf,0.0570201374811009,8,0.00625,0.9875,not read,False
gpt-5-nano-2025-08-07 | NA | low | all-at-once | minimal,bjw_score | age,bjw_score,age,True,85,39,46,1.0,False,gpt-5-nano-2025-08-07,,low,all-at-once,minimal,-1.0012004801920789,,,True,False,undetermined,-3.6131660383299007,1.7558639201582196,2.89076823095069,0.25,True,False,no population gap,single df,0.929765886287626,0.4746266478466642,inf,-0.9286510590858406,1.0747924452612447,inf,0.055603860908628,8,0.00625,0.9875,not read,False
gpt-5-nano-2025-08-07 | NA | low | all-at-once | minimal,gut_diff | political_identity,gut_diff,political_identity,False,85,11,53,1.0,False,gpt-5-nano-2025-08-07,,low,all-at-once,minimal,0.1801385681293304,,,True,False,undetermined,-1.0461630573376757,2.5315832974748966,2.4085752019119284,0.25,True,False,no population gap,single df,0.1337907375643225,0.3211867078281576,inf,0.7427101200686106,0.7162066114260104,inf,-0.0858853989686601,8,0.00625,0.9875,not read,False
gpt-5-nano-2025-08-07 | NA | low | all-at-once | minimal,gut_diff | sex,gut_diff,sex,True,85,62,23,1.0,False,gpt-5-nano-2025-08-07,,low,all-at-once,minimal,2.0716332378223488,,,True,False,undetermined,-1.5139845768883289,1.024503510969675,5.186080248260046,0.25,True,False,no population gap,single df,-0.5070126227208975,0.2903566601376063,inf,-0.2447405329593268,0.5081640147867098,inf,-0.0245210738708736,8,0.00625,0.9875,not read,False
gpt-5-nano-2025-08-07 | NA | low | all-at-once | minimal,gut_diff | education,gut_diff,education,False,85,41,44,1.0,False,gpt-5-nano-2025-08-07,,low,all-at-once,minimal,0.8172043010752682,,,True,False,undetermined,-1.2216746800862492,0.8092578286450074,4.924465384074174,0.25,True,False,no population gap,single df,-0.1685144124168514,0.2549311470494799,inf,-0.2062084257206209,0.4065596456151067,inf,-0.0100245220060054,8,0.00625,0.9875,not read,False
gpt-5-nano-2025-08-07 | NA | low | all-at-once | minimal,gut_diff | age,gut_diff,age,True,85,39,46,1.0,False,gpt-5-nano-2025-08-07,,low,all-at-once,minimal,-0.9640151515151514,,,True,False,undetermined,-1.2987750953461776,0.7101463328043716,3.412883562596672,0.25,True,False,no population gap,single df,0.2837235228539576,0.2520943287831885,inf,-0.294314381270903,0.4021533853962044,inf,-0.007745881749572,8,0.00625,0.9875,not read,False
gpt-5-nano-2025-08-07 | NA | low | all-at-once | none,bjw_score | political_identity,bjw_score,political_identity,False,85,11,53,1.0,False,gpt-5-nano-2025-08-07,,low,all-at-once,none,-0.0209631728045315,,,True,False,undetermined,-0.8247376275749545,6.879626135293655,1.2724204174935967,0.25,True,False,no population gap,single df,-0.0634648370497394,0.5942460305988181,inf,3.0274442538593505,1.5422882777520266,inf,0.0034201027862744,8,0.00625,0.9875,not read,False
gpt-5-nano-2025-08-07 | NA | low | all-at-once | none,bjw_score | sex,bjw_score,sex,False,85,62,23,1.0,False,gpt-5-nano-2025-08-07,,low,all-at-once,none,-0.4564270152505451,,,True,False,undetermined,-3.4784932878944645,2.190975756337663,4.403411142197722,0.25,True,False,no population gap,single df,0.2938288920056102,0.5779170436294753,inf,-0.6437587657784007,1.134935462177802,inf,-0.0512105916030373,8,0.00625,0.9875,not read,False
gpt-5-nano-2025-08-07 | NA | low | all-at-once | none,bjw_score | education,bjw_score,education,False,85,41,44,1.0,False,gpt-5-nano-2025-08-07,,low,all-at-once,none,1.3171061528059518,,,True,False,undetermined,-3.51943020478364,1.8797406260696696,3.2928006013723343,0.25,True,False,no population gap,single df,-1.0798226164079845,0.4811918559640419,inf,-0.8198447893569849,1.080826157526246,inf,-0.0588451806549575,8,0.00625,0.9875,not read,False
gpt-5-nano-2025-08-07 | NA | low | all-at-once | none,bjw_score | age,bjw_score,age,False,85,39,46,1.0,False,gpt-5-nano-2025-08-07,,low,all-at-once,none,-0.0438175270108024,,,True,False,undetermined,-3.6131660383299007,1.7558639201582196,2.89076823095069,0.25,True,False,no population gap,single df,0.0406911928651041,0.4897966412453819,inf,-0.9286510590858406,1.0747924452612447,inf,-0.0397105946410635,8,0.00625,0.9875,not read,False
gpt-5-nano-2025-08-07 | NA | low | all-at-once | none,gut_diff | political_identity,gut_diff,political_identity,False,85,11,53,1.0,False,gpt-5-nano-2025-08-07,,low,all-at-once,none,-0.1316397228637414,,,True,False,undetermined,-1.0461630573376757,2.5315832974748966,2.4085752019119284,0.25,True,False,no population gap,single df,-0.097770154373928,0.529940260184098,inf,0.7427101200686106,0.7162066114260104,inf,0.1026703303451839,8,0.00625,0.9875,not read,False
gpt-5-nano-2025-08-07 | NA | low | all-at-once | none,gut_diff | sex,gut_diff,sex,False,85,62,23,1.0,False,gpt-5-nano-2025-08-07,,low,all-at-once,none,2.1776504297994266,,,True,False,undetermined,-1.5139845768883289,1.024503510969675,5.186080248260046,0.25,True,False,no population gap,single df,-0.5329593267882189,0.2730635270583876,inf,-0.2447405329593268,0.5081640147867098,inf,0.0088778486712866,8,0.00625,0.9875,not read,False
gpt-5-nano-2025-08-07 | NA | low | all-at-once | none,gut_diff | education,gut_diff,education,False,85,41,44,1.0,False,gpt-5-nano-2025-08-07,,low,all-at-once,none,0.2822580645161295,,,True,False,undetermined,-1.2216746800862492,0.8092578286450074,4.924465384074174,0.25,True,False,no population gap,single df,-0.0582039911308205,0.2886014406358023,inf,-0.2062084257206209,0.4065596456151067,inf,0.0195054239037183,8,0.00625,0.9875,not read,False
gpt-5-nano-2025-08-07 | NA | low | all-at-once | none,gut_diff | age,gut_diff,age,False,85,39,46,1.0,False,gpt-5-nano-2025-08-07,,low,all-at-once,none,-1.4678030303030305,,,True,False,undetermined,-1.2987750953461776,0.7101463328043716,3.412883562596672,0.25,True,False,no population gap,single df,0.4319955406911929,0.2807075345114946,inf,-0.294314381270903,0.4021533853962044,inf,0.0171932055443034,8,0.00625,0.9875,not read,False
gpt-5-nano-2025-08-07 | NA | low | item-by-item | extensive,bjw_score | political_identity,bjw_score,political_identity,True,84,11,52,0.9882352941176472,False,gpt-5-nano-2025-08-07,,low,item-by-item,extensive,0.8044127260841129,,,True,False,undetermined,-0.8247376275749545,6.879626135293655,1.2724204174935967,0.25,True,False,no population gap,single df,2.435314685314683,0.5005075828365382,inf,3.0274442538593505,1.5422882777520266,inf,-0.1391271914554278,8,0.00625,0.9875,not read,False
gpt-5-nano-2025-08-07 | NA | low | item-by-item | extensive,bjw_score | sex,bjw_score,sex,True,84,61,23,0.9882352941176472,False,gpt-5-nano-2025-08-07,,low,item-by-item,extensive,0.0221436479874257,,,True,False,undetermined,-3.4784932878944645,2.190975756337663,4.403411142197722,0.25,True,False,no population gap,single df,-0.0142551674982165,0.2912221744072729,inf,-0.6437587657784007,1.134935462177802,inf,0.030808971440876,8,0.00625,0.9875,not read,False
gpt-5-nano-2025-08-07 | NA | low | item-by-item | extensive,bjw_score | education,bjw_score,education,True,84,41,43,0.9882352941176472,False,gpt-5-nano-2025-08-07,,low,item-by-item,extensive,-0.3708351022846967,,,True,False,undetermined,-3.51943020478364,1.8797406260696696,3.2928006013723343,0.25,True,False,no population gap,single df,0.3040272263187731,0.2697994661099337,inf,-0.8198447893569849,1.080826157526246,inf,0.0045084699272906,8,0.00625,0.9875,not read,False
gpt-5-nano-2025-08-07 | NA | low | item-by-item | extensive,bjw_score | age,bjw_score,age,True,84,39,45,0.9882352941176472,False,gpt-5-nano-2025-08-07,,low,item-by-item,extensive,-0.5743097238895584,,,True,False,undetermined,-3.6131660383299007,1.7558639201582196,2.89076823095069,0.25,True,False,no population gap,single df,0.533333333333335,0.2741141605468883,inf,-0.9286510590858406,1.0747924452612447,inf,0.0124507719020465,8,0.00625,0.9875,not read,False
gpt-5-nano-2025-08-07 | NA | low | item-by-item | extensive,gut_diff | political_identity,gut_diff,political_identity,True,84,11,52,0.9882352941176472,False,gpt-5-nano-2025-08-07,,low,item-by-item,extensive,2.078477527091846,,,True,False,undetermined,-1.0461630573376757,2.5315832974748966,2.4085752019119284,0.25,True,False,no population gap,single df,1.5437062937062938,0.375691410111059,inf,0.7427101200686106,0.7162066114260104,inf,0.0623338838179269,8,0.00625,0.9875,not read,False
gpt-5-nano-2025-08-07 | NA | low | item-by-item | extensive,gut_diff | sex,gut_diff,sex,True,84,61,23,0.9882352941176472,False,gpt-5-nano-2025-08-07,,low,item-by-item,extensive,1.7619427873549716,,,True,False,undetermined,-1.5139845768883289,1.024503510969675,5.186080248260046,0.25,True,False,no population gap,single df,-0.4312188168210976,0.3253112314219925,inf,-0.2447405329593268,0.5081640147867098,inf,-0.0020484983500855,8,0.00625,0.9875,not read,False
gpt-5-nano-2025-08-07 | NA | low | item-by-item | extensive,gut_diff | education,gut_diff,education,True,84,41,43,0.9882352941176472,False,gpt-5-nano-2025-08-07,,low,item-by-item,extensive,0.8609652413103273,,,True,False,undetermined,-1.2216746800862492,0.8092578286450074,4.924465384074174,0.25,True,False,no population gap,single df,-0.1775382870107771,0.2955249812924951,inf,-0.2062084257206209,0.4065596456151067,inf,0.007443194088129,8,0.00625,0.9875,not read,False
gpt-5-nano-2025-08-07 | NA | low | item-by-item | extensive,gut_diff | age,gut_diff,age,True,84,39,45,0.9882352941176472,False,gpt-5-nano-2025-08-07,,low,item-by-item,extensive,0.3542929292929292,,,True,False,undetermined,-1.2987750953461776,0.7101463328043716,3.412883562596672,0.25,True,False,no population gap,single df,-0.1042735042735042,0.296815491325607,inf,-0.294314381270903,0.4021533853962044,inf,0.004084843093673,8,0.00625,0.9875,not read,False
gpt-5-nano-2025-08-07 | NA | low | item-by-item | minimal,bjw_score | political_identity,bjw_score,political_identity,False,76,10,47,0.8941176470588236,False,gpt-5-nano-2025-08-07,,low,item-by-item,minimal,-0.0899572057139401,,,True,False,undetermined,-0.8247376275749545,6.879626135293655,1.2724204174935967,0.25,True,False,no population gap,single df,-0.2723404255319117,0.7520360621503239,inf,3.0274442538593505,1.5422882777520266,inf,0.1664958811351541,8,0.00625,0.9875,not read,False
gpt-5-nano-2025-08-07 | NA | low | item-by-item | minimal,bjw_score | sex,bjw_score,sex,True,76,57,19,0.8941176470588236,False,gpt-5-nano-2025-08-07,,low,item-by-item,minimal,1.498872453464816,,,True,False,undetermined,-3.4784932878944645,2.190975756337663,4.403411142197722,0.25,True,False,no population gap,single df,-0.9649122807017534,0.477821402216471,inf,-0.6437587657784007,1.134935462177802,inf,-0.0028886680229639,8,0.00625,0.9875,not read,False
gpt-5-nano-2025-08-07 | NA | low | item-by-item | minimal,bjw_score | education,bjw_score,education,False,76,37,39,0.8941176470588236,False,gpt-5-nano-2025-08-07,,low,item-by-item,minimal,-0.9796827565590244,,,True,False,undetermined,-3.51943020478364,1.8797406260696696,3.2928006013723343,0.25,True,False,no population gap,single df,0.8031878031878037,0.3571807409801391,inf,-0.8198447893569849,1.080826157526246,inf,-0.0395416836800081,8,0.00625,0.9875,not read,False
gpt-5-nano-2025-08-07 | NA | low | item-by-item | minimal,bjw_score | age,bjw_score,age,True,76,39,37,0.8941176470588236,False,gpt-5-nano-2025-08-07,,low,item-by-item,minimal,-1.4604003763667648,,,True,False,reversed to attenuated,-3.6131660383299007,1.7558639201582196,2.89076823095069,0.25,True,False,no population gap,single df,1.3562023562023562,0.341131944515023,inf,-0.9286510590858406,1.0747924452612447,inf,-0.0081039682768587,8,0.00625,0.9875,not read,False
gpt-5-nano-2025-08-07 | NA | low | item-by-item | minimal,gut_diff | political_identity,gut_diff,political_identity,False,76,10,47,0.8941176470588236,False,gpt-5-nano-2025-08-07,,low,item-by-item,minimal,0.0315119650140041,,,True,False,undetermined,-1.0461630573376757,2.5315832974748966,2.4085752019119284,0.25,True,False,no population gap,single df,0.0234042553191489,0.1851673122595523,inf,0.7427101200686106,0.7162066114260104,inf,-0.0121382403768489,8,0.00625,0.9875,not read,False
gpt-5-nano-2025-08-07 | NA | low | item-by-item | minimal,gut_diff | sex,gut_diff,sex,True,76,57,19,0.8941176470588236,False,gpt-5-nano-2025-08-07,,low,item-by-item,minimal,-0.4301010405670335,,,True,False,undetermined,-1.5139845768883289,1.024503510969675,5.186080248260046,0.25,True,False,no population gap,single df,0.1052631578947368,0.1352616095305516,inf,-0.2447405329593268,0.5081640147867098,inf,-0.0195610208735894,8,0.00625,0.9875,not read,False
gpt-5-nano-2025-08-07 | NA | low | item-by-item | minimal,gut_diff | education,gut_diff,education,False,76,37,39,0.8941176470588236,False,gpt-5-nano-2025-08-07,,low,item-by-item,minimal,-1.606405412857025,,,True,False,undetermined,-1.2216746800862492,0.8092578286450074,4.924465384074174,0.25,True,False,no population gap,single df,0.3312543312543313,0.1443949687696188,inf,-0.2062084257206209,0.4065596456151067,inf,-0.0108097037043682,8,0.00625,0.9875,not read,False
gpt-5-nano-2025-08-07 | NA | low | item-by-item | minimal,gut_diff | age,gut_diff,age,True,76,39,37,0.8941176470588236,False,gpt-5-nano-2025-08-07,,low,item-by-item,minimal,-1.3798116298116296,,,True,False,undetermined,-1.2987750953461776,0.7101463328043716,3.412883562596672,0.25,True,False,no population gap,single df,0.4060984060984061,0.1488674413989059,inf,-0.294314381270903,0.4021533853962044,inf,-0.0083929960516152,8,0.00625,0.9875,not read,False
gpt-5-nano-2025-08-07 | NA | low | item-by-item | none,bjw_score | political_identity,bjw_score,political_identity,False,80,10,51,0.9411764705882352,False,gpt-5-nano-2025-08-07,,low,item-by-item,none,0.0621763039493426,,,True,False,undetermined,-0.8247376275749545,6.879626135293655,1.2724204174935967,0.25,True,False,no population gap,single df,0.1882352941176499,0.7433340284515401,inf,3.0274442538593505,1.5422882777520266,inf,0.0599197113730231,8,0.00625,0.9875,not read,False
gpt-5-nano-2025-08-07 | NA | low | item-by-item | none,bjw_score | sex,bjw_score,sex,False,80,58,22,0.9411764705882352,False,gpt-5-nano-2025-08-07,,low,item-by-item,none,0.1168684819800403,,,True,False,undetermined,-3.4784932878944645,2.190975756337663,4.403411142197722,0.25,True,False,no population gap,single df,-0.075235109717866,0.40172808416991,inf,-0.6437587657784007,1.134935462177802,inf,-0.0302496414077024,8,0.00625,0.9875,not read,False
gpt-5-nano-2025-08-07 | NA | low | item-by-item | none,bjw_score | education,bjw_score,education,False,80,40,40,0.9411764705882352,False,gpt-5-nano-2025-08-07,,low,item-by-item,none,-0.3049357674104123,,,True,False,undetermined,-3.51943020478364,1.8797406260696696,3.2928006013723343,0.25,True,False,no population gap,single df,0.25,0.3862857889917774,inf,-0.8198447893569849,1.080826157526246,inf,-0.0510257456204801,8,0.00625,0.9875,not read,False
gpt-5-nano-2025-08-07 | NA | low | item-by-item | none,bjw_score | age,bjw_score,age,False,80,38,42,0.9411764705882352,False,gpt-5-nano-2025-08-07,,low,item-by-item,none,-0.7448753937665289,,,True,False,undetermined,-3.6131660383299007,1.7558639201582196,2.89076823095069,0.25,True,False,no population gap,single df,0.6917293233082695,0.3706361498267143,inf,-0.9286510590858406,1.0747924452612447,inf,-0.0326829082674718,8,0.00625,0.9875,not read,False
gpt-5-nano-2025-08-07 | NA | low | item-by-item | none,gut_diff | political_identity,gut_diff,political_identity,False,80,10,51,0.9411764705882352,False,gpt-5-nano-2025-08-07,,low,item-by-item,none,0.1346420323325635,,,True,False,undetermined,-1.0461630573376757,2.5315832974748966,2.4085752019119284,0.25,True,False,no population gap,single df,0.1,0.0971571796104341,inf,0.7427101200686106,0.7162066114260104,inf,-0.0212178911329077,8,0.00625,0.9875,not read,False
gpt-5-nano-2025-08-07 | NA | low | item-by-item | none,gut_diff | sex,gut_diff,sex,False,80,58,22,0.9411764705882352,False,gpt-5-nano-2025-08-07,,low,item-by-item,none,-0.0704475842308072,,,True,False,undetermined,-1.5139845768883289,1.024503510969675,5.186080248260046,0.25,True,False,no population gap,single df,0.0172413793103448,0.0164409612167505,inf,-0.2447405329593268,0.5081640147867098,inf,-0.0006898645349364,8,0.00625,0.9875,not read,False
gpt-5-nano-2025-08-07 | NA | low | item-by-item | none,gut_diff | education,gut_diff,education,False,80,40,40,0.9411764705882352,False,gpt-5-nano-2025-08-07,,low,item-by-item,none,-0.1212365591397849,,,True,False,undetermined,-1.2216746800862492,0.8092578286450074,4.924465384074174,0.25,True,False,no population gap,single df,0.025,0.024082180606579,inf,-0.2062084257206209,0.4065596456151067,inf,-0.0007650805634102,8,0.00625,0.9875,not read,False
gpt-5-nano-2025-08-07 | NA | low | item-by-item | none,gut_diff | age,gut_diff,age,False,80,38,42,0.9411764705882352,False,gpt-5-nano-2025-08-07,,low,item-by-item,none,0.0808982683982683,,,True,False,undetermined,-1.2987750953461776,0.7101463328043716,3.412883562596672,0.25,True,False,no population gap,single df,-0.0238095238095238,0.0228539883120417,inf,-0.294314381270903,0.4021533853962044,inf,-0.0006258349065276,8,0.00625,0.9875,not read,False
gpt-5-nano-2025-08-07 | NA | low | scale-by-scale | extensive,bjw_score | political_identity,bjw_score,political_identity,True,84,11,52,0.9882352941176472,False,gpt-5-nano-2025-08-07,,low,scale-by-scale,extensive,4.343135759424708,,,True,False,steepened,-0.8247376275749545,6.879626135293655,1.2724204174935967,0.25,True,False,no population gap,single df,13.148601398601398,0.540664447923319,inf,3.0274442538593505,1.5422882777520266,inf,-0.3270234168161955,8,0.00625,0.9875,not read,False
gpt-5-nano-2025-08-07 | NA | low | scale-by-scale | extensive,bjw_score | sex,bjw_score,sex,True,84,61,23,0.9882352941176472,False,gpt-5-nano-2025-08-07,,low,scale-by-scale,extensive,-0.34101217900639,,,True,False,undetermined,-3.4784932878944645,2.190975756337663,4.403411142197722,0.25,True,False,no population gap,single df,0.2195295794725567,1.1530213383544683,inf,-0.6437587657784007,1.134935462177802,inf,0.3163259425472083,8,0.00625,0.9875,not read,False
gpt-5-nano-2025-08-07 | NA | low | scale-by-scale | extensive,bjw_score | education,bjw_score,education,True,84,41,43,0.9882352941176472,False,gpt-5-nano-2025-08-07,,low,scale-by-scale,extensive,0.1549758636413639,,,True,False,undetermined,-3.51943020478364,1.8797406260696696,3.2928006013723343,0.25,True,False,no population gap,single df,-0.1270561542824708,1.091443660886442,inf,-0.8198447893569849,1.080826157526246,inf,0.2633049968827201,8,0.00625,0.9875,not read,False
gpt-5-nano-2025-08-07 | NA | low | scale-by-scale | extensive,bjw_score | age,bjw_score,age,True,84,39,45,0.9882352941176472,False,gpt-5-nano-2025-08-07,,low,scale-by-scale,extensive,-0.0,,,True,False,undetermined,-3.6131660383299007,1.7558639201582196,2.89076823095069,0.25,True,False,no population gap,single df,0.0,1.113627790090348,inf,-0.9286510590858406,1.0747924452612447,inf,0.272330337252229,8,0.00625,0.9875,not read,False
gpt-5-nano-2025-08-07 | NA | low | scale-by-scale | extensive,gut_diff | political_identity,gut_diff,political_identity,True,84,11,52,0.9882352941176472,False,gpt-5-nano-2025-08-07,,low,scale-by-scale,extensive,2.782288150648428,,,True,False,undetermined,-1.0461630573376757,2.5315832974748966,2.4085752019119284,0.25,True,False,no population gap,single df,2.0664335664335662,0.5606693067979623,inf,0.7427101200686106,0.7162066114260104,inf,-0.0325275469565696,8,0.00625,0.9875,not read,False
gpt-5-nano-2025-08-07 | NA | low | scale-by-scale | extensive,gut_diff | sex,gut_diff,sex,True,84,61,23,0.9882352941176472,False,gpt-5-nano-2025-08-07,,low,scale-by-scale,extensive,2.329841702287565,,,True,False,undetermined,-1.5139845768883289,1.024503510969675,5.186080248260046,0.25,True,False,no population gap,single df,-0.5702066999287241,0.3606326476736005,inf,-0.2447405329593268,0.5081640147867098,inf,-0.0080905586869061,8,0.00625,0.9875,not read,False
gpt-5-nano-2025-08-07 | NA | low | scale-by-scale | extensive,gut_diff | education,gut_diff,education,True,84,41,43,0.9882352941176472,False,gpt-5-nano-2025-08-07,,low,scale-by-scale,extensive,-0.5171292823205796,,,True,False,undetermined,-1.2216746800862492,0.8092578286450074,4.924465384074174,0.25,True,False,no population gap,single df,0.1066364152013612,0.3359246003311474,inf,-0.2062084257206209,0.4065596456151067,inf,-0.0040528742877583,8,0.00625,0.9875,not read,False
gpt-5-nano-2025-08-07 | NA | low | scale-by-scale | extensive,gut_diff | age,gut_diff,age,True,84,39,45,0.9882352941176472,False,gpt-5-nano-2025-08-07,,low,scale-by-scale,extensive,1.0222222222222224,,,True,False,undetermined,-1.2987750953461776,0.7101463328043716,3.412883562596672,0.25,True,False,no population gap,single df,-0.3008547008547009,0.3424988536755121,inf,-0.294314381270903,0.4021533853962044,inf,-0.0010536910827123,8,0.00625,0.9875,not read,False
gpt-5-nano-2025-08-07 | NA | low | scale-by-scale | minimal,bjw_score | political_identity,bjw_score,political_identity,False,82,11,51,0.9647058823529412,False,gpt-5-nano-2025-08-07,,low,scale-by-scale,minimal,0.0771315891795813,,,True,False,undetermined,-0.8247376275749545,6.879626135293655,1.2724204174935967,0.25,True,False,no population gap,single df,0.2335115864527637,0.8529525612983513,inf,3.0274442538593505,1.5422882777520266,inf,-0.305635419043996,8,0.00625,0.9875,not read,False
gpt-5-nano-2025-08-07 | NA | low | scale-by-scale | minimal,bjw_score | sex,bjw_score,sex,True,82,60,22,0.9647058823529412,False,gpt-5-nano-2025-08-07,,low,scale-by-scale,minimal,1.605156136528689,,,True,False,undetermined,-3.4784932878944645,2.190975756337663,4.403411142197722,0.25,True,False,no population gap,single df,-1.033333333333335,0.7977421069306547,inf,-0.6437587657784007,1.134935462177802,inf,0.1970256959991035,8,0.00625,0.9875,not read,False
gpt-5-nano-2025-08-07 | NA | low | scale-by-scale | minimal,bjw_score | education,bjw_score,education,False,82,39,43,0.9647058823529412,False,gpt-5-nano-2025-08-07,,low,scale-by-scale,minimal,-1.5201329848247138,,,True,False,undetermined,-3.51943020478364,1.8797406260696696,3.2928006013723343,0.25,True,False,no population gap,single df,1.2462731067382222,0.697033129166125,inf,-0.8198447893569849,1.080826157526246,inf,0.011866398100644,8,0.00625,0.9875,not read,False
gpt-5-nano-2025-08-07 | NA | low | scale-by-scale | minimal,bjw_score | age,bjw_score,age,True,82,38,44,0.9647058823529412,False,gpt-5-nano-2025-08-07,,low,scale-by-scale,minimal,-2.679196080346017,,,True,False,reversed or missing,-3.6131660383299007,1.7558639201582196,2.89076823095069,0.25,True,False,no population gap,single df,2.4880382775119614,0.6818510944767374,inf,-0.9286510590858406,1.0747924452612447,inf,0.0400283147359947,8,0.00625,0.9875,not read,False
gpt-5-nano-2025-08-07 | NA | low | scale-by-scale | minimal,gut_diff | political_identity,gut_diff,political_identity,False,82,11,51,0.9647058823529412,False,gpt-5-nano-2025-08-07,,low,scale-by-scale,minimal,0.3648055064982112,,,True,False,undetermined,-1.0461630573376757,2.5315832974748966,2.4085752019119284,0.25,True,False,no population gap,single df,0.2709447415329767,0.4601645237062763,inf,0.7427101200686106,0.7162066114260104,inf,-0.0568164623216748,8,0.00625,0.9875,not read,False
gpt-5-nano-2025-08-07 | NA | low | scale-by-scale | minimal,gut_diff | sex,gut_diff,sex,True,82,60,22,0.9647058823529412,False,gpt-5-nano-2025-08-07,,low,scale-by-scale,minimal,1.32484153859512,,,True,False,undetermined,-1.5139845768883289,1.024503510969675,5.186080248260046,0.25,True,False,no population gap,single df,-0.3242424242424243,0.2984064467993107,inf,-0.2447405329593268,0.5081640147867098,inf,-0.0109119116571156,8,0.00625,0.9875,not read,False
gpt-5-nano-2025-08-07 | NA | low | scale-by-scale | minimal,gut_diff | education,gut_diff,education,False,82,39,43,0.9647058823529412,False,gpt-5-nano-2025-08-07,,low,scale-by-scale,minimal,-2.183270176518488,,,True,False,undetermined,-1.2216746800862492,0.8092578286450074,4.924465384074174,0.25,True,False,no population gap,single df,0.4502087060226595,0.2172141702766127,inf,-0.2062084257206209,0.4065596456151067,inf,-0.0042543246560406,8,0.00625,0.9875,not read,False
gpt-5-nano-2025-08-07 | NA | low | scale-by-scale | minimal,gut_diff | age,gut_diff,age,True,82,38,44,0.9647058823529412,False,gpt-5-nano-2025-08-07,,low,scale-by-scale,minimal,-1.0932878425402346,,,True,False,undetermined,-1.2987750953461776,0.7101463328043716,3.412883562596672,0.25,True,False,no population gap,single df,0.3217703349282296,0.2178694314449237,inf,-0.294314381270903,0.4021533853962044,inf,-0.0007933566155375,8,0.00625,0.9875,not read,False
gpt-5-nano-2025-08-07 | NA | low | scale-by-scale | none,bjw_score | political_identity,bjw_score,political_identity,False,83,11,51,0.976470588235294,False,gpt-5-nano-2025-08-07,,low,scale-by-scale,none,-0.1990112758984609,,,True,False,undetermined,-0.8247376275749545,6.879626135293655,1.2724204174935967,0.25,True,False,no population gap,single df,-0.6024955436720134,0.3551295028462054,inf,3.0274442538593505,1.5422882777520266,inf,0.0881014588022363,8,0.00625,0.9875,not read,False
gpt-5-nano-2025-08-07 | NA | low | scale-by-scale | none,bjw_score | sex,bjw_score,sex,False,83,61,22,0.976470588235294,False,gpt-5-nano-2025-08-07,,low,scale-by-scale,none,-0.3692453301903637,,,True,False,undetermined,-3.4784932878944645,2.190975756337663,4.403411142197722,0.25,True,False,no population gap,single df,0.2377049180327866,0.3635072387901265,inf,-0.6437587657784007,1.134935462177802,inf,0.0223031632007047,8,0.00625,0.9875,not read,False
gpt-5-nano-2025-08-07 | NA | low | scale-by-scale | none,bjw_score | education,bjw_score,education,False,83,39,44,0.976470588235294,False,gpt-5-nano-2025-08-07,,low,scale-by-scale,none,-0.1585097345746447,,,True,False,undetermined,-3.51943020478364,1.8797406260696696,3.2928006013723343,0.25,True,False,no population gap,single df,0.1299533799533812,0.4098047660916258,inf,-0.8198447893569849,1.080826157526246,inf,0.0268243542648283,8,0.00625,0.9875,not read,False
gpt-5-nano-2025-08-07 | NA | low | scale-by-scale | none,bjw_score | age,bjw_score,age,False,83,37,46,0.976470588235294,False,gpt-5-nano-2025-08-07,,low,scale-by-scale,none,0.0506148405308059,,,True,False,undetermined,-3.6131660383299007,1.7558639201582196,2.89076823095069,0.25,True,False,no population gap,single df,-0.0470035252643938,0.3977106341027961,inf,-0.9286510590858406,1.0747924452612447,inf,0.0499629500098193,8,0.00625,0.9875,not read,False
gpt-5-nano-2025-08-07 | NA | low | scale-by-scale | none,gut_diff | political_identity,gut_diff,political_identity,False,83,11,51,0.976470588235294,False,gpt-5-nano-2025-08-07,,low,scale-by-scale,none,-0.1848027894760676,,,True,False,undetermined,-1.0461630573376757,2.5315832974748966,2.4085752019119284,0.25,True,False,no population gap,single df,-0.1372549019607843,0.0700922827193878,inf,0.7427101200686106,0.7162066114260104,inf,0.0049096293591429,8,0.00625,0.9875,not read,False
gpt-5-nano-2025-08-07 | NA | low | scale-by-scale | none,gut_diff | sex,gut_diff,sex,False,83,61,22,0.976470588235294,False,gpt-5-nano-2025-08-07,,low,scale-by-scale,none,0.5267295530342172,,,True,False,undetermined,-1.5139845768883289,1.024503510969675,5.186080248260046,0.25,True,False,no population gap,single df,-0.1289120715350223,0.1427367255058367,inf,-0.2447405329593268,0.5081640147867098,inf,0.0163329587702844,8,0.00625,0.9875,not read,False
gpt-5-nano-2025-08-07 | NA | low | scale-by-scale | none,gut_diff | education,gut_diff,education,False,83,39,44,0.976470588235294,False,gpt-5-nano-2025-08-07,,low,scale-by-scale,none,0.2741246208988143,,,True,False,undetermined,-1.2216746800862492,0.8092578286450074,4.924465384074174,0.25,True,False,no population gap,single df,-0.0565268065268065,0.1095402261546183,inf,-0.2062084257206209,0.4065596456151067,inf,0.008841938842707,8,0.00625,0.9875,not read,False
gpt-5-nano-2025-08-07 | NA | low | scale-by-scale | none,gut_diff | age,gut_diff,age,False,83,37,46,0.976470588235294,False,gpt-5-nano-2025-08-07,,low,scale-by-scale,none,-0.015970515970516,,,True,False,undetermined,-1.2987750953461776,0.7101463328043716,3.412883562596672,0.25,True,False,no population gap,single df,0.0047003525264394,0.1119533552046712,inf,-0.294314381270903,0.4021533853962044,inf,0.0094180540057345,8,0.00625,0.9875,not read,False
llama-3.3-70b-versatile | 0 | NA | all-at-once | extensive,bjw_score | political_identity,bjw_score,political_identity,True,85,11,53,1.0,False,llama-3.3-70b-versatile,0.0,,all-at-once,extensive,0.5699716713881023,,,True,False,undetermined,-0.8247376275749545,6.879626135293655,1.2724204174935967,0.25,True,False,no population gap,single df,1.7255574614065203,0.1726953125277436,inf,3.0274442538593505,1.5422882777520266,inf,0.0139449330051356,8,0.00625,0.9875,not read,False
llama-3.3-70b-versatile | 0 | NA | all-at-once | extensive,bjw_score | sex,bjw_score,sex,True,85,62,23,1.0,False,llama-3.3-70b-versatile,0.0,,all-at-once,extensive,0.4357298474945539,,,True,False,undetermined,-3.4784932878944645,2.190975756337663,4.403411142197722,0.25,True,False,no population gap,single df,-0.2805049088359048,0.1709138825822933,inf,-0.6437587657784007,1.134935462177802,inf,0.0591258172189657,8,0.00625,0.9875,not read,False
llama-3.3-70b-versatile | 0 | NA | all-at-once | extensive,bjw_score | education,bjw_score,education,True,85,41,44,1.0,False,llama-3.3-70b-versatile,0.0,,all-at-once,extensive,0.010141987829614,,,True,False,undetermined,-3.51943020478364,1.8797406260696696,3.2928006013723343,0.25,True,False,no population gap,single df,-0.008314855875831,0.186651535549129,inf,-0.8198447893569849,1.080826157526246,inf,0.0462231915169091,8,0.00625,0.9875,not read,False
llama-3.3-70b-versatile | 0 | NA | all-at-once | extensive,bjw_score | age,bjw_score,age,True,85,39,46,1.0,False,llama-3.3-70b-versatile,0.0,,all-at-once,extensive,-0.0300120048019208,,,True,False,undetermined,-3.6131660383299007,1.7558639201582196,2.89076823095069,0.25,True,False,no population gap,single df,0.0278706800445931,0.182937034043757,inf,-0.9286510590858406,1.0747924452612447,inf,0.041018259639932,8,0.00625,0.9875,not read,False
llama-3.3-70b-versatile | 0 | NA | all-at-once | extensive,gut_diff | political_identity,gut_diff,political_identity,True,85,11,53,1.0,False,llama-3.3-70b-versatile,0.0,,all-at-once,extensive,3.334872979214781,,,True,False,kept or steepened,-1.0461630573376757,2.5315832974748966,2.4085752019119284,0.25,True,False,no population gap,single df,2.476843910806175,0.2594864141614055,inf,0.7427101200686106,0.7162066114260104,inf,0.053001125984936,8,0.00625,0.9875,not read,False
llama-3.3-70b-versatile | 0 | NA | all-at-once | extensive,gut_diff | sex,gut_diff,sex,True,85,62,23,1.0,False,llama-3.3-70b-versatile,0.0,,all-at-once,extensive,0.610315186246418,,,True,False,undetermined,-1.5139845768883289,1.024503510969675,5.186080248260046,0.25,True,False,no population gap,single df,-0.1493688639551191,0.2153158574886717,inf,-0.2447405329593268,0.5081640147867098,inf,0.004647337612536,8,0.00625,0.9875,not read,False
llama-3.3-70b-versatile | 0 | NA | all-at-once | extensive,gut_diff | education,gut_diff,education,True,85,41,44,1.0,False,llama-3.3-70b-versatile,0.0,,all-at-once,extensive,-0.5537634408602146,,,True,False,undetermined,-1.2216746800862492,0.8092578286450074,4.924465384074174,0.25,True,False,no population gap,single df,0.114190687361419,0.2270522350002982,inf,-0.2062084257206209,0.4065596456151067,inf,0.0123749991004503,8,0.00625,0.9875,not read,False
llama-3.3-70b-versatile | 0 | NA | all-at-once | extensive,gut_diff | age,gut_diff,age,True,85,39,46,1.0,False,llama-3.3-70b-versatile,0.0,,all-at-once,extensive,0.0018939393939395,,,True,False,undetermined,-1.2987750953461776,0.7101463328043716,3.412883562596672,0.25,True,False,no population gap,single df,-0.0005574136008918,0.2273228985242194,inf,-0.294314381270903,0.4021533853962044,inf,0.0094737857523685,8,0.00625,0.9875,not read,False
llama-3.3-70b-versatile | 0 | NA | all-at-once | minimal,bjw_score | political_identity,bjw_score,political_identity,False,85,11,53,1.0,False,llama-3.3-70b-versatile,0.0,,all-at-once,minimal,-0.1201133144475918,,,True,False,undetermined,-0.8247376275749545,6.879626135293655,1.2724204174935967,0.25,True,False,no population gap,single df,-0.3636363636363633,0.2955301254512261,inf,3.0274442538593505,1.5422882777520266,inf,0.054575859697422,8,0.00625,0.9875,not read,False
llama-3.3-70b-versatile | 0 | NA | all-at-once | minimal,bjw_score | sex,bjw_score,sex,True,85,62,23,1.0,False,llama-3.3-70b-versatile,0.0,,all-at-once,minimal,1.1089324618736398,,,True,False,undetermined,-3.4784932878944645,2.190975756337663,4.403411142197722,0.25,True,False,no population gap,single df,-0.7138849929873778,0.2289834379830051,inf,-0.6437587657784007,1.134935462177802,inf,-0.0512333969568493,8,0.00625,0.9875,not read,False
llama-3.3-70b-versatile | 0 | NA | all-at-once | minimal,bjw_score | education,bjw_score,education,False,85,41,44,1.0,False,llama-3.3-70b-versatile,0.0,,all-at-once,minimal,0.3272481406355658,,,True,False,undetermined,-3.51943020478364,1.8797406260696696,3.2928006013723343,0.25,True,False,no population gap,single df,-0.2682926829268304,0.2092171074549734,inf,-0.8198447893569849,1.080826157526246,inf,-0.013329484145141,8,0.00625,0.9875,not read,False
llama-3.3-70b-versatile | 0 | NA | all-at-once | minimal,bjw_score | age,bjw_score,age,True,85,39,46,1.0,False,llama-3.3-70b-versatile,0.0,,all-at-once,minimal,0.0486194477791101,,,True,False,undetermined,-3.6131660383299007,1.7558639201582196,2.89076823095069,0.25,True,False,no population gap,single df,-0.0451505016722393,0.1996292877236439,inf,-0.9286510590858406,1.0747924452612447,inf,-0.0164934757230172,8,0.00625,0.9875,not read,False
llama-3.3-70b-versatile | 0 | NA | all-at-once | minimal,gut_diff | political_identity,gut_diff,political_identity,False,85,11,53,1.0,False,llama-3.3-70b-versatile,0.0,,all-at-once,minimal,-0.0554272517321016,,,True,False,undetermined,-1.0461630573376757,2.5315832974748966,2.4085752019119284,0.25,True,False,no population gap,single df,-0.0411663807890222,0.4450222480968551,inf,0.7427101200686106,0.7162066114260104,inf,-0.0208077427679653,8,0.00625,0.9875,not read,False
llama-3.3-70b-versatile | 0 | NA | all-at-once | minimal,gut_diff | sex,gut_diff,sex,True,85,62,23,1.0,False,llama-3.3-70b-versatile,0.0,,all-at-once,minimal,5.140401146131804,,,True,False,undetermined,-1.5139845768883289,1.024503510969675,5.186080248260046,0.25,True,False,no population gap,single df,-1.2580645161290325,0.2115585460540757,inf,-0.2447405329593268,0.5081640147867098,inf,-0.011256449297385,8,0.00625,0.9875,not read,False
llama-3.3-70b-versatile | 0 | NA | all-at-once | minimal,gut_diff | education,gut_diff,education,False,85,41,44,1.0,False,llama-3.3-70b-versatile,0.0,,all-at-once,minimal,0.7715053763440857,,,True,False,undetermined,-1.2216746800862492,0.8092578286450074,4.924465384074174,0.25,True,False,no population gap,single df,-0.1590909090909091,0.2584283921624064,inf,-0.2062084257206209,0.4065596456151067,inf,0.0057738434110246,8,0.00625,0.9875,not read,False
llama-3.3-70b-versatile | 0 | NA | all-at-once | minimal,gut_diff | age,gut_diff,age,True,85,39,46,1.0,False,llama-3.3-70b-versatile,0.0,,all-at-once,minimal,-1.8977272727272727,,,True,False,undetermined,-1.2987750953461776,0.7101463328043716,3.412883562596672,0.25,True,False,no population gap,single df,0.5585284280936456,0.2541891688304127,inf,-0.294314381270903,0.4021533853962044,inf,0.0058618919030514,8,0.00625,0.9875,not read,False
llama-3.3-70b-versatile | 0 | NA | all-at-once | none,bjw_score | political_identity,bjw_score,political_identity,False,85,11,53,1.0,False,llama-3.3-70b-versatile,0.0,,all-at-once,none,-0.0628895184135968,,,True,False,undetermined,-0.8247376275749545,6.879626135293655,1.2724204174935967,0.25,True,False,no population gap,single df,-0.1903945111492255,0.2629933085392905,inf,3.0274442538593505,1.5422882777520266,inf,-0.1354819532720506,8,0.00625,0.9875,not read,False
llama-3.3-70b-versatile | 0 | NA | all-at-once | none,bjw_score | sex,bjw_score,sex,False,85,62,23,1.0,False,llama-3.3-70b-versatile,0.0,,all-at-once,none,0.1459694989106773,,,True,False,undetermined,-3.4784932878944645,2.190975756337663,4.403411142197722,0.25,True,False,no population gap,single df,-0.0939691444600292,0.1598182898645053,inf,-0.6437587657784007,1.134935462177802,inf,-0.05734440453697,8,0.00625,0.9875,not read,False
llama-3.3-70b-versatile | 0 | NA | all-at-once | none,bjw_score | education,bjw_score,education,False,85,41,44,1.0,False,llama-3.3-70b-versatile,0.0,,all-at-once,none,-0.0865449628127105,,,True,False,undetermined,-3.51943020478364,1.8797406260696696,3.2928006013723343,0.25,True,False,no population gap,single df,0.0709534368070947,0.157187830456176,inf,-0.8198447893569849,1.080826157526246,inf,-0.0377416344548413,8,0.00625,0.9875,not read,False
llama-3.3-70b-versatile | 0 | NA | all-at-once | none,bjw_score | age,bjw_score,age,False,85,39,46,1.0,False,llama-3.3-70b-versatile,0.0,,all-at-once,none,-0.1962785114045644,,,True,False,undetermined,-3.6131660383299007,1.7558639201582196,2.89076823095069,0.25,True,False,no population gap,single df,0.182274247491641,0.1550600472217574,inf,-0.9286510590858406,1.0747924452612447,inf,-0.0349394241509399,8,0.00625,0.9875,not read,False
llama-3.3-70b-versatile | 0 | NA | all-at-once | none,gut_diff | political_identity,gut_diff,political_identity,False,85,11,53,1.0,False,llama-3.3-70b-versatile,0.0,,all-at-once,none,-0.0300230946882216,,,True,False,undetermined,-1.0461630573376757,2.5315832974748966,2.4085752019119284,0.25,True,False,no population gap,single df,-0.0222984562607203,0.1055717501262808,inf,0.7427101200686106,0.7162066114260104,inf,0.0066640113597075,8,0.00625,0.9875,not read,False
llama-3.3-70b-versatile | 0 | NA | all-at-once | none,gut_diff | sex,gut_diff,sex,False,85,62,23,1.0,False,llama-3.3-70b-versatile,0.0,,all-at-once,none,-0.3696275071633232,,,True,False,undetermined,-1.5139845768883289,1.024503510969675,5.186080248260046,0.25,True,False,no population gap,single df,0.0904628330995791,0.0822130317360264,inf,-0.2447405329593268,0.5081640147867098,inf,-0.0057082107463891,8,0.00625,0.9875,not read,False
llama-3.3-70b-versatile | 0 | NA | all-at-once | none,gut_diff | education,gut_diff,education,False,85,41,44,1.0,False,llama-3.3-70b-versatile,0.0,,all-at-once,none,0.7473118279569892,,,True,False,undetermined,-1.2216746800862492,0.8092578286450074,4.924465384074174,0.25,True,False,no population gap,single df,-0.1541019955654102,0.0890617566029747,inf,-0.2062084257206209,0.4065596456151067,inf,-0.000566025516824,8,0.00625,0.9875,not read,False
llama-3.3-70b-versatile | 0 | NA | all-at-once | none,gut_diff | age,gut_diff,age,False,85,39,46,1.0,False,llama-3.3-70b-versatile,0.0,,all-at-once,none,0.1553030303030303,,,True,False,undetermined,-1.2987750953461776,0.7101463328043716,3.412883562596672,0.25,True,False,no population gap,single df,-0.0457079152731326,0.0904380997768549,inf,-0.294314381270903,0.4021533853962044,inf,-0.0031198354717242,8,0.00625,0.9875,not read,False
llama-3.3-70b-versatile | 0 | NA | item-by-item | extensive,bjw_score | political_identity,bjw_score,political_identity,True,85,11,53,1.0,False,llama-3.3-70b-versatile,0.0,,item-by-item,extensive,0.7048158640226622,,,True,False,undetermined,-0.8247376275749545,6.879626135293655,1.2724204174935967,0.25,True,False,no population gap,single df,2.133790737564322,0.7238539269830031,inf,3.0274442538593505,1.5422882777520266,inf,0.0207334282313347,8,0.00625,0.9875,not read,False
llama-3.3-70b-versatile | 0 | NA | item-by-item | extensive,bjw_score | sex,bjw_score,sex,True,85,62,23,1.0,False,llama-3.3-70b-versatile,0.0,,item-by-item,extensive,0.7962962962962996,,,True,False,undetermined,-3.4784932878944645,2.190975756337663,4.403411142197722,0.25,True,False,no population gap,single df,-0.5126227208976175,0.5166555402473653,inf,-0.6437587657784007,1.134935462177802,inf,-0.024972840049174,8,0.00625,0.9875,not read,False
llama-3.3-70b-versatile | 0 | NA | item-by-item | extensive,bjw_score | education,bjw_score,education,True,85,41,44,1.0,False,llama-3.3-70b-versatile,0.0,,item-by-item,extensive,0.5632183908045965,,,True,False,undetermined,-3.51943020478364,1.8797406260696696,3.2928006013723343,0.25,True,False,no population gap,single df,-0.4617516629711744,0.5676715365411156,inf,-0.8198447893569849,1.080826157526246,inf,0.1421720746932836,8,0.00625,0.9875,not read,False
llama-3.3-70b-versatile | 0 | NA | item-by-item | extensive,bjw_score | age,bjw_score,age,True,85,39,46,1.0,False,llama-3.3-70b-versatile,0.0,,item-by-item,extensive,-0.1428571428571428,,,True,False,undetermined,-3.6131660383299007,1.7558639201582196,2.89076823095069,0.25,True,False,no population gap,single df,0.1326644370122629,0.5642339450029532,inf,-0.9286510590858406,1.0747924452612447,inf,0.1051119810624801,8,0.00625,0.9875,not read,False
llama-3.3-70b-versatile | 0 | NA | item-by-item | extensive,gut_diff | political_identity,gut_diff,political_identity,True,85,11,53,1.0,False,llama-3.3-70b-versatile,0.0,,item-by-item,extensive,1.25635103926097,,,True,False,undetermined,-1.0461630573376757,2.5315832974748966,2.4085752019119284,0.25,True,False,no population gap,single df,0.9331046312178388,0.3108110041980024,inf,0.7427101200686106,0.7162066114260104,inf,0.0688100277205341,8,0.00625,0.9875,not read,False
llama-3.3-70b-versatile | 0 | NA | item-by-item | extensive,gut_diff | sex,gut_diff,sex,True,85,62,23,1.0,False,llama-3.3-70b-versatile,0.0,,item-by-item,extensive,1.8080229226361024,,,True,False,undetermined,-1.5139845768883289,1.024503510969675,5.186080248260046,0.25,True,False,no population gap,single df,-0.4424964936886395,0.2466784601292582,inf,-0.2447405329593268,0.5081640147867098,inf,0.0294748157784544,8,0.00625,0.9875,not read,False
llama-3.3-70b-versatile | 0 | NA | item-by-item | extensive,gut_diff | education,gut_diff,education,True,85,41,44,1.0,False,llama-3.3-70b-versatile,0.0,,item-by-item,extensive,-0.7983870967741934,,,True,False,undetermined,-1.2216746800862492,0.8092578286450074,4.924465384074174,0.25,True,False,no population gap,single df,0.1646341463414634,0.2726955308891632,inf,-0.2062084257206209,0.4065596456151067,inf,0.0138726452834246,8,0.00625,0.9875,not read,False
llama-3.3-70b-versatile | 0 | NA | item-by-item | extensive,gut_diff | age,gut_diff,age,True,85,39,46,1.0,False,llama-3.3-70b-versatile,0.0,,item-by-item,extensive,-0.6685606060606062,,,True,False,undetermined,-1.2987750953461776,0.7101463328043716,3.412883562596672,0.25,True,False,no population gap,single df,0.1967670011148272,0.2699614557145202,inf,-0.294314381270903,0.4021533853962044,inf,0.0129726497447321,8,0.00625,0.9875,not read,False
llama-3.3-70b-versatile | 0 | NA | item-by-item | minimal,bjw_score | political_identity,bjw_score,political_identity,False,85,11,53,1.0,False,llama-3.3-70b-versatile,0.0,,item-by-item,minimal,0.0,,,True,False,undetermined,-0.8247376275749545,6.879626135293655,1.2724204174935967,0.25,True,False,no population gap,single df,0.0,0.1645218579122749,inf,3.0274442538593505,1.5422882777520266,inf,-0.0969694347347251,8,0.00625,0.9875,not read,False
llama-3.3-70b-versatile | 0 | NA | item-by-item | minimal,bjw_score | sex,bjw_score,sex,True,85,62,23,1.0,False,llama-3.3-70b-versatile,0.0,,item-by-item,minimal,-1.0359477124182983,,,True,False,undetermined,-3.4784932878944645,2.190975756337663,4.403411142197722,0.25,True,False,no population gap,single df,0.6669004207573614,0.1601570884355423,inf,-0.6437587657784007,1.134935462177802,inf,-0.0075080962027477,8,0.00625,0.9875,not read,False
llama-3.3-70b-versatile | 0 | NA | item-by-item | minimal,bjw_score | education,bjw_score,education,False,85,41,44,1.0,False,llama-3.3-70b-versatile,0.0,,item-by-item,minimal,-0.1981068289384693,,,True,False,undetermined,-3.51943020478364,1.8797406260696696,3.2928006013723343,0.25,True,False,no population gap,single df,0.1624168514412396,0.1226586463082563,inf,-0.8198447893569849,1.080826157526246,inf,-0.0104051982014136,8,0.00625,0.9875,not read,False
llama-3.3-70b-versatile | 0 | NA | item-by-item | minimal,bjw_score | age,bjw_score,age,True,85,39,46,1.0,False,llama-3.3-70b-versatile,0.0,,item-by-item,minimal,-0.0702280912364945,,,True,False,undetermined,-3.6131660383299007,1.7558639201582196,2.89076823095069,0.25,True,False,no population gap,single df,0.0652173913043476,0.1308007679427504,inf,-0.9286510590858406,1.0747924452612447,inf,-0.0173897167555406,8,0.00625,0.9875,not read,False
llama-3.3-70b-versatile | 0 | NA | item-by-item | minimal,gut_diff | political_identity,gut_diff,political_identity,False,85,11,53,1.0,False,llama-3.3-70b-versatile,0.0,,item-by-item,minimal,0.0,,,True,False,undetermined,-1.0461630573376757,2.5315832974748966,2.4085752019119284,0.25,True,False,no population gap,single df,0.0,0.0,inf,0.7427101200686106,0.7162066114260104,inf,0.0,8,0.00625,0.9875,not read,False
llama-3.3-70b-versatile | 0 | NA | item-by-item | minimal,gut_diff | sex,gut_diff,sex,True,85,62,23,1.0,False,llama-3.3-70b-versatile,0.0,,item-by-item,minimal,-0.0,,,True,False,undetermined,-1.5139845768883289,1.024503510969675,5.186080248260046,0.25,True,False,no population gap,single df,0.0,0.0,inf,-0.2447405329593268,0.5081640147867098,inf,0.0,8,0.00625,0.9875,not read,False
llama-3.3-70b-versatile | 0 | NA | item-by-item | minimal,gut_diff | education,gut_diff,education,False,85,41,44,1.0,False,llama-3.3-70b-versatile,0.0,,item-by-item,minimal,-0.0,,,True,False,undetermined,-1.2216746800862492,0.8092578286450074,4.924465384074174,0.25,True,False,no population gap,single df,0.0,0.0,inf,-0.2062084257206209,0.4065596456151067,inf,0.0,8,0.00625,0.9875,not read,False
llama-3.3-70b-versatile | 0 | NA | item-by-item | minimal,gut_diff | age,gut_diff,age,True,85,39,46,1.0,False,llama-3.3-70b-versatile,0.0,,item-by-item,minimal,-0.0,,,True,False,undetermined,-1.2987750953461776,0.7101463328043716,3.412883562596672,0.25,True,False,no population gap,single df,0.0,0.0,inf,-0.294314381270903,0.4021533853962044,inf,0.0,8,0.00625,0.9875,not read,False
llama-3.3-70b-versatile | 0 | NA | item-by-item | none,bjw_score | political_identity,bjw_score,political_identity,False,85,11,53,1.0,False,llama-3.3-70b-versatile,0.0,,item-by-item,none,0.0164305949008507,,,True,False,undetermined,-0.8247376275749545,6.879626135293655,1.2724204174935967,0.25,True,False,no population gap,single df,0.0497427101200713,0.1305362434528782,inf,3.0274442538593505,1.5422882777520266,inf,0.0632082251861453,8,0.00625,0.9875,not read,False
llama-3.3-70b-versatile | 0 | NA | item-by-item | none,bjw_score | sex,bjw_score,sex,False,85,62,23,1.0,False,llama-3.3-70b-versatile,0.0,,item-by-item,none,0.094771241830066,,,True,False,undetermined,-3.4784932878944645,2.190975756337663,4.403411142197722,0.25,True,False,no population gap,single df,-0.0610098176718096,0.0920411722973555,inf,-0.6437587657784007,1.134935462177802,inf,0.0151293946512646,8,0.00625,0.9875,not read,False
llama-3.3-70b-versatile | 0 | NA | item-by-item | none,bjw_score | education,bjw_score,education,False,85,41,44,1.0,False,llama-3.3-70b-versatile,0.0,,item-by-item,none,-0.0973630831643026,,,True,False,undetermined,-3.51943020478364,1.8797406260696696,3.2928006013723343,0.25,True,False,no population gap,single df,0.0798226164079842,0.0740069962656259,inf,-0.8198447893569849,1.080826157526246,inf,0.0108680475322132,8,0.00625,0.9875,not read,False
llama-3.3-70b-versatile | 0 | NA | item-by-item | none,bjw_score | age,bjw_score,age,False,85,39,46,1.0,False,llama-3.3-70b-versatile,0.0,,item-by-item,none,0.0024009603841538,,,True,False,undetermined,-3.6131660383299007,1.7558639201582196,2.89076823095069,0.25,True,False,no population gap,single df,-0.0022296544035675,0.0727264697622944,inf,-0.9286510590858406,1.0747924452612447,inf,0.0032149626393107,8,0.00625,0.9875,not read,False
llama-3.3-70b-versatile | 0 | NA | item-by-item | none,gut_diff | political_identity,gut_diff,political_identity,False,85,11,53,1.0,False,llama-3.3-70b-versatile,0.0,,item-by-item,none,0.0,,,True,False,undetermined,-1.0461630573376757,2.5315832974748966,2.4085752019119284,0.25,True,False,no population gap,single df,0.0,0.0,inf,0.7427101200686106,0.7162066114260104,inf,0.0,8,0.00625,0.9875,not read,False
llama-3.3-70b-versatile | 0 | NA | item-by-item | none,gut_diff | sex,gut_diff,sex,False,85,62,23,1.0,False,llama-3.3-70b-versatile,0.0,,item-by-item,none,-0.0,,,True,False,undetermined,-1.5139845768883289,1.024503510969675,5.186080248260046,0.25,True,False,no population gap,single df,0.0,0.0,inf,-0.2447405329593268,0.5081640147867098,inf,0.0,8,0.00625,0.9875,not read,False
llama-3.3-70b-versatile | 0 | NA | item-by-item | none,gut_diff | education,gut_diff,education,False,85,41,44,1.0,False,llama-3.3-70b-versatile,0.0,,item-by-item,none,-0.0,,,True,False,undetermined,-1.2216746800862492,0.8092578286450074,4.924465384074174,0.25,True,False,no population gap,single df,0.0,0.0,inf,-0.2062084257206209,0.4065596456151067,inf,0.0,8,0.00625,0.9875,not read,False
llama-3.3-70b-versatile | 0 | NA | item-by-item | none,gut_diff | age,gut_diff,age,False,85,39,46,1.0,False,llama-3.3-70b-versatile,0.0,,item-by-item,none,-0.0,,,True,False,undetermined,-1.2987750953461776,0.7101463328043716,3.412883562596672,0.25,True,False,no population gap,single df,0.0,0.0,inf,-0.294314381270903,0.4021533853962044,inf,0.0,8,0.00625,0.9875,not read,False
llama-3.3-70b-versatile | 0 | NA | scale-by-scale | extensive,bjw_score | political_identity,bjw_score,political_identity,True,85,11,53,1.0,False,llama-3.3-70b-versatile,0.0,,scale-by-scale,extensive,1.5376770538243614,,,True,False,undetermined,-0.8247376275749545,6.879626135293655,1.2724204174935967,0.25,True,False,no population gap,single df,4.655231560891938,0.7159535435549506,inf,3.0274442538593505,1.5422882777520266,inf,0.1233424779488791,8,0.00625,0.9875,not read,False
llama-3.3-70b-versatile | 0 | NA | scale-by-scale | extensive,bjw_score | sex,bjw_score,sex,True,85,62,23,1.0,False,llama-3.3-70b-versatile,0.0,,scale-by-scale,extensive,1.89106753812636,,,True,False,undetermined,-3.4784932878944645,2.190975756337663,4.403411142197722,0.25,True,False,no population gap,single df,-1.2173913043478244,0.7326891618017771,inf,-0.6437587657784007,1.134935462177802,inf,0.110608014667499,8,0.00625,0.9875,not read,False
llama-3.3-70b-versatile | 0 | NA | scale-by-scale | extensive,bjw_score | education,bjw_score,education,True,85,41,44,1.0,False,llama-3.3-70b-versatile,0.0,,scale-by-scale,extensive,1.4083840432724823,,,True,False,undetermined,-3.51943020478364,1.8797406260696696,3.2928006013723343,0.25,True,False,no population gap,single df,-1.154656319290467,0.8039451545767189,inf,-0.8198447893569849,1.080826157526246,inf,0.274436457293473,8,0.00625,0.9875,not read,False
llama-3.3-70b-versatile | 0 | NA | scale-by-scale | extensive,bjw_score | age,bjw_score,age,True,85,39,46,1.0,False,llama-3.3-70b-versatile,0.0,,scale-by-scale,extensive,0.0432172869147688,,,True,False,undetermined,-3.6131660383299007,1.7558639201582196,2.89076823095069,0.25,True,False,no population gap,single df,-0.0401337792642166,0.8180907679297583,inf,-0.9286510590858406,1.0747924452612447,inf,0.2657235940558875,8,0.00625,0.9875,not read,False
llama-3.3-70b-versatile | 0 | NA | scale-by-scale | extensive,gut_diff | political_identity,gut_diff,political_identity,True,85,11,53,1.0,False,llama-3.3-70b-versatile,0.0,,scale-by-scale,extensive,3.826789838337183,,,True,False,kept or steepened,-1.0461630573376757,2.5315832974748966,2.4085752019119284,0.25,True,False,no population gap,single df,2.842195540308748,0.4361236375076267,inf,0.7427101200686106,0.7162066114260104,inf,0.1333997308045128,8,0.00625,0.9875,not read,False
llama-3.3-70b-versatile | 0 | NA | scale-by-scale | extensive,gut_diff | sex,gut_diff,sex,True,85,62,23,1.0,False,llama-3.3-70b-versatile,0.0,,scale-by-scale,extensive,2.429799426934097,,,True,False,undetermined,-1.5139845768883289,1.024503510969675,5.186080248260046,0.25,True,False,no population gap,single df,-0.5946704067321178,0.3081126456697514,inf,-0.2447405329593268,0.5081640147867098,inf,0.0224001556736569,8,0.00625,0.9875,not read,False
llama-3.3-70b-versatile | 0 | NA | scale-by-scale | extensive,gut_diff | education,gut_diff,education,True,85,41,44,1.0,False,llama-3.3-70b-versatile,0.0,,scale-by-scale,extensive,0.844086021505376,,,True,False,undetermined,-1.2216746800862492,0.8092578286450074,4.924465384074174,0.25,True,False,no population gap,single df,-0.1740576496674057,0.3239399606524154,inf,-0.2062084257206209,0.4065596456151067,inf,0.0289109853417664,8,0.00625,0.9875,not read,False
llama-3.3-70b-versatile | 0 | NA | scale-by-scale | extensive,gut_diff | age,gut_diff,age,True,85,39,46,1.0,False,llama-3.3-70b-versatile,0.0,,scale-by-scale,extensive,-0.1685606060606058,,,True,False,undetermined,-1.2987750953461776,0.7101463328043716,3.412883562596672,0.25,True,False,no population gap,single df,0.0496098104793756,0.3200419498845291,inf,-0.294314381270903,0.4021533853962044,inf,0.0263882728455507,8,0.00625,0.9875,not read,False
llama-3.3-70b-versatile | 0 | NA | scale-by-scale | minimal,bjw_score | political_identity,bjw_score,political_identity,False,85,11,53,1.0,False,llama-3.3-70b-versatile,0.0,,scale-by-scale,minimal,0.0090651558073661,,,True,False,undetermined,-0.8247376275749545,6.879626135293655,1.2724204174935967,0.25,True,False,no population gap,single df,0.0274442538593504,0.1524210774378322,inf,3.0274442538593505,1.5422882777520266,inf,-0.074790586000629,8,0.00625,0.9875,not read,False
llama-3.3-70b-versatile | 0 | NA | scale-by-scale | minimal,bjw_score | sex,bjw_score,sex,True,85,62,23,1.0,False,llama-3.3-70b-versatile,0.0,,scale-by-scale,minimal,1.165577342047935,,,True,False,undetermined,-3.4784932878944645,2.190975756337663,4.403411142197722,0.25,True,False,no population gap,single df,-0.7503506311360475,0.0917715141591209,inf,-0.6437587657784007,1.134935462177802,inf,-0.0213672818921768,8,0.00625,0.9875,not read,False
llama-3.3-70b-versatile | 0 | NA | scale-by-scale | minimal,bjw_score | education,bjw_score,education,False,85,41,44,1.0,False,llama-3.3-70b-versatile,0.0,,scale-by-scale,minimal,-0.020283975659228,,,True,False,undetermined,-3.51943020478364,1.8797406260696696,3.2928006013723343,0.25,True,False,no population gap,single df,0.016629711751662,0.0903826284912899,inf,-0.8198447893569849,1.080826157526246,inf,-0.001230242091541,8,0.00625,0.9875,not read,False
llama-3.3-70b-versatile | 0 | NA | scale-by-scale | minimal,bjw_score | age,bjw_score,age,True,85,39,46,1.0,False,llama-3.3-70b-versatile,0.0,,scale-by-scale,minimal,-0.2460984393757495,,,True,False,undetermined,-3.6131660383299007,1.7558639201582196,2.89076823095069,0.25,True,False,no population gap,single df,0.2285395763656623,0.0933993070928231,inf,-0.9286510590858406,1.0747924452612447,inf,0.0027078122050702,8,0.00625,0.9875,not read,False
llama-3.3-70b-versatile | 0 | NA | scale-by-scale | minimal,gut_diff | political_identity,gut_diff,political_identity,False,85,11,53,1.0,False,llama-3.3-70b-versatile,0.0,,scale-by-scale,minimal,-0.0739030023094687,,,True,False,undetermined,-1.0461630573376757,2.5315832974748966,2.4085752019119284,0.25,True,False,no population gap,single df,-0.0548885077186963,0.1926622740072043,inf,0.7427101200686106,0.7162066114260104,inf,0.0081420867060042,8,0.00625,0.9875,not read,False
llama-3.3-70b-versatile | 0 | NA | scale-by-scale | minimal,gut_diff | sex,gut_diff,sex,True,85,62,23,1.0,False,llama-3.3-70b-versatile,0.0,,scale-by-scale,minimal,3.7621776504297983,,,True,False,undetermined,-1.5139845768883289,1.024503510969675,5.186080248260046,0.25,True,False,no population gap,single df,-0.9207573632538568,0.1497832012052792,inf,-0.2447405329593268,0.5081640147867098,inf,-0.0096740542245447,8,0.00625,0.9875,not read,False
llama-3.3-70b-versatile | 0 | NA | scale-by-scale | minimal,gut_diff | education,gut_diff,education,False,85,41,44,1.0,False,llama-3.3-70b-versatile,0.0,,scale-by-scale,minimal,-0.7284946236559137,,,True,False,undetermined,-1.2216746800862492,0.8092578286450074,4.924465384074174,0.25,True,False,no population gap,single df,0.1502217294900221,0.1610424138788475,inf,-0.2062084257206209,0.4065596456151067,inf,0.0026139950612333,8,0.00625,0.9875,not read,False
llama-3.3-70b-versatile | 0 | NA | scale-by-scale | minimal,gut_diff | age,gut_diff,age,True,85,39,46,1.0,False,llama-3.3-70b-versatile,0.0,,scale-by-scale,minimal,-1.7878787878787878,,,True,False,undetermined,-1.2987750953461776,0.7101463328043716,3.412883562596672,0.25,True,False,no population gap,single df,0.5261984392419176,0.1596742279717237,inf,-0.294314381270903,0.4021533853962044,inf,0.0047993497763944,8,0.00625,0.9875,not read,False
llama-3.3-70b-versatile | 0 | NA | scale-by-scale | none,bjw_score | political_identity,bjw_score,political_identity,False,85,11,53,1.0,False,llama-3.3-70b-versatile,0.0,,scale-by-scale,none,0.0,,,True,False,undetermined,-0.8247376275749545,6.879626135293655,1.2724204174935967,0.25,True,False,no population gap,single df,0.0,0.0,inf,3.0274442538593505,1.5422882777520266,inf,0.0,8,0.00625,0.9875,not read,False
llama-3.3-70b-versatile | 0 | NA | scale-by-scale | none,bjw_score | sex,bjw_score,sex,False,85,62,23,1.0,False,llama-3.3-70b-versatile,0.0,,scale-by-scale,none,-0.0,,,True,False,undetermined,-3.4784932878944645,2.190975756337663,4.403411142197722,0.25,True,False,no population gap,single df,0.0,0.0,inf,-0.6437587657784007,1.134935462177802,inf,0.0,8,0.00625,0.9875,not read,False
llama-3.3-70b-versatile | 0 | NA | scale-by-scale | none,bjw_score | education,bjw_score,education,False,85,41,44,1.0,False,llama-3.3-70b-versatile,0.0,,scale-by-scale,none,-0.0,,,True,False,undetermined,-3.51943020478364,1.8797406260696696,3.2928006013723343,0.25,True,False,no population gap,single df,0.0,0.0,inf,-0.8198447893569849,1.080826157526246,inf,0.0,8,0.00625,0.9875,not read,False
llama-3.3-70b-versatile | 0 | NA | scale-by-scale | none,bjw_score | age,bjw_score,age,False,85,39,46,1.0,False,llama-3.3-70b-versatile,0.0,,scale-by-scale,none,-0.0,,,True,False,undetermined,-3.6131660383299007,1.7558639201582196,2.89076823095069,0.25,True,False,no population gap,single df,0.0,0.0,inf,-0.9286510590858406,1.0747924452612447,inf,0.0,8,0.00625,0.9875,not read,False
llama-3.3-70b-versatile | 0 | NA | scale-by-scale | none,gut_diff | political_identity,gut_diff,political_identity,False,85,11,53,1.0,False,llama-3.3-70b-versatile,0.0,,scale-by-scale,none,0.0,,,True,False,undetermined,-1.0461630573376757,2.5315832974748966,2.4085752019119284,0.25,True,False,no population gap,single df,0.0,0.0,inf,0.7427101200686106,0.7162066114260104,inf,0.0,8,0.00625,0.9875,not read,False
llama-3.3-70b-versatile | 0 | NA | scale-by-scale | none,gut_diff | sex,gut_diff,sex,False,85,62,23,1.0,False,llama-3.3-70b-versatile,0.0,,scale-by-scale,none,-0.0,,,True,False,undetermined,-1.5139845768883289,1.024503510969675,5.186080248260046,0.25,True,False,no population gap,single df,0.0,0.0,inf,-0.2447405329593268,0.5081640147867098,inf,0.0,8,0.00625,0.9875,not read,False
llama-3.3-70b-versatile | 0 | NA | scale-by-scale | none,gut_diff | education,gut_diff,education,False,85,41,44,1.0,False,llama-3.3-70b-versatile,0.0,,scale-by-scale,none,-0.0,,,True,False,undetermined,-1.2216746800862492,0.8092578286450074,4.924465384074174,0.25,True,False,no population gap,single df,0.0,0.0,inf,-0.2062084257206209,0.4065596456151067,inf,0.0,8,0.00625,0.9875,not read,False
llama-3.3-70b-versatile | 0 | NA | scale-by-scale | none,gut_diff | age,gut_diff,age,False,85,39,46,1.0,False,llama-3.3-70b-versatile,0.0,,scale-by-scale,none,-0.0,,,True,False,undetermined,-1.2987750953461776,0.7101463328043716,3.412883562596672,0.25,True,False,no population gap,single df,0.0,0.0,inf,-0.294314381270903,0.4021533853962044,inf,0.0,8,0.00625,0.9875,not read,False
llama-3.3-70b-versatile | 0.5 | NA | all-at-once | extensive,bjw_score | political_identity,bjw_score,political_identity,True,85,11,53,1.0,False,llama-3.3-70b-versatile,0.5,,all-at-once,extensive,0.6685552407932009,,,True,False,undetermined,-0.8247376275749545,6.879626135293655,1.2724204174935967,0.25,True,False,no population gap,single df,2.0240137221269308,0.1943340247102411,inf,3.0274442538593505,1.5422882777520266,inf,0.1048823797924455,8,0.00625,0.9875,not read,False
llama-3.3-70b-versatile | 0.5 | NA | all-at-once | extensive,bjw_score | sex,bjw_score,sex,True,85,62,23,1.0,False,llama-3.3-70b-versatile,0.5,,all-at-once,extensive,0.5936819172113326,,,True,False,undetermined,-3.4784932878944645,2.190975756337663,4.403411142197722,0.25,True,False,no population gap,single df,-0.3821879382889221,0.204231286451024,inf,-0.6437587657784007,1.134935462177802,inf,0.0690374745740029,8,0.00625,0.9875,not read,False
llama-3.3-70b-versatile | 0.5 | NA | all-at-once | extensive,bjw_score | education,bjw_score,education,True,85,41,44,1.0,False,llama-3.3-70b-versatile,0.5,,all-at-once,extensive,0.4800540906017544,,,True,False,undetermined,-3.51943020478364,1.8797406260696696,3.2928006013723343,0.25,True,False,no population gap,single df,-0.3935698447893543,0.2372114600659727,inf,-0.8198447893569849,1.080826157526246,inf,0.0735417356035926,8,0.00625,0.9875,not read,False
llama-3.3-70b-versatile | 0.5 | NA | all-at-once | extensive,bjw_score | age,bjw_score,age,True,85,39,46,1.0,False,llama-3.3-70b-versatile,0.5,,all-at-once,extensive,0.1440576230492178,,,True,False,undetermined,-3.6131660383299007,1.7558639201582196,2.89076823095069,0.25,True,False,no population gap,single df,-0.1337792642140449,0.2355076287031738,inf,-0.9286510590858406,1.0747924452612447,inf,0.0718352855396382,8,0.00625,0.9875,not read,False
llama-3.3-70b-versatile | 0.5 | NA | all-at-once | extensive,gut_diff | political_identity,gut_diff,political_identity,True,85,11,53,1.0,False,llama-3.3-70b-versatile,0.5,,all-at-once,extensive,3.5334872979214778,,,True,False,kept or steepened,-1.0461630573376757,2.5315832974748966,2.4085752019119284,0.25,True,False,no population gap,single df,2.624356775300172,0.2653673918851866,inf,0.7427101200686106,0.7162066114260104,inf,0.0352762776715383,8,0.00625,0.9875,not read,False
llama-3.3-70b-versatile | 0.5 | NA | all-at-once | extensive,gut_diff | sex,gut_diff,sex,True,85,62,23,1.0,False,llama-3.3-70b-versatile,0.5,,all-at-once,extensive,0.8080229226361025,,,True,False,undetermined,-1.5139845768883289,1.024503510969675,5.186080248260046,0.25,True,False,no population gap,single df,-0.1977559607293126,0.2286121401271443,inf,-0.2447405329593268,0.5081640147867098,inf,0.0035390927471361,8,0.00625,0.9875,not read,False
llama-3.3-70b-versatile | 0.5 | NA | all-at-once | extensive,gut_diff | education,gut_diff,education,True,85,41,44,1.0,False,llama-3.3-70b-versatile,0.5,,all-at-once,extensive,-0.4274193548387095,,,True,False,undetermined,-1.2216746800862492,0.8092578286450074,4.924465384074174,0.25,True,False,no population gap,single df,0.0881374722838137,0.235557281322862,inf,-0.2062084257206209,0.4065596456151067,inf,0.0125277736792097,8,0.00625,0.9875,not read,False
llama-3.3-70b-versatile | 0.5 | NA | all-at-once | extensive,gut_diff | age,gut_diff,age,True,85,39,46,1.0,False,llama-3.3-70b-versatile,0.5,,all-at-once,extensive,-0.0587121212121212,,,True,False,undetermined,-1.2987750953461776,0.7101463328043716,3.412883562596672,0.25,True,False,no population gap,single df,0.0172798216276477,0.2354437234302196,inf,-0.294314381270903,0.4021533853962044,inf,0.0095194715671186,8,0.00625,0.9875,not read,False
llama-3.3-70b-versatile | 0.5 | NA | all-at-once | minimal,bjw_score | political_identity,bjw_score,political_identity,False,85,11,53,1.0,False,llama-3.3-70b-versatile,0.5,,all-at-once,minimal,0.0674220963172799,,,True,False,undetermined,-0.8247376275749545,6.879626135293655,1.2724204174935967,0.25,True,False,no population gap,single df,0.2041166380789008,0.2827320680972915,inf,3.0274442538593505,1.5422882777520266,inf,-0.1013082921168991,8,0.00625,0.9875,not read,False
llama-3.3-70b-versatile | 0.5 | NA | all-at-once | minimal,bjw_score | sex,bjw_score,sex,True,85,62,23,1.0,False,llama-3.3-70b-versatile,0.5,,all-at-once,minimal,1.2941176470588271,,,True,False,undetermined,-3.4784932878944645,2.190975756337663,4.403411142197722,0.25,True,False,no population gap,single df,-0.8330995792426386,0.2106040190264038,inf,-0.6437587657784007,1.134935462177802,inf,-0.0190795146429136,8,0.00625,0.9875,not read,False
llama-3.3-70b-versatile | 0.5 | NA | all-at-once | minimal,bjw_score | education,bjw_score,education,False,85,41,44,1.0,False,llama-3.3-70b-versatile,0.5,,all-at-once,minimal,-0.0750507099391491,,,True,False,undetermined,-3.51943020478364,1.8797406260696696,3.2928006013723343,0.25,True,False,no population gap,single df,0.0615299334811538,0.2167683927329889,inf,-0.8198447893569849,1.080826157526246,inf,-0.0038512638641746,8,0.00625,0.9875,not read,False
llama-3.3-70b-versatile | 0.5 | NA | all-at-once | minimal,bjw_score | age,bjw_score,age,True,85,39,46,1.0,False,llama-3.3-70b-versatile,0.5,,all-at-once,minimal,-0.4615846338535407,,,True,False,undetermined,-3.6131660383299007,1.7558639201582196,2.89076823095069,0.25,True,False,no population gap,single df,0.4286510590858405,0.2028366294444842,inf,-0.9286510590858406,1.0747924452612447,inf,-0.0071127436963387,8,0.00625,0.9875,not read,False
llama-3.3-70b-versatile | 0.5 | NA | all-at-once | minimal,gut_diff | political_identity,gut_diff,political_identity,False,85,11,53,1.0,False,llama-3.3-70b-versatile,0.5,,all-at-once,minimal,-0.0046189376443418,,,True,False,undetermined,-1.0461630573376757,2.5315832974748966,2.4085752019119284,0.25,True,False,no population gap,single df,-0.0034305317324185,0.4409015427800093,inf,0.7427101200686106,0.7162066114260104,inf,-0.0264652842258625,8,0.00625,0.9875,not read,False
llama-3.3-70b-versatile | 0.5 | NA | all-at-once | minimal,gut_diff | sex,gut_diff,sex,True,85,62,23,1.0,False,llama-3.3-70b-versatile,0.5,,all-at-once,minimal,5.759312320916903,,,True,False,kept or steepened,-1.5139845768883289,1.024503510969675,5.186080248260046,0.25,True,False,no population gap,single df,-1.4095371669004206,0.2067274219498555,inf,-0.2447405329593268,0.5081640147867098,inf,-0.0215236827495035,8,0.00625,0.9875,not read,False
llama-3.3-70b-versatile | 0.5 | NA | all-at-once | minimal,gut_diff | education,gut_diff,education,False,85,41,44,1.0,False,llama-3.3-70b-versatile,0.5,,all-at-once,minimal,0.0940860215053762,,,True,False,undetermined,-1.2216746800862492,0.8092578286450074,4.924465384074174,0.25,True,False,no population gap,single df,-0.0194013303769401,0.2493168474528898,inf,-0.2062084257206209,0.4065596456151067,inf,-0.0032980061873048,8,0.00625,0.9875,not read,False
llama-3.3-70b-versatile | 0.5 | NA | all-at-once | minimal,gut_diff | age,gut_diff,age,True,85,39,46,1.0,False,llama-3.3-70b-versatile,0.5,,all-at-once,minimal,-3.011363636363636,,,True,False,reversed or missing,-1.2987750953461776,0.7101463328043716,3.412883562596672,0.25,True,False,no population gap,single df,0.8862876254180602,0.2372912509406492,inf,-0.294314381270903,0.4021533853962044,inf,-0.0021364624984213,8,0.00625,0.9875,not read,False
llama-3.3-70b-versatile | 0.5 | NA | all-at-once | none,bjw_score | political_identity,bjw_score,political_identity,False,85,11,53,1.0,False,llama-3.3-70b-versatile,0.5,,all-at-once,none,0.1082152974504242,,,True,False,undetermined,-0.8247376275749545,6.879626135293655,1.2724204174935967,0.25,True,False,no population gap,single df,0.3276157804459672,0.271133789339832,inf,3.0274442538593505,1.5422882777520266,inf,-0.0048147650869161,8,0.00625,0.9875,not read,False
llama-3.3-70b-versatile | 0.5 | NA | all-at-once | none,bjw_score | sex,bjw_score,sex,False,85,62,23,1.0,False,llama-3.3-70b-versatile,0.5,,all-at-once,none,-0.2342047930283204,,,True,False,undetermined,-3.4784932878944645,2.190975756337663,4.403411142197722,0.25,True,False,no population gap,single df,0.1507713884992974,0.2034967536264313,inf,-0.6437587657784007,1.134935462177802,inf,0.0052670692807631,8,0.00625,0.9875,not read,False
llama-3.3-70b-versatile | 0.5 | NA | all-at-once | none,bjw_score | education,bjw_score,education,False,85,41,44,1.0,False,llama-3.3-70b-versatile,0.5,,all-at-once,none,0.064232589587557,,,True,False,undetermined,-3.51943020478364,1.8797406260696696,3.2928006013723343,0.25,True,False,no population gap,single df,-0.0526607538802643,0.2050750506154758,inf,-0.8198447893569849,1.080826157526246,inf,-0.0140189198297456,8,0.00625,0.9875,not read,False
llama-3.3-70b-versatile | 0.5 | NA | all-at-once | none,bjw_score | age,bjw_score,age,False,85,39,46,1.0,False,llama-3.3-70b-versatile,0.5,,all-at-once,none,0.0990396158463365,,,True,False,undetermined,-3.6131660383299007,1.7558639201582196,2.89076823095069,0.25,True,False,no population gap,single df,-0.0919732441471552,0.1983492072266321,inf,-0.9286510590858406,1.0747924452612447,inf,-0.0157708658535322,8,0.00625,0.9875,not read,False
llama-3.3-70b-versatile | 0.5 | NA | all-at-once | none,gut_diff | political_identity,gut_diff,political_identity,False,85,11,53,1.0,False,llama-3.3-70b-versatile,0.5,,all-at-once,none,0.1547344110854503,,,True,False,undetermined,-1.0461630573376757,2.5315832974748966,2.4085752019119284,0.25,True,False,no population gap,single df,0.1149228130360205,0.2651755770429883,inf,0.7427101200686106,0.7162066114260104,inf,0.0030202034011042,8,0.00625,0.9875,not read,False
llama-3.3-70b-versatile | 0.5 | NA | all-at-once | none,gut_diff | sex,gut_diff,sex,False,85,62,23,1.0,False,llama-3.3-70b-versatile,0.5,,all-at-once,none,-0.6275071633237822,,,True,False,undetermined,-1.5139845768883289,1.024503510969675,5.186080248260046,0.25,True,False,no population gap,single df,0.1535764375876578,0.1401165339688937,inf,-0.2447405329593268,0.5081640147867098,inf,0.0042100551385044,8,0.00625,0.9875,not read,False
llama-3.3-70b-versatile | 0.5 | NA | all-at-once | none,gut_diff | education,gut_diff,education,False,85,41,44,1.0,False,llama-3.3-70b-versatile,0.5,,all-at-once,none,-0.7983870967741934,,,True,False,undetermined,-1.2216746800862492,0.8092578286450074,4.924465384074174,0.25,True,False,no population gap,single df,0.1646341463414634,0.1421400923692555,inf,-0.2062084257206209,0.4065596456151067,inf,0.0105825255917667,8,0.00625,0.9875,not read,False
llama-3.3-70b-versatile | 0.5 | NA | all-at-once | none,gut_diff | age,gut_diff,age,False,85,39,46,1.0,False,llama-3.3-70b-versatile,0.5,,all-at-once,none,0.7803030303030302,,,True,False,undetermined,-1.2987750953461776,0.7101463328043716,3.412883562596672,0.25,True,False,no population gap,single df,-0.229654403567447,0.1361215096430311,inf,-0.294314381270903,0.4021533853962044,inf,0.0091624307246165,8,0.00625,0.9875,not read,False
llama-3.3-70b-versatile | 0.5 | NA | item-by-item | extensive,bjw_score | political_identity,bjw_score,political_identity,True,85,11,53,1.0,False,llama-3.3-70b-versatile,0.5,,item-by-item,extensive,0.7711048158640222,,,True,False,undetermined,-0.8247376275749545,6.879626135293655,1.2724204174935967,0.25,True,False,no population gap,single df,2.3344768439108066,0.7056907297477598,inf,3.0274442538593505,1.5422882777520266,inf,-0.0507453347164735,8,0.00625,0.9875,not read,False
llama-3.3-70b-versatile | 0.5 | NA | item-by-item | extensive,bjw_score | sex,bjw_score,sex,True,85,62,23,1.0,False,llama-3.3-70b-versatile,0.5,,item-by-item,extensive,0.9313725490196092,,,True,False,undetermined,-3.4784932878944645,2.190975756337663,4.403411142197722,0.25,True,False,no population gap,single df,-0.5995792426367466,0.5178677148205832,inf,-0.6437587657784007,1.134935462177802,inf,-0.0129333842671636,8,0.00625,0.9875,not read,False
llama-3.3-70b-versatile | 0.5 | NA | item-by-item | extensive,bjw_score | education,bjw_score,education,True,85,41,44,1.0,False,llama-3.3-70b-versatile,0.5,,item-by-item,extensive,0.4462474645030438,,,True,False,undetermined,-3.51943020478364,1.8797406260696696,3.2928006013723343,0.25,True,False,no population gap,single df,-0.3658536585365866,0.5621505393688645,inf,-0.8198447893569849,1.080826157526246,inf,0.13557007922984,8,0.00625,0.9875,not read,False
llama-3.3-70b-versatile | 0.5 | NA | item-by-item | extensive,bjw_score | age,bjw_score,age,True,85,39,46,1.0,False,llama-3.3-70b-versatile,0.5,,item-by-item,extensive,-0.3001200480192086,,,True,False,undetermined,-3.6131660383299007,1.7558639201582196,2.89076823095069,0.25,True,False,no population gap,single df,0.2787068004459314,0.5577607229577891,inf,-0.9286510590858406,1.0747924452612447,inf,0.1016147821917717,8,0.00625,0.9875,not read,False
llama-3.3-70b-versatile | 0.5 | NA | item-by-item | extensive,gut_diff | political_identity,gut_diff,political_identity,True,85,11,53,1.0,False,llama-3.3-70b-versatile,0.5,,item-by-item,extensive,1.648960739030023,,,True,False,undetermined,-1.0461630573376757,2.5315832974748966,2.4085752019119284,0.25,True,False,no population gap,single df,1.2246998284734132,0.3964817760050144,inf,0.7427101200686106,0.7162066114260104,inf,0.0839352644815957,8,0.00625,0.9875,not read,False
llama-3.3-70b-versatile | 0.5 | NA | item-by-item | extensive,gut_diff | sex,gut_diff,sex,True,85,62,23,1.0,False,llama-3.3-70b-versatile,0.5,,item-by-item,extensive,1.8939828080229224,,,True,False,undetermined,-1.5139845768883289,1.024503510969675,5.186080248260046,0.25,True,False,no population gap,single df,-0.4635343618513324,0.2606123332015718,inf,-0.2447405329593268,0.5081640147867098,inf,0.0310991566852764,8,0.00625,0.9875,not read,False
llama-3.3-70b-versatile | 0.5 | NA | item-by-item | extensive,gut_diff | education,gut_diff,education,True,85,41,44,1.0,False,llama-3.3-70b-versatile,0.5,,item-by-item,extensive,-1.1209677419354835,,,True,False,undetermined,-1.2216746800862492,0.8092578286450074,4.924465384074174,0.25,True,False,no population gap,single df,0.2311529933481153,0.3017091250505208,inf,-0.2062084257206209,0.4065596456151067,inf,0.0147001203311437,8,0.00625,0.9875,not read,False
llama-3.3-70b-versatile | 0.5 | NA | item-by-item | extensive,gut_diff | age,gut_diff,age,True,85,39,46,1.0,False,llama-3.3-70b-versatile,0.5,,item-by-item,extensive,-0.2329545454545456,,,True,False,undetermined,-1.2987750953461776,0.7101463328043716,3.412883562596672,0.25,True,False,no population gap,single df,0.068561872909699,0.2988088858843917,inf,-0.294314381270903,0.4021533853962044,inf,0.01215444711764,8,0.00625,0.9875,not read,False
llama-3.3-70b-versatile | 0.5 | NA | item-by-item | minimal,bjw_score | political_identity,bjw_score,political_identity,False,85,11,53,1.0,False,llama-3.3-70b-versatile,0.5,,item-by-item,minimal,-0.053824362606233,,,True,False,undetermined,-0.8247376275749545,6.879626135293655,1.2724204174935967,0.25,True,False,no population gap,single df,-0.1629502572898822,0.2072839387573514,inf,3.0274442538593505,1.5422882777520266,inf,-0.1281423061556807,8,0.00625,0.9875,not read,False
llama-3.3-70b-versatile | 0.5 | NA | item-by-item | minimal,bjw_score | sex,bjw_score,sex,True,85,62,23,1.0,False,llama-3.3-70b-versatile,0.5,,item-by-item,minimal,-1.1710239651416134,,,True,False,undetermined,-3.4784932878944645,2.190975756337663,4.403411142197722,0.25,True,False,no population gap,single df,0.753856942496494,0.155657344254443,inf,-0.6437587657784007,1.134935462177802,inf,-0.0182064360903356,8,0.00625,0.9875,not read,False
llama-3.3-70b-versatile | 0.5 | NA | item-by-item | minimal,bjw_score | education,bjw_score,education,False,85,41,44,1.0,False,llama-3.3-70b-versatile,0.5,,item-by-item,minimal,-0.253549695740364,,,True,False,undetermined,-3.51943020478364,1.8797406260696696,3.2928006013723343,0.25,True,False,no population gap,single df,0.2078713968957863,0.1280368800301484,inf,-0.8198447893569849,1.080826157526246,inf,-0.0121419185135794,8,0.00625,0.9875,not read,False
llama-3.3-70b-versatile | 0.5 | NA | item-by-item | minimal,bjw_score | age,bjw_score,age,True,85,39,46,1.0,False,llama-3.3-70b-versatile,0.5,,item-by-item,minimal,-0.168067226890756,,,True,False,undetermined,-3.6131660383299007,1.7558639201582196,2.89076823095069,0.25,True,False,no population gap,single df,0.1560758082497209,0.1337182361540022,inf,-0.9286510590858406,1.0747924452612447,inf,-0.0115650282412878,8,0.00625,0.9875,not read,False
llama-3.3-70b-versatile | 0.5 | NA | item-by-item | minimal,gut_diff | political_identity,gut_diff,political_identity,False,85,11,53,1.0,False,llama-3.3-70b-versatile,0.5,,item-by-item,minimal,0.0254041570438799,,,True,False,undetermined,-1.0461630573376757,2.5315832974748966,2.4085752019119284,0.25,True,False,no population gap,single df,0.0188679245283018,0.0188900050009422,inf,0.7427101200686106,0.7162066114260104,inf,0.0003117254913259,8,0.00625,0.9875,not read,False
llama-3.3-70b-versatile | 0.5 | NA | item-by-item | minimal,gut_diff | sex,gut_diff,sex,True,85,62,23,1.0,False,llama-3.3-70b-versatile,0.5,,item-by-item,minimal,-0.1776504297994268,,,True,False,undetermined,-1.5139845768883289,1.024503510969675,5.186080248260046,0.25,True,False,no population gap,single df,0.0434782608695652,0.0429322437971775,inf,-0.2447405329593268,0.5081640147867098,inf,0.0019696921672001,8,0.00625,0.9875,not read,False
llama-3.3-70b-versatile | 0.5 | NA | item-by-item | minimal,gut_diff | education,gut_diff,education,False,85,41,44,1.0,False,llama-3.3-70b-versatile,0.5,,item-by-item,minimal,0.118279569892473,,,True,False,undetermined,-1.2216746800862492,0.8092578286450074,4.924465384074174,0.25,True,False,no population gap,single df,-0.024390243902439,0.0244458485020707,inf,-0.2062084257206209,0.4065596456151067,inf,0.0001443209925429,8,0.00625,0.9875,not read,False
llama-3.3-70b-versatile | 0.5 | NA | item-by-item | minimal,gut_diff | age,gut_diff,age,True,85,39,46,1.0,False,llama-3.3-70b-versatile,0.5,,item-by-item,minimal,0.0871212121212121,,,True,False,undetermined,-1.2987750953461776,0.7101463328043716,3.412883562596672,0.25,True,False,no population gap,single df,-0.0256410256410256,0.0253023386916416,inf,-0.294314381270903,0.4021533853962044,inf,0.000242438928266,8,0.00625,0.9875,not read,False
llama-3.3-70b-versatile | 0.5 | NA | item-by-item | none,bjw_score | political_identity,bjw_score,political_identity,False,85,11,53,1.0,False,llama-3.3-70b-versatile,0.5,,item-by-item,none,0.0039660056657225,,,True,False,undetermined,-0.8247376275749545,6.879626135293655,1.2724204174935967,0.25,True,False,no population gap,single df,0.0120068610634653,0.1345072767451294,inf,3.0274442538593505,1.5422882777520266,inf,-0.0012892765321374,8,0.00625,0.9875,not read,False
llama-3.3-70b-versatile | 0.5 | NA | item-by-item | none,bjw_score | sex,bjw_score,sex,False,85,62,23,1.0,False,llama-3.3-70b-versatile,0.5,,item-by-item,none,-0.2156862745098072,,,True,False,undetermined,-3.4784932878944645,2.190975756337663,4.403411142197722,0.25,True,False,no population gap,single df,0.1388499298737748,0.0830649941347239,inf,-0.6437587657784007,1.134935462177802,inf,0.0068332105013251,8,0.00625,0.9875,not read,False
llama-3.3-70b-versatile | 0.5 | NA | item-by-item | none,bjw_score | education,bjw_score,education,False,85,41,44,1.0,False,llama-3.3-70b-versatile,0.5,,item-by-item,none,-0.0162271805273816,,,True,False,undetermined,-3.51943020478364,1.8797406260696696,3.2928006013723343,0.25,True,False,no population gap,single df,0.0133037694013289,0.0856205053867945,inf,-0.8198447893569849,1.080826157526246,inf,-0.0035046678586232,8,0.00625,0.9875,not read,False
llama-3.3-70b-versatile | 0.5 | NA | item-by-item | none,bjw_score | age,bjw_score,age,False,85,39,46,1.0,False,llama-3.3-70b-versatile,0.5,,item-by-item,none,-0.0846338535414174,,,True,False,undetermined,-3.6131660383299007,1.7558639201582196,2.89076823095069,0.25,True,False,no population gap,single df,0.0785953177257532,0.0853577612828165,inf,-0.9286510590858406,1.0747924452612447,inf,-0.0053138463150033,8,0.00625,0.9875,not read,False
llama-3.3-70b-versatile | 0.5 | NA | item-by-item | none,gut_diff | political_identity,gut_diff,political_identity,False,85,11,53,1.0,False,llama-3.3-70b-versatile,0.5,,item-by-item,none,0.1016166281755196,,,True,False,undetermined,-1.0461630573376757,2.5315832974748966,2.4085752019119284,0.25,True,False,no population gap,single df,0.0754716981132075,0.0515284535809606,inf,0.7427101200686106,0.7162066114260104,inf,-0.0017992864333863,8,0.00625,0.9875,not read,False
llama-3.3-70b-versatile | 0.5 | NA | item-by-item | none,gut_diff | sex,gut_diff,sex,False,85,62,23,1.0,False,llama-3.3-70b-versatile,0.5,,item-by-item,none,0.2636103151862463,,,True,False,undetermined,-1.5139845768883289,1.024503510969675,5.186080248260046,0.25,True,False,no population gap,single df,-0.064516129032258,0.0438515497721471,inf,-0.2447405329593268,0.5081640147867098,inf,-0.0007245971363748,8,0.00625,0.9875,not read,False
llama-3.3-70b-versatile | 0.5 | NA | item-by-item | none,gut_diff | education,gut_diff,education,False,85,41,44,1.0,False,llama-3.3-70b-versatile,0.5,,item-by-item,none,0.0161290322580645,,,True,False,undetermined,-1.2216746800862492,0.8092578286450074,4.924465384074174,0.25,True,False,no population gap,single df,-0.0033259423503325,0.0674318141283994,inf,-0.2062084257206209,0.4065596456151067,inf,0.0004703415991921,8,0.00625,0.9875,not read,False
llama-3.3-70b-versatile | 0.5 | NA | item-by-item | none,gut_diff | age,gut_diff,age,False,85,39,46,1.0,False,llama-3.3-70b-versatile,0.5,,item-by-item,none,-0.2954545454545454,,,True,False,undetermined,-1.2987750953461776,0.7101463328043716,3.412883562596672,0.25,True,False,no population gap,single df,0.0869565217391304,0.0601885245436425,inf,-0.294314381270903,0.4021533853962044,inf,-0.000229701634035,8,0.00625,0.9875,not read,False
llama-3.3-70b-versatile | 0.5 | NA | scale-by-scale | extensive,bjw_score | political_identity,bjw_score,political_identity,True,85,11,53,1.0,False,llama-3.3-70b-versatile,0.5,,scale-by-scale,extensive,1.726345609065154,,,True,False,undetermined,-0.8247376275749545,6.879626135293655,1.2724204174935967,0.25,True,False,no population gap,single df,5.226415094339622,0.780190538709291,inf,3.0274442538593505,1.5422882777520266,inf,0.1370244515495591,8,0.00625,0.9875,not read,False
llama-3.3-70b-versatile | 0.5 | NA | scale-by-scale | extensive,bjw_score | sex,bjw_score,sex,True,85,62,23,1.0,False,llama-3.3-70b-versatile,0.5,,scale-by-scale,extensive,1.8812636165577368,,,True,False,undetermined,-3.4784932878944645,2.190975756337663,4.403411142197722,0.25,True,False,no population gap,single df,-1.2110799438990192,0.7494294438068781,inf,-0.6437587657784007,1.134935462177802,inf,0.1328737019781884,8,0.00625,0.9875,not read,False
llama-3.3-70b-versatile | 0.5 | NA | scale-by-scale | extensive,bjw_score | education,bjw_score,education,True,85,41,44,1.0,False,llama-3.3-70b-versatile,0.5,,scale-by-scale,extensive,1.7315753887762018,,,True,False,undetermined,-3.51943020478364,1.8797406260696696,3.2928006013723343,0.25,True,False,no population gap,single df,-1.4196230598669644,0.8413423107449837,inf,-0.8198447893569849,1.080826157526246,inf,0.2757505832226413,8,0.00625,0.9875,not read,False
llama-3.3-70b-versatile | 0.5 | NA | scale-by-scale | extensive,bjw_score | age,bjw_score,age,True,85,39,46,1.0,False,llama-3.3-70b-versatile,0.5,,scale-by-scale,extensive,0.287515006002402,,,True,False,undetermined,-3.6131660383299007,1.7558639201582196,2.89076823095069,0.25,True,False,no population gap,single df,-0.2670011148272024,0.8556372623203934,inf,-0.9286510590858406,1.0747924452612447,inf,0.2530514267028685,8,0.00625,0.9875,not read,False
llama-3.3-70b-versatile | 0.5 | NA | scale-by-scale | extensive,gut_diff | political_identity,gut_diff,political_identity,True,85,11,53,1.0,False,llama-3.3-70b-versatile,0.5,,scale-by-scale,extensive,3.898383371824481,,,True,False,kept or steepened,-1.0461630573376757,2.5315832974748966,2.4085752019119284,0.25,True,False,no population gap,single df,2.895368782161235,0.4380053577550304,inf,0.7427101200686106,0.7162066114260104,inf,0.1135359367977116,8,0.00625,0.9875,not read,False
llama-3.3-70b-versatile | 0.5 | NA | scale-by-scale | extensive,gut_diff | sex,gut_diff,sex,True,85,62,23,1.0,False,llama-3.3-70b-versatile,0.5,,scale-by-scale,extensive,2.719197707736389,,,True,False,undetermined,-1.5139845768883289,1.024503510969675,5.186080248260046,0.25,True,False,no population gap,single df,-0.6654978962131837,0.2916997221441039,inf,-0.2447405329593268,0.5081640147867098,inf,0.0161499739623317,8,0.00625,0.9875,not read,False
llama-3.3-70b-versatile | 0.5 | NA | scale-by-scale | extensive,gut_diff | education,gut_diff,education,True,85,41,44,1.0,False,llama-3.3-70b-versatile,0.5,,scale-by-scale,extensive,0.7177419354838704,,,True,False,undetermined,-1.2216746800862492,0.8092578286450074,4.924465384074174,0.25,True,False,no population gap,single df,-0.1480044345898004,0.3287162776590283,inf,-0.2062084257206209,0.4065596456151067,inf,0.0228648324487572,8,0.00625,0.9875,not read,False
llama-3.3-70b-versatile | 0.5 | NA | scale-by-scale | extensive,gut_diff | age,gut_diff,age,True,85,39,46,1.0,False,llama-3.3-70b-versatile,0.5,,scale-by-scale,extensive,-0.4299242424242427,,,True,False,undetermined,-1.2987750953461776,0.7101463328043716,3.412883562596672,0.25,True,False,no population gap,single df,0.1265328874024527,0.3230294301484627,inf,-0.294314381270903,0.4021533853962044,inf,0.0213354540801066,8,0.00625,0.9875,not read,False
llama-3.3-70b-versatile | 0.5 | NA | scale-by-scale | minimal,bjw_score | political_identity,bjw_score,political_identity,False,85,11,53,1.0,False,llama-3.3-70b-versatile,0.5,,scale-by-scale,minimal,0.0141643059490086,,,True,False,undetermined,-0.8247376275749545,6.879626135293655,1.2724204174935967,0.25,True,False,no population gap,single df,0.0428816466552319,0.1649417579728111,inf,3.0274442538593505,1.5422882777520266,inf,0.0467709635481035,8,0.00625,0.9875,not read,False
llama-3.3-70b-versatile | 0.5 | NA | scale-by-scale | minimal,bjw_score | sex,bjw_score,sex,True,85,62,23,1.0,False,llama-3.3-70b-versatile,0.5,,scale-by-scale,minimal,1.2254901960784306,,,True,False,undetermined,-3.4784932878944645,2.190975756337663,4.403411142197722,0.25,True,False,no population gap,single df,-0.7889200561009808,0.0801977555749773,inf,-0.6437587657784007,1.134935462177802,inf,-0.0076818406367025,8,0.00625,0.9875,not read,False
llama-3.3-70b-versatile | 0.5 | NA | scale-by-scale | minimal,bjw_score | education,bjw_score,education,False,85,41,44,1.0,False,llama-3.3-70b-versatile,0.5,,scale-by-scale,minimal,-0.054090601757943,,,True,False,undetermined,-3.51943020478364,1.8797406260696696,3.2928006013723343,0.25,True,False,no population gap,single df,0.0443458980044333,0.0996708698861133,inf,-0.8198447893569849,1.080826157526246,inf,0.0016249118890798,8,0.00625,0.9875,not read,False
llama-3.3-70b-versatile | 0.5 | NA | scale-by-scale | minimal,bjw_score | age,bjw_score,age,True,85,39,46,1.0,False,llama-3.3-70b-versatile,0.5,,scale-by-scale,minimal,-0.1800720288115251,,,True,False,undetermined,-3.6131660383299007,1.7558639201582196,2.89076823095069,0.25,True,False,no population gap,single df,0.1672240802675588,0.1001674843961957,inf,-0.9286510590858406,1.0747924452612447,inf,0.0056209737592829,8,0.00625,0.9875,not read,False
llama-3.3-70b-versatile | 0.5 | NA | scale-by-scale | minimal,gut_diff | political_identity,gut_diff,political_identity,False,85,11,53,1.0,False,llama-3.3-70b-versatile,0.5,,scale-by-scale,minimal,-0.1963048498845265,,,True,False,undetermined,-1.0461630573376757,2.5315832974748966,2.4085752019119284,0.25,True,False,no population gap,single df,-0.1457975986277873,0.1881331044366464,inf,0.7427101200686106,0.7162066114260104,inf,0.0230691219389722,8,0.00625,0.9875,not read,False
llama-3.3-70b-versatile | 0.5 | NA | scale-by-scale | minimal,gut_diff | sex,gut_diff,sex,True,85,62,23,1.0,False,llama-3.3-70b-versatile,0.5,,scale-by-scale,minimal,3.7621776504297983,,,True,False,undetermined,-1.5139845768883289,1.024503510969675,5.186080248260046,0.25,True,False,no population gap,single df,-0.9207573632538568,0.1496720005265527,inf,-0.2447405329593268,0.5081640147867098,inf,-0.009692775916546,8,0.00625,0.9875,not read,False
llama-3.3-70b-versatile | 0.5 | NA | scale-by-scale | minimal,gut_diff | education,gut_diff,education,False,85,41,44,1.0,False,llama-3.3-70b-versatile,0.5,,scale-by-scale,minimal,-0.5,,,True,False,undetermined,-1.2216746800862492,0.8092578286450074,4.924465384074174,0.25,True,False,no population gap,single df,0.1031042128603104,0.1602519277707923,inf,-0.2062084257206209,0.4065596456151067,inf,0.0025477753146384,8,0.00625,0.9875,not read,False
llama-3.3-70b-versatile | 0.5 | NA | scale-by-scale | minimal,gut_diff | age,gut_diff,age,True,85,39,46,1.0,False,llama-3.3-70b-versatile,0.5,,scale-by-scale,minimal,-1.7878787878787878,,,True,False,undetermined,-1.2987750953461776,0.7101463328043716,3.412883562596672,0.25,True,False,no population gap,single df,0.5261984392419176,0.1589713490284023,inf,-0.294314381270903,0.4021533853962044,inf,0.0050104919997473,8,0.00625,0.9875,not read,False
llama-3.3-70b-versatile | 0.5 | NA | scale-by-scale | none,bjw_score | political_identity,bjw_score,political_identity,False,85,11,53,1.0,False,llama-3.3-70b-versatile,0.5,,scale-by-scale,none,-0.0175637393767706,,,True,False,undetermined,-0.8247376275749545,6.879626135293655,1.2724204174935967,0.25,True,False,no population gap,single df,-0.0531732418524875,0.0945731585051225,inf,3.0274442538593505,1.5422882777520266,inf,-0.0339738905971559,8,0.00625,0.9875,not read,False
llama-3.3-70b-versatile | 0.5 | NA | scale-by-scale | none,bjw_score | sex,bjw_score,sex,False,85,62,23,1.0,False,llama-3.3-70b-versatile,0.5,,scale-by-scale,none,-0.0849673202614372,,,True,False,undetermined,-3.4784932878944645,2.190975756337663,4.403411142197722,0.25,True,False,no population gap,single df,0.0546984572230009,0.0632032631525414,inf,-0.6437587657784007,1.134935462177802,inf,0.0164427088580938,8,0.00625,0.9875,not read,False
llama-3.3-70b-versatile | 0.5 | NA | scale-by-scale | none,bjw_score | education,bjw_score,education,False,85,41,44,1.0,False,llama-3.3-70b-versatile,0.5,,scale-by-scale,none,-0.0534144692359693,,,True,False,undetermined,-3.51943020478364,1.8797406260696696,3.2928006013723343,0.25,True,False,no population gap,single df,0.0437915742793784,0.0450340314479721,inf,-0.8198447893569849,1.080826157526246,inf,0.0057193699936836,8,0.00625,0.9875,not read,False
llama-3.3-70b-versatile | 0.5 | NA | scale-by-scale | none,bjw_score | age,bjw_score,age,False,85,39,46,1.0,False,llama-3.3-70b-versatile,0.5,,scale-by-scale,none,0.0084033613445364,,,True,False,undetermined,-3.6131660383299007,1.7558639201582196,2.89076823095069,0.25,True,False,no population gap,single df,-0.0078037904124848,0.0464050644096385,inf,-0.9286510590858406,1.0747924452612447,inf,0.0053840518333337,8,0.00625,0.9875,not read,False
llama-3.3-70b-versatile | 0.5 | NA | scale-by-scale | none,gut_diff | political_identity,gut_diff,political_identity,False,85,11,53,1.0,False,llama-3.3-70b-versatile,0.5,,scale-by-scale,none,0.0,,,True,False,undetermined,-1.0461630573376757,2.5315832974748966,2.4085752019119284,0.25,True,False,no population gap,single df,0.0,0.0,inf,0.7427101200686106,0.7162066114260104,inf,0.0,8,0.00625,0.9875,not read,False
llama-3.3-70b-versatile | 0.5 | NA | scale-by-scale | none,gut_diff | sex,gut_diff,sex,False,85,62,23,1.0,False,llama-3.3-70b-versatile,0.5,,scale-by-scale,none,-0.0,,,True,False,undetermined,-1.5139845768883289,1.024503510969675,5.186080248260046,0.25,True,False,no population gap,single df,0.0,0.0,inf,-0.2447405329593268,0.5081640147867098,inf,0.0,8,0.00625,0.9875,not read,False
llama-3.3-70b-versatile | 0.5 | NA | scale-by-scale | none,gut_diff | education,gut_diff,education,False,85,41,44,1.0,False,llama-3.3-70b-versatile,0.5,,scale-by-scale,none,-0.0,,,True,False,undetermined,-1.2216746800862492,0.8092578286450074,4.924465384074174,0.25,True,False,no population gap,single df,0.0,0.0,inf,-0.2062084257206209,0.4065596456151067,inf,0.0,8,0.00625,0.9875,not read,False
llama-3.3-70b-versatile | 0.5 | NA | scale-by-scale | none,gut_diff | age,gut_diff,age,False,85,39,46,1.0,False,llama-3.3-70b-versatile,0.5,,scale-by-scale,none,-0.0,,,True,False,undetermined,-1.2987750953461776,0.7101463328043716,3.412883562596672,0.25,True,False,no population gap,single df,0.0,0.0,inf,-0.294314381270903,0.4021533853962044,inf,0.0,8,0.00625,0.9875,not read,False
llama-3.3-70b-versatile | 1 | NA | all-at-once | extensive,bjw_score | political_identity,bjw_score,political_identity,True,85,11,53,1.0,False,llama-3.3-70b-versatile,1.0,,all-at-once,extensive,0.6220963172804526,,,True,False,undetermined,-0.8247376275749545,6.879626135293655,1.2724204174935967,0.25,True,False,no population gap,single df,1.8833619210977688,0.2712524863043109,inf,3.0274442538593505,1.5422882777520266,inf,-0.0654635123464729,8,0.00625,0.9875,not read,False
llama-3.3-70b-versatile | 1 | NA | all-at-once | extensive,bjw_score | sex,bjw_score,sex,True,85,62,23,1.0,False,llama-3.3-70b-versatile,1.0,,all-at-once,extensive,0.7516339869281057,,,True,False,undetermined,-3.4784932878944645,2.190975756337663,4.403411142197722,0.25,True,False,no population gap,single df,-0.4838709677419359,0.2585437742195451,inf,-0.6437587657784007,1.134935462177802,inf,0.0460999619023492,8,0.00625,0.9875,not read,False
llama-3.3-70b-versatile | 1 | NA | all-at-once | extensive,bjw_score | education,bjw_score,education,True,85,41,44,1.0,False,llama-3.3-70b-versatile,1.0,,all-at-once,extensive,0.6051386071670044,,,True,False,undetermined,-3.51943020478364,1.8797406260696696,3.2928006013723343,0.25,True,False,no population gap,single df,-0.4961197339246119,0.3261226558512052,inf,-0.8198447893569849,1.080826157526246,inf,0.056782322223197,8,0.00625,0.9875,not read,False
llama-3.3-70b-versatile | 1 | NA | all-at-once | extensive,bjw_score | age,bjw_score,age,True,85,39,46,1.0,False,llama-3.3-70b-versatile,1.0,,all-at-once,extensive,-0.0900360144057625,,,True,False,undetermined,-3.6131660383299007,1.7558639201582196,2.89076823095069,0.25,True,False,no population gap,single df,0.0836120401337794,0.3068062643426527,inf,-0.9286510590858406,1.0747924452612447,inf,0.0591032242300137,8,0.00625,0.9875,not read,False
llama-3.3-70b-versatile | 1 | NA | all-at-once | extensive,gut_diff | political_identity,gut_diff,political_identity,True,85,11,53,1.0,False,llama-3.3-70b-versatile,1.0,,all-at-once,extensive,3.288683602771363,,,True,False,kept or steepened,-1.0461630573376757,2.5315832974748966,2.4085752019119284,0.25,True,False,no population gap,single df,2.4425385934819897,0.2920410133717112,inf,0.7427101200686106,0.7162066114260104,inf,0.07075978130151,8,0.00625,0.9875,not read,False
llama-3.3-70b-versatile | 1 | NA | all-at-once | extensive,gut_diff | sex,gut_diff,sex,True,85,62,23,1.0,False,llama-3.3-70b-versatile,1.0,,all-at-once,extensive,0.959885386819484,,,True,False,undetermined,-1.5139845768883289,1.024503510969675,5.186080248260046,0.25,True,False,no population gap,single df,-0.2349228611500701,0.2119859160093278,inf,-0.2447405329593268,0.5081640147867098,inf,0.0082830877814159,8,0.00625,0.9875,not read,False
llama-3.3-70b-versatile | 1 | NA | all-at-once | extensive,gut_diff | education,gut_diff,education,True,85,41,44,1.0,False,llama-3.3-70b-versatile,1.0,,all-at-once,extensive,-0.4032258064516126,,,True,False,undetermined,-1.2216746800862492,0.8092578286450074,4.924465384074174,0.25,True,False,no population gap,single df,0.0831485587583148,0.2419086528995605,inf,-0.2062084257206209,0.4065596456151067,inf,0.0186373561921756,8,0.00625,0.9875,not read,False
llama-3.3-70b-versatile | 1 | NA | all-at-once | extensive,gut_diff | age,gut_diff,age,True,85,39,46,1.0,False,llama-3.3-70b-versatile,1.0,,all-at-once,extensive,0.1420454545454544,,,True,False,undetermined,-1.2987750953461776,0.7101463328043716,3.412883562596672,0.25,True,False,no population gap,single df,-0.0418060200668896,0.2446698146533795,inf,-0.294314381270903,0.4021533853962044,inf,0.0164186327875504,8,0.00625,0.9875,not read,False
llama-3.3-70b-versatile | 1 | NA | all-at-once | minimal,bjw_score | political_identity,bjw_score,political_identity,False,85,11,53,1.0,False,llama-3.3-70b-versatile,1.0,,all-at-once,minimal,0.0447592067988668,,,True,False,undetermined,-0.8247376275749545,6.879626135293655,1.2724204174935967,0.25,True,False,no population gap,single df,0.1355060034305317,0.4069530277923265,inf,3.0274442538593505,1.5422882777520266,inf,-0.1366785615326665,8,0.00625,0.9875,not read,False
llama-3.3-70b-versatile | 1 | NA | all-at-once | minimal,bjw_score | sex,bjw_score,sex,True,85,62,23,1.0,False,llama-3.3-70b-versatile,1.0,,all-at-once,minimal,0.8638344226579515,,,True,False,undetermined,-3.4784932878944645,2.190975756337663,4.403411142197722,0.25,True,False,no population gap,single df,-0.5561009817671803,0.2145354139459623,inf,-0.6437587657784007,1.134935462177802,inf,0.0287780139450804,8,0.00625,0.9875,not read,False
llama-3.3-70b-versatile | 1 | NA | all-at-once | minimal,bjw_score | education,bjw_score,education,False,85,41,44,1.0,False,llama-3.3-70b-versatile,1.0,,all-at-once,minimal,0.1886409736308333,,,True,False,undetermined,-3.51943020478364,1.8797406260696696,3.2928006013723343,0.25,True,False,no population gap,single df,-0.154656319290467,0.246400050675797,inf,-0.8198447893569849,1.080826157526246,inf,-0.0014569425946216,8,0.00625,0.9875,not read,False
llama-3.3-70b-versatile | 1 | NA | all-at-once | minimal,bjw_score | age,bjw_score,age,True,85,39,46,1.0,False,llama-3.3-70b-versatile,1.0,,all-at-once,minimal,-0.4765906362545012,,,True,False,undetermined,-3.6131660383299007,1.7558639201582196,2.89076823095069,0.25,True,False,no population gap,single df,0.4425863991081371,0.2383961111184619,inf,-0.9286510590858406,1.0747924452612447,inf,-0.0003851687153665,8,0.00625,0.9875,not read,False
llama-3.3-70b-versatile | 1 | NA | all-at-once | minimal,gut_diff | political_identity,gut_diff,political_identity,False,85,11,53,1.0,False,llama-3.3-70b-versatile,1.0,,all-at-once,minimal,0.0623556581986142,,,True,False,undetermined,-1.0461630573376757,2.5315832974748966,2.4085752019119284,0.25,True,False,no population gap,single df,0.04631217838765,0.4456188138410943,inf,0.7427101200686106,0.7162066114260104,inf,0.0633456398144753,8,0.00625,0.9875,not read,False
llama-3.3-70b-versatile | 1 | NA | all-at-once | minimal,gut_diff | sex,gut_diff,sex,True,85,62,23,1.0,False,llama-3.3-70b-versatile,1.0,,all-at-once,minimal,5.455587392550143,,,True,False,kept or steepened,-1.5139845768883289,1.024503510969675,5.186080248260046,0.25,True,False,no population gap,single df,-1.3352033660589062,0.2599464689231771,inf,-0.2447405329593268,0.5081640147867098,inf,0.0037344216440822,8,0.00625,0.9875,not read,False
llama-3.3-70b-versatile | 1 | NA | all-at-once | minimal,gut_diff | education,gut_diff,education,False,85,41,44,1.0,False,llama-3.3-70b-versatile,1.0,,all-at-once,minimal,0.9596774193548384,,,True,False,undetermined,-1.2216746800862492,0.8092578286450074,4.924465384074174,0.25,True,False,no population gap,single df,-0.1978935698447893,0.2604010622004167,inf,-0.2062084257206209,0.4065596456151067,inf,0.0122946069358427,8,0.00625,0.9875,not read,False
llama-3.3-70b-versatile | 1 | NA | all-at-once | minimal,gut_diff | age,gut_diff,age,True,85,39,46,1.0,False,llama-3.3-70b-versatile,1.0,,all-at-once,minimal,-3.0909090909090904,,,True,False,reversed or missing,-1.2987750953461776,0.7101463328043716,3.412883562596672,0.25,True,False,no population gap,single df,0.9096989966555185,0.2557195006192408,inf,-0.294314381270903,0.4021533853962044,inf,0.0157448886231312,8,0.00625,0.9875,not read,False
llama-3.3-70b-versatile | 1 | NA | all-at-once | none,bjw_score | political_identity,bjw_score,political_identity,False,85,11,53,1.0,False,llama-3.3-70b-versatile,1.0,,all-at-once,none,0.0277620396600567,,,True,False,undetermined,-0.8247376275749545,6.879626135293655,1.2724204174935967,0.25,True,False,no population gap,single df,0.0840480274442541,0.3935334423328401,inf,3.0274442538593505,1.5422882777520266,inf,0.1665650680698127,8,0.00625,0.9875,not read,False
llama-3.3-70b-versatile | 1 | NA | all-at-once | none,bjw_score | sex,bjw_score,sex,False,85,62,23,1.0,False,llama-3.3-70b-versatile,1.0,,all-at-once,none,0.8104575163398678,,,True,False,undetermined,-3.4784932878944645,2.190975756337663,4.403411142197722,0.25,True,False,no population gap,single df,-0.5217391304347814,0.2554320482226983,inf,-0.6437587657784007,1.134935462177802,inf,0.0162407165229952,8,0.00625,0.9875,not read,False
llama-3.3-70b-versatile | 1 | NA | all-at-once | none,bjw_score | education,bjw_score,education,False,85,41,44,1.0,False,llama-3.3-70b-versatile,1.0,,all-at-once,none,-0.0696416497633552,,,True,False,undetermined,-3.51943020478364,1.8797406260696696,3.2928006013723343,0.25,True,False,no population gap,single df,0.0570953436807109,0.2476542801727597,inf,-0.8198447893569849,1.080826157526246,inf,-0.0265815100519056,8,0.00625,0.9875,not read,False
llama-3.3-70b-versatile | 1 | NA | all-at-once | none,bjw_score | age,bjw_score,age,False,85,39,46,1.0,False,llama-3.3-70b-versatile,1.0,,all-at-once,none,-0.2292917166866728,,,True,False,undetermined,-3.6131660383299007,1.7558639201582196,2.89076823095069,0.25,True,False,no population gap,single df,0.2129319955406892,0.2524998199859005,inf,-0.9286510590858406,1.0747924452612447,inf,-0.0247827731122298,8,0.00625,0.9875,not read,False
llama-3.3-70b-versatile | 1 | NA | all-at-once | none,gut_diff | political_identity,gut_diff,political_identity,False,85,11,53,1.0,False,llama-3.3-70b-versatile,1.0,,all-at-once,none,0.0023094688221709,,,True,False,undetermined,-1.0461630573376757,2.5315832974748966,2.4085752019119284,0.25,True,False,no population gap,single df,0.0017152658662092,0.225183014363673,inf,0.7427101200686106,0.7162066114260104,inf,-0.0047995429098401,8,0.00625,0.9875,not read,False
llama-3.3-70b-versatile | 1 | NA | all-at-once | none,gut_diff | sex,gut_diff,sex,False,85,62,23,1.0,False,llama-3.3-70b-versatile,1.0,,all-at-once,none,-0.7994269340974209,,,True,False,undetermined,-1.5139845768883289,1.024503510969675,5.186080248260046,0.25,True,False,no population gap,single df,0.1956521739130434,0.1567822146536044,inf,-0.2447405329593268,0.5081640147867098,inf,-0.0112041452338989,8,0.00625,0.9875,not read,False
llama-3.3-70b-versatile | 1 | NA | all-at-once | none,gut_diff | education,gut_diff,education,False,85,41,44,1.0,False,llama-3.3-70b-versatile,1.0,,all-at-once,none,-0.6102150537634408,,,True,False,undetermined,-1.2216746800862492,0.8092578286450074,4.924465384074174,0.25,True,False,no population gap,single df,0.1258314855875831,0.1445535311062695,inf,-0.2062084257206209,0.4065596456151067,inf,-0.0007245198790832,8,0.00625,0.9875,not read,False
llama-3.3-70b-versatile | 1 | NA | all-at-once | none,gut_diff | age,gut_diff,age,False,85,39,46,1.0,False,llama-3.3-70b-versatile,1.0,,all-at-once,none,0.8749999999999999,,,True,False,undetermined,-1.2987750953461776,0.7101463328043716,3.412883562596672,0.25,True,False,no population gap,single df,-0.2575250836120401,0.1437819926359001,inf,-0.294314381270903,0.4021533853962044,inf,-0.0028414892767725,8,0.00625,0.9875,not read,False
llama-3.3-70b-versatile | 1 | NA | item-by-item | extensive,bjw_score | political_identity,bjw_score,political_identity,True,85,11,53,1.0,False,llama-3.3-70b-versatile,1.0,,item-by-item,extensive,0.7286118980169976,,,True,False,undetermined,-0.8247376275749545,6.879626135293655,1.2724204174935967,0.25,True,False,no population gap,single df,2.205831903945114,0.6297902307935908,inf,3.0274442538593505,1.5422882777520266,inf,-0.0189836127432203,8,0.00625,0.9875,not read,False
llama-3.3-70b-versatile | 1 | NA | item-by-item | extensive,bjw_score | sex,bjw_score,sex,True,85,62,23,1.0,False,llama-3.3-70b-versatile,1.0,,item-by-item,extensive,0.7886710239651377,,,True,False,undetermined,-3.4784932878944645,2.190975756337663,4.403411142197722,0.25,True,False,no population gap,single df,-0.5077138849929845,0.5165133438714575,inf,-0.6437587657784007,1.134935462177802,inf,-0.0040044568767971,8,0.00625,0.9875,not read,False
llama-3.3-70b-versatile | 1 | NA | item-by-item | extensive,bjw_score | education,bjw_score,education,True,85,41,44,1.0,False,llama-3.3-70b-versatile,1.0,,item-by-item,extensive,0.6741041244083816,,,True,False,undetermined,-3.51943020478364,1.8797406260696696,3.2928006013723343,0.25,True,False,no population gap,single df,-0.5526607538802644,0.5708720562715925,inf,-0.8198447893569849,1.080826157526246,inf,0.1442204498185934,8,0.00625,0.9875,not read,False
llama-3.3-70b-versatile | 1 | NA | item-by-item | extensive,bjw_score | age,bjw_score,age,True,85,39,46,1.0,False,llama-3.3-70b-versatile,1.0,,item-by-item,extensive,-0.253301320528211,,,True,False,undetermined,-3.6131660383299007,1.7558639201582196,2.89076823095069,0.25,True,False,no population gap,single df,0.2352285395763651,0.5664845674567613,inf,-0.9286510590858406,1.0747924452612447,inf,0.108203833613229,8,0.00625,0.9875,not read,False
llama-3.3-70b-versatile | 1 | NA | item-by-item | extensive,gut_diff | political_identity,gut_diff,political_identity,True,85,11,53,1.0,False,llama-3.3-70b-versatile,1.0,,item-by-item,extensive,1.5727482678983835,,,True,False,undetermined,-1.0461630573376757,2.5315832974748966,2.4085752019119284,0.25,True,False,no population gap,single df,1.1680960548885078,0.3923566479732031,inf,0.7427101200686106,0.7162066114260104,inf,0.0826053650827156,8,0.00625,0.9875,not read,False
llama-3.3-70b-versatile | 1 | NA | item-by-item | extensive,gut_diff | sex,gut_diff,sex,True,85,62,23,1.0,False,llama-3.3-70b-versatile,1.0,,item-by-item,extensive,1.9856733524355288,,,True,False,undetermined,-1.5139845768883289,1.024503510969675,5.186080248260046,0.25,True,False,no population gap,single df,-0.4859747545582047,0.2516629114376906,inf,-0.2447405329593268,0.5081640147867098,inf,0.027686039323773,8,0.00625,0.9875,not read,False
llama-3.3-70b-versatile | 1 | NA | item-by-item | extensive,gut_diff | education,gut_diff,education,True,85,41,44,1.0,False,llama-3.3-70b-versatile,1.0,,item-by-item,extensive,-0.916666666666666,,,True,False,undetermined,-1.2216746800862492,0.8092578286450074,4.924465384074174,0.25,True,False,no population gap,single df,0.1890243902439023,0.2905875411101822,inf,-0.2062084257206209,0.4065596456151067,inf,0.0186898499575726,8,0.00625,0.9875,not read,False
llama-3.3-70b-versatile | 1 | NA | item-by-item | extensive,gut_diff | age,gut_diff,age,True,85,39,46,1.0,False,llama-3.3-70b-versatile,1.0,,item-by-item,extensive,-0.7556818181818183,,,True,False,undetermined,-1.2987750953461776,0.7101463328043716,3.412883562596672,0.25,True,False,no population gap,single df,0.2224080267558529,0.2826261373137086,inf,-0.294314381270903,0.4021533853962044,inf,0.012717926940923,8,0.00625,0.9875,not read,False
llama-3.3-70b-versatile | 1 | NA | item-by-item | minimal,bjw_score | political_identity,bjw_score,political_identity,False,85,11,53,1.0,False,llama-3.3-70b-versatile,1.0,,item-by-item,minimal,0.0113314447592059,,,True,False,undetermined,-0.8247376275749545,6.879626135293655,1.2724204174935967,0.25,True,False,no population gap,single df,0.0343053173241827,0.1980644742454954,inf,3.0274442538593505,1.5422882777520266,inf,-0.0875737699037824,8,0.00625,0.9875,not read,False
llama-3.3-70b-versatile | 1 | NA | item-by-item | minimal,bjw_score | sex,bjw_score,sex,True,85,62,23,1.0,False,llama-3.3-70b-versatile,1.0,,item-by-item,minimal,-1.3289760348583866,,,True,False,undetermined,-3.4784932878944645,2.190975756337663,4.403411142197722,0.25,True,False,no population gap,single df,0.8555399719495078,0.1658961100437796,inf,-0.6437587657784007,1.134935462177802,inf,-0.0146510753234212,8,0.00625,0.9875,not read,False
llama-3.3-70b-versatile | 1 | NA | item-by-item | minimal,bjw_score | education,bjw_score,education,False,85,41,44,1.0,False,llama-3.3-70b-versatile,1.0,,item-by-item,minimal,-0.4361054766734255,,,True,False,undetermined,-3.51943020478364,1.8797406260696696,3.2928006013723343,0.25,True,False,no population gap,single df,0.357538802660752,0.1418230256913539,inf,-0.8198447893569849,1.080826157526246,inf,-0.0082311516306442,8,0.00625,0.9875,not read,False
llama-3.3-70b-versatile | 1 | NA | item-by-item | minimal,bjw_score | age,bjw_score,age,True,85,39,46,1.0,False,llama-3.3-70b-versatile,1.0,,item-by-item,minimal,-0.0360144057623035,,,True,False,undetermined,-3.6131660383299007,1.7558639201582196,2.89076823095069,0.25,True,False,no population gap,single df,0.0334448160535103,0.1533489017465597,inf,-0.9286510590858406,1.0747924452612447,inf,-0.0139651558096996,8,0.00625,0.9875,not read,False
llama-3.3-70b-versatile | 1 | NA | item-by-item | minimal,gut_diff | political_identity,gut_diff,political_identity,False,85,11,53,1.0,False,llama-3.3-70b-versatile,1.0,,item-by-item,minimal,-0.0969976905311778,,,True,False,undetermined,-1.0461630573376757,2.5315832974748966,2.4085752019119284,0.25,True,False,no population gap,single df,-0.072041166380789,0.0989792031950423,inf,0.7427101200686106,0.7162066114260104,inf,0.0180077396558166,8,0.00625,0.9875,not read,False
llama-3.3-70b-versatile | 1 | NA | item-by-item | minimal,gut_diff | sex,gut_diff,sex,True,85,62,23,1.0,False,llama-3.3-70b-versatile,1.0,,item-by-item,minimal,0.0200573065902578,,,True,False,undetermined,-1.5139845768883289,1.024503510969675,5.186080248260046,0.25,True,False,no population gap,single df,-0.0049088359046283,0.0827477454933415,inf,-0.2447405329593268,0.5081640147867098,inf,-0.0022480871464117,8,0.00625,0.9875,not read,False
llama-3.3-70b-versatile | 1 | NA | item-by-item | minimal,gut_diff | education,gut_diff,education,False,85,41,44,1.0,False,llama-3.3-70b-versatile,1.0,,item-by-item,minimal,-0.2123655913978493,,,True,False,undetermined,-1.2216746800862492,0.8092578286450074,4.924465384074174,0.25,True,False,no population gap,single df,0.0437915742793791,0.0568288717980059,inf,-0.2062084257206209,0.4065596456151067,inf,-0.0006018356926004,8,0.00625,0.9875,not read,False
llama-3.3-70b-versatile | 1 | NA | item-by-item | minimal,gut_diff | age,gut_diff,age,True,85,39,46,1.0,False,llama-3.3-70b-versatile,1.0,,item-by-item,minimal,0.0265151515151515,,,True,False,undetermined,-1.2987750953461776,0.7101463328043716,3.412883562596672,0.25,True,False,no population gap,single df,-0.007803790412486,0.0592580727136668,inf,-0.294314381270903,0.4021533853962044,inf,-0.000249053366307,8,0.00625,0.9875,not read,False
llama-3.3-70b-versatile | 1 | NA | item-by-item | none,bjw_score | political_identity,bjw_score,political_identity,False,85,11,53,1.0,False,llama-3.3-70b-versatile,1.0,,item-by-item,none,-0.0509915014164303,,,True,False,undetermined,-0.8247376275749545,6.879626135293655,1.2724204174935967,0.25,True,False,no population gap,single df,-0.1543739279588329,0.1085592387389811,inf,3.0274442538593505,1.5422882777520266,inf,-0.0048944792406064,8,0.00625,0.9875,not read,False
llama-3.3-70b-versatile | 1 | NA | item-by-item | none,bjw_score | sex,bjw_score,sex,False,85,62,23,1.0,False,llama-3.3-70b-versatile,1.0,,item-by-item,none,0.1895424836601321,,,True,False,undetermined,-3.4784932878944645,2.190975756337663,4.403411142197722,0.25,True,False,no population gap,single df,-0.1220196353436193,0.1135886724614709,inf,-0.6437587657784007,1.134935462177802,inf,0.0218906935704193,8,0.00625,0.9875,not read,False
llama-3.3-70b-versatile | 1 | NA | item-by-item | none,bjw_score | education,bjw_score,education,False,85,41,44,1.0,False,llama-3.3-70b-versatile,1.0,,item-by-item,none,0.0926301555104824,,,True,False,undetermined,-3.51943020478364,1.8797406260696696,3.2928006013723343,0.25,True,False,no population gap,single df,-0.0759423503325962,0.0955860595705727,inf,-0.8198447893569849,1.080826157526246,inf,0.0110708691097868,8,0.00625,0.9875,not read,False
llama-3.3-70b-versatile | 1 | NA | item-by-item | none,bjw_score | age,bjw_score,age,False,85,39,46,1.0,False,llama-3.3-70b-versatile,1.0,,item-by-item,none,-0.0462184873949562,,,True,False,undetermined,-3.6131660383299007,1.7558639201582196,2.89076823095069,0.25,True,False,no population gap,single df,0.0429208472686717,0.0941343189146223,inf,-0.9286510590858406,1.0747924452612447,inf,0.0116937740333984,8,0.00625,0.9875,not read,False
llama-3.3-70b-versatile | 1 | NA | item-by-item | none,gut_diff | political_identity,gut_diff,political_identity,False,85,11,53,1.0,False,llama-3.3-70b-versatile,1.0,,item-by-item,none,0.0646651270207852,,,True,False,undetermined,-1.0461630573376757,2.5315832974748966,2.4085752019119284,0.25,True,False,no population gap,single df,0.0480274442538593,0.2916995246374178,inf,0.7427101200686106,0.7162066114260104,inf,0.0448398300111765,8,0.00625,0.9875,not read,False
llama-3.3-70b-versatile | 1 | NA | item-by-item | none,gut_diff | sex,gut_diff,sex,False,85,62,23,1.0,False,llama-3.3-70b-versatile,1.0,,item-by-item,none,-1.255014326647564,,,True,False,undetermined,-1.5139845768883289,1.024503510969675,5.186080248260046,0.25,True,False,no population gap,single df,0.3071528751753155,0.2334693199957426,inf,-0.2447405329593268,0.5081640147867098,inf,-0.0225882842524921,8,0.00625,0.9875,not read,False
llama-3.3-70b-versatile | 1 | NA | item-by-item | none,gut_diff | education,gut_diff,education,False,85,41,44,1.0,False,llama-3.3-70b-versatile,1.0,,item-by-item,none,0.9166666666666664,,,True,False,undetermined,-1.2216746800862492,0.8092578286450074,4.924465384074174,0.25,True,False,no population gap,single df,-0.1890243902439024,0.1877169339824231,inf,-0.2062084257206209,0.4065596456151067,inf,-0.0082309815600379,8,0.00625,0.9875,not read,False
llama-3.3-70b-versatile | 1 | NA | item-by-item | none,gut_diff | age,gut_diff,age,False,85,39,46,1.0,False,llama-3.3-70b-versatile,1.0,,item-by-item,none,0.7556818181818182,,,True,False,undetermined,-1.2987750953461776,0.7101463328043716,3.412883562596672,0.25,True,False,no population gap,single df,-0.2224080267558528,0.1927987424688504,inf,-0.294314381270903,0.4021533853962044,inf,-0.0109195806501491,8,0.00625,0.9875,not read,False
llama-3.3-70b-versatile | 1 | NA | scale-by-scale | extensive,bjw_score | political_identity,bjw_score,political_identity,True,85,11,53,1.0,False,llama-3.3-70b-versatile,1.0,,scale-by-scale,extensive,1.728611898016995,,,True,False,undetermined,-0.8247376275749545,6.879626135293655,1.2724204174935967,0.25,True,False,no population gap,single df,5.2332761578044575,0.8894021391226035,inf,3.0274442538593505,1.5422882777520266,inf,0.1108015340065481,8,0.00625,0.9875,not read,False
llama-3.3-70b-versatile | 1 | NA | scale-by-scale | extensive,bjw_score | sex,bjw_score,sex,True,85,62,23,1.0,False,llama-3.3-70b-versatile,1.0,,scale-by-scale,extensive,2.274509803921569,,,True,False,undetermined,-3.4784932878944645,2.190975756337663,4.403411142197722,0.25,True,False,no population gap,single df,-1.4642356241234218,0.7720580068994459,inf,-0.6437587657784007,1.134935462177802,inf,0.1062030811178542,8,0.00625,0.9875,not read,False
llama-3.3-70b-versatile | 1 | NA | scale-by-scale | extensive,bjw_score | education,bjw_score,education,True,85,41,44,1.0,False,llama-3.3-70b-versatile,1.0,,scale-by-scale,extensive,1.9161595672751843,,,True,False,undetermined,-3.51943020478364,1.8797406260696696,3.2928006013723343,0.25,True,False,no population gap,single df,-1.5709534368070948,0.8926839780489917,inf,-0.8198447893569849,1.080826157526246,inf,0.2867120468780352,8,0.00625,0.9875,not read,False
llama-3.3-70b-versatile | 1 | NA | scale-by-scale | extensive,bjw_score | age,bjw_score,age,True,85,39,46,1.0,False,llama-3.3-70b-versatile,1.0,,scale-by-scale,extensive,0.1596638655462196,,,True,False,undetermined,-3.6131660383299007,1.7558639201582196,2.89076823095069,0.25,True,False,no population gap,single df,-0.1482720178372361,0.9016409731623648,inf,-0.9286510590858406,1.0747924452612447,inf,0.261914501700608,8,0.00625,0.9875,not read,False
llama-3.3-70b-versatile | 1 | NA | scale-by-scale | extensive,gut_diff | political_identity,gut_diff,political_identity,True,85,11,53,1.0,False,llama-3.3-70b-versatile,1.0,,scale-by-scale,extensive,4.05080831408776,,,True,False,kept or steepened,-1.0461630573376757,2.5315832974748966,2.4085752019119284,0.25,True,False,no population gap,single df,3.0085763293310466,0.4636461373908701,inf,0.7427101200686106,0.7162066114260104,inf,0.1124421570795925,8,0.00625,0.9875,not read,False
llama-3.3-70b-versatile | 1 | NA | scale-by-scale | extensive,gut_diff | sex,gut_diff,sex,True,85,62,23,1.0,False,llama-3.3-70b-versatile,1.0,,scale-by-scale,extensive,3.1146131805157578,,,True,False,undetermined,-1.5139845768883289,1.024503510969675,5.186080248260046,0.25,True,False,no population gap,single df,-0.7622720897615707,0.3344748332339535,inf,-0.2447405329593268,0.5081640147867098,inf,0.0119006544038036,8,0.00625,0.9875,not read,False
llama-3.3-70b-versatile | 1 | NA | scale-by-scale | extensive,gut_diff | education,gut_diff,education,True,85,41,44,1.0,False,llama-3.3-70b-versatile,1.0,,scale-by-scale,extensive,0.7419354838709679,,,True,False,undetermined,-1.2216746800862492,0.8092578286450074,4.924465384074174,0.25,True,False,no population gap,single df,-0.1529933481152994,0.3362603620607345,inf,-0.2062084257206209,0.4065596456151067,inf,0.0214082013016097,8,0.00625,0.9875,not read,False
llama-3.3-70b-versatile | 1 | NA | scale-by-scale | extensive,gut_diff | age,gut_diff,age,True,85,39,46,1.0,False,llama-3.3-70b-versatile,1.0,,scale-by-scale,extensive,-0.5511363636363636,,,True,False,undetermined,-1.2987750953461776,0.7101463328043716,3.412883562596672,0.25,True,False,no population gap,single df,0.1622073578595317,0.337324158175865,inf,-0.294314381270903,0.4021533853962044,inf,0.0189724717049504,8,0.00625,0.9875,not read,False
llama-3.3-70b-versatile | 1 | NA | scale-by-scale | minimal,bjw_score | political_identity,bjw_score,political_identity,False,85,11,53,1.0,False,llama-3.3-70b-versatile,1.0,,scale-by-scale,minimal,-0.015864022662889,,,True,False,undetermined,-0.8247376275749545,6.879626135293655,1.2724204174935967,0.25,True,False,no population gap,single df,-0.0480274442538579,0.1562530206063999,inf,3.0274442538593505,1.5422882777520266,inf,-0.0535735658958669,8,0.00625,0.9875,not read,False
llama-3.3-70b-versatile | 1 | NA | scale-by-scale | minimal,bjw_score | sex,bjw_score,sex,True,85,62,23,1.0,False,llama-3.3-70b-versatile,1.0,,scale-by-scale,minimal,0.7625272331154681,,,True,False,undetermined,-3.4784932878944645,2.190975756337663,4.403411142197722,0.25,True,False,no population gap,single df,-0.4908835904628326,0.1137613980619219,inf,-0.6437587657784007,1.134935462177802,inf,-0.0213498123297193,8,0.00625,0.9875,not read,False
llama-3.3-70b-versatile | 1 | NA | scale-by-scale | minimal,bjw_score | education,bjw_score,education,False,85,41,44,1.0,False,llama-3.3-70b-versatile,1.0,,scale-by-scale,minimal,0.0608519269776842,,,True,False,undetermined,-3.51943020478364,1.8797406260696696,3.2928006013723343,0.25,True,False,no population gap,single df,-0.0498891352549861,0.0998758206912475,inf,-0.8198447893569849,1.080826157526246,inf,-0.0034754470610404,8,0.00625,0.9875,not read,False
llama-3.3-70b-versatile | 1 | NA | scale-by-scale | minimal,bjw_score | age,bjw_score,age,True,85,39,46,1.0,False,llama-3.3-70b-versatile,1.0,,scale-by-scale,minimal,-0.2310924369747891,,,True,False,undetermined,-3.6131660383299007,1.7558639201582196,2.89076823095069,0.25,True,False,no population gap,single df,0.2146042363433657,0.1015787907239029,inf,-0.9286510590858406,1.0747924452612447,inf,-0.0023056488937347,8,0.00625,0.9875,not read,False
llama-3.3-70b-versatile | 1 | NA | scale-by-scale | minimal,gut_diff | political_identity,gut_diff,political_identity,False,85,11,53,1.0,False,llama-3.3-70b-versatile,1.0,,scale-by-scale,minimal,-0.1963048498845265,,,True,False,undetermined,-1.0461630573376757,2.5315832974748966,2.4085752019119284,0.25,True,False,no population gap,single df,-0.1457975986277873,0.1866926065271777,inf,0.7427101200686106,0.7162066114260104,inf,-0.0219098857176247,8,0.00625,0.9875,not read,False
llama-3.3-70b-versatile | 1 | NA | scale-by-scale | minimal,gut_diff | sex,gut_diff,sex,True,85,62,23,1.0,False,llama-3.3-70b-versatile,1.0,,scale-by-scale,minimal,3.5186246418338096,,,True,False,undetermined,-1.5139845768883289,1.024503510969675,5.186080248260046,0.25,True,False,no population gap,single df,-0.8611500701262271,0.1574891520350437,inf,-0.2447405329593268,0.5081640147867098,inf,-0.0099215236514874,8,0.00625,0.9875,not read,False
llama-3.3-70b-versatile | 1 | NA | scale-by-scale | minimal,gut_diff | education,gut_diff,education,False,85,41,44,1.0,False,llama-3.3-70b-versatile,1.0,,scale-by-scale,minimal,-0.5,,,True,False,undetermined,-1.2216746800862492,0.8092578286450074,4.924465384074174,0.25,True,False,no population gap,single df,0.1031042128603104,0.1613461543202305,inf,-0.2062084257206209,0.4065596456151067,inf,-0.0025465515551155,8,0.00625,0.9875,not read,False
llama-3.3-70b-versatile | 1 | NA | scale-by-scale | minimal,gut_diff | age,gut_diff,age,True,85,39,46,1.0,False,llama-3.3-70b-versatile,1.0,,scale-by-scale,minimal,-1.7878787878787878,,,True,False,undetermined,-1.2987750953461776,0.7101463328043716,3.412883562596672,0.25,True,False,no population gap,single df,0.5261984392419176,0.1591807975592528,inf,-0.294314381270903,0.4021533853962044,inf,-0.0001701077948735,8,0.00625,0.9875,not read,False
llama-3.3-70b-versatile | 1 | NA | scale-by-scale | none,bjw_score | political_identity,bjw_score,political_identity,False,85,11,53,1.0,False,llama-3.3-70b-versatile,1.0,,scale-by-scale,none,-0.0492917847025499,,,True,False,undetermined,-0.8247376275749545,6.879626135293655,1.2724204174935967,0.25,True,False,no population gap,single df,-0.149228130360207,0.4528419152533606,inf,3.0274442538593505,1.5422882777520266,inf,-0.3062784110671139,8,0.00625,0.9875,not read,False
llama-3.3-70b-versatile | 1 | NA | scale-by-scale | none,bjw_score | sex,bjw_score,sex,False,85,62,23,1.0,False,llama-3.3-70b-versatile,1.0,,scale-by-scale,none,0.0163398692810462,,,True,False,undetermined,-3.4784932878944645,2.190975756337663,4.403411142197722,0.25,True,False,no population gap,single df,-0.0105189340813467,0.353209431985738,inf,-0.6437587657784007,1.134935462177802,inf,-0.0748040947449558,8,0.00625,0.9875,not read,False
llama-3.3-70b-versatile | 1 | NA | scale-by-scale | none,bjw_score | education,bjw_score,education,False,85,41,44,1.0,False,llama-3.3-70b-versatile,1.0,,scale-by-scale,none,-0.3279242731575394,,,True,False,undetermined,-3.51943020478364,1.8797406260696696,3.2928006013723343,0.25,True,False,no population gap,single df,0.2688470066518853,0.2929505820014773,inf,-0.8198447893569849,1.080826157526246,inf,-0.071973762890628,8,0.00625,0.9875,not read,False
llama-3.3-70b-versatile | 1 | NA | scale-by-scale | none,bjw_score | age,bjw_score,age,False,85,39,46,1.0,False,llama-3.3-70b-versatile,1.0,,scale-by-scale,none,-0.2370948379351756,,,True,False,undetermined,-3.6131660383299007,1.7558639201582196,2.89076823095069,0.25,True,False,no population gap,single df,0.2201783723522865,0.3054957393087021,inf,-0.9286510590858406,1.0747924452612447,inf,-0.0761769309524133,8,0.00625,0.9875,not read,False
llama-3.3-70b-versatile | 1 | NA | scale-by-scale | none,gut_diff | political_identity,gut_diff,political_identity,False,85,11,53,1.0,False,llama-3.3-70b-versatile,1.0,,scale-by-scale,none,0.0,,,True,False,undetermined,-1.0461630573376757,2.5315832974748966,2.4085752019119284,0.25,True,False,no population gap,single df,0.0,0.0,inf,0.7427101200686106,0.7162066114260104,inf,0.0,8,0.00625,0.9875,not read,False
llama-3.3-70b-versatile | 1 | NA | scale-by-scale | none,gut_diff | sex,gut_diff,sex,False,85,62,23,1.0,False,llama-3.3-70b-versatile,1.0,,scale-by-scale,none,-0.0,,,True,False,undetermined,-1.5139845768883289,1.024503510969675,5.186080248260046,0.25,True,False,no population gap,single df,0.0,0.0,inf,-0.2447405329593268,0.5081640147867098,inf,0.0,8,0.00625,0.9875,not read,False
llama-3.3-70b-versatile | 1 | NA | scale-by-scale | none,gut_diff | education,gut_diff,education,False,85,41,44,1.0,False,llama-3.3-70b-versatile,1.0,,scale-by-scale,none,-0.0,,,True,False,undetermined,-1.2216746800862492,0.8092578286450074,4.924465384074174,0.25,True,False,no population gap,single df,0.0,0.0,inf,-0.2062084257206209,0.4065596456151067,inf,0.0,8,0.00625,0.9875,not read,False
llama-3.3-70b-versatile | 1 | NA | scale-by-scale | none,gut_diff | age,gut_diff,age,False,85,39,46,1.0,False,llama-3.3-70b-versatile,1.0,,scale-by-scale,none,-0.0,,,True,False,undetermined,-1.2987750953461776,0.7101463328043716,3.412883562596672,0.25,True,False,no population gap,single df,0.0,0.0,inf,-0.294314381270903,0.4021533853962044,inf,0.0,8,0.00625,0.9875,not read,False
llama-3.3-70b-versatile | 1.5 | NA | all-at-once | extensive,bjw_score | political_identity,bjw_score,political_identity,True,85,11,53,1.0,False,llama-3.3-70b-versatile,1.5,,all-at-once,extensive,0.5597733711048151,,,True,False,undetermined,-0.8247376275749545,6.879626135293655,1.2724204174935967,0.25,True,False,no population gap,single df,1.6946826758147502,0.1951313312269879,inf,3.0274442538593505,1.5422882777520266,inf,-0.0750716794893719,8,0.00625,0.9875,not read,False
llama-3.3-70b-versatile | 1.5 | NA | all-at-once | extensive,bjw_score | sex,bjw_score,sex,True,85,62,23,1.0,False,llama-3.3-70b-versatile,1.5,,all-at-once,extensive,0.5261437908496751,,,True,False,undetermined,-3.4784932878944645,2.190975756337663,4.403411142197722,0.25,True,False,no population gap,single df,-0.3387096774193558,0.1859335978117404,inf,-0.6437587657784007,1.134935462177802,inf,0.0514647876893578,8,0.00625,0.9875,not read,False
llama-3.3-70b-versatile | 1.5 | NA | all-at-once | extensive,bjw_score | education,bjw_score,education,True,85,41,44,1.0,False,llama-3.3-70b-versatile,1.5,,all-at-once,extensive,0.1075050709939166,,,True,False,undetermined,-3.51943020478364,1.8797406260696696,3.2928006013723343,0.25,True,False,no population gap,single df,-0.0881374722838153,0.2148135481639386,inf,-0.8198447893569849,1.080826157526246,inf,0.0483773358566963,8,0.00625,0.9875,not read,False
llama-3.3-70b-versatile | 1.5 | NA | all-at-once | extensive,bjw_score | age,bjw_score,age,True,85,39,46,1.0,False,llama-3.3-70b-versatile,1.5,,all-at-once,extensive,-0.0324129651860746,,,True,False,undetermined,-3.6131660383299007,1.7558639201582196,2.89076823095069,0.25,True,False,no population gap,single df,0.0301003344481607,0.2118232949806412,inf,-0.9286510590858406,1.0747924452612447,inf,0.0514157388623185,8,0.00625,0.9875,not read,False
llama-3.3-70b-versatile | 1.5 | NA | all-at-once | extensive,gut_diff | political_identity,gut_diff,political_identity,True,85,11,53,1.0,False,llama-3.3-70b-versatile,1.5,,all-at-once,extensive,3.237875288683603,,,True,False,kept or steepened,-1.0461630573376757,2.5315832974748966,2.4085752019119284,0.25,True,False,no population gap,single df,2.404802744425386,0.2873652874722702,inf,0.7427101200686106,0.7162066114260104,inf,0.0353721697674617,8,0.00625,0.9875,not read,False
llama-3.3-70b-versatile | 1.5 | NA | all-at-once | extensive,gut_diff | sex,gut_diff,sex,True,85,62,23,1.0,False,llama-3.3-70b-versatile,1.5,,all-at-once,extensive,0.8080229226361025,,,True,False,undetermined,-1.5139845768883289,1.024503510969675,5.186080248260046,0.25,True,False,no population gap,single df,-0.1977559607293126,0.2234301320217173,inf,-0.2447405329593268,0.5081640147867098,inf,0.0037803418094013,8,0.00625,0.9875,not read,False
llama-3.3-70b-versatile | 1.5 | NA | all-at-once | extensive,gut_diff | education,gut_diff,education,True,85,41,44,1.0,False,llama-3.3-70b-versatile,1.5,,all-at-once,extensive,-0.6559139784946234,,,True,False,undetermined,-1.2216746800862492,0.8092578286450074,4.924465384074174,0.25,True,False,no population gap,single df,0.1352549889135255,0.2443076361145419,inf,-0.2062084257206209,0.4065596456151067,inf,0.0122243212848314,8,0.00625,0.9875,not read,False
llama-3.3-70b-versatile | 1.5 | NA | all-at-once | extensive,gut_diff | age,gut_diff,age,True,85,39,46,1.0,False,llama-3.3-70b-versatile,1.5,,all-at-once,extensive,0.1022727272727275,,,True,False,undetermined,-1.2987750953461776,0.7101463328043716,3.412883562596672,0.25,True,False,no population gap,single df,-0.0301003344481606,0.2447779853579902,inf,-0.294314381270903,0.4021533853962044,inf,0.0102487769279893,8,0.00625,0.9875,not read,False
llama-3.3-70b-versatile | 1.5 | NA | all-at-once | minimal,bjw_score | political_identity,bjw_score,political_identity,False,85,11,53,1.0,False,llama-3.3-70b-versatile,1.5,,all-at-once,minimal,-0.0855524079320111,,,True,False,undetermined,-0.8247376275749545,6.879626135293655,1.2724204174935967,0.25,True,False,no population gap,single df,-0.2590051457975981,0.3225375572137023,inf,3.0274442538593505,1.5422882777520266,inf,-0.0609330680830644,8,0.00625,0.9875,not read,False
llama-3.3-70b-versatile | 1.5 | NA | all-at-once | minimal,bjw_score | sex,bjw_score,sex,True,85,62,23,1.0,False,llama-3.3-70b-versatile,1.5,,all-at-once,minimal,0.228758169934642,,,True,False,undetermined,-3.4784932878944645,2.190975756337663,4.403411142197722,0.25,True,False,no population gap,single df,-0.1472650771388508,0.2974959279754772,inf,-0.6437587657784007,1.134935462177802,inf,-0.0538512525114872,8,0.00625,0.9875,not read,False
llama-3.3-70b-versatile | 1.5 | NA | all-at-once | minimal,bjw_score | education,bjw_score,education,False,85,41,44,1.0,False,llama-3.3-70b-versatile,1.5,,all-at-once,minimal,0.0067613252197412,,,True,False,undetermined,-3.51943020478364,1.8797406260696696,3.2928006013723343,0.25,True,False,no population gap,single df,-0.0055432372505528,0.2497218910414314,inf,-0.8198447893569849,1.080826157526246,inf,-0.017397326809007,8,0.00625,0.9875,not read,False
llama-3.3-70b-versatile | 1.5 | NA | all-at-once | minimal,bjw_score | age,bjw_score,age,True,85,39,46,1.0,False,llama-3.3-70b-versatile,1.5,,all-at-once,minimal,-0.3091236494597864,,,True,False,undetermined,-3.6131660383299007,1.7558639201582196,2.89076823095069,0.25,True,False,no population gap,single df,0.2870680044593108,0.2497217369739967,inf,-0.9286510590858406,1.0747924452612447,inf,-0.0123687992508497,8,0.00625,0.9875,not read,False
llama-3.3-70b-versatile | 1.5 | NA | all-at-once | minimal,gut_diff | political_identity,gut_diff,political_identity,False,85,11,53,1.0,False,llama-3.3-70b-versatile,1.5,,all-at-once,minimal,0.0415704387990762,,,True,False,undetermined,-1.0461630573376757,2.5315832974748966,2.4085752019119284,0.25,True,False,no population gap,single df,0.0308747855917667,0.331355804647148,inf,0.7427101200686106,0.7162066114260104,inf,-0.003929411048715,8,0.00625,0.9875,not read,False
llama-3.3-70b-versatile | 1.5 | NA | all-at-once | minimal,gut_diff | sex,gut_diff,sex,True,85,62,23,1.0,False,llama-3.3-70b-versatile,1.5,,all-at-once,minimal,4.080229226361031,,,True,False,undetermined,-1.5139845768883289,1.024503510969675,5.186080248260046,0.25,True,False,no population gap,single df,-0.9985974754558204,0.2563583936650679,inf,-0.2447405329593268,0.5081640147867098,inf,-0.0258446306736275,8,0.00625,0.9875,not read,False
llama-3.3-70b-versatile | 1.5 | NA | all-at-once | minimal,gut_diff | education,gut_diff,education,False,85,41,44,1.0,False,llama-3.3-70b-versatile,1.5,,all-at-once,minimal,-0.5053763440860213,,,True,False,undetermined,-1.2216746800862492,0.8092578286450074,4.924465384074174,0.25,True,False,no population gap,single df,0.1042128603104212,0.2501867379153867,inf,-0.2062084257206209,0.4065596456151067,inf,0.0091788798492148,8,0.00625,0.9875,not read,False
llama-3.3-70b-versatile | 1.5 | NA | all-at-once | minimal,gut_diff | age,gut_diff,age,True,85,39,46,1.0,False,llama-3.3-70b-versatile,1.5,,all-at-once,minimal,-2.4943181818181817,,,True,False,reversed to attenuated,-1.2987750953461776,0.7101463328043716,3.412883562596672,0.25,True,False,no population gap,single df,0.7341137123745819,0.2415164451194873,inf,-0.294314381270903,0.4021533853962044,inf,0.0093722428950486,8,0.00625,0.9875,not read,False
llama-3.3-70b-versatile | 1.5 | NA | all-at-once | none,bjw_score | political_identity,bjw_score,political_identity,False,84,11,52,0.9882352941176472,False,llama-3.3-70b-versatile,1.5,,all-at-once,none,0.2321420788842873,,,True,False,undetermined,-0.8247376275749545,6.879626135293655,1.2724204174935967,0.25,True,False,no population gap,single df,0.7027972027971998,0.3221590858405139,inf,3.0274442538593505,1.5422882777520266,inf,0.1697273087653084,8,0.00625,0.9875,not read,False
llama-3.3-70b-versatile | 1.5 | NA | all-at-once | none,bjw_score | sex,bjw_score,sex,False,84,62,22,0.9882352941176472,False,llama-3.3-70b-versatile,1.5,,all-at-once,none,1.3506634977223242,,,True,False,undetermined,-3.4784932878944645,2.190975756337663,4.403411142197722,0.25,True,False,no population gap,single df,-0.8695014662756613,0.2707824038178261,inf,-0.6437587657784007,1.134935462177802,inf,0.0541133984319246,8,0.00625,0.9875,not read,False
llama-3.3-70b-versatile | 1.5 | NA | all-at-once | none,bjw_score | education,bjw_score,education,False,84,40,44,0.9882352941176472,False,llama-3.3-70b-versatile,1.5,,all-at-once,none,0.3049357674104123,,,True,False,undetermined,-3.51943020478364,1.8797406260696696,3.2928006013723343,0.25,True,False,no population gap,single df,-0.25,0.2756975989627145,inf,-0.8198447893569849,1.080826157526246,inf,0.0520710957506851,8,0.00625,0.9875,not read,False
llama-3.3-70b-versatile | 1.5 | NA | all-at-once | none,bjw_score | age,bjw_score,age,False,84,38,46,0.9882352941176472,False,llama-3.3-70b-versatile,1.5,,all-at-once,none,0.3092500157957925,,,True,False,undetermined,-3.6131660383299007,1.7558639201582196,2.89076823095069,0.25,True,False,no population gap,single df,-0.2871853546910756,0.2858776743893256,inf,-0.9286510590858406,1.0747924452612447,inf,0.0472179329691434,8,0.00625,0.9875,not read,False
llama-3.3-70b-versatile | 1.5 | NA | all-at-once | none,gut_diff | political_identity,gut_diff,political_identity,False,84,11,52,0.9882352941176472,False,llama-3.3-70b-versatile,1.5,,all-at-once,none,0.2024338248356724,,,True,False,undetermined,-1.0461630573376757,2.5315832974748966,2.4085752019119284,0.25,True,False,no population gap,single df,0.1503496503496503,0.2886109789431598,inf,0.7427101200686106,0.7162066114260104,inf,0.0778499263458027,8,0.00625,0.9875,not read,False
llama-3.3-70b-versatile | 1.5 | NA | all-at-once | none,gut_diff | sex,gut_diff,sex,False,84,62,22,0.9882352941176472,False,llama-3.3-70b-versatile,1.5,,all-at-once,none,1.7134670487106014,,,True,False,undetermined,-1.5139845768883289,1.024503510969675,5.186080248260046,0.25,True,False,no population gap,single df,-0.4193548387096774,0.2212893854933484,inf,-0.2447405329593268,0.5081640147867098,inf,0.0223128959227247,8,0.00625,0.9875,not read,False
llama-3.3-70b-versatile | 1.5 | NA | all-at-once | none,gut_diff | education,gut_diff,education,False,84,40,44,0.9882352941176472,False,llama-3.3-70b-versatile,1.5,,all-at-once,none,1.763440860215053,,,True,False,undetermined,-1.2216746800862492,0.8092578286450074,4.924465384074174,0.25,True,False,no population gap,single df,-0.3636363636363636,0.1770645367222569,inf,-0.2062084257206209,0.4065596456151067,inf,0.0058431611334828,8,0.00625,0.9875,not read,False
llama-3.3-70b-versatile | 1.5 | NA | all-at-once | none,gut_diff | age,gut_diff,age,False,84,38,46,0.9882352941176472,False,llama-3.3-70b-versatile,1.5,,all-at-once,none,-1.1040669856459329,,,True,False,undetermined,-1.2987750953461776,0.7101463328043716,3.412883562596672,0.25,True,False,no population gap,single df,0.3249427917620137,0.1828353315314049,inf,-0.294314381270903,0.4021533853962044,inf,0.009093353779582,8,0.00625,0.9875,not read,False
llama-3.3-70b-versatile | 1.5 | NA | item-by-item | extensive,bjw_score | political_identity,bjw_score,political_identity,True,83,10,52,0.976470588235294,False,llama-3.3-70b-versatile,1.5,,item-by-item,extensive,0.8105338853780775,,,True,False,undetermined,-0.8247376275749545,6.879626135293655,1.2724204174935967,0.25,True,False,no population gap,single df,2.453846153846154,0.7412967590738482,inf,3.0274442538593505,1.5422882777520266,inf,-0.0590873584150648,8,0.00625,0.9875,not read,False
llama-3.3-70b-versatile | 1.5 | NA | item-by-item | extensive,bjw_score | sex,bjw_score,sex,True,83,61,22,0.976470588235294,False,llama-3.3-70b-versatile,1.5,,item-by-item,extensive,0.9780949968992404,,,True,False,undetermined,-3.4784932878944645,2.190975756337663,4.403411142197722,0.25,True,False,no population gap,single df,-0.6296572280178836,0.5432772702716246,inf,-0.6437587657784007,1.134935462177802,inf,-0.0597241873550358,8,0.00625,0.9875,not read,False
llama-3.3-70b-versatile | 1.5 | NA | item-by-item | extensive,bjw_score | education,bjw_score,education,True,83,39,44,0.976470588235294,False,llama-3.3-70b-versatile,1.5,,item-by-item,extensive,0.5522962500650088,,,True,False,undetermined,-3.51943020478364,1.8797406260696696,3.2928006013723343,0.25,True,False,no population gap,single df,-0.4527972027971998,0.588735332319178,inf,-0.8198447893569849,1.080826157526246,inf,0.1293336555476756,8,0.00625,0.9875,not read,False
llama-3.3-70b-versatile | 1.5 | NA | item-by-item | extensive,bjw_score | age,bjw_score,age,True,83,39,44,0.976470588235294,False,llama-3.3-70b-versatile,1.5,,item-by-item,extensive,-0.1374276983520671,,,True,False,undetermined,-3.6131660383299007,1.7558639201582196,2.89076823095069,0.25,True,False,no population gap,single df,0.1276223776223766,0.574777471188808,inf,-0.9286510590858406,1.0747924452612447,inf,0.1007436287203385,8,0.00625,0.9875,not read,False
llama-3.3-70b-versatile | 1.5 | NA | item-by-item | extensive,gut_diff | political_identity,gut_diff,political_identity,True,83,10,52,0.976470588235294,False,llama-3.3-70b-versatile,1.5,,item-by-item,extensive,1.336063243915438,,,True,False,undetermined,-1.0461630573376757,2.5315832974748966,2.4085752019119284,0.25,True,False,no population gap,single df,0.9923076923076924,0.3388739100158794,inf,0.7427101200686106,0.7162066114260104,inf,0.0758015457184252,8,0.00625,0.9875,not read,False
llama-3.3-70b-versatile | 1.5 | NA | item-by-item | extensive,gut_diff | sex,gut_diff,sex,True,83,61,22,0.976470588235294,False,llama-3.3-70b-versatile,1.5,,item-by-item,extensive,2.3322244949376327,,,True,False,undetermined,-1.5139845768883289,1.024503510969675,5.186080248260046,0.25,True,False,no population gap,single df,-0.5707898658718331,0.2600038885940261,inf,-0.2447405329593268,0.5081640147867098,inf,0.0289312593092799,8,0.00625,0.9875,not read,False
llama-3.3-70b-versatile | 1.5 | NA | item-by-item | extensive,gut_diff | education,gut_diff,education,True,83,39,44,0.976470588235294,False,llama-3.3-70b-versatile,1.5,,item-by-item,extensive,-0.361731458505652,,,True,False,undetermined,-1.2216746800862492,0.8092578286450074,4.924465384074174,0.25,True,False,no population gap,single df,0.0745920745920746,0.2937574248522029,inf,-0.2062084257206209,0.4065596456151067,inf,0.0124216826232524,8,0.00625,0.9875,not read,False
llama-3.3-70b-versatile | 1.5 | NA | item-by-item | extensive,gut_diff | age,gut_diff,age,True,83,39,44,0.976470588235294,False,llama-3.3-70b-versatile,1.5,,item-by-item,extensive,-1.0751549586776856,,,True,False,undetermined,-1.2987750953461776,0.7101463328043716,3.412883562596672,0.25,True,False,no population gap,single df,0.3164335664335663,0.283601399606793,inf,-0.294314381270903,0.4021533853962044,inf,0.0098041380518748,8,0.00625,0.9875,not read,False
llama-3.3-70b-versatile | 1.5 | NA | item-by-item | minimal,bjw_score | political_identity,bjw_score,political_identity,False,84,10,53,0.9882352941176472,False,llama-3.3-70b-versatile,1.5,,item-by-item,minimal,-0.0062322946175635,,,True,False,undetermined,-0.8247376275749545,6.879626135293655,1.2724204174935967,0.25,True,False,no population gap,single df,-0.0188679245283012,0.2799666457640706,inf,3.0274442538593505,1.5422882777520266,inf,-0.0903986073891407,8,0.00625,0.9875,not read,False
llama-3.3-70b-versatile | 1.5 | NA | item-by-item | minimal,bjw_score | sex,bjw_score,sex,True,84,62,22,0.9882352941176472,False,llama-3.3-70b-versatile,1.5,,item-by-item,minimal,-1.0818974054268162,,,True,False,undetermined,-3.4784932878944645,2.190975756337663,4.403411142197722,0.25,True,False,no population gap,single df,0.6964809384164212,0.1719967541907756,inf,-0.6437587657784007,1.134935462177802,inf,-0.0344768631842768,8,0.00625,0.9875,not read,False
llama-3.3-70b-versatile | 1.5 | NA | item-by-item | minimal,bjw_score | education,bjw_score,education,False,84,41,43,0.9882352941176472,False,llama-3.3-70b-versatile,1.5,,item-by-item,minimal,-0.2068651036998558,,,True,False,undetermined,-3.51943020478364,1.8797406260696696,3.2928006013723343,0.25,True,False,no population gap,single df,0.1695972773681191,0.1497878918709678,inf,-0.8198447893569849,1.080826157526246,inf,0.0146693857121244,8,0.00625,0.9875,not read,False
llama-3.3-70b-versatile | 1.5 | NA | item-by-item | minimal,bjw_score | age,bjw_score,age,True,84,39,45,0.9882352941176472,False,llama-3.3-70b-versatile,1.5,,item-by-item,minimal,-0.0865146058423367,,,True,False,undetermined,-3.6131660383299007,1.7558639201582196,2.89076823095069,0.25,True,False,no population gap,single df,0.08034188034188,0.1510465076295872,inf,-0.9286510590858406,1.0747924452612447,inf,0.0145218587101004,8,0.00625,0.9875,not read,False
llama-3.3-70b-versatile | 1.5 | NA | item-by-item | minimal,gut_diff | political_identity,gut_diff,political_identity,False,84,10,53,0.9882352941176472,False,llama-3.3-70b-versatile,1.5,,item-by-item,minimal,0.2540415704387991,,,True,False,undetermined,-1.0461630573376757,2.5315832974748966,2.4085752019119284,0.25,True,False,no population gap,single df,0.1886792452830188,0.1735293979861645,inf,0.7427101200686106,0.7162066114260104,inf,-0.0034274301587579,8,0.00625,0.9875,not read,False
llama-3.3-70b-versatile | 1.5 | NA | item-by-item | minimal,gut_diff | sex,gut_diff,sex,True,84,62,22,0.9882352941176472,False,llama-3.3-70b-versatile,1.5,,item-by-item,minimal,-0.8926803855170615,,,True,False,undetermined,-1.5139845768883289,1.024503510969675,5.186080248260046,0.25,True,False,no population gap,single df,0.218475073313783,0.1905119716130673,inf,-0.2447405329593268,0.5081640147867098,inf,0.0017366042805395,8,0.00625,0.9875,not read,False
llama-3.3-70b-versatile | 1.5 | NA | item-by-item | minimal,gut_diff | education,gut_diff,education,False,84,41,43,0.9882352941176472,False,llama-3.3-70b-versatile,1.5,,item-by-item,minimal,-0.0687671917979494,,,True,False,undetermined,-1.2216746800862492,0.8092578286450074,4.924465384074174,0.25,True,False,no population gap,single df,0.0141803743618831,0.129569781299677,inf,-0.2062084257206209,0.4065596456151067,inf,0.0027856555810618,8,0.00625,0.9875,not read,False
llama-3.3-70b-versatile | 1.5 | NA | item-by-item | minimal,gut_diff | age,gut_diff,age,True,84,39,45,0.9882352941176472,False,llama-3.3-70b-versatile,1.5,,item-by-item,minimal,0.180050505050505,,,True,False,undetermined,-1.2987750953461776,0.7101463328043716,3.412883562596672,0.25,True,False,no population gap,single df,-0.052991452991453,0.1298381865466123,inf,-0.294314381270903,0.4021533853962044,inf,0.0016039104765747,8,0.00625,0.9875,not read,False
llama-3.3-70b-versatile | 1.5 | NA | item-by-item | none,bjw_score | political_identity,bjw_score,political_identity,False,83,11,51,0.976470588235294,False,llama-3.3-70b-versatile,1.5,,item-by-item,none,-0.0200188857412647,,,True,False,undetermined,-0.8247376275749545,6.879626135293655,1.2724204174935967,0.25,True,False,no population gap,single df,-0.0606060606060587,0.1562686114303136,inf,3.0274442538593505,1.5422882777520266,inf,0.0545355300831551,8,0.00625,0.9875,not read,False
llama-3.3-70b-versatile | 1.5 | NA | item-by-item | none,bjw_score | sex,bjw_score,sex,False,83,62,21,0.976470588235294,False,llama-3.3-70b-versatile,1.5,,item-by-item,none,0.2159456375142626,,,True,False,undetermined,-3.4784932878944645,2.190975756337663,4.403411142197722,0.25,True,False,no population gap,single df,-0.1390168970814116,0.1251123032979545,inf,-0.6437587657784007,1.134935462177802,inf,-0.0366060479435048,8,0.00625,0.9875,not read,False
llama-3.3-70b-versatile | 1.5 | NA | item-by-item | none,bjw_score | education,bjw_score,education,False,83,41,42,0.976470588235294,False,llama-3.3-70b-versatile,1.5,,item-by-item,none,-0.1551241186129593,,,True,False,undetermined,-3.51943020478364,1.8797406260696696,3.2928006013723343,0.25,True,False,no population gap,single df,0.1271777003484295,0.1169473072720808,inf,-0.8198447893569849,1.080826157526246,inf,-0.0099525973613946,8,0.00625,0.9875,not read,False
llama-3.3-70b-versatile | 1.5 | NA | item-by-item | none,bjw_score | age,bjw_score,age,False,83,38,45,0.976470588235294,False,llama-3.3-70b-versatile,1.5,,item-by-item,none,-0.129093742760262,,,True,False,undetermined,-3.6131660383299007,1.7558639201582196,2.89076823095069,0.25,True,False,no population gap,single df,0.1198830409356723,0.1150108423346768,inf,-0.9286510590858406,1.0747924452612447,inf,-0.01144189105099,8,0.00625,0.9875,not read,False
llama-3.3-70b-versatile | 1.5 | NA | item-by-item | none,gut_diff | political_identity,gut_diff,political_identity,False,83,11,51,0.976470588235294,False,llama-3.3-70b-versatile,1.5,,item-by-item,none,0.6264094552370603,,,True,False,undetermined,-1.0461630573376757,2.5315832974748966,2.4085752019119284,0.25,True,False,no population gap,single df,0.46524064171123,0.4707679116771505,inf,0.7427101200686106,0.7162066114260104,inf,0.1314012363899553,8,0.00625,0.9875,not read,False
llama-3.3-70b-versatile | 1.5 | NA | item-by-item | none,gut_diff | sex,gut_diff,sex,False,83,62,21,0.976470588235294,False,llama-3.3-70b-versatile,1.5,,item-by-item,none,0.4267976531586848,,,True,False,undetermined,-1.5139845768883289,1.024503510969675,5.186080248260046,0.25,True,False,no population gap,single df,-0.1044546850998464,0.2783125564307377,inf,-0.2447405329593268,0.5081640147867098,inf,0.0294700113676444,8,0.00625,0.9875,not read,False
llama-3.3-70b-versatile | 1.5 | NA | item-by-item | none,gut_diff | education,gut_diff,education,False,83,41,42,0.976470588235294,False,llama-3.3-70b-versatile,1.5,,item-by-item,none,-2.272657450076804,,,True,False,undetermined,-1.2216746800862492,0.8092578286450074,4.924465384074174,0.25,True,False,no population gap,single df,0.4686411149825784,0.2523621517851004,inf,-0.2062084257206209,0.4065596456151067,inf,0.0086503486176853,8,0.00625,0.9875,not read,False
llama-3.3-70b-versatile | 1.5 | NA | item-by-item | none,gut_diff | age,gut_diff,age,False,83,38,45,0.976470588235294,False,llama-3.3-70b-versatile,1.5,,item-by-item,none,-1.1643673577884104,,,True,False,undetermined,-1.2987750953461776,0.7101463328043716,3.412883562596672,0.25,True,False,no population gap,single df,0.3426900584795322,0.2529799903034024,inf,-0.294314381270903,0.4021533853962044,inf,0.0116951415682122,8,0.00625,0.9875,not read,False
llama-3.3-70b-versatile | 1.5 | NA | scale-by-scale | extensive,bjw_score | political_identity,bjw_score,political_identity,True,85,11,53,1.0,False,llama-3.3-70b-versatile,1.5,,scale-by-scale,extensive,1.6402266288951837,,,True,False,undetermined,-0.8247376275749545,6.879626135293655,1.2724204174935967,0.25,True,False,no population gap,single df,4.965694682675817,0.8481751873972688,inf,3.0274442538593505,1.5422882777520266,inf,0.1731608007063061,8,0.00625,0.9875,not read,False
llama-3.3-70b-versatile | 1.5 | NA | scale-by-scale | extensive,bjw_score | sex,bjw_score,sex,True,85,62,23,1.0,False,llama-3.3-70b-versatile,1.5,,scale-by-scale,extensive,1.773420479302836,,,True,False,undetermined,-3.4784932878944645,2.190975756337663,4.403411142197722,0.25,True,False,no population gap,single df,-1.1416549789621335,0.7269325198623551,inf,-0.6437587657784007,1.134935462177802,inf,0.1389336905232616,8,0.00625,0.9875,not read,False
llama-3.3-70b-versatile | 1.5 | NA | scale-by-scale | extensive,bjw_score | education,bjw_score,education,True,85,41,44,1.0,False,llama-3.3-70b-versatile,1.5,,scale-by-scale,extensive,1.0912778904665308,,,True,False,undetermined,-3.51943020478364,1.8797406260696696,3.2928006013723343,0.25,True,False,no population gap,single df,-0.8946784922394677,0.8411699156644081,inf,-0.8198447893569849,1.080826157526246,inf,0.3207245468026302,8,0.00625,0.9875,not read,False
llama-3.3-70b-versatile | 1.5 | NA | scale-by-scale | extensive,bjw_score | age,bjw_score,age,True,85,39,46,1.0,False,llama-3.3-70b-versatile,1.5,,scale-by-scale,extensive,0.1176470588235296,,,True,False,undetermined,-3.6131660383299007,1.7558639201582196,2.89076823095069,0.25,True,False,no population gap,single df,-0.1092530657748049,0.84764408725407,inf,-0.9286510590858406,1.0747924452612447,inf,0.2969802566347694,8,0.00625,0.9875,not read,False
llama-3.3-70b-versatile | 1.5 | NA | scale-by-scale | extensive,gut_diff | political_identity,gut_diff,political_identity,True,85,11,53,1.0,False,llama-3.3-70b-versatile,1.5,,scale-by-scale,extensive,3.852193995381063,,,True,False,kept or steepened,-1.0461630573376757,2.5315832974748966,2.4085752019119284,0.25,True,False,no population gap,single df,2.86106346483705,0.4273474638150999,inf,0.7427101200686106,0.7162066114260104,inf,0.0844573418118936,8,0.00625,0.9875,not read,False
llama-3.3-70b-versatile | 1.5 | NA | scale-by-scale | extensive,gut_diff | sex,gut_diff,sex,True,85,62,23,1.0,False,llama-3.3-70b-versatile,1.5,,scale-by-scale,extensive,2.7392550143266465,,,True,False,undetermined,-1.5139845768883289,1.024503510969675,5.186080248260046,0.25,True,False,no population gap,single df,-0.670406732117812,0.2864221544967371,inf,-0.2447405329593268,0.5081640147867098,inf,-0.0090473436396333,8,0.00625,0.9875,not read,False
llama-3.3-70b-versatile | 1.5 | NA | scale-by-scale | extensive,gut_diff | education,gut_diff,education,True,85,41,44,1.0,False,llama-3.3-70b-versatile,1.5,,scale-by-scale,extensive,0.2768817204301075,,,True,False,undetermined,-1.2216746800862492,0.8092578286450074,4.924465384074174,0.25,True,False,no population gap,single df,-0.0570953436807095,0.3216848439294086,inf,-0.2062084257206209,0.4065596456151067,inf,0.0155164629912631,8,0.00625,0.9875,not read,False
llama-3.3-70b-versatile | 1.5 | NA | scale-by-scale | extensive,gut_diff | age,gut_diff,age,True,85,39,46,1.0,False,llama-3.3-70b-versatile,1.5,,scale-by-scale,extensive,-0.403409090909091,,,True,False,undetermined,-1.2987750953461776,0.7101463328043716,3.412883562596672,0.25,True,False,no population gap,single df,0.1187290969899665,0.3163457488431769,inf,-0.294314381270903,0.4021533853962044,inf,0.0127617065969063,8,0.00625,0.9875,not read,False
llama-3.3-70b-versatile | 1.5 | NA | scale-by-scale | minimal,bjw_score | political_identity,bjw_score,political_identity,False,84,11,52,0.9882352941176472,False,llama-3.3-70b-versatile,1.5,,scale-by-scale,minimal,-0.0496622357812157,,,True,False,undetermined,-0.8247376275749545,6.879626135293655,1.2724204174935967,0.25,True,False,no population gap,single df,-0.1503496503496499,0.16011810391598,inf,3.0274442538593505,1.5422882777520266,inf,0.0491755829825002,8,0.00625,0.9875,not read,False
llama-3.3-70b-versatile | 1.5 | NA | scale-by-scale | minimal,bjw_score | sex,bjw_score,sex,True,84,61,23,0.9882352941176472,False,llama-3.3-70b-versatile,1.5,,scale-by-scale,minimal,0.3852994749812524,,,True,False,undetermined,-3.4784932878944645,2.190975756337663,4.403411142197722,0.25,True,False,no population gap,single df,-0.2480399144689968,0.1337765353206747,inf,-0.6437587657784007,1.134935462177802,inf,0.0016831158265782,8,0.00625,0.9875,not read,False
llama-3.3-70b-versatile | 1.5 | NA | scale-by-scale | minimal,bjw_score | education,bjw_score,education,False,84,41,43,0.9882352941176472,False,llama-3.3-70b-versatile,1.5,,scale-by-scale,minimal,0.1494410113684581,,,True,False,undetermined,-3.51943020478364,1.8797406260696696,3.2928006013723343,0.25,True,False,no population gap,single df,-0.1225184344866683,0.1363380139501438,inf,-0.8198447893569849,1.080826157526246,inf,-0.0056387052305943,8,0.00625,0.9875,not read,False
llama-3.3-70b-versatile | 1.5 | NA | scale-by-scale | minimal,bjw_score | age,bjw_score,age,True,84,39,45,0.9882352941176472,False,llama-3.3-70b-versatile,1.5,,scale-by-scale,minimal,-0.3239695878351371,,,True,False,undetermined,-3.6131660383299007,1.7558639201582196,2.89076823095069,0.25,True,False,no population gap,single df,0.3008547008547033,0.1382700834376087,inf,-0.9286510590858406,1.0747924452612447,inf,0.0029577692673964,8,0.00625,0.9875,not read,False
llama-3.3-70b-versatile | 1.5 | NA | scale-by-scale | minimal,gut_diff | political_identity,gut_diff,political_identity,False,84,11,52,0.9882352941176472,False,llama-3.3-70b-versatile,1.5,,scale-by-scale,minimal,0.0800319772606146,,,True,False,undetermined,-1.0461630573376757,2.5315832974748966,2.4085752019119284,0.25,True,False,no population gap,single df,0.0594405594405594,0.192506818748194,inf,0.7427101200686106,0.7162066114260104,inf,-0.0282138284893442,8,0.00625,0.9875,not read,False
llama-3.3-70b-versatile | 1.5 | NA | scale-by-scale | minimal,gut_diff | sex,gut_diff,sex,True,84,61,23,0.9882352941176472,False,llama-3.3-70b-versatile,1.5,,scale-by-scale,minimal,3.3462351449105165,,,True,False,undetermined,-1.5139845768883289,1.024503510969675,5.186080248260046,0.25,True,False,no population gap,single df,-0.8189593727726301,0.1535736415426372,inf,-0.2447405329593268,0.5081640147867098,inf,-0.0115172457883451,8,0.00625,0.9875,not read,False
llama-3.3-70b-versatile | 1.5 | NA | scale-by-scale | minimal,gut_diff | education,gut_diff,education,False,84,41,43,0.9882352941176472,False,llama-3.3-70b-versatile,1.5,,scale-by-scale,minimal,-0.4703675918979745,,,True,False,undetermined,-1.2216746800862492,0.8092578286450074,4.924465384074174,0.25,True,False,no population gap,single df,0.0969937606352808,0.1645618896957328,inf,-0.2062084257206209,0.4065596456151067,inf,-0.0037999705501158,8,0.00625,0.9875,not read,False
llama-3.3-70b-versatile | 1.5 | NA | scale-by-scale | minimal,gut_diff | age,gut_diff,age,True,84,39,45,0.9882352941176472,False,llama-3.3-70b-versatile,1.5,,scale-by-scale,minimal,-1.4810606060606055,,,True,False,undetermined,-1.2987750953461776,0.7101463328043716,3.412883562596672,0.25,True,False,no population gap,single df,0.4358974358974358,0.1653467990654639,inf,-0.294314381270903,0.4021533853962044,inf,-0.0006669628029647,8,0.00625,0.9875,not read,False
llama-3.3-70b-versatile | 1.5 | NA | scale-by-scale | none,bjw_score | political_identity,bjw_score,political_identity,False,84,11,52,0.9882352941176472,False,llama-3.3-70b-versatile,1.5,,scale-by-scale,none,-0.0669862715188484,,,True,False,undetermined,-0.8247376275749545,6.879626135293655,1.2724204174935967,0.25,True,False,no population gap,single df,-0.2027972027971998,0.3065505299553792,inf,3.0274442538593505,1.5422882777520266,inf,0.0769371619664649,8,0.00625,0.9875,not read,False
llama-3.3-70b-versatile | 1.5 | NA | scale-by-scale | none,bjw_score | sex,bjw_score,sex,False,84,61,23,0.9882352941176472,False,llama-3.3-70b-versatile,1.5,,scale-by-scale,none,0.1915425550912513,,,True,False,undetermined,-3.4784932878944645,2.190975756337663,4.403411142197722,0.25,True,False,no population gap,single df,-0.1233071988595853,0.3476648156491477,inf,-0.6437587657784007,1.134935462177802,inf,0.0388181176381366,8,0.00625,0.9875,not read,False
llama-3.3-70b-versatile | 1.5 | NA | scale-by-scale | none,bjw_score | education,bjw_score,education,False,84,40,44,0.9882352941176472,False,llama-3.3-70b-versatile,1.5,,scale-by-scale,none,0.2217714672075745,,,True,False,undetermined,-3.51943020478364,1.8797406260696696,3.2928006013723343,0.25,True,False,no population gap,single df,-0.1818181818181834,0.2846401852857579,inf,-0.8198447893569849,1.080826157526246,inf,0.0500809664043361,8,0.00625,0.9875,not read,False
llama-3.3-70b-versatile | 1.5 | NA | scale-by-scale | none,bjw_score | age,bjw_score,age,False,84,38,46,0.9882352941176472,False,llama-3.3-70b-versatile,1.5,,scale-by-scale,none,0.2131484172616423,,,True,False,undetermined,-3.6131660383299007,1.7558639201582196,2.89076823095069,0.25,True,False,no population gap,single df,-0.1979405034324948,0.2866413850922996,inf,-0.9286510590858406,1.0747924452612447,inf,0.0375896878827832,8,0.00625,0.9875,not read,False
llama-3.3-70b-versatile | 1.5 | NA | scale-by-scale | none,gut_diff | political_identity,gut_diff,political_identity,False,84,11,52,0.9882352941176472,False,llama-3.3-70b-versatile,1.5,,scale-by-scale,none,0.0,,,True,False,undetermined,-1.0461630573376757,2.5315832974748966,2.4085752019119284,0.25,True,False,no population gap,single df,0.0,0.0,inf,0.7427101200686106,0.7162066114260104,inf,0.0,8,0.00625,0.9875,not read,False
llama-3.3-70b-versatile | 1.5 | NA | scale-by-scale | none,gut_diff | sex,gut_diff,sex,False,84,61,23,0.9882352941176472,False,llama-3.3-70b-versatile,1.5,,scale-by-scale,none,-0.0,,,True,False,undetermined,-1.5139845768883289,1.024503510969675,5.186080248260046,0.25,True,False,no population gap,single df,0.0,0.0,inf,-0.2447405329593268,0.5081640147867098,inf,0.0,8,0.00625,0.9875,not read,False
llama-3.3-70b-versatile | 1.5 | NA | scale-by-scale | none,gut_diff | education,gut_diff,education,False,84,40,44,0.9882352941176472,False,llama-3.3-70b-versatile,1.5,,scale-by-scale,none,-0.0,,,True,False,undetermined,-1.2216746800862492,0.8092578286450074,4.924465384074174,0.25,True,False,no population gap,single df,0.0,0.0,inf,-0.2062084257206209,0.4065596456151067,inf,0.0,8,0.00625,0.9875,not read,False
llama-3.3-70b-versatile | 1.5 | NA | scale-by-scale | none,gut_diff | age,gut_diff,age,False,84,38,46,0.9882352941176472,False,llama-3.3-70b-versatile,1.5,,scale-by-scale,none,-0.0,,,True,False,undetermined,-1.2987750953461776,0.7101463328043716,3.412883562596672,0.25,True,False,no population gap,single df,0.0,0.0,inf,-0.294314381270903,0.4021533853962044,inf,0.0,8,0.00625,0.9875,not read,False
o3-mini-2025-01-31 | NA | high | all-at-once | extensive,bjw_score | political_identity,bjw_score,political_identity,True,85,11,53,1.0,False,o3-mini-2025-01-31,,high,all-at-once,extensive,5.27478753541076,,,True,False,steepened,-0.8247376275749545,6.879626135293655,1.2724204174935967,0.25,True,False,no population gap,single df,15.969125214408232,1.0425336762149626,inf,3.0274442538593505,1.5422882777520266,inf,-0.1838474906718723,8,0.00625,0.9875,not read,False
o3-mini-2025-01-31 | NA | high | all-at-once | extensive,bjw_score | sex,bjw_score,sex,True,85,62,23,1.0,False,o3-mini-2025-01-31,,high,all-at-once,extensive,1.6023965141612224,,,True,False,undetermined,-3.4784932878944645,2.190975756337663,4.403411142197722,0.25,True,False,no population gap,single df,-1.0315568022440402,1.559608604674907,inf,-0.6437587657784007,1.134935462177802,inf,0.6181377494262934,8,0.00625,0.9875,not read,False
o3-mini-2025-01-31 | NA | high | all-at-once | extensive,bjw_score | education,bjw_score,education,True,85,41,44,1.0,False,o3-mini-2025-01-31,,high,all-at-once,extensive,-0.0013522650439473,,,True,False,undetermined,-3.51943020478364,1.8797406260696696,3.2928006013723343,0.25,True,False,no population gap,single df,0.0011086474501098,1.4139397415997763,inf,-0.8198447893569849,1.080826157526246,inf,0.3715566032538063,8,0.00625,0.9875,not read,False
o3-mini-2025-01-31 | NA | high | all-at-once | extensive,bjw_score | age,bjw_score,age,True,85,39,46,1.0,False,o3-mini-2025-01-31,,high,all-at-once,extensive,-1.5504201680672285,,,True,False,undetermined,-3.6131660383299007,1.7558639201582196,2.89076823095069,0.25,True,False,no population gap,single df,1.4397993311036783,1.432905461583318,inf,-0.9286510590858406,1.0747924452612447,inf,0.3762076063149544,8,0.00625,0.9875,not read,False
o3-mini-2025-01-31 | NA | high | all-at-once | extensive,gut_diff | political_identity,gut_diff,political_identity,True,85,11,53,1.0,False,o3-mini-2025-01-31,,high,all-at-once,extensive,3.434180138568129,,,True,False,kept or steepened,-1.0461630573376757,2.5315832974748966,2.4085752019119284,0.25,True,False,no population gap,single df,2.550600343053173,0.3925859035276749,inf,0.7427101200686106,0.7162066114260104,inf,0.0122720318739232,8,0.00625,0.9875,not read,False
o3-mini-2025-01-31 | NA | high | all-at-once | extensive,gut_diff | sex,gut_diff,sex,True,85,62,23,1.0,False,o3-mini-2025-01-31,,high,all-at-once,extensive,3.022922636103151,,,True,False,undetermined,-1.5139845768883289,1.024503510969675,5.186080248260046,0.25,True,False,no population gap,single df,-0.7398316970546984,0.3046743824267266,inf,-0.2447405329593268,0.5081640147867098,inf,0.0103741134108201,8,0.00625,0.9875,not read,False
o3-mini-2025-01-31 | NA | high | all-at-once | extensive,gut_diff | education,gut_diff,education,True,85,41,44,1.0,False,o3-mini-2025-01-31,,high,all-at-once,extensive,0.7661290322580641,,,True,False,undetermined,-1.2216746800862492,0.8092578286450074,4.924465384074174,0.25,True,False,no population gap,single df,-0.1579822616407982,0.3125587227132393,inf,-0.2062084257206209,0.4065596456151067,inf,0.0119060376890482,8,0.00625,0.9875,not read,False
o3-mini-2025-01-31 | NA | high | all-at-once | extensive,gut_diff | age,gut_diff,age,True,85,39,46,1.0,False,o3-mini-2025-01-31,,high,all-at-once,extensive,-0.0284090909090908,,,True,False,undetermined,-1.2987750953461776,0.7101463328043716,3.412883562596672,0.25,True,False,no population gap,single df,0.0083612040133779,0.3094772892254867,inf,-0.294314381270903,0.4021533853962044,inf,0.0098220174117836,8,0.00625,0.9875,not read,False
o3-mini-2025-01-31 | NA | high | all-at-once | minimal,bjw_score | political_identity,bjw_score,political_identity,False,85,11,53,1.0,False,o3-mini-2025-01-31,,high,all-at-once,minimal,-0.5960339943342774,,,True,False,undetermined,-0.8247376275749545,6.879626135293655,1.2724204174935967,0.25,True,False,no population gap,single df,-1.804459691252145,1.6199479516528614,inf,3.0274442538593505,1.5422882777520266,inf,0.4104810149876017,8,0.00625,0.9875,not read,False
o3-mini-2025-01-31 | NA | high | all-at-once | minimal,bjw_score | sex,bjw_score,sex,True,85,62,23,1.0,False,o3-mini-2025-01-31,,high,all-at-once,minimal,10.421568627450986,,,True,False,steepened,-3.4784932878944645,2.190975756337663,4.403411142197722,0.25,True,False,no population gap,single df,-6.708976157082748,0.7522492836169821,inf,-0.6437587657784007,1.134935462177802,inf,0.0367691259733771,8,0.00625,0.9875,not read,False
o3-mini-2025-01-31 | NA | high | all-at-once | minimal,bjw_score | education,bjw_score,education,False,85,41,44,1.0,False,o3-mini-2025-01-31,,high,all-at-once,minimal,0.58553076402975,,,True,False,undetermined,-3.51943020478364,1.8797406260696696,3.2928006013723343,0.25,True,False,no population gap,single df,-0.4800443458980048,1.0151351275002265,inf,-0.8198447893569849,1.080826157526246,inf,-0.0344207277520965,8,0.00625,0.9875,not read,False
o3-mini-2025-01-31 | NA | high | all-at-once | minimal,bjw_score | age,bjw_score,age,True,85,39,46,1.0,False,o3-mini-2025-01-31,,high,all-at-once,minimal,-5.096638655462191,,,True,False,reversed,-3.6131660383299007,1.7558639201582196,2.89076823095069,0.25,True,False,no population gap,single df,4.7329988851727975,0.8766073916665266,inf,-0.9286510590858406,1.0747924452612447,inf,-0.0155763663446202,8,0.00625,0.9875,not read,False
o3-mini-2025-01-31 | NA | high | all-at-once | minimal,gut_diff | political_identity,gut_diff,political_identity,False,85,11,53,1.0,False,o3-mini-2025-01-31,,high,all-at-once,minimal,0.0531177829099309,,,True,False,undetermined,-1.0461630573376757,2.5315832974748966,2.4085752019119284,0.25,True,False,no population gap,single df,0.0394511149228131,0.3442165469833266,inf,0.7427101200686106,0.7162066114260104,inf,-0.0270405265963824,8,0.00625,0.9875,not read,False
o3-mini-2025-01-31 | NA | high | all-at-once | minimal,gut_diff | sex,gut_diff,sex,True,85,62,23,1.0,False,o3-mini-2025-01-31,,high,all-at-once,minimal,5.882521489971345,,,True,False,kept or steepened,-1.5139845768883289,1.024503510969675,5.186080248260046,0.25,True,False,no population gap,single df,-1.4396914446002804,0.2602756677228657,inf,-0.2447405329593268,0.5081640147867098,inf,0.000518758753783,8,0.00625,0.9875,not read,False
o3-mini-2025-01-31 | NA | high | all-at-once | minimal,gut_diff | education,gut_diff,education,False,85,41,44,1.0,False,o3-mini-2025-01-31,,high,all-at-once,minimal,-0.916666666666666,,,True,False,undetermined,-1.2216746800862492,0.8092578286450074,4.924465384074174,0.25,True,False,no population gap,single df,0.1890243902439023,0.2401374169932323,inf,-0.2062084257206209,0.4065596456151067,inf,0.0124804082671314,8,0.00625,0.9875,not read,False
o3-mini-2025-01-31 | NA | high | all-at-once | minimal,gut_diff | age,gut_diff,age,True,85,39,46,1.0,False,o3-mini-2025-01-31,,high,all-at-once,minimal,-1.721590909090909,,,True,False,undetermined,-1.2987750953461776,0.7101463328043716,3.412883562596672,0.25,True,False,no population gap,single df,0.5066889632107023,0.2351244370843449,inf,-0.294314381270903,0.4021533853962044,inf,0.0118739712567656,8,0.00625,0.9875,not read,False
o3-mini-2025-01-31 | NA | high | all-at-once | none,bjw_score | political_identity,bjw_score,political_identity,False,85,11,53,1.0,False,o3-mini-2025-01-31,,high,all-at-once,none,0.2747875354107645,,,True,False,undetermined,-0.8247376275749545,6.879626135293655,1.2724204174935967,0.25,True,False,no population gap,single df,0.8319039451114918,0.5783036894685915,inf,3.0274442538593505,1.5422882777520266,inf,-0.2026343405641694,8,0.00625,0.9875,not read,False
o3-mini-2025-01-31 | NA | high | all-at-once | none,bjw_score | sex,bjw_score,sex,False,85,62,23,1.0,False,o3-mini-2025-01-31,,high,all-at-once,none,-0.3649237472766905,,,True,False,undetermined,-3.4784932878944645,2.190975756337663,4.403411142197722,0.25,True,False,no population gap,single df,0.2349228611500713,0.4089942675588706,inf,-0.6437587657784007,1.134935462177802,inf,0.0805791443091446,8,0.00625,0.9875,not read,False
o3-mini-2025-01-31 | NA | high | all-at-once | none,bjw_score | education,bjw_score,education,False,85,41,44,1.0,False,o3-mini-2025-01-31,,high,all-at-once,none,-0.1859364435429342,,,True,False,undetermined,-3.51943020478364,1.8797406260696696,3.2928006013723343,0.25,True,False,no population gap,single df,0.1524390243902438,0.3826915468982219,inf,-0.8198447893569849,1.080826157526246,inf,0.0539482662768727,8,0.00625,0.9875,not read,False
o3-mini-2025-01-31 | NA | high | all-at-once | none,bjw_score | age,bjw_score,age,False,85,39,46,1.0,False,o3-mini-2025-01-31,,high,all-at-once,none,0.3121248499399739,,,True,False,undetermined,-3.6131660383299007,1.7558639201582196,2.89076823095069,0.25,True,False,no population gap,single df,-0.2898550724637658,0.3917489623829171,inf,-0.9286510590858406,1.0747924452612447,inf,0.0443210684360963,8,0.00625,0.9875,not read,False
o3-mini-2025-01-31 | NA | high | all-at-once | none,gut_diff | political_identity,gut_diff,political_identity,False,85,11,53,1.0,False,o3-mini-2025-01-31,,high,all-at-once,none,1.046189376443418,,,True,False,undetermined,-1.0461630573376757,2.5315832974748966,2.4085752019119284,0.25,True,False,no population gap,single df,0.7770154373927958,0.3308241577072114,inf,0.7427101200686106,0.7162066114260104,inf,0.0436624610261364,8,0.00625,0.9875,not read,False
o3-mini-2025-01-31 | NA | high | all-at-once | none,gut_diff | sex,gut_diff,sex,False,85,62,23,1.0,False,o3-mini-2025-01-31,,high,all-at-once,none,-0.2578796561604571,,,True,False,undetermined,-1.5139845768883289,1.024503510969675,5.186080248260046,0.25,True,False,no population gap,single df,0.0631136044880782,0.2886908355023042,inf,-0.2447405329593268,0.5081640147867098,inf,-0.0270891214745012,8,0.00625,0.9875,not read,False
o3-mini-2025-01-31 | NA | high | all-at-once | none,gut_diff | education,gut_diff,education,False,85,41,44,1.0,False,o3-mini-2025-01-31,,high,all-at-once,none,-2.231182795698923,,,True,False,undetermined,-1.2216746800862492,0.8092578286450074,4.924465384074174,0.25,True,False,no population gap,single df,0.4600886917960087,0.2566489687764849,inf,-0.2062084257206209,0.4065596456151067,inf,0.0032949742187144,8,0.00625,0.9875,not read,False
o3-mini-2025-01-31 | NA | high | all-at-once | none,gut_diff | age,gut_diff,age,False,85,39,46,1.0,False,o3-mini-2025-01-31,,high,all-at-once,none,-0.3409090909090906,,,True,False,undetermined,-1.2987750953461776,0.7101463328043716,3.412883562596672,0.25,True,False,no population gap,single df,0.100334448160535,0.2650997372243602,inf,-0.294314381270903,0.4021533853962044,inf,-0.0033733940905103,8,0.00625,0.9875,not read,False
o3-mini-2025-01-31 | NA | high | item-by-item | extensive,bjw_score | political_identity,bjw_score,political_identity,True,85,11,53,1.0,False,o3-mini-2025-01-31,,high,item-by-item,extensive,5.738243626062318,,,True,False,steepened,-0.8247376275749545,6.879626135293655,1.2724204174935967,0.25,True,False,no population gap,single df,17.37221269296741,1.0803685587620355,inf,3.0274442538593505,1.5422882777520266,inf,0.0918105399842798,8,0.00625,0.9875,not read,False
o3-mini-2025-01-31 | NA | high | item-by-item | extensive,bjw_score | sex,bjw_score,sex,True,85,62,23,1.0,False,o3-mini-2025-01-31,,high,item-by-item,extensive,3.98257080610022,,,True,False,undetermined,-3.4784932878944645,2.190975756337663,4.403411142197722,0.25,True,False,no population gap,single df,-2.5638148667601683,1.593307558383463,inf,-0.6437587657784007,1.134935462177802,inf,0.4688853015342297,8,0.00625,0.9875,not read,False
o3-mini-2025-01-31 | NA | high | item-by-item | extensive,bjw_score | education,bjw_score,education,True,85,41,44,1.0,False,o3-mini-2025-01-31,,high,item-by-item,extensive,1.5605138607167015,,,True,False,undetermined,-3.51943020478364,1.8797406260696696,3.2928006013723343,0.25,True,False,no population gap,single df,-1.2793791574279396,1.5594372821048832,inf,-0.8198447893569849,1.080826157526246,inf,0.4160106903620191,8,0.00625,0.9875,not read,False
o3-mini-2025-01-31 | NA | high | item-by-item | extensive,bjw_score | age,bjw_score,age,True,85,39,46,1.0,False,o3-mini-2025-01-31,,high,item-by-item,extensive,-1.325330132052822,,,True,False,undetermined,-3.6131660383299007,1.7558639201582196,2.89076823095069,0.25,True,False,no population gap,single df,1.23076923076923,1.6062434138458246,inf,-0.9286510590858406,1.0747924452612447,inf,0.4435959169376198,8,0.00625,0.9875,not read,False
o3-mini-2025-01-31 | NA | high | item-by-item | extensive,gut_diff | political_identity,gut_diff,political_identity,True,85,11,53,1.0,False,o3-mini-2025-01-31,,high,item-by-item,extensive,5.750577367205543,,,True,False,steepened,-1.0461630573376757,2.5315832974748966,2.4085752019119284,0.25,True,False,no population gap,single df,4.271012006861064,0.7474227188370258,inf,0.7427101200686106,0.7162066114260104,inf,0.091362803560168,8,0.00625,0.9875,not read,False
o3-mini-2025-01-31 | NA | high | item-by-item | extensive,gut_diff | sex,gut_diff,sex,True,85,62,23,1.0,False,o3-mini-2025-01-31,,high,item-by-item,extensive,6.329512893982806,,,True,False,undetermined,-1.5139845768883289,1.024503510969675,5.186080248260046,0.25,True,False,no population gap,single df,-1.5490883590462832,0.5702477958203045,inf,-0.2447405329593268,0.5081640147867098,inf,0.0289555886498616,8,0.00625,0.9875,not read,False
o3-mini-2025-01-31 | NA | high | item-by-item | extensive,gut_diff | education,gut_diff,education,True,85,41,44,1.0,False,o3-mini-2025-01-31,,high,item-by-item,extensive,3.849462365591396,,,True,False,undetermined,-1.2216746800862492,0.8092578286450074,4.924465384074174,0.25,True,False,no population gap,single df,-0.7937915742793791,0.5286586822513824,inf,-0.2062084257206209,0.4065596456151067,inf,0.0255286609541066,8,0.00625,0.9875,not read,False
o3-mini-2025-01-31 | NA | high | item-by-item | extensive,gut_diff | age,gut_diff,age,True,85,39,46,1.0,False,o3-mini-2025-01-31,,high,item-by-item,extensive,-0.4867424242424243,,,True,False,undetermined,-1.2987750953461776,0.7101463328043716,3.412883562596672,0.25,True,False,no population gap,single df,0.1432552954292085,0.5409197719329382,inf,-0.294314381270903,0.4021533853962044,inf,0.0288679853547394,8,0.00625,0.9875,not read,False
o3-mini-2025-01-31 | NA | high | item-by-item | minimal,bjw_score | political_identity,bjw_score,political_identity,False,85,11,53,1.0,False,o3-mini-2025-01-31,,high,item-by-item,minimal,0.0300283286118976,,,True,False,undetermined,-0.8247376275749545,6.879626135293655,1.2724204174935967,0.25,True,False,no population gap,single df,0.0909090909090899,0.7727416885478293,inf,3.0274442538593505,1.5422882777520266,inf,-0.2285116319546437,8,0.00625,0.9875,not read,False
o3-mini-2025-01-31 | NA | high | item-by-item | minimal,bjw_score | sex,bjw_score,sex,True,85,62,23,1.0,False,o3-mini-2025-01-31,,high,item-by-item,minimal,7.142701525054472,,,True,False,steepened,-3.4784932878944645,2.190975756337663,4.403411142197722,0.25,True,False,no population gap,single df,-4.598176718092567,0.3508220043044396,inf,-0.6437587657784007,1.134935462177802,inf,-0.0315834370269155,8,0.00625,0.9875,not read,False
o3-mini-2025-01-31 | NA | high | item-by-item | minimal,bjw_score | education,bjw_score,education,False,85,41,44,1.0,False,o3-mini-2025-01-31,,high,item-by-item,minimal,-1.388776200135228,,,True,False,undetermined,-3.51943020478364,1.8797406260696696,3.2928006013723343,0.25,True,False,no population gap,single df,1.13858093126386,0.5663117622237143,inf,-0.8198447893569849,1.080826157526246,inf,0.0039222308199959,8,0.00625,0.9875,not read,False
o3-mini-2025-01-31 | NA | high | item-by-item | minimal,bjw_score | age,bjw_score,age,True,85,39,46,1.0,False,o3-mini-2025-01-31,,high,item-by-item,minimal,-2.94477791116447,,,True,False,reversed,-3.6131660383299007,1.7558639201582196,2.89076823095069,0.25,True,False,no population gap,single df,2.734671125975474,0.5154177786693626,inf,-0.9286510590858406,1.0747924452612447,inf,0.030293926756267,8,0.00625,0.9875,not read,False
o3-mini-2025-01-31 | NA | high | item-by-item | minimal,gut_diff | political_identity,gut_diff,political_identity,False,85,11,53,1.0,False,o3-mini-2025-01-31,,high,item-by-item,minimal,0.5681293302540416,,,True,False,undetermined,-1.0461630573376757,2.5315832974748966,2.4085752019119284,0.25,True,False,no population gap,single df,0.4219554030874785,0.6336506051388702,inf,0.7427101200686106,0.7162066114260104,inf,-0.0071661217527941,8,0.00625,0.9875,not read,False
o3-mini-2025-01-31 | NA | high | item-by-item | minimal,gut_diff | sex,gut_diff,sex,True,85,62,23,1.0,False,o3-mini-2025-01-31,,high,item-by-item,minimal,11.530085959885383,,,True,False,steepened,-1.5139845768883289,1.024503510969675,5.186080248260046,0.25,True,False,no population gap,single df,-2.8218793828892004,0.3191859431972672,inf,-0.2447405329593268,0.5081640147867098,inf,0.0431001939601132,8,0.00625,0.9875,not read,False
o3-mini-2025-01-31 | NA | high | item-by-item | minimal,gut_diff | education,gut_diff,education,False,85,41,44,1.0,False,o3-mini-2025-01-31,,high,item-by-item,minimal,0.7849462365591395,,,True,False,undetermined,-1.2216746800862492,0.8092578286450074,4.924465384074174,0.25,True,False,no population gap,single df,-0.1618625277161862,0.3668042163509453,inf,-0.2062084257206209,0.4065596456151067,inf,0.032787188955245,8,0.00625,0.9875,not read,False
o3-mini-2025-01-31 | NA | high | item-by-item | minimal,gut_diff | age,gut_diff,age,True,85,39,46,1.0,False,o3-mini-2025-01-31,,high,item-by-item,minimal,-2.1439393939393936,,,True,False,undetermined,-1.2987750953461776,0.7101463328043716,3.412883562596672,0.25,True,False,no population gap,single df,0.6309921962095875,0.3815346517295366,inf,-0.294314381270903,0.4021533853962044,inf,0.0307350395133218,8,0.00625,0.9875,not read,False
o3-mini-2025-01-31 | NA | high | item-by-item | none,bjw_score | political_identity,bjw_score,political_identity,False,85,11,53,1.0,False,o3-mini-2025-01-31,,high,item-by-item,none,0.057223796033995,,,True,False,undetermined,-0.8247376275749545,6.879626135293655,1.2724204174935967,0.25,True,False,no population gap,single df,0.1732418524871377,0.2708874304194077,inf,3.0274442538593505,1.5422882777520266,inf,0.0733213835887351,8,0.00625,0.9875,not read,False
o3-mini-2025-01-31 | NA | high | item-by-item | none,bjw_score | sex,bjw_score,sex,False,85,62,23,1.0,False,o3-mini-2025-01-31,,high,item-by-item,none,0.6285403050108921,,,True,False,undetermined,-3.4784932878944645,2.190975756337663,4.403411142197722,0.25,True,False,no population gap,single df,-0.4046283309957914,0.2255414496081263,inf,-0.6437587657784007,1.134935462177802,inf,0.046386500919418,8,0.00625,0.9875,not read,False
o3-mini-2025-01-31 | NA | high | item-by-item | none,bjw_score | education,bjw_score,education,False,85,41,44,1.0,False,o3-mini-2025-01-31,,high,item-by-item,none,0.4739688979039912,,,True,False,undetermined,-3.51943020478364,1.8797406260696696,3.2928006013723343,0.25,True,False,no population gap,single df,-0.3885809312638599,0.1614770840334702,inf,-0.8198447893569849,1.080826157526246,inf,0.0214577370295665,8,0.00625,0.9875,not read,False
o3-mini-2025-01-31 | NA | high | item-by-item | none,bjw_score | age,bjw_score,age,False,85,39,46,1.0,False,o3-mini-2025-01-31,,high,item-by-item,none,0.182472989195679,,,True,False,undetermined,-3.6131660383299007,1.7558639201582196,2.89076823095069,0.25,True,False,no population gap,single df,-0.1694537346711264,0.1652794110702362,inf,-0.9286510590858406,1.0747924452612447,inf,0.0135018845551615,8,0.00625,0.9875,not read,False
o3-mini-2025-01-31 | NA | high | item-by-item | none,gut_diff | political_identity,gut_diff,political_identity,False,85,11,53,1.0,False,o3-mini-2025-01-31,,high,item-by-item,none,0.4133949191685911,,,True,False,undetermined,-1.0461630573376757,2.5315832974748966,2.4085752019119284,0.25,True,False,no population gap,single df,0.3070325900514579,0.5156782530143444,inf,0.7427101200686106,0.7162066114260104,inf,-0.1470498819056173,8,0.00625,0.9875,not read,False
o3-mini-2025-01-31 | NA | high | item-by-item | none,gut_diff | sex,gut_diff,sex,False,85,62,23,1.0,False,o3-mini-2025-01-31,,high,item-by-item,none,-0.0143266475644697,,,True,False,undetermined,-1.5139845768883289,1.024503510969675,5.186080248260046,0.25,True,False,no population gap,single df,0.0035063113604487,0.4234363816557435,inf,-0.2447405329593268,0.5081640147867098,inf,-0.0610823761810275,8,0.00625,0.9875,not read,False
o3-mini-2025-01-31 | NA | high | item-by-item | none,gut_diff | education,gut_diff,education,False,85,41,44,1.0,False,o3-mini-2025-01-31,,high,item-by-item,none,-0.6317204301075271,,,True,False,undetermined,-1.2216746800862492,0.8092578286450074,4.924465384074174,0.25,True,False,no population gap,single df,0.1302660753880267,0.3547739911925852,inf,-0.2062084257206209,0.4065596456151067,inf,-0.0347657439857826,8,0.00625,0.9875,not read,False
o3-mini-2025-01-31 | NA | high | item-by-item | none,gut_diff | age,gut_diff,age,False,85,39,46,1.0,False,o3-mini-2025-01-31,,high,item-by-item,none,-1.7897727272727266,,,True,False,undetermined,-1.2987750953461776,0.7101463328043716,3.412883562596672,0.25,True,False,no population gap,single df,0.5267558528428092,0.3491438547555723,inf,-0.294314381270903,0.4021533853962044,inf,-0.0277226354680637,8,0.00625,0.9875,not read,False
o3-mini-2025-01-31 | NA | high | scale-by-scale | extensive,bjw_score | political_identity,bjw_score,political_identity,True,85,11,53,1.0,False,o3-mini-2025-01-31,,high,scale-by-scale,extensive,5.168838526912177,,,True,False,steepened,-0.8247376275749545,6.879626135293655,1.2724204174935967,0.25,True,False,no population gap,single df,15.6483704974271,1.0851094341279572,inf,3.0274442538593505,1.5422882777520266,inf,0.0427076638425929,8,0.00625,0.9875,not read,False
o3-mini-2025-01-31 | NA | high | scale-by-scale | extensive,bjw_score | sex,bjw_score,sex,True,85,62,23,1.0,False,o3-mini-2025-01-31,,high,scale-by-scale,extensive,2.990196078431372,,,True,False,undetermined,-3.4784932878944645,2.190975756337663,4.403411142197722,0.25,True,False,no population gap,single df,-1.9249649368863933,1.5179777647085917,inf,-0.6437587657784007,1.134935462177802,inf,0.434801806387868,8,0.00625,0.9875,not read,False
o3-mini-2025-01-31 | NA | high | scale-by-scale | extensive,bjw_score | education,bjw_score,education,True,85,41,44,1.0,False,o3-mini-2025-01-31,,high,scale-by-scale,extensive,1.4266396213657897,,,True,False,undetermined,-3.51943020478364,1.8797406260696696,3.2928006013723343,0.25,True,False,no population gap,single df,-1.1696230598669644,1.4520880127573346,inf,-0.8198447893569849,1.080826157526246,inf,0.3758931744872006,8,0.00625,0.9875,not read,False
o3-mini-2025-01-31 | NA | high | scale-by-scale | extensive,bjw_score | age,bjw_score,age,True,85,39,46,1.0,False,o3-mini-2025-01-31,,high,scale-by-scale,extensive,-1.8067226890756307,,,True,False,undetermined,-3.6131660383299007,1.7558639201582196,2.89076823095069,0.25,True,False,no population gap,single df,1.6778149386845025,1.5096619941069296,inf,-0.9286510590858406,1.0747924452612447,inf,0.4173760502903845,8,0.00625,0.9875,not read,False
o3-mini-2025-01-31 | NA | high | scale-by-scale | extensive,gut_diff | political_identity,gut_diff,political_identity,True,85,11,53,1.0,False,o3-mini-2025-01-31,,high,scale-by-scale,extensive,4.083140877598153,,,True,False,steepened,-1.0461630573376757,2.5315832974748966,2.4085752019119284,0.25,True,False,no population gap,single df,3.032590051457976,0.3011790414460689,inf,0.7427101200686106,0.7162066114260104,inf,0.0920229170196443,8,0.00625,0.9875,not read,False
o3-mini-2025-01-31 | NA | high | scale-by-scale | extensive,gut_diff | sex,gut_diff,sex,True,85,62,23,1.0,False,o3-mini-2025-01-31,,high,scale-by-scale,extensive,2.948424068767908,,,True,False,undetermined,-1.5139845768883289,1.024503510969675,5.186080248260046,0.25,True,False,no population gap,single df,-0.7215988779803647,0.3062743750806986,inf,-0.2447405329593268,0.5081640147867098,inf,0.0121652377640658,8,0.00625,0.9875,not read,False
o3-mini-2025-01-31 | NA | high | scale-by-scale | extensive,gut_diff | education,gut_diff,education,True,85,41,44,1.0,False,o3-mini-2025-01-31,,high,scale-by-scale,extensive,0.7715053763440861,,,True,False,undetermined,-1.2216746800862492,0.8092578286450074,4.924465384074174,0.25,True,False,no population gap,single df,-0.1590909090909091,0.2872250721817383,inf,-0.2062084257206209,0.4065596456151067,inf,0.0185193348015336,8,0.00625,0.9875,not read,False
o3-mini-2025-01-31 | NA | high | scale-by-scale | extensive,gut_diff | age,gut_diff,age,True,85,39,46,1.0,False,o3-mini-2025-01-31,,high,scale-by-scale,extensive,-0.6098484848484849,,,True,False,undetermined,-1.2987750953461776,0.7101463328043716,3.412883562596672,0.25,True,False,no population gap,single df,0.1794871794871795,0.2925235118690741,inf,-0.294314381270903,0.4021533853962044,inf,0.0176793457488326,8,0.00625,0.9875,not read,False
o3-mini-2025-01-31 | NA | high | scale-by-scale | minimal,bjw_score | political_identity,bjw_score,political_identity,False,85,11,53,1.0,False,o3-mini-2025-01-31,,high,scale-by-scale,minimal,0.5569405099150135,,,True,False,undetermined,-0.8247376275749545,6.879626135293655,1.2724204174935967,0.25,True,False,no population gap,single df,1.6861063464837045,1.061526013068356,inf,3.0274442538593505,1.5422882777520266,inf,-0.0085936340234208,8,0.00625,0.9875,not read,False
o3-mini-2025-01-31 | NA | high | scale-by-scale | minimal,bjw_score | sex,bjw_score,sex,True,85,62,23,1.0,False,o3-mini-2025-01-31,,high,scale-by-scale,minimal,9.225490196078436,,,True,False,steepened,-3.4784932878944645,2.190975756337663,4.403411142197722,0.25,True,False,no population gap,single df,-5.93899018232819,0.6617218496004853,inf,-0.6437587657784007,1.134935462177802,inf,0.0114493822423598,8,0.00625,0.9875,not read,False
o3-mini-2025-01-31 | NA | high | scale-by-scale | minimal,bjw_score | education,bjw_score,education,False,85,41,44,1.0,False,o3-mini-2025-01-31,,high,scale-by-scale,minimal,-0.7897227856659869,,,True,False,undetermined,-3.51943020478364,1.8797406260696696,3.2928006013723343,0.25,True,False,no population gap,single df,0.6474501108647424,0.8892800764413646,inf,-0.8198447893569849,1.080826157526246,inf,0.050372753106977,8,0.00625,0.9875,not read,False
o3-mini-2025-01-31 | NA | high | scale-by-scale | minimal,bjw_score | age,bjw_score,age,True,85,39,46,1.0,False,o3-mini-2025-01-31,,high,scale-by-scale,minimal,-4.016806722689081,,,True,False,reversed,-3.6131660383299007,1.7558639201582196,2.89076823095069,0.25,True,False,no population gap,single df,3.730211817168339,0.8000864545774196,inf,-0.9286510590858406,1.0747924452612447,inf,0.0453520781520906,8,0.00625,0.9875,not read,False
o3-mini-2025-01-31 | NA | high | scale-by-scale | minimal,gut_diff | political_identity,gut_diff,political_identity,False,85,11,53,1.0,False,o3-mini-2025-01-31,,high,scale-by-scale,minimal,0.3094688221709007,,,True,False,undetermined,-1.0461630573376757,2.5315832974748966,2.4085752019119284,0.25,True,False,no population gap,single df,0.2298456260720411,0.2815399707693022,inf,0.7427101200686106,0.7162066114260104,inf,-0.0787362040018505,8,0.00625,0.9875,not read,False
o3-mini-2025-01-31 | NA | high | scale-by-scale | minimal,gut_diff | sex,gut_diff,sex,True,85,62,23,1.0,False,o3-mini-2025-01-31,,high,scale-by-scale,minimal,1.601719197707736,,,True,False,undetermined,-1.5139845768883289,1.024503510969675,5.186080248260046,0.25,True,False,no population gap,single df,-0.3920056100981767,0.2709509796660018,inf,-0.2447405329593268,0.5081640147867098,inf,-0.0496080359274916,8,0.00625,0.9875,not read,False
o3-mini-2025-01-31 | NA | high | scale-by-scale | minimal,gut_diff | education,gut_diff,education,False,85,41,44,1.0,False,o3-mini-2025-01-31,,high,scale-by-scale,minimal,-1.0295698924731178,,,True,False,undetermined,-1.2216746800862492,0.8092578286450074,4.924465384074174,0.25,True,False,no population gap,single df,0.2123059866962305,0.1980887172999277,inf,-0.2062084257206209,0.4065596456151067,inf,-0.0164585635957534,8,0.00625,0.9875,not read,False
o3-mini-2025-01-31 | NA | high | scale-by-scale | minimal,gut_diff | age,gut_diff,age,True,85,39,46,1.0,False,o3-mini-2025-01-31,,high,scale-by-scale,minimal,-1.746212121212121,,,True,False,undetermined,-1.2987750953461776,0.7101463328043716,3.412883562596672,0.25,True,False,no population gap,single df,0.5139353400222966,0.1917046585388653,inf,-0.294314381270903,0.4021533853962044,inf,-0.0128797546090306,8,0.00625,0.9875,not read,False
o3-mini-2025-01-31 | NA | high | scale-by-scale | none,bjw_score | political_identity,bjw_score,political_identity,False,85,11,53,1.0,False,o3-mini-2025-01-31,,high,scale-by-scale,none,-0.0345609065155807,,,True,False,undetermined,-0.8247376275749545,6.879626135293655,1.2724204174935967,0.25,True,False,no population gap,single df,-0.1046312178387651,0.3348529491922404,inf,3.0274442538593505,1.5422882777520266,inf,-0.128663673443293,8,0.00625,0.9875,not read,False
o3-mini-2025-01-31 | NA | high | scale-by-scale | none,bjw_score | sex,bjw_score,sex,False,85,62,23,1.0,False,o3-mini-2025-01-31,,high,scale-by-scale,none,0.4945533769063216,,,True,False,undetermined,-3.4784932878944645,2.190975756337663,4.403411142197722,0.25,True,False,no population gap,single df,-0.3183730715287538,0.3723784806603806,inf,-0.6437587657784007,1.134935462177802,inf,0.0216069056251494,8,0.00625,0.9875,not read,False
o3-mini-2025-01-31 | NA | high | scale-by-scale | none,bjw_score | education,bjw_score,education,False,85,41,44,1.0,False,o3-mini-2025-01-31,,high,scale-by-scale,none,0.4847870182555746,,,True,False,undetermined,-3.51943020478364,1.8797406260696696,3.2928006013723343,0.25,True,False,no population gap,single df,-0.3974501108647423,0.3379179189542554,inf,-0.8198447893569849,1.080826157526246,inf,0.0178842462119078,8,0.00625,0.9875,not read,False
o3-mini-2025-01-31 | NA | high | scale-by-scale | none,bjw_score | age,bjw_score,age,False,85,39,46,1.0,False,o3-mini-2025-01-31,,high,scale-by-scale,none,0.3919567827130876,,,True,False,undetermined,-3.6131660383299007,1.7558639201582196,2.89076823095069,0.25,True,False,no population gap,single df,-0.3639910813823874,0.3247876907205861,inf,-0.9286510590858406,1.0747924452612447,inf,0.0001226022809214,8,0.00625,0.9875,not read,False
o3-mini-2025-01-31 | NA | high | scale-by-scale | none,gut_diff | political_identity,gut_diff,political_identity,False,85,11,53,1.0,False,o3-mini-2025-01-31,,high,scale-by-scale,none,-0.4457274826789839,,,True,False,undetermined,-1.0461630573376757,2.5315832974748966,2.4085752019119284,0.25,True,False,no population gap,single df,-0.3310463121783876,0.3207264538241354,inf,0.7427101200686106,0.7162066114260104,inf,-0.0483602571635737,8,0.00625,0.9875,not read,False
o3-mini-2025-01-31 | NA | high | scale-by-scale | none,gut_diff | sex,gut_diff,sex,False,85,62,23,1.0,False,o3-mini-2025-01-31,,high,scale-by-scale,none,-0.5702005730659023,,,True,False,undetermined,-1.5139845768883289,1.024503510969675,5.186080248260046,0.25,True,False,no population gap,single df,0.1395511921458625,0.2877964071532259,inf,-0.2447405329593268,0.5081640147867098,inf,-0.0162056350119525,8,0.00625,0.9875,not read,False
o3-mini-2025-01-31 | NA | high | scale-by-scale | none,gut_diff | education,gut_diff,education,False,85,41,44,1.0,False,o3-mini-2025-01-31,,high,scale-by-scale,none,-0.7849462365591395,,,True,False,undetermined,-1.2216746800862492,0.8092578286450074,4.924465384074174,0.25,True,False,no population gap,single df,0.1618625277161862,0.2623595196645056,inf,-0.2062084257206209,0.4065596456151067,inf,-0.0059978172855902,8,0.00625,0.9875,not read,False
o3-mini-2025-01-31 | NA | high | scale-by-scale | none,gut_diff | age,gut_diff,age,False,85,39,46,1.0,False,o3-mini-2025-01-31,,high,scale-by-scale,none,-0.7537878787878789,,,True,False,undetermined,-1.2987750953461776,0.7101463328043716,3.412883562596672,0.25,True,False,no population gap,single df,0.221850613154961,0.2654045306535149,inf,-0.294314381270903,0.4021533853962044,inf,-0.0012596196202135,8,0.00625,0.9875,not read,False
o3-mini-2025-01-31 | NA | low | all-at-once | extensive,bjw_score | political_identity,bjw_score,political_identity,True,85,11,53,1.0,False,o3-mini-2025-01-31,,low,all-at-once,extensive,2.8532577903682688,,,True,False,kept or steepened,-0.8247376275749545,6.879626135293655,1.2724204174935967,0.25,True,False,no population gap,single df,8.638078902229843,1.4249174708610088,inf,3.0274442538593505,1.5422882777520266,inf,0.0246158814627043,8,0.00625,0.9875,not read,False
o3-mini-2025-01-31 | NA | low | all-at-once | extensive,bjw_score | sex,bjw_score,sex,True,85,62,23,1.0,False,o3-mini-2025-01-31,,low,all-at-once,extensive,1.4041394335512003,,,True,False,undetermined,-3.4784932878944645,2.190975756337663,4.403411142197722,0.25,True,False,no population gap,single df,-0.9039270687237037,0.9723321849294804,inf,-0.6437587657784007,1.134935462177802,inf,0.2329216459223712,8,0.00625,0.9875,not read,False
o3-mini-2025-01-31 | NA | low | all-at-once | extensive,bjw_score | education,bjw_score,education,True,85,41,44,1.0,False,o3-mini-2025-01-31,,low,all-at-once,extensive,1.2724814063556449,,,True,False,undetermined,-3.51943020478364,1.8797406260696696,3.2928006013723343,0.25,True,False,no population gap,single df,-1.0432372505543237,1.0735240346095942,inf,-0.8198447893569849,1.080826157526246,inf,0.3007741556197539,8,0.00625,0.9875,not read,False
o3-mini-2025-01-31 | NA | low | all-at-once | extensive,bjw_score | age,bjw_score,age,True,85,39,46,1.0,False,o3-mini-2025-01-31,,low,all-at-once,extensive,-0.8505402160864332,,,True,False,undetermined,-3.6131660383299007,1.7558639201582196,2.89076823095069,0.25,True,False,no population gap,single df,0.7898550724637659,1.0642972119969565,inf,-0.9286510590858406,1.0747924452612447,inf,0.2650099739244469,8,0.00625,0.9875,not read,False
o3-mini-2025-01-31 | NA | low | all-at-once | extensive,gut_diff | political_identity,gut_diff,political_identity,True,85,11,53,1.0,False,o3-mini-2025-01-31,,low,all-at-once,extensive,5.468822170900693,,,True,False,steepened,-1.0461630573376757,2.5315832974748966,2.4085752019119284,0.25,True,False,no population gap,single df,4.061749571183533,0.4061351526349849,inf,0.7427101200686106,0.7162066114260104,inf,0.1502124744736928,8,0.00625,0.9875,not read,False
o3-mini-2025-01-31 | NA | low | all-at-once | extensive,gut_diff | sex,gut_diff,sex,True,85,62,23,1.0,False,o3-mini-2025-01-31,,low,all-at-once,extensive,4.988538681948423,,,True,False,undetermined,-1.5139845768883289,1.024503510969675,5.186080248260046,0.25,True,False,no population gap,single df,-1.220897615708275,0.4164170954731528,inf,-0.2447405329593268,0.5081640147867098,inf,0.0135167105760673,8,0.00625,0.9875,not read,False
o3-mini-2025-01-31 | NA | low | all-at-once | extensive,gut_diff | education,gut_diff,education,True,85,41,44,1.0,False,o3-mini-2025-01-31,,low,all-at-once,extensive,0.2903225806451612,,,True,False,undetermined,-1.2216746800862492,0.8092578286450074,4.924465384074174,0.25,True,False,no population gap,single df,-0.0598669623059867,0.4138197334950384,inf,-0.2062084257206209,0.4065596456151067,inf,0.0276054552594025,8,0.00625,0.9875,not read,False
o3-mini-2025-01-31 | NA | low | all-at-once | extensive,gut_diff | age,gut_diff,age,True,85,39,46,1.0,False,o3-mini-2025-01-31,,low,all-at-once,extensive,-0.9715909090909092,,,True,False,undetermined,-1.2987750953461776,0.7101463328043716,3.412883562596672,0.25,True,False,no population gap,single df,0.2859531772575251,0.4151506481641182,inf,-0.294314381270903,0.4021533853962044,inf,0.0248824874010445,8,0.00625,0.9875,not read,False
o3-mini-2025-01-31 | NA | low | all-at-once | minimal,bjw_score | political_identity,bjw_score,political_identity,False,85,11,53,1.0,False,o3-mini-2025-01-31,,low,all-at-once,minimal,-0.001133144475921,,,True,False,undetermined,-0.8247376275749545,6.879626135293655,1.2724204174935967,0.25,True,False,no population gap,single df,-0.0034305317324196,1.0963967202511842,inf,3.0274442538593505,1.5422882777520266,inf,-0.8387011902962038,8,0.00625,0.9875,not read,False
o3-mini-2025-01-31 | NA | low | all-at-once | minimal,bjw_score | sex,bjw_score,sex,True,85,62,23,1.0,False,o3-mini-2025-01-31,,low,all-at-once,minimal,0.565359477124185,,,True,False,undetermined,-3.4784932878944645,2.190975756337663,4.403411142197722,0.25,True,False,no population gap,single df,-0.3639551192145873,0.6805482531936589,inf,-0.6437587657784007,1.134935462177802,inf,-8.699407294628084e-05,8,0.00625,0.9875,not read,False
o3-mini-2025-01-31 | NA | low | all-at-once | minimal,bjw_score | education,bjw_score,education,False,85,41,44,1.0,False,o3-mini-2025-01-31,,low,all-at-once,minimal,-0.2657200811359035,,,True,False,undetermined,-3.51943020478364,1.8797406260696696,3.2928006013723343,0.25,True,False,no population gap,single df,0.2178492239467857,0.7258400516190515,inf,-0.8198447893569849,1.080826157526246,inf,-0.1190557533552213,8,0.00625,0.9875,not read,False
o3-mini-2025-01-31 | NA | low | all-at-once | minimal,bjw_score | age,bjw_score,age,True,85,39,46,1.0,False,o3-mini-2025-01-31,,low,all-at-once,minimal,-1.7238895558223295,,,True,False,undetermined,-3.6131660383299007,1.7558639201582196,2.89076823095069,0.25,True,False,no population gap,single df,1.6008918617614256,0.6583926063344714,inf,-0.9286510590858406,1.0747924452612447,inf,-0.0897211414250709,8,0.00625,0.9875,not read,False
o3-mini-2025-01-31 | NA | low | all-at-once | minimal,gut_diff | political_identity,gut_diff,political_identity,False,85,11,53,1.0,False,o3-mini-2025-01-31,,low,all-at-once,minimal,0.3256351039260968,,,True,False,undetermined,-1.0461630573376757,2.5315832974748966,2.4085752019119284,0.25,True,False,no population gap,single df,0.2418524871355059,0.521365887758472,inf,0.7427101200686106,0.7162066114260104,inf,-0.007540520769738,8,0.00625,0.9875,not read,False
o3-mini-2025-01-31 | NA | low | all-at-once | minimal,gut_diff | sex,gut_diff,sex,True,85,62,23,1.0,False,o3-mini-2025-01-31,,low,all-at-once,minimal,6.444126074498565,,,True,False,kept or steepened,-1.5139845768883289,1.024503510969675,5.186080248260046,0.25,True,False,no population gap,single df,-1.5771388499298735,0.3006252232527755,inf,-0.2447405329593268,0.5081640147867098,inf,-0.0321144720709444,8,0.00625,0.9875,not read,False
o3-mini-2025-01-31 | NA | low | all-at-once | minimal,gut_diff | education,gut_diff,education,False,85,41,44,1.0,False,o3-mini-2025-01-31,,low,all-at-once,minimal,1.3629032258064515,,,True,False,undetermined,-1.2216746800862492,0.8092578286450074,4.924465384074174,0.25,True,False,no population gap,single df,-0.2810421286031043,0.287658080078381,inf,-0.2062084257206209,0.4065596456151067,inf,-0.0119549175350312,8,0.00625,0.9875,not read,False
o3-mini-2025-01-31 | NA | low | all-at-once | minimal,gut_diff | age,gut_diff,age,True,85,39,46,1.0,False,o3-mini-2025-01-31,,low,all-at-once,minimal,-2.428030303030303,,,True,False,undetermined,-1.2987750953461776,0.7101463328043716,3.412883562596672,0.25,True,False,no population gap,single df,0.7146042363433669,0.2923669060036099,inf,-0.294314381270903,0.4021533853962044,inf,-0.0151074660022616,8,0.00625,0.9875,not read,False
o3-mini-2025-01-31 | NA | low | all-at-once | none,bjw_score | political_identity,bjw_score,political_identity,False,85,11,53,1.0,False,o3-mini-2025-01-31,,low,all-at-once,none,-0.6073654390934846,,,True,False,reversed or missing,-0.8247376275749545,6.879626135293655,1.2724204174935967,0.25,True,False,no population gap,single df,-1.8387650085763312,0.6987273405968873,inf,3.0274442538593505,1.5422882777520266,inf,-0.194616610767139,8,0.00625,0.9875,not read,False
o3-mini-2025-01-31 | NA | low | all-at-once | none,bjw_score | sex,bjw_score,sex,False,85,62,23,1.0,False,o3-mini-2025-01-31,,low,all-at-once,none,0.4095860566448788,,,True,False,undetermined,-3.4784932878944645,2.190975756337663,4.403411142197722,0.25,True,False,no population gap,single df,-0.2636746143057493,0.56011865349768,inf,-0.6437587657784007,1.134935462177802,inf,-0.1272203021708688,8,0.00625,0.9875,not read,False
o3-mini-2025-01-31 | NA | low | all-at-once | none,bjw_score | education,bjw_score,education,False,85,41,44,1.0,False,o3-mini-2025-01-31,,low,all-at-once,none,1.2934415145368463,,,True,False,undetermined,-3.51943020478364,1.8797406260696696,3.2928006013723343,0.25,True,False,no population gap,single df,-1.0604212860310405,0.4977914658842431,inf,-0.8198447893569849,1.080826157526246,inf,-0.0514685577187645,8,0.00625,0.9875,not read,False
o3-mini-2025-01-31 | NA | low | all-at-once | none,bjw_score | age,bjw_score,age,False,85,39,46,1.0,False,o3-mini-2025-01-31,,low,all-at-once,none,0.5534213685474196,,,True,False,undetermined,-3.6131660383299007,1.7558639201582196,2.89076823095069,0.25,True,False,no population gap,single df,-0.5139353400222966,0.5036101343728389,inf,-0.9286510590858406,1.0747924452612447,inf,-0.0567099327664383,8,0.00625,0.9875,not read,False
o3-mini-2025-01-31 | NA | low | all-at-once | none,gut_diff | political_identity,gut_diff,political_identity,False,85,11,53,1.0,False,o3-mini-2025-01-31,,low,all-at-once,none,0.1062355658198618,,,True,False,undetermined,-1.0461630573376757,2.5315832974748966,2.4085752019119284,0.25,True,False,no population gap,single df,0.0789022298456263,0.4751053034581192,inf,0.7427101200686106,0.7162066114260104,inf,0.0111185366002055,8,0.00625,0.9875,not read,False
o3-mini-2025-01-31 | NA | low | all-at-once | none,gut_diff | sex,gut_diff,sex,False,85,62,23,1.0,False,o3-mini-2025-01-31,,low,all-at-once,none,0.1977077363896845,,,True,False,undetermined,-1.5139845768883289,1.024503510969675,5.186080248260046,0.25,True,False,no population gap,single df,-0.0483870967741935,0.3496836353413523,inf,-0.2447405329593268,0.5081640147867098,inf,0.0346778094706813,8,0.00625,0.9875,not read,False
o3-mini-2025-01-31 | NA | low | all-at-once | none,gut_diff | education,gut_diff,education,False,85,41,44,1.0,False,o3-mini-2025-01-31,,low,all-at-once,none,-0.5591397849462361,,,True,False,undetermined,-1.2216746800862492,0.8092578286450074,4.924465384074174,0.25,True,False,no population gap,single df,0.1152993348115298,0.2821252224092302,inf,-0.2062084257206209,0.4065596456151067,inf,0.0080428778890367,8,0.00625,0.9875,not read,False
o3-mini-2025-01-31 | NA | low | all-at-once | none,gut_diff | age,gut_diff,age,False,85,39,46,1.0,False,o3-mini-2025-01-31,,low,all-at-once,none,-0.2215909090909085,,,True,False,undetermined,-1.2987750953461776,0.7101463328043716,3.412883562596672,0.25,True,False,no population gap,single df,0.0652173913043476,0.2839934655002848,inf,-0.294314381270903,0.4021533853962044,inf,0.0085318683962406,8,0.00625,0.9875,not read,False
o3-mini-2025-01-31 | NA | low | item-by-item | extensive,bjw_score | political_identity,bjw_score,political_identity,True,85,11,53,1.0,False,o3-mini-2025-01-31,,low,item-by-item,extensive,3.2849858356940485,,,True,False,steepened,-0.8247376275749545,6.879626135293655,1.2724204174935967,0.25,True,False,no population gap,single df,9.945111492281304,0.8549679733514591,inf,3.0274442538593505,1.5422882777520266,inf,0.3220522037211788,8,0.00625,0.9875,not read,False
o3-mini-2025-01-31 | NA | low | item-by-item | extensive,bjw_score | sex,bjw_score,sex,True,85,62,23,1.0,False,o3-mini-2025-01-31,,low,item-by-item,extensive,1.6372549019607818,,,True,False,undetermined,-3.4784932878944645,2.190975756337663,4.403411142197722,0.25,True,False,no population gap,single df,-1.0539971949509097,0.985917242306566,inf,-0.6437587657784007,1.134935462177802,inf,0.2785241110092887,8,0.00625,0.9875,not read,False
o3-mini-2025-01-31 | NA | low | item-by-item | extensive,bjw_score | education,bjw_score,education,True,85,41,44,1.0,False,o3-mini-2025-01-31,,low,item-by-item,extensive,1.0845165652467894,,,True,False,undetermined,-3.51943020478364,1.8797406260696696,3.2928006013723343,0.25,True,False,no population gap,single df,-0.8891352549889149,0.912132146296265,inf,-0.8198447893569849,1.080826157526246,inf,0.2782631506788311,8,0.00625,0.9875,not read,False
o3-mini-2025-01-31 | NA | low | item-by-item | extensive,bjw_score | age,bjw_score,age,True,85,39,46,1.0,False,o3-mini-2025-01-31,,low,item-by-item,extensive,-0.2364945978391381,,,True,False,undetermined,-3.6131660383299007,1.7558639201582196,2.89076823095069,0.25,True,False,no population gap,single df,0.2196209587513955,0.9481403172732588,inf,-0.9286510590858406,1.0747924452612447,inf,0.2728327574354621,8,0.00625,0.9875,not read,False
o3-mini-2025-01-31 | NA | low | item-by-item | extensive,gut_diff | political_identity,gut_diff,political_identity,True,85,11,53,1.0,False,o3-mini-2025-01-31,,low,item-by-item,extensive,5.341801385681294,,,True,False,steepened,-1.0461630573376757,2.5315832974748966,2.4085752019119284,0.25,True,False,no population gap,single df,3.967409948542024,0.7180689619978188,inf,0.7427101200686106,0.7162066114260104,inf,0.1128571046624684,8,0.00625,0.9875,not read,False
o3-mini-2025-01-31 | NA | low | item-by-item | extensive,gut_diff | sex,gut_diff,sex,True,85,62,23,1.0,False,o3-mini-2025-01-31,,low,item-by-item,extensive,2.782234957020057,,,True,False,undetermined,-1.5139845768883289,1.024503510969675,5.186080248260046,0.25,True,False,no population gap,single df,-0.6809256661991585,0.538712643589111,inf,-0.2447405329593268,0.5081640147867098,inf,-0.0239459492126532,8,0.00625,0.9875,not read,False
o3-mini-2025-01-31 | NA | low | item-by-item | extensive,gut_diff | education,gut_diff,education,True,85,41,44,1.0,False,o3-mini-2025-01-31,,low,item-by-item,extensive,2.857526881720429,,,True,False,undetermined,-1.2216746800862492,0.8092578286450074,4.924465384074174,0.25,True,False,no population gap,single df,-0.5892461197339246,0.5245842234726531,inf,-0.2062084257206209,0.4065596456151067,inf,0.0054427864970526,8,0.00625,0.9875,not read,False
o3-mini-2025-01-31 | NA | low | item-by-item | extensive,gut_diff | age,gut_diff,age,True,85,39,46,1.0,False,o3-mini-2025-01-31,,low,item-by-item,extensive,1.424242424242424,,,True,False,undetermined,-1.2987750953461776,0.7101463328043716,3.412883562596672,0.25,True,False,no population gap,single df,-0.41917502787068,0.5131702233205008,inf,-0.294314381270903,0.4021533853962044,inf,0.0029749461185658,8,0.00625,0.9875,not read,False
o3-mini-2025-01-31 | NA | low | item-by-item | minimal,bjw_score | political_identity,bjw_score,political_identity,False,71,9,46,0.8352941176470589,False,o3-mini-2025-01-31,,low,item-by-item,minimal,-0.1300502251235103,,,True,False,undetermined,-0.8247376275749545,6.879626135293655,1.2724204174935967,0.25,True,False,no population gap,single df,-0.3937198067632863,0.637012262117345,inf,3.0274442538593505,1.5422882777520266,inf,-0.033098717159055,8,0.00625,0.9875,not read,False
o3-mini-2025-01-31 | NA | low | item-by-item | minimal,bjw_score | sex,bjw_score,sex,True,71,51,20,0.8352941176470589,False,o3-mini-2025-01-31,,low,item-by-item,minimal,2.138177623990772,,,True,False,undetermined,-3.4784932878944645,2.190975756337663,4.403411142197722,0.25,True,False,no population gap,single df,-1.3764705882352928,0.4024522807384535,inf,-0.6437587657784007,1.134935462177802,inf,-0.0188454628215814,8,0.00625,0.9875,not read,False
o3-mini-2025-01-31 | NA | low | item-by-item | minimal,bjw_score | education,bjw_score,education,False,71,35,36,0.8352941176470589,False,o3-mini-2025-01-31,,low,item-by-item,minimal,-0.4540154759221667,,,True,False,undetermined,-3.51943020478364,1.8797406260696696,3.2928006013723343,0.25,True,False,no population gap,single df,0.37222222222222,0.393149052395728,inf,-0.8198447893569849,1.080826157526246,inf,-0.0481169437664214,8,0.00625,0.9875,not read,False
o3-mini-2025-01-31 | NA | low | item-by-item | minimal,bjw_score | age,bjw_score,age,True,71,33,38,0.8352941176470589,False,o3-mini-2025-01-31,,low,item-by-item,minimal,-1.7698151030747251,,,True,False,reversed or missing,-3.6131660383299007,1.7558639201582196,2.89076823095069,0.25,True,False,no population gap,single df,1.64354066985646,0.3499353647884078,inf,-0.9286510590858406,1.0747924452612447,inf,-0.0392676141619181,8,0.00625,0.9875,not read,False
o3-mini-2025-01-31 | NA | low | item-by-item | minimal,gut_diff | political_identity,gut_diff,political_identity,False,71,9,46,0.8352941176470589,False,o3-mini-2025-01-31,,low,item-by-item,minimal,0.6894712766788278,,,True,False,undetermined,-1.0461630573376757,2.5315832974748966,2.4085752019119284,0.25,True,False,no population gap,single df,0.5120772946859904,0.5706346095981225,inf,0.7427101200686106,0.7162066114260104,inf,-0.0594893118118245,8,0.00625,0.9875,not read,False
o3-mini-2025-01-31 | NA | low | item-by-item | minimal,gut_diff | sex,gut_diff,sex,True,71,51,20,0.8352941176470589,False,o3-mini-2025-01-31,,low,item-by-item,minimal,2.3994999719085337,,,True,False,undetermined,-1.5139845768883289,1.024503510969675,5.186080248260046,0.25,True,False,no population gap,single df,-0.5872549019607843,0.5878743488597035,inf,-0.2447405329593268,0.5081640147867098,inf,-0.0504467397697404,8,0.00625,0.9875,not read,False
o3-mini-2025-01-31 | NA | low | item-by-item | minimal,gut_diff | education,gut_diff,education,False,71,35,36,0.8352941176470589,False,o3-mini-2025-01-31,,low,item-by-item,minimal,-2.7364823348694305,,,True,False,undetermined,-1.2216746800862492,0.8092578286450074,4.924465384074174,0.25,True,False,no population gap,single df,0.5642857142857143,0.5278280012431007,inf,-0.2062084257206209,0.4065596456151067,inf,-0.007325390851884,8,0.00625,0.9875,not read,False
o3-mini-2025-01-31 | NA | low | item-by-item | minimal,gut_diff | age,gut_diff,age,True,71,33,38,0.8352941176470589,False,o3-mini-2025-01-31,,low,item-by-item,minimal,-1.1677994055386398,,,True,False,undetermined,-1.2987750953461776,0.7101463328043716,3.412883562596672,0.25,True,False,no population gap,single df,0.3437001594896332,0.5308325235166733,inf,-0.294314381270903,0.4021533853962044,inf,-0.0083917214487253,8,0.00625,0.9875,not read,False
o3-mini-2025-01-31 | NA | low | item-by-item | none,bjw_score | political_identity,bjw_score,political_identity,False,80,11,48,0.9411764705882352,False,o3-mini-2025-01-31,,low,item-by-item,none,0.0719428706326725,,,True,False,undetermined,-0.8247376275749545,6.879626135293655,1.2724204174935967,0.25,True,False,no population gap,single df,0.2178030303030311,0.3071924163593585,inf,3.0274442538593505,1.5422882777520266,inf,0.1615964936498621,8,0.00625,0.9875,not read,False
o3-mini-2025-01-31 | NA | low | item-by-item | none,bjw_score | sex,bjw_score,sex,False,80,58,22,0.9411764705882352,False,o3-mini-2025-01-31,,low,item-by-item,none,0.4406915674664119,,,True,False,undetermined,-3.4784932878944645,2.190975756337663,4.403411142197722,0.25,True,False,no population gap,single df,-0.2836990595611262,0.2512860463027699,inf,-0.6437587657784007,1.134935462177802,inf,0.0073708867994237,8,0.00625,0.9875,not read,False
o3-mini-2025-01-31 | NA | low | item-by-item | none,bjw_score | education,bjw_score,education,False,80,38,42,0.9411764705882352,False,o3-mini-2025-01-31,,low,item-by-item,none,0.2002335114323993,,,True,False,undetermined,-3.51943020478364,1.8797406260696696,3.2928006013723343,0.25,True,False,no population gap,single df,-0.1641604010025048,0.201514380337866,inf,-0.8198447893569849,1.080826157526246,inf,0.0209125801998127,8,0.00625,0.9875,not read,False
o3-mini-2025-01-31 | NA | low | item-by-item | none,bjw_score | age,bjw_score,age,False,80,36,44,0.9411764705882352,False,o3-mini-2025-01-31,,low,item-by-item,none,0.2202608316053683,,,True,False,undetermined,-3.6131660383299007,1.7558639201582196,2.89076823095069,0.25,True,False,no population gap,single df,-0.2045454545454532,0.2079994173764962,inf,-0.9286510590858406,1.0747924452612447,inf,0.0223810302804364,8,0.00625,0.9875,not read,False
o3-mini-2025-01-31 | NA | low | item-by-item | none,gut_diff | political_identity,gut_diff,political_identity,False,80,11,48,0.9411764705882352,False,o3-mini-2025-01-31,,low,item-by-item,none,-0.1173017705927636,,,True,False,undetermined,-1.0461630573376757,2.5315832974748966,2.4085752019119284,0.25,True,False,no population gap,single df,-0.0871212121212121,0.4064740458377532,inf,0.7427101200686106,0.7162066114260104,inf,0.1000185943364613,8,0.00625,0.9875,not read,False
o3-mini-2025-01-31 | NA | low | item-by-item | none,gut_diff | sex,gut_diff,sex,False,80,58,22,0.9411764705882352,False,o3-mini-2025-01-31,,low,item-by-item,none,-0.1857254493357645,,,True,False,undetermined,-1.5139845768883289,1.024503510969675,5.186080248260046,0.25,True,False,no population gap,single df,0.0454545454545454,0.2363548643348552,inf,-0.2447405329593268,0.5081640147867098,inf,-0.0082558608217009,8,0.00625,0.9875,not read,False
o3-mini-2025-01-31 | NA | low | item-by-item | none,gut_diff | education,gut_diff,education,False,80,38,42,0.9411764705882352,False,o3-mini-2025-01-31,,low,item-by-item,none,0.8568598916646449,,,True,False,undetermined,-1.2216746800862492,0.8092578286450074,4.924465384074174,0.25,True,False,no population gap,single df,-0.1766917293233082,0.25251821199782,inf,-0.2062084257206209,0.4065596456151067,inf,0.0018903371126865,8,0.00625,0.9875,not read,False
o3-mini-2025-01-31 | NA | low | item-by-item | none,gut_diff | age,gut_diff,age,False,80,36,44,0.9411764705882352,False,o3-mini-2025-01-31,,low,item-by-item,none,-0.2488234618916437,,,True,False,undetermined,-1.2987750953461776,0.7101463328043716,3.412883562596672,0.25,True,False,no population gap,single df,0.0732323232323232,0.2472545563793304,inf,-0.294314381270903,0.4021533853962044,inf,0.0069346672860791,8,0.00625,0.9875,not read,False
o3-mini-2025-01-31 | NA | low | scale-by-scale | extensive,bjw_score | political_identity,bjw_score,political_identity,True,85,11,53,1.0,False,o3-mini-2025-01-31,,low,scale-by-scale,extensive,2.913881019830026,,,True,False,kept or steepened,-0.8247376275749545,6.879626135293655,1.2724204174935967,0.25,True,False,no population gap,single df,8.821612349914236,1.2041448540254227,inf,3.0274442538593505,1.5422882777520266,inf,-0.1394876540388853,8,0.00625,0.9875,not read,False
o3-mini-2025-01-31 | NA | low | scale-by-scale | extensive,bjw_score | sex,bjw_score,sex,True,85,62,23,1.0,False,o3-mini-2025-01-31,,low,scale-by-scale,extensive,1.823529411764708,,,True,False,undetermined,-3.4784932878944645,2.190975756337663,4.403411142197722,0.25,True,False,no population gap,single df,-1.1739130434782616,1.2226091610734398,inf,-0.6437587657784007,1.134935462177802,inf,0.2139923405457851,8,0.00625,0.9875,not read,False
o3-mini-2025-01-31 | NA | low | scale-by-scale | extensive,bjw_score | education,bjw_score,education,True,85,41,44,1.0,False,o3-mini-2025-01-31,,low,scale-by-scale,extensive,0.5760649087221097,,,True,False,undetermined,-3.51943020478364,1.8797406260696696,3.2928006013723343,0.25,True,False,no population gap,single df,-0.4722838137472287,1.095113994801277,inf,-0.8198447893569849,1.080826157526246,inf,0.2342680611753484,8,0.00625,0.9875,not read,False
o3-mini-2025-01-31 | NA | low | scale-by-scale | extensive,bjw_score | age,bjw_score,age,True,85,39,46,1.0,False,o3-mini-2025-01-31,,low,scale-by-scale,extensive,-1.2046818727491009,,,True,False,undetermined,-3.6131660383299007,1.7558639201582196,2.89076823095069,0.25,True,False,no population gap,single df,1.1187290969899664,1.1131252634572848,inf,-0.9286510590858406,1.0747924452612447,inf,0.2668106365933875,8,0.00625,0.9875,not read,False
o3-mini-2025-01-31 | NA | low | scale-by-scale | extensive,gut_diff | political_identity,gut_diff,political_identity,True,85,11,53,1.0,False,o3-mini-2025-01-31,,low,scale-by-scale,extensive,5.131639722863742,,,True,False,steepened,-1.0461630573376757,2.5315832974748966,2.4085752019119284,0.25,True,False,no population gap,single df,3.811320754716981,0.4149735148737588,inf,0.7427101200686106,0.7162066114260104,inf,-0.0758310690244772,8,0.00625,0.9875,not read,False
o3-mini-2025-01-31 | NA | low | scale-by-scale | extensive,gut_diff | sex,gut_diff,sex,True,85,62,23,1.0,False,o3-mini-2025-01-31,,low,scale-by-scale,extensive,2.5157593123209163,,,True,False,undetermined,-1.5139845768883289,1.024503510969675,5.186080248260046,0.25,True,False,no population gap,single df,-0.6157082748948107,0.4123160929827478,inf,-0.2447405329593268,0.5081640147867098,inf,0.0053004834345347,8,0.00625,0.9875,not read,False
o3-mini-2025-01-31 | NA | low | scale-by-scale | extensive,gut_diff | education,gut_diff,education,True,85,41,44,1.0,False,o3-mini-2025-01-31,,low,scale-by-scale,extensive,-0.1639784946236558,,,True,False,undetermined,-1.2216746800862492,0.8092578286450074,4.924465384074174,0.25,True,False,no population gap,single df,0.0338137472283813,0.3820035071552448,inf,-0.2062084257206209,0.4065596456151067,inf,0.0104223090893982,8,0.00625,0.9875,not read,False
o3-mini-2025-01-31 | NA | low | scale-by-scale | extensive,gut_diff | age,gut_diff,age,True,85,39,46,1.0,False,o3-mini-2025-01-31,,low,scale-by-scale,extensive,-0.2159090909090907,,,True,False,undetermined,-1.2987750953461776,0.7101463328043716,3.412883562596672,0.25,True,False,no population gap,single df,0.0635451505016722,0.3899118237774538,inf,-0.294314381270903,0.4021533853962044,inf,0.010121615730168,8,0.00625,0.9875,not read,False
o3-mini-2025-01-31 | NA | low | scale-by-scale | minimal,bjw_score | political_identity,bjw_score,political_identity,False,18,3,11,0.2117647058823529,True,o3-mini-2025-01-31,,low,scale-by-scale,minimal,0.2902738432483473,,,True,False,undetermined,-0.8247376275749545,6.879626135293655,1.2724204174935967,0.25,True,False,no population gap,single df,0.8787878787878789,0.8527355372724847,inf,3.0274442538593505,1.5422882777520266,inf,0.07560733156106,8,0.00625,0.9875,not read,False
o3-mini-2025-01-31 | NA | low | scale-by-scale | minimal,bjw_score | sex,bjw_score,sex,True,18,15,3,0.2117647058823529,True,o3-mini-2025-01-31,,low,scale-by-scale,minimal,4.660130718954251,,,True,False,undetermined,-3.4784932878944645,2.190975756337663,4.403411142197722,0.25,True,False,no population gap,single df,-3.0,0.7925202495609763,inf,-0.6437587657784007,1.134935462177802,inf,0.0299270044524471,8,0.00625,0.9875,not read,False
o3-mini-2025-01-31 | NA | low | scale-by-scale | minimal,bjw_score | education,bjw_score,education,False,18,7,11,0.2117647058823529,True,o3-mini-2025-01-31,,low,scale-by-scale,minimal,-0.1425673717763,,,True,False,undetermined,-3.51943020478364,1.8797406260696696,3.2928006013723343,0.25,True,False,no population gap,single df,0.1168831168831197,1.0266586316548802,inf,-0.8198447893569849,1.080826157526246,inf,-0.1676914898818438,8,0.00625,0.9875,not read,False
o3-mini-2025-01-31 | NA | low | scale-by-scale | minimal,bjw_score | age,bjw_score,age,True,18,6,12,0.2117647058823529,True,o3-mini-2025-01-31,,low,scale-by-scale,minimal,-2.9612845138055257,,,True,False,reversed,-3.6131660383299007,1.7558639201582196,2.89076823095069,0.25,True,False,no population gap,single df,2.75,0.8123575291299379,inf,-0.9286510590858406,1.0747924452612447,inf,0.0100387716513588,8,0.00625,0.9875,not read,False
o3-mini-2025-01-31 | NA | low | scale-by-scale | minimal,gut_diff | political_identity,gut_diff,political_identity,False,18,3,11,0.2117647058823529,True,o3-mini-2025-01-31,,low,scale-by-scale,minimal,0.0,,,True,False,undetermined,-1.0461630573376757,2.5315832974748966,2.4085752019119284,0.25,True,False,no population gap,single df,0.0,0.0,inf,0.7427101200686106,0.7162066114260104,inf,0.0,8,0.00625,0.9875,not read,False
o3-mini-2025-01-31 | NA | low | scale-by-scale | minimal,gut_diff | sex,gut_diff,sex,True,18,15,3,0.2117647058823529,True,o3-mini-2025-01-31,,low,scale-by-scale,minimal,-0.0,,,True,False,undetermined,-1.5139845768883289,1.024503510969675,5.186080248260046,0.25,True,False,no population gap,single df,0.0,0.0,inf,-0.2447405329593268,0.5081640147867098,inf,0.0,8,0.00625,0.9875,not read,False
o3-mini-2025-01-31 | NA | low | scale-by-scale | minimal,gut_diff | education,gut_diff,education,False,18,7,11,0.2117647058823529,True,o3-mini-2025-01-31,,low,scale-by-scale,minimal,-0.0,,,True,False,undetermined,-1.2216746800862492,0.8092578286450074,4.924465384074174,0.25,True,False,no population gap,single df,0.0,0.0,inf,-0.2062084257206209,0.4065596456151067,inf,0.0,8,0.00625,0.9875,not read,False
o3-mini-2025-01-31 | NA | low | scale-by-scale | minimal,gut_diff | age,gut_diff,age,True,18,6,12,0.2117647058823529,True,o3-mini-2025-01-31,,low,scale-by-scale,minimal,-0.0,,,True,False,undetermined,-1.2987750953461776,0.7101463328043716,3.412883562596672,0.25,True,False,no population gap,single df,0.0,0.0,inf,-0.294314381270903,0.4021533853962044,inf,0.0,8,0.00625,0.9875,not read,False
o3-mini-2025-01-31 | NA | low | scale-by-scale | none,bjw_score | political_identity,bjw_score,political_identity,False,55,6,35,0.6470588235294118,False,o3-mini-2025-01-31,,low,scale-by-scale,none,-0.2091973559962225,,,True,False,undetermined,-0.8247376275749545,6.879626135293655,1.2724204174935967,0.25,True,False,no population gap,single df,-0.6333333333333329,1.2144390922975226,inf,3.0274442538593505,1.5422882777520266,inf,-0.2221357963821163,8,0.00625,0.9875,not read,False
o3-mini-2025-01-31 | NA | low | scale-by-scale | none,bjw_score | sex,bjw_score,sex,False,55,39,16,0.6470588235294118,False,o3-mini-2025-01-31,,low,scale-by-scale,none,-2.0213814870677624,,,True,False,undetermined,-3.4784932878944645,2.190975756337663,4.403411142197722,0.25,True,False,no population gap,single df,1.301282051282051,0.7054467752051417,inf,-0.6437587657784007,1.134935462177802,inf,0.076317546907852,8,0.00625,0.9875,not read,False
o3-mini-2025-01-31 | NA | low | scale-by-scale | none,bjw_score | education,bjw_score,education,False,55,25,30,0.6470588235294118,False,o3-mini-2025-01-31,,low,scale-by-scale,none,1.1465584854631516,,,True,False,undetermined,-3.51943020478364,1.8797406260696696,3.2928006013723343,0.25,True,False,no population gap,single df,-0.9400000000000012,0.5949557476162941,inf,-0.8198447893569849,1.080826157526246,inf,-0.0140092466835768,8,0.00625,0.9875,not read,False
o3-mini-2025-01-31 | NA | low | scale-by-scale | none,bjw_score | age,bjw_score,age,False,55,25,30,0.6470588235294118,False,o3-mini-2025-01-31,,low,scale-by-scale,none,0.6173829531812741,,,True,False,undetermined,-3.6131660383299007,1.7558639201582196,2.89076823095069,0.25,True,False,no population gap,single df,-0.5733333333333341,0.6079577583539152,inf,-0.9286510590858406,1.0747924452612447,inf,-0.0241354176142669,8,0.00625,0.9875,not read,False
o3-mini-2025-01-31 | NA | low | scale-by-scale | none,gut_diff | political_identity,gut_diff,political_identity,False,55,6,35,0.6470588235294118,False,o3-mini-2025-01-31,,low,scale-by-scale,none,0.0,,,True,False,undetermined,-1.0461630573376757,2.5315832974748966,2.4085752019119284,0.25,True,False,no population gap,single df,0.0,0.0,inf,0.7427101200686106,0.7162066114260104,inf,0.0,8,0.00625,0.9875,not read,False
o3-mini-2025-01-31 | NA | low | scale-by-scale | none,gut_diff | sex,gut_diff,sex,False,55,39,16,0.6470588235294118,False,o3-mini-2025-01-31,,low,scale-by-scale,none,-0.0,,,True,False,undetermined,-1.5139845768883289,1.024503510969675,5.186080248260046,0.25,True,False,no population gap,single df,0.0,0.0,inf,-0.2447405329593268,0.5081640147867098,inf,0.0,8,0.00625,0.9875,not read,False
o3-mini-2025-01-31 | NA | low | scale-by-scale | none,gut_diff | education,gut_diff,education,False,55,25,30,0.6470588235294118,False,o3-mini-2025-01-31,,low,scale-by-scale,none,-0.0,,,True,False,undetermined,-1.2216746800862492,0.8092578286450074,4.924465384074174,0.25,True,False,no population gap,single df,0.0,0.0,inf,-0.2062084257206209,0.4065596456151067,inf,0.0,8,0.00625,0.9875,not read,False
o3-mini-2025-01-31 | NA | low | scale-by-scale | none,gut_diff | age,gut_diff,age,False,55,25,30,0.6470588235294118,False,o3-mini-2025-01-31,,low,scale-by-scale,none,-0.0,,,True,False,undetermined,-1.2987750953461776,0.7101463328043716,3.412883562596672,0.25,True,False,no population gap,single df,0.0,0.0,inf,-0.294314381270903,0.4021533853962044,inf,0.0,8,0.00625,0.9875,not read,False
o4-mini-2025-04-16 | NA | high | all-at-once | extensive,bjw_score | political_identity,bjw_score,political_identity,True,85,11,53,1.0,False,o4-mini-2025-04-16,,high,all-at-once,extensive,3.745042492917845,,,True,False,steepened,-0.8247376275749545,6.879626135293655,1.2724204174935967,0.25,True,False,no population gap,single df,11.337907375643226,0.9368588123178244,inf,3.0274442538593505,1.5422882777520266,inf,-0.0329073005275357,8,0.00625,0.9875,not read,False
o4-mini-2025-04-16 | NA | high | all-at-once | extensive,bjw_score | sex,bjw_score,sex,True,85,62,23,1.0,False,o4-mini-2025-04-16,,high,all-at-once,extensive,0.767973856209152,,,True,False,undetermined,-3.4784932878944645,2.190975756337663,4.403411142197722,0.25,True,False,no population gap,single df,-0.4943899018232827,1.143853439441703,inf,-0.6437587657784007,1.134935462177802,inf,0.3022327050807432,8,0.00625,0.9875,not read,False
o4-mini-2025-04-16 | NA | high | all-at-once | extensive,bjw_score | education,bjw_score,education,True,85,41,44,1.0,False,o4-mini-2025-04-16,,high,all-at-once,extensive,0.1622718052738376,,,True,False,undetermined,-3.51943020478364,1.8797406260696696,3.2928006013723343,0.25,True,False,no population gap,single df,-0.1330376940133071,1.116126045622454,inf,-0.8198447893569849,1.080826157526246,inf,0.2261346788969793,8,0.00625,0.9875,not read,False
o4-mini-2025-04-16 | NA | high | all-at-once | extensive,bjw_score | age,bjw_score,age,True,85,39,46,1.0,False,o4-mini-2025-04-16,,high,all-at-once,extensive,-1.2454981992797158,,,True,False,undetermined,-3.6131660383299007,1.7558639201582196,2.89076823095069,0.25,True,False,no population gap,single df,1.1566332218506157,1.1247150388897205,inf,-0.9286510590858406,1.0747924452612447,inf,0.2516874968676761,8,0.00625,0.9875,not read,False
o4-mini-2025-04-16 | NA | high | all-at-once | extensive,gut_diff | political_identity,gut_diff,political_identity,True,85,11,53,1.0,False,o4-mini-2025-04-16,,high,all-at-once,extensive,1.9653579676674369,,,True,False,undetermined,-1.0461630573376757,2.5315832974748966,2.4085752019119284,0.25,True,False,no population gap,single df,1.4596912521440824,0.2955114313861195,inf,0.7427101200686106,0.7162066114260104,inf,0.0354317475617091,8,0.00625,0.9875,not read,False
o4-mini-2025-04-16 | NA | high | all-at-once | extensive,gut_diff | sex,gut_diff,sex,True,85,62,23,1.0,False,o4-mini-2025-04-16,,high,all-at-once,extensive,1.6876790830945552,,,True,False,undetermined,-1.5139845768883289,1.024503510969675,5.186080248260046,0.25,True,False,no population gap,single df,-0.4130434782608695,0.2055471331038202,inf,-0.2447405329593268,0.5081640147867098,inf,0.0188352305820212,8,0.00625,0.9875,not read,False
o4-mini-2025-04-16 | NA | high | all-at-once | extensive,gut_diff | education,gut_diff,education,True,85,41,44,1.0,False,o4-mini-2025-04-16,,high,all-at-once,extensive,0.4758064516129026,,,True,False,undetermined,-1.2216746800862492,0.8092578286450074,4.924465384074174,0.25,True,False,no population gap,single df,-0.0981152993348114,0.2234385065713957,inf,-0.2062084257206209,0.4065596456151067,inf,0.012506074758197,8,0.00625,0.9875,not read,False
o4-mini-2025-04-16 | NA | high | all-at-once | extensive,gut_diff | age,gut_diff,age,True,85,39,46,1.0,False,o4-mini-2025-04-16,,high,all-at-once,extensive,0.1382575757575757,,,True,False,undetermined,-1.2987750953461776,0.7101463328043716,3.412883562596672,0.25,True,False,no population gap,single df,-0.0406911928651059,0.2168488365583183,inf,-0.294314381270903,0.4021533853962044,inf,0.0121295971385553,8,0.00625,0.9875,not read,False
o4-mini-2025-04-16 | NA | high | all-at-once | minimal,bjw_score | political_identity,bjw_score,political_identity,False,85,11,53,1.0,False,o4-mini-2025-04-16,,high,all-at-once,minimal,0.275354107648725,,,True,False,undetermined,-0.8247376275749545,6.879626135293655,1.2724204174935967,0.25,True,False,no population gap,single df,0.8336192109777016,0.6598665232504642,inf,3.0274442538593505,1.5422882777520266,inf,-0.3313919993598022,8,0.00625,0.9875,not read,False
o4-mini-2025-04-16 | NA | high | all-at-once | minimal,bjw_score | sex,bjw_score,sex,True,85,62,23,1.0,False,o4-mini-2025-04-16,,high,all-at-once,minimal,0.2745098039215694,,,True,False,undetermined,-3.4784932878944645,2.190975756337663,4.403411142197722,0.25,True,False,no population gap,single df,-0.1767180925666203,0.5054848874787076,inf,-0.6437587657784007,1.134935462177802,inf,-0.0442250011215983,8,0.00625,0.9875,not read,False
o4-mini-2025-04-16 | NA | high | all-at-once | minimal,bjw_score | education,bjw_score,education,False,85,41,44,1.0,False,o4-mini-2025-04-16,,high,all-at-once,minimal,-0.5436105476673421,,,True,False,undetermined,-3.51943020478364,1.8797406260696696,3.2928006013723343,0.25,True,False,no population gap,single df,0.4456762749445673,0.4806620828050452,inf,-0.8198447893569849,1.080826157526246,inf,0.0078005386035112,8,0.00625,0.9875,not read,False
o4-mini-2025-04-16 | NA | high | all-at-once | minimal,bjw_score | age,bjw_score,age,True,85,39,46,1.0,False,o4-mini-2025-04-16,,high,all-at-once,minimal,-1.0750300120048022,,,True,False,undetermined,-3.6131660383299007,1.7558639201582196,2.89076823095069,0.25,True,False,no population gap,single df,0.9983277591973234,0.4814090802100277,inf,-0.9286510590858406,1.0747924452612447,inf,0.0277276319805797,8,0.00625,0.9875,not read,False
o4-mini-2025-04-16 | NA | high | all-at-once | minimal,gut_diff | political_identity,gut_diff,political_identity,False,85,11,53,1.0,False,o4-mini-2025-04-16,,high,all-at-once,minimal,-0.3510392609699769,,,True,False,undetermined,-1.0461630573376757,2.5315832974748966,2.4085752019119284,0.25,True,False,no population gap,single df,-0.2607204116638079,0.1221013397712934,inf,0.7427101200686106,0.7162066114260104,inf,-0.0020792885012322,8,0.00625,0.9875,not read,False
o4-mini-2025-04-16 | NA | high | all-at-once | minimal,gut_diff | sex,gut_diff,sex,True,85,62,23,1.0,False,o4-mini-2025-04-16,,high,all-at-once,minimal,1.5329512893982804,,,True,False,undetermined,-1.5139845768883289,1.024503510969675,5.186080248260046,0.25,True,False,no population gap,single df,-0.3751753155680224,0.1464463513714969,inf,-0.2447405329593268,0.5081640147867098,inf,-0.0019384218945438,8,0.00625,0.9875,not read,False
o4-mini-2025-04-16 | NA | high | all-at-once | minimal,gut_diff | education,gut_diff,education,False,85,41,44,1.0,False,o4-mini-2025-04-16,,high,all-at-once,minimal,0.1881720430107527,,,True,False,undetermined,-1.2216746800862492,0.8092578286450074,4.924465384074174,0.25,True,False,no population gap,single df,-0.0388026607538802,0.1091421275880349,inf,-0.2062084257206209,0.4065596456151067,inf,-0.0023326490484178,8,0.00625,0.9875,not read,False
o4-mini-2025-04-16 | NA | high | all-at-once | minimal,gut_diff | age,gut_diff,age,True,85,39,46,1.0,False,o4-mini-2025-04-16,,high,all-at-once,minimal,-1.03219696969697,,,True,False,undetermined,-1.2987750953461776,0.7101463328043716,3.412883562596672,0.25,True,False,no population gap,single df,0.3037904124860647,0.1093282509991791,inf,-0.294314381270903,0.4021533853962044,inf,0.0018346336113953,8,0.00625,0.9875,not read,False
o4-mini-2025-04-16 | NA | high | all-at-once | none,bjw_score | political_identity,bjw_score,political_identity,False,85,11,53,1.0,False,o4-mini-2025-04-16,,high,all-at-once,none,0.1620396600566572,,,True,False,undetermined,-0.8247376275749545,6.879626135293655,1.2724204174935967,0.25,True,False,no population gap,single df,0.4905660377358494,0.6571466898525147,inf,3.0274442538593505,1.5422882777520266,inf,-0.1989859990046884,8,0.00625,0.9875,not read,False
o4-mini-2025-04-16 | NA | high | all-at-once | none,bjw_score | sex,bjw_score,sex,False,85,62,23,1.0,False,o4-mini-2025-04-16,,high,all-at-once,none,-1.866013071895424,,,True,False,undetermined,-3.4784932878944645,2.190975756337663,4.403411142197722,0.25,True,False,no population gap,single df,1.2012622720897603,0.3720171380401765,inf,-0.6437587657784007,1.134935462177802,inf,-0.0284160488666577,8,0.00625,0.9875,not read,False
o4-mini-2025-04-16 | NA | high | all-at-once | none,bjw_score | education,bjw_score,education,False,85,41,44,1.0,False,o4-mini-2025-04-16,,high,all-at-once,none,-0.2292089249492938,,,True,False,undetermined,-3.51943020478364,1.8797406260696696,3.2928006013723343,0.25,True,False,no population gap,single df,0.1879157427937947,0.3566707754018815,inf,-0.8198447893569849,1.080826157526246,inf,0.0511976862166022,8,0.00625,0.9875,not read,False
o4-mini-2025-04-16 | NA | high | all-at-once | none,bjw_score | age,bjw_score,age,False,85,39,46,1.0,False,o4-mini-2025-04-16,,high,all-at-once,none,0.5456182472989207,,,True,False,undetermined,-3.6131660383299007,1.7558639201582196,2.89076823095069,0.25,True,False,no population gap,single df,-0.5066889632107028,0.3630135637402171,inf,-0.9286510590858406,1.0747924452612447,inf,0.0239176941641097,8,0.00625,0.9875,not read,False
o4-mini-2025-04-16 | NA | high | all-at-once | none,gut_diff | political_identity,gut_diff,political_identity,False,85,11,53,1.0,False,o4-mini-2025-04-16,,high,all-at-once,none,0.0323325635103925,,,True,False,undetermined,-1.0461630573376757,2.5315832974748966,2.4085752019119284,0.25,True,False,no population gap,single df,0.0240137221269296,0.1780346048636725,inf,0.7427101200686106,0.7162066114260104,inf,0.0176280851431153,8,0.00625,0.9875,not read,False
o4-mini-2025-04-16 | NA | high | all-at-once | none,gut_diff | sex,gut_diff,sex,False,85,62,23,1.0,False,o4-mini-2025-04-16,,high,all-at-once,none,-1.0028653295128935,,,True,False,undetermined,-1.5139845768883289,1.024503510969675,5.186080248260046,0.25,True,False,no population gap,single df,0.2454417952314165,0.1587004375841889,inf,-0.2447405329593268,0.5081640147867098,inf,-0.0022375705463936,8,0.00625,0.9875,not read,False
o4-mini-2025-04-16 | NA | high | all-at-once | none,gut_diff | education,gut_diff,education,False,85,41,44,1.0,False,o4-mini-2025-04-16,,high,all-at-once,none,0.3360215053763442,,,True,False,undetermined,-1.2216746800862492,0.8092578286450074,4.924465384074174,0.25,True,False,no population gap,single df,-0.069290465631929,0.1342039607821433,inf,-0.2062084257206209,0.4065596456151067,inf,0.0022239991871463,8,0.00625,0.9875,not read,False
o4-mini-2025-04-16 | NA | high | all-at-once | none,gut_diff | age,gut_diff,age,False,85,39,46,1.0,False,o4-mini-2025-04-16,,high,all-at-once,none,-0.0378787878787881,,,True,False,undetermined,-1.2987750953461776,0.7101463328043716,3.412883562596672,0.25,True,False,no population gap,single df,0.0111482720178373,0.1371078310400234,inf,-0.294314381270903,0.4021533853962044,inf,0.0016912619270096,8,0.00625,0.9875,not read,False
o4-mini-2025-04-16 | NA | high | item-by-item | extensive,bjw_score | political_identity,bjw_score,political_identity,True,85,11,53,1.0,False,o4-mini-2025-04-16,,high,item-by-item,extensive,4.329745042492914,,,True,False,steepened,-0.8247376275749545,6.879626135293655,1.2724204174935967,0.25,True,False,no population gap,single df,13.108061749571185,1.0117464107673022,inf,3.0274442538593505,1.5422882777520266,inf,0.0647399993706978,8,0.00625,0.9875,not read,False
o4-mini-2025-04-16 | NA | high | item-by-item | extensive,bjw_score | sex,bjw_score,sex,True,85,62,23,1.0,False,o4-mini-2025-04-16,,high,item-by-item,extensive,1.876906318082792,,,True,False,undetermined,-3.4784932878944645,2.190975756337663,4.403411142197722,0.25,True,False,no population gap,single df,-1.2082748948106603,1.2563713611797789,inf,-0.6437587657784007,1.134935462177802,inf,0.2591055286383166,8,0.00625,0.9875,not read,False
o4-mini-2025-04-16 | NA | high | item-by-item | extensive,bjw_score | education,bjw_score,education,True,85,41,44,1.0,False,o4-mini-2025-04-16,,high,item-by-item,extensive,0.7194050033806623,,,True,False,undetermined,-3.51943020478364,1.8797406260696696,3.2928006013723343,0.25,True,False,no population gap,single df,-0.5898004434589801,1.2981958423052802,inf,-0.8198447893569849,1.080826157526246,inf,0.3301887487807169,8,0.00625,0.9875,not read,False
o4-mini-2025-04-16 | NA | high | item-by-item | extensive,bjw_score | age,bjw_score,age,True,85,39,46,1.0,False,o4-mini-2025-04-16,,high,item-by-item,extensive,-0.9927971188475384,,,True,False,undetermined,-3.6131660383299007,1.7558639201582196,2.89076823095069,0.25,True,False,no population gap,single df,0.9219620958751378,1.3070760081877768,inf,-0.9286510590858406,1.0747924452612447,inf,0.3222280060788833,8,0.00625,0.9875,not read,False
o4-mini-2025-04-16 | NA | high | item-by-item | extensive,gut_diff | political_identity,gut_diff,political_identity,True,85,11,53,1.0,False,o4-mini-2025-04-16,,high,item-by-item,extensive,2.87066974595843,,,True,False,undetermined,-1.0461630573376757,2.5315832974748966,2.4085752019119284,0.25,True,False,no population gap,single df,2.1320754716981134,0.5077541286445477,inf,0.7427101200686106,0.7162066114260104,inf,0.0786600497366228,8,0.00625,0.9875,not read,False
o4-mini-2025-04-16 | NA | high | item-by-item | extensive,gut_diff | sex,gut_diff,sex,True,85,62,23,1.0,False,o4-mini-2025-04-16,,high,item-by-item,extensive,1.598853868194842,,,True,False,undetermined,-1.5139845768883289,1.024503510969675,5.186080248260046,0.25,True,False,no population gap,single df,-0.391304347826087,0.2890274465516587,inf,-0.2447405329593268,0.5081640147867098,inf,0.0204973204947936,8,0.00625,0.9875,not read,False
o4-mini-2025-04-16 | NA | high | item-by-item | extensive,gut_diff | education,gut_diff,education,True,85,41,44,1.0,False,o4-mini-2025-04-16,,high,item-by-item,extensive,0.0779569892473117,,,True,False,undetermined,-1.2216746800862492,0.8092578286450074,4.924465384074174,0.25,True,False,no population gap,single df,-0.0160753880266075,0.2763492949293585,inf,-0.2062084257206209,0.4065596456151067,inf,0.0149743498997537,8,0.00625,0.9875,not read,False
o4-mini-2025-04-16 | NA | high | item-by-item | extensive,gut_diff | age,gut_diff,age,True,85,39,46,1.0,False,o4-mini-2025-04-16,,high,item-by-item,extensive,0.1818181818181817,,,True,False,undetermined,-1.2987750953461776,0.7101463328043716,3.412883562596672,0.25,True,False,no population gap,single df,-0.0535117056856187,0.273260861401662,inf,-0.294314381270903,0.4021533853962044,inf,0.0100080938735845,8,0.00625,0.9875,not read,False
o4-mini-2025-04-16 | NA | high | item-by-item | minimal,bjw_score | political_identity,bjw_score,political_identity,False,85,11,53,1.0,False,o4-mini-2025-04-16,,high,item-by-item,minimal,-0.2039660056657225,,,True,False,reversed or missing,-0.8247376275749545,6.879626135293655,1.2724204174935967,0.25,True,False,no population gap,single df,-0.6174957118353355,0.5485797443331161,inf,3.0274442538593505,1.5422882777520266,inf,0.4638168867425092,8,0.00625,0.9875,not read,False
o4-mini-2025-04-16 | NA | high | item-by-item | minimal,bjw_score | sex,bjw_score,sex,True,85,62,23,1.0,False,o4-mini-2025-04-16,,high,item-by-item,minimal,1.467320261437913,,,True,False,undetermined,-3.4784932878944645,2.190975756337663,4.403411142197722,0.25,True,False,no population gap,single df,-0.9446002805049112,0.3611033664197358,inf,-0.6437587657784007,1.134935462177802,inf,-0.1065028821277897,8,0.00625,0.9875,not read,False
o4-mini-2025-04-16 | NA | high | item-by-item | minimal,bjw_score | education,bjw_score,education,False,85,41,44,1.0,False,o4-mini-2025-04-16,,high,item-by-item,minimal,-1.321162947937794,,,True,False,undetermined,-3.51943020478364,1.8797406260696696,3.2928006013723343,0.25,True,False,no population gap,single df,1.0831485587583138,0.374084238699132,inf,-0.8198447893569849,1.080826157526246,inf,-0.0203970869390568,8,0.00625,0.9875,not read,False
o4-mini-2025-04-16 | NA | high | item-by-item | minimal,bjw_score | age,bjw_score,age,True,85,39,46,1.0,False,o4-mini-2025-04-16,,high,item-by-item,minimal,-1.0870348139255712,,,True,False,undetermined,-3.6131660383299007,1.7558639201582196,2.89076823095069,0.25,True,False,no population gap,single df,1.0094760312151614,0.3784193394704339,inf,-0.9286510590858406,1.0747924452612447,inf,-0.0217207769625339,8,0.00625,0.9875,not read,False
o4-mini-2025-04-16 | NA | high | item-by-item | minimal,gut_diff | political_identity,gut_diff,political_identity,False,85,11,53,1.0,False,o4-mini-2025-04-16,,high,item-by-item,minimal,-0.0785219399538105,,,True,False,undetermined,-1.0461630573376757,2.5315832974748966,2.4085752019119284,0.25,True,False,no population gap,single df,-0.0583190394511148,0.2393668122527919,inf,0.7427101200686106,0.7162066114260104,inf,0.0139202969748168,8,0.00625,0.9875,not read,False
o4-mini-2025-04-16 | NA | high | item-by-item | minimal,gut_diff | sex,gut_diff,sex,True,85,62,23,1.0,False,o4-mini-2025-04-16,,high,item-by-item,minimal,2.063037249283667,,,True,False,undetermined,-1.5139845768883289,1.024503510969675,5.186080248260046,0.25,True,False,no population gap,single df,-0.5049088359046283,0.2033323378860067,inf,-0.2447405329593268,0.5081640147867098,inf,0.0146952664952015,8,0.00625,0.9875,not read,False
o4-mini-2025-04-16 | NA | high | item-by-item | minimal,gut_diff | education,gut_diff,education,False,85,41,44,1.0,False,o4-mini-2025-04-16,,high,item-by-item,minimal,-0.6586021505376342,,,True,False,undetermined,-1.2216746800862492,0.8092578286450074,4.924465384074174,0.25,True,False,no population gap,single df,0.1358093126385809,0.164990097275655,inf,-0.2062084257206209,0.4065596456151067,inf,0.006089451713219,8,0.00625,0.9875,not read,False
o4-mini-2025-04-16 | NA | high | item-by-item | minimal,gut_diff | age,gut_diff,age,True,85,39,46,1.0,False,o4-mini-2025-04-16,,high,item-by-item,minimal,-0.6534090909090908,,,True,False,undetermined,-1.2987750953461776,0.7101463328043716,3.412883562596672,0.25,True,False,no population gap,single df,0.1923076923076923,0.168451874479625,inf,-0.294314381270903,0.4021533853962044,inf,0.0055939933542213,8,0.00625,0.9875,not read,False
o4-mini-2025-04-16 | NA | high | item-by-item | none,bjw_score | political_identity,bjw_score,political_identity,False,83,11,52,0.976470588235294,False,o4-mini-2025-04-16,,high,item-by-item,none,0.1645783395075173,,,True,False,undetermined,-0.8247376275749545,6.879626135293655,1.2724204174935967,0.25,True,False,no population gap,single df,0.4982517482517465,0.3695052309430663,inf,3.0274442538593505,1.5422882777520266,inf,0.1599761010715629,8,0.00625,0.9875,not read,False
o4-mini-2025-04-16 | NA | high | item-by-item | none,bjw_score | sex,bjw_score,sex,False,83,60,23,0.976470588235294,False,o4-mini-2025-04-16,,high,item-by-item,none,-0.420987654320986,,,True,False,undetermined,-3.4784932878944645,2.190975756337663,4.403411142197722,0.25,True,False,no population gap,single df,0.271014492753622,0.2812083848463271,inf,-0.6437587657784007,1.134935462177802,inf,-0.0366159836683824,8,0.00625,0.9875,not read,False
o4-mini-2025-04-16 | NA | high | item-by-item | none,bjw_score | education,bjw_score,education,False,83,40,43,0.976470588235294,False,o4-mini-2025-04-16,,high,item-by-item,none,-0.31415475572747,,,True,False,undetermined,-3.51943020478364,1.8797406260696696,3.2928006013723343,0.25,True,False,no population gap,single df,0.2575581395348827,0.2508178088164836,inf,-0.8198447893569849,1.080826157526246,inf,-0.03139361434747,8,0.00625,0.9875,not read,False
o4-mini-2025-04-16 | NA | high | item-by-item | none,bjw_score | age,bjw_score,age,False,83,39,44,0.976470588235294,False,o4-mini-2025-04-16,,high,item-by-item,none,-0.064007421150279,,,True,False,undetermined,-3.6131660383299007,1.7558639201582196,2.89076823095069,0.25,True,False,no population gap,single df,0.05944055944056,0.2542449902937846,inf,-0.9286510590858406,1.0747924452612447,inf,-0.0269853665659031,8,0.00625,0.9875,not read,False
o4-mini-2025-04-16 | NA | high | item-by-item | none,gut_diff | political_identity,gut_diff,political_identity,False,83,11,52,0.976470588235294,False,o4-mini-2025-04-16,,high,item-by-item,none,0.0047077633682714,,,True,False,undetermined,-1.0461630573376757,2.5315832974748966,2.4085752019119284,0.25,True,False,no population gap,single df,0.0034965034965034,0.3119147755859641,inf,0.7427101200686106,0.7162066114260104,inf,-0.0677584235348444,8,0.00625,0.9875,not read,False
o4-mini-2025-04-16 | NA | high | item-by-item | none,gut_diff | sex,gut_diff,sex,False,83,60,23,0.976470588235294,False,o4-mini-2025-04-16,,high,item-by-item,none,-0.6247373447946513,,,True,False,undetermined,-1.5139845768883289,1.024503510969675,5.186080248260046,0.25,True,False,no population gap,single df,0.1528985507246376,0.2661005433713171,inf,-0.2447405329593268,0.5081640147867098,inf,-0.0027059970740999,8,0.00625,0.9875,not read,False
o4-mini-2025-04-16 | NA | high | item-by-item | none,gut_diff | education,gut_diff,education,False,83,40,43,0.976470588235294,False,o4-mini-2025-04-16,,high,item-by-item,none,-1.254657414353588,,,True,False,undetermined,-1.2216746800862492,0.8092578286450074,4.924465384074174,0.25,True,False,no population gap,single df,0.2587209302325581,0.2158845592017487,inf,-0.2062084257206209,0.4065596456151067,inf,-0.0060249128638281,8,0.00625,0.9875,not read,False
o4-mini-2025-04-16 | NA | high | item-by-item | none,gut_diff | age,gut_diff,age,False,83,39,44,0.976470588235294,False,o4-mini-2025-04-16,,high,item-by-item,none,-0.7563705234159779,,,True,False,undetermined,-1.2987750953461776,0.7101463328043716,3.412883562596672,0.25,True,False,no population gap,single df,0.2226107226107226,0.21471043746373,inf,-0.294314381270903,0.4021533853962044,inf,-0.0072224061529564,8,0.00625,0.9875,not read,False
o4-mini-2025-04-16 | NA | high | scale-by-scale | extensive,bjw_score | political_identity,bjw_score,political_identity,True,85,11,53,1.0,False,o4-mini-2025-04-16,,high,scale-by-scale,extensive,3.591501416430592,,,True,False,steepened,-0.8247376275749545,6.879626135293655,1.2724204174935967,0.25,True,False,no population gap,single df,10.873070325900514,0.7453356750843212,inf,3.0274442538593505,1.5422882777520266,inf,0.0991566255264664,8,0.00625,0.9875,not read,False
o4-mini-2025-04-16 | NA | high | scale-by-scale | extensive,bjw_score | sex,bjw_score,sex,True,85,62,23,1.0,False,o4-mini-2025-04-16,,high,scale-by-scale,extensive,0.43028322440087,,,True,False,undetermined,-3.4784932878944645,2.190975756337663,4.403411142197722,0.25,True,False,no population gap,single df,-0.2769985974754547,1.227235037268421,inf,-0.6437587657784007,1.134935462177802,inf,0.2233214282729845,8,0.00625,0.9875,not read,False
o4-mini-2025-04-16 | NA | high | scale-by-scale | extensive,bjw_score | education,bjw_score,education,True,85,41,44,1.0,False,o4-mini-2025-04-16,,high,scale-by-scale,extensive,0.3684922244759956,,,True,False,undetermined,-3.51943020478364,1.8797406260696696,3.2928006013723343,0.25,True,False,no population gap,single df,-0.3021064301552094,1.072446787227057,inf,-0.8198447893569849,1.080826157526246,inf,0.2398109484611644,8,0.00625,0.9875,not read,False
o4-mini-2025-04-16 | NA | high | scale-by-scale | extensive,bjw_score | age,bjw_score,age,True,85,39,46,1.0,False,o4-mini-2025-04-16,,high,scale-by-scale,extensive,-1.3115246098439404,,,True,False,undetermined,-3.6131660383299007,1.7558639201582196,2.89076823095069,0.25,True,False,no population gap,single df,1.217948717948719,1.095808127582506,inf,-0.9286510590858406,1.0747924452612447,inf,0.2419151250761961,8,0.00625,0.9875,not read,False
o4-mini-2025-04-16 | NA | high | scale-by-scale | extensive,gut_diff | political_identity,gut_diff,political_identity,True,85,11,53,1.0,False,o4-mini-2025-04-16,,high,scale-by-scale,extensive,2.327944572748268,,,True,False,undetermined,-1.0461630573376757,2.5315832974748966,2.4085752019119284,0.25,True,False,no population gap,single df,1.7289879931389365,0.4190146220269005,inf,0.7427101200686106,0.7162066114260104,inf,0.1539338549739426,8,0.00625,0.9875,not read,False
o4-mini-2025-04-16 | NA | high | scale-by-scale | extensive,gut_diff | sex,gut_diff,sex,True,85,62,23,1.0,False,o4-mini-2025-04-16,,high,scale-by-scale,extensive,1.2063037249283668,,,True,False,undetermined,-1.5139845768883289,1.024503510969675,5.186080248260046,0.25,True,False,no population gap,single df,-0.2952314165497897,0.2098379753974265,inf,-0.2447405329593268,0.5081640147867098,inf,0.0250541360871186,8,0.00625,0.9875,not read,False
o4-mini-2025-04-16 | NA | high | scale-by-scale | extensive,gut_diff | education,gut_diff,education,True,85,41,44,1.0,False,o4-mini-2025-04-16,,high,scale-by-scale,extensive,0.5456989247311821,,,True,False,undetermined,-1.2216746800862492,0.8092578286450074,4.924465384074174,0.25,True,False,no population gap,single df,-0.1125277161862526,0.2146039041115816,inf,-0.2062084257206209,0.4065596456151067,inf,0.0218056059714818,8,0.00625,0.9875,not read,False
o4-mini-2025-04-16 | NA | high | scale-by-scale | extensive,gut_diff | age,gut_diff,age,True,85,39,46,1.0,False,o4-mini-2025-04-16,,high,scale-by-scale,extensive,-0.0151515151515153,,,True,False,undetermined,-1.2987750953461776,0.7101463328043716,3.412883562596672,0.25,True,False,no population gap,single df,0.0044593088071349,0.206047490409638,inf,-0.294314381270903,0.4021533853962044,inf,0.0187306432081962,8,0.00625,0.9875,not read,False
o4-mini-2025-04-16 | NA | high | scale-by-scale | minimal,bjw_score | political_identity,bjw_score,political_identity,False,83,11,52,0.976470588235294,False,o4-mini-2025-04-16,,high,scale-by-scale,minimal,0.168043146655045,,,True,False,undetermined,-0.8247376275749545,6.879626135293655,1.2724204174935967,0.25,True,False,no population gap,single df,0.5087412587412601,0.6209943166296086,inf,3.0274442538593505,1.5422882777520266,inf,0.0549559528256137,8,0.00625,0.9875,not read,False
o4-mini-2025-04-16 | NA | high | scale-by-scale | minimal,bjw_score | sex,bjw_score,sex,True,83,60,23,0.976470588235294,False,o4-mini-2025-04-16,,high,scale-by-scale,minimal,-0.3692084241103862,,,True,False,undetermined,-3.4784932878944645,2.190975756337663,4.403411142197722,0.25,True,False,no population gap,single df,0.2376811594202905,0.5673761927731056,inf,-0.6437587657784007,1.134935462177802,inf,0.1882386202604461,8,0.00625,0.9875,not read,False
o4-mini-2025-04-16 | NA | high | scale-by-scale | minimal,bjw_score | education,bjw_score,education,False,83,41,42,0.976470588235294,False,o4-mini-2025-04-16,,high,scale-by-scale,minimal,-0.9073698444895176,,,True,False,undetermined,-3.51943020478364,1.8797406260696696,3.2928006013723343,0.25,True,False,no population gap,single df,0.7439024390243887,0.4906210435296503,inf,-0.8198447893569849,1.080826157526246,inf,0.0380663354219612,8,0.00625,0.9875,not read,False
o4-mini-2025-04-16 | NA | high | scale-by-scale | minimal,bjw_score | age,bjw_score,age,True,83,39,44,0.976470588235294,False,o4-mini-2025-04-16,,high,scale-by-scale,minimal,-2.144248608534324,,,True,False,reversed or missing,-3.6131660383299007,1.7558639201582196,2.89076823095069,0.25,True,False,no population gap,single df,1.99125874125874,0.4441038205695241,inf,-0.9286510590858406,1.0747924452612447,inf,0.0735853718943986,8,0.00625,0.9875,not read,False
o4-mini-2025-04-16 | NA | high | scale-by-scale | minimal,gut_diff | political_identity,gut_diff,political_identity,False,83,11,52,0.976470588235294,False,o4-mini-2025-04-16,,high,scale-by-scale,minimal,0.2071415882039438,,,True,False,undetermined,-1.0461630573376757,2.5315832974748966,2.4085752019119284,0.25,True,False,no population gap,single df,0.1538461538461538,0.247606857776945,inf,0.7427101200686106,0.7162066114260104,inf,0.0189486150083008,8,0.00625,0.9875,not read,False
o4-mini-2025-04-16 | NA | high | scale-by-scale | minimal,gut_diff | sex,gut_diff,sex,True,83,60,23,0.976470588235294,False,o4-mini-2025-04-16,,high,scale-by-scale,minimal,0.0799426934097421,,,True,False,undetermined,-1.5139845768883289,1.024503510969675,5.186080248260046,0.25,True,False,no population gap,single df,-0.0195652173913043,0.1581887406031092,inf,-0.2447405329593268,0.5081640147867098,inf,0.0041023778494541,8,0.00625,0.9875,not read,False
o4-mini-2025-04-16 | NA | high | scale-by-scale | minimal,gut_diff | education,gut_diff,education,False,83,41,42,0.976470588235294,False,o4-mini-2025-04-16,,high,scale-by-scale,minimal,0.0168970814132103,,,True,False,undetermined,-1.2216746800862492,0.8092578286450074,4.924465384074174,0.25,True,False,no population gap,single df,-0.0034843205574912,0.1415735602582873,inf,-0.2062084257206209,0.4065596456151067,inf,0.0016971835059288,8,0.00625,0.9875,not read,False
o4-mini-2025-04-16 | NA | high | scale-by-scale | minimal,gut_diff | age,gut_diff,age,True,83,39,44,0.976470588235294,False,o4-mini-2025-04-16,,high,scale-by-scale,minimal,0.059400826446281,,,True,False,undetermined,-1.2987750953461776,0.7101463328043716,3.412883562596672,0.25,True,False,no population gap,single df,-0.0174825174825175,0.1346495226685309,inf,-0.294314381270903,0.4021533853962044,inf,0.0013911121972767,8,0.00625,0.9875,not read,False
o4-mini-2025-04-16 | NA | high | scale-by-scale | none,bjw_score | political_identity,bjw_score,political_identity,False,84,10,53,0.9882352941176472,False,o4-mini-2025-04-16,,high,scale-by-scale,none,-0.1688951841359768,,,True,False,undetermined,-0.8247376275749545,6.879626135293655,1.2724204174935967,0.25,True,False,no population gap,single df,-0.51132075471698,0.4595636698796733,inf,3.0274442538593505,1.5422882777520266,inf,0.0969504042242438,8,0.00625,0.9875,not read,False
o4-mini-2025-04-16 | NA | high | scale-by-scale | none,bjw_score | sex,bjw_score,sex,False,84,62,22,0.9882352941176472,False,o4-mini-2025-04-16,,high,scale-by-scale,none,-0.4145375321845895,,,True,False,undetermined,-3.4784932878944645,2.190975756337663,4.403411142197722,0.25,True,False,no population gap,single df,0.2668621700879754,0.4544550355604593,inf,-0.6437587657784007,1.134935462177802,inf,0.0237727754474847,8,0.00625,0.9875,not read,False
o4-mini-2025-04-16 | NA | high | scale-by-scale | none,bjw_score | education,bjw_score,education,False,84,40,44,0.9882352941176472,False,o4-mini-2025-04-16,,high,scale-by-scale,none,-0.0388100067613289,,,True,False,undetermined,-3.51943020478364,1.8797406260696696,3.2928006013723343,0.25,True,False,no population gap,single df,0.0318181818181848,0.3498118976471542,inf,-0.8198447893569849,1.080826157526246,inf,0.0112415176824286,8,0.00625,0.9875,not read,False
o4-mini-2025-04-16 | NA | high | scale-by-scale | none,bjw_score | age,bjw_score,age,False,84,38,46,0.9882352941176472,False,o4-mini-2025-04-16,,high,scale-by-scale,none,-0.0689960194604151,,,True,False,undetermined,-3.6131660383299007,1.7558639201582196,2.89076823095069,0.25,True,False,no population gap,single df,0.0640732265446217,0.3523137069196896,inf,-0.9286510590858406,1.0747924452612447,inf,0.023460145843778,8,0.00625,0.9875,not read,False
o4-mini-2025-04-16 | NA | high | scale-by-scale | none,gut_diff | political_identity,gut_diff,political_identity,False,84,10,53,0.9882352941176472,False,o4-mini-2025-04-16,,high,scale-by-scale,none,0.0431870669745958,,,True,False,undetermined,-1.0461630573376757,2.5315832974748966,2.4085752019119284,0.25,True,False,no population gap,single df,0.0320754716981132,0.2948871920822998,inf,0.7427101200686106,0.7162066114260104,inf,0.078767101596097,8,0.00625,0.9875,not read,False
o4-mini-2025-04-16 | NA | high | scale-by-scale | none,gut_diff | sex,gut_diff,sex,False,84,62,22,0.9882352941176472,False,o4-mini-2025-04-16,,high,scale-by-scale,none,-0.3355040375097682,,,True,False,undetermined,-1.5139845768883289,1.024503510969675,5.186080248260046,0.25,True,False,no population gap,single df,0.0821114369501466,0.1881185155752255,inf,-0.2447405329593268,0.5081640147867098,inf,-0.0013050866453962,8,0.00625,0.9875,not read,False
o4-mini-2025-04-16 | NA | high | scale-by-scale | none,gut_diff | education,gut_diff,education,False,84,40,44,0.9882352941176472,False,o4-mini-2025-04-16,,high,scale-by-scale,none,0.0771505376344089,,,True,False,undetermined,-1.2216746800862492,0.8092578286450074,4.924465384074174,0.25,True,False,no population gap,single df,-0.0159090909090909,0.1691850481120368,inf,-0.2062084257206209,0.4065596456151067,inf,0.0116941822541749,8,0.00625,0.9875,not read,False
o4-mini-2025-04-16 | NA | high | scale-by-scale | none,gut_diff | age,gut_diff,age,False,84,38,46,0.9882352941176472,False,o4-mini-2025-04-16,,high,scale-by-scale,none,0.2721291866028706,,,True,False,undetermined,-1.2987750953461776,0.7101463328043716,3.412883562596672,0.25,True,False,no population gap,single df,-0.080091533180778,0.1662066273507202,inf,-0.294314381270903,0.4021533853962044,inf,0.011710856426085,8,0.00625,0.9875,not read,False
o4-mini-2025-04-16 | NA | low | all-at-once | extensive,bjw_score | political_identity,bjw_score,political_identity,True,85,11,53,1.0,False,o4-mini-2025-04-16,,low,all-at-once,extensive,2.543909348441925,,,True,False,kept or steepened,-0.8247376275749545,6.879626135293655,1.2724204174935967,0.25,True,False,no population gap,single df,7.70154373927959,1.1071312738096222,inf,3.0274442538593505,1.5422882777520266,inf,-0.2769497522904844,8,0.00625,0.9875,not read,False
o4-mini-2025-04-16 | NA | low | all-at-once | extensive,bjw_score | sex,bjw_score,sex,True,85,62,23,1.0,False,o4-mini-2025-04-16,,low,all-at-once,extensive,0.9956427015250552,,,True,False,undetermined,-3.4784932878944645,2.190975756337663,4.403411142197722,0.25,True,False,no population gap,single df,-0.6409537166900421,0.9733169424929936,inf,-0.6437587657784007,1.134935462177802,inf,0.1923922114691615,8,0.00625,0.9875,not read,False
o4-mini-2025-04-16 | NA | low | all-at-once | extensive,bjw_score | education,bjw_score,education,True,85,41,44,1.0,False,o4-mini-2025-04-16,,low,all-at-once,extensive,0.0453008789722806,,,True,False,undetermined,-3.51943020478364,1.8797406260696696,3.2928006013723343,0.25,True,False,no population gap,single df,-0.0371396895787157,0.8822179851184453,inf,-0.8198447893569849,1.080826157526246,inf,0.2212882830518442,8,0.00625,0.9875,not read,False
o4-mini-2025-04-16 | NA | low | all-at-once | extensive,bjw_score | age,bjw_score,age,True,85,39,46,1.0,False,o4-mini-2025-04-16,,low,all-at-once,extensive,-1.9639855942376965,,,True,False,reversed to attenuated,-3.6131660383299007,1.7558639201582196,2.89076823095069,0.25,True,False,no population gap,single df,1.8238573021181708,0.8498266306956598,inf,-0.9286510590858406,1.0747924452612447,inf,0.2503926106518389,8,0.00625,0.9875,not read,False
o4-mini-2025-04-16 | NA | low | all-at-once | extensive,gut_diff | political_identity,gut_diff,political_identity,True,85,11,53,1.0,False,o4-mini-2025-04-16,,low,all-at-once,extensive,2.8013856812933025,,,True,False,kept or steepened,-1.0461630573376757,2.5315832974748966,2.4085752019119284,0.25,True,False,no population gap,single df,2.080617495711836,0.4384526911755455,inf,0.7427101200686106,0.7162066114260104,inf,0.0925098635666509,8,0.00625,0.9875,not read,False
o4-mini-2025-04-16 | NA | low | all-at-once | extensive,gut_diff | sex,gut_diff,sex,True,85,62,23,1.0,False,o4-mini-2025-04-16,,low,all-at-once,extensive,2.7736389684813743,,,True,False,undetermined,-1.5139845768883289,1.024503510969675,5.186080248260046,0.25,True,False,no population gap,single df,-0.6788218793828891,0.2394052227106803,inf,-0.2447405329593268,0.5081640147867098,inf,0.0069699361585085,8,0.00625,0.9875,not read,False
o4-mini-2025-04-16 | NA | low | all-at-once | extensive,gut_diff | education,gut_diff,education,True,85,41,44,1.0,False,o4-mini-2025-04-16,,low,all-at-once,extensive,1.1532258064516123,,,True,False,undetermined,-1.2216746800862492,0.8092578286450074,4.924465384074174,0.25,True,False,no population gap,single df,-0.2378048780487804,0.2539255069668243,inf,-0.2062084257206209,0.4065596456151067,inf,0.0185926118412854,8,0.00625,0.9875,not read,False
o4-mini-2025-04-16 | NA | low | all-at-once | extensive,gut_diff | age,gut_diff,age,True,85,39,46,1.0,False,o4-mini-2025-04-16,,low,all-at-once,extensive,-0.6799242424242425,,,True,False,undetermined,-1.2987750953461776,0.7101463328043716,3.412883562596672,0.25,True,False,no population gap,single df,0.2001114827201784,0.2574346733632994,inf,-0.294314381270903,0.4021533853962044,inf,0.0147272406991518,8,0.00625,0.9875,not read,False
o4-mini-2025-04-16 | NA | low | all-at-once | minimal,bjw_score | political_identity,bjw_score,political_identity,False,85,11,53,1.0,False,o4-mini-2025-04-16,,low,all-at-once,minimal,-0.0651558073654389,,,True,False,undetermined,-0.8247376275749545,6.879626135293655,1.2724204174935967,0.25,True,False,no population gap,single df,-0.1972555746140649,0.6671012412400662,inf,3.0274442538593505,1.5422882777520266,inf,-0.2428060229767762,8,0.00625,0.9875,not read,False
o4-mini-2025-04-16 | NA | low | all-at-once | minimal,bjw_score | sex,bjw_score,sex,True,85,62,23,1.0,False,o4-mini-2025-04-16,,low,all-at-once,minimal,0.0980392156862775,,,True,False,undetermined,-3.4784932878944645,2.190975756337663,4.403411142197722,0.25,True,False,no population gap,single df,-0.0631136044880804,0.467931265531241,inf,-0.6437587657784007,1.134935462177802,inf,-0.0364273233451464,8,0.00625,0.9875,not read,False
o4-mini-2025-04-16 | NA | low | all-at-once | minimal,bjw_score | education,bjw_score,education,False,85,41,44,1.0,False,o4-mini-2025-04-16,,low,all-at-once,minimal,-0.8181203515889123,,,True,False,undetermined,-3.51943020478364,1.8797406260696696,3.2928006013723343,0.25,True,False,no population gap,single df,0.6707317073170742,0.4163324208782135,inf,-0.8198447893569849,1.080826157526246,inf,0.0166595982240709,8,0.00625,0.9875,not read,False
o4-mini-2025-04-16 | NA | low | all-at-once | minimal,bjw_score | age,bjw_score,age,True,85,39,46,1.0,False,o4-mini-2025-04-16,,low,all-at-once,minimal,-1.881752701080437,,,True,False,reversed or missing,-3.6131660383299007,1.7558639201582196,2.89076823095069,0.25,True,False,no population gap,single df,1.747491638795989,0.3604486990290584,inf,-0.9286510590858406,1.0747924452612447,inf,0.0318164474051953,8,0.00625,0.9875,not read,False
o4-mini-2025-04-16 | NA | low | all-at-once | minimal,gut_diff | political_identity,gut_diff,political_identity,False,85,11,53,1.0,False,o4-mini-2025-04-16,,low,all-at-once,minimal,-0.0254041570438799,,,True,False,undetermined,-1.0461630573376757,2.5315832974748966,2.4085752019119284,0.25,True,False,no population gap,single df,-0.0188679245283018,0.1495234872411392,inf,0.7427101200686106,0.7162066114260104,inf,-0.0222498717997699,8,0.00625,0.9875,not read,False
o4-mini-2025-04-16 | NA | low | all-at-once | minimal,gut_diff | sex,gut_diff,sex,True,85,62,23,1.0,False,o4-mini-2025-04-16,,low,all-at-once,minimal,1.0200573065902578,,,True,False,undetermined,-1.5139845768883289,1.024503510969675,5.186080248260046,0.25,True,False,no population gap,single df,-0.2496493688639551,0.1173322851239769,inf,-0.2447405329593268,0.5081640147867098,inf,-0.0026293361292372,8,0.00625,0.9875,not read,False
o4-mini-2025-04-16 | NA | low | all-at-once | minimal,gut_diff | education,gut_diff,education,False,85,41,44,1.0,False,o4-mini-2025-04-16,,low,all-at-once,minimal,-0.3548387096774195,,,True,False,undetermined,-1.2216746800862492,0.8092578286450074,4.924465384074174,0.25,True,False,no population gap,single df,0.0731707317073171,0.1242744496070654,inf,-0.2062084257206209,0.4065596456151067,inf,-0.0011797747754674,8,0.00625,0.9875,not read,False
o4-mini-2025-04-16 | NA | low | all-at-once | minimal,gut_diff | age,gut_diff,age,True,85,39,46,1.0,False,o4-mini-2025-04-16,,low,all-at-once,minimal,-1.066287878787879,,,True,False,undetermined,-1.2987750953461776,0.7101463328043716,3.412883562596672,0.25,True,False,no population gap,single df,0.3138238573021181,0.1263864168960881,inf,-0.294314381270903,0.4021533853962044,inf,-6.572935764788492e-05,8,0.00625,0.9875,not read,False
o4-mini-2025-04-16 | NA | low | all-at-once | none,bjw_score | political_identity,bjw_score,political_identity,False,85,11,53,1.0,False,o4-mini-2025-04-16,,low,all-at-once,none,0.1150141643059494,,,True,False,undetermined,-0.8247376275749545,6.879626135293655,1.2724204174935967,0.25,True,False,no population gap,single df,0.3481989708404818,0.4189698176166993,inf,3.0274442538593505,1.5422882777520266,inf,0.0470288362943889,8,0.00625,0.9875,not read,False
o4-mini-2025-04-16 | NA | low | all-at-once | none,bjw_score | sex,bjw_score,sex,False,85,62,23,1.0,False,o4-mini-2025-04-16,,low,all-at-once,none,-0.7908496732026157,,,True,False,undetermined,-3.4784932878944645,2.190975756337663,4.403411142197722,0.25,True,False,no population gap,single df,0.5091164095371674,0.2638741051198276,inf,-0.6437587657784007,1.134935462177802,inf,-0.0003617593803599,8,0.00625,0.9875,not read,False
o4-mini-2025-04-16 | NA | low | all-at-once | none,bjw_score | education,bjw_score,education,False,85,41,44,1.0,False,o4-mini-2025-04-16,,low,all-at-once,none,-0.0594996619337368,,,True,False,undetermined,-3.51943020478364,1.8797406260696696,3.2928006013723343,0.25,True,False,no population gap,single df,0.0487804878048763,0.2852432868767726,inf,-0.8198447893569849,1.080826157526246,inf,-0.0127629541410074,8,0.00625,0.9875,not read,False
o4-mini-2025-04-16 | NA | low | all-at-once | none,bjw_score | age,bjw_score,age,False,85,39,46,1.0,False,o4-mini-2025-04-16,,low,all-at-once,none,-0.6164465786314527,,,True,False,undetermined,-3.6131660383299007,1.7558639201582196,2.89076823095069,0.25,True,False,no population gap,single df,0.5724637681159415,0.2760024125721436,inf,-0.9286510590858406,1.0747924452612447,inf,-0.0146623945284169,8,0.00625,0.9875,not read,False
o4-mini-2025-04-16 | NA | low | all-at-once | none,gut_diff | political_identity,gut_diff,political_identity,False,85,11,53,1.0,False,o4-mini-2025-04-16,,low,all-at-once,none,-0.3810623556581985,,,True,False,undetermined,-1.0461630573376757,2.5315832974748966,2.4085752019119284,0.25,True,False,no population gap,single df,-0.2830188679245282,0.1523413949260303,inf,0.7427101200686106,0.7162066114260104,inf,-0.0057354293013458,8,0.00625,0.9875,not read,False
o4-mini-2025-04-16 | NA | low | all-at-once | none,gut_diff | sex,gut_diff,sex,False,85,62,23,1.0,False,o4-mini-2025-04-16,,low,all-at-once,none,-0.2320916905444121,,,True,False,undetermined,-1.5139845768883289,1.024503510969675,5.186080248260046,0.25,True,False,no population gap,single df,0.0568022440392705,0.1267370624385745,inf,-0.2447405329593268,0.5081640147867098,inf,-0.0157312735422334,8,0.00625,0.9875,not read,False
o4-mini-2025-04-16 | NA | low | all-at-once | none,gut_diff | education,gut_diff,education,False,85,41,44,1.0,False,o4-mini-2025-04-16,,low,all-at-once,none,0.139784946236559,,,True,False,undetermined,-1.2216746800862492,0.8092578286450074,4.924465384074174,0.25,True,False,no population gap,single df,-0.0288248337028824,0.1189613674442444,inf,-0.2062084257206209,0.4065596456151067,inf,-0.0108957373150255,8,0.00625,0.9875,not read,False
o4-mini-2025-04-16 | NA | low | all-at-once | none,gut_diff | age,gut_diff,age,False,85,39,46,1.0,False,o4-mini-2025-04-16,,low,all-at-once,none,-0.3068181818181816,,,True,False,undetermined,-1.2987750953461776,0.7101463328043716,3.412883562596672,0.25,True,False,no population gap,single df,0.0903010033444815,0.1190183359682849,inf,-0.294314381270903,0.4021533853962044,inf,-0.0105065251971338,8,0.00625,0.9875,not read,False
o4-mini-2025-04-16 | NA | low | item-by-item | extensive,bjw_score | political_identity,bjw_score,political_identity,True,85,11,53,1.0,False,o4-mini-2025-04-16,,low,item-by-item,extensive,3.769405099150138,,,True,False,steepened,-0.8247376275749545,6.879626135293655,1.2724204174935967,0.25,True,False,no population gap,single df,11.41166380789022,0.908984269286573,inf,3.0274442538593505,1.5422882777520266,inf,0.3257289289426206,8,0.00625,0.9875,not read,False
o4-mini-2025-04-16 | NA | low | item-by-item | extensive,bjw_score | sex,bjw_score,sex,True,85,62,23,1.0,False,o4-mini-2025-04-16,,low,item-by-item,extensive,2.1808278867102424,,,True,False,undetermined,-3.4784932878944645,2.190975756337663,4.403411142197722,0.25,True,False,no population gap,single df,-1.4039270687237035,1.049002253801711,inf,-0.6437587657784007,1.134935462177802,inf,0.3362209000241105,8,0.00625,0.9875,not read,False
o4-mini-2025-04-16 | NA | low | item-by-item | extensive,bjw_score | education,bjw_score,education,True,85,41,44,1.0,False,o4-mini-2025-04-16,,low,item-by-item,extensive,0.7004732927653816,,,True,False,undetermined,-3.51943020478364,1.8797406260696696,3.2928006013723343,0.25,True,False,no population gap,single df,-0.5742793791574279,1.0423444770741446,inf,-0.8198447893569849,1.080826157526246,inf,0.310724668395097,8,0.00625,0.9875,not read,False
o4-mini-2025-04-16 | NA | low | item-by-item | extensive,bjw_score | age,bjw_score,age,True,85,39,46,1.0,False,o4-mini-2025-04-16,,low,item-by-item,extensive,-1.3211284513805517,,,True,False,undetermined,-3.6131660383299007,1.7558639201582196,2.89076823095069,0.25,True,False,no population gap,single df,1.2268673355629858,1.04996850385407,inf,-0.9286510590858406,1.0747924452612447,inf,0.3145948449167032,8,0.00625,0.9875,not read,False
o4-mini-2025-04-16 | NA | low | item-by-item | extensive,gut_diff | political_identity,gut_diff,political_identity,True,85,11,53,1.0,False,o4-mini-2025-04-16,,low,item-by-item,extensive,3.2678983833718247,,,True,False,kept or steepened,-1.0461630573376757,2.5315832974748966,2.4085752019119284,0.25,True,False,no population gap,single df,2.4271012006861064,0.4402022338181682,inf,0.7427101200686106,0.7162066114260104,inf,0.0722601001142355,8,0.00625,0.9875,not read,False
o4-mini-2025-04-16 | NA | low | item-by-item | extensive,gut_diff | sex,gut_diff,sex,True,85,62,23,1.0,False,o4-mini-2025-04-16,,low,item-by-item,extensive,2.329512893982807,,,True,False,undetermined,-1.5139845768883289,1.024503510969675,5.186080248260046,0.25,True,False,no population gap,single df,-0.5701262272089761,0.2881332929075813,inf,-0.2447405329593268,0.5081640147867098,inf,0.0158936917747738,8,0.00625,0.9875,not read,False
o4-mini-2025-04-16 | NA | low | item-by-item | extensive,gut_diff | education,gut_diff,education,True,85,41,44,1.0,False,o4-mini-2025-04-16,,low,item-by-item,extensive,0.7634408602150535,,,True,False,undetermined,-1.2216746800862492,0.8092578286450074,4.924465384074174,0.25,True,False,no population gap,single df,-0.1574279379157428,0.2759430001963541,inf,-0.2062084257206209,0.4065596456151067,inf,0.0146455330180663,8,0.00625,0.9875,not read,False
o4-mini-2025-04-16 | NA | low | item-by-item | extensive,gut_diff | age,gut_diff,age,True,85,39,46,1.0,False,o4-mini-2025-04-16,,low,item-by-item,extensive,0.0208333333333333,,,True,False,undetermined,-1.2987750953461776,0.7101463328043716,3.412883562596672,0.25,True,False,no population gap,single df,-0.0061315496098104,0.276250031013813,inf,-0.294314381270903,0.4021533853962044,inf,0.0139614704995109,8,0.00625,0.9875,not read,False
o4-mini-2025-04-16 | NA | low | item-by-item | minimal,bjw_score | political_identity,bjw_score,political_identity,False,83,11,52,0.976470588235294,False,o4-mini-2025-04-16,,low,item-by-item,minimal,0.2113532359991282,,,True,False,undetermined,-0.8247376275749545,6.879626135293655,1.2724204174935967,0.25,True,False,no population gap,single df,0.63986013986014,0.432196923524239,inf,3.0274442538593505,1.5422882777520266,inf,-0.0910847619019693,8,0.00625,0.9875,not read,False
o4-mini-2025-04-16 | NA | low | item-by-item | minimal,bjw_score | sex,bjw_score,sex,True,83,62,21,0.976470588235294,False,o4-mini-2025-04-16,,low,item-by-item,minimal,0.4366635543106175,,,True,False,undetermined,-3.4784932878944645,2.190975756337663,4.403411142197722,0.25,True,False,no population gap,single df,-0.2811059907834128,0.4318732487659005,inf,-0.6437587657784007,1.134935462177802,inf,0.0200212178091509,8,0.00625,0.9875,not read,False
o4-mini-2025-04-16 | NA | low | item-by-item | minimal,bjw_score | education,bjw_score,education,False,83,40,43,0.976470588235294,False,o4-mini-2025-04-16,,low,item-by-item,minimal,-0.679368523672498,,,True,False,undetermined,-3.51943020478364,1.8797406260696696,3.2928006013723343,0.25,True,False,no population gap,single df,0.5569767441860449,0.380153432124661,inf,-0.8198447893569849,1.080826157526246,inf,0.0243796027213599,8,0.00625,0.9875,not read,False
o4-mini-2025-04-16 | NA | low | item-by-item | minimal,bjw_score | age,bjw_score,age,True,83,37,46,0.976470588235294,False,o4-mini-2025-04-16,,low,item-by-item,minimal,-1.3982349696635406,,,True,False,undetermined,-3.6131660383299007,1.7558639201582196,2.89076823095069,0.25,True,False,no population gap,single df,1.298472385428905,0.3588533838102271,inf,-0.9286510590858406,1.0747924452612447,inf,0.031200157900758,8,0.00625,0.9875,not read,False
o4-mini-2025-04-16 | NA | low | item-by-item | minimal,gut_diff | political_identity,gut_diff,political_identity,False,83,11,52,0.976470588235294,False,o4-mini-2025-04-16,,low,item-by-item,minimal,0.042369870314443,,,True,False,undetermined,-1.0461630573376757,2.5315832974748966,2.4085752019119284,0.25,True,False,no population gap,single df,0.0314685314685314,0.2283365833498815,inf,0.7427101200686106,0.7162066114260104,inf,-0.0411985865965461,8,0.00625,0.9875,not read,False
o4-mini-2025-04-16 | NA | low | item-by-item | minimal,gut_diff | sex,gut_diff,sex,True,83,62,21,0.976470588235294,False,o4-mini-2025-04-16,,low,item-by-item,minimal,0.3640332924000544,,,True,False,undetermined,-1.5139845768883289,1.024503510969675,5.186080248260046,0.25,True,False,no population gap,single df,-0.0890937019969277,0.1689809997637794,inf,-0.2447405329593268,0.5081640147867098,inf,-0.0072057061898215,8,0.00625,0.9875,not read,False
o4-mini-2025-04-16 | NA | low | item-by-item | minimal,gut_diff | education,gut_diff,education,False,83,40,43,0.976470588235294,False,o4-mini-2025-04-16,,low,item-by-item,minimal,0.0902225556389094,,,True,False,undetermined,-1.2216746800862492,0.8092578286450074,4.924465384074174,0.25,True,False,no population gap,single df,-0.0186046511627906,0.1240347301503189,inf,-0.2062084257206209,0.4065596456151067,inf,-0.0040782530746143,8,0.00625,0.9875,not read,False
o4-mini-2025-04-16 | NA | low | item-by-item | minimal,gut_diff | age,gut_diff,age,True,83,37,46,0.976470588235294,False,o4-mini-2025-04-16,,low,item-by-item,minimal,-0.8025184275184273,,,True,False,undetermined,-1.2987750953461776,0.7101463328043716,3.412883562596672,0.25,True,False,no population gap,single df,0.2361927144535839,0.1327203237996831,inf,-0.294314381270903,0.4021533853962044,inf,-0.002993498262971,8,0.00625,0.9875,not read,False
o4-mini-2025-04-16 | NA | low | item-by-item | none,bjw_score | political_identity,bjw_score,political_identity,False,80,10,50,0.9411764705882352,False,o4-mini-2025-04-16,,low,item-by-item,none,0.0528498583569405,,,True,False,undetermined,-0.8247376275749545,6.879626135293655,1.2724204174935967,0.25,True,False,no population gap,single df,0.1600000000000001,0.3271083829993442,inf,3.0274442538593505,1.5422882777520266,inf,-0.1219604202359211,8,0.00625,0.9875,not read,False
o4-mini-2025-04-16 | NA | low | item-by-item | none,bjw_score | sex,bjw_score,sex,False,80,57,23,0.9411764705882352,False,o4-mini-2025-04-16,,low,item-by-item,none,0.2618583495776511,,,True,False,undetermined,-3.4784932878944645,2.190975756337663,4.403411142197722,0.25,True,False,no population gap,single df,-0.1685736079328776,0.2521059090426503,inf,-0.6437587657784007,1.134935462177802,inf,-0.0905832876815308,8,0.00625,0.9875,not read,False
o4-mini-2025-04-16 | NA | low | item-by-item | none,bjw_score | education,bjw_score,education,False,80,39,41,0.9411764705882352,False,o4-mini-2025-04-16,,low,item-by-item,none,-0.4370936703593903,,,True,False,undetermined,-3.51943020478364,1.8797406260696696,3.2928006013723343,0.25,True,False,no population gap,single df,0.3583489681050658,0.2194425765084995,inf,-0.8198447893569849,1.080826157526246,inf,-0.0367937591175078,8,0.00625,0.9875,not read,False
o4-mini-2025-04-16 | NA | low | item-by-item | none,bjw_score | age,bjw_score,age,False,80,37,43,0.9411764705882352,False,o4-mini-2025-04-16,,low,item-by-item,none,-0.2429806617807377,,,True,False,undetermined,-3.6131660383299007,1.7558639201582196,2.89076823095069,0.25,True,False,no population gap,single df,0.2256442489000605,0.2210506618792422,inf,-0.9286510590858406,1.0747924452612447,inf,-0.0404233327495342,8,0.00625,0.9875,not read,False
o4-mini-2025-04-16 | NA | low | item-by-item | none,gut_diff | political_identity,gut_diff,political_identity,False,80,10,50,0.9411764705882352,False,o4-mini-2025-04-16,,low,item-by-item,none,0.4308545034642033,,,True,False,undetermined,-1.0461630573376757,2.5315832974748966,2.4085752019119284,0.25,True,False,no population gap,single df,0.32,0.4048705503547786,inf,0.7427101200686106,0.7162066114260104,inf,0.0096885271102725,8,0.00625,0.9875,not read,False
o4-mini-2025-04-16 | NA | low | item-by-item | none,gut_diff | sex,gut_diff,sex,False,80,57,23,0.9411764705882352,False,o4-mini-2025-04-16,,low,item-by-item,none,-0.688784999748655,,,True,False,undetermined,-1.5139845768883289,1.024503510969675,5.186080248260046,0.25,True,False,no population gap,single df,0.1685736079328756,0.287301730985017,inf,-0.2447405329593268,0.5081640147867098,inf,-0.014518223732875,8,0.00625,0.9875,not read,False
o4-mini-2025-04-16 | NA | low | item-by-item | none,gut_diff | education,gut_diff,education,False,80,39,41,0.9411764705882352,False,o4-mini-2025-04-16,,low,item-by-item,none,0.7673007995588638,,,True,False,undetermined,-1.2216746800862492,0.8092578286450074,4.924465384074174,0.25,True,False,no population gap,single df,-0.158223889931207,0.2509132076232835,inf,-0.2062084257206209,0.4065596456151067,inf,-0.0042064154287825,8,0.00625,0.9875,not read,False
o4-mini-2025-04-16 | NA | low | item-by-item | none,gut_diff | age,gut_diff,age,False,80,37,43,0.9411764705882352,False,o4-mini-2025-04-16,,low,item-by-item,none,-0.25840666247643,,,True,False,undetermined,-1.2987750953461776,0.7101463328043716,3.412883562596672,0.25,True,False,no population gap,single df,0.0760527969830295,0.2509633965616926,inf,-0.294314381270903,0.4021533853962044,inf,-0.0034440795862235,8,0.00625,0.9875,not read,False
o4-mini-2025-04-16 | NA | low | scale-by-scale | extensive,bjw_score | political_identity,bjw_score,political_identity,True,85,11,53,1.0,False,o4-mini-2025-04-16,,low,scale-by-scale,extensive,2.8515580736543886,,,True,False,kept or steepened,-0.8247376275749545,6.879626135293655,1.2724204174935967,0.25,True,False,no population gap,single df,8.632933104631217,0.8497873354020414,inf,3.0274442538593505,1.5422882777520266,inf,0.0773210110915948,8,0.00625,0.9875,not read,False
o4-mini-2025-04-16 | NA | low | scale-by-scale | extensive,bjw_score | sex,bjw_score,sex,True,85,62,23,1.0,False,o4-mini-2025-04-16,,low,scale-by-scale,extensive,2.0664488017429186,,,True,False,undetermined,-3.4784932878944645,2.190975756337663,4.403411142197722,0.25,True,False,no population gap,single df,-1.3302945301542763,0.9736904208590093,inf,-0.6437587657784007,1.134935462177802,inf,0.1872911272951248,8,0.00625,0.9875,not read,False
o4-mini-2025-04-16 | NA | low | scale-by-scale | extensive,bjw_score | education,bjw_score,education,True,85,41,44,1.0,False,o4-mini-2025-04-16,,low,scale-by-scale,extensive,-0.1649763353617281,,,True,False,undetermined,-3.51943020478364,1.8797406260696696,3.2928006013723343,0.25,True,False,no population gap,single df,0.1352549889135232,0.9116175613188358,inf,-0.8198447893569849,1.080826157526246,inf,0.1964106790689042,8,0.00625,0.9875,not read,False
o4-mini-2025-04-16 | NA | low | scale-by-scale | extensive,bjw_score | age,bjw_score,age,True,85,39,46,1.0,False,o4-mini-2025-04-16,,low,scale-by-scale,extensive,-1.8553421368547447,,,True,False,undetermined,-3.6131660383299007,1.7558639201582196,2.89076823095069,0.25,True,False,no population gap,single df,1.7229654403567451,0.909493784275508,inf,-0.9286510590858406,1.0747924452612447,inf,0.2094470948986825,8,0.00625,0.9875,not read,False
o4-mini-2025-04-16 | NA | low | scale-by-scale | extensive,gut_diff | political_identity,gut_diff,political_identity,True,85,11,53,1.0,False,o4-mini-2025-04-16,,low,scale-by-scale,extensive,2.5196304849884528,,,True,False,undetermined,-1.0461630573376757,2.5315832974748966,2.4085752019119284,0.25,True,False,no population gap,single df,1.8713550600343047,0.317403421703729,inf,0.7427101200686106,0.7162066114260104,inf,0.0634957333822041,8,0.00625,0.9875,not read,False
o4-mini-2025-04-16 | NA | low | scale-by-scale | extensive,gut_diff | sex,gut_diff,sex,True,85,62,23,1.0,False,o4-mini-2025-04-16,,low,scale-by-scale,extensive,1.7679083094555867,,,True,False,undetermined,-1.5139845768883289,1.024503510969675,5.186080248260046,0.25,True,False,no population gap,single df,-0.4326788218793828,0.2234664224649414,inf,-0.2447405329593268,0.5081640147867098,inf,0.012103879580716,8,0.00625,0.9875,not read,False
o4-mini-2025-04-16 | NA | low | scale-by-scale | extensive,gut_diff | education,gut_diff,education,True,85,41,44,1.0,False,o4-mini-2025-04-16,,low,scale-by-scale,extensive,1.2258064516129026,,,True,False,undetermined,-1.2216746800862492,0.8092578286450074,4.924465384074174,0.25,True,False,no population gap,single df,-0.2527716186252771,0.2207228453451263,inf,-0.2062084257206209,0.4065596456151067,inf,0.0132807198011189,8,0.00625,0.9875,not read,False
o4-mini-2025-04-16 | NA | low | scale-by-scale | extensive,gut_diff | age,gut_diff,age,True,85,39,46,1.0,False,o4-mini-2025-04-16,,low,scale-by-scale,extensive,-0.0776515151515151,,,True,False,undetermined,-1.2987750953461776,0.7101463328043716,3.412883562596672,0.25,True,False,no population gap,single df,0.0228539576365663,0.2223004992855412,inf,-0.294314381270903,0.4021533853962044,inf,0.0097715987857994,8,0.00625,0.9875,not read,False
o4-mini-2025-04-16 | NA | low | scale-by-scale | minimal,bjw_score | political_identity,bjw_score,political_identity,False,83,11,51,0.976470588235294,False,o4-mini-2025-04-16,,low,scale-by-scale,minimal,0.282030772649002,,,True,False,undetermined,-0.8247376275749545,6.879626135293655,1.2724204174935967,0.25,True,False,no population gap,single df,0.8538324420677341,0.5665451068592454,inf,3.0274442538593505,1.5422882777520266,inf,-0.0821987943590669,8,0.00625,0.9875,not read,False
o4-mini-2025-04-16 | NA | low | scale-by-scale | minimal,bjw_score | sex,bjw_score,sex,True,83,62,21,0.976470588235294,False,o4-mini-2025-04-16,,low,scale-by-scale,minimal,-0.0095445585641679,,,True,False,undetermined,-3.4784932878944645,2.190975756337663,4.403411142197722,0.25,True,False,no population gap,single df,0.0061443932411684,0.630521157258309,inf,-0.6437587657784007,1.134935462177802,inf,0.0384109367537952,8,0.00625,0.9875,not read,False
o4-mini-2025-04-16 | NA | low | scale-by-scale | minimal,bjw_score | education,bjw_score,education,False,83,41,42,0.976470588235294,False,o4-mini-2025-04-16,,low,scale-by-scale,minimal,-1.7162819150648765,,,True,False,undetermined,-3.51943020478364,1.8797406260696696,3.2928006013723343,0.25,True,False,no population gap,single df,1.4070847851335664,0.4996632797387385,inf,-0.8198447893569849,1.080826157526246,inf,0.0395472376727701,8,0.00625,0.9875,not read,False
o4-mini-2025-04-16 | NA | low | scale-by-scale | minimal,bjw_score | age,bjw_score,age,True,83,38,45,0.976470588235294,False,o4-mini-2025-04-16,,low,scale-by-scale,minimal,-2.7884248436216645,,,True,False,reversed,-3.6131660383299007,1.7558639201582196,2.89076823095069,0.25,True,False,no population gap,single df,2.589473684210528,0.4250489685012085,inf,-0.9286510590858406,1.0747924452612447,inf,0.0336828841634549,8,0.00625,0.9875,not read,False
o4-mini-2025-04-16 | NA | low | scale-by-scale | minimal,gut_diff | political_identity,gut_diff,political_identity,False,83,11,51,0.976470588235294,False,o4-mini-2025-04-16,,low,scale-by-scale,minimal,-0.3648055064982113,,,True,False,undetermined,-1.0461630573376757,2.5315832974748966,2.4085752019119284,0.25,True,False,no population gap,single df,-0.2709447415329768,0.2273088532565904,inf,0.7427101200686106,0.7162066114260104,inf,0.0068712282029706,8,0.00625,0.9875,not read,False
o4-mini-2025-04-16 | NA | low | scale-by-scale | minimal,gut_diff | sex,gut_diff,sex,True,83,62,21,0.976470588235294,False,o4-mini-2025-04-16,,low,scale-by-scale,minimal,0.8033838177104651,,,True,False,undetermined,-1.5139845768883289,1.024503510969675,5.186080248260046,0.25,True,False,no population gap,single df,-0.1966205837173579,0.1657225104975173,inf,-0.2447405329593268,0.5081640147867098,inf,-0.0130206453833706,8,0.00625,0.9875,not read,False
o4-mini-2025-04-16 | NA | low | scale-by-scale | minimal,gut_diff | education,gut_diff,education,False,83,41,42,0.976470588235294,False,o4-mini-2025-04-16,,low,scale-by-scale,minimal,-1.1292882744495645,,,True,False,undetermined,-1.2216746800862492,0.8092578286450074,4.924465384074174,0.25,True,False,no population gap,single df,0.2328687572590011,0.1372074859436219,inf,-0.2062084257206209,0.4065596456151067,inf,-0.002995446727338,8,0.00625,0.9875,not read,False
o4-mini-2025-04-16 | NA | low | scale-by-scale | minimal,gut_diff | age,gut_diff,age,True,83,38,45,0.976470588235294,False,o4-mini-2025-04-16,,low,scale-by-scale,minimal,-1.1246278575225943,,,True,False,undetermined,-1.2987750953461776,0.7101463328043716,3.412883562596672,0.25,True,False,no population gap,single df,0.3309941520467836,0.1318113472215904,inf,-0.294314381270903,0.4021533853962044,inf,-0.0018129636048674,8,0.00625,0.9875,not read,False
o4-mini-2025-04-16 | NA | low | scale-by-scale | none,bjw_score | political_identity,bjw_score,political_identity,False,77,11,49,0.9058823529411764,False,o4-mini-2025-04-16,,low,scale-by-scale,none,0.0833439324738399,,,True,False,undetermined,-0.8247376275749545,6.879626135293655,1.2724204174935967,0.25,True,False,no population gap,single df,0.2523191094619683,0.3016304718163164,inf,3.0274442538593505,1.5422882777520266,inf,-0.1347650436706619,8,0.00625,0.9875,not read,False
o4-mini-2025-04-16 | NA | low | scale-by-scale | none,bjw_score | sex,bjw_score,sex,False,77,57,20,0.9058823529411764,False,o4-mini-2025-04-16,,low,scale-by-scale,none,-1.0492107174253746,,,True,False,undetermined,-3.4784932878944645,2.190975756337663,4.403411142197722,0.25,True,False,no population gap,single df,0.6754385964912295,0.3834911426854656,inf,-0.6437587657784007,1.134935462177802,inf,0.0182516498671238,8,0.00625,0.9875,not read,False
o4-mini-2025-04-16 | NA | low | scale-by-scale | none,bjw_score | education,bjw_score,education,False,77,37,40,0.9058823529411764,False,o4-mini-2025-04-16,,low,scale-by-scale,none,-0.317298028251377,,,True,False,undetermined,-3.51943020478364,1.8797406260696696,3.2928006013723343,0.25,True,False,no population gap,single df,0.2601351351351368,0.2901730642573282,inf,-0.8198447893569849,1.080826157526246,inf,-0.0041864310913085,8,0.00625,0.9875,not read,False
o4-mini-2025-04-16 | NA | low | scale-by-scale | none,bjw_score | age,bjw_score,age,False,77,36,41,0.9058823529411764,False,o4-mini-2025-04-16,,low,scale-by-scale,none,0.6741135478581675,,,True,False,undetermined,-3.6131660383299007,1.7558639201582196,2.89076823095069,0.25,True,False,no population gap,single df,-0.6260162601626007,0.2942820087278592,inf,-0.9286510590858406,1.0747924452612447,inf,0.0137524660074686,8,0.00625,0.9875,not read,False
o4-mini-2025-04-16 | NA | low | scale-by-scale | none,gut_diff | political_identity,gut_diff,political_identity,False,77,11,49,0.9058823529411764,False,o4-mini-2025-04-16,,low,scale-by-scale,none,0.2248197200358203,,,True,False,undetermined,-1.0461630573376757,2.5315832974748966,2.4085752019119284,0.25,True,False,no population gap,single df,0.1669758812615955,0.3055795043376934,inf,0.7427101200686106,0.7162066114260104,inf,0.0029188948399609,8,0.00625,0.9875,not read,False
o4-mini-2025-04-16 | NA | low | scale-by-scale | none,gut_diff | sex,gut_diff,sex,False,77,57,20,0.9058823529411764,False,o4-mini-2025-04-16,,low,scale-by-scale,none,-1.017905796008646,,,True,False,undetermined,-1.5139845768883289,1.024503510969675,5.186080248260046,0.25,True,False,no population gap,single df,0.2491228070175438,0.202899582803608,inf,-0.2447405329593268,0.5081640147867098,inf,-0.0022924196678068,8,0.00625,0.9875,not read,False
o4-mini-2025-04-16 | NA | low | scale-by-scale | none,gut_diff | education,gut_diff,education,False,77,37,40,0.9058823529411764,False,o4-mini-2025-04-16,,low,scale-by-scale,none,1.671098517872711,,,True,False,undetermined,-1.2216746800862492,0.8092578286450074,4.924465384074174,0.25,True,False,no population gap,single df,-0.3445945945945945,0.1993271466597395,inf,-0.2062084257206209,0.4065596456151067,inf,0.0090294344196172,8,0.00625,0.9875,not read,False
o4-mini-2025-04-16 | NA | low | scale-by-scale | none,gut_diff | age,gut_diff,age,False,77,36,41,0.9058823529411764,False,o4-mini-2025-04-16,,low,scale-by-scale,none,0.8931694998768168,,,True,False,undetermined,-1.2987750953461776,0.7101463328043716,3.412883562596672,0.25,True,False,no population gap,single df,-0.2628726287262872,0.2025111052101597,inf,-0.294314381270903,0.4021533853962044,inf,0.0029808950890263,8,0.00625,0.9875,not read,False
