family,contrast,n_questions,median_n_a,median_n_b,share_q_model_gap_negative,ratio,ci_lo,ci_hi,ci_unbounded,ci_split,reading,pop_ci_lo,pop_ci_hi,k_rel_halfwidth,k_max,no_population_gap,stop_population,verdict,df_rule,g,se_g,df_g,gamma,se_gamma,df_gamma,cov,family_size,alpha_one_sided,interval_level,label,certifiable
rep_000,Republican - Democrat,383,23.0,35.0,0.1879895561357702,0.9934476302097592,0.909181261634612,1.0789321213828322,False,False,kept,0.101316575113117,0.1352634087968122,0.1434898807695391,0.25,False,False,kept,single df,0.117514912185191,0.0075024468808832,382,0.1182899919549646,0.0066520213950462,382,4.267744281876831e-05,9,0.0055555555555555,0.9888888888888888,kept,True
rep_000,Female - Male,384,55.0,44.0,0.2708333333333333,1.076743726597306,0.915476484403422,1.2432630804812177,False,False,kept,0.0377833623397615,0.053654242926846,0.1735706063255838,0.25,False,False,kept,single df,0.0492274339229502,0.0042207191601427,383,0.0457188026333037,0.0031100039412661,383,9.596709831979947e-06,9,0.0055555555555555,0.9888888888888888,kept,True
rep_000,Black - White,385,10.0,73.0,0.2753246753246753,1.115918886370319,0.9355399664313834,1.295653627518068,False,False,kept or steepened,0.065661662064632,0.083127565435944,0.1173868811923518,0.25,False,False,kept or steepened,single df,0.0830183545281714,0.0065093089470161,384,0.074394613750288,0.0034226027124533,384,1.334214501821987e-05,9,0.0055555555555555,0.9888888888888888,unresolved,True
rep_000,Hispanic - White,385,7.0,73.0,0.3220779220779221,0.9133203333495868,0.6478999730956887,1.179508042750868,False,False,attenuated or kept,0.0487392316228472,0.0610008204491476,0.1117330326967233,0.25,False,False,attenuated or kept,single df,0.0501139104700976,0.0060630403565355,384,0.0548700260359974,0.0024027699159732,384,5.097661494293166e-06,9,0.0055555555555555,0.9888888888888888,unresolved,True
rep_000,Asian - White,376,4.0,73.0,0.3563829787234042,1.0614091321610295,0.7049599419597072,1.4214015269646554,False,False,undetermined,0.0535606884275831,0.0670370175984751,0.1117461485376844,0.25,False,False,undetermined,single df,0.0640017532468647,0.0087483501462967,375,0.0602988530130291,0.002640500718031,375,6.423579273290564e-06,9,0.0055555555555555,0.9888888888888888,unresolved,True
rep_000,Less than high school - Postgraduate,378,4.0,21.0,0.2989417989417989,0.9276699936588704,0.624835013788952,1.230748725805633,False,False,attenuated or kept,0.0741389531252531,0.090211501514139,0.0977943652431703,0.25,False,False,attenuated or kept,single df,0.0762314926065787,0.0101279186084476,377,0.082175227319696,0.0031492773578426,377,9.07540136751972e-06,9,0.0055555555555555,0.9888888888888888,unresolved,True
rep_000,"Less than $30,000 - $100,000 or more",385,21.0,23.0,0.2389610389610389,1.0255564896872569,0.8644992019918328,1.1870663516586688,False,False,kept,0.0565221721177537,0.0696021188076135,0.1037068006003678,0.25,False,False,kept,single df,0.064673792532857,0.0047273455228939,384,0.0630621454626836,0.002563134586728,384,6.6008174434191045e-06,9,0.0055555555555555,0.9888888888888888,kept,True
rep_000,18-29 - 65+,380,15.0,22.0,0.2447368421052631,0.9335935597681034,0.7745042489953939,1.0902639768596922,False,False,kept,0.0662196552818754,0.0832190824900499,0.1137551578769301,0.25,False,False,kept,single df,0.0697575215818719,0.0057163510213427,379,0.0747193688859627,0.0033309784640319,379,1.1382213671832805e-05,9,0.0055555555555555,0.9888888888888888,kept,True
rep_000,South - Northeast,385,37.0,18.0,0.4103896103896104,0.7098118177283056,0.2558560979138121,1.1625548237666443,False,False,attenuated or kept,0.0203681887866181,0.025600565542354,0.1138246365844662,0.25,False,False,attenuated or kept,single df,0.0163145825344768,0.0041303385431473,384,0.022984377164486,0.0010253318420491,384,7.947937366415605e-07,9,0.0055555555555555,0.9888888888888888,unresolved,True
rep_001,Republican - Democrat,383,23.0,35.0,0.2088772845953002,0.9868261189921806,0.9025817570433844,1.0693848930547545,False,False,kept,0.101316575113117,0.1352634087968122,0.1434898807695391,0.25,False,False,kept,single df,0.116731653676534,0.0078250995143755,382,0.1182899919549646,0.0066520213950462,382,4.544044159255637e-05,9,0.0055555555555555,0.9888888888888888,kept,True
rep_001,Female - Male,384,55.0,44.0,0.2890625,1.0073129291050256,0.8408203693647606,1.173625809567726,False,False,kept,0.0377833623397615,0.053654242926846,0.1735706063255838,0.25,False,False,kept,single df,0.0460531409957277,0.0043002797647306,383,0.0457188026333037,0.0031100039412661,383,9.770829941781422e-06,9,0.0055555555555555,0.9888888888888888,kept,True
rep_001,Black - White,385,10.0,73.0,0.2701298701298701,0.9690851588953964,0.8026863261010987,1.1319960522817734,False,False,kept,0.065661662064632,0.083127565435944,0.1173868811923518,0.25,False,False,kept,single df,0.0720947160871595,0.0060466767306537,384,0.074394613750288,0.0034226027124533,384,1.2814198921024224e-05,9,0.0055555555555555,0.9888888888888888,kept,True
rep_001,Hispanic - White,385,7.0,73.0,0.2805194805194805,1.1005347342405205,0.825226677880658,1.3771189832402126,False,False,kept or steepened,0.0487392316228472,0.0610008204491476,0.1117330326967233,0.25,False,False,kept or steepened,single df,0.0603863695212968,0.0064128660128642,384,0.0548700260359974,0.0024027699159732,384,6.062319495779853e-06,9,0.0055555555555555,0.9888888888888888,unresolved,True
rep_001,Asian - White,376,4.0,73.0,0.3430851063829787,1.216051576946103,0.8579335683166927,1.5785822954083046,False,False,kept or steepened,0.0535606884275831,0.0670370175984751,0.1117461485376844,0.25,False,False,kept or steepened,single df,0.0733265152945353,0.0088846235919631,375,0.0602988530130291,0.002640500718031,375,7.262070695146224e-06,9,0.0055555555555555,0.9888888888888888,unresolved,True
rep_001,Less than high school - Postgraduate,378,4.0,21.0,0.3386243386243386,0.8955277828196628,0.584020022227566,1.2045652875170372,False,False,attenuated or kept,0.0741389531252531,0.090211501514139,0.0977943652431703,0.25,False,False,attenuated or kept,single df,0.0735901991243092,0.0104453011546547,377,0.082175227319696,0.0031492773578426,377,1.0150421040134631e-05,9,0.0055555555555555,0.9888888888888888,unresolved,True
rep_001,"Less than $30,000 - $100,000 or more",385,21.0,23.0,0.2805194805194805,0.9185864110984688,0.7299542196126056,1.1060334593286758,False,False,attenuated or kept,0.0565221721177537,0.0696021188076135,0.1037068006003678,0.25,False,False,attenuated or kept,single df,0.0579280298767361,0.0052504756227979,384,0.0630621454626836,0.002563134586728,384,6.392873593868252e-06,9,0.0055555555555555,0.9888888888888888,unresolved,True
rep_001,18-29 - 65+,380,15.0,22.0,0.25,1.0275486890105483,0.8627210371369793,1.1919799795546533,False,False,kept,0.0662196552818754,0.0832190824900499,0.1137551578769301,0.25,False,False,kept,single df,0.0767777895424665,0.0059159166685609,379,0.0747193688859627,0.0033309784640319,379,1.1568809972619956e-05,9,0.0055555555555555,0.9888888888888888,kept,True
rep_001,South - Northeast,385,37.0,18.0,0.3558441558441558,1.153848286884034,0.7302707809431824,1.580029035282633,False,False,undetermined,0.0203681887866181,0.025600565542354,0.1138246365844662,0.25,False,False,undetermined,single df,0.0265204842163387,0.0039518946402944,384,0.022984377164486,0.0010253318420491,384,1.1087965838821476e-06,9,0.0055555555555555,0.9888888888888888,unresolved,True
rep_002,Republican - Democrat,383,23.0,35.0,0.1749347258485639,1.0362489856289716,0.9630092005087588,1.1110893826605626,False,False,kept,0.101316575113117,0.1352634087968122,0.1434898807695391,0.25,False,False,kept,single df,0.1225778841733912,0.0074539793879417,382,0.1182899919549646,0.0066520213950462,382,4.416882752963722e-05,9,0.0055555555555555,0.9888888888888888,kept,True
rep_002,Female - Male,384,55.0,44.0,0.2421875,1.013496378016617,0.8582973642365925,1.1670629453073735,False,False,kept,0.0377833623397615,0.053654242926846,0.1735706063255838,0.25,False,False,kept,single df,0.0463358408761099,0.0042274412277451,383,0.0457188026333037,0.0031100039412661,383,1.005681511856164e-05,9,0.0055555555555555,0.9888888888888888,kept,True
rep_002,Black - White,385,10.0,73.0,0.2519480519480519,1.0143365893554728,0.8454527453701446,1.1866341423207805,False,False,kept,0.065661662064632,0.083127565435944,0.1173868811923518,0.25,False,False,kept,single df,0.0754611787778849,0.0057918248687184,384,0.074394613750288,0.0034226027124533,384,1.0451135768981832e-05,9,0.0055555555555555,0.9888888888888888,kept,True
rep_002,Hispanic - White,385,7.0,73.0,0.3168831168831169,1.124621181404816,0.849472110588011,1.3993800590152916,False,False,kept or steepened,0.0487392316228472,0.0610008204491476,0.1117330326967233,0.25,False,False,kept or steepened,single df,0.0617079935043164,0.0064827944326723,384,0.0548700260359974,0.0024027699159732,384,6.5818744704628615e-06,9,0.0055555555555555,0.9888888888888888,unresolved,True
rep_002,Asian - White,376,4.0,73.0,0.3430851063829787,0.8551173979668719,0.4973090638081025,1.2159856422716269,False,False,attenuated or kept,0.0535606884275831,0.0670370175984751,0.1117461485376844,0.25,False,False,attenuated or kept,single df,0.0515625982888883,0.0086516197813443,375,0.0602988530130291,0.002640500718031,375,5.118502154658913e-06,9,0.0055555555555555,0.9888888888888888,unresolved,True
rep_002,Less than high school - Postgraduate,378,4.0,21.0,0.3439153439153439,0.8064645369256227,0.531176303299558,1.0841310160726008,False,False,attenuated or kept,0.0741389531252531,0.090211501514139,0.0977943652431703,0.25,False,False,attenuated or kept,single df,0.0662714066471364,0.0091099798691613,377,0.082175227319696,0.0031492773578426,377,6.777102867100302e-06,9,0.0055555555555555,0.9888888888888888,unresolved,True
rep_002,"Less than $30,000 - $100,000 or more",385,21.0,23.0,0.2545454545454545,1.008122689311716,0.8306488217529495,1.18449276419558,False,False,kept,0.0565221721177537,0.0696021188076135,0.1037068006003678,0.25,False,False,kept,single df,0.0635743796776072,0.0051248004756538,384,0.0630621454626836,0.002563134586728,384,6.956517479783532e-06,9,0.0055555555555555,0.9888888888888888,kept,True
rep_002,18-29 - 65+,380,15.0,22.0,0.2947368421052631,0.8684488766768301,0.6941529632001779,1.0359682122416545,False,False,attenuated or kept,0.0662196552818754,0.0832190824900499,0.1137551578769301,0.25,False,False,attenuated or kept,single df,0.064889951975016,0.006169310395909,379,0.0747193688859627,0.0033309784640319,379,1.2503447603801168e-05,9,0.0055555555555555,0.9888888888888888,unresolved,True
rep_002,South - Northeast,385,37.0,18.0,0.3896103896103896,0.6954596423354117,0.2236087884864896,1.1663726038528155,False,False,undetermined,0.0203681887866181,0.025600565542354,0.1138246365844662,0.25,False,False,undetermined,single df,0.0159847067221156,0.0042845500435724,384,0.022984377164486,0.0010253318420491,384,7.686996240652448e-07,9,0.0055555555555555,0.9888888888888888,unresolved,True
rep_003,Republican - Democrat,383,23.0,35.0,0.1906005221932115,0.99228658242067,0.9132887016780944,1.068200209537726,False,False,kept,0.101316575113117,0.1352634087968122,0.1434898807695391,0.25,False,False,kept,single df,0.1173775718515604,0.0079141895949887,382,0.1182899919549646,0.0066520213950462,382,4.715408301460784e-05,9,0.0055555555555555,0.9888888888888888,kept,True
rep_003,Female - Male,384,55.0,44.0,0.2760416666666667,0.9436731179212108,0.7720024821228839,1.116561149181557,False,False,kept,0.0377833623397615,0.053654242926846,0.1735706063255838,0.25,False,False,kept,single df,0.0431436050285942,0.0041829484777046,383,0.0457188026333037,0.0031100039412661,383,8.93779031178916e-06,9,0.0055555555555555,0.9888888888888888,kept,True
rep_003,Black - White,385,10.0,73.0,0.2753246753246753,0.9671127366225656,0.7921151115504087,1.1424513716183586,False,False,kept,0.065661662064632,0.083127565435944,0.1173868811923518,0.25,False,False,kept,single df,0.0719479784940198,0.0060336567981561,384,0.074394613750288,0.0034226027124533,384,1.1186010822424894e-05,9,0.0055555555555555,0.9888888888888888,kept,True
rep_003,Hispanic - White,385,7.0,73.0,0.3246753246753247,1.0021338583670554,0.6934508939375207,1.3138442821459546,False,False,undetermined,0.0487392316228472,0.0610008204491476,0.1117330326967233,0.25,False,False,undetermined,single df,0.0549871109001549,0.0069536598936767,384,0.0548700260359974,0.0024027699159732,384,5.094343392784738e-06,9,0.0055555555555555,0.9888888888888888,unresolved,True
rep_003,Asian - White,376,4.0,73.0,0.3590425531914893,0.8933424259399853,0.5272026330509053,1.2543400443483694,False,False,undetermined,0.0535606884275831,0.0670370175984751,0.1117461485376844,0.25,False,False,undetermined,single df,0.053867523632058,0.0089986663605375,375,0.0602988530130291,0.002640500718031,375,7.646244800968407e-06,9,0.0055555555555555,0.9888888888888888,unresolved,True
rep_003,Less than high school - Postgraduate,378,4.0,21.0,0.3015873015873015,1.0578213295947292,0.7470268058075739,1.3660579443722918,False,False,undetermined,0.0741389531252531,0.090211501514139,0.0977943652431703,0.25,False,False,undetermined,single df,0.08692670822307,0.0105959153304928,377,0.082175227319696,0.0031492773578426,377,1.1805055060010528e-05,9,0.0055555555555555,0.9888888888888888,unresolved,True
rep_003,"Less than $30,000 - $100,000 or more",385,21.0,23.0,0.2441558441558441,1.134055076566228,0.9542507797801048,1.318149583845614,False,False,kept or steepened,0.0565221721177537,0.0696021188076135,0.1037068006003678,0.25,False,False,kept or steepened,single df,0.0715159462011143,0.0050508526852325,384,0.0630621454626836,0.002563134586728,384,6.154128900924621e-06,9,0.0055555555555555,0.9888888888888888,unresolved,True
rep_003,18-29 - 65+,380,15.0,22.0,0.2684210526315789,0.9925239367991842,0.8226004347177722,1.1614343393272215,False,False,kept,0.0662196552818754,0.0832190824900499,0.1137551578769301,0.25,False,False,kept,single df,0.0741607621618461,0.0060060534043468,379,0.0747193688859627,0.0033309784640319,379,1.1441180859128873e-05,9,0.0055555555555555,0.9888888888888888,kept,True
rep_003,South - Northeast,385,37.0,18.0,0.4155844155844156,0.9174878292219724,0.4677194309260802,1.3658384515956254,False,False,undetermined,0.0203681887866181,0.025600565542354,0.1138246365844662,0.25,False,False,undetermined,single df,0.0210878863106633,0.0041400677390975,384,0.022984377164486,0.0010253318420491,384,1.0213366347583494e-06,9,0.0055555555555555,0.9888888888888888,unresolved,True
rep_004,Republican - Democrat,383,23.0,35.0,0.1671018276762402,0.970990079781375,0.8975762311250718,1.0434351989489876,False,False,kept,0.101316575113117,0.1352634087968122,0.1434898807695391,0.25,False,False,kept,single df,0.1148584087256893,0.0074090492245351,382,0.1182899919549646,0.0066520213950462,382,4.39852522518432e-05,9,0.0055555555555555,0.9888888888888888,kept,True
rep_004,Female - Male,384,55.0,44.0,0.2682291666666667,0.9847780568596242,0.817786501948333,1.14727052305458,False,False,kept,0.0377833623397615,0.053654242926846,0.1735706063255838,0.25,False,False,kept,single df,0.0450228736191735,0.0043827645339097,383,0.0457188026333037,0.0031100039412661,383,1.0225349079074848e-05,9,0.0055555555555555,0.9888888888888888,kept,True
rep_004,Black - White,385,10.0,73.0,0.2519480519480519,1.0910968408646144,0.9129194699958202,1.2719065520457589,False,False,kept or steepened,0.065661662064632,0.083127565435944,0.1173868811923518,0.25,False,False,kept or steepened,single df,0.0811717280402825,0.0062086665324517,384,0.074394613750288,0.0034226027124533,384,1.1677868550735242e-05,9,0.0055555555555555,0.9888888888888888,unresolved,True
rep_004,Hispanic - White,385,7.0,73.0,0.3064935064935065,1.1745539683479491,0.8932322200014091,1.4603566558741852,False,False,kept or steepened,0.0487392316228472,0.0610008204491476,0.1117330326967233,0.25,False,False,kept or steepened,single df,0.0644478068239361,0.0065022185257791,384,0.0548700260359974,0.0024027699159732,384,5.757894568417831e-06,9,0.0055555555555555,0.9888888888888888,unresolved,True
rep_004,Asian - White,376,4.0,73.0,0.324468085106383,1.0336728187892985,0.680686456633629,1.396459322255529,False,False,undetermined,0.0535606884275831,0.0670370175984751,0.1117461485376844,0.25,False,False,undetermined,single df,0.0623292853637394,0.008513108687075,375,0.0602988530130291,0.002640500718031,375,4.5052233175967045e-06,9,0.0055555555555555,0.9888888888888888,unresolved,True
rep_004,Less than high school - Postgraduate,378,4.0,21.0,0.2883597883597883,1.1510075712328809,0.8741432069513844,1.429751204601895,False,False,kept or steepened,0.0741389531252531,0.090211501514139,0.0977943652431703,0.25,False,False,kept or steepened,single df,0.0945843088127532,0.0094965688407918,377,0.082175227319696,0.0031492773578426,377,1.0450516767011629e-05,9,0.0055555555555555,0.9888888888888888,unresolved,True
rep_004,"Less than $30,000 - $100,000 or more",385,21.0,23.0,0.2571428571428571,0.9670465319753162,0.7946781503931136,1.1377832579183889,False,False,kept,0.0565221721177537,0.0696021188076135,0.1037068006003678,0.25,False,False,kept,single df,0.0609840290686111,0.0049880615543836,384,0.0630621454626836,0.002563134586728,384,6.846147430503776e-06,9,0.0055555555555555,0.9888888888888888,kept,True
rep_004,18-29 - 65+,380,15.0,22.0,0.2684210526315789,0.9739409345887526,0.8019442029394146,1.1437730268689843,False,False,kept,0.0662196552818754,0.0832190824900499,0.1137551578769301,0.25,False,False,kept,single df,0.0727722519646762,0.0060853127687872,379,0.0747193688859627,0.0033309784640319,379,1.1722291835380549e-05,9,0.0055555555555555,0.9888888888888888,kept,True
rep_004,South - Northeast,385,37.0,18.0,0.361038961038961,1.1888811452360657,0.6927425579841583,1.692426019621431,False,False,undetermined,0.0203681887866181,0.025600565542354,0.1138246365844662,0.25,False,False,undetermined,single df,0.0273256926458518,0.0045596185856295,384,0.022984377164486,0.0010253318420491,384,9.53282451743012e-07,9,0.0055555555555555,0.9888888888888888,unresolved,True
rep_005,Republican - Democrat,383,23.0,35.0,0.1879895561357702,1.0066070609504003,0.924005868546987,1.0890835661632754,False,False,kept,0.101316575113117,0.1352634087968122,0.1434898807695391,0.25,False,False,kept,single df,0.1190715411416334,0.0077097421371284,382,0.1182899919549646,0.0066520213950462,382,4.467297350181423e-05,9,0.0055555555555555,0.9888888888888888,kept,True
rep_005,Female - Male,384,55.0,44.0,0.3046875,0.9986734738666208,0.8368026591529859,1.155950415618225,False,False,kept,0.0377833623397615,0.053654242926846,0.1735706063255838,0.25,False,False,kept,single df,0.0456581554468238,0.0043591480650976,383,0.0457188026333037,0.0031100039412661,383,1.0374504030488635e-05,9,0.0055555555555555,0.9888888888888888,kept,True
rep_005,Black - White,385,10.0,73.0,0.2753246753246753,0.9267621895203522,0.7646584181961873,1.0868697660704267,False,False,kept,0.065661662064632,0.083127565435944,0.1173868811923518,0.25,False,False,kept,single df,0.0689461151277378,0.0057768431100942,384,0.074394613750288,0.0034226027124533,384,1.1693084445876474e-05,9,0.0055555555555555,0.9888888888888888,kept,True
rep_005,Hispanic - White,385,7.0,73.0,0.3714285714285714,0.8709600610869641,0.5885626507653127,1.156676229733031,False,False,attenuated or kept,0.0487392316228472,0.0610008204491476,0.1117330326967233,0.25,False,False,attenuated or kept,single df,0.0477896012281556,0.0063171456814754,384,0.0548700260359974,0.0024027699159732,384,4.270523109406347e-06,9,0.0055555555555555,0.9888888888888888,unresolved,True
rep_005,Asian - White,376,4.0,73.0,0.3351063829787234,0.9905910860698632,0.6308710005830476,1.351662282718144,False,False,undetermined,0.0535606884275831,0.0670370175984751,0.1117461485376844,0.25,False,False,undetermined,single df,0.0597315062949435,0.0088158554757319,375,0.0602988530130291,0.002640500718031,375,6.534155668073762e-06,9,0.0055555555555555,0.9888888888888888,unresolved,True
rep_005,Less than high school - Postgraduate,378,4.0,21.0,0.3571428571428571,0.789849922133245,0.4980055331899353,1.07751644616166,False,False,attenuated or kept,0.0741389531252531,0.090211501514139,0.0977943652431703,0.25,False,False,attenuated or kept,single df,0.0649060968997436,0.0097881257739699,377,0.082175227319696,0.0031492773578426,377,9.979272212727444e-06,9,0.0055555555555555,0.9888888888888888,unresolved,True
rep_005,"Less than $30,000 - $100,000 or more",385,21.0,23.0,0.2779220779220779,0.9061190814404544,0.7240640567026831,1.0883602149112797,False,False,attenuated or kept,0.0565221721177537,0.0696021188076135,0.1037068006003678,0.25,False,False,attenuated or kept,single df,0.0571418133203112,0.0050339446174715,384,0.0630621454626836,0.002563134586728,384,5.89666318751935e-06,9,0.0055555555555555,0.9888888888888888,unresolved,True
rep_005,18-29 - 65+,380,15.0,22.0,0.2552631578947368,0.8922022762316361,0.7301729465366767,1.0559643332976796,False,False,attenuated or kept,0.0662196552818754,0.0832190824900499,0.1137551578769301,0.25,False,False,attenuated or kept,single df,0.0666647909986472,0.005475476168509,379,0.0747193688859627,0.0033309784640319,379,9.166118470958478e-06,9,0.0055555555555555,0.9888888888888888,unresolved,True
rep_005,South - Northeast,385,37.0,18.0,0.3922077922077922,1.2660738424727418,0.8059194002267921,1.7323179565263902,False,False,kept or steepened,0.0203681887866181,0.025600565542354,0.1138246365844662,0.25,False,False,kept or steepened,single df,0.0290999187134836,0.0042721304379744,384,0.022984377164486,0.0010253318420491,384,1.0871611764065516e-06,9,0.0055555555555555,0.9888888888888888,unresolved,True
rep_006,Republican - Democrat,383,23.0,35.0,0.227154046997389,0.964482412860158,0.8790907996745418,1.0478315509355085,False,False,kept,0.101316575113117,0.1352634087968122,0.1434898807695391,0.25,False,False,kept,single df,0.1140886168579329,0.0077646385236729,382,0.1182899919549646,0.0066520213950462,382,4.4827350555708434e-05,9,0.0055555555555555,0.9888888888888888,kept,True
rep_006,Female - Male,384,55.0,44.0,0.234375,1.040607619368732,0.8830652888275025,1.207287611333918,False,False,kept,0.0377833623397615,0.053654242926846,0.1735706063255838,0.25,False,False,kept,single df,0.0475753343686311,0.003960968707181,383,0.0457188026333037,0.0031100039412661,383,8.642264326190418e-06,9,0.0055555555555555,0.9888888888888888,kept,True
rep_006,Black - White,385,10.0,73.0,0.2701298701298701,1.0246266027911295,0.8579343375764927,1.193095126021868,False,False,kept,0.065661662064632,0.083127565435944,0.1173868811923518,0.25,False,False,kept,single df,0.0762267003529159,0.0058580282479051,384,0.074394613750288,0.0034226027124533,384,1.1258089098262737e-05,9,0.0055555555555555,0.9888888888888888,kept,True
rep_006,Hispanic - White,385,7.0,73.0,0.2987012987012987,1.0738783667776828,0.7831855996005748,1.3699653071018751,False,False,kept or steepened,0.0487392316228472,0.0610008204491476,0.1117330326967233,0.25,False,False,kept or steepened,single df,0.0589237339445858,0.0065816777661254,384,0.0548700260359974,0.0024027699159732,384,4.9681391964376e-06,9,0.0055555555555555,0.9888888888888888,unresolved,True
rep_006,Asian - White,376,4.0,73.0,0.3271276595744681,0.9163365521547776,0.5445812221921376,1.2856178639297695,False,False,undetermined,0.0535606884275831,0.0670370175984751,0.1117461485376844,0.25,False,False,undetermined,single df,0.0552540430688468,0.0090993937185356,375,0.0602988530130291,0.002640500718031,375,7.07098284692065e-06,9,0.0055555555555555,0.9888888888888888,unresolved,True
rep_006,Less than high school - Postgraduate,378,4.0,21.0,0.3412698412698413,0.8966471328903356,0.6121045595091477,1.1823332250568606,False,False,attenuated or kept,0.0741389531252531,0.090211501514139,0.0977943652431703,0.25,False,False,attenuated or kept,single df,0.073682181970817,0.0095086800111587,377,0.082175227319696,0.0031492773578426,377,8.305634691199885e-06,9,0.0055555555555555,0.9888888888888888,unresolved,True
rep_006,"Less than $30,000 - $100,000 or more",385,21.0,23.0,0.2935064935064935,0.8933969622759079,0.7171546174829798,1.065833045327291,False,False,attenuated or kept,0.0565221721177537,0.0696021188076135,0.1037068006003678,0.25,False,False,attenuated or kept,single df,0.056339529190963,0.0050658260133861,384,0.0630621454626836,0.002563134586728,384,7.019321211557845e-06,9,0.0055555555555555,0.9888888888888888,unresolved,True
rep_006,18-29 - 65+,380,15.0,22.0,0.2157894736842105,1.0558111287711167,0.9007827724986308,1.2121328667874665,False,False,kept,0.0662196552818754,0.0832190824900499,0.1137551578769301,0.25,False,False,kept,single df,0.0788895412045537,0.0056323353076313,379,0.0747193688859627,0.0033309784640319,379,1.116734490580111e-05,9,0.0055555555555555,0.9888888888888888,kept,True
rep_006,South - Northeast,385,37.0,18.0,0.3584415584415584,1.063249670885136,0.6000688351469811,1.5266257792840845,False,False,undetermined,0.0203681887866181,0.025600565542354,0.1138246365844662,0.25,False,False,undetermined,single df,0.0244381314556396,0.0042850808815001,384,0.022984377164486,0.0010253318420491,384,1.1099801504462724e-06,9,0.0055555555555555,0.9888888888888888,unresolved,True
rep_007,Republican - Democrat,383,23.0,35.0,0.1775456919060052,1.02396412334789,0.9449911441847614,1.1041437662414055,False,False,kept,0.101316575113117,0.1352634087968122,0.1434898807695391,0.25,False,False,kept,single df,0.1211247079129943,0.007557979573276,382,0.1182899919549646,0.0066520213950462,382,4.403983881543023e-05,9,0.0055555555555555,0.9888888888888888,kept,True
rep_007,Female - Male,384,55.0,44.0,0.2291666666666666,1.1438667253032833,0.9823527622565538,1.316844844510876,False,False,kept or steepened,0.0377833623397615,0.053654242926846,0.1735706063255838,0.25,False,False,kept or steepened,single df,0.0522962170529443,0.004155890308063,383,0.0457188026333037,0.0031100039412661,383,9.278792476224764e-06,9,0.0055555555555555,0.9888888888888888,unresolved,True
rep_007,Black - White,385,10.0,73.0,0.2701298701298701,1.016903402941962,0.8511856493147119,1.1833231957714698,False,False,kept,0.065661662064632,0.083127565435944,0.1173868811923518,0.25,False,False,kept,single df,0.0756521358832208,0.0058853081080446,384,0.074394613750288,0.0034226027124533,384,1.1617926846236018e-05,9,0.0055555555555555,0.9888888888888888,kept,True
rep_007,Hispanic - White,385,7.0,73.0,0.3636363636363636,0.8704957841562477,0.6064990202558334,1.1274105493154318,False,False,attenuated or kept,0.0487392316228472,0.0610008204491476,0.1117330326967233,0.25,False,False,attenuated or kept,single df,0.0477641263408793,0.0061776857020449,384,0.0548700260359974,0.0024027699159732,384,6.642714531756245e-06,9,0.0055555555555555,0.9888888888888888,unresolved,True
rep_007,Asian - White,376,4.0,73.0,0.3590425531914893,0.9940252569203264,0.636387795701092,1.3585294697145294,False,False,undetermined,0.0535606884275831,0.0670370175984751,0.1117461485376844,0.25,False,False,undetermined,single df,0.0599385828582772,0.0086604605568585,375,0.0602988530130291,0.002640500718031,375,5.037495523241025e-06,9,0.0055555555555555,0.9888888888888888,unresolved,True
rep_007,Less than high school - Postgraduate,378,4.0,21.0,0.328042328042328,1.0584882699977358,0.7480322321660476,1.3687600549595844,False,False,undetermined,0.0741389531252531,0.090211501514139,0.0977943652431703,0.25,False,False,undetermined,single df,0.0869815142022958,0.0105000167601256,377,0.082175227319696,0.0031492773578426,377,1.0592656285590285e-05,9,0.0055555555555555,0.9888888888888888,unresolved,True
rep_007,"Less than $30,000 - $100,000 or more",385,21.0,23.0,0.2259740259740259,0.9972413846211964,0.8154540331139009,1.179405873012423,False,False,kept,0.0565221721177537,0.0696021188076135,0.1037068006003678,0.25,False,False,kept,single df,0.0628881812583899,0.0051299875544174,384,0.0630621454626836,0.002563134586728,384,6.437589197192216e-06,9,0.0055555555555555,0.9888888888888888,kept,True
rep_007,18-29 - 65+,380,15.0,22.0,0.2342105263157894,1.0974873838211965,0.9349717060507344,1.2635099877736409,False,False,kept or steepened,0.0662196552818754,0.0832190824900499,0.1137551578769301,0.25,False,False,kept or steepened,single df,0.0820035646794261,0.0057395233040628,379,0.0747193688859627,0.0033309784640319,379,1.069305467813016e-05,9,0.0055555555555555,0.9888888888888888,unresolved,True
rep_007,South - Northeast,385,37.0,18.0,0.3948051948051948,1.0172713616776528,0.5278105820111602,1.5170802025240802,False,False,undetermined,0.0203681887866181,0.025600565542354,0.1138246365844662,0.25,False,False,undetermined,single df,0.0233813486554294,0.0044540357890049,384,0.022984377164486,0.0010253318420491,384,6.550608753933068e-07,9,0.0055555555555555,0.9888888888888888,unresolved,True
rep_008,Republican - Democrat,383,23.0,35.0,0.2114882506527415,0.9682843146482648,0.8862045014822247,1.0483312337217348,False,False,kept,0.101316575113117,0.1352634087968122,0.1434898807695391,0.25,False,False,kept,single df,0.1145383437898616,0.0077110333851161,382,0.1182899919549646,0.0066520213950462,382,4.4985498887979536e-05,9,0.0055555555555555,0.9888888888888888,kept,True
rep_008,Female - Male,384,55.0,44.0,0.2630208333333333,1.0509406911394203,0.8889553458214347,1.218840881214534,False,False,kept,0.0377833623397615,0.053654242926846,0.1735706063255838,0.25,False,False,kept,single df,0.048047750037511,0.0041491771664082,383,0.0457188026333037,0.0031100039412661,383,9.24396022618705e-06,9,0.0055555555555555,0.9888888888888888,kept,True
rep_008,Black - White,385,10.0,73.0,0.2675324675324675,1.0229372313377916,0.8375665566308313,1.2117403892949352,False,False,kept,0.065661662064632,0.083127565435944,0.1173868811923518,0.25,False,False,kept,single df,0.076101020216164,0.0062174385332174,384,0.074394613750288,0.0034226027124533,384,1.0544015378343995e-05,9,0.0055555555555555,0.9888888888888888,kept,True
rep_008,Hispanic - White,385,7.0,73.0,0.3194805194805195,1.1373493607820442,0.8493913953929021,1.428921818226998,False,False,kept or steepened,0.0487392316228472,0.0610008204491476,0.1117330326967233,0.25,False,False,kept or steepened,single df,0.0624063890381358,0.0066282210324538,384,0.0548700260359974,0.0024027699159732,384,5.740942536997656e-06,9,0.0055555555555555,0.9888888888888888,unresolved,True
rep_008,Asian - White,376,4.0,73.0,0.3776595744680851,0.8468091079086154,0.4946916662619495,1.1948909734566997,False,False,attenuated or kept,0.0535606884275831,0.0670370175984751,0.1117461485376844,0.25,False,False,attenuated or kept,single df,0.0510616179278759,0.0086292585643116,375,0.0602988530130291,0.002640500718031,375,7.0167256221256456e-06,9,0.0055555555555555,0.9888888888888888,unresolved,True
rep_008,Less than high school - Postgraduate,378,4.0,21.0,0.3121693121693121,1.0473192755958052,0.7637604129875759,1.330056847966627,False,False,kept or steepened,0.0741389531252531,0.090211501514139,0.0977943652431703,0.25,False,False,kept or steepened,single df,0.0860636995483847,0.0097009891323056,377,0.082175227319696,0.0031492773578426,377,1.080903931803364e-05,9,0.0055555555555555,0.9888888888888888,unresolved,True
rep_008,"Less than $30,000 - $100,000 or more",385,21.0,23.0,0.2623376623376623,1.0144083809561628,0.8304319810983067,1.197583517707025,False,False,kept,0.0565221721177537,0.0696021188076135,0.1037068006003678,0.25,False,False,kept,single df,0.0639707688784229,0.0052550346347345,384,0.0630621454626836,0.002563134586728,384,6.906407319882359e-06,9,0.0055555555555555,0.9888888888888888,kept,True
rep_008,18-29 - 65+,380,15.0,22.0,0.2710526315789474,0.9459863419736037,0.7837066408852503,1.104699016856425,False,False,kept,0.0662196552818754,0.0832190824900499,0.1137551578769301,0.25,False,False,kept,single df,0.0706835024470081,0.0058807515221434,379,0.0747193688859627,0.0033309784640319,379,1.20055720458428e-05,9,0.0055555555555555,0.9888888888888888,kept,True
rep_008,South - Northeast,385,37.0,18.0,0.3818181818181818,0.9836301447207196,0.510459893852739,1.4571430478845886,False,False,undetermined,0.0203681887866181,0.025600565542354,0.1138246365844662,0.25,False,False,undetermined,single df,0.022608126236619,0.0043514498868446,384,0.022984377164486,0.0010253318420491,384,1.0203736986129811e-06,9,0.0055555555555555,0.9888888888888888,unresolved,True
rep_009,Republican - Democrat,383,23.0,35.0,0.1984334203655352,1.001641657194278,0.9243608009354136,1.0808744423978682,False,False,kept,0.101316575113117,0.1352634087968122,0.1434898807695391,0.25,False,False,kept,single df,0.1184841835712685,0.0072916438406902,382,0.1182899919549646,0.0066520213950462,382,4.226773242577989e-05,9,0.0055555555555555,0.9888888888888888,kept,True
rep_009,Female - Male,384,55.0,44.0,0.2760416666666667,0.9343355373007208,0.7716961798774716,1.0899303571870438,False,False,kept,0.0377833623397615,0.053654242926846,0.1735706063255838,0.25,False,False,kept,single df,0.0427167020231335,0.0042863365831986,383,0.0457188026333037,0.0031100039412661,383,1.0133758002147674e-05,9,0.0055555555555555,0.9888888888888888,kept,True
rep_009,Black - White,385,10.0,73.0,0.2779220779220779,0.9360290137426798,0.7575464382846868,1.1131499626879982,False,False,kept,0.065661662064632,0.083127565435944,0.1173868811923518,0.25,False,False,kept,single df,0.0696355169364497,0.0061511046829865,384,0.074394613750288,0.0034226027124533,384,1.153562907549876e-05,9,0.0055555555555555,0.9888888888888888,kept,True
rep_009,Hispanic - White,385,7.0,73.0,0.335064935064935,1.014842684249926,0.7534875136781634,1.2773973156370857,False,False,kept or steepened,0.0487392316228472,0.0610008204491476,0.1117330326967233,0.25,False,False,kept or steepened,single df,0.0556844445072349,0.0060602775536657,384,0.0548700260359974,0.0024027699159732,384,5.5851139750008535e-06,9,0.0055555555555555,0.9888888888888888,unresolved,True
rep_009,Asian - White,376,4.0,73.0,0.3377659574468085,0.9235558442426252,0.5655673708743679,1.2832302280825858,False,False,undetermined,0.0535606884275831,0.0670370175984751,0.1117461485376844,0.25,False,False,undetermined,single df,0.05568935810131,0.0087225946487175,375,0.0602988530130291,0.002640500718031,375,5.974468955834606e-06,9,0.0055555555555555,0.9888888888888888,unresolved,True
rep_009,Less than high school - Postgraduate,378,4.0,21.0,0.2777777777777778,1.1594797663570604,0.8622210166835362,1.46344591008762,False,False,kept or steepened,0.0741389531252531,0.090211501514139,0.0977943652431703,0.25,False,False,kept or steepened,single df,0.0952805133729795,0.0099071989209569,377,0.082175227319696,0.0031492773578426,377,8.055014529833223e-06,9,0.0055555555555555,0.9888888888888888,unresolved,True
rep_009,"Less than $30,000 - $100,000 or more",385,21.0,23.0,0.2961038961038961,0.9502963031086208,0.7620154859346948,1.1384902903435288,False,False,kept,0.0565221721177537,0.0696021188076135,0.1037068006003678,0.25,False,False,kept,single df,0.0599277236992863,0.0052339300862919,384,0.0630621454626836,0.002563134586728,384,6.26935700678114e-06,9,0.0055555555555555,0.9888888888888888,kept,True
rep_009,18-29 - 65+,380,15.0,22.0,0.2526315789473684,1.100777840376037,0.9405798729384216,1.2617598149385538,False,False,kept or steepened,0.0662196552818754,0.0832190824900499,0.1137551578769301,0.25,False,False,kept or steepened,single df,0.0822494255165504,0.0058770991145736,379,0.0747193688859627,0.0033309784640319,379,1.188182142149868e-05,9,0.0055555555555555,0.9888888888888888,unresolved,True
rep_009,South - Northeast,385,37.0,18.0,0.374025974025974,1.01981643838333,0.5692811437413577,1.4665845448250383,False,False,undetermined,0.0203681887866181,0.025600565542354,0.1138246365844662,0.25,False,False,undetermined,single df,0.0234398456583453,0.0041859917934063,384,0.022984377164486,0.0010253318420491,384,1.223000617931299e-06,9,0.0055555555555555,0.9888888888888888,unresolved,True
rep_010,Republican - Democrat,383,23.0,35.0,0.185378590078329,0.9931817889003696,0.9110155830865444,1.0754499163275546,False,False,kept,0.101316575113117,0.1352634087968122,0.1434898807695391,0.25,False,False,kept,single df,0.117483465818842,0.0075936365781032,382,0.1182899919549646,0.0066520213950462,382,4.384042003932076e-05,9,0.0055555555555555,0.9888888888888888,kept,True
rep_010,Female - Male,384,55.0,44.0,0.2473958333333333,1.016219532347236,0.8647932299799136,1.1670446256630491,False,False,kept,0.0377833623397615,0.053654242926846,0.1735706063255838,0.25,False,False,kept,single df,0.0464603402314915,0.004158140491748,383,0.0457188026333037,0.0031100039412661,383,9.922602748260075e-06,9,0.0055555555555555,0.9888888888888888,kept,True
rep_010,Black - White,385,10.0,73.0,0.2675324675324675,0.987554053260685,0.8224353423993433,1.1533809271956652,False,False,kept,0.065661662064632,0.083127565435944,0.1173868811923518,0.25,False,False,kept,single df,0.07346870234986,0.0058132824192772,384,0.074394613750288,0.0034226027124533,384,1.1271555314084282e-05,9,0.0055555555555555,0.9888888888888888,kept,True
rep_010,Hispanic - White,385,7.0,73.0,0.3246753246753247,1.0167623776803008,0.7404328588541199,1.293336600192669,False,False,undetermined,0.0487392316228472,0.0610008204491476,0.1117330326967233,0.25,False,False,undetermined,single df,0.0557897781357407,0.0063840708017683,384,0.0548700260359974,0.0024027699159732,384,5.814202790590184e-06,9,0.0055555555555555,0.9888888888888888,unresolved,True
rep_010,Asian - White,376,4.0,73.0,0.3803191489361702,0.7701465414755819,0.4270995320823608,1.1025439521826137,False,False,attenuated or kept,0.0535606884275831,0.0670370175984751,0.1117461485376844,0.25,False,False,attenuated or kept,single df,0.0464389531029288,0.0084575584753645,375,0.0602988530130291,0.002640500718031,375,8.305631929515053e-06,9,0.0055555555555555,0.9888888888888888,unresolved,True
rep_010,Less than high school - Postgraduate,378,4.0,21.0,0.3571428571428571,0.8498752071550925,0.5550437634747875,1.1452445131165745,False,False,attenuated or kept,0.0741389531252531,0.090211501514139,0.0977943652431703,0.25,False,False,attenuated or kept,single df,0.0698386883413435,0.0098050946077505,377,0.082175227319696,0.0031492773578426,377,8.152793768623262e-06,9,0.0055555555555555,0.9888888888888888,unresolved,True
rep_010,"Less than $30,000 - $100,000 or more",385,21.0,23.0,0.2441558441558441,1.0749104634426023,0.9011816971405068,1.252729676216365,False,False,kept or steepened,0.0565221721177537,0.0696021188076135,0.1037068006003678,0.25,False,False,kept or steepened,single df,0.0677861600049781,0.0048581111687395,384,0.0630621454626836,0.002563134586728,384,5.825924826847679e-06,9,0.0055555555555555,0.9888888888888888,unresolved,True
rep_010,18-29 - 65+,380,15.0,22.0,0.231578947368421,0.9951279118423372,0.8381960016244833,1.1516695960883494,False,False,kept,0.0662196552818754,0.0832190824900499,0.1137551578769301,0.25,False,False,kept,single df,0.0743553295336653,0.0056663688972311,379,0.0747193688859627,0.0033309784640319,379,1.120649161385848e-05,9,0.0055555555555555,0.9888888888888888,kept,True
rep_010,South - Northeast,385,37.0,18.0,0.3844155844155844,1.1617933664210156,0.6875892274936981,1.641267981467589,False,False,undetermined,0.0203681887866181,0.025600565542354,0.1138246365844662,0.25,False,False,undetermined,single df,0.0267030969210185,0.0043748338119463,384,0.022984377164486,0.0010253318420491,384,1.0103363401136055e-06,9,0.0055555555555555,0.9888888888888888,unresolved,True
rep_011,Republican - Democrat,383,23.0,35.0,0.1932114882506527,1.0102589241959348,0.9224278799254856,1.0951549943035792,False,False,kept,0.101316575113117,0.1352634087968122,0.1434898807695391,0.25,False,False,kept,single df,0.1195035200155683,0.0081913530584906,382,0.1182899919549646,0.0066520213950462,382,4.779223967419695e-05,9,0.0055555555555555,0.9888888888888888,kept,True
rep_011,Female - Male,384,55.0,44.0,0.2786458333333333,0.9906383181172942,0.8182857407218208,1.1578099824004535,False,False,kept,0.0377833623397615,0.053654242926846,0.1735706063255838,0.25,False,False,kept,single df,0.0452907977469925,0.0044790046160567,383,0.0457188026333037,0.0031100039412661,383,1.0388181976073388e-05,9,0.0055555555555555,0.9888888888888888,kept,True
rep_011,Black - White,385,10.0,73.0,0.2493506493506493,1.105718234836995,0.9320180273661886,1.2829690673858547,False,False,kept or steepened,0.065661662064632,0.083127565435944,0.1173868811923518,0.25,False,False,kept or steepened,single df,0.0822594809973485,0.0060698678262821,384,0.074394613750288,0.0034226027124533,384,1.146420472323814e-05,9,0.0055555555555555,0.9888888888888888,unresolved,True
rep_011,Hispanic - White,385,7.0,73.0,0.335064935064935,1.0061427340805649,0.723056144087043,1.287346863647699,False,False,undetermined,0.0487392316228472,0.0610008204491476,0.1117330326967233,0.25,False,False,undetermined,single df,0.0552070780149302,0.0065622325945769,384,0.0548700260359974,0.0024027699159732,384,6.238601446644592e-06,9,0.0055555555555555,0.9888888888888888,unresolved,True
rep_011,Asian - White,376,4.0,73.0,0.3670212765957447,0.9796171199509284,0.6325953787016544,1.3342414678729106,False,False,undetermined,0.0535606884275831,0.0670370175984751,0.1117461485376844,0.25,False,False,undetermined,single df,0.0590697887249679,0.0083927607267496,375,0.0602988530130291,0.002640500718031,375,4.734170968901928e-06,9,0.0055555555555555,0.9888888888888888,unresolved,True
rep_011,Less than high school - Postgraduate,378,4.0,21.0,0.3253968253968254,0.9204836673113548,0.6271109017136733,1.2097673875651254,False,False,attenuated or kept,0.0741389531252531,0.090211501514139,0.0977943652431703,0.25,False,False,attenuated or kept,single df,0.075640954605378,0.0099719023529278,377,0.082175227319696,0.0031492773578426,377,1.1229276761565228e-05,9,0.0055555555555555,0.9888888888888888,unresolved,True
rep_011,"Less than $30,000 - $100,000 or more",385,21.0,23.0,0.2701298701298701,0.982261187935733,0.7962470279372076,1.1677924008572644,False,False,kept,0.0565221721177537,0.0696021188076135,0.1037068006003678,0.25,False,False,kept,single df,0.0619434979159516,0.0052420971666518,384,0.0630621454626836,0.002563134586728,384,6.5990365616215085e-06,9,0.0055555555555555,0.9888888888888888,kept,True
rep_011,18-29 - 65+,380,15.0,22.0,0.2342105263157894,1.099046494663528,0.9423572411283212,1.2581753636010913,False,False,kept or steepened,0.0662196552818754,0.0832190824900499,0.1137551578769301,0.25,False,False,kept or steepened,single df,0.0821200604575883,0.0056776227957949,379,0.0747193688859627,0.0033309784640319,379,1.1162007604396483e-05,9,0.0055555555555555,0.9888888888888888,unresolved,True
rep_011,South - Northeast,385,37.0,18.0,0.4259740259740259,0.853297361253972,0.3250422622825971,1.3698054249033935,False,False,undetermined,0.0203681887866181,0.025600565542354,0.1138246365844662,0.25,False,False,undetermined,single df,0.019612508384522,0.0048395690291101,384,0.022984377164486,0.0010253318420491,384,1.367501894018812e-06,9,0.0055555555555555,0.9888888888888888,unresolved,True
rep_012,Republican - Democrat,383,23.0,35.0,0.1723237597911227,1.0356216388399488,0.9579975597326365,1.1138780584965104,False,False,kept,0.101316575113117,0.1352634087968122,0.1434898807695391,0.25,False,False,kept,single df,0.1225036753267648,0.007672412921427,382,0.1182899919549646,0.0066520213950462,382,4.516012051045263e-05,9,0.0055555555555555,0.9888888888888888,kept,True
rep_012,Female - Male,384,55.0,44.0,0.2395833333333333,1.0402976867223537,0.8741661554292323,1.207523525053393,False,False,kept,0.0377833623397615,0.053654242926846,0.1735706063255838,0.25,False,False,kept,single df,0.0475611646191417,0.0043316697616073,383,0.0457188026333037,0.0031100039412661,383,9.891518534796726e-06,9,0.0055555555555555,0.9888888888888888,kept,True
rep_012,Black - White,385,10.0,73.0,0.2545454545454545,1.0837099272551078,0.9176790069510684,1.250033658793535,False,False,kept or steepened,0.065661662064632,0.083127565435944,0.1173868811923518,0.25,False,False,kept or steepened,single df,0.0806221814554965,0.0060533938690715,384,0.074394613750288,0.0034226027124533,384,1.2572059449516146e-05,9,0.0055555555555555,0.9888888888888888,unresolved,True
rep_012,Hispanic - White,385,7.0,73.0,0.3220779220779221,1.0892197659841938,0.80659726787428,1.371869155610811,False,False,kept or steepened,0.0487392316228472,0.0610008204491476,0.1117330326967233,0.25,False,False,kept or steepened,single df,0.0597655169184757,0.0065815274431714,384,0.0548700260359974,0.0024027699159732,384,6.282255722561275e-06,9,0.0055555555555555,0.9888888888888888,unresolved,True
rep_012,Asian - White,376,4.0,73.0,0.3404255319148936,1.2690581970893788,0.9134447160850508,1.6274277683058909,False,False,kept or steepened,0.0535606884275831,0.0670370175984751,0.1117461485376844,0.25,False,False,kept or steepened,single df,0.0765227536912722,0.0089201260396784,375,0.0602988530130291,0.002640500718031,375,8.088358383765631e-06,9,0.0055555555555555,0.9888888888888888,unresolved,True
rep_012,Less than high school - Postgraduate,378,4.0,21.0,0.3068783068783068,0.9217013046284516,0.6492554192209664,1.190727155803183,False,False,attenuated or kept,0.0741389531252531,0.090211501514139,0.0977943652431703,0.25,False,False,attenuated or kept,single df,0.0757410142287034,0.0093244851075873,377,0.082175227319696,0.0031492773578426,377,1.0897776271253108e-05,9,0.0055555555555555,0.9888888888888888,unresolved,True
rep_012,"Less than $30,000 - $100,000 or more",385,21.0,23.0,0.2389610389610389,1.015676594832409,0.8270696484165503,1.2101745978352858,False,False,kept,0.0565221721177537,0.0696021188076135,0.1037068006003678,0.25,False,False,kept,single df,0.0640507451663645,0.0050327479104703,384,0.0630621454626836,0.002563134586728,384,4.892749754384826e-06,9,0.0055555555555555,0.9888888888888888,kept,True
rep_012,18-29 - 65+,380,15.0,22.0,0.2421052631578947,0.9933250838685872,0.8141142911774883,1.1695430068839592,False,False,kept,0.0662196552818754,0.0832190824900499,0.1137551578769301,0.25,False,False,kept,single df,0.0742206233652568,0.0063396701398843,379,0.0747193688859627,0.0033309784640319,379,1.2287849313313068e-05,9,0.0055555555555555,0.9888888888888888,kept,True
rep_012,South - Northeast,385,37.0,18.0,0.4181818181818181,1.0047766483345115,0.531831399663512,1.4697143807908568,False,False,undetermined,0.0203681887866181,0.025600565542354,0.1138246365844662,0.25,False,False,undetermined,single df,0.0230941654513885,0.0043951526584368,384,0.022984377164486,0.0010253318420491,384,1.3769988271726196e-06,9,0.0055555555555555,0.9888888888888888,unresolved,True
rep_013,Republican - Democrat,383,23.0,35.0,0.1984334203655352,0.9590943287202396,0.8776387708815929,1.039643220865884,False,False,kept,0.101316575113117,0.1352634087968122,0.1434898807695391,0.25,False,False,kept,single df,0.1134512604283693,0.0075062779461414,382,0.1182899919549646,0.0066520213950462,382,4.3393553786791655e-05,9,0.0055555555555555,0.9888888888888888,kept,True
rep_013,Female - Male,384,55.0,44.0,0.2395833333333333,1.0810177100548737,0.9190025906697392,1.2483845530115578,False,False,kept,0.0377833623397615,0.053654242926846,0.1735706063255838,0.25,False,False,kept,single df,0.0494228353291047,0.0042361162492972,383,0.0457188026333037,0.0031100039412661,383,9.622539980355552e-06,9,0.0055555555555555,0.9888888888888888,kept,True
rep_013,Black - White,385,10.0,73.0,0.2285714285714285,1.0555707540966597,0.8826076897342705,1.230733727948849,False,False,kept,0.065661662064632,0.083127565435944,0.1173868811923518,0.25,False,False,kept,single df,0.0785287785371212,0.0060420200661579,384,0.074394613750288,0.0034226027124533,384,1.1442982085745463e-05,9,0.0055555555555555,0.9888888888888888,kept,True
rep_013,Hispanic - White,385,7.0,73.0,0.3558441558441558,0.8125484736272268,0.5189859333587324,1.1005814136728451,False,False,attenuated or kept,0.0487392316228472,0.0610008204491476,0.1117330326967233,0.25,False,False,attenuated or kept,single df,0.0445845559034359,0.0066691743042477,384,0.0548700260359974,0.0024027699159732,384,5.9536979844655206e-06,9,0.0055555555555555,0.9888888888888888,unresolved,True
rep_013,Asian - White,376,4.0,73.0,0.3271276595744681,1.0858107510958714,0.7209522106241931,1.4531532851630946,False,False,undetermined,0.0535606884275831,0.0670370175984751,0.1117461485376844,0.25,False,False,undetermined,single df,0.0654731428802967,0.0089796031667141,375,0.0602988530130291,0.002640500718031,375,6.885726644231965e-06,9,0.0055555555555555,0.9888888888888888,unresolved,True
rep_013,Less than high school - Postgraduate,378,4.0,21.0,0.3386243386243386,0.951224730839173,0.645944092458928,1.2594470197665428,False,False,undetermined,0.0741389531252531,0.090211501514139,0.0977943652431703,0.25,False,False,undetermined,single df,0.0781671084888257,0.0101363707503858,377,0.082175227319696,0.0031492773578426,377,7.923484970217033e-06,9,0.0055555555555555,0.9888888888888888,unresolved,True
rep_013,"Less than $30,000 - $100,000 or more",385,21.0,23.0,0.2727272727272727,0.9294629318525895,0.7541675243590734,1.102156206100193,False,False,kept,0.0565221721177537,0.0696021188076135,0.1037068006003678,0.25,False,False,kept,single df,0.0586139266106604,0.0050427902608236,384,0.0630621454626836,0.002563134586728,384,6.892452015561146e-06,9,0.0055555555555555,0.9888888888888888,kept,True
rep_013,18-29 - 65+,380,15.0,22.0,0.2421052631578947,1.0008858418229192,0.8339671519461485,1.1700860253260017,False,False,kept,0.0662196552818754,0.0832190824900499,0.1137551578769301,0.25,False,False,kept,single df,0.074785558427904,0.0057519874541825,379,0.0747193688859627,0.0033309784640319,379,1.013978657390538e-05,9,0.0055555555555555,0.9888888888888888,kept,True
rep_013,South - Northeast,385,37.0,18.0,0.3792207792207792,1.2258013959807323,0.7565962259753903,1.700640504441027,False,False,kept or steepened,0.0203681887866181,0.025600565542354,0.1138246365844662,0.25,False,False,kept or steepened,single df,0.0281742816139746,0.0043440717262589,384,0.022984377164486,0.0010253318420491,384,1.063072989728976e-06,9,0.0055555555555555,0.9888888888888888,unresolved,True
rep_014,Republican - Democrat,383,23.0,35.0,0.1723237597911227,1.0014011012745894,0.9260828716479256,1.07788022439595,False,False,kept,0.101316575113117,0.1352634087968122,0.1434898807695391,0.25,False,False,kept,single df,0.1184557282134638,0.0073519546354174,382,0.1182899919549646,0.0066520213950462,382,4.308960955453674e-05,9,0.0055555555555555,0.9888888888888888,kept,True
rep_014,Female - Male,384,55.0,44.0,0.2890625,0.8240778400373362,0.6680728835606646,0.9711080613837252,False,False,attenuated or kept,0.0377833623397615,0.053654242926846,0.1735706063255838,0.25,False,False,attenuated or kept,single df,0.0376758521231462,0.0040016791851531,383,0.0457188026333037,0.0031100039412661,383,9.367839986418933e-06,9,0.0055555555555555,0.9888888888888888,unresolved,True
rep_014,Black - White,385,10.0,73.0,0.2909090909090909,0.9694309030096132,0.7913510556758434,1.1459750663294823,False,False,kept,0.065661662064632,0.083127565435944,0.1173868811923518,0.25,False,False,kept,single df,0.0721204375869931,0.0062141235087061,384,0.074394613750288,0.0034226027124533,384,1.1999870119647356e-05,9,0.0055555555555555,0.9888888888888888,kept,True
rep_014,Hispanic - White,385,7.0,73.0,0.4207792207792207,0.6000940055194666,0.3185626180848896,0.8744962359439398,False,False,attenuated or kept,0.0487392316228472,0.0610008204491476,0.1117330326967233,0.25,False,False,attenuated or kept,single df,0.0329271737068991,0.0062699313592734,384,0.0548700260359974,0.0024027699159732,384,5.092371010376217e-06,9,0.0055555555555555,0.9888888888888888,unresolved,True
rep_014,Asian - White,376,4.0,73.0,0.3563829787234042,1.014689208938628,0.6615390837367816,1.3737283104747873,False,False,undetermined,0.0535606884275831,0.0670370175984751,0.1117461485376844,0.25,False,False,undetermined,single df,0.0611845954636971,0.0085904457841644,375,0.0602988530130291,0.002640500718031,375,5.451131984509593e-06,9,0.0055555555555555,0.9888888888888888,unresolved,True
rep_014,Less than high school - Postgraduate,378,4.0,21.0,0.2962962962962963,0.9000308240050657,0.6037482218070278,1.199218145094873,False,False,attenuated or kept,0.0741389531252531,0.090211501514139,0.0977943652431703,0.25,False,False,attenuated or kept,single df,0.0739602375573496,0.0098181858327314,377,0.082175227319696,0.0031492773578426,377,7.434713069893662e-06,9,0.0055555555555555,0.9888888888888888,unresolved,True
rep_014,"Less than $30,000 - $100,000 or more",385,21.0,23.0,0.2415584415584415,0.99221496337842,0.821436200469927,1.1611780294430525,False,False,kept,0.0565221721177537,0.0696021188076135,0.1037068006003678,0.25,False,False,kept,single df,0.0625712043508212,0.0049992838733737,384,0.0630621454626836,0.002563134586728,384,7.067100874908941e-06,9,0.0055555555555555,0.9888888888888888,kept,True
rep_014,18-29 - 65+,380,15.0,22.0,0.2263157894736842,1.0602491572159074,0.9013309256402888,1.2224832666111165,False,False,kept,0.0662196552818754,0.0832190824900499,0.1137551578769301,0.25,False,False,kept,single df,0.0792211478890464,0.0055962072358069,379,0.0747193688859627,0.0033309784640319,379,1.036072694824271e-05,9,0.0055555555555555,0.9888888888888888,kept,True
rep_014,South - Northeast,385,37.0,18.0,0.3662337662337662,1.2256675500364582,0.7561285449049777,1.6995371932822854,False,False,kept or steepened,0.0203681887866181,0.025600565542354,0.1138246365844662,0.25,False,False,kept or steepened,single df,0.0281712052483095,0.0043560134864312,384,0.022984377164486,0.0010253318420491,384,1.1151246866052937e-06,9,0.0055555555555555,0.9888888888888888,unresolved,True
rep_015,Republican - Democrat,383,23.0,35.0,0.1671018276762402,1.0383044143364484,0.9590957055551792,1.1191773568925234,False,False,kept,0.101316575113117,0.1352634087968122,0.1434898807695391,0.25,False,False,kept,single df,0.1228210208186627,0.0075862105561445,382,0.1182899919549646,0.0066520213950462,382,4.419282045900863e-05,9,0.0055555555555555,0.9888888888888888,kept,True
rep_015,Female - Male,384,55.0,44.0,0.3020833333333333,0.8857485195132686,0.712146357573211,1.051917636610131,False,False,attenuated or kept,0.0377833623397615,0.053654242926846,0.1735706063255838,0.25,False,False,attenuated or kept,single df,0.0404953617463681,0.0043151657837774,383,0.0457188026333037,0.0031100039412661,383,9.724304152841392e-06,9,0.0055555555555555,0.9888888888888888,unresolved,True
rep_015,Black - White,385,10.0,73.0,0.2701298701298701,0.9503719826231556,0.7787646781840755,1.120551833606983,False,False,kept,0.065661662064632,0.083127565435944,0.1173868811923518,0.25,False,False,kept,single df,0.0707025565663451,0.0060168310039453,384,0.074394613750288,0.0034226027124533,384,1.1731240049120528e-05,9,0.0055555555555555,0.9888888888888888,kept,True
rep_015,Hispanic - White,385,7.0,73.0,0.3844155844155844,0.8541528412787718,0.5635340542468134,1.1432883987566531,False,False,attenuated or kept,0.0487392316228472,0.0610008204491476,0.1117330326967233,0.25,False,False,attenuated or kept,single df,0.0468673886396874,0.0065699347135102,384,0.0548700260359974,0.0024027699159732,384,5.269958745838764e-06,9,0.0055555555555555,0.9888888888888888,unresolved,True
rep_015,Asian - White,376,4.0,73.0,0.3138297872340425,1.187519207003268,0.8464051485574049,1.5269161878652069,False,False,kept or steepened,0.0535606884275831,0.0670370175984751,0.1117461485376844,0.25,False,False,kept or steepened,single df,0.0716060461132389,0.0086482026132391,375,0.0602988530130291,0.002640500718031,375,8.753053937140259e-06,9,0.0055555555555555,0.9888888888888888,unresolved,True
rep_015,Less than high school - Postgraduate,378,4.0,21.0,0.3201058201058201,0.9657995341687567,0.6679831082431497,1.2590145584072023,False,False,undetermined,0.0741389531252531,0.090211501514139,0.0977943652431703,0.25,False,False,undetermined,single df,0.0793647962655741,0.0101738921772766,377,0.082175227319696,0.0031492773578426,377,1.194184259009562e-05,9,0.0055555555555555,0.9888888888888888,unresolved,True
rep_015,"Less than $30,000 - $100,000 or more",385,21.0,23.0,0.2623376623376623,1.0077131859035835,0.823184240611021,1.1925762179723267,False,False,kept,0.0565221721177537,0.0696021188076135,0.1037068006003678,0.25,False,False,kept,single df,0.0635485555141161,0.0052039621735943,384,0.0630621454626836,0.002563134586728,384,6.51939233810518e-06,9,0.0055555555555555,0.9888888888888888,kept,True
rep_015,18-29 - 65+,380,15.0,22.0,0.2526315789473684,1.0263512971396485,0.8676134577777099,1.1852237227754463,False,False,kept,0.0662196552818754,0.0832190824900499,0.1137551578769301,0.25,False,False,kept,single df,0.0766883211775637,0.0057371489264838,379,0.0747193688859627,0.0033309784640319,379,1.1330843293723314e-05,9,0.0055555555555555,0.9888888888888888,kept,True
rep_015,South - Northeast,385,37.0,18.0,0.4493506493506493,0.5913610508202556,0.0745332700874675,1.0893890274096931,False,False,undetermined,0.0203681887866181,0.025600565542354,0.1138246365844662,0.25,False,False,undetermined,single df,0.0135920654324395,0.004676912367128,384,0.022984377164486,0.0010253318420491,384,1.3745644250576384e-06,9,0.0055555555555555,0.9888888888888888,unresolved,True
rep_016,Republican - Democrat,383,23.0,35.0,0.1906005221932115,0.9805654901738036,0.903678550060825,1.0571882284229257,False,False,kept,0.101316575113117,0.1352634087968122,0.1434898807695391,0.25,False,False,kept,single df,0.1159910839439751,0.007449295038736,382,0.1182899919549646,0.0066520213950462,382,4.366748148492283e-05,9,0.0055555555555555,0.9888888888888888,kept,True
rep_016,Female - Male,384,55.0,44.0,0.2708333333333333,0.9869984233101774,0.8259904616969478,1.1441712390030816,False,False,kept,0.0377833623397615,0.053654242926846,0.1735706063255838,0.25,False,False,kept,single df,0.0451243861147,0.0042989057933015,383,0.0457188026333037,0.0031100039412661,383,1.0143456965868158e-05,9,0.0055555555555555,0.9888888888888888,kept,True
rep_016,Black - White,385,10.0,73.0,0.2623376623376623,1.0733029481234189,0.8927253873260165,1.2540292851220705,False,False,kept or steepened,0.065661662064632,0.083127565435944,0.1173868811923518,0.25,False,False,kept or steepened,single df,0.0798479582626872,0.0063813569320828,384,0.074394613750288,0.0034226027124533,384,1.2510528920816967e-05,9,0.0055555555555555,0.9888888888888888,unresolved,True
rep_016,Hispanic - White,385,7.0,73.0,0.3376623376623376,0.9374098276697502,0.6797378991993692,1.1934942428787745,False,False,attenuated or kept,0.0487392316228472,0.0610008204491476,0.1117330326967233,0.25,False,False,attenuated or kept,single df,0.051435701650639,0.0059905528581956,384,0.0548700260359974,0.0024027699159732,384,5.774438347937858e-06,9,0.0055555555555555,0.9888888888888888,unresolved,True
rep_016,Asian - White,376,4.0,73.0,0.3723404255319149,0.7879894497741482,0.4366553398458649,1.13581476045043,False,False,attenuated or kept,0.0535606884275831,0.0670370175984751,0.1117461485376844,0.25,False,False,attenuated or kept,single df,0.047514860007749,0.0085576788948818,375,0.0602988530130291,0.002640500718031,375,6.461393777708932e-06,9,0.0055555555555555,0.9888888888888888,unresolved,True
rep_016,Less than high school - Postgraduate,378,4.0,21.0,0.3571428571428571,0.9654167685764136,0.6626546560938792,1.2611876722475526,False,False,undetermined,0.0741389531252531,0.090211501514139,0.0977943652431703,0.25,False,False,undetermined,single df,0.0793333424160132,0.0103996612240446,377,0.082175227319696,0.0031492773578426,377,1.3165354285590442e-05,9,0.0055555555555555,0.9888888888888888,unresolved,True
rep_016,"Less than $30,000 - $100,000 or more",385,21.0,23.0,0.2493506493506493,1.0088556249945488,0.8352497824774142,1.1849175380657244,False,False,kept,0.0565221721177537,0.0696021188076135,0.1037068006003678,0.25,False,False,kept,single df,0.0636206001742528,0.0048640562219177,384,0.0630621454626836,0.002563134586728,384,5.885770528037971e-06,9,0.0055555555555555,0.9888888888888888,kept,True
rep_016,18-29 - 65+,380,15.0,22.0,0.2736842105263158,1.0100066733151254,0.8373234431125961,1.1842100567448242,False,False,kept,0.0662196552818754,0.0832190824900499,0.1137551578769301,0.25,False,False,kept,single df,0.0754670612007168,0.005956404004875,379,0.0747193688859627,0.0033309784640319,379,1.0563162451241588e-05,9,0.0055555555555555,0.9888888888888888,kept,True
rep_016,South - Northeast,385,37.0,18.0,0.412987012987013,1.002223511044719,0.5221952449026709,1.484037921963165,False,False,undetermined,0.0203681887866181,0.025600565542354,0.1138246365844662,0.25,False,False,undetermined,single df,0.0230354831809672,0.0044087196955057,384,0.022984377164486,0.0010253318420491,384,9.821144127035274e-07,9,0.0055555555555555,0.9888888888888888,unresolved,True
rep_017,Republican - Democrat,383,23.0,35.0,0.195822454308094,1.0046004531576282,0.927838278297449,1.0807169517282935,False,False,kept,0.101316575113117,0.1352634087968122,0.1434898807695391,0.25,False,False,kept,single df,0.1188341795219696,0.0076368441434749,382,0.1182899919549646,0.0066520213950462,382,4.513249488840603e-05,9,0.0055555555555555,0.9888888888888888,kept,True
rep_017,Female - Male,384,55.0,44.0,0.3151041666666667,0.8699106162232119,0.7066305519483659,1.0289861600096386,False,False,attenuated or kept,0.0377833623397615,0.053654242926846,0.1735706063255838,0.25,False,False,attenuated or kept,single df,0.0397712717717246,0.004067656196303,383,0.0457188026333037,0.0031100039412661,383,9.068476219742924e-06,9,0.0055555555555555,0.9888888888888888,unresolved,True
rep_017,Black - White,385,10.0,73.0,0.2883116883116883,0.9465635681460292,0.7730359690882518,1.1175807477826594,False,False,kept,0.065661662064632,0.083127565435944,0.1173868811923518,0.25,False,False,kept,single df,0.0704192310423183,0.0061129620859058,384,0.074394613750288,0.0034226027124533,384,1.2140603189246276e-05,9,0.0055555555555555,0.9888888888888888,kept,True
rep_017,Hispanic - White,385,7.0,73.0,0.3142857142857143,1.0940791727935768,0.7848403300337317,1.4014000517650946,False,False,kept or steepened,0.0487392316228472,0.0610008204491476,0.1117330326967233,0.25,False,False,kept or steepened,single df,0.0600321526966261,0.0071602472843999,384,0.0548700260359974,0.0024027699159732,384,6.75439188698654e-06,9,0.0055555555555555,0.9888888888888888,unresolved,True
rep_017,Asian - White,376,4.0,73.0,0.3617021276595745,1.0042465710109971,0.6423016894772143,1.3610490956375,False,False,undetermined,0.0535606884275831,0.0670370175984751,0.1117461485376844,0.25,False,False,undetermined,single df,0.0605549163742306,0.0090047577597579,375,0.0602988530130291,0.002640500718031,375,8.419545858753987e-06,9,0.0055555555555555,0.9888888888888888,unresolved,True
rep_017,Less than high school - Postgraduate,378,4.0,21.0,0.3306878306878307,0.980528442976171,0.699442770536531,1.2621337305039004,False,False,undetermined,0.0741389531252531,0.090211501514139,0.0977943652431703,0.25,False,False,undetermined,single df,0.0805751476949945,0.0095033660422448,377,0.082175227319696,0.0031492773578426,377,9.457976769185482e-06,9,0.0055555555555555,0.9888888888888888,unresolved,True
rep_017,"Less than $30,000 - $100,000 or more",385,21.0,23.0,0.2727272727272727,1.030183943302184,0.861258322790093,1.1971570732849812,False,False,kept,0.0565221721177537,0.0696021188076135,0.1037068006003678,0.25,False,False,kept,single df,0.0649656096858433,0.00502312606497,384,0.0630621454626836,0.002563134586728,384,7.357874390380253e-06,9,0.0055555555555555,0.9888888888888888,kept,True
rep_017,18-29 - 65+,380,15.0,22.0,0.2789473684210526,0.9756306993848184,0.8145402694978284,1.1323406164986731,False,False,kept,0.0662196552818754,0.0832190824900499,0.1137551578769301,0.25,False,False,kept,single df,0.072898510123804,0.0059618531500019,379,0.0747193688859627,0.0033309784640319,379,1.2678731708352204e-05,9,0.0055555555555555,0.9888888888888888,kept,True
rep_017,South - Northeast,385,37.0,18.0,0.361038961038961,1.175828611615796,0.7107691751638392,1.6538968227816977,False,False,undetermined,0.0203681887866181,0.025600565542354,0.1138246365844662,0.25,False,False,undetermined,single df,0.0270256882901714,0.0042468127049967,384,0.022984377164486,0.0010253318420491,384,7.152011248618972e-07,9,0.0055555555555555,0.9888888888888888,unresolved,True
rep_018,Republican - Democrat,383,23.0,35.0,0.2088772845953002,0.93440528227461,0.8583361917107474,1.0076244759253494,False,False,kept,0.101316575113117,0.1352634087968122,0.1434898807695391,0.25,False,False,kept,single df,0.11053079332294,0.0074808829883473,382,0.1182899919549646,0.0066520213950462,382,4.434622323722365e-05,9,0.0055555555555555,0.9888888888888888,kept,True
rep_018,Female - Male,384,55.0,44.0,0.2239583333333333,1.0789428992579106,0.92257778079329,1.2421934866239697,False,False,kept,0.0377833623397615,0.053654242926846,0.1735706063255838,0.25,False,False,kept,single df,0.0493279774637769,0.004110311887683,383,0.0457188026333037,0.0031100039412661,383,9.363686760285587e-06,9,0.0055555555555555,0.9888888888888888,kept,True
rep_018,Black - White,385,10.0,73.0,0.2597402597402597,0.9886983513043388,0.8087468573605724,1.1662782801182876,False,False,kept,0.065661662064632,0.083127565435944,0.1173868811923518,0.25,False,False,kept,single df,0.0735538319608329,0.0063409987659431,384,0.074394613750288,0.0034226027124533,384,1.2575971605417236e-05,9,0.0055555555555555,0.9888888888888888,kept,True
rep_018,Hispanic - White,385,7.0,73.0,0.3324675324675324,1.1139591053979925,0.810831212969432,1.4190739021611856,False,False,kept or steepened,0.0487392316228472,0.0610008204491476,0.1117330326967233,0.25,False,False,kept or steepened,single df,0.0611229651162242,0.0069563267123376,384,0.0548700260359974,0.0024027699159732,384,5.977541083944471e-06,9,0.0055555555555555,0.9888888888888888,unresolved,True
rep_018,Asian - White,376,4.0,73.0,0.3377659574468085,1.0694940634853507,0.6989634088123619,1.4380569533717291,False,False,undetermined,0.0535606884275831,0.0670370175984751,0.1117461485376844,0.25,False,False,undetermined,single df,0.0644892653324104,0.0091887861745052,375,0.0602988530130291,0.002640500718031,375,7.999265657302638e-06,9,0.0055555555555555,0.9888888888888888,unresolved,True
rep_018,Less than high school - Postgraduate,378,4.0,21.0,0.3148148148148148,0.947718833774124,0.6666277455950317,1.225299329056366,False,False,attenuated or kept,0.0741389531252531,0.090211501514139,0.0977943652431703,0.25,False,False,attenuated or kept,single df,0.0778790106005459,0.0096159583372674,377,0.082175227319696,0.0031492773578426,377,1.1202324023603244e-05,9,0.0055555555555555,0.9888888888888888,unresolved,True
rep_018,"Less than $30,000 - $100,000 or more",385,21.0,23.0,0.2649350649350649,0.9357157120515972,0.7462782115783669,1.1240022514812886,False,False,attenuated or kept,0.0565221721177537,0.0696021188076135,0.1037068006003678,0.25,False,False,attenuated or kept,single df,0.0590082403451164,0.0052873830710379,384,0.0630621454626836,0.002563134586728,384,6.495079588827577e-06,9,0.0055555555555555,0.9888888888888888,unresolved,True
rep_018,18-29 - 65+,380,15.0,22.0,0.2157894736842105,1.0565612173596246,0.8912289593263917,1.223385915787846,False,False,kept,0.0662196552818754,0.0832190824900499,0.1137551578769301,0.25,False,False,kept,single df,0.0789455873504956,0.0058647106640213,379,0.0747193688859627,0.0033309784640319,379,1.1091431795411466e-05,9,0.0055555555555555,0.9888888888888888,kept,True
rep_018,South - Northeast,385,37.0,18.0,0.3974025974025974,1.0255597372342908,0.576550205795286,1.4635836043006176,False,False,undetermined,0.0203681887866181,0.025600565542354,0.1138246365844662,0.25,False,False,undetermined,single df,0.0235718518053041,0.0042143178202475,384,0.022984377164486,0.0010253318420491,384,1.5181121371007065e-06,9,0.0055555555555555,0.9888888888888888,unresolved,True
rep_019,Republican - Democrat,383,23.0,35.0,0.1932114882506527,0.9912444044024096,0.9088359850661952,1.0724544159375324,False,False,kept,0.101316575113117,0.1352634087968122,0.1434898807695391,0.25,False,False,kept,single df,0.1172542926221647,0.0077501676956939,382,0.1182899919549646,0.0066520213950462,382,4.512321760554524e-05,9,0.0055555555555555,0.9888888888888888,kept,True
rep_019,Female - Male,384,55.0,44.0,0.2708333333333333,0.9778859825158978,0.8143705070281988,1.137155489043708,False,False,kept,0.0377833623397615,0.053654242926846,0.1735706063255838,0.25,False,False,kept,single df,0.0447077762325186,0.0043186909884938,383,0.0457188026333037,0.0031100039412661,383,1.0119280427179703e-05,9,0.0055555555555555,0.9888888888888888,kept,True
rep_019,Black - White,385,10.0,73.0,0.2805194805194805,0.9657332909090152,0.797576930797317,1.1316445794891503,False,False,kept,0.065661662064632,0.083127565435944,0.1173868811923518,0.25,False,False,kept,single df,0.0718453551629707,0.0060110956226632,384,0.074394613750288,0.0034226027124533,384,1.2253928388150264e-05,9,0.0055555555555555,0.9888888888888888,kept,True
rep_019,Hispanic - White,385,7.0,73.0,0.3194805194805195,1.0101967459776182,0.7246539663182019,1.2982108514420547,False,False,undetermined,0.0487392316228472,0.0610008204491476,0.1117330326967233,0.25,False,False,undetermined,single df,0.0554295217532718,0.0065044971006192,384,0.0548700260359974,0.0024027699159732,384,5.267878441448273e-06,9,0.0055555555555555,0.9888888888888888,unresolved,True
rep_019,Asian - White,376,4.0,73.0,0.3297872340425531,1.1038013999036391,0.7321970789431149,1.4756893624986798,False,False,undetermined,0.0535606884275831,0.0670370175984751,0.1117461485376844,0.25,False,False,undetermined,single df,0.0665579583683653,0.0091934818199617,375,0.0602988530130291,0.002640500718031,375,7.617775720008843e-06,9,0.0055555555555555,0.9888888888888888,unresolved,True
rep_019,Less than high school - Postgraduate,378,4.0,21.0,0.3386243386243386,0.9035815728158076,0.6114536154532808,1.1924198586309718,False,False,attenuated or kept,0.0741389531252531,0.090211501514139,0.0977943652431703,0.25,False,False,attenuated or kept,single df,0.0742520211480275,0.0098902307851659,377,0.082175227319696,0.0031492773578426,377,1.0651116731367282e-05,9,0.0055555555555555,0.9888888888888888,unresolved,True
rep_019,"Less than $30,000 - $100,000 or more",385,21.0,23.0,0.2389610389610389,1.0309495119956755,0.8528564326323043,1.2095769700242225,False,False,kept,0.0565221721177537,0.0696021188076135,0.1037068006003678,0.25,False,False,kept,single df,0.065013888090154,0.0050865490088923,384,0.0630621454626836,0.002563134586728,384,6.61153172672006e-06,9,0.0055555555555555,0.9888888888888888,kept,True
rep_019,18-29 - 65+,380,15.0,22.0,0.25,0.9948353086679664,0.8296017339914117,1.158251815471514,False,False,kept,0.0662196552818754,0.0832190824900499,0.1137551578769301,0.25,False,False,kept,single df,0.0743334664091423,0.0059467473460437,379,0.0747193688859627,0.0033309784640319,379,1.1807041797431016e-05,9,0.0055555555555555,0.9888888888888888,kept,True
rep_019,South - Northeast,385,37.0,18.0,0.3558441558441558,1.1361505022739702,0.6811026206760965,1.5924318622668443,False,False,undetermined,0.0203681887866181,0.025600565542354,0.1138246365844662,0.25,False,False,undetermined,single df,0.0261137116598852,0.0042278191180801,384,0.022984377164486,0.0010253318420491,384,1.145044846313737e-06,9,0.0055555555555555,0.9888888888888888,unresolved,True
rep_020,Republican - Democrat,383,23.0,35.0,0.216710182767624,0.9742653306655812,0.8904191562674669,1.0547168059449603,False,False,kept,0.101316575113117,0.1352634087968122,0.1434898807695391,0.25,False,False,kept,single df,0.1152458381264325,0.0079474167807994,382,0.1182899919549646,0.0066520213950462,382,4.668338055770396e-05,9,0.0055555555555555,0.9888888888888888,kept,True
rep_020,Female - Male,384,55.0,44.0,0.2708333333333333,1.0513367455286582,0.8877572424633902,1.212908531757364,False,False,kept,0.0377833623397615,0.053654242926846,0.1735706063255838,0.25,False,False,kept,single df,0.0480658571699646,0.0044246510056287,383,0.0457188026333037,0.0031100039412661,383,1.0481236868713685e-05,9,0.0055555555555555,0.9888888888888888,kept,True
rep_020,Black - White,385,10.0,73.0,0.2649350649350649,0.9985375708979308,0.824372004599135,1.1715909775797084,False,False,kept,0.065661662064632,0.083127565435944,0.1173868811923518,0.25,False,False,kept,single df,0.0742858169021024,0.0061546862722443,384,0.074394613750288,0.0034226027124533,384,1.2163291711920994e-05,9,0.0055555555555555,0.9888888888888888,kept,True
rep_020,Hispanic - White,385,7.0,73.0,0.3324675324675324,1.0148695971288824,0.7274040798839286,1.3045923281196892,False,False,undetermined,0.0487392316228472,0.0610008204491476,0.1117330326967233,0.25,False,False,undetermined,single df,0.055685921217604,0.0065524249279784,384,0.0548700260359974,0.0024027699159732,384,5.3437458134666815e-06,9,0.0055555555555555,0.9888888888888888,unresolved,True
rep_020,Asian - White,376,4.0,73.0,0.3590425531914893,1.158806055851102,0.7752778054131385,1.5414814493665028,False,False,kept or steepened,0.0535606884275831,0.0670370175984751,0.1117461485376844,0.25,False,False,kept or steepened,single df,0.0698746760323736,0.0095305620132005,375,0.0602988530130291,0.002640500718031,375,8.314602297768804e-06,9,0.0055555555555555,0.9888888888888888,unresolved,True
rep_020,Less than high school - Postgraduate,378,4.0,21.0,0.3386243386243386,0.956274333554168,0.6386662730667308,1.2718722248403431,False,False,undetermined,0.0741389531252531,0.090211501514139,0.0977943652431703,0.25,False,False,undetermined,single df,0.0785820607398046,0.0106770175709775,377,0.082175227319696,0.0031492773578426,377,1.0516620311630243e-05,9,0.0055555555555555,0.9888888888888888,unresolved,True
rep_020,"Less than $30,000 - $100,000 or more",385,21.0,23.0,0.2389610389610389,0.9667775709008094,0.7986899333792826,1.1361491701910251,False,False,kept,0.0565221721177537,0.0696021188076135,0.1037068006003678,0.25,False,False,kept,single df,0.0609670678062068,0.0047532595503289,384,0.0630621454626836,0.002563134586728,384,5.963468078958307e-06,9,0.0055555555555555,0.9888888888888888,kept,True
rep_020,18-29 - 65+,380,15.0,22.0,0.2421052631578947,1.0008612945152002,0.8354838946577773,1.1663495272876856,False,False,kept,0.0662196552818754,0.0832190824900499,0.1137551578769301,0.25,False,False,kept,single df,0.0747837242685634,0.0058466487908908,379,0.0747193688859627,0.0033309784640319,379,1.1058072781504485e-05,9,0.0055555555555555,0.9888888888888888,kept,True
rep_020,South - Northeast,385,37.0,18.0,0.3896103896103896,0.9398237999773096,0.4544645124522568,1.4287255856304386,False,False,undetermined,0.0203681887866181,0.025600565542354,0.1138246365844662,0.25,False,False,undetermined,single df,0.0216012646868389,0.0044347903331218,384,0.022984377164486,0.0010253318420491,384,8.461777351519155e-07,9,0.0055555555555555,0.9888888888888888,unresolved,True
rep_021,Republican - Democrat,383,23.0,35.0,0.2193211488250653,0.9455604607936132,0.863646159357687,1.0240564123749478,False,False,kept,0.101316575113117,0.1352634087968122,0.1434898807695391,0.25,False,False,kept,single df,0.1118503393002091,0.0077395455904622,382,0.1182899919549646,0.0066520213950462,382,4.543809872185267e-05,9,0.0055555555555555,0.9888888888888888,kept,True
rep_021,Female - Male,384,55.0,44.0,0.2291666666666666,1.1089566321257616,0.9511084543988592,1.2758595417054173,False,False,kept or steepened,0.0377833623397615,0.053654242926846,0.1735706063255838,0.25,False,False,kept or steepened,single df,0.0507001693930509,0.0041196241813194,383,0.0457188026333037,0.0031100039412661,383,9.316255608123431e-06,9,0.0055555555555555,0.9888888888888888,unresolved,True
rep_021,Black - White,385,10.0,73.0,0.2337662337662337,1.0432844750432613,0.8672832689787823,1.218775752776127,False,False,kept,0.065661662064632,0.083127565435944,0.1173868811923518,0.25,False,False,kept,single df,0.0776147455525154,0.0062523156809402,384,0.074394613750288,0.0034226027124533,384,1.24350129767118e-05,9,0.0055555555555555,0.9888888888888888,kept,True
rep_021,Hispanic - White,385,7.0,73.0,0.3688311688311688,0.822920233803554,0.5430504085213396,1.10005659145853,False,False,attenuated or kept,0.0487392316228472,0.0610008204491476,0.1117330326967233,0.25,False,False,attenuated or kept,single df,0.0451536546543501,0.0063527497052899,384,0.0548700260359974,0.0024027699159732,384,5.375118340839709e-06,9,0.0055555555555555,0.9888888888888888,unresolved,True
rep_021,Asian - White,376,4.0,73.0,0.3643617021276595,1.0143943109524056,0.6623848335537279,1.374008149038744,False,False,undetermined,0.0535606884275831,0.0670370175984751,0.1117461485376844,0.25,False,False,undetermined,single df,0.061166813453372,0.0085275344481385,375,0.0602988530130291,0.002640500718031,375,4.976162468191588e-06,9,0.0055555555555555,0.9888888888888888,unresolved,True
rep_021,Less than high school - Postgraduate,378,4.0,21.0,0.3412698412698413,0.9623776080319886,0.6674532487599835,1.2619100848844862,False,False,undetermined,0.0741389531252531,0.090211501514139,0.0977943652431703,0.25,False,False,undetermined,single df,0.079083598707414,0.0097655406048318,377,0.082175227319696,0.0031492773578426,377,7.178268792902802e-06,9,0.0055555555555555,0.9888888888888888,unresolved,True
rep_021,"Less than $30,000 - $100,000 or more",385,21.0,23.0,0.2519480519480519,1.0102748136595483,0.8319189344923598,1.186613505809501,False,False,kept,0.0565221721177537,0.0696021188076135,0.1037068006003678,0.25,False,False,kept,single df,0.063710097256284,0.0051905472451941,384,0.0630621454626836,0.002563134586728,384,7.246625323937889e-06,9,0.0055555555555555,0.9888888888888888,kept,True
rep_021,18-29 - 65+,380,15.0,22.0,0.25,1.0651018933527563,0.8882134776620977,1.2433739323274815,False,False,kept,0.0662196552818754,0.0832190824900499,0.1137551578769301,0.25,False,False,kept,single df,0.0795837412705619,0.0061667303786371,379,0.0747193688859627,0.0033309784640319,379,1.1232242302216642e-05,9,0.0055555555555555,0.9888888888888888,kept,True
rep_021,South - Northeast,385,37.0,18.0,0.361038961038961,1.063313289898835,0.5848423383080913,1.5464869456307877,False,False,undetermined,0.0203681887866181,0.025600565542354,0.1138246365844662,0.25,False,False,undetermined,single df,0.0244395936990453,0.0043936698663652,384,0.022984377164486,0.0010253318420491,384,9.295408954520312e-07,9,0.0055555555555555,0.9888888888888888,unresolved,True
rep_022,Republican - Democrat,383,23.0,35.0,0.1671018276762402,0.9888708142427736,0.90988536926363,1.0710793307244435,False,False,kept,0.101316575113117,0.1352634087968122,0.1434898807695391,0.25,False,False,kept,single df,0.116973520661277,0.0070872333335955,382,0.1182899919549646,0.0066520213950462,382,4.036482235850225e-05,9,0.0055555555555555,0.9888888888888888,kept,True
rep_022,Female - Male,384,55.0,44.0,0.3203125,0.8277677069755391,0.6563984926941483,0.9896721593169048,False,False,attenuated or kept,0.0377833623397615,0.053654242926846,0.1735706063255838,0.25,False,False,attenuated or kept,single df,0.0378445484214371,0.0042078611090939,383,0.0457188026333037,0.0031100039412661,383,9.479820020628662e-06,9,0.0055555555555555,0.9888888888888888,unresolved,True
rep_022,Black - White,385,10.0,73.0,0.2493506493506493,1.0126428935763,0.8453525384850713,1.1827228219636663,False,False,kept,0.065661662064632,0.083127565435944,0.1173868811923518,0.25,False,False,kept,single df,0.0753351769345829,0.0057877919834188,384,0.074394613750288,0.0034226027124533,384,1.0692931049639824e-05,9,0.0055555555555555,0.9888888888888888,kept,True
rep_022,Hispanic - White,385,7.0,73.0,0.3766233766233766,0.7519444350546477,0.4401743740903094,1.053781130068657,False,False,attenuated or kept,0.0487392316228472,0.0610008204491476,0.1117330326967233,0.25,False,False,attenuated or kept,single df,0.0412592107290719,0.0070462735287619,384,0.0548700260359974,0.0024027699159732,384,6.609352675950299e-06,9,0.0055555555555555,0.9888888888888888,unresolved,True
rep_022,Asian - White,376,4.0,73.0,0.375,1.0216955641881167,0.6844220805218922,1.357776748778276,False,False,undetermined,0.0535606884275831,0.0670370175984751,0.1117461485376844,0.25,False,False,undetermined,single df,0.0616070706490431,0.0083934043545719,375,0.0602988530130291,0.002640500718031,375,7.452215119029131e-06,9,0.0055555555555555,0.9888888888888888,unresolved,True
rep_022,Less than high school - Postgraduate,378,4.0,21.0,0.2830687830687831,1.1130197962334103,0.8065144620818917,1.423053174408922,False,False,kept or steepened,0.0741389531252531,0.090211501514139,0.0977943652431703,0.25,False,False,kept or steepened,single df,0.0914626547668023,0.0102886885761533,377,0.082175227319696,0.0031492773578426,377,9.227012105531578e-06,9,0.0055555555555555,0.9888888888888888,unresolved,True
rep_022,"Less than $30,000 - $100,000 or more",385,21.0,23.0,0.2389610389610389,1.1035539103875112,0.9228191443785616,1.287678174143194,False,False,kept or steepened,0.0565221721177537,0.0696021188076135,0.1037068006003678,0.25,False,False,kept or steepened,single df,0.0695924772227706,0.0050842111980667,384,0.0630621454626836,0.002563134586728,384,6.22588420007329e-06,9,0.0055555555555555,0.9888888888888888,unresolved,True
rep_022,18-29 - 65+,380,15.0,22.0,0.25,1.064434598442812,0.9029151058099896,1.2318069075902658,False,False,kept,0.0662196552818754,0.0832190824900499,0.1137551578769301,0.25,False,False,kept,single df,0.07953388141603,0.0054935014144842,379,0.0747193688859627,0.0033309784640319,379,9.33360972856386e-06,9,0.0055555555555555,0.9888888888888888,kept,True
rep_022,South - Northeast,385,37.0,18.0,0.4051948051948052,0.9331308674441218,0.4939671937140028,1.36521334718632,False,False,undetermined,0.0203681887866181,0.025600565542354,0.1138246365844662,0.25,False,False,undetermined,single df,0.0214474318011597,0.0040795360739707,384,0.022984377164486,0.0010253318420491,384,1.26458141606687e-06,9,0.0055555555555555,0.9888888888888888,unresolved,True
rep_023,Republican - Democrat,383,23.0,35.0,0.1879895561357702,1.0143649397646082,0.9364345704929364,1.0920436775120816,False,False,kept,0.101316575113117,0.1352634087968122,0.1434898807695391,0.25,False,False,kept,single df,0.1199892205641536,0.0076687084464166,382,0.1182899919549646,0.0066520213950462,382,4.5149856870166805e-05,9,0.0055555555555555,0.9888888888888888,kept,True
rep_023,Female - Male,384,55.0,44.0,0.2369791666666666,1.1129680684682977,0.9488165054477756,1.2819577961207034,False,False,kept or steepened,0.0377833623397615,0.053654242926846,0.1735706063255838,0.25,False,False,kept or steepened,single df,0.0508835674594714,0.0043522068727002,383,0.0457188026333037,0.0031100039412661,383,1.0011522671814716e-05,9,0.0055555555555555,0.9888888888888888,unresolved,True
rep_023,Black - White,385,10.0,73.0,0.2571428571428571,1.0606171714187318,0.8761413460910086,1.2463297136818978,False,False,kept,0.065661662064632,0.083127565435944,0.1173868811923518,0.25,False,False,kept,single df,0.0789042048046196,0.0063875366467217,384,0.074394613750288,0.0034226027124533,384,1.1905863966299582e-05,9,0.0055555555555555,0.9888888888888888,kept,True
rep_023,Hispanic - White,385,7.0,73.0,0.3454545454545454,0.9890602221662786,0.6925213809669404,1.2890156744238648,False,False,undetermined,0.0487392316228472,0.0610008204491476,0.1117330326967233,0.25,False,False,undetermined,single df,0.0542697601414331,0.0066876612869426,384,0.0548700260359974,0.0024027699159732,384,4.930007810633296e-06,9,0.0055555555555555,0.9888888888888888,unresolved,True
rep_023,Asian - White,376,4.0,73.0,0.3537234042553192,0.9631470529277366,0.5714141359165036,1.3478017837850658,False,False,undetermined,0.0535606884275831,0.0670370175984751,0.1117461485376844,0.25,False,False,undetermined,single df,0.0580766625744217,0.009659689010372,375,0.0602988530130291,0.002640500718031,375,8.666677741644022e-06,9,0.0055555555555555,0.9888888888888888,unresolved,True
rep_023,Less than high school - Postgraduate,378,4.0,21.0,0.3015873015873015,1.0433106606984026,0.7620049643210061,1.329655908524488,False,False,kept or steepened,0.0741389531252531,0.090211501514139,0.0977943652431703,0.25,False,False,kept or steepened,single df,0.0857342907079535,0.0093877707670738,377,0.082175227319696,0.0031492773578426,377,7.759391666503158e-06,9,0.0055555555555555,0.9888888888888888,unresolved,True
rep_023,"Less than $30,000 - $100,000 or more",385,21.0,23.0,0.2233766233766233,1.061979042958945,0.8944571309542532,1.2324928186521582,False,False,kept,0.0565221721177537,0.0696021188076135,0.1037068006003678,0.25,False,False,kept,single df,0.0669706768853985,0.0047697170770735,384,0.0630621454626836,0.002563134586728,384,6.072890982185314e-06,9,0.0055555555555555,0.9888888888888888,kept,True
rep_023,18-29 - 65+,380,15.0,22.0,0.25,1.0009680172668007,0.83992516178635,1.1601940564591595,False,False,kept,0.0662196552818754,0.0832190824900499,0.1137551578769301,0.25,False,False,kept,single df,0.0747916985252087,0.0058615763113965,379,0.0747193688859627,0.0033309784640319,379,1.1874980296714048e-05,9,0.0055555555555555,0.9888888888888888,kept,True
rep_023,South - Northeast,385,37.0,18.0,0.387012987012987,1.1100442658228222,0.6847626612961059,1.5349683082062038,False,False,undetermined,0.0203681887866181,0.025600565542354,0.1138246365844662,0.25,False,False,undetermined,single df,0.0255136760749467,0.0039750402906577,384,0.022984377164486,0.0010253318420491,384,1.181314571226317e-06,9,0.0055555555555555,0.9888888888888888,unresolved,True
rep_024,Republican - Democrat,383,23.0,35.0,0.2010443864229765,0.9450354323396032,0.8643543105230094,1.0229146676987793,False,False,kept,0.101316575113117,0.1352634087968122,0.1434898807695391,0.25,False,False,kept,single df,0.1117882336886081,0.0076366296531474,382,0.1182899919549646,0.0066520213950462,382,4.476607249789069e-05,9,0.0055555555555555,0.9888888888888888,kept,True
rep_024,Female - Male,384,55.0,44.0,0.28125,1.0833916791555582,0.9103154524261948,1.2599306740409149,False,False,kept or steepened,0.0377833623397615,0.053654242926846,0.1735706063255838,0.25,False,False,kept or steepened,single df,0.0495313703538765,0.0044382864695084,383,0.0457188026333037,0.0031100039412661,383,9.939588563264465e-06,9,0.0055555555555555,0.9888888888888888,unresolved,True
rep_024,Black - White,385,10.0,73.0,0.2233766233766233,0.9786123010948689,0.815732782784146,1.142601962959845,False,False,kept,0.065661662064632,0.083127565435944,0.1173868811923518,0.25,False,False,kept,single df,0.0728034841512333,0.0057185320981731,384,0.074394613750288,0.0034226027124533,384,1.0998300886789426e-05,9,0.0055555555555555,0.9888888888888888,kept,True
rep_024,Hispanic - White,385,7.0,73.0,0.2909090909090909,1.0627594713297008,0.8000646549951671,1.3263370895022193,False,False,kept or steepened,0.0487392316228472,0.0610008204491476,0.1117330326967233,0.25,False,False,kept or steepened,single df,0.0583136398618635,0.0061410500017093,384,0.0548700260359974,0.0024027699159732,384,5.93405690185249e-06,9,0.0055555555555555,0.9888888888888888,unresolved,True
rep_024,Asian - White,376,4.0,73.0,0.351063829787234,1.0689410175352745,0.7224023322784996,1.4236090055886124,False,False,undetermined,0.0535606884275831,0.0670370175984751,0.1117461485376844,0.25,False,False,undetermined,single df,0.0644559172959573,0.0084227826052699,375,0.0602988530130291,0.002640500718031,375,5.211754402600891e-06,9,0.0055555555555555,0.9888888888888888,unresolved,True
rep_024,Less than high school - Postgraduate,378,4.0,21.0,0.3121693121693121,0.8270668239961705,0.5179183985503312,1.1335237171698351,False,False,attenuated or kept,0.0741389531252531,0.090211501514139,0.0977943652431703,0.25,False,False,attenuated or kept,single df,0.0679644042704643,0.0103140988822647,377,0.082175227319696,0.0031492773578426,377,9.585067385527472e-06,9,0.0055555555555555,0.9888888888888888,unresolved,True
rep_024,"Less than $30,000 - $100,000 or more",385,21.0,23.0,0.2753246753246753,1.0552077360125351,0.8732906928666273,1.2350043072308332,False,False,kept,0.0565221721177537,0.0696021188076135,0.1037068006003678,0.25,False,False,kept,single df,0.0665436637417716,0.0053321390493324,384,0.0630621454626836,0.002563134586728,384,7.5730253656097025e-06,9,0.0055555555555555,0.9888888888888888,kept,True
rep_024,18-29 - 65+,380,15.0,22.0,0.2263157894736842,1.032271977172236,0.8661358416211931,1.2040196219490362,False,False,kept,0.0662196552818754,0.0832190824900499,0.1137551578769301,0.25,False,False,kept,single df,0.0771307106529743,0.0055740145865692,379,0.0747193688859627,0.0033309784640319,379,9.078866030774802e-06,9,0.0055555555555555,0.9888888888888888,kept,True
rep_024,South - Northeast,385,37.0,18.0,0.3922077922077922,1.1631179383808905,0.6825679624396798,1.64893000868857,False,False,undetermined,0.0203681887866181,0.025600565542354,0.1138246365844662,0.25,False,False,undetermined,single df,0.0267335413825258,0.0044306032176812,384,0.022984377164486,0.0010253318420491,384,1.0120645282797086e-06,9,0.0055555555555555,0.9888888888888888,unresolved,True
rep_025,Republican - Democrat,383,23.0,35.0,0.2088772845953002,0.9617295956833912,0.8802427377200641,1.0411628416241547,False,False,kept,0.101316575113117,0.1352634087968122,0.1434898807695391,0.25,False,False,kept,single df,0.1137629861362397,0.0076621783870034,382,0.1182899919549646,0.0066520213950462,382,4.471726107016084e-05,9,0.0055555555555555,0.9888888888888888,kept,True
rep_025,Female - Male,384,55.0,44.0,0.2317708333333333,1.1505120679010494,0.9974810415143194,1.3144451454530333,False,False,kept or steepened,0.0377833623397615,0.053654242926846,0.1735706063255838,0.25,False,False,kept or steepened,single df,0.0526000341596022,0.0040876208291689,383,0.0457188026333037,0.0031100039412661,383,9.430579931109458e-06,9,0.0055555555555555,0.9888888888888888,unresolved,True
rep_025,Black - White,385,10.0,73.0,0.2701298701298701,1.0100055509199677,0.8339994995312844,1.1860926396896112,False,False,kept,0.065661662064632,0.083127565435944,0.1173868811923518,0.25,False,False,kept,single df,0.0751389728463378,0.0061534535082623,384,0.074394613750288,0.0034226027124533,384,1.179744584661454e-05,9,0.0055555555555555,0.9888888888888888,kept,True
rep_025,Hispanic - White,385,7.0,73.0,0.335064935064935,1.0347099069428505,0.7423083460423306,1.325928226282057,False,False,undetermined,0.0487392316228472,0.0610008204491476,0.1117330326967233,0.25,False,False,undetermined,single df,0.0567745595336586,0.0067547816401648,384,0.0548700260359974,0.0024027699159732,384,6.24387125321188e-06,9,0.0055555555555555,0.9888888888888888,unresolved,True
rep_025,Asian - White,376,4.0,73.0,0.3723404255319149,0.9521479834887652,0.5900533578364585,1.314329256446895,False,False,undetermined,0.0535606884275831,0.0670370175984751,0.1117461485376844,0.25,False,False,undetermined,single df,0.0574134313030411,0.0088648423714931,375,0.0602988530130291,0.002640500718031,375,6.614720354463997e-06,9,0.0055555555555555,0.9888888888888888,unresolved,True
rep_025,Less than high school - Postgraduate,378,4.0,21.0,0.3015873015873015,1.046930007198162,0.7636661450546904,1.3311334266347563,False,False,kept or steepened,0.0741389531252531,0.090211501514139,0.0977943652431703,0.25,False,False,kept or steepened,single df,0.08603171132932,0.0096201928959637,377,0.082175227319696,0.0031492773578426,377,9.900878749616252e-06,9,0.0055555555555555,0.9888888888888888,unresolved,True
rep_025,"Less than $30,000 - $100,000 or more",385,21.0,23.0,0.2909090909090909,0.9965736172910228,0.8177042437138882,1.1782285875869722,False,False,kept,0.0565221721177537,0.0696021188076135,0.1037068006003678,0.25,False,False,kept,single df,0.0628460704178793,0.0049478810684691,384,0.0630621454626836,0.002563134586728,384,5.705520278560007e-06,9,0.0055555555555555,0.9888888888888888,kept,True
rep_025,18-29 - 65+,380,15.0,22.0,0.2710526315789474,0.9467651469971884,0.7767191403171207,1.1124530321654071,False,False,kept,0.0662196552818754,0.0832190824900499,0.1137551578769301,0.25,False,False,kept,single df,0.0707416942668556,0.0061059721589135,379,0.0747193688859627,0.0033309784640319,379,1.2348981041606526e-05,9,0.0055555555555555,0.9888888888888888,kept,True
rep_025,South - Northeast,385,37.0,18.0,0.4597402597402597,0.584079779244371,0.0918162214374975,1.0597075465486967,False,False,undetermined,0.0203681887866181,0.025600565542354,0.1138246365844662,0.25,False,False,undetermined,single df,0.0134247099403023,0.0044597444113998,384,0.022984377164486,0.0010253318420491,384,1.280248756886994e-06,9,0.0055555555555555,0.9888888888888888,unresolved,True
rep_026,Republican - Democrat,383,23.0,35.0,0.1775456919060052,1.0099544632354125,0.9293634306033894,1.090765512708041,False,False,kept,0.101316575113117,0.1352634087968122,0.1434898807695391,0.25,False,False,kept,single df,0.1194675053309975,0.0076403807241675,382,0.1182899919549646,0.0066520213950462,382,4.445831185172541e-05,9,0.0055555555555555,0.9888888888888888,kept,True
rep_026,Female - Male,384,55.0,44.0,0.265625,1.026304584195255,0.8635142868799813,1.1904531158102627,False,False,kept,0.0377833623397615,0.053654242926846,0.1735706063255838,0.25,False,False,kept,single df,0.0469214167264777,0.0042513674259008,383,0.0457188026333037,0.0031100039412661,383,9.715085257708622e-06,9,0.0055555555555555,0.9888888888888888,kept,True
rep_026,Black - White,385,10.0,73.0,0.2389610389610389,0.9892444543813892,0.8190439454107187,1.1609854319424484,False,False,kept,0.065661662064632,0.083127565435944,0.1173868811923518,0.25,False,False,kept,single df,0.0735944590883179,0.0058900360320876,384,0.074394613750288,0.0034226027124533,384,1.0942457342607788e-05,9,0.0055555555555555,0.9888888888888888,kept,True
rep_026,Hispanic - White,385,7.0,73.0,0.3324675324675324,1.0960306020912691,0.8252473333932807,1.3675332765318873,False,False,kept or steepened,0.0487392316228472,0.0610008204491476,0.1117330326967233,0.25,False,False,kept or steepened,single df,0.0601392276729979,0.0063363349172661,384,0.0548700260359974,0.0024027699159732,384,6.163450512445715e-06,9,0.0055555555555555,0.9888888888888888,unresolved,True
rep_026,Asian - White,376,4.0,73.0,0.3670212765957447,1.008698297580066,0.6553103282549197,1.3666949758756783,False,False,undetermined,0.0535606884275831,0.0670370175984751,0.1117461485376844,0.25,False,False,undetermined,single df,0.0608233503802731,0.0086189741581367,375,0.0602988530130291,0.002640500718031,375,5.762318128713763e-06,9,0.0055555555555555,0.9888888888888888,unresolved,True
rep_026,Less than high school - Postgraduate,378,4.0,21.0,0.2698412698412698,1.2977061860618444,1.0024081852259594,1.596547490941805,False,False,kept or steepened,0.0741389531252531,0.090211501514139,0.0977943652431703,0.25,False,False,kept or steepened,single df,0.1066393008338079,0.0101301417215439,377,0.082175227319696,0.0031492773578426,377,1.1050885166410251e-05,9,0.0055555555555555,0.9888888888888888,unresolved,True
rep_026,"Less than $30,000 - $100,000 or more",385,21.0,23.0,0.2467532467532467,1.0233208987831146,0.8486666013140939,1.1977458236436729,False,False,kept,0.0565221721177537,0.0696021188076135,0.1037068006003678,0.25,False,False,kept,single df,0.0645328113740649,0.0050428221889314,384,0.0630621454626836,0.002563134586728,384,6.792170934430153e-06,9,0.0055555555555555,0.9888888888888888,kept,True
rep_026,18-29 - 65+,380,15.0,22.0,0.2631578947368421,0.9606467119359168,0.8004970530257374,1.120183712808099,False,False,kept,0.0662196552818754,0.0832190824900499,0.1137551578769301,0.25,False,False,kept,single df,0.0717789160382269,0.0056886946268248,379,0.0747193688859627,0.0033309784640319,379,1.0918034889365935e-05,9,0.0055555555555555,0.9888888888888888,kept,True
rep_026,South - Northeast,385,37.0,18.0,0.3766233766233766,1.0649857495815822,0.5949602138123606,1.527373205527379,False,False,undetermined,0.0203681887866181,0.025600565542354,0.1138246365844662,0.25,False,False,undetermined,single df,0.0244780341431859,0.0043875677112477,384,0.022984377164486,0.0010253318420491,384,1.425502403925756e-06,9,0.0055555555555555,0.9888888888888888,unresolved,True
rep_027,Republican - Democrat,383,23.0,35.0,0.1801566579634465,0.9814539693702647,0.9010165825269664,1.0605592236603596,False,False,kept,0.101316575113117,0.1352634087968122,0.1434898807695391,0.25,False,False,kept,single df,0.1160961821409767,0.0076660784882828,382,0.1182899919549646,0.0066520213950462,382,4.483073483440408e-05,9,0.0055555555555555,0.9888888888888888,kept,True
rep_027,Female - Male,384,55.0,44.0,0.2578125,1.070620947965849,0.9059796255647918,1.2384061865541895,False,False,kept,0.0377833623397615,0.053654242926846,0.1735706063255838,0.25,False,False,kept,single df,0.0489475078151312,0.0043174016383545,383,0.0457188026333037,0.0031100039412661,383,9.865709813342275e-06,9,0.0055555555555555,0.9888888888888888,kept,True
rep_027,Black - White,385,10.0,73.0,0.2857142857142857,0.8858471219825657,0.7071888493896894,1.0600678178227776,False,False,attenuated or kept,0.065661662064632,0.083127565435944,0.1173868811923518,0.25,False,False,attenuated or kept,single df,0.0659022544816972,0.0062115999657724,384,0.074394613750288,0.0034226027124533,384,1.2237215925870317e-05,9,0.0055555555555555,0.9888888888888888,unresolved,True
rep_027,Hispanic - White,385,7.0,73.0,0.3506493506493506,0.9524103080010092,0.6716469572803005,1.232482040663846,False,False,attenuated or kept,0.0487392316228472,0.0610008204491476,0.1117330326967233,0.25,False,False,attenuated or kept,single df,0.0522587783969677,0.0064379850003662,384,0.0548700260359974,0.0024027699159732,384,5.65647514936774e-06,9,0.0055555555555555,0.9888888888888888,unresolved,True
rep_027,Asian - White,376,4.0,73.0,0.3297872340425531,1.0174037712098982,0.6792259385072841,1.3535757899936147,False,False,undetermined,0.0535606884275831,0.0670370175984751,0.1117461485376844,0.25,False,False,undetermined,single df,0.0613482804550871,0.0084277090826166,375,0.0602988530130291,0.002640500718031,375,7.646569172731588e-06,9,0.0055555555555555,0.9888888888888888,unresolved,True
rep_027,Less than high school - Postgraduate,378,4.0,21.0,0.3174603174603174,0.9344090399437964,0.6292225631456572,1.2393919718287911,False,False,attenuated or kept,0.0741389531252531,0.090211501514139,0.0977943652431703,0.25,False,False,attenuated or kept,single df,0.0767852752669604,0.0102203576096074,377,0.082175227319696,0.0031492773578426,377,9.37195255978564e-06,9,0.0055555555555555,0.9888888888888888,unresolved,True
rep_027,"Less than $30,000 - $100,000 or more",385,21.0,23.0,0.2519480519480519,0.9953030313087488,0.8166812349110105,1.176179540654226,False,False,kept,0.0565221721177537,0.0696021188076135,0.1037068006003678,0.25,False,False,kept,single df,0.0627659445398423,0.0049674067539801,384,0.0630621454626836,0.002563134586728,384,5.857571949645514e-06,9,0.0055555555555555,0.9888888888888888,kept,True
rep_027,18-29 - 65+,380,15.0,22.0,0.2394736842105263,1.1105195290690812,0.947920271232204,1.2756206994904096,False,False,kept or steepened,0.0662196552818754,0.0832190824900499,0.1137551578769301,0.25,False,False,kept or steepened,single df,0.0829773183475782,0.0058354305720833,379,0.0747193688859627,0.0033309784640319,379,1.1262943410679206e-05,9,0.0055555555555555,0.9888888888888888,unresolved,True
rep_027,South - Northeast,385,37.0,18.0,0.4051948051948052,0.9254547826674844,0.4429046911720068,1.4045547178841684,False,False,undetermined,0.0203681887866181,0.025600565542354,0.1138246365844662,0.25,False,False,undetermined,single df,0.0212710017735069,0.0044353968756473,384,0.022984377164486,0.0010253318420491,384,1.1111017325865906e-06,9,0.0055555555555555,0.9888888888888888,unresolved,True
rep_028,Republican - Democrat,383,23.0,35.0,0.2245430809399478,0.9893056179110552,0.9008804715842744,1.0742157782932946,False,False,kept,0.101316575113117,0.1352634087968122,0.1434898807695391,0.25,False,False,kept,single df,0.1170249535837,0.008150550483401,382,0.1182899919549646,0.0066520213950462,382,4.747549938378578e-05,9,0.0055555555555555,0.9888888888888888,kept,True
rep_028,Female - Male,384,55.0,44.0,0.2526041666666667,1.000012309665672,0.830771742365605,1.1681912393370375,False,False,kept,0.0377833623397615,0.053654242926846,0.1735706063255838,0.25,False,False,kept,single df,0.0457193654164791,0.004343445930241,383,0.0457188026333037,0.0031100039412661,383,9.837527571335974e-06,9,0.0055555555555555,0.9888888888888888,kept,True
rep_028,Black - White,385,10.0,73.0,0.2597402597402597,1.1747481194577842,1.0041872987555869,1.3494862071864953,False,False,kept or steepened,0.065661662064632,0.083127565435944,0.1173868811923518,0.25,False,False,kept or steepened,single df,0.0873949326009391,0.0060859538105481,384,0.074394613750288,0.0034226027124533,384,1.2010149036242e-05,9,0.0055555555555555,0.9888888888888888,unresolved,True
rep_028,Hispanic - White,385,7.0,73.0,0.3090909090909091,1.0838560231352437,0.8055816977700633,1.362776589846122,False,False,kept or steepened,0.0487392316228472,0.0610008204491476,0.1117330326967233,0.25,False,False,kept or steepened,single df,0.0594712082087034,0.0064736082503794,384,0.0548700260359974,0.0024027699159732,384,6.1098690738340976e-06,9,0.0055555555555555,0.9888888888888888,unresolved,True
rep_028,Asian - White,376,4.0,73.0,0.3324468085106383,1.143033173029492,0.7784717238836183,1.510161749543138,False,False,kept or steepened,0.0535606884275831,0.0670370175984751,0.1117461485376844,0.25,False,False,kept or steepened,single df,0.0689235892895216,0.0090160169711032,375,0.0602988530130291,0.002640500718031,375,7.261776228419093e-06,9,0.0055555555555555,0.9888888888888888,unresolved,True
rep_028,Less than high school - Postgraduate,378,4.0,21.0,0.3227513227513227,1.1034345114823936,0.8166922631310746,1.393152290297919,False,False,kept or steepened,0.0741389531252531,0.090211501514139,0.0977943652431703,0.25,False,False,kept or steepened,single df,0.0906749818134634,0.00969693953943,377,0.082175227319696,0.0031492773578426,377,9.41569429060821e-06,9,0.0055555555555555,0.9888888888888888,unresolved,True
rep_028,"Less than $30,000 - $100,000 or more",385,21.0,23.0,0.2883116883116883,0.962473068420102,0.7673737609020669,1.1560758161622018,False,False,kept,0.0565221721177537,0.0696021188076135,0.1037068006003678,0.25,False,False,kept,single df,0.0606956166446239,0.005457162877378,384,0.0630621454626836,0.002563134586728,384,6.775284039550042e-06,9,0.0055555555555555,0.9888888888888888,kept,True
rep_028,18-29 - 65+,380,15.0,22.0,0.2473684210526315,1.0274133651786943,0.8606298179918159,1.192451267259299,False,False,kept,0.0662196552818754,0.0832190824900499,0.1137551578769301,0.25,False,False,kept,single df,0.0767676782311551,0.0060436756396148,379,0.0747193688859627,0.0033309784640319,379,1.2138284961929583e-05,9,0.0055555555555555,0.9888888888888888,kept,True
rep_028,South - Northeast,385,37.0,18.0,0.3584415584415584,1.2627231188998274,0.8147945816471153,1.7364898694730158,False,False,kept or steepened,0.0203681887866181,0.025600565542354,0.1138246365844662,0.25,False,False,kept or steepened,single df,0.0290229044191098,0.0040074792709628,384,0.022984377164486,0.0010253318420491,384,2.927817153997717e-07,9,0.0055555555555555,0.9888888888888888,unresolved,True
rep_029,Republican - Democrat,383,23.0,35.0,0.1984334203655352,0.967444336623318,0.8857060425668579,1.0474134719950865,False,False,kept,0.101316575113117,0.1352634087968122,0.1434898807695391,0.25,False,False,kept,single df,0.1144389827960483,0.0076665837712478,382,0.1182899919549646,0.0066520213950462,382,4.467076327022939e-05,9,0.0055555555555555,0.9888888888888888,kept,True
rep_029,Female - Male,384,55.0,44.0,0.2682291666666667,1.0523542220829056,0.8886879295919751,1.21781199936751,False,False,kept,0.0377833623397615,0.053654242926846,0.1735706063255838,0.25,False,False,kept,single df,0.0481123749797322,0.004307710057989,383,0.0457188026333037,0.0031100039412661,383,9.899588795232949e-06,9,0.0055555555555555,0.9888888888888888,kept,True
rep_029,Black - White,385,10.0,73.0,0.2779220779220779,1.0380357235421815,0.8502340956840518,1.2234029671677105,False,False,kept,0.065661662064632,0.083127565435944,0.1173868811923518,0.25,False,False,kept,single df,0.0772242667119213,0.0066277634656808,384,0.074394613750288,0.0034226027124533,384,1.3180253468886356e-05,9,0.0055555555555555,0.9888888888888888,kept,True
rep_029,Hispanic - White,385,7.0,73.0,0.2753246753246753,1.2212138387641718,0.9421122825129822,1.5050121471980271,False,False,kept or steepened,0.0487392316228472,0.0610008204491476,0.1117330326967233,0.25,False,False,kept or steepened,single df,0.0670080351285105,0.0064933144279645,384,0.0548700260359974,0.0024027699159732,384,5.977998178185891e-06,9,0.0055555555555555,0.9888888888888888,unresolved,True
rep_029,Asian - White,376,4.0,73.0,0.3297872340425531,0.9701058755786331,0.6387388498284092,1.3063523640973462,False,False,undetermined,0.0535606884275831,0.0670370175984751,0.1117461485376844,0.25,False,False,undetermined,single df,0.0584962715985919,0.0080862108232505,375,0.0602988530130291,0.002640500718031,375,5.418598371321012e-06,9,0.0055555555555555,0.9888888888888888,unresolved,True
rep_029,Less than high school - Postgraduate,378,4.0,21.0,0.3333333333333333,0.8864242397777752,0.5624443068549675,1.203312814849446,False,False,attenuated or kept,0.0741389531252531,0.090211501514139,0.0977943652431703,0.25,False,False,attenuated or kept,single df,0.0728421134054274,0.0109407099597261,377,0.082175227319696,0.0031492773578426,377,1.2433342984418196e-05,9,0.0055555555555555,0.9888888888888888,unresolved,True
rep_029,"Less than $30,000 - $100,000 or more",385,21.0,23.0,0.2779220779220779,0.9582127434987084,0.7832844469325494,1.1321834580521803,False,False,kept,0.0565221721177537,0.0696021188076135,0.1037068006003678,0.25,False,False,kept,single df,0.0604269514147127,0.0049975963583402,384,0.0630621454626836,0.002563134586728,384,6.5844506856478506e-06,9,0.0055555555555555,0.9888888888888888,kept,True
rep_029,18-29 - 65+,380,15.0,22.0,0.2368421052631578,1.061644871470853,0.8894784867698315,1.234186208176059,False,False,kept,0.0662196552818754,0.0832190824900499,0.1137551578769301,0.25,False,False,kept,single df,0.0793254347773211,0.0061081795516216,379,0.0747193688859627,0.0033309784640319,379,1.1620724662344524e-05,9,0.0055555555555555,0.9888888888888888,kept,True
rep_029,South - Northeast,385,37.0,18.0,0.3584415584415584,1.074635666751204,0.6247721246054263,1.5224127419888744,False,False,undetermined,0.0203681887866181,0.025600565542354,0.1138246365844662,0.25,False,False,undetermined,single df,0.0246998314790186,0.0041865774551513,384,0.022984377164486,0.0010253318420491,384,1.2133256300312895e-06,9,0.0055555555555555,0.9888888888888888,unresolved,True
rep_030,Republican - Democrat,383,23.0,35.0,0.2036553524804177,1.001981349849688,0.9184069246435468,1.0864821090236882,False,False,kept,0.101316575113117,0.1352634087968122,0.1434898807695391,0.25,False,False,kept,single df,0.1185243658127442,0.0075720649730467,382,0.1182899919549646,0.0066520213950462,382,4.336214628258353e-05,9,0.0055555555555555,0.9888888888888888,kept,True
rep_030,Female - Male,384,55.0,44.0,0.2526041666666667,1.0319794052928888,0.863035533549536,1.2032370550819365,False,False,kept,0.0377833623397615,0.053654242926846,0.1735706063255838,0.25,False,False,kept,single df,0.0471808627522197,0.0043088451953202,383,0.0457188026333037,0.0031100039412661,383,9.621206358058631e-06,9,0.0055555555555555,0.9888888888888888,kept,True
rep_030,Black - White,385,10.0,73.0,0.2389610389610389,1.0736764637048757,0.904504354374298,1.244067745619301,False,False,kept,0.065661662064632,0.083127565435944,0.1173868811923518,0.25,False,False,kept,single df,0.0798757458100993,0.0060476054542737,384,0.074394613750288,0.0034226027124533,384,1.206619778321324e-05,9,0.0055555555555555,0.9888888888888888,kept,True
rep_030,Hispanic - White,385,7.0,73.0,0.3688311688311688,0.8184870173387611,0.5364801391915102,1.0984209166265977,False,False,attenuated or kept,0.0487392316228472,0.0610008204491476,0.1117330326967233,0.25,False,False,attenuated or kept,single df,0.0449104039515037,0.0063791656224506,384,0.0548700260359974,0.0024027699159732,384,5.198710384321417e-06,9,0.0055555555555555,0.9888888888888888,unresolved,True
rep_030,Asian - White,376,4.0,73.0,0.375,0.7992586774535342,0.4354305710053066,1.1635930481904329,False,False,attenuated or kept,0.0535606884275831,0.0670370175984751,0.1117461485376844,0.25,False,False,attenuated or kept,single df,0.0481943815111587,0.0087931192431327,375,0.0602988530130291,0.002640500718031,375,5.4330548147558764e-06,9,0.0055555555555555,0.9888888888888888,unresolved,True
rep_030,Less than high school - Postgraduate,378,4.0,21.0,0.3306878306878307,0.9899747457627812,0.6991014726349766,1.2801459388747525,False,False,undetermined,0.0741389531252531,0.090211501514139,0.0977943652431703,0.25,False,False,undetermined,single df,0.0813513997738149,0.0098552489177339,377,0.082175227319696,0.0031492773578426,377,1.017907772868656e-05,9,0.0055555555555555,0.9888888888888888,unresolved,True
rep_030,"Less than $30,000 - $100,000 or more",385,21.0,23.0,0.2597402597402597,1.0002473445540323,0.8277759169091037,1.1710576241108268,False,False,kept,0.0565221721177537,0.0696021188076135,0.1037068006003678,0.25,False,False,kept,single df,0.0630777435409294,0.0050377294554482,384,0.0630621454626836,0.002563134586728,384,7.073176169051044e-06,9,0.0055555555555555,0.9888888888888888,kept,True
rep_030,18-29 - 65+,380,15.0,22.0,0.2605263157894736,0.99682654661019,0.8209881308979242,1.1738214691769535,False,False,kept,0.0662196552818754,0.0832190824900499,0.1137551578769301,0.25,False,False,kept,single df,0.074482250451487,0.0060323826433324,379,0.0747193688859627,0.0033309784640319,379,1.0570807690811469e-05,9,0.0055555555555555,0.9888888888888888,kept,True
rep_030,South - Northeast,385,37.0,18.0,0.4181818181818181,0.7382012950653049,0.2762312923249497,1.1950116025363462,False,False,attenuated or kept,0.0203681887866181,0.025600565542354,0.1138246365844662,0.25,False,False,attenuated or kept,single df,0.016967096989093,0.0042166498221021,384,0.022984377164486,0.0010253318420491,384,9.827019137951788e-07,9,0.0055555555555555,0.9888888888888888,unresolved,True
rep_031,Republican - Democrat,383,23.0,35.0,0.1749347258485639,0.979820652073648,0.8985563724236433,1.0603844289842694,False,False,kept,0.101316575113117,0.1352634087968122,0.1434898807695391,0.25,False,False,kept,single df,0.1159029770510999,0.007596506880979,382,0.1182899919549646,0.0066520213950462,382,4.409370568204168e-05,9,0.0055555555555555,0.9888888888888888,kept,True
rep_031,Female - Male,384,55.0,44.0,0.2786458333333333,0.9347972411782516,0.772003116917143,1.0927440661896088,False,False,kept,0.0377833623397615,0.053654242926846,0.1735706063255838,0.25,False,False,kept,single df,0.0427378105715853,0.0042271983424727,383,0.0457188026333037,0.0031100039412661,383,9.796140528246257e-06,9,0.0055555555555555,0.9888888888888888,kept,True
rep_031,Black - White,385,10.0,73.0,0.2727272727272727,1.0482963116634167,0.8801558838398255,1.2181375245977533,False,False,kept,0.065661662064632,0.083127565435944,0.1173868811923518,0.25,False,False,kept,single df,0.0779875992020514,0.0059430959081881,384,0.074394613750288,0.0034226027124533,384,1.1566999011768596e-05,9,0.0055555555555555,0.9888888888888888,kept,True
rep_031,Hispanic - White,385,7.0,73.0,0.3402597402597402,0.8317707291295884,0.541959221457017,1.1172122583382145,False,False,attenuated or kept,0.0487392316228472,0.0610008204491476,0.1117330326967233,0.25,False,False,attenuated or kept,single df,0.045639281563321,0.00659030025071,384,0.0548700260359974,0.0024027699159732,384,5.799889991685984e-06,9,0.0055555555555555,0.9888888888888888,unresolved,True
rep_031,Asian - White,376,4.0,73.0,0.3484042553191489,0.9959012991321822,0.645763062415104,1.3468504792485223,False,False,undetermined,0.0535606884275831,0.0670370175984751,0.1117461485376844,0.25,False,False,undetermined,single df,0.0600517060518562,0.0086153206134336,375,0.0602988530130291,0.002640500718031,375,6.720098337426874e-06,9,0.0055555555555555,0.9888888888888888,unresolved,True
rep_031,Less than high school - Postgraduate,378,4.0,21.0,0.3042328042328042,1.0585957187767625,0.7756585313468197,1.3459895239938142,False,False,kept or steepened,0.0741389531252531,0.090211501514139,0.0977943652431703,0.25,False,False,kept or steepened,single df,0.0869903438301375,0.0094756608576397,377,0.082175227319696,0.0031492773578426,377,8.210359145065454e-06,9,0.0055555555555555,0.9888888888888888,unresolved,True
rep_031,"Less than $30,000 - $100,000 or more",385,21.0,23.0,0.2675324675324675,0.9577096038662328,0.7801906607249255,1.137163646476345,False,False,kept,0.0565221721177537,0.0696021188076135,0.1037068006003678,0.25,False,False,kept,single df,0.0603952223500215,0.0049148591049558,384,0.0630621454626836,0.002563134586728,384,5.707162625074157e-06,9,0.0055555555555555,0.9888888888888888,kept,True
rep_031,18-29 - 65+,380,15.0,22.0,0.2947368421052631,0.9207037377765324,0.739312469249806,1.097815929886132,False,False,attenuated or kept,0.0662196552818754,0.0832190824900499,0.1137551578769301,0.25,False,False,attenuated or kept,single df,0.0687944022176094,0.0063190146049173,379,0.0747193688859627,0.0033309784640319,379,1.2026369309399949e-05,9,0.0055555555555555,0.9888888888888888,unresolved,True
rep_031,South - Northeast,385,37.0,18.0,0.3974025974025974,1.0752419787983132,0.5952477135118609,1.552835961052122,False,False,undetermined,0.0203681887866181,0.025600565542354,0.1138246365844662,0.25,False,False,undetermined,single df,0.0247137671837887,0.0044477868928377,384,0.022984377164486,0.0010253318420491,384,1.226530236680206e-06,9,0.0055555555555555,0.9888888888888888,unresolved,True
rep_032,Republican - Democrat,383,23.0,35.0,0.206266318537859,0.9686149080575568,0.8937548559262667,1.042062341739605,False,False,kept,0.101316575113117,0.1352634087968122,0.1434898807695391,0.25,False,False,kept,single df,0.1145774496815871,0.0074812295507994,382,0.1182899919549646,0.0066520213950462,382,4.434732122763547e-05,9,0.0055555555555555,0.9888888888888888,kept,True
rep_032,Female - Male,384,55.0,44.0,0.2578125,0.99285728636412,0.8369015778214338,1.1467654137365306,False,False,kept,0.0377833623397615,0.053654242926846,0.1735706063255838,0.25,False,False,kept,single df,0.0453922463183187,0.0042001620250363,383,0.0457188026333037,0.0031100039412661,383,9.921822647380857e-06,9,0.0055555555555555,0.9888888888888888,kept,True
rep_032,Black - White,385,10.0,73.0,0.2701298701298701,0.9829286311588904,0.818292834507803,1.1454081913435947,False,False,kept,0.065661662064632,0.083127565435944,0.1173868811923518,0.25,False,False,kept,single df,0.0731245958591649,0.0059599967646468,384,0.074394613750288,0.0034226027124533,384,1.241811884160234e-05,9,0.0055555555555555,0.9888888888888888,kept,True
rep_032,Hispanic - White,385,7.0,73.0,0.3506493506493506,0.9461600453860384,0.6718679673137006,1.2159836260974113,False,False,attenuated or kept,0.0487392316228472,0.0610008204491476,0.1117330326967233,0.25,False,False,attenuated or kept,single df,0.0519158263245524,0.0063951323667673,384,0.0548700260359974,0.0024027699159732,384,6.482789659324465e-06,9,0.0055555555555555,0.9888888888888888,unresolved,True
rep_032,Asian - White,376,4.0,73.0,0.3404255319148936,1.103027913507315,0.740737991652584,1.4584999809876764,False,False,undetermined,0.0535606884275831,0.0670370175984751,0.1117461485376844,0.25,False,False,undetermined,single df,0.0665113180258458,0.0091453927575317,375,0.0602988530130291,0.002640500718031,375,9.57019050619786e-06,9,0.0055555555555555,0.9888888888888888,unresolved,True
rep_032,Less than high school - Postgraduate,378,4.0,21.0,0.3333333333333333,0.8642406534010361,0.5736540062949533,1.1563764769726024,False,False,attenuated or kept,0.0741389531252531,0.090211501514139,0.0977943652431703,0.25,False,False,attenuated or kept,single df,0.0710191721521528,0.0096553390032382,377,0.082175227319696,0.0031492773578426,377,7.775899596532172e-06,9,0.0055555555555555,0.9888888888888888,unresolved,True
rep_032,"Less than $30,000 - $100,000 or more",385,21.0,23.0,0.2467532467532467,0.9041683679688264,0.7185432454366962,1.087649890056243,False,False,attenuated or kept,0.0565221721177537,0.0696021188076135,0.1037068006003678,0.25,False,False,attenuated or kept,single df,0.0570187971436074,0.0052079523566201,384,0.0630621454626836,0.002563134586728,384,6.587736188416691e-06,9,0.0055555555555555,0.9888888888888888,unresolved,True
rep_032,18-29 - 65+,380,15.0,22.0,0.2552631578947368,0.9831417162522768,0.8132302264128106,1.1525092101391898,False,False,kept,0.0662196552818754,0.0832190824900499,0.1137551578769301,0.25,False,False,kept,single df,0.0734597285638323,0.0059609271581357,379,0.0747193688859627,0.0033309784640319,379,1.1138570617412178e-05,9,0.0055555555555555,0.9888888888888888,kept,True
rep_032,South - Northeast,385,37.0,18.0,0.4155844155844156,0.9188717508807294,0.4592048095376679,1.3827645010874443,False,False,undetermined,0.0203681887866181,0.025600565542354,0.1138246365844662,0.25,False,False,undetermined,single df,0.0211196948880343,0.0042018212491745,384,0.022984377164486,0.0010253318420491,384,7.967866383704243e-07,9,0.0055555555555555,0.9888888888888888,unresolved,True
rep_033,Republican - Democrat,383,23.0,35.0,0.1827676240208877,1.0076024613643966,0.9244555079141517,1.0898973069835765,False,False,kept,0.101316575113117,0.1352634087968122,0.1434898807695391,0.25,False,False,kept,single df,0.119189287048597,0.0078188769753452,382,0.1182899919549646,0.0066520213950462,382,4.548258983226492e-05,9,0.0055555555555555,0.9888888888888888,kept,True
rep_033,Female - Male,384,55.0,44.0,0.2786458333333333,0.9306674592294248,0.7640483659811659,1.0919757454566144,False,False,kept,0.0377833623397615,0.053654242926846,0.1735706063255838,0.25,False,False,kept,single df,0.0425490018857483,0.0042761301190383,383,0.0457188026333037,0.0031100039412661,383,9.828359254777976e-06,9,0.0055555555555555,0.9888888888888888,kept,True
rep_033,Black - White,385,10.0,73.0,0.2727272727272727,0.946355878975314,0.7720676375779082,1.119195680444644,False,False,kept,0.065661662064632,0.083127565435944,0.1173868811923518,0.25,False,False,kept,single df,0.0704037800866828,0.006074212284917,384,0.074394613750288,0.0034226027124533,384,1.1692992029403634e-05,9,0.0055555555555555,0.9888888888888888,kept,True
rep_033,Hispanic - White,385,7.0,73.0,0.2987012987012987,1.0716090109809806,0.8066885271081693,1.3357074338694208,False,False,kept or steepened,0.0487392316228472,0.0610008204491476,0.1117330326967233,0.25,False,False,kept or steepened,single df,0.0587992143329358,0.006243652798549,384,0.0548700260359974,0.0024027699159732,384,6.374430284317275e-06,9,0.0055555555555555,0.9888888888888888,unresolved,True
rep_033,Asian - White,376,4.0,73.0,0.3457446808510638,0.9950078369826592,0.6532993667128627,1.3309303300878002,False,False,undetermined,0.0535606884275831,0.0670370175984751,0.1117461485376844,0.25,False,False,undetermined,single df,0.0599978313090294,0.0085655466759143,375,0.0602988530130291,0.002640500718031,375,8.53257048274844e-06,9,0.0055555555555555,0.9888888888888888,unresolved,True
rep_033,Less than high school - Postgraduate,378,4.0,21.0,0.3015873015873015,1.19094668686651,0.8986130862748938,1.4877542300657896,False,False,kept or steepened,0.0741389531252531,0.090211501514139,0.0977943652431703,0.25,False,False,kept or steepened,single df,0.0978663147188943,0.0098850528999544,377,0.082175227319696,0.0031492773578426,377,9.514111823319726e-06,9,0.0055555555555555,0.9888888888888888,unresolved,True
rep_033,"Less than $30,000 - $100,000 or more",385,21.0,23.0,0.2571428571428571,0.9084819102945364,0.7332618904338432,1.0835585536043382,False,False,attenuated or kept,0.0565221721177537,0.0696021188076135,0.1037068006003678,0.25,False,False,attenuated or kept,single df,0.0572908183772107,0.0049028671554547,384,0.0630621454626836,0.002563134586728,384,6.011735463730804e-06,9,0.0055555555555555,0.9888888888888888,unresolved,True
rep_033,18-29 - 65+,380,15.0,22.0,0.2289473684210526,1.0928533858164138,0.9334641086452448,1.2553949637816584,False,False,kept or steepened,0.0662196552818754,0.0832190824900499,0.1137551578769301,0.25,False,False,kept or steepened,single df,0.0816573152730899,0.0056799989107013,379,0.0747193688859627,0.0033309784640319,379,1.0791705373431552e-05,9,0.0055555555555555,0.9888888888888888,unresolved,True
rep_033,South - Northeast,385,37.0,18.0,0.4155844155844156,0.9118825905747076,0.4421737301004944,1.3875756840003182,False,False,undetermined,0.0203681887866181,0.025600565542354,0.1138246365844662,0.25,False,False,undetermined,single df,0.0209590533914977,0.0042816844938622,384,0.022984377164486,0.0010253318420491,384,7.190204458906882e-07,9,0.0055555555555555,0.9888888888888888,unresolved,True
rep_034,Republican - Democrat,383,23.0,35.0,0.216710182767624,0.9526717878221472,0.869456930364602,1.0348126155912607,False,False,kept,0.101316575113117,0.1352634087968122,0.1434898807695391,0.25,False,False,kept,single df,0.1126915381172035,0.0075300314698799,382,0.1182899919549646,0.0066520213950462,382,4.328550173729625e-05,9,0.0055555555555555,0.9888888888888888,kept,True
rep_034,Female - Male,384,55.0,44.0,0.2734375,1.047690352567509,0.888394809449891,1.205463293256107,False,False,kept,0.0377833623397615,0.053654242926846,0.1735706063255838,0.25,False,False,kept,single df,0.0478991484498503,0.0043518986382311,383,0.0457188026333037,0.0031100039412661,383,1.0370442121172042e-05,9,0.0055555555555555,0.9888888888888888,kept,True
rep_034,Black - White,385,10.0,73.0,0.3064935064935065,0.910589034273799,0.7301478985926922,1.085553199956223,False,False,attenuated or kept,0.065661662064632,0.083127565435944,0.1173868811923518,0.25,False,False,attenuated or kept,single df,0.067742919490047,0.0063531946683265,384,0.074394613750288,0.0034226027124533,384,1.2962758031938305e-05,9,0.0055555555555555,0.9888888888888888,unresolved,True
rep_034,Hispanic - White,385,7.0,73.0,0.3324675324675324,0.8447371090054991,0.5752834266727295,1.11174506923494,False,False,attenuated or kept,0.0487392316228472,0.0610008204491476,0.1117330326967233,0.25,False,False,attenuated or kept,single df,0.0463507471647049,0.0061578498518727,384,0.0548700260359974,0.0024027699159732,384,5.43537098942514e-06,9,0.0055555555555555,0.9888888888888888,unresolved,True
rep_034,Asian - White,376,4.0,73.0,0.3484042553191489,0.9640708871791344,0.6079759249695422,1.317928032044018,False,False,undetermined,0.0535606884275831,0.0670370175984751,0.1117461485376844,0.25,False,False,undetermined,single df,0.0581323687201552,0.0087833508765522,375,0.0602988530130291,0.002640500718031,375,7.338680192982521e-06,9,0.0055555555555555,0.9888888888888888,unresolved,True
rep_034,Less than high school - Postgraduate,378,4.0,21.0,0.3121693121693121,1.0137802252188346,0.7223568121609861,1.3046582646085254,False,False,undetermined,0.0741389531252531,0.090211501514139,0.0977943652431703,0.25,False,False,undetermined,single df,0.0833076204595704,0.0098908318665502,377,0.082175227319696,0.0031492773578426,377,1.0334701213132262e-05,9,0.0055555555555555,0.9888888888888888,unresolved,True
rep_034,"Less than $30,000 - $100,000 or more",385,21.0,23.0,0.2545454545454545,0.9252788999856364,0.7468138690722667,1.104405261606053,False,False,attenuated or kept,0.0565221721177537,0.0696021188076135,0.1037068006003678,0.25,False,False,attenuated or kept,single df,0.0583500725844461,0.0049570172035572,384,0.0630621454626836,0.002563134586728,384,5.878955093565988e-06,9,0.0055555555555555,0.9888888888888888,unresolved,True
rep_034,18-29 - 65+,380,15.0,22.0,0.2605263157894736,0.9527294937808558,0.7777582796653589,1.1233449710186296,False,False,kept,0.0662196552818754,0.0832190824900499,0.1137551578769301,0.25,False,False,kept,single df,0.0711873464943482,0.0062328991462159,379,0.0747193688859627,0.0033309784640319,379,1.2414148853744343e-05,9,0.0055555555555555,0.9888888888888888,kept,True
rep_034,South - Northeast,385,37.0,18.0,0.4025974025974026,0.8299558448902441,0.3475572938671072,1.309146263741444,False,False,undetermined,0.0203681887866181,0.025600565542354,0.1138246365844662,0.25,False,False,undetermined,single df,0.019076018168827,0.0044104090710473,384,0.022984377164486,0.0010253318420491,384,1.0010110050051362e-06,9,0.0055555555555555,0.9888888888888888,unresolved,True
rep_035,Republican - Democrat,383,23.0,35.0,0.1749347258485639,1.0056847322096985,0.926279399933453,1.0869669989306558,False,False,kept,0.101316575113117,0.1352634087968122,0.1434898807695391,0.25,False,False,kept,single df,0.1189624388823159,0.0073733432584672,382,0.1182899919549646,0.0066520213950462,382,4.252556363626056e-05,9,0.0055555555555555,0.9888888888888888,kept,True
rep_035,Female - Male,384,55.0,44.0,0.2760416666666667,0.9945332298001638,0.8313955034643008,1.1578597451258952,False,False,kept,0.0377833623397615,0.053654242926846,0.1735706063255838,0.25,False,False,kept,single df,0.0454688684454958,0.004219563139953,383,0.0457188026333037,0.0031100039412661,383,9.589857095602385e-06,9,0.0055555555555555,0.9888888888888888,kept,True
rep_035,Black - White,385,10.0,73.0,0.3064935064935065,0.8817389921651266,0.6988788641133491,1.0586469344065512,False,False,attenuated or kept,0.065661662064632,0.083127565435944,0.1173868811923518,0.25,False,False,attenuated or kept,single df,0.0655966317506928,0.0063740895567863,384,0.074394613750288,0.0034226027124533,384,1.2824011475657072e-05,9,0.0055555555555555,0.9888888888888888,unresolved,True
rep_035,Hispanic - White,385,7.0,73.0,0.3194805194805195,1.1021781498690713,0.8263117893079613,1.3802659580052683,False,False,kept or steepened,0.0487392316228472,0.0610008204491476,0.1117330326967233,0.25,False,False,kept or steepened,single df,0.0604765437796234,0.0063975737693712,384,0.0548700260359974,0.0024027699159732,384,5.855971286500653e-06,9,0.0055555555555555,0.9888888888888888,unresolved,True
rep_035,Asian - White,376,4.0,73.0,0.3723404255319149,1.0146065717280697,0.6402577544913041,1.3834382816579385,False,False,undetermined,0.0535606884275831,0.0670370175984751,0.1117461485376844,0.25,False,False,undetermined,single df,0.0611796125346842,0.0092948211682856,375,0.0602988530130291,0.002640500718031,375,8.595093053783012e-06,9,0.0055555555555555,0.9888888888888888,unresolved,True
rep_035,Less than high school - Postgraduate,378,4.0,21.0,0.373015873015873,0.7691571297283873,0.4528805713272443,1.0807869842959776,False,False,attenuated or kept,0.0741389531252531,0.090211501514139,0.0977943652431703,0.25,False,False,attenuated or kept,single df,0.0632056619799952,0.0105248532734,377,0.082175227319696,0.0031492773578426,377,1.0014818816245648e-05,9,0.0055555555555555,0.9888888888888888,unresolved,True
rep_035,"Less than $30,000 - $100,000 or more",385,21.0,23.0,0.2701298701298701,0.9595125275272868,0.7828614274424762,1.1352025761068374,False,False,kept,0.0565221721177537,0.0696021188076135,0.1037068006003678,0.25,False,False,kept,single df,0.060508918584193,0.0050358465251779,384,0.0630621454626836,0.002563134586728,384,6.594038081251573e-06,9,0.0055555555555555,0.9888888888888888,kept,True
rep_035,18-29 - 65+,380,15.0,22.0,0.2131578947368421,1.1492868677442718,0.9892085840269146,1.314483294684355,False,False,kept or steepened,0.0662196552818754,0.0832190824900499,0.1137551578769301,0.25,False,False,kept or steepened,single df,0.0858739894267768,0.0056619841425862,379,0.0747193688859627,0.0033309784640319,379,1.0585972807661633e-05,9,0.0055555555555555,0.9888888888888888,unresolved,True
rep_035,South - Northeast,385,37.0,18.0,0.3844155844155844,1.0732293761154967,0.5991379035075192,1.5430566310202178,False,False,undetermined,0.0203681887866181,0.025600565542354,0.1138246365844662,0.25,False,False,undetermined,single df,0.0246675087646446,0.0044065168191029,384,0.022984377164486,0.0010253318420491,384,1.2990581400219322e-06,9,0.0055555555555555,0.9888888888888888,unresolved,True
rep_036,Republican - Democrat,383,23.0,35.0,0.2010443864229765,1.0083644052090406,0.9265752663481478,1.089334897922168,False,False,kept,0.101316575113117,0.1352634087968122,0.1434898807695391,0.25,False,False,kept,single df,0.11927941737985,0.0077890918026535,382,0.1182899919549646,0.0066520213950462,382,4.5481088788573296e-05,9,0.0055555555555555,0.9888888888888888,kept,True
rep_036,Female - Male,384,55.0,44.0,0.2734375,0.9761083042920616,0.8155482847229039,1.1396183725772313,False,False,kept,0.0377833623397615,0.053654242926846,0.1735706063255838,0.25,False,False,kept,single df,0.0446265029126575,0.0040612128614771,383,0.0457188026333037,0.0031100039412661,383,8.981754549989255e-06,9,0.0055555555555555,0.9888888888888888,kept,True
rep_036,Black - White,385,10.0,73.0,0.2233766233766233,1.0777598377993247,0.9133358739569564,1.2472372747998337,False,False,kept,0.065661662064632,0.083127565435944,0.1173868811923518,0.25,False,False,kept,single df,0.0801795268486538,0.0056923962210587,384,0.074394613750288,0.0034226027124533,384,1.0506705327877856e-05,9,0.0055555555555555,0.9888888888888888,kept,True
rep_036,Hispanic - White,385,7.0,73.0,0.3376623376623376,0.9350096192195227,0.6719985199295972,1.1993760402203102,False,False,attenuated or kept,0.0487392316228472,0.0610008204491476,0.1117330326967233,0.25,False,False,attenuated or kept,single df,0.0513040021504832,0.0060184397132112,384,0.0548700260359974,0.0024027699159732,384,5.088624757789347e-06,9,0.0055555555555555,0.9888888888888888,unresolved,True
rep_036,Asian - White,376,4.0,73.0,0.3643617021276595,0.9377078184580347,0.5634588288011204,1.3163077136239978,False,False,undetermined,0.0535606884275831,0.0670370175984751,0.1117461485376844,0.25,False,False,undetermined,single df,0.0565427059143692,0.0090557350610386,375,0.0602988530130291,0.002640500718031,375,5.338428885123377e-06,9,0.0055555555555555,0.9888888888888888,unresolved,True
rep_036,Less than high school - Postgraduate,378,4.0,21.0,0.3201058201058201,0.987598261370368,0.6861775281932813,1.290325607603368,False,False,undetermined,0.0741389531252531,0.090211501514139,0.0977943652431703,0.25,False,False,undetermined,single df,0.0811561116286466,0.0101030151928592,377,0.082175227319696,0.0031492773578426,377,9.12392464487036e-06,9,0.0055555555555555,0.9888888888888888,unresolved,True
rep_036,"Less than $30,000 - $100,000 or more",385,21.0,23.0,0.2519480519480519,0.9399186210895322,0.7604567543004751,1.118467455982114,False,False,kept,0.0565221721177537,0.0696021188076135,0.1037068006003678,0.25,False,False,kept,single df,0.0592732848062331,0.0050680384813367,384,0.0630621454626836,0.002563134586728,384,6.4508043568086575e-06,9,0.0055555555555555,0.9888888888888888,kept,True
rep_036,18-29 - 65+,380,15.0,22.0,0.2605263157894736,0.977504576864671,0.8140076358883381,1.1404144602535982,False,False,kept,0.0662196552818754,0.0832190824900499,0.1137551578769301,0.25,False,False,kept,single df,0.0730385250664682,0.0057991385426495,379,0.0747193688859627,0.0033309784640319,379,1.1094246595792969e-05,9,0.0055555555555555,0.9888888888888888,kept,True
rep_036,South - Northeast,385,37.0,18.0,0.4207792207792207,0.8615479401114905,0.3851953390071475,1.3340591096680317,False,False,undetermined,0.0203681887866181,0.025600565542354,0.1138246365844662,0.25,False,False,undetermined,single df,0.0198021428008085,0.0043672456970538,384,0.022984377164486,0.0010253318420491,384,1.059585267624292e-06,9,0.0055555555555555,0.9888888888888888,unresolved,True
rep_037,Republican - Democrat,383,23.0,35.0,0.185378590078329,0.9949027336613686,0.9165086766902788,1.0712288116026318,False,False,kept,0.101316575113117,0.1352634087968122,0.1434898807695391,0.25,False,False,kept,single df,0.1176870363607756,0.0077926090007826,382,0.1182899919549646,0.0066520213950462,382,4.62002726349505e-05,9,0.0055555555555555,0.9888888888888888,kept,True
rep_037,Female - Male,384,55.0,44.0,0.2552083333333333,0.9722949781987508,0.8102601831810103,1.1319477048844762,False,False,kept,0.0377833623397615,0.053654242926846,0.1735706063255838,0.25,False,False,kept,single df,0.044452162209621,0.0042331844425294,383,0.0457188026333037,0.0031100039412661,383,9.775017003136472e-06,9,0.0055555555555555,0.9888888888888888,kept,True
rep_037,Black - White,385,10.0,73.0,0.2285714285714285,1.1374526732910493,0.9580932063031544,1.3184827312749512,False,False,kept or steepened,0.065661662064632,0.083127565435944,0.1173868811923518,0.25,False,False,kept or steepened,single df,0.0846203522887202,0.0063863033512653,384,0.074394613750288,0.0034226027124533,384,1.2624052566469704e-05,9,0.0055555555555555,0.9888888888888888,unresolved,True
rep_037,Hispanic - White,385,7.0,73.0,0.3818181818181818,0.6740758853388765,0.3704454027772681,0.9658252592914104,False,False,attenuated or kept,0.0487392316228472,0.0610008204491476,0.1117330326967233,0.25,False,False,attenuated or kept,single df,0.0369865613787821,0.006836268203765,384,0.0548700260359974,0.0024027699159732,384,6.604534546588598e-06,9,0.0055555555555555,0.9888888888888888,unresolved,True
rep_037,Asian - White,376,4.0,73.0,0.3218085106382978,1.1332291152238858,0.7991629604713358,1.4753476894327595,False,False,kept or steepened,0.0535606884275831,0.0670370175984751,0.1117461485376844,0.25,False,False,kept or steepened,single df,0.0683324158489701,0.0081816612686225,375,0.0602988530130291,0.002640500718031,375,5.681182636553767e-06,9,0.0055555555555555,0.9888888888888888,unresolved,True
rep_037,Less than high school - Postgraduate,378,4.0,21.0,0.3042328042328042,1.0765092158652405,0.7864819560544114,1.3654029539843202,False,False,kept or steepened,0.0741389531252531,0.090211501514139,0.0977943652431703,0.25,False,False,kept or steepened,single df,0.0884623895254739,0.0099401326542232,377,0.082175227319696,0.0031492773578426,377,1.1258893026661732e-05,9,0.0055555555555555,0.9888888888888888,unresolved,True
rep_037,"Less than $30,000 - $100,000 or more",385,21.0,23.0,0.2857142857142857,0.8813795244857475,0.7055360628339972,1.0536257795030657,False,False,attenuated or kept,0.0565221721177537,0.0696021188076135,0.1037068006003678,0.25,False,False,attenuated or kept,single df,0.0555816837809511,0.0050320730076176,384,0.0630621454626836,0.002563134586728,384,6.8772077143544585e-06,9,0.0055555555555555,0.9888888888888888,unresolved,True
rep_037,18-29 - 65+,380,15.0,22.0,0.2605263157894736,1.045214941029318,0.8731079013445499,1.2162644014084578,False,False,kept,0.0662196552818754,0.0832190824900499,0.1137551578769301,0.25,False,False,kept,single df,0.0780978007438893,0.0061621628025888,379,0.0747193688859627,0.0033309784640319,379,1.204463204936349e-05,9,0.0055555555555555,0.9888888888888888,kept,True
rep_037,South - Northeast,385,37.0,18.0,0.3662337662337662,1.1199528898617517,0.6681511081085464,1.5756387089946369,False,False,undetermined,0.0203681887866181,0.025600565542354,0.1138246365844662,0.25,False,False,undetermined,single df,0.0257414196270386,0.0041784809198084,384,0.022984377164486,0.0010253318420491,384,1.0218710202527568e-06,9,0.0055555555555555,0.9888888888888888,unresolved,True
rep_038,Republican - Democrat,383,23.0,35.0,0.1984334203655352,0.975635937958113,0.8942237060850055,1.056551049974014,False,False,kept,0.101316575113117,0.1352634087968122,0.1434898807695391,0.25,False,False,kept,single df,0.1154079672520395,0.0075502503026406,382,0.1182899919549646,0.0066520213950462,382,4.369448527216131e-05,9,0.0055555555555555,0.9888888888888888,kept,True
rep_038,Female - Male,384,55.0,44.0,0.2526041666666667,1.0687532622402942,0.9013079762003354,1.2410309089063272,False,False,kept,0.0377833623397615,0.053654242926846,0.1735706063255838,0.25,False,False,kept,single df,0.0488621194600635,0.0042920821990672,383,0.0457188026333037,0.0031100039412661,383,9.584775173311928e-06,9,0.0055555555555555,0.9888888888888888,kept,True
rep_038,Black - White,385,10.0,73.0,0.2701298701298701,1.0402938104547732,0.8714219104066911,1.2086904142638375,False,False,kept,0.065661662064632,0.083127565435944,0.1173868811923518,0.25,False,False,kept,single df,0.0773922562155982,0.006077298873387,384,0.074394613750288,0.0034226027124533,384,1.2385462048510396e-05,9,0.0055555555555555,0.9888888888888888,kept,True
rep_038,Hispanic - White,385,7.0,73.0,0.3116883116883117,0.9637984444712292,0.688309074015956,1.2452545729474067,False,False,attenuated or kept,0.0487392316228472,0.0610008204491476,0.1117330326967233,0.25,False,False,attenuated or kept,single df,0.0528836457415901,0.0061762635867514,384,0.0548700260359974,0.0024027699159732,384,4.201872429866362e-06,9,0.0055555555555555,0.9888888888888888,unresolved,True
rep_038,Asian - White,376,4.0,73.0,0.3484042553191489,1.050820202097999,0.6975968287747869,1.4085349256457056,False,False,undetermined,0.0535606884275831,0.0670370175984751,0.1117461485376844,0.25,False,False,undetermined,single df,0.0633632529094288,0.0086466825999267,375,0.0602988530130291,0.002640500718031,375,6.088356897846572e-06,9,0.0055555555555555,0.9888888888888888,unresolved,True
rep_038,Less than high school - Postgraduate,378,4.0,21.0,0.3148148148148148,0.947584657614606,0.6685058846422751,1.225555125543461,False,False,attenuated or kept,0.0741389531252531,0.090211501514139,0.0977943652431703,0.25,False,False,attenuated or kept,single df,0.0778679846441366,0.0094690866596839,377,0.082175227319696,0.0031492773578426,377,9.967275730822633e-06,9,0.0055555555555555,0.9888888888888888,unresolved,True
rep_038,"Less than $30,000 - $100,000 or more",385,21.0,23.0,0.2831168831168831,0.9800257192454788,0.8023906029649243,1.1542099432968556,False,False,kept,0.0565221721177537,0.0696021188076135,0.1037068006003678,0.25,False,False,kept,single df,0.0618025244642295,0.0052009965108447,384,0.0630621454626836,0.002563134586728,384,7.4810727482350255e-06,9,0.0055555555555555,0.9888888888888888,kept,True
rep_038,18-29 - 65+,380,15.0,22.0,0.2394736842105263,1.1351337920482325,0.966344910006804,1.3061651332481878,False,False,kept or steepened,0.0662196552818754,0.0832190824900499,0.1137551578769301,0.25,False,False,kept or steepened,single df,0.0848164805429735,0.0060477035357207,379,0.0747193688859627,0.0033309784640319,379,1.1645841851030526e-05,9,0.0055555555555555,0.9888888888888888,unresolved,True
rep_038,South - Northeast,385,37.0,18.0,0.3714285714285714,0.9706017032094156,0.5093517710107192,1.4206302225087606,False,False,undetermined,0.0203681887866181,0.025600565542354,0.1138246365844662,0.25,False,False,undetermined,single df,0.0223086756230577,0.004299769818705,384,0.022984377164486,0.0010253318420491,384,1.469775325793368e-06,9,0.0055555555555555,0.9888888888888888,unresolved,True
rep_039,Republican - Democrat,383,23.0,35.0,0.195822454308094,0.99323966344522,0.9133300070733884,1.0712552330842928,False,False,kept,0.101316575113117,0.1352634087968122,0.1434898807695391,0.25,False,False,kept,single df,0.1174903117982868,0.0077932872777765,382,0.1182899919549646,0.0066520213950462,382,4.5943670655154685e-05,9,0.0055555555555555,0.9888888888888888,kept,True
rep_039,Female - Male,384,55.0,44.0,0.2708333333333333,0.9802046575398036,0.8206082420022155,1.140482917691536,False,False,kept,0.0377833623397615,0.053654242926846,0.1735706063255838,0.25,False,False,kept,single df,0.0448137832783073,0.0041291423811214,383,0.0457188026333037,0.0031100039412661,383,9.374506629458125e-06,9,0.0055555555555555,0.9888888888888888,kept,True
rep_039,Black - White,385,10.0,73.0,0.2441558441558441,1.0769423586432216,0.9103065814500146,1.2443182222576,False,False,kept,0.065661662064632,0.083127565435944,0.1173868811923518,0.25,False,False,kept,single df,0.0801187108025866,0.0060250674315385,384,0.074394613750288,0.0034226027124533,384,1.2305286474417872e-05,9,0.0055555555555555,0.9888888888888888,kept,True
rep_039,Hispanic - White,385,7.0,73.0,0.3116883116883117,1.091587563769483,0.8115188637085499,1.3727627079996303,False,False,kept or steepened,0.0487392316228472,0.0610008204491476,0.1117330326967233,0.25,False,False,kept or steepened,single df,0.0598954380446025,0.0065030712105552,384,0.0548700260359974,0.0024027699159732,384,6.049424528598639e-06,9,0.0055555555555555,0.9888888888888888,unresolved,True
rep_039,Asian - White,376,4.0,73.0,0.3430851063829787,0.9725254746701396,0.587173833009683,1.349580228614408,False,False,undetermined,0.0535606884275831,0.0670370175984751,0.1117461485376844,0.25,False,False,undetermined,single df,0.0586421706485611,0.0095476728830451,375,0.0602988530130291,0.002640500718031,375,9.068049583342849e-06,9,0.0055555555555555,0.9888888888888888,unresolved,True
rep_039,Less than high school - Postgraduate,378,4.0,21.0,0.3386243386243386,0.856229268126302,0.5594208698774853,1.1517919975235484,False,False,attenuated or kept,0.0741389531252531,0.090211501514139,0.0977943652431703,0.25,False,False,attenuated or kept,single df,0.0703608347460558,0.00992326288313,377,0.082175227319696,0.0031492773578426,377,9.13176221632682e-06,9,0.0055555555555555,0.9888888888888888,unresolved,True
rep_039,"Less than $30,000 - $100,000 or more",385,21.0,23.0,0.2623376623376623,0.9337293066302408,0.754234885437529,1.1128246048971662,False,False,kept,0.0565221721177537,0.0696021188076135,0.1037068006003678,0.25,False,False,kept,single df,0.058882973357487,0.0050376816473095,384,0.0630621454626836,0.002563134586728,384,6.254872379048043e-06,9,0.0055555555555555,0.9888888888888888,kept,True
rep_039,18-29 - 65+,380,15.0,22.0,0.2342105263157894,0.9874923675041964,0.8229730486145609,1.1555205050720443,False,False,kept,0.0662196552818754,0.0832190824900499,0.1137551578769301,0.25,False,False,kept,single df,0.0737848064796187,0.0055931392706182,379,0.0747193688859627,0.0033309784640319,379,9.47181319841395e-06,9,0.0055555555555555,0.9888888888888888,kept,True
rep_039,South - Northeast,385,37.0,18.0,0.4155844155844156,0.855094795953488,0.37901957215906,1.3202773811500204,False,False,undetermined,0.0203681887866181,0.025600565542354,0.1138246365844662,0.25,False,False,undetermined,single df,0.0196538213015842,0.0043877307445485,384,0.022984377164486,0.0010253318420491,384,1.3351760842566855e-06,9,0.0055555555555555,0.9888888888888888,unresolved,True
rep_040,Republican - Democrat,383,23.0,35.0,0.1827676240208877,1.0194987105288873,0.9337246490150976,1.1084805074465196,False,False,kept,0.101316575113117,0.1352634087968122,0.1434898807695391,0.25,False,False,kept,single df,0.1205964942665588,0.0074278838564379,382,0.1182899919549646,0.0066520213950462,382,4.173622845024511e-05,9,0.0055555555555555,0.9888888888888888,kept,True
rep_040,Female - Male,384,55.0,44.0,0.2526041666666667,0.9877959459437078,0.8292187381197847,1.14636947643536,False,False,kept,0.0377833623397615,0.053654242926846,0.1735706063255838,0.25,False,False,kept,single df,0.0451608478945779,0.0041555400655764,383,0.0457188026333037,0.0031100039412661,383,9.554657899938912e-06,9,0.0055555555555555,0.9888888888888888,kept,True
rep_040,Black - White,385,10.0,73.0,0.2467532467532467,1.0562518366383895,0.875747729846381,1.2391512391390995,False,False,kept,0.065661662064632,0.083127565435944,0.1173868811923518,0.25,False,False,kept,single df,0.0785794474097453,0.0062150460657381,384,0.074394613750288,0.0034226027124533,384,1.1369055180870182e-05,9,0.0055555555555555,0.9888888888888888,kept,True
rep_040,Hispanic - White,385,7.0,73.0,0.374025974025974,0.7979503762980479,0.502702653152323,1.0846815004564774,False,False,attenuated or kept,0.0487392316228472,0.0610008204491476,0.1117330326967233,0.25,False,False,attenuated or kept,single df,0.0437835579229078,0.0067409122349434,384,0.0548700260359974,0.0024027699159732,384,6.551459403343309e-06,9,0.0055555555555555,0.9888888888888888,unresolved,True
rep_040,Asian - White,376,4.0,73.0,0.3829787234042553,0.8086927241448598,0.4287436749052851,1.1769234698245532,False,False,attenuated or kept,0.0535606884275831,0.0670370175984751,0.1117461485376844,0.25,False,False,attenuated or kept,single df,0.048763243705917,0.0093235034672645,375,0.0602988530130291,0.002640500718031,375,8.8690160098909e-06,9,0.0055555555555555,0.9888888888888888,unresolved,True
rep_040,Less than high school - Postgraduate,378,4.0,21.0,0.3253968253968254,0.9704623554698736,0.6713761587283114,1.2720283327435684,False,False,undetermined,0.0741389531252531,0.090211501514139,0.0977943652431703,0.25,False,False,undetermined,single df,0.0797479646659445,0.0099754239012505,377,0.082175227319696,0.0031492773578426,377,8.351480422507532e-06,9,0.0055555555555555,0.9888888888888888,unresolved,True
rep_040,"Less than $30,000 - $100,000 or more",385,21.0,23.0,0.2493506493506493,0.9910652525238052,0.8205829702858016,1.161896410920092,False,False,kept,0.0565221721177537,0.0696021188076135,0.1037068006003678,0.25,False,False,kept,single df,0.0624987011176675,0.0048828751909476,384,0.0630621454626836,0.002563134586728,384,6.405552692602767e-06,9,0.0055555555555555,0.9888888888888888,kept,True
rep_040,18-29 - 65+,380,15.0,22.0,0.231578947368421,0.9377613415517404,0.7690852005758958,1.1078795231961058,False,False,kept,0.0662196552818754,0.0832190824900499,0.1137551578769301,0.25,False,False,kept,single df,0.0700689356063997,0.005735712484124,379,0.0747193688859627,0.0033309784640319,379,9.794625225105156e-06,9,0.0055555555555555,0.9888888888888888,kept,True
rep_040,South - Northeast,385,37.0,18.0,0.3532467532467532,1.1048455411774791,0.6590640595874038,1.5592887904942756,False,False,undetermined,0.0203681887866181,0.025600565542354,0.1138246365844662,0.25,False,False,undetermined,single df,0.0253941866269239,0.0040917230665163,384,0.022984377164486,0.0010253318420491,384,8.146579646227369e-07,9,0.0055555555555555,0.9888888888888888,unresolved,True
rep_041,Republican - Democrat,383,23.0,35.0,0.195822454308094,0.9979456448819916,0.9184298058572586,1.079375806205236,False,False,kept,0.101316575113117,0.1352634087968122,0.1434898807695391,0.25,False,False,kept,single df,0.1180469823045827,0.007326373410556,382,0.1182899919549646,0.0066520213950462,382,4.21437650804957e-05,9,0.0055555555555555,0.9888888888888888,kept,True
rep_041,Female - Male,384,55.0,44.0,0.28125,0.9451581964276417,0.7784426594256018,1.110963835749008,False,False,kept,0.0377833623397615,0.053654242926846,0.1735706063255838,0.25,False,False,kept,single df,0.0432115010397247,0.0041851264136576,383,0.0457188026333037,0.0031100039412661,383,9.28334770367422e-06,9,0.0055555555555555,0.9888888888888888,kept,True
rep_041,Black - White,385,10.0,73.0,0.2831168831168831,1.0169624299900395,0.8411197365187483,1.1912774026592692,False,False,kept,0.065661662064632,0.083127565435944,0.1173868811923518,0.25,False,False,kept,single df,0.0756565271776633,0.0062542771753603,384,0.074394613750288,0.0034226027124533,384,1.255332622461905e-05,9,0.0055555555555555,0.9888888888888888,kept,True
rep_041,Hispanic - White,385,7.0,73.0,0.3168831168831169,0.988079389426377,0.6934579363408507,1.2821675399689447,False,False,undetermined,0.0487392316228472,0.0610008204491476,0.1117330326967233,0.25,False,False,undetermined,single df,0.0542159418234577,0.0067413201442934,384,0.0548700260359974,0.0024027699159732,384,5.826254372813516e-06,9,0.0055555555555555,0.9888888888888888,unresolved,True
rep_041,Asian - White,376,4.0,73.0,0.3457446808510638,1.0361503046275038,0.6626605874129293,1.414033154124982,False,False,undetermined,0.0535606884275831,0.0670370175984751,0.1117461485376844,0.25,False,False,undetermined,single df,0.0624786749181392,0.0090991578049793,375,0.0602988530130291,0.002640500718031,375,6.013152445582036e-06,9,0.0055555555555555,0.9888888888888888,unresolved,True
rep_041,Less than high school - Postgraduate,378,4.0,21.0,0.3492063492063492,0.8107119706550471,0.5230133605033536,1.0927770421722716,False,False,attenuated or kept,0.0741389531252531,0.090211501514139,0.0977943652431703,0.25,False,False,attenuated or kept,single df,0.0666204404793772,0.0097241996119892,377,0.082175227319696,0.0031492773578426,377,1.0933755863987916e-05,9,0.0055555555555555,0.9888888888888888,unresolved,True
rep_041,"Less than $30,000 - $100,000 or more",385,21.0,23.0,0.2727272727272727,0.983140151264993,0.8094375220658343,1.1569461767021885,False,False,kept,0.0565221721177537,0.0696021188076135,0.1037068006003678,0.25,False,False,kept,single df,0.0619989272292778,0.0049529660814344,384,0.0630621454626836,0.002563134586728,384,6.427655750155271e-06,9,0.0055555555555555,0.9888888888888888,kept,True
rep_041,18-29 - 65+,380,15.0,22.0,0.2184210526315789,1.077125474725568,0.9281228146621364,1.227693588838262,False,False,kept,0.0662196552818754,0.0832190824900499,0.1137551578769301,0.25,False,False,kept,single df,0.0804821356824874,0.0055166553628402,379,0.0747193688859627,0.0033309784640319,379,1.128870362636589e-05,9,0.0055555555555555,0.9888888888888888,kept,True
rep_041,South - Northeast,385,37.0,18.0,0.3558441558441558,1.160523989081844,0.6910611174847753,1.6414549774379337,False,False,undetermined,0.0203681887866181,0.025600565542354,0.1138246365844662,0.25,False,False,undetermined,single df,0.026673921073491,0.0042933931167335,384,0.022984377164486,0.0010253318420491,384,7.608090065518402e-07,9,0.0055555555555555,0.9888888888888888,unresolved,True
rep_042,Republican - Democrat,383,23.0,35.0,0.1906005221932115,0.987421530586434,0.9019587733607826,1.071144303525086,False,False,kept,0.101316575113117,0.1352634087968122,0.1434898807695391,0.25,False,False,kept,single df,0.1168020849092281,0.0078626006313022,382,0.1182899919549646,0.0066520213950462,382,4.552403743065032e-05,9,0.0055555555555555,0.9888888888888888,kept,True
rep_042,Female - Male,384,55.0,44.0,0.2369791666666666,1.103040955726606,0.943562008512232,1.2682882720326316,False,False,kept or steepened,0.0377833623397615,0.053654242926846,0.1735706063255838,0.25,False,False,kept or steepened,single df,0.0504297117513154,0.0042417790013938,383,0.0457188026333037,0.0031100039412661,383,9.77068494238705e-06,9,0.0055555555555555,0.9888888888888888,unresolved,True
rep_042,Black - White,385,10.0,73.0,0.2727272727272727,1.022097350530249,0.8593412093852397,1.1837703136628317,False,False,kept,0.065661662064632,0.083127565435944,0.1173868811923518,0.25,False,False,kept,single df,0.0760385376078906,0.0059352084166584,384,0.074394613750288,0.0034226027124533,384,1.2427126910694732e-05,9,0.0055555555555555,0.9888888888888888,kept,True
rep_042,Hispanic - White,385,7.0,73.0,0.3116883116883117,1.025667789073354,0.763616585538267,1.29028912138773,False,False,kept or steepened,0.0487392316228472,0.0610008204491476,0.1117330326967233,0.25,False,False,kept or steepened,single df,0.0562784182907388,0.0060446113944087,384,0.0548700260359974,0.0024027699159732,384,5.334637145797542e-06,9,0.0055555555555555,0.9888888888888888,unresolved,True
rep_042,Asian - White,376,4.0,73.0,0.3723404255319149,0.8097418035409016,0.4648025970373094,1.147048960872356,False,False,attenuated or kept,0.0535606884275831,0.0670370175984751,0.1117461485376844,0.25,False,False,attenuated or kept,single df,0.0488265019902179,0.0084930728364041,375,0.0602988530130291,0.002640500718031,375,7.74979311155048e-06,9,0.0055555555555555,0.9888888888888888,unresolved,True
rep_042,Less than high school - Postgraduate,378,4.0,21.0,0.3677248677248677,0.8067351136715897,0.5215466558997568,1.088641634119,False,False,attenuated or kept,0.0741389531252531,0.090211501514139,0.0977943652431703,0.25,False,False,attenuated or kept,single df,0.0662936413527437,0.0095786749430027,377,0.082175227319696,0.0031492773578426,377,9.686626614544076e-06,9,0.0055555555555555,0.9888888888888888,unresolved,True
rep_042,"Less than $30,000 - $100,000 or more",385,21.0,23.0,0.2987012987012987,0.9534399129286444,0.7668694939556102,1.1397495525783397,False,False,kept,0.0565221721177537,0.0696021188076135,0.1037068006003678,0.25,False,False,kept,single df,0.0601259664790346,0.0052083373266751,384,0.0630621454626836,0.002563134586728,384,6.342565785706239e-06,9,0.0055555555555555,0.9888888888888888,kept,True
rep_042,18-29 - 65+,380,15.0,22.0,0.2631578947368421,0.9735947008868658,0.8115802768227851,1.1336969075040009,False,False,kept,0.0662196552818754,0.0832190824900499,0.1137551578769301,0.25,False,False,kept,single df,0.0727463816009842,0.0058348909758691,379,0.0747193688859627,0.0033309784640319,379,1.1611632834135653e-05,9,0.0055555555555555,0.9888888888888888,kept,True
rep_042,South - Northeast,385,37.0,18.0,0.412987012987013,0.8913446906386993,0.4058418584122492,1.363638343586006,False,False,undetermined,0.0203681887866181,0.025600565542354,0.1138246365844662,0.25,False,False,undetermined,single df,0.020487002553202,0.0044881519004627,384,0.022984377164486,0.0010253318420491,384,1.4660547718066557e-06,9,0.0055555555555555,0.9888888888888888,unresolved,True
rep_043,Republican - Democrat,383,23.0,35.0,0.1775456919060052,0.9957402676789692,0.914489314733418,1.0769055387870154,False,False,kept,0.101316575113117,0.1352634087968122,0.1434898807695391,0.25,False,False,kept,single df,0.1177861082529795,0.0076114409211343,382,0.1182899919549646,0.0066520213950462,382,4.415107354064544e-05,9,0.0055555555555555,0.9888888888888888,kept,True
rep_043,Female - Male,384,55.0,44.0,0.234375,1.0585587702841737,0.8978094372949752,1.2243768255112524,False,False,kept,0.0377833623397615,0.053654242926846,0.1735706063255838,0.25,False,False,kept,single df,0.0483960394943748,0.0041793693414254,383,0.0457188026333037,0.0031100039412661,383,9.44937416525542e-06,9,0.0055555555555555,0.9888888888888888,kept,True
rep_043,Black - White,385,10.0,73.0,0.2831168831168831,0.9285022035661524,0.7550335852925795,1.1002796363215102,False,False,kept,0.065661662064632,0.083127565435944,0.1173868811923518,0.25,False,False,kept,single df,0.0690755628005952,0.0060330716163883,384,0.074394613750288,0.0034226027124533,384,1.1585608476486846e-05,9,0.0055555555555555,0.9888888888888888,kept,True
rep_043,Hispanic - White,385,7.0,73.0,0.3506493506493506,0.8805851845305139,0.5698514117196082,1.1900700225457732,False,False,attenuated or kept,0.0487392316228472,0.0610008204491476,0.1117330326967233,0.25,False,False,attenuated or kept,single df,0.0483177320021029,0.0069925731581995,384,0.0548700260359974,0.0024027699159732,384,5.369062648669373e-06,9,0.0055555555555555,0.9888888888888888,unresolved,True
rep_043,Asian - White,376,4.0,73.0,0.324468085106383,1.0827916261041557,0.725819268251136,1.4486226023690252,False,False,undetermined,0.0535606884275831,0.0670370175984751,0.1117461485376844,0.25,False,False,undetermined,single df,0.0652910931061932,0.0086539646521123,375,0.0602988530130291,0.002640500718031,375,5.107259584972105e-06,9,0.0055555555555555,0.9888888888888888,unresolved,True
rep_043,Less than high school - Postgraduate,378,4.0,21.0,0.3121693121693121,1.0345791934967432,0.7390254503915046,1.3338818624907811,False,False,undetermined,0.0741389531252531,0.090211501514139,0.0977943652431703,0.25,False,False,undetermined,single df,0.0850167804058227,0.0098737495265856,377,0.082175227319696,0.0031492773578426,377,8.335606335273853e-06,9,0.0055555555555555,0.9888888888888888,unresolved,True
rep_043,"Less than $30,000 - $100,000 or more",385,21.0,23.0,0.2363636363636363,1.099914588272893,0.9284451015477408,1.2713105327793557,False,False,kept or steepened,0.0565221721177537,0.0696021188076135,0.1037068006003678,0.25,False,False,kept or steepened,single df,0.0693629737621929,0.0050750345288337,384,0.0630621454626836,0.002563134586728,384,7.248283411082121e-06,9,0.0055555555555555,0.9888888888888888,unresolved,True
rep_043,18-29 - 65+,380,15.0,22.0,0.2657894736842105,1.0551570674235748,0.8798096631794358,1.229824704780765,False,False,kept,0.0662196552818754,0.0832190824900499,0.1137551578769301,0.25,False,False,kept,single df,0.0788406701534527,0.0062355028560189,379,0.0747193688859627,0.0033309784640319,379,1.199506519819954e-05,9,0.0055555555555555,0.9888888888888888,kept,True
rep_043,South - Northeast,385,37.0,18.0,0.3688311688311688,1.1443152625100304,0.6731270674067458,1.6356918184735318,False,False,undetermined,0.0203681887866181,0.025600565542354,0.1138246365844662,0.25,False,False,undetermined,single df,0.0263013735886084,0.0042509147121867,384,0.022984377164486,0.0010253318420491,384,3.9455481630143e-07,9,0.0055555555555555,0.9888888888888888,unresolved,True
rep_044,Republican - Democrat,383,23.0,35.0,0.2219321148825065,0.9575851272115616,0.8755275483324684,1.036980744015835,False,False,kept,0.101316575113117,0.1352634087968122,0.1434898807695391,0.25,False,False,kept,single df,0.1132727369940494,0.0077236132084457,382,0.1182899919549646,0.0066520213950462,382,4.5174126057766105e-05,9,0.0055555555555555,0.9888888888888888,kept,True
rep_044,Female - Male,384,55.0,44.0,0.2786458333333333,0.9195381515935306,0.7457164627895568,1.089620603111087,False,False,attenuated or kept,0.0377833623397615,0.053654242926846,0.1735706063255838,0.25,False,False,attenuated or kept,single df,0.0420401832664975,0.0042958591734629,383,0.0457188026333037,0.0031100039412661,383,9.476041016596726e-06,9,0.0055555555555555,0.9888888888888888,unresolved,True
rep_044,Black - White,385,10.0,73.0,0.2779220779220779,1.0199867331685109,0.8421665934786788,1.1979904946823423,False,False,kept,0.065661662064632,0.083127565435944,0.1173868811923518,0.25,False,False,kept,single df,0.0758815190444894,0.0062102733380148,384,0.074394613750288,0.0034226027124533,384,1.1871364449986464e-05,9,0.0055555555555555,0.9888888888888888,kept,True
rep_044,Hispanic - White,385,7.0,73.0,0.3454545454545454,0.8815751233182938,0.6099886831577976,1.1510702369618335,False,False,attenuated or kept,0.0487392316228472,0.0610008204491476,0.1117330326967233,0.25,False,False,attenuated or kept,single df,0.0483720499691624,0.0062252116314675,384,0.0548700260359974,0.0024027699159732,384,5.567126591606431e-06,9,0.0055555555555555,0.9888888888888888,unresolved,True
rep_044,Asian - White,376,4.0,73.0,0.3111702127659574,1.1671074506208798,0.8292484717169039,1.5171988504177003,False,False,kept or steepened,0.0535606884275831,0.0670370175984751,0.1117461485376844,0.25,False,False,kept or steepened,single df,0.0703752406153996,0.00817577669363,375,0.0602988530130291,0.002640500718031,375,4.765008247899231e-06,9,0.0055555555555555,0.9888888888888888,unresolved,True
rep_044,Less than high school - Postgraduate,378,4.0,21.0,0.3148148148148148,0.935479548545528,0.6388544634164453,1.2310174379617247,False,False,attenuated or kept,0.0741389531252531,0.090211501514139,0.0977943652431703,0.25,False,False,attenuated or kept,single df,0.0768732445546554,0.0099882601034776,377,0.082175227319696,0.0031492773578426,377,9.83637699460134e-06,9,0.0055555555555555,0.9888888888888888,unresolved,True
rep_044,"Less than $30,000 - $100,000 or more",385,21.0,23.0,0.2727272727272727,0.9541018099518932,0.7698320888143302,1.1360632460775382,False,False,kept,0.0565221721177537,0.0696021188076135,0.1037068006003678,0.25,False,False,kept,single df,0.060167707125396,0.0052509479726464,384,0.0630621454626836,0.002563134586728,384,6.965538972254813e-06,9,0.0055555555555555,0.9888888888888888,kept,True
rep_044,18-29 - 65+,380,15.0,22.0,0.2473684210526315,0.9916674563168948,0.8217788144008383,1.165118916648273,False,False,kept,0.0662196552818754,0.0832190824900499,0.1137551578769301,0.25,False,False,kept,single df,0.0740967664807463,0.0057324096813967,379,0.0747193688859627,0.0033309784640319,379,9.49528648133726e-06,9,0.0055555555555555,0.9888888888888888,kept,True
rep_044,South - Northeast,385,37.0,18.0,0.374025974025974,1.1959138848490845,0.7245061259223389,1.6759191687111603,False,False,undetermined,0.0203681887866181,0.025600565542354,0.1138246365844662,0.25,False,False,undetermined,single df,0.0274873357856171,0.0043362785559317,384,0.022984377164486,0.0010253318420491,384,9.129712935774352e-07,9,0.0055555555555555,0.9888888888888888,unresolved,True
rep_045,Republican - Democrat,383,23.0,35.0,0.1723237597911227,1.04039119856904,0.9605913134610564,1.1224027726283567,False,False,kept,0.101316575113117,0.1352634087968122,0.1434898807695391,0.25,False,False,kept,single df,0.1230678665087477,0.0075384506881075,382,0.1182899919549646,0.0066520213950462,382,4.37089927306072e-05,9,0.0055555555555555,0.9888888888888888,kept,True
rep_045,Female - Male,384,55.0,44.0,0.28125,0.9777506621981984,0.8201087585043214,1.1405029564575122,False,False,kept,0.0377833623397615,0.053654242926846,0.1735706063255838,0.25,False,False,kept,single df,0.0447015895496214,0.0039597350183014,383,0.0457188026333037,0.0031100039412661,383,8.66130083301253e-06,9,0.0055555555555555,0.9888888888888888,kept,True
rep_045,Black - White,385,10.0,73.0,0.2493506493506493,1.048079696784537,0.8823874511678446,1.214645766158128,False,False,kept,0.065661662064632,0.083127565435944,0.1173868811923518,0.25,False,False,kept,single df,0.0779714842218046,0.0059361989958736,384,0.074394613750288,0.0034226027124533,384,1.191112096860146e-05,9,0.0055555555555555,0.9888888888888888,kept,True
rep_045,Hispanic - White,385,7.0,73.0,0.2987012987012987,1.113824546296673,0.8391174026385262,1.3959082808400674,False,False,kept or steepened,0.0487392316228472,0.0610008204491476,0.1117330326967233,0.25,False,False,kept or steepened,single df,0.0611155818548314,0.0062288066985317,384,0.0548700260359974,0.0024027699159732,384,4.746102397805053e-06,9,0.0055555555555555,0.9888888888888888,unresolved,True
rep_045,Asian - White,376,4.0,73.0,0.3377659574468085,1.0999810594761283,0.7187963047233248,1.4838927007921765,False,False,undetermined,0.0535606884275831,0.0670370175984751,0.1117461485376844,0.25,False,False,undetermined,single df,0.0663275962224671,0.0093526330085574,375,0.0602988530130291,0.002640500718031,375,6.917562457124957e-06,9,0.0055555555555555,0.9888888888888888,unresolved,True
rep_045,Less than high school - Postgraduate,378,4.0,21.0,0.3148148148148148,1.0450831270269307,0.7517559391680901,1.3324833566485033,False,False,kept or steepened,0.0741389531252531,0.090211501514139,0.0977943652431703,0.25,False,False,kept or steepened,single df,0.0858799435314168,0.0101873938445423,377,0.082175227319696,0.0031492773578426,377,1.3408925175739804e-05,9,0.0055555555555555,0.9888888888888888,unresolved,True
rep_045,"Less than $30,000 - $100,000 or more",385,21.0,23.0,0.2389610389610389,0.9933466763577476,0.8175807987176156,1.1705153562930315,False,False,kept,0.0565221721177537,0.0696021188076135,0.1037068006003678,0.25,False,False,kept,single df,0.0626425725993456,0.0049454664984451,384,0.0630621454626836,0.002563134586728,384,6.102112062991768e-06,9,0.0055555555555555,0.9888888888888888,kept,True
rep_045,18-29 - 65+,380,15.0,22.0,0.2710526315789474,1.0403144899943668,0.8760193506906515,1.2026971739889956,False,False,kept,0.0662196552818754,0.0832190824900499,0.1137551578769301,0.25,False,False,kept,single df,0.0777316421353012,0.0060225529035165,379,0.0747193688859627,0.0033309784640319,379,1.2352017407783544e-05,9,0.0055555555555555,0.9888888888888888,kept,True
rep_045,South - Northeast,385,37.0,18.0,0.387012987012987,1.0865070033840176,0.6182507833216806,1.5606793679783777,False,False,undetermined,0.0203681887866181,0.025600565542354,0.1138246365844662,0.25,False,False,undetermined,single df,0.0249726867576338,0.0043022719910942,384,0.022984377164486,0.0010253318420491,384,9.053307237190852e-07,9,0.0055555555555555,0.9888888888888888,unresolved,True
rep_046,Republican - Democrat,383,23.0,35.0,0.2036553524804177,0.995822800942908,0.9116396424280028,1.0785098928997991,False,False,kept,0.101316575113117,0.1352634087968122,0.1434898807695391,0.25,False,False,kept,single df,0.1177958711121069,0.0078529126293746,382,0.1182899919549646,0.0066520213950462,382,4.563907842805012e-05,9,0.0055555555555555,0.9888888888888888,kept,True
rep_046,Female - Male,384,55.0,44.0,0.2734375,0.992942715917377,0.8204069196061536,1.1581624316513288,False,False,kept,0.0377833623397615,0.053654242926846,0.1735706063255838,0.25,False,False,kept,single df,0.0453961520552031,0.0045468922846588,383,0.0457188026333037,0.0031100039412661,383,1.0742889861865516e-05,9,0.0055555555555555,0.9888888888888888,kept,True
rep_046,Black - White,385,10.0,73.0,0.2857142857142857,0.953599599143315,0.7732084981723024,1.129898016780665,False,False,kept,0.065661662064632,0.083127565435944,0.1173868811923518,0.25,False,False,kept,single df,0.0709426738506964,0.0063708358437079,384,0.074394613750288,0.0034226027124533,384,1.2886304460065218e-05,9,0.0055555555555555,0.9888888888888888,kept,True
rep_046,Hispanic - White,385,7.0,73.0,0.3454545454545454,0.7945707216678928,0.5211643610905267,1.0715471298092536,False,False,attenuated or kept,0.0487392316228472,0.0610008204491476,0.1117330326967233,0.25,False,False,attenuated or kept,single df,0.0435981161853585,0.0060771726189269,384,0.0548700260359974,0.0024027699159732,384,3.772125796226107e-06,9,0.0055555555555555,0.9888888888888888,unresolved,True
rep_046,Asian - White,376,4.0,73.0,0.351063829787234,0.9623911838287612,0.616852235961375,1.3025520221065532,False,False,undetermined,0.0535606884275831,0.0670370175984751,0.1117461485376844,0.25,False,False,undetermined,single df,0.0580310845347255,0.0086092945624996,375,0.0602988530130291,0.002640500718031,375,8.19271441858858e-06,9,0.0055555555555555,0.9888888888888888,unresolved,True
rep_046,Less than high school - Postgraduate,378,4.0,21.0,0.2724867724867725,1.1967099651298403,0.9100040828725616,1.4904465764084869,False,False,kept or steepened,0.0741389531252531,0.090211501514139,0.0977943652431703,0.25,False,False,kept or steepened,single df,0.0983399134202902,0.0095948725264623,377,0.082175227319696,0.0031492773578426,377,8.258209986106958e-06,9,0.0055555555555555,0.9888888888888888,unresolved,True
rep_046,"Less than $30,000 - $100,000 or more",385,21.0,23.0,0.2311688311688311,1.0069456436047164,0.8325073909508405,1.1808739471501342,False,False,kept,0.0565221721177537,0.0696021188076135,0.1037068006003678,0.25,False,False,kept,single df,0.0635001526500162,0.0050304048728202,384,0.0630621454626836,0.002563134586728,384,6.769363295847525e-06,9,0.0055555555555555,0.9888888888888888,kept,True
rep_046,18-29 - 65+,380,15.0,22.0,0.2894736842105263,0.965790140801167,0.7888200399601615,1.1420148732515183,False,False,kept,0.0662196552818754,0.0832190824900499,0.1137551578769301,0.25,False,False,kept,single df,0.0721632297969482,0.0061117021877655,379,0.0747193688859627,0.0033309784640319,379,1.1031262424795183e-05,9,0.0055555555555555,0.9888888888888888,kept,True
rep_046,South - Northeast,385,37.0,18.0,0.4025974025974026,0.8501811121785425,0.3880767329018971,1.3108142589761802,False,False,undetermined,0.0203681887866181,0.025600565542354,0.1138246365844662,0.25,False,False,undetermined,single df,0.0195408833404338,0.0042318611512225,384,0.022984377164486,0.0010253318420491,384,9.527174600950174e-07,9,0.0055555555555555,0.9888888888888888,unresolved,True
rep_047,Republican - Democrat,383,23.0,35.0,0.1749347258485639,1.0562608851401798,0.9757663548667308,1.138015482923867,False,False,kept,0.101316575113117,0.1352634087968122,0.1434898807695391,0.25,False,False,kept,single df,0.1249450916055756,0.0077729534430469,382,0.1182899919549646,0.0066520213950462,382,4.541274622001445e-05,9,0.0055555555555555,0.9888888888888888,kept,True
rep_047,Female - Male,384,55.0,44.0,0.265625,0.950076638264544,0.7820521132042633,1.1166727843509332,False,False,kept,0.0377833623397615,0.053654242926846,0.1735706063255838,0.25,False,False,kept,single df,0.0434363663113294,0.0042271926197498,383,0.0457188026333037,0.0031100039412661,383,9.411640682387104e-06,9,0.0055555555555555,0.9888888888888888,kept,True
rep_047,Black - White,385,10.0,73.0,0.2831168831168831,0.9791135319469542,0.7928886498346249,1.1617345060958866,False,False,kept,0.065661662064632,0.083127565435944,0.1173868811923518,0.25,False,False,kept,single df,0.0728407730268739,0.006534594351519,384,0.074394613750288,0.0034226027124533,384,1.2980287012074935e-05,9,0.0055555555555555,0.9888888888888888,kept,True
rep_047,Hispanic - White,385,7.0,73.0,0.2857142857142857,1.2168972471761732,0.9294097343569808,1.5143096671381022,False,False,kept or steepened,0.0487392316228472,0.0610008204491476,0.1117330326967233,0.25,False,False,kept or steepened,single df,0.0667711836356902,0.006486943099578,384,0.0548700260359974,0.0024027699159732,384,4.759298898430684e-06,9,0.0055555555555555,0.9888888888888888,unresolved,True
rep_047,Asian - White,376,4.0,73.0,0.3218085106382978,1.129020026924756,0.7779381476369607,1.4754046143009412,False,False,kept or steepened,0.0535606884275831,0.0670370175984751,0.1117461485376844,0.25,False,False,kept or steepened,single df,0.068078612652302,0.0088805635472786,375,0.0602988530130291,0.002640500718031,375,9.166797107357532e-06,9,0.0055555555555555,0.9888888888888888,unresolved,True
rep_047,Less than high school - Postgraduate,378,4.0,21.0,0.3095238095238095,1.0122034541759253,0.71097204687117,1.312113581672984,False,False,undetermined,0.0741389531252531,0.090211501514139,0.0977943652431703,0.25,False,False,undetermined,single df,0.0831780489406882,0.0102140830450432,377,0.082175227319696,0.0031492773578426,377,1.0717536781934673e-05,9,0.0055555555555555,0.9888888888888888,unresolved,True
rep_047,"Less than $30,000 - $100,000 or more",385,21.0,23.0,0.2311688311688311,1.015054549908854,0.8372056409680443,1.192921951993926,False,False,kept,0.0565221721177537,0.0696021188076135,0.1037068006003678,0.25,False,False,kept,single df,0.064011517678911,0.0050865361910801,384,0.0630621454626836,0.002563134586728,384,6.6629747268690384e-06,9,0.0055555555555555,0.9888888888888888,kept,True
rep_047,18-29 - 65+,380,15.0,22.0,0.2657894736842105,1.026900613860125,0.8645715231971471,1.1879200101952738,False,False,kept,0.0662196552818754,0.0832190824900499,0.1137551578769301,0.25,False,False,kept,single df,0.0767293657762362,0.0059127326232394,379,0.0747193688859627,0.0033309784640319,379,1.194811446557342e-05,9,0.0055555555555555,0.9888888888888888,kept,True
rep_047,South - Northeast,385,37.0,18.0,0.3818181818181818,0.9447166442355648,0.4947376738110512,1.391648355901678,False,False,undetermined,0.0203681887866181,0.025600565542354,0.1138246365844662,0.25,False,False,undetermined,single df,0.0217137236646778,0.0041564742908405,384,0.022984377164486,0.0010253318420491,384,1.115217259922227e-06,9,0.0055555555555555,0.9888888888888888,unresolved,True
rep_048,Republican - Democrat,383,23.0,35.0,0.1540469973890339,0.9982647084993742,0.916886099017379,1.0802027094040352,False,False,kept,0.101316575113117,0.1352634087968122,0.1434898807695391,0.25,False,False,kept,single df,0.118084724337316,0.0075469164923642,382,0.1182899919549646,0.0066520213950462,382,4.358387415047486e-05,9,0.0055555555555555,0.9888888888888888,kept,True
rep_048,Female - Male,384,55.0,44.0,0.2552083333333333,1.0008002236427722,0.8406625251341785,1.1622430957725645,False,False,kept,0.0377833623397615,0.053654242926846,0.1735706063255838,0.25,False,False,kept,single df,0.0457553879000901,0.004163040473738,383,0.0457188026333037,0.0031100039412661,383,9.476664805546578e-06,9,0.0055555555555555,0.9888888888888888,kept,True
rep_048,Black - White,385,10.0,73.0,0.2363636363636363,1.0659621480031445,0.8959546301890937,1.2383835460458026,False,False,kept,0.065661662064632,0.083127565435944,0.1173868811923518,0.25,False,False,kept,single df,0.0793018422731213,0.0059773790358358,384,0.074394613750288,0.0034226027124533,384,1.1475013232351278e-05,9,0.0055555555555555,0.9888888888888888,kept,True
rep_048,Hispanic - White,385,7.0,73.0,0.3194805194805195,0.9513883615742608,0.6654584730033272,1.228991728091178,False,False,attenuated or kept,0.0487392316228472,0.0610008204491476,0.1117330326967233,0.25,False,False,attenuated or kept,single df,0.0522027041699246,0.0067150393212535,384,0.0548700260359974,0.0024027699159732,384,7.393901935215088e-06,9,0.0055555555555555,0.9888888888888888,unresolved,True
rep_048,Asian - White,376,4.0,73.0,0.3856382978723404,0.9631722942666152,0.5992366766437857,1.3182708623844457,False,False,undetermined,0.0535606884275831,0.0670370175984751,0.1117461485376844,0.25,False,False,undetermined,single df,0.0580781845982046,0.0090784161766214,375,0.0602988530130291,0.002640500718031,375,9.151753848167793e-06,9,0.0055555555555555,0.9888888888888888,unresolved,True
rep_048,Less than high school - Postgraduate,378,4.0,21.0,0.3571428571428571,0.9867138395669826,0.6757735099880061,1.2970515265438314,False,False,undetermined,0.0741389531252531,0.090211501514139,0.0977943652431703,0.25,False,False,undetermined,single df,0.0810834340659069,0.0104585033316903,377,0.082175227319696,0.0031492773578426,377,1.0095669211160104e-05,9,0.0055555555555555,0.9888888888888888,unresolved,True
rep_048,"Less than $30,000 - $100,000 or more",385,21.0,23.0,0.2805194805194805,0.9410081497518242,0.7556506443028983,1.1270890621962044,False,False,kept,0.0565221721177537,0.0696021188076135,0.1037068006003678,0.25,False,False,kept,single df,0.0593419928212203,0.00512330863822,384,0.0630621454626836,0.002563134586728,384,5.963535430993119e-06,9,0.0055555555555555,0.9888888888888888,kept,True
rep_048,18-29 - 65+,380,15.0,22.0,0.25,0.9939366530364262,0.8285470615328694,1.1601539774513647,False,False,kept,0.0662196552818754,0.0832190824900499,0.1137551578769301,0.25,False,False,kept,single df,0.0742663194275078,0.0057906293435234,379,0.0747193688859627,0.0033309784640319,379,1.0677870396177927e-05,9,0.0055555555555555,0.9888888888888888,kept,True
rep_048,South - Northeast,385,37.0,18.0,0.3662337662337662,1.375779407668153,0.9310078855716254,1.8289711110208475,False,False,kept or steepened,0.0203681887866181,0.025600565542354,0.1138246365844662,0.25,False,False,kept or steepened,single df,0.031621432800978,0.0041480214929091,384,0.022984377164486,0.0010253318420491,384,1.1091668519766837e-06,9,0.0055555555555555,0.9888888888888888,unresolved,True
rep_049,Republican - Democrat,383,23.0,35.0,0.1827676240208877,0.9941448054286696,0.91566024599611,1.0725404411436936,False,False,kept,0.101316575113117,0.1352634087968122,0.1434898807695391,0.25,False,False,kept,single df,0.1175973810362271,0.0075412119145713,382,0.1182899919549646,0.0066520213950462,382,4.408388721303487e-05,9,0.0055555555555555,0.9888888888888888,kept,True
rep_049,Female - Male,384,55.0,44.0,0.2630208333333333,0.945337063352692,0.7863571791622291,1.1019627017796536,False,False,kept,0.0377833623397615,0.053654242926846,0.1735706063255838,0.25,False,False,kept,single df,0.0432196786213687,0.004133999009971,383,0.0457188026333037,0.0031100039412661,383,9.509945060413409e-06,9,0.0055555555555555,0.9888888888888888,kept,True
rep_049,Black - White,385,10.0,73.0,0.2649350649350649,1.072372228325476,0.8905868818907694,1.2598721632087064,False,False,kept or steepened,0.065661662064632,0.083127565435944,0.1173868811923518,0.25,False,False,kept or steepened,single df,0.0797787177228094,0.0060753384300123,384,0.074394613750288,0.0034226027124533,384,1.0166456428010244e-05,9,0.0055555555555555,0.9888888888888888,unresolved,True
rep_049,Hispanic - White,385,7.0,73.0,0.3584415584415584,0.8972773025672752,0.6088959943359211,1.184158550555678,False,False,attenuated or kept,0.0487392316228472,0.0610008204491476,0.1117330326967233,0.25,False,False,attenuated or kept,single df,0.0492336289533759,0.0065607837044765,384,0.0548700260359974,0.0024027699159732,384,5.52277239874191e-06,9,0.0055555555555555,0.9888888888888888,unresolved,True
rep_049,Asian - White,376,4.0,73.0,0.3377659574468085,1.1590481990046315,0.8006710141905345,1.5213475749354608,False,False,kept or steepened,0.0535606884275831,0.0670370175984751,0.1117461485376844,0.25,False,False,kept or steepened,single df,0.0698892769867964,0.0088572477910254,375,0.0602988530130291,0.002640500718031,375,6.99986008131684e-06,9,0.0055555555555555,0.9888888888888888,unresolved,True
rep_049,Less than high school - Postgraduate,378,4.0,21.0,0.3174603174603174,0.91020821935541,0.6194865400458716,1.202644324361298,False,False,attenuated or kept,0.0741389531252531,0.090211501514139,0.0977943652431703,0.25,False,False,attenuated or kept,single df,0.0747965673337866,0.009692115326594,377,0.082175227319696,0.0031492773578426,377,8.1469382216261e-06,9,0.0055555555555555,0.9888888888888888,unresolved,True
rep_049,"Less than $30,000 - $100,000 or more",385,21.0,23.0,0.2363636363636363,1.128843336586861,0.9450896143126774,1.315127243532514,False,False,kept or steepened,0.0565221721177537,0.0696021188076135,0.1037068006003678,0.25,False,False,kept or steepened,single df,0.0711872826964218,0.0052278253231935,384,0.0630621454626836,0.002563134586728,384,6.651656339128776e-06,9,0.0055555555555555,0.9888888888888888,unresolved,True
rep_049,18-29 - 65+,380,15.0,22.0,0.2447368421052631,1.0779485816211956,0.9134035140581384,1.2407081300787168,False,False,kept,0.0662196552818754,0.0832190824900499,0.1137551578769301,0.25,False,False,kept,single df,0.0805436377102543,0.0060981634311967,379,0.0747193688859627,0.0033309784640319,379,1.2715867769902238e-05,9,0.0055555555555555,0.9888888888888888,kept,True
rep_049,South - Northeast,385,37.0,18.0,0.3818181818181818,1.0602605441158086,0.5644897979269181,1.5622952483454096,False,False,undetermined,0.0203681887866181,0.025600565542354,0.1138246365844662,0.25,False,False,undetermined,single df,0.0243694282385809,0.0045370139231844,384,0.022984377164486,0.0010253318420491,384,8.638090213524284e-07,9,0.0055555555555555,0.9888888888888888,unresolved,True
rep_050,Republican - Democrat,383,23.0,35.0,0.2297650130548303,0.9633437533005864,0.8799023201824211,1.0448974544442269,False,False,kept,0.101316575113117,0.1352634087968122,0.1434898807695391,0.25,False,False,kept,single df,0.1139539248277918,0.007695214216754,382,0.1182899919549646,0.0066520213950462,382,4.461410687266026e-05,9,0.0055555555555555,0.9888888888888888,kept,True
rep_050,Female - Male,384,55.0,44.0,0.2630208333333333,0.9159977680176752,0.7626499430307108,1.065056754563221,False,False,kept,0.0377833623397615,0.053654242926846,0.1735706063255838,0.25,False,False,kept,single df,0.0418783211685468,0.0040566064823491,383,0.0457188026333037,0.0031100039412661,383,9.527364164584456e-06,9,0.0055555555555555,0.9888888888888888,kept,True
rep_050,Black - White,385,10.0,73.0,0.2181818181818181,1.1105081562094756,0.9446783438264916,1.2812137572028075,False,False,kept or steepened,0.065661662064632,0.083127565435944,0.1173868811923518,0.25,False,False,kept or steepened,single df,0.0826158253477484,0.0058000026770917,384,0.074394613750288,0.0034226027124533,384,1.0964810751968508e-05,9,0.0055555555555555,0.9888888888888888,unresolved,True
rep_050,Hispanic - White,385,7.0,73.0,0.3506493506493506,1.1092046414044043,0.8181968622393667,1.4038818824839328,False,False,kept or steepened,0.0487392316228472,0.0610008204491476,0.1117330326967233,0.25,False,False,kept or steepened,single df,0.0608620875531088,0.0066637521016024,384,0.0548700260359974,0.0024027699159732,384,5.565902914809916e-06,9,0.0055555555555555,0.9888888888888888,unresolved,True
rep_050,Asian - White,376,4.0,73.0,0.3537234042553192,1.0348363858393084,0.6825439695804381,1.3902820117517989,False,False,undetermined,0.0535606884275831,0.0670370175984751,0.1117461485376844,0.25,False,False,undetermined,single df,0.0623994471222587,0.0086435764233094,375,0.0602988530130291,0.002640500718031,375,6.345825104589017e-06,9,0.0055555555555555,0.9888888888888888,unresolved,True
rep_050,Less than high school - Postgraduate,378,4.0,21.0,0.3068783068783068,1.0631246028134431,0.7858227633953728,1.3448727382727448,False,False,kept or steepened,0.0741389531252531,0.090211501514139,0.0977943652431703,0.25,False,False,kept or steepened,single df,0.0873625059053563,0.0093060461597905,377,0.082175227319696,0.0031492773578426,377,8.260577210638302e-06,9,0.0055555555555555,0.9888888888888888,unresolved,True
rep_050,"Less than $30,000 - $100,000 or more",385,21.0,23.0,0.2415584415584415,1.110635022406282,0.9308551262312148,1.2946351536318617,False,False,kept or steepened,0.0565221721177537,0.0696021188076135,0.1037068006003678,0.25,False,False,kept or steepened,single df,0.0700390273389359,0.0050259776652093,384,0.0630621454626836,0.002563134586728,384,6.02140921912773e-06,9,0.0055555555555555,0.9888888888888888,unresolved,True
rep_050,18-29 - 65+,380,15.0,22.0,0.2578947368421053,0.973867121201948,0.8058564951609672,1.1428518602700746,False,False,kept,0.0662196552818754,0.0832190824900499,0.1137551578769301,0.25,False,False,kept,single df,0.0727667366749989,0.0058093747935527,379,0.0747193688859627,0.0033309784640319,379,1.0393246882102366e-05,9,0.0055555555555555,0.9888888888888888,kept,True
rep_050,South - Northeast,385,37.0,18.0,0.4103896103896104,0.819576418844383,0.333771884166721,1.3030619570871456,False,False,undetermined,0.0203681887866181,0.025600565542354,0.1138246365844662,0.25,False,False,undetermined,single df,0.0188374535258381,0.0044351457467114,384,0.022984377164486,0.0010253318420491,384,9.54492425593848e-07,9,0.0055555555555555,0.9888888888888888,unresolved,True
rep_051,Republican - Democrat,383,23.0,35.0,0.1984334203655352,1.0036249696640724,0.9229117285420456,1.0849009876452431,False,False,kept,0.101316575113117,0.1352634087968122,0.1434898807695391,0.25,False,False,kept,single df,0.1187187895873647,0.0075624128173219,382,0.1182899919549646,0.0066520213950462,382,4.381749944308492e-05,9,0.0055555555555555,0.9888888888888888,kept,True
rep_051,Female - Male,384,55.0,44.0,0.2395833333333333,1.0359040183819792,0.8766128908126751,1.1973895950350608,False,False,kept,0.0377833623397615,0.053654242926846,0.1735706063255838,0.25,False,False,kept,single df,0.0473602913634519,0.0042048638078661,383,0.0457188026333037,0.0031100039412661,383,9.677743764625328e-06,9,0.0055555555555555,0.9888888888888888,kept,True
rep_051,Black - White,385,10.0,73.0,0.2909090909090909,1.0526208121812386,0.8783542512159539,1.2229764159148673,False,False,kept,0.065661662064632,0.083127565435944,0.1173868811923518,0.25,False,False,kept,single df,0.0783093187477377,0.0064281061422739,384,0.074394613750288,0.0034226027124533,384,1.3970080704330776e-05,9,0.0055555555555555,0.9888888888888888,kept,True
rep_051,Hispanic - White,385,7.0,73.0,0.335064935064935,0.8388779820860824,0.5365862398955419,1.1364233852299577,False,False,attenuated or kept,0.0487392316228472,0.0610008204491476,0.1117330326967233,0.25,False,False,attenuated or kept,single df,0.0460292567180883,0.0068524984208354,384,0.0548700260359974,0.0024027699159732,384,5.926859153746348e-06,9,0.0055555555555555,0.9888888888888888,unresolved,True
rep_051,Asian - White,376,4.0,73.0,0.3537234042553192,0.9727738757185612,0.5937583873250409,1.348559763471716,False,False,undetermined,0.0535606884275831,0.0670370175984751,0.1117461485376844,0.25,False,False,undetermined,single df,0.0586571489468682,0.0093199882727106,375,0.0602988530130291,0.002640500718031,375,7.672783771260013e-06,9,0.0055555555555555,0.9888888888888888,unresolved,True
rep_051,Less than high school - Postgraduate,378,4.0,21.0,0.3227513227513227,0.893292308373113,0.5940413820279863,1.1932131468714269,False,False,attenuated or kept,0.0741389531252531,0.090211501514139,0.0977943652431703,0.25,False,False,attenuated or kept,single df,0.0734064985034966,0.0099742231156728,377,0.082175227319696,0.0031492773578426,377,8.51558686065788e-06,9,0.0055555555555555,0.9888888888888888,unresolved,True
rep_051,"Less than $30,000 - $100,000 or more",385,21.0,23.0,0.2363636363636363,1.027579393526902,0.8471615519825539,1.209580651626872,False,False,kept,0.0565221721177537,0.0696021188076135,0.1037068006003678,0.25,False,False,kept,single df,0.0648013611890497,0.005078962065131,384,0.0630621454626836,0.002563134586728,384,6.272439306061312e-06,9,0.0055555555555555,0.9888888888888888,kept,True
rep_051,18-29 - 65+,380,15.0,22.0,0.2394736842105263,0.9839211804610266,0.8231407485455917,1.141030820091913,False,False,kept,0.0662196552818754,0.0832190824900499,0.1137551578769301,0.25,False,False,kept,single df,0.0735179696375793,0.0059310160574232,379,0.0747193688859627,0.0033309784640319,379,1.247038561305276e-05,9,0.0055555555555555,0.9888888888888888,kept,True
rep_051,South - Northeast,385,37.0,18.0,0.4337662337662337,0.5586406574206259,0.0567338223486211,1.0434498335320028,False,False,undetermined,0.0203681887866181,0.025600565542354,0.1138246365844662,0.25,False,False,undetermined,single df,0.0128400075695721,0.0045367352939504,384,0.022984377164486,0.0010253318420491,384,1.272000612850361e-06,9,0.0055555555555555,0.9888888888888888,unresolved,True
rep_052,Republican - Democrat,383,23.0,35.0,0.1671018276762402,0.949785452414968,0.8750463196527447,1.0239966248443648,False,False,kept,0.101316575113117,0.1352634087968122,0.1434898807695391,0.25,False,False,kept,single df,0.112350113525109,0.0072558434549213,382,0.1182899919549646,0.0066520213950462,382,4.258307500598724e-05,9,0.0055555555555555,0.9888888888888888,kept,True
rep_052,Female - Male,384,55.0,44.0,0.28125,0.9834377101722818,0.7991561273525292,1.1689116071449726,False,False,kept,0.0377833623397615,0.053654242926846,0.1735706063255838,0.25,False,False,kept,single df,0.0449615945735147,0.0044307923079683,383,0.0457188026333037,0.0031100039412661,383,9.326303252422084e-06,9,0.0055555555555555,0.9888888888888888,kept,True
rep_052,Black - White,385,10.0,73.0,0.2233766233766233,1.1556185861552677,0.984784123841648,1.3303580595757936,False,False,kept or steepened,0.065661662064632,0.083127565435944,0.1173868811923518,0.25,False,False,kept or steepened,single df,0.0859717983596751,0.0060735235892552,384,0.074394613750288,0.0034226027124533,384,1.190019044813137e-05,9,0.0055555555555555,0.9888888888888888,unresolved,True
rep_052,Hispanic - White,385,7.0,73.0,0.3194805194805195,1.1159670913694,0.8430904233966795,1.3885665639401612,False,False,kept or steepened,0.0487392316228472,0.0610008204491476,0.1117330326967233,0.25,False,False,kept or steepened,single df,0.0612331433587553,0.0064266106024514,384,0.0548700260359974,0.0024027699159732,384,6.50611026787737e-06,9,0.0055555555555555,0.9888888888888888,unresolved,True
rep_052,Asian - White,376,4.0,73.0,0.3218085106382978,1.2671369017781149,0.8990525570105513,1.6423233034699476,False,False,kept or steepened,0.0535606884275831,0.0670370175984751,0.1117461485376844,0.25,False,False,kept or steepened,single df,0.0764069017877036,0.0090762568941357,375,0.0602988530130291,0.002640500718031,375,6.876825353146721e-06,9,0.0055555555555555,0.9888888888888888,unresolved,True
rep_052,Less than high school - Postgraduate,378,4.0,21.0,0.3386243386243386,1.0051437990553918,0.7135324323669444,1.2958905975645345,False,False,undetermined,0.0741389531252531,0.090211501514139,0.0977943652431703,0.25,False,False,undetermined,single df,0.0825979201763597,0.0098993518524889,377,0.082175227319696,0.0031492773578426,377,1.0412970934485202e-05,9,0.0055555555555555,0.9888888888888888,unresolved,True
rep_052,"Less than $30,000 - $100,000 or more",385,21.0,23.0,0.2649350649350649,1.0510184032743526,0.872152414930475,1.2326700034148854,False,False,kept,0.0565221721177537,0.0696021188076135,0.1037068006003678,0.25,False,False,kept,single df,0.0662794754312447,0.0050121379980701,384,0.0630621454626836,0.002563134586728,384,6.063199396325971e-06,9,0.0055555555555555,0.9888888888888888,kept,True
rep_052,18-29 - 65+,380,15.0,22.0,0.281578947368421,0.8859054212195292,0.7138747345755925,1.0539889408640335,False,False,attenuated or kept,0.0662196552818754,0.0832190824900499,0.1137551578769301,0.25,False,False,attenuated or kept,single df,0.0661942939661761,0.0060116437887489,379,0.0747193688859627,0.0033309784640319,379,1.1499813337866831e-05,9,0.0055555555555555,0.9888888888888888,unresolved,True
rep_052,South - Northeast,385,37.0,18.0,0.3792207792207792,1.0861446869707567,0.5761811935552177,1.5979603846271089,False,False,undetermined,0.0203681887866181,0.025600565542354,0.1138246365844662,0.25,False,False,undetermined,single df,0.0249643591405385,0.0046886975523937,384,0.022984377164486,0.0010253318420491,384,1.067695757143993e-06,9,0.0055555555555555,0.9888888888888888,unresolved,True
rep_053,Republican - Democrat,383,23.0,35.0,0.1932114882506527,0.9740511730784288,0.8929557545847658,1.0537899966519644,False,False,kept,0.101316575113117,0.1352634087968122,0.1434898807695391,0.25,False,False,kept,single df,0.1152205054271711,0.007640373620299,382,0.1182899919549646,0.0066520213950462,382,4.4528910928583125e-05,9,0.0055555555555555,0.9888888888888888,kept,True
rep_053,Female - Male,384,55.0,44.0,0.2708333333333333,1.0535732138457594,0.8877681287705509,1.217294065341538,False,False,kept,0.0377833623397615,0.053654242926846,0.1735706063255838,0.25,False,False,kept,single df,0.0481681058235498,0.0044578568578481,383,0.0457188026333037,0.0031100039412661,383,1.0514780989891344e-05,9,0.0055555555555555,0.9888888888888888,kept,True
rep_053,Black - White,385,10.0,73.0,0.2649350649350649,1.0050399894840196,0.8312498176457834,1.1795753238848594,False,False,kept,0.065661662064632,0.083127565435944,0.1173868811923518,0.25,False,False,kept,single df,0.0747695618212572,0.0060527088342632,384,0.074394613750288,0.0034226027124533,384,1.1460879169477716e-05,9,0.0055555555555555,0.9888888888888888,kept,True
rep_053,Hispanic - White,385,7.0,73.0,0.3428571428571428,0.8754081311218432,0.6093269709794992,1.134627120147925,False,False,attenuated or kept,0.0487392316228472,0.0610008204491476,0.1117330326967233,0.25,False,False,attenuated or kept,single df,0.0480336669467794,0.0062181883063818,384,0.0548700260359974,0.0024027699159732,384,6.620880343417724e-06,9,0.0055555555555555,0.9888888888888888,unresolved,True
rep_053,Asian - White,376,4.0,73.0,0.3696808510638298,0.7905767555199779,0.4324999304140681,1.145370653439688,False,False,attenuated or kept,0.0535606884275831,0.0670370175984751,0.1117461485376844,0.25,False,False,attenuated or kept,single df,0.0476708715766166,0.0087084948587588,375,0.0602988530130291,0.002640500718031,375,6.41716255304252e-06,9,0.0055555555555555,0.9888888888888888,unresolved,True
rep_053,Less than high school - Postgraduate,378,4.0,21.0,0.3439153439153439,0.9073437478579548,0.5959228671047095,1.217050464747197,False,False,attenuated or kept,0.0741389531252531,0.090211501514139,0.0977943652431703,0.25,False,False,attenuated or kept,single df,0.0745611787373324,0.0104320379726749,377,0.082175227319696,0.0031492773578426,377,9.879312985778004e-06,9,0.0055555555555555,0.9888888888888888,unresolved,True
rep_053,"Less than $30,000 - $100,000 or more",385,21.0,23.0,0.2779220779220779,0.9247444804940398,0.7439882807560636,1.1030948491034138,False,False,attenuated or kept,0.0565221721177537,0.0696021188076135,0.1037068006003678,0.25,False,False,attenuated or kept,single df,0.0583163709447289,0.0051422658305378,384,0.0630621454626836,0.002563134586728,384,6.80214350424932e-06,9,0.0055555555555555,0.9888888888888888,unresolved,True
rep_053,18-29 - 65+,380,15.0,22.0,0.2368421052631578,1.03386347662011,0.8722798120331487,1.1932345787029195,False,False,kept,0.0662196552818754,0.0832190824900499,0.1137551578769301,0.25,False,False,kept,single df,0.0772496264873018,0.0059657643519158,379,0.0747193688859627,0.0033309784640319,379,1.2407437093306436e-05,9,0.0055555555555555,0.9888888888888888,kept,True
rep_053,South - Northeast,385,37.0,18.0,0.3818181818181818,1.021777977343309,0.5887264419525654,1.468277988337091,False,False,undetermined,0.0203681887866181,0.025600565542354,0.1138246365844662,0.25,False,False,undetermined,single df,0.0234849304096243,0.0039349122628088,384,0.022984377164486,0.0010253318420491,384,5.356384515516587e-07,9,0.0055555555555555,0.9888888888888888,unresolved,True
rep_054,Republican - Democrat,383,23.0,35.0,0.1879895561357702,1.004171651586568,0.9281269475115836,1.0806938151869836,False,False,kept,0.101316575113117,0.1352634087968122,0.1434898807695391,0.25,False,False,kept,single df,0.1187834565875786,0.0074738699973773,382,0.1182899919549646,0.0066520213950462,382,4.393148161508356e-05,9,0.0055555555555555,0.9888888888888888,kept,True
rep_054,Female - Male,384,55.0,44.0,0.2890625,0.9464947992966808,0.775799835673055,1.112606795447027,False,False,kept,0.0377833623397615,0.053654242926846,0.1735706063255838,0.25,False,False,kept,single df,0.0432726089224934,0.0043410089517009,383,0.0457188026333037,0.0031100039412661,383,9.868127541801249e-06,9,0.0055555555555555,0.9888888888888888,kept,True
rep_054,Black - White,385,10.0,73.0,0.2519480519480519,1.045004971349926,0.8620008497891911,1.233962322316977,False,False,kept,0.065661662064632,0.083127565435944,0.1173868811923518,0.25,False,False,kept,single df,0.0777427412107085,0.0060471626042775,384,0.074394613750288,0.0034226027124533,384,9.745833161125122e-06,9,0.0055555555555555,0.9888888888888888,kept,True
rep_054,Hispanic - White,385,7.0,73.0,0.3506493506493506,1.0854587417310255,0.8036232493975064,1.371235817750862,False,False,kept or steepened,0.0487392316228472,0.0610008204491476,0.1117330326967233,0.25,False,False,kept or steepened,single df,0.0595591494197824,0.006452114931246,384,0.0548700260359974,0.0024027699159732,384,5.3666753181765e-06,9,0.0055555555555555,0.9888888888888888,unresolved,True
rep_054,Asian - White,376,4.0,73.0,0.3643617021276595,0.9369889539823676,0.5940810799077935,1.2774533936976,False,False,undetermined,0.0535606884275831,0.0670370175984751,0.1117461485376844,0.25,False,False,undetermined,single df,0.0564993592110147,0.0084708908319824,375,0.0602988530130291,0.002640500718031,375,7.206544792877688e-06,9,0.0055555555555555,0.9888888888888888,unresolved,True
rep_054,Less than high school - Postgraduate,378,4.0,21.0,0.2883597883597883,1.1560498810109183,0.8543884353108943,1.4570639170546562,False,False,kept or steepened,0.0741389531252531,0.090211501514139,0.0977943652431703,0.25,False,False,kept or steepened,single df,0.0949986617649798,0.010358109160065,377,0.082175227319696,0.0031492773578426,377,1.1798125785904444e-05,9,0.0055555555555555,0.9888888888888888,unresolved,True
rep_054,"Less than $30,000 - $100,000 or more",385,21.0,23.0,0.2623376623376623,0.9771489447226912,0.7923489071130416,1.162039208040114,False,False,kept,0.0565221721177537,0.0696021188076135,0.1037068006003678,0.25,False,False,kept,single df,0.0616211088908102,0.0051832570742609,384,0.0630621454626836,0.002563134586728,384,6.392274855281621e-06,9,0.0055555555555555,0.9888888888888888,kept,True
rep_054,18-29 - 65+,380,15.0,22.0,0.2368421052631578,0.976667897400384,0.8167127265295102,1.136785119039235,False,False,kept,0.0662196552818754,0.0832190824900499,0.1137551578769301,0.25,False,False,kept,single df,0.0729760089049368,0.0056679672889388,379,0.0747193688859627,0.0033309784640319,379,1.0767963078462776e-05,9,0.0055555555555555,0.9888888888888888,kept,True
rep_054,South - Northeast,385,37.0,18.0,0.374025974025974,1.0574326198424913,0.5961389554424231,1.5232345883538512,False,False,undetermined,0.0203681887866181,0.025600565542354,0.1138246365844662,0.25,False,False,undetermined,single df,0.0243044301604904,0.0042430349954491,384,0.022984377164486,0.0010253318420491,384,9.311435252311152e-07,9,0.0055555555555555,0.9888888888888888,unresolved,True
rep_055,Republican - Democrat,383,23.0,35.0,0.2114882506527415,1.0035192996708486,0.9237078784678872,1.081350219716369,False,False,kept,0.101316575113117,0.1352634087968122,0.1434898807695391,0.25,False,False,kept,single df,0.1187062898847164,0.0078625665191276,382,0.1182899919549646,0.0066520213950462,382,4.648948473301989e-05,9,0.0055555555555555,0.9888888888888888,kept,True
rep_055,Female - Male,384,55.0,44.0,0.2890625,0.966599484406755,0.8079248051836286,1.1244247458273642,False,False,kept,0.0377833623397615,0.053654242926846,0.1735706063255838,0.25,False,False,kept,single df,0.0441917710530456,0.0041340293608816,383,0.0457188026333037,0.0031100039412661,383,9.481314533342822e-06,9,0.0055555555555555,0.9888888888888888,kept,True
rep_055,Black - White,385,10.0,73.0,0.2545454545454545,0.9981102996364573,0.8088627882158009,1.1844989625530984,False,False,kept,0.065661662064632,0.083127565435944,0.1173868811923518,0.25,False,False,kept,single df,0.0742540302216385,0.0066057119673961,384,0.074394613750288,0.0034226027124533,384,1.289049269621849e-05,9,0.0055555555555555,0.9888888888888888,kept,True
rep_055,Hispanic - White,385,7.0,73.0,0.3428571428571428,0.8775835863235655,0.5850612606508729,1.1703860304846616,False,False,attenuated or kept,0.0487392316228472,0.0610008204491476,0.1117330326967233,0.25,False,False,attenuated or kept,single df,0.048153034230338,0.0065915603322924,384,0.0548700260359974,0.0024027699159732,384,5.002594929625418e-06,9,0.0055555555555555,0.9888888888888888,unresolved,True
rep_055,Asian - White,376,4.0,73.0,0.3617021276595745,1.0295240424828824,0.6535099803177097,1.4014817801106292,False,False,undetermined,0.0535606884275831,0.0670370175984751,0.1117461485376844,0.25,False,False,undetermined,single df,0.0620791189110549,0.0093171467287604,375,0.0602988530130291,0.002640500718031,375,8.29637886233936e-06,9,0.0055555555555555,0.9888888888888888,unresolved,True
rep_055,Less than high school - Postgraduate,378,4.0,21.0,0.335978835978836,0.8925777230374403,0.583619878050441,1.200831842052138,False,False,attenuated or kept,0.0741389531252531,0.090211501514139,0.0977943652431703,0.25,False,False,attenuated or kept,single df,0.0733477772910984,0.0103134379340588,377,0.082175227319696,0.0031492773578426,377,9.213944430396448e-06,9,0.0055555555555555,0.9888888888888888,unresolved,True
rep_055,"Less than $30,000 - $100,000 or more",385,21.0,23.0,0.2389610389610389,1.0851295015524445,0.9057312037732363,1.265718365599196,False,False,kept or steepened,0.0565221721177537,0.0696021188076135,0.1037068006003678,0.25,False,False,kept or steepened,single df,0.0684305944727496,0.0051509156495735,384,0.0630621454626836,0.002563134586728,384,6.769218018168387e-06,9,0.0055555555555555,0.9888888888888888,unresolved,True
rep_055,18-29 - 65+,380,15.0,22.0,0.2710526315789474,0.943271804151498,0.780770628203102,1.1030777679868502,False,False,kept,0.0662196552818754,0.0832190824900499,0.1137551578769301,0.25,False,False,kept,single df,0.0704806738941233,0.0058311454983749,379,0.0747193688859627,0.0033309784640319,379,1.1606527514848008e-05,9,0.0055555555555555,0.9888888888888888,kept,True
rep_055,South - Northeast,385,37.0,18.0,0.3896103896103896,0.907385011021958,0.4437044320295688,1.380668901439681,False,False,undetermined,0.0203681887866181,0.025600565542354,0.1138246365844662,0.25,False,False,undetermined,single df,0.02085567932673,0.0042123880629487,384,0.022984377164486,0.0010253318420491,384,5.693612656830101e-07,9,0.0055555555555555,0.9888888888888888,unresolved,True
rep_056,Republican - Democrat,383,23.0,35.0,0.2114882506527415,0.9787120598180128,0.8971050292543477,1.059472122183575,False,False,kept,0.101316575113117,0.1352634087968122,0.1434898807695391,0.25,False,False,kept,single df,0.1157718416820995,0.0076159554781364,382,0.1182899919549646,0.0066520213950462,382,4.419879804345656e-05,9,0.0055555555555555,0.9888888888888888,kept,True
rep_056,Female - Male,384,55.0,44.0,0.2604166666666667,1.0826221044405548,0.9220525848390944,1.2436848572570456,False,False,kept,0.0377833623397615,0.053654242926846,0.1735706063255838,0.25,False,False,kept,single df,0.0494961863193697,0.0043843888231796,383,0.0457188026333037,0.0031100039412661,383,1.0394465416672948e-05,9,0.0055555555555555,0.9888888888888888,kept,True
rep_056,Black - White,385,10.0,73.0,0.2337662337662337,1.0491500565382197,0.8719728991024723,1.230533371089094,False,False,kept,0.065661662064632,0.083127565435944,0.1173868811923518,0.25,False,False,kept,single df,0.0780511132222537,0.0060114646419141,384,0.074394613750288,0.0034226027124533,384,1.052675640774675e-05,9,0.0055555555555555,0.9888888888888888,kept,True
rep_056,Hispanic - White,385,7.0,73.0,0.335064935064935,1.0362339965030565,0.7343147873140183,1.336298342858812,False,False,undetermined,0.0487392316228472,0.0610008204491476,0.1117330326967233,0.25,False,False,undetermined,single df,0.0568581863675084,0.0069605593985872,384,0.0548700260359974,0.0024027699159732,384,6.406025894218315e-06,9,0.0055555555555555,0.9888888888888888,unresolved,True
rep_056,Asian - White,376,4.0,73.0,0.2845744680851064,1.2879713929102388,0.947010566387288,1.642185658080569,False,False,kept or steepened,0.0535606884275831,0.0670370175984751,0.1117461485376844,0.25,False,False,kept or steepened,single df,0.0776631977060808,0.0082913073070851,375,0.0602988530130291,0.002640500718031,375,5.326217298438484e-06,9,0.0055555555555555,0.9888888888888888,unresolved,True
rep_056,Less than high school - Postgraduate,378,4.0,21.0,0.3544973544973545,0.8947468049039811,0.6114700331222046,1.1767303223645806,False,False,attenuated or kept,0.0741389531252531,0.090211501514139,0.0977943652431703,0.25,False,False,attenuated or kept,single df,0.0735260220865564,0.0095485161540787,377,0.082175227319696,0.0031492773578426,377,9.538215104277729e-06,9,0.0055555555555555,0.9888888888888888,unresolved,True
rep_056,"Less than $30,000 - $100,000 or more",385,21.0,23.0,0.2831168831168831,0.9175809404556292,0.7518060715155255,1.0818963434583042,False,False,kept,0.0565221721177537,0.0696021188076135,0.1037068006003678,0.25,False,False,kept,single df,0.0578646227407989,0.0047749928571855,384,0.0630621454626836,0.002563134586728,384,6.4691506948899385e-06,9,0.0055555555555555,0.9888888888888888,kept,True
rep_056,18-29 - 65+,380,15.0,22.0,0.2763157894736842,0.940115101963253,0.7828537453999785,1.0974630865850703,False,False,kept,0.0662196552818754,0.0832190824900499,0.1137551578769301,0.25,False,False,kept,single df,0.0702448070988567,0.0055389408404143,379,0.0747193688859627,0.0033309784640319,379,1.0394311181906056e-05,9,0.0055555555555555,0.9888888888888888,kept,True
rep_056,South - Northeast,385,37.0,18.0,0.3636363636363636,1.212410689208509,0.7759446916631434,1.6657743433726862,False,False,kept or steepened,0.0203681887866181,0.025600565542354,0.1138246365844662,0.25,False,False,kept or steepened,single df,0.0278665045590228,0.0039690137370678,384,0.022984377164486,0.0010253318420491,384,5.9792456928694e-07,9,0.0055555555555555,0.9888888888888888,unresolved,True
rep_057,Republican - Democrat,383,23.0,35.0,0.1801566579634465,1.0180323795861197,0.9348676738386048,1.1045860428713907,False,False,kept,0.101316575113117,0.1352634087968122,0.1434898807695391,0.25,False,False,kept,single df,0.1204230419911355,0.0073313742679276,382,0.1182899919549646,0.0066520213950462,382,4.148061781031279e-05,9,0.0055555555555555,0.9888888888888888,kept,True
rep_057,Female - Male,384,55.0,44.0,0.2447916666666666,1.0278080440271735,0.8672897363098172,1.1919155246724604,False,False,kept,0.0377833623397615,0.053654242926846,0.1735706063255838,0.25,False,False,kept,single df,0.0469901531098003,0.0041558639449173,383,0.0457188026333037,0.0031100039412661,383,9.382297046136362e-06,9,0.0055555555555555,0.9888888888888888,kept,True
rep_057,Black - White,385,10.0,73.0,0.2545454545454545,1.0591546392674285,0.8830102987270703,1.2362050779176033,False,False,kept,0.065661662064632,0.083127565435944,0.1173868811923518,0.25,False,False,kept,single df,0.078795400290126,0.0062034661312578,384,0.074394613750288,0.0034226027124533,384,1.2027325862523195e-05,9,0.0055555555555555,0.9888888888888888,kept,True
rep_057,Hispanic - White,385,7.0,73.0,0.3168831168831169,1.0542566994473133,0.778597489719253,1.3281073387372675,False,False,kept or steepened,0.0487392316228472,0.0610008204491476,0.1117330326967233,0.25,False,False,kept or steepened,single df,0.0578470925472988,0.006462313924038,384,0.0548700260359974,0.0024027699159732,384,6.499506183365432e-06,9,0.0055555555555555,0.9888888888888888,unresolved,True
rep_057,Asian - White,376,4.0,73.0,0.3670212765957447,0.9043430856734574,0.5515027672477442,1.264579791373432,False,False,undetermined,0.0535606884275831,0.0670370175984751,0.1117461485376844,0.25,False,False,undetermined,single df,0.054530850796373,0.0084910331587459,375,0.0602988530130291,0.002640500718031,375,4.2661945500480325e-06,9,0.0055555555555555,0.9888888888888888,unresolved,True
rep_057,Less than high school - Postgraduate,378,4.0,21.0,0.3306878306878307,0.9023807235934632,0.6097322411449635,1.18964849443098,False,False,attenuated or kept,0.0741389531252531,0.090211501514139,0.0977943652431703,0.25,False,False,attenuated or kept,single df,0.0741533410902046,0.0099705333662677,377,0.082175227319696,0.0031492773578426,377,1.1713080079691006e-05,9,0.0055555555555555,0.9888888888888888,unresolved,True
rep_057,"Less than $30,000 - $100,000 or more",385,21.0,23.0,0.2311688311688311,1.0638292036255774,0.8863291690081455,1.243134239097167,False,False,kept,0.0565221721177537,0.0696021188076135,0.1037068006003678,0.25,False,False,kept,single df,0.067087351986487,0.0050504165337141,384,0.0630621454626836,0.002563134586728,384,6.443639646847289e-06,9,0.0055555555555555,0.9888888888888888,kept,True
rep_057,18-29 - 65+,380,15.0,22.0,0.2921052631578947,0.9187421308718297,0.7542768105284952,1.08022659463078,False,False,kept,0.0662196552818754,0.0832190824900499,0.1137551578769301,0.25,False,False,kept,single df,0.0686478321876876,0.0058447344465296,379,0.0747193688859627,0.0033309784640319,379,1.1455236729064612e-05,9,0.0055555555555555,0.9888888888888888,kept,True
rep_057,South - Northeast,385,37.0,18.0,0.348051948051948,1.0123266610406114,0.5363225634154509,1.4882174071166956,False,False,undetermined,0.0203681887866181,0.025600565542354,0.1138246365844662,0.25,False,False,undetermined,single df,0.0232676977910222,0.0043851618349005,384,0.022984377164486,0.0010253318420491,384,1.0688037862520484e-06,9,0.0055555555555555,0.9888888888888888,unresolved,True
rep_058,Republican - Democrat,383,23.0,35.0,0.1514360313315927,1.0466204414932614,0.9605694527341132,1.134297610580508,False,False,kept,0.101316575113117,0.1352634087968122,0.1434898807695391,0.25,False,False,kept,single df,0.1238047236041394,0.0077954915547497,382,0.1182899919549646,0.0066520213950462,382,4.460084874965464e-05,9,0.0055555555555555,0.9888888888888888,kept,True
rep_058,Female - Male,384,55.0,44.0,0.2734375,0.9093086660432288,0.7560907158214658,1.0583093618895412,False,False,kept,0.0377833623397615,0.053654242926846,0.1735706063255838,0.25,False,False,kept,single df,0.0415725034355831,0.0040373200233424,383,0.0457188026333037,0.0031100039412661,383,9.45152157372626e-06,9,0.0055555555555555,0.9888888888888888,kept,True
rep_058,Black - White,385,10.0,73.0,0.2727272727272727,0.965244823551935,0.7994007580335106,1.1289979517759592,False,False,kept,0.065661662064632,0.083127565435944,0.1173868811923518,0.25,False,False,kept,single df,0.0718090158226111,0.0059476763893125,384,0.074394613750288,0.0034226027124533,384,1.2183593823475046e-05,9,0.0055555555555555,0.9888888888888888,kept,True
rep_058,Hispanic - White,385,7.0,73.0,0.3402597402597402,1.005145180237225,0.7339019727563864,1.276947767931701,False,False,undetermined,0.0487392316228472,0.0610008204491476,0.1117330326967233,0.25,False,False,undetermined,single df,0.0551523422095738,0.006264513168995,384,0.0548700260359974,0.0024027699159732,384,5.675281068820844e-06,9,0.0055555555555555,0.9888888888888888,unresolved,True
rep_058,Asian - White,376,4.0,73.0,0.3696808510638298,0.8150552753914071,0.4709598856337281,1.1567913032936878,False,False,attenuated or kept,0.0535606884275831,0.0670370175984751,0.1117461485376844,0.25,False,False,attenuated or kept,single df,0.0491468982483204,0.0083981313898707,375,0.0602988530130291,0.002640500718031,375,6.3332155241520735e-06,9,0.0055555555555555,0.9888888888888888,unresolved,True
rep_058,Less than high school - Postgraduate,378,4.0,21.0,0.3068783068783068,0.9986477147143809,0.7123144461194002,1.2845929960062343,False,False,undetermined,0.0741389531252531,0.090211501514139,0.0977943652431703,0.25,False,False,undetermined,single df,0.0820641029689492,0.0097152010220994,377,0.082175227319696,0.0031492773578426,377,1.0103790513415552e-05,9,0.0055555555555555,0.9888888888888888,unresolved,True
rep_058,"Less than $30,000 - $100,000 or more",385,21.0,23.0,0.2441558441558441,0.9355426155647484,0.7612159856538084,1.1093378794006594,False,False,kept,0.0565221721177537,0.0696021188076135,0.1037068006003678,0.25,False,False,kept,single df,0.0589973245092837,0.0049353949445273,384,0.0630621454626836,0.002563134586728,384,6.306740588622066e-06,9,0.0055555555555555,0.9888888888888888,kept,True
rep_058,18-29 - 65+,380,15.0,22.0,0.2710526315789474,0.931309413595015,0.7632200328683455,1.0961351048349537,False,False,kept,0.0662196552818754,0.0832190824900499,0.1137551578769301,0.25,False,False,kept,single df,0.0695868516213755,0.00597027255945,379,0.0747193688859627,0.0033309784640319,379,1.1714362387394056e-05,9,0.0055555555555555,0.9888888888888888,kept,True
rep_058,South - Northeast,385,37.0,18.0,0.3688311688311688,1.0963620066042747,0.6206769697868784,1.5854166909614529,False,False,undetermined,0.0203681887866181,0.025600565542354,0.1138246365844662,0.25,False,False,undetermined,single df,0.0251991978686054,0.0043269069326009,384,0.022984377164486,0.0010253318420491,384,6.17205818747044e-07,9,0.0055555555555555,0.9888888888888888,unresolved,True
rep_059,Republican - Democrat,383,23.0,35.0,0.1801566579634465,0.9869237044210852,0.909406750882524,1.0636958333330078,False,False,kept,0.101316575113117,0.1352634087968122,0.1434898807695391,0.25,False,False,kept,single df,0.116743197056134,0.0075613156859796,382,0.1182899919549646,0.0066520213950462,382,4.445465777004387e-05,9,0.0055555555555555,0.9888888888888888,kept,True
rep_059,Female - Male,384,55.0,44.0,0.2578125,1.0601412452099088,0.9013764883342608,1.220834697236863,False,False,kept,0.0377833623397615,0.053654242926846,0.1735706063255838,0.25,False,False,kept,single df,0.0484683883531767,0.0042635412935525,383,0.0457188026333037,0.0031100039412661,383,9.953543877777715e-06,9,0.0055555555555555,0.9888888888888888,kept,True
rep_059,Black - White,385,10.0,73.0,0.2571428571428571,1.0019676528111094,0.8369712905055703,1.1689914091033051,False,False,kept,0.065661662064632,0.083127565435944,0.1173868811923518,0.25,False,False,kept,single df,0.0745409965211652,0.0057586421930064,384,0.074394613750288,0.0034226027124533,384,1.0887382057613608e-05,9,0.0055555555555555,0.9888888888888888,kept,True
rep_059,Hispanic - White,385,7.0,73.0,0.3272727272727272,0.9566102875124148,0.672729893493883,1.2385659662181194,False,False,attenuated or kept,0.0487392316228472,0.0610008204491476,0.1117330326967233,0.25,False,False,attenuated or kept,single df,0.0524892313821092,0.0065327531992782,384,0.0548700260359974,0.0024027699159732,384,5.9622839412563085e-06,9,0.0055555555555555,0.9888888888888888,unresolved,True
rep_059,Asian - White,376,4.0,73.0,0.3776595744680851,0.7666947056956278,0.3959309475131776,1.1359040923911676,False,False,attenuated or kept,0.0535606884275831,0.0670370175984751,0.1117461485376844,0.25,False,False,attenuated or kept,single df,0.0462308113646083,0.0089573149450601,375,0.0602988530130291,0.002640500718031,375,5.77410645637822e-06,9,0.0055555555555555,0.9888888888888888,unresolved,True
rep_059,Less than high school - Postgraduate,378,4.0,21.0,0.335978835978836,0.9476158816888496,0.6317080258249137,1.2621156712288708,False,False,undetermined,0.0741389531252531,0.090211501514139,0.0977943652431703,0.25,False,False,undetermined,single df,0.0778705504895354,0.0105982950664839,377,0.082175227319696,0.0031492773578426,377,1.0121530636883983e-05,9,0.0055555555555555,0.9888888888888888,unresolved,True
rep_059,"Less than $30,000 - $100,000 or more",385,21.0,23.0,0.2727272727272727,0.947840065988092,0.7730931243450406,1.1237666071587002,False,False,kept,0.0565221721177537,0.0696021188076135,0.1037068006003678,0.25,False,False,kept,single df,0.0597728281167007,0.0048788792165578,384,0.0630621454626836,0.002563134586728,384,5.8705866992581954e-06,9,0.0055555555555555,0.9888888888888888,kept,True
rep_059,18-29 - 65+,380,15.0,22.0,0.231578947368421,1.0328397947475336,0.8669989521962858,1.2001791317089048,False,False,kept,0.0662196552818754,0.0832190824900499,0.1137551578769301,0.25,False,False,kept,single df,0.0771731376238429,0.00583211919468,379,0.0747193688859627,0.0033309784640319,379,1.0825670829376464e-05,9,0.0055555555555555,0.9888888888888888,kept,True
rep_059,South - Northeast,385,37.0,18.0,0.4207792207792207,0.8609081827008104,0.3789022963752547,1.341852364702815,False,False,undetermined,0.0203681887866181,0.025600565542354,0.1138246365844662,0.25,False,False,undetermined,single df,0.0197874383751877,0.0044067352012822,384,0.022984377164486,0.0010253318420491,384,9.475947829604236e-07,9,0.0055555555555555,0.9888888888888888,unresolved,True
rep_060,Republican - Democrat,383,23.0,35.0,0.1775456919060052,1.015347790563606,0.9384758882464196,1.0923754160659571,False,False,kept,0.101316575113117,0.1352634087968122,0.1434898807695391,0.25,False,False,kept,single df,0.12010548197726,0.0075992675190952,382,0.1182899919549646,0.0066520213950462,382,4.476462884744153e-05,9,0.0055555555555555,0.9888888888888888,kept,True
rep_060,Female - Male,384,55.0,44.0,0.3020833333333333,0.9346382216898028,0.7698465963881086,1.0963235253741346,False,False,kept,0.0377833623397615,0.053654242926846,0.1735706063255838,0.25,False,False,kept,single df,0.0427305403909781,0.0042011299576592,383,0.0457188026333037,0.0031100039412661,383,9.523553545000258e-06,9,0.0055555555555555,0.9888888888888888,kept,True
rep_060,Black - White,385,10.0,73.0,0.2571428571428571,1.0545499212942693,0.8858432626825956,1.2227060063845765,False,False,kept,0.065661662064632,0.083127565435944,0.1173868811923518,0.25,False,False,kept,single df,0.0784528340750838,0.0061072322148114,384,0.074394613750288,0.0034226027124533,384,1.2584017099627678e-05,9,0.0055555555555555,0.9888888888888888,kept,True
rep_060,Hispanic - White,385,7.0,73.0,0.3142857142857143,1.0662807521126976,0.7864686472221833,1.3445859509884577,False,False,kept or steepened,0.0487392316228472,0.0610008204491476,0.1117330326967233,0.25,False,False,kept or steepened,single df,0.0585068526301066,0.0065467794190905,384,0.0548700260359974,0.0024027699159732,384,6.500043705650051e-06,9,0.0055555555555555,0.9888888888888888,unresolved,True
rep_060,Asian - White,376,4.0,73.0,0.2819148936170212,1.396968502226285,1.029324264492462,1.7735000593035544,False,False,kept or steepened,0.0535606884275831,0.0670370175984751,0.1117461485376844,0.25,False,False,kept or steepened,single df,0.0842355983795742,0.0091152697347604,375,0.0602988530130291,0.002640500718031,375,7.289864892797151e-06,9,0.0055555555555555,0.9888888888888888,unresolved,True
rep_060,Less than high school - Postgraduate,378,4.0,21.0,0.2804232804232804,1.1898286149424853,0.9024860900291256,1.4774640473215124,False,False,kept or steepened,0.0741389531252531,0.090211501514139,0.0977943652431703,0.25,False,False,kept or steepened,single df,0.0977744369043778,0.0099284469781594,377,0.082175227319696,0.0031492773578426,377,1.1650232798882971e-05,9,0.0055555555555555,0.9888888888888888,unresolved,True
rep_060,"Less than $30,000 - $100,000 or more",385,21.0,23.0,0.2623376623376623,1.054639557996764,0.8688490548357329,1.2405051313397528,False,False,kept,0.0565221721177537,0.0696021188076135,0.1037068006003678,0.25,False,False,kept,single df,0.0665078332170923,0.005303404484964,384,0.0630621454626836,0.002563134586728,384,6.905940779960363e-06,9,0.0055555555555555,0.9888888888888888,kept,True
rep_060,18-29 - 65+,380,15.0,22.0,0.2447368421052631,1.0222370897580184,0.8603658331242482,1.1851439995109532,False,False,kept,0.0662196552818754,0.0832190824900499,0.1137551578769301,0.25,False,False,kept,single df,0.0763809101985423,0.0057459811986929,379,0.0747193688859627,0.0033309784640319,379,1.0903889956116858e-05,9,0.0055555555555555,0.9888888888888888,kept,True
rep_060,South - Northeast,385,37.0,18.0,0.387012987012987,0.8460192244381347,0.4102502677113352,1.2922295538371018,False,False,undetermined,0.0203681887866181,0.025600565542354,0.1138246365844662,0.25,False,False,undetermined,single df,0.019445224942892,0.0039520315904164,384,0.022984377164486,0.0010253318420491,384,4.7128579725936274e-07,9,0.0055555555555555,0.9888888888888888,unresolved,True
rep_061,Republican - Democrat,383,23.0,35.0,0.1644908616187989,1.0048644983344703,0.9307739806653714,1.0805439125498164,False,False,kept,0.101316575113117,0.1352634087968122,0.1434898807695391,0.25,False,False,kept,single df,0.118865413423814,0.0072885255475659,382,0.1182899919549646,0.0066520213950462,382,4.279241293562759e-05,9,0.0055555555555555,0.9888888888888888,kept,True
rep_061,Female - Male,384,55.0,44.0,0.25,1.0503367897657991,0.8869870655924527,1.2160342278546863,False,False,kept,0.0377833623397615,0.053654242926846,0.1735706063255838,0.25,False,False,kept,single df,0.0480201403898004,0.0042814049069412,383,0.0457188026333037,0.0031100039412661,383,9.793477866511248e-06,9,0.0055555555555555,0.9888888888888888,kept,True
rep_061,Black - White,385,10.0,73.0,0.2441558441558441,0.9907575415848118,0.8118424326999628,1.1690258224027683,False,False,kept,0.065661662064632,0.083127565435944,0.1173868811923518,0.25,False,False,kept,single df,0.073707024626387,0.0062270714690248,384,0.074394613750288,0.0034226027124533,384,1.187708939321645e-05,9,0.0055555555555555,0.9888888888888888,kept,True
rep_061,Hispanic - White,385,7.0,73.0,0.3038961038961039,1.1183993787398794,0.8443654840982165,1.3949215227539398,False,False,kept or steepened,0.0487392316228472,0.0610008204491476,0.1117330326967233,0.25,False,False,kept or steepened,single df,0.0613666030301005,0.0063683229157933,384,0.0548700260359974,0.0024027699159732,384,5.888700787786165e-06,9,0.0055555555555555,0.9888888888888888,unresolved,True
rep_061,Asian - White,376,4.0,73.0,0.3909574468085106,0.979313199930438,0.6045746893680266,1.3421584047408637,False,False,undetermined,0.0535606884275831,0.0670370175984751,0.1117461485376844,0.25,False,False,undetermined,single df,0.0590514626963246,0.0093851457042242,375,0.0602988530130291,0.002640500718031,375,1.010686986846888e-05,9,0.0055555555555555,0.9888888888888888,unresolved,True
rep_061,Less than high school - Postgraduate,378,4.0,21.0,0.3068783068783068,1.1020908328808114,0.8169809525550834,1.38541597135343,False,False,kept or steepened,0.0741389531252531,0.090211501514139,0.0977943652431703,0.25,False,False,kept or steepened,single df,0.0905645647189338,0.0098506899570906,377,0.082175227319696,0.0031492773578426,377,1.1847050414837986e-05,9,0.0055555555555555,0.9888888888888888,unresolved,True
rep_061,"Less than $30,000 - $100,000 or more",385,21.0,23.0,0.2467532467532467,0.9840540498024832,0.7946472954533148,1.1753200147309877,False,False,kept,0.0565221721177537,0.0696021188076135,0.1037068006003678,0.25,False,False,kept,single df,0.0620565596317871,0.0052103016551201,384,0.0630621454626836,0.002563134586728,384,5.903165398616469e-06,9,0.0055555555555555,0.9888888888888888,kept,True
rep_061,18-29 - 65+,380,15.0,22.0,0.2342105263157894,1.0258284997716338,0.8733052812311571,1.1779916930409955,False,False,kept,0.0662196552818754,0.0832190824900499,0.1137551578769301,0.25,False,False,kept,single df,0.0766492580881704,0.0056241234922062,379,0.0747193688859627,0.0033309784640319,379,1.1534347423686006e-05,9,0.0055555555555555,0.9888888888888888,kept,True
rep_061,South - Northeast,385,37.0,18.0,0.3688311688311688,1.0780008479522205,0.6094966513097367,1.547410931381546,False,False,undetermined,0.0203681887866181,0.025600565542354,0.1138246365844662,0.25,False,False,undetermined,single df,0.0247771780729696,0.0043309956174527,384,0.022984377164486,0.0010253318420491,384,1.097030646754953e-06,9,0.0055555555555555,0.9888888888888888,unresolved,True
rep_062,Republican - Democrat,383,23.0,35.0,0.2114882506527415,0.999475233955494,0.919135670505467,1.076229088361128,False,False,kept,0.101316575113117,0.1352634087968122,0.1434898807695391,0.25,False,False,kept,single df,0.1182279173837817,0.0080452508915712,382,0.1182899919549646,0.0066520213950462,382,4.799993087403929e-05,9,0.0055555555555555,0.9888888888888888,kept,True
rep_062,Female - Male,384,55.0,44.0,0.2682291666666667,0.993805181329374,0.8268865159597236,1.1591207882424257,False,False,kept,0.0377833623397615,0.053654242926846,0.1735706063255838,0.25,False,False,kept,single df,0.0454355829411523,0.0043175109053181,383,0.0457188026333037,0.0031100039412661,383,9.861784055058892e-06,9,0.0055555555555555,0.9888888888888888,kept,True
rep_062,Black - White,385,10.0,73.0,0.2727272727272727,0.9811324704704584,0.8069268164295651,1.1528572993945867,False,False,kept,0.065661662064632,0.083127565435944,0.1173868811923518,0.25,False,False,kept,single df,0.0729909711785156,0.006196604607199,384,0.074394613750288,0.0034226027124533,384,1.2533144714045524e-05,9,0.0055555555555555,0.9888888888888888,kept,True
rep_062,Hispanic - White,385,7.0,73.0,0.3402597402597402,1.0408454574750148,0.7344003024516712,1.3481390889657825,False,False,undetermined,0.0487392316228472,0.0610008204491476,0.1117330326967233,0.25,False,False,undetermined,single df,0.0571112173511037,0.006989672719624,384,0.0548700260359974,0.0024027699159732,384,5.815378386915687e-06,9,0.0055555555555555,0.9888888888888888,unresolved,True
rep_062,Asian - White,376,4.0,73.0,0.3803191489361702,0.8567467896364503,0.5170552949514611,1.195046223684757,False,False,attenuated or kept,0.0535606884275831,0.0670370175984751,0.1117461485376844,0.25,False,False,attenuated or kept,single df,0.0516608487376729,0.0083149497166051,375,0.0602988530130291,0.002640500718031,375,6.3572241686524046e-06,9,0.0055555555555555,0.9888888888888888,unresolved,True
rep_062,Less than high school - Postgraduate,378,4.0,21.0,0.3148148148148148,1.2459788225675954,0.9364979252485668,1.5560080761967765,False,False,kept or steepened,0.0741389531252531,0.090211501514139,0.0977943652431703,0.25,False,False,kept or steepened,single df,0.1023885929800194,0.0106416921910845,377,0.082175227319696,0.0031492773578426,377,1.2075939472661295e-05,9,0.0055555555555555,0.9888888888888888,unresolved,True
rep_062,"Less than $30,000 - $100,000 or more",385,21.0,23.0,0.2493506493506493,0.916213035061788,0.7437077264833957,1.0881415875064775,False,False,attenuated or kept,0.0565221721177537,0.0696021188076135,0.1037068006003678,0.25,False,False,attenuated or kept,single df,0.0577783596918733,0.00487401620771,384,0.0630621454626836,0.002563134586728,384,6.193465799088778e-06,9,0.0055555555555555,0.9888888888888888,unresolved,True
rep_062,18-29 - 65+,380,15.0,22.0,0.2526315789473684,0.9407224104426318,0.7731131838468327,1.1086269762421912,False,False,kept,0.0662196552818754,0.0832190824900499,0.1137551578769301,0.25,False,False,kept,single df,0.070290184805155,0.0057794331434071,379,0.0747193688859627,0.0033309784640319,379,1.0312729220323368e-05,9,0.0055555555555555,0.9888888888888888,kept,True
rep_062,South - Northeast,385,37.0,18.0,0.3948051948051948,0.9903703930543136,0.5157445052387424,1.4661520173965297,False,False,undetermined,0.0203681887866181,0.025600565542354,0.1138246365844662,0.25,False,False,undetermined,single df,0.0227630466465006,0.0043618656837745,384,0.022984377164486,0.0010253318420491,384,9.948987096413535e-07,9,0.0055555555555555,0.9888888888888888,unresolved,True
rep_063,Republican - Democrat,383,23.0,35.0,0.2114882506527415,0.9999386460884752,0.9190559141154868,1.0799778317368498,False,False,kept,0.101316575113117,0.1352634087968122,0.1434898807695391,0.25,False,False,kept,single df,0.1182827344012639,0.0077230848171214,382,0.1182899919549646,0.0066520213950462,382,4.513446017399984e-05,9,0.0055555555555555,0.9888888888888888,kept,True
rep_063,Female - Male,384,55.0,44.0,0.2421875,1.066666913287004,0.9088621780788244,1.2284248327348477,False,False,kept,0.0377833623397615,0.053654242926846,0.1735706063255838,0.25,False,False,kept,single df,0.0487667340840438,0.0041999964572665,383,0.0457188026333037,0.0031100039412661,383,9.70147275837356e-06,9,0.0055555555555555,0.9888888888888888,kept,True
rep_063,Black - White,385,10.0,73.0,0.2415584415584415,0.99168415410433,0.816802582642493,1.168781837141185,False,False,kept,0.065661662064632,0.083127565435944,0.1173868811923518,0.25,False,False,kept,single df,0.0737759596068727,0.0059702303318493,384,0.074394613750288,0.0034226027124533,384,1.0687809220386691e-05,9,0.0055555555555555,0.9888888888888888,kept,True
rep_063,Hispanic - White,385,7.0,73.0,0.3194805194805195,1.0048165998294618,0.7028346774856727,1.3037295733391172,False,False,undetermined,0.0487392316228472,0.0610008204491476,0.1117330326967233,0.25,False,False,undetermined,single df,0.055134312994045,0.006961284823108,384,0.0548700260359974,0.0024027699159732,384,6.501863809673163e-06,9,0.0055555555555555,0.9888888888888888,unresolved,True
rep_063,Asian - White,376,4.0,73.0,0.3590425531914893,0.9590662770425584,0.5992882155241813,1.320012592755205,False,False,undetermined,0.0535606884275831,0.0670370175984751,0.1117461485376844,0.25,False,False,undetermined,single df,0.0578305964691423,0.0087975977632513,375,0.0602988530130291,0.002640500718031,375,6.364768747850865e-06,9,0.0055555555555555,0.9888888888888888,unresolved,True
rep_063,Less than high school - Postgraduate,378,4.0,21.0,0.3492063492063492,0.8218348373437186,0.5163940490355279,1.1260993636103018,False,False,attenuated or kept,0.0741389531252531,0.090211501514139,0.0977943652431703,0.25,False,False,attenuated or kept,single df,0.0675344645779655,0.0101561160921144,377,0.082175227319696,0.0031492773578426,377,8.75499552397355e-06,9,0.0055555555555555,0.9888888888888888,unresolved,True
rep_063,"Less than $30,000 - $100,000 or more",385,21.0,23.0,0.2597402597402597,1.052500435369391,0.8723871205303922,1.2317026991491342,False,False,kept,0.0565221721177537,0.0696021188076135,0.1037068006003678,0.25,False,False,kept,single df,0.0663729355548024,0.0052307659556195,384,0.0630621454626836,0.002563134586728,384,7.189829994242083e-06,9,0.0055555555555555,0.9888888888888888,kept,True
rep_063,18-29 - 65+,380,15.0,22.0,0.2289473684210526,0.99660358340961,0.8320434345323613,1.160986225252718,False,False,kept,0.0662196552818754,0.0832190824900499,0.1137551578769301,0.25,False,False,kept,single df,0.0744655907818549,0.0058364458667569,379,0.0747193688859627,0.0033309784640319,379,1.1132848525614002e-05,9,0.0055555555555555,0.9888888888888888,kept,True
rep_063,South - Northeast,385,37.0,18.0,0.4025974025974026,1.129380604354877,0.6534855379499527,1.6029440631458451,False,False,undetermined,0.0203681887866181,0.025600565542354,0.1138246365844662,0.25,False,False,undetermined,single df,0.0259581097727477,0.0044274208012646,384,0.022984377164486,0.0010253318420491,384,1.2806962661021504e-06,9,0.0055555555555555,0.9888888888888888,unresolved,True
rep_064,Republican - Democrat,383,23.0,35.0,0.1801566579634465,0.9926372194730544,0.9107754263414104,1.0740007055082954,False,False,kept,0.101316575113117,0.1352634087968122,0.1434898807695391,0.25,False,False,kept,single df,0.117419048705666,0.0076590536133067,382,0.1182899919549646,0.0066520213950462,382,4.444803108966848e-05,9,0.0055555555555555,0.9888888888888888,kept,True
rep_064,Female - Male,384,55.0,44.0,0.2708333333333333,0.9594769663110586,0.7981749991760324,1.1208961175499024,False,False,kept,0.0377833623397615,0.053654242926846,0.1735706063255838,0.25,False,False,kept,single df,0.0438661380539763,0.004120250661974,383,0.0457188026333037,0.0031100039412661,383,9.261936555218173e-06,9,0.0055555555555555,0.9888888888888888,kept,True
rep_064,Black - White,385,10.0,73.0,0.2519480519480519,1.0647522921937391,0.9037175469835206,1.2247862482705958,False,False,kept,0.065661662064632,0.083127565435944,0.1173868811923518,0.25,False,False,kept,single df,0.079211835517487,0.0059816395275274,384,0.074394613750288,0.0034226027124533,384,1.289225868411744e-05,9,0.0055555555555555,0.9888888888888888,kept,True
rep_064,Hispanic - White,385,7.0,73.0,0.2675324675324675,1.1848764435758194,0.9320315598109232,1.4437569678926463,False,False,kept or steepened,0.0487392316228472,0.0610008204491476,0.1117330326967233,0.25,False,False,kept or steepened,single df,0.0650142013084452,0.0058933604005918,384,0.0548700260359974,0.0024027699159732,384,5.462494372963217e-06,9,0.0055555555555555,0.9888888888888888,unresolved,True
rep_064,Asian - White,376,4.0,73.0,0.3484042553191489,1.0776490714579108,0.7104521884087647,1.4450959459461703,False,False,undetermined,0.0535606884275831,0.0670370175984751,0.1117461485376844,0.25,False,False,undetermined,single df,0.0649810029594679,0.0090743326187509,375,0.0602988530130291,0.002640500718031,375,7.4447123085994785e-06,9,0.0055555555555555,0.9888888888888888,unresolved,True
rep_064,Less than high school - Postgraduate,378,4.0,21.0,0.2883597883597883,1.263664090290001,0.9431372870927092,1.5905049586081033,False,False,kept or steepened,0.0741389531252531,0.090211501514139,0.0977943652431703,0.25,False,False,kept or steepened,single df,0.1038418838753177,0.0107351977687126,377,0.082175227319696,0.0031492773578426,377,9.290307001893451e-06,9,0.0055555555555555,0.9888888888888888,unresolved,True
rep_064,"Less than $30,000 - $100,000 or more",385,21.0,23.0,0.2857142857142857,0.9915432486287096,0.8089493396279935,1.171229354387508,False,False,kept,0.0565221721177537,0.0696021188076135,0.1037068006003678,0.25,False,False,kept,single df,0.0625288445775656,0.0052940682027399,384,0.0630621454626836,0.002563134586728,384,7.392652367526031e-06,9,0.0055555555555555,0.9888888888888888,kept,True
rep_064,18-29 - 65+,380,15.0,22.0,0.2421052631578947,0.9691953146939526,0.8052095062378835,1.135016005772956,False,False,kept,0.0662196552818754,0.0832190824900499,0.1137551578769301,0.25,False,False,kept,single df,0.0724176622411641,0.0056507654327502,379,0.0747193688859627,0.0033309784640319,379,9.977159337883836e-06,9,0.0055555555555555,0.9888888888888888,kept,True
rep_064,South - Northeast,385,37.0,18.0,0.3974025974025974,0.934623583276118,0.4212027183952184,1.439850381454128,False,False,undetermined,0.0203681887866181,0.025600565542354,0.1138246365844662,0.25,False,False,undetermined,single df,0.0214817409448417,0.0047230579432293,384,0.022984377164486,0.0010253318420491,384,1.310717196471606e-06,9,0.0055555555555555,0.9888888888888888,unresolved,True
rep_065,Republican - Democrat,383,23.0,35.0,0.1827676240208877,0.9921387885594214,0.9126394051447426,1.070866564595066,False,False,kept,0.101316575113117,0.1352634087968122,0.1434898807695391,0.25,False,False,kept,single df,0.1173600893169023,0.0076381874315603,382,0.1182899919549646,0.0066520213950462,382,4.471360943809331e-05,9,0.0055555555555555,0.9888888888888888,kept,True
rep_065,Female - Male,384,55.0,44.0,0.2369791666666666,1.1073995986527565,0.9565147885990714,1.2687791854366537,False,False,kept or steepened,0.0377833623397615,0.053654242926846,0.1735706063255838,0.25,False,False,kept or steepened,single df,0.0506289836870051,0.0039779875238445,383,0.0457188026333037,0.0031100039412661,383,9.076998409382415e-06,9,0.0055555555555555,0.9888888888888888,unresolved,True
rep_065,Black - White,385,10.0,73.0,0.2779220779220779,1.003452398109825,0.827980137025545,1.173954577613007,False,False,kept,0.065661662064632,0.083127565435944,0.1173868811923518,0.25,False,False,kept,single df,0.0746514535741807,0.0064077991988035,384,0.074394613750288,0.0034226027124533,384,1.383809298838556e-05,9,0.0055555555555555,0.9888888888888888,kept,True
rep_065,Hispanic - White,385,7.0,73.0,0.3402597402597402,0.9310048419743354,0.6432697274371852,1.2167118880494756,False,False,attenuated or kept,0.0487392316228472,0.0610008204491476,0.1117330326967233,0.25,False,False,attenuated or kept,single df,0.0510842599187714,0.0065885150221767,384,0.0548700260359974,0.0024027699159732,384,5.838055228894052e-06,9,0.0055555555555555,0.9888888888888888,unresolved,True
rep_065,Asian - White,376,4.0,73.0,0.3537234042553192,0.9266068413967902,0.5828513496448444,1.2693067086963803,False,False,undetermined,0.0535606884275831,0.0670370175984751,0.1117461485376844,0.25,False,False,undetermined,single df,0.0558733297302522,0.0084546364515651,375,0.0602988530130291,0.002640500718031,375,6.751553582534688e-06,9,0.0055555555555555,0.9888888888888888,unresolved,True
rep_065,Less than high school - Postgraduate,378,4.0,21.0,0.3412698412698413,0.8883393244708616,0.5823088522884103,1.1910617931674885,False,False,attenuated or kept,0.0741389531252531,0.090211501514139,0.0977943652431703,0.25,False,False,attenuated or kept,single df,0.0729994859254183,0.0102956150212808,377,0.082175227319696,0.0031492773578426,377,1.0509359446321265e-05,9,0.0055555555555555,0.9888888888888888,unresolved,True
rep_065,"Less than $30,000 - $100,000 or more",385,21.0,23.0,0.2519480519480519,0.957626346310815,0.7839364339696173,1.1352239021742072,False,False,kept,0.0565221721177537,0.0696021188076135,0.1037068006003678,0.25,False,False,kept,single df,0.0603899719499509,0.004733220829247,384,0.0630621454626836,0.002563134586728,384,5.11063949533308e-06,9,0.0055555555555555,0.9888888888888888,kept,True
rep_065,18-29 - 65+,380,15.0,22.0,0.2842105263157894,0.8705159784330785,0.6986339377207954,1.0408086707841184,False,False,attenuated or kept,0.0662196552818754,0.0832190824900499,0.1137551578769301,0.25,False,False,attenuated or kept,single df,0.0650444045136659,0.0058610265773659,379,0.0747193688859627,0.0033309784640319,379,1.033130284781678e-05,9,0.0055555555555555,0.9888888888888888,unresolved,True
rep_065,South - Northeast,385,37.0,18.0,0.3792207792207792,1.0970303883447938,0.5916907467461953,1.6036440348502168,False,False,undetermined,0.0203681887866181,0.025600565542354,0.1138246365844662,0.25,False,False,undetermined,single df,0.0252145602066193,0.0046538119353091,384,0.022984377164486,0.0010253318420491,384,1.102294721315331e-06,9,0.0055555555555555,0.9888888888888888,unresolved,True
rep_066,Republican - Democrat,383,23.0,35.0,0.185378590078329,1.0042218301356085,0.925413754931297,1.0840726801416292,False,False,kept,0.101316575113117,0.1352634087968122,0.1434898807695391,0.25,False,False,kept,single df,0.1187893922077409,0.0074609288938539,382,0.1182899919549646,0.0066520213950462,382,4.333873855135e-05,9,0.0055555555555555,0.9888888888888888,kept,True
rep_066,Female - Male,384,55.0,44.0,0.2682291666666667,0.993090954686344,0.8298945381695954,1.157440384202646,False,False,kept,0.0377833623397615,0.053654242926846,0.1735706063255838,0.25,False,False,kept,single df,0.0454029293542241,0.0041873468763363,383,0.0457188026333037,0.0031100039412661,383,9.425789344301136e-06,9,0.0055555555555555,0.9888888888888888,kept,True
rep_066,Black - White,385,10.0,73.0,0.2779220779220779,1.0142593802782935,0.8321188128684667,1.198396275630188,False,False,kept,0.065661662064632,0.083127565435944,0.1173868811923518,0.25,False,False,kept,single df,0.0754554348384101,0.0062025636561259,384,0.074394613750288,0.0034226027124533,384,1.104439270796568e-05,9,0.0055555555555555,0.9888888888888888,kept,True
rep_066,Hispanic - White,385,7.0,73.0,0.3402597402597402,1.007017748005144,0.7192271734081269,1.293694837505277,False,False,undetermined,0.0487392316228472,0.0610008204491476,0.1117330326967233,0.25,False,False,undetermined,single df,0.0552550900517537,0.0066365316187951,384,0.0548700260359974,0.0024027699159732,384,6.06806807878604e-06,9,0.0055555555555555,0.9888888888888888,unresolved,True
rep_066,Asian - White,376,4.0,73.0,0.3723404255319149,0.7883004846694596,0.4261618593609941,1.1491714543897509,False,False,attenuated or kept,0.0535606884275831,0.0670370175984751,0.1117461485376844,0.25,False,False,attenuated or kept,single df,0.0475336150551833,0.0087715904107501,375,0.0602988530130291,0.002640500718031,375,5.8457026638689286e-06,9,0.0055555555555555,0.9888888888888888,unresolved,True
rep_066,Less than high school - Postgraduate,378,4.0,21.0,0.291005291005291,1.2784961642225312,0.9830708416583548,1.5769798631152276,False,False,kept or steepened,0.0741389531252531,0.090211501514139,0.0977943652431703,0.25,False,False,kept or steepened,single df,0.105060712922346,0.0101373673635497,377,0.082175227319696,0.0031492773578426,377,1.1109400364206363e-05,9,0.0055555555555555,0.9888888888888888,unresolved,True
rep_066,"Less than $30,000 - $100,000 or more",385,21.0,23.0,0.2441558441558441,1.1113956371716274,0.9401472970285396,1.2822052128860155,False,False,kept or steepened,0.0565221721177537,0.0696021188076135,0.1037068006003678,0.25,False,False,kept or steepened,single df,0.0700869933379091,0.0051073450145971,384,0.0630621454626836,0.002563134586728,384,7.434056687241522e-06,9,0.0055555555555555,0.9888888888888888,unresolved,True
rep_066,18-29 - 65+,380,15.0,22.0,0.2394736842105263,1.009631261112611,0.8447230343409386,1.1773611223714675,False,False,kept,0.0662196552818754,0.0832190824900499,0.1137551578769301,0.25,False,False,kept,single df,0.0754390106378729,0.0056840922961489,379,0.0747193688859627,0.0033309784640319,379,1.0008249225112766e-05,9,0.0055555555555555,0.9888888888888888,kept,True
rep_066,South - Northeast,385,37.0,18.0,0.4,0.8727569568010155,0.3793415127298902,1.3765047049359282,False,False,undetermined,0.0203681887866181,0.025600565542354,0.1138246365844662,0.25,False,False,undetermined,single df,0.0200597750680436,0.0044705851430838,384,0.022984377164486,0.0010253318420491,384,5.037631179917822e-07,9,0.0055555555555555,0.9888888888888888,unresolved,True
rep_067,Republican - Democrat,383,23.0,35.0,0.1827676240208877,1.0245169558965757,0.945930647991336,1.1055184717207358,False,False,kept,0.101316575113117,0.1352634087968122,0.1434898807695391,0.25,False,False,kept,single df,0.1211901024707307,0.007391632663045,382,0.1182899919549646,0.0066520213950462,382,4.279237460613401e-05,9,0.0055555555555555,0.9888888888888888,kept,True
rep_067,Female - Male,384,55.0,44.0,0.2682291666666667,1.056674698117531,0.8834431733189,1.2324386978966222,False,False,kept,0.0377833623397615,0.053654242926846,0.1735706063255838,0.25,False,False,kept,single df,0.0483099019708412,0.0044098752923772,383,0.0457188026333037,0.0031100039412661,383,9.826013866886428e-06,9,0.0055555555555555,0.9888888888888888,kept,True
rep_067,Black - White,385,10.0,73.0,0.2649350649350649,1.0405247288998398,0.8576863872851521,1.2228384095175049,False,False,kept,0.065661662064632,0.083127565435944,0.1173868811923518,0.25,False,False,kept,single df,0.0774094353041267,0.00640995473569,384,0.074394613750288,0.0034226027124533,384,1.2408860616676714e-05,9,0.0055555555555555,0.9888888888888888,kept,True
rep_067,Hispanic - White,385,7.0,73.0,0.2909090909090909,1.1048843990564832,0.8435163864731063,1.3708983283822749,False,False,kept or steepened,0.0487392316228472,0.0610008204491476,0.1117330326967233,0.25,False,False,kept or steepened,single df,0.0606250357429966,0.0060377990436128,384,0.0548700260359974,0.0024027699159732,384,5.318000627042784e-06,9,0.0055555555555555,0.9888888888888888,unresolved,True
rep_067,Asian - White,376,4.0,73.0,0.3377659574468085,1.272360570349432,0.9062730463594768,1.6492990044849631,False,False,kept or steepened,0.0535606884275831,0.0670370175984751,0.1117461485376844,0.25,False,False,kept or steepened,single df,0.0767218830110743,0.0089309028762506,375,0.0602988530130291,0.002640500718031,375,5.879726660496685e-06,9,0.0055555555555555,0.9888888888888888,unresolved,True
rep_067,Less than high school - Postgraduate,378,4.0,21.0,0.3306878306878307,0.8915279747768449,0.5879059931542048,1.191292693839453,False,False,attenuated or kept,0.0741389531252531,0.090211501514139,0.0977943652431703,0.25,False,False,attenuated or kept,single df,0.0732615139891555,0.0102419969746459,377,0.082175227319696,0.0031492773578426,377,1.0823061481767929e-05,9,0.0055555555555555,0.9888888888888888,unresolved,True
rep_067,"Less than $30,000 - $100,000 or more",385,21.0,23.0,0.2363636363636363,1.045248072559735,0.8728329618947889,1.2231179941535413,False,False,kept,0.0565221721177537,0.0696021188076135,0.1037068006003678,0.25,False,False,kept,single df,0.0659155859963517,0.0047184511092764,384,0.0630621454626836,0.002563134586728,384,5.218829703096948e-06,9,0.0055555555555555,0.9888888888888888,kept,True
rep_067,18-29 - 65+,380,15.0,22.0,0.2342105263157894,1.0722380032283962,0.9053229561080688,1.2393082023587887,False,False,kept,0.0662196552818754,0.0832190824900499,0.1137551578769301,0.25,False,False,kept,single df,0.0801169468967706,0.0060180586208613,379,0.0747193688859627,0.0033309784640319,379,1.183127265343541e-05,9,0.0055555555555555,0.9888888888888888,kept,True
rep_067,South - Northeast,385,37.0,18.0,0.3896103896103896,1.082554974162218,0.6096768541399896,1.563551100539628,False,False,undetermined,0.0203681887866181,0.025600565542354,0.1138246365844662,0.25,False,False,undetermined,single df,0.0248818518274348,0.0043296034526572,384,0.022984377164486,0.0010253318420491,384,8.129994247515885e-07,9,0.0055555555555555,0.9888888888888888,unresolved,True
rep_068,Republican - Democrat,383,23.0,35.0,0.195822454308094,0.9930091691304336,0.9104705320540004,1.0752709916083922,False,False,kept,0.101316575113117,0.1352634087968122,0.1434898807695391,0.25,False,False,kept,single df,0.1174630466276451,0.0076487387476171,382,0.1182899919549646,0.0066520213950462,382,4.4231380885088894e-05,9,0.0055555555555555,0.9888888888888888,kept,True
rep_068,Female - Male,384,55.0,44.0,0.2421875,1.0174910753403017,0.8720278701765474,1.16570038290037,False,False,kept,0.0377833623397615,0.053654242926846,0.1735706063255838,0.25,False,False,kept,single df,0.0465184736546312,0.003982003979582,383,0.0457188026333037,0.0031100039412661,383,9.413765812248754e-06,9,0.0055555555555555,0.9888888888888888,kept,True
rep_068,Black - White,385,10.0,73.0,0.2935064935064935,0.98892693676524,0.8082495797685062,1.1661693924893537,False,False,kept,0.065661662064632,0.083127565435944,0.1173868811923518,0.25,False,False,kept,single df,0.0735708374879055,0.0064150280976014,384,0.074394613750288,0.0034226027124533,384,1.3024396251799266e-05,9,0.0055555555555555,0.9888888888888888,kept,True
rep_068,Hispanic - White,385,7.0,73.0,0.3298701298701298,0.9859240348795052,0.7095554076291397,1.2663371951094349,False,False,undetermined,0.0487392316228472,0.0610008204491476,0.1117330326967233,0.25,False,False,undetermined,single df,0.0540976774633541,0.0062595405993798,384,0.0548700260359974,0.0024027699159732,384,4.768524194677805e-06,9,0.0055555555555555,0.9888888888888888,unresolved,True
rep_068,Asian - White,376,4.0,73.0,0.3537234042553192,0.8799858123819808,0.5185833927821359,1.2409162819372068,False,False,attenuated or kept,0.0535606884275831,0.0670370175984751,0.1117461485376844,0.25,False,False,attenuated or kept,single df,0.0530621351543721,0.0088062833628551,375,0.0602988530130291,0.002640500718031,375,6.265587498427458e-06,9,0.0055555555555555,0.9888888888888888,unresolved,True
rep_068,Less than high school - Postgraduate,378,4.0,21.0,0.3492063492063492,0.890290993538965,0.5893135080940745,1.1922098174790945,False,False,attenuated or kept,0.0741389531252531,0.090211501514139,0.0977943652431703,0.25,False,False,attenuated or kept,single df,0.0731598647747425,0.0100167574126662,377,0.082175227319696,0.0031492773578426,377,8.346426423585745e-06,9,0.0055555555555555,0.9888888888888888,unresolved,True
rep_068,"Less than $30,000 - $100,000 or more",385,21.0,23.0,0.2311688311688311,1.1165667898261398,0.9325130240094448,1.304580820550899,False,False,kept or steepened,0.0565221721177537,0.0696021188076135,0.1037068006003678,0.25,False,False,kept or steepened,single df,0.0704130973188177,0.0051409276009187,384,0.0630621454626836,0.002563134586728,384,6.138925192188448e-06,9,0.0055555555555555,0.9888888888888888,unresolved,True
rep_068,18-29 - 65+,380,15.0,22.0,0.2684210526315789,0.9827143337118288,0.8098876193203817,1.151825321219136,False,False,kept,0.0662196552818754,0.0832190824900499,0.1137551578769301,0.25,False,False,kept,single df,0.0734277948101372,0.0062081762267541,379,0.0747193688859627,0.0033309784640319,379,1.2476010120582468e-05,9,0.0055555555555555,0.9888888888888888,kept,True
rep_068,South - Northeast,385,37.0,18.0,0.3662337662337662,1.2801617414982374,0.7957581192091093,1.773962435949226,False,False,kept or steepened,0.0203681887866181,0.025600565542354,0.1138246365844662,0.25,False,False,kept or steepened,single df,0.0294237202981408,0.0044628997719115,384,0.022984377164486,0.0010253318420491,384,9.69522578195827e-07,9,0.0055555555555555,0.9888888888888888,unresolved,True
rep_069,Republican - Democrat,383,23.0,35.0,0.2114882506527415,0.9671690393314192,0.8852334044724433,1.0484494183989517,False,False,kept,0.101316575113117,0.1352634087968122,0.1434898807695391,0.25,False,False,kept,single df,0.1144064178816044,0.0075328354343843,382,0.1182899919549646,0.0066520213950462,382,4.348625961292116e-05,9,0.0055555555555555,0.9888888888888888,kept,True
rep_069,Female - Male,384,55.0,44.0,0.2916666666666667,0.9716757056598008,0.8074810685384013,1.1338975003171337,False,False,kept,0.0377833623397615,0.053654242926846,0.1735706063255838,0.25,False,False,kept,single df,0.0444238498106366,0.0042453092128099,383,0.0457188026333037,0.0031100039412661,383,9.70531585881331e-06,9,0.0055555555555555,0.9888888888888888,kept,True
rep_069,Black - White,385,10.0,73.0,0.2519480519480519,0.9537218791399568,0.7968832936120198,1.1075795643711366,False,False,kept,0.065661662064632,0.083127565435944,0.1173868811923518,0.25,False,False,kept,single df,0.0709517708238159,0.0057679895431289,384,0.074394613750288,0.0034226027124533,384,1.2421681149407682e-05,9,0.0055555555555555,0.9888888888888888,kept,True
rep_069,Hispanic - White,385,7.0,73.0,0.2987012987012987,1.1075535298300825,0.8257676190354134,1.3920516116260366,False,False,kept or steepened,0.0487392316228472,0.0610008204491476,0.1117330326967233,0.25,False,False,kept or steepened,single df,0.0607714910180375,0.006505422663773,384,0.0548700260359974,0.0024027699159732,384,5.774954945407764e-06,9,0.0055555555555555,0.9888888888888888,unresolved,True
rep_069,Asian - White,376,4.0,73.0,0.3111702127659574,1.0729225877475408,0.6959278040871736,1.4493496944674122,False,False,undetermined,0.0535606884275831,0.0670370175984751,0.1117461485376844,0.25,False,False,undetermined,single df,0.0646960014129478,0.0093063842752868,375,0.0602988530130291,0.002640500718031,375,7.637180678817078e-06,9,0.0055555555555555,0.9888888888888888,unresolved,True
rep_069,Less than high school - Postgraduate,378,4.0,21.0,0.328042328042328,0.987069832482628,0.6690351696803513,1.3108630520761495,False,False,undetermined,0.0741389531252531,0.090211501514139,0.0977943652431703,0.25,False,False,undetermined,single df,0.0811126878646743,0.010468761930043,377,0.082175227319696,0.0031492773578426,377,6.832346101818065e-06,9,0.0055555555555555,0.9888888888888888,unresolved,True
rep_069,"Less than $30,000 - $100,000 or more",385,21.0,23.0,0.2805194805194805,0.8915411617592554,0.7142400797550045,1.0663877926333734,False,False,attenuated or kept,0.0565221721177537,0.0696021188076135,0.1037068006003678,0.25,False,False,attenuated or kept,single df,0.0562224984288321,0.0050276115361175,384,0.0630621454626836,0.002563134586728,384,6.598698868067597e-06,9,0.0055555555555555,0.9888888888888888,unresolved,True
rep_069,18-29 - 65+,380,15.0,22.0,0.2447368421052631,0.9817409188635784,0.8189123195235086,1.143815948355842,False,False,kept,0.0662196552818754,0.0832190824900499,0.1137551578769301,0.25,False,False,kept,single df,0.0733550618670117,0.0058013238941571,379,0.0747193688859627,0.0033309784640319,379,1.1211713578205842e-05,9,0.0055555555555555,0.9888888888888888,kept,True
rep_069,South - Northeast,385,37.0,18.0,0.4025974025974026,1.048278790154353,0.5630662688505323,1.5359768086791723,False,False,undetermined,0.0203681887866181,0.025600565542354,0.1138246365844662,0.25,False,False,undetermined,single df,0.0240940350864387,0.0044608847919597,384,0.022984377164486,0.0010253318420491,384,1.0025260692386856e-06,9,0.0055555555555555,0.9888888888888888,unresolved,True
rep_070,Republican - Democrat,383,23.0,35.0,0.1932114882506527,0.9791220748099432,0.8988520307638241,1.0586172846714943,False,False,kept,0.101316575113117,0.1352634087968122,0.1434898807695391,0.25,False,False,kept,single df,0.1158203423521964,0.0075795369593038,382,0.1182899919549646,0.0066520213950462,382,4.414102384905472e-05,9,0.0055555555555555,0.9888888888888888,kept,True
rep_070,Female - Male,384,55.0,44.0,0.2682291666666667,1.011731409207255,0.8449231591770169,1.1807423153631331,False,False,kept,0.0377833623397615,0.053654242926846,0.1735706063255838,0.25,False,False,kept,single df,0.0462551486154607,0.004240863085832,383,0.0457188026333037,0.0031100039412661,383,9.442665542788256e-06,9,0.0055555555555555,0.9888888888888888,kept,True
rep_070,Black - White,385,10.0,73.0,0.2597402597402597,1.009951758489356,0.850225876917949,1.16928124044559,False,False,kept,0.065661662064632,0.083127565435944,0.1173868811923518,0.25,False,False,kept,single df,0.0751349709792398,0.005798316637462,384,0.074394613750288,0.0034226027124533,384,1.1996955699988692e-05,9,0.0055555555555555,0.9888888888888888,kept,True
rep_070,Hispanic - White,385,7.0,73.0,0.2883116883116883,1.2658134997631147,0.9933506729401036,1.5435520417555728,False,False,kept or steepened,0.0487392316228472,0.0610008204491476,0.1117330326967233,0.25,False,False,kept or steepened,single df,0.0694552196887191,0.0063842602218921,384,0.0548700260359974,0.0024027699159732,384,6.1032871999730345e-06,9,0.0055555555555555,0.9888888888888888,unresolved,True
rep_070,Asian - White,376,4.0,73.0,0.3696808510638298,1.1323682893353186,0.783739922020784,1.473489363773408,False,False,kept or steepened,0.0535606884275831,0.0670370175984751,0.1117461485376844,0.25,False,False,kept or steepened,single df,0.0682805090352456,0.0088994357270212,375,0.0602988530130291,0.002640500718031,375,9.964829706958776e-06,9,0.0055555555555555,0.9888888888888888,unresolved,True
rep_070,Less than high school - Postgraduate,378,4.0,21.0,0.2857142857142857,1.2708768915967716,0.983128878896578,1.5602428840484388,False,False,kept or steepened,0.0741389531252531,0.090211501514139,0.0977943652431703,0.25,False,False,kept or steepened,single df,0.1044345974623134,0.0099714223820949,377,0.082175227319696,0.0031492773578426,377,1.1773562036514248e-05,9,0.0055555555555555,0.9888888888888888,unresolved,True
rep_070,"Less than $30,000 - $100,000 or more",385,21.0,23.0,0.2259740259740259,1.1333399635567014,0.9611350658415992,1.306732051069606,False,False,kept or steepened,0.0565221721177537,0.0696021188076135,0.1037068006003678,0.25,False,False,kept or steepened,single df,0.0714708496404853,0.0050663936339577,384,0.0630621454626836,0.002563134586728,384,7.086964461767604e-06,9,0.0055555555555555,0.9888888888888888,unresolved,True
rep_070,18-29 - 65+,380,15.0,22.0,0.3052631578947368,0.8985113080342639,0.7302494949682571,1.0621972967913995,False,False,attenuated or kept,0.0662196552818754,0.0832190824900499,0.1137551578769301,0.25,False,False,attenuated or kept,single df,0.067136197873221,0.0059788989606949,379,0.0747193688859627,0.0033309784640319,379,1.1905709851334792e-05,9,0.0055555555555555,0.9888888888888888,unresolved,True
rep_070,South - Northeast,385,37.0,18.0,0.3766233766233766,1.1030627294336657,0.6339193476924833,1.5743332275765554,False,False,undetermined,0.0203681887866181,0.025600565542354,0.1138246365844662,0.25,False,False,undetermined,single df,0.0253532098093908,0.0043358060819058,384,0.022984377164486,0.0010253318420491,384,1.074472560176661e-06,9,0.0055555555555555,0.9888888888888888,unresolved,True
rep_071,Republican - Democrat,383,23.0,35.0,0.1984334203655352,0.9951825345533628,0.9216384142996406,1.0683047611527168,False,False,kept,0.101316575113117,0.1352634087968122,0.1434898807695391,0.25,False,False,kept,single df,0.1177201340060385,0.007485140553526,382,0.1182899919549646,0.0066520213950462,382,4.448023875411507e-05,9,0.0055555555555555,0.9888888888888888,kept,True
rep_071,Female - Male,384,55.0,44.0,0.28125,1.0076941083762614,0.8431369785277084,1.1728052602474317,False,False,kept,0.0377833623397615,0.053654242926846,0.1735706063255838,0.25,False,False,kept,single df,0.0460705680555973,0.0042553306289332,383,0.0457188026333037,0.0031100039412661,383,9.660288435147678e-06,9,0.0055555555555555,0.9888888888888888,kept,True
rep_071,Black - White,385,10.0,73.0,0.2831168831168831,0.907105887511694,0.7322052308446982,1.082969172970129,False,False,attenuated or kept,0.065661662064632,0.083127565435944,0.1173868811923518,0.25,False,False,attenuated or kept,single df,0.0674837921320447,0.0058902164729999,384,0.074394613750288,0.0034226027124533,384,1.0222497484167832e-05,9,0.0055555555555555,0.9888888888888888,unresolved,True
rep_071,Hispanic - White,385,7.0,73.0,0.3324675324675324,1.041627409516461,0.7591050237582335,1.3218864815704792,False,False,kept or steepened,0.0487392316228472,0.0610008204491476,0.1117330326967233,0.25,False,False,kept or steepened,single df,0.0571541230799768,0.0065954298804368,384,0.0548700260359974,0.0024027699159732,384,6.530427920676154e-06,9,0.0055555555555555,0.9888888888888888,unresolved,True
rep_071,Asian - White,376,4.0,73.0,0.3590425531914893,1.002879930977788,0.6441697528180448,1.3668348476845242,False,False,undetermined,0.0535606884275831,0.0670370175984751,0.1117461485376844,0.25,False,False,undetermined,single df,0.0604725095477464,0.008723371247063,375,0.0602988530130291,0.002640500718031,375,5.546404395393802e-06,9,0.0055555555555555,0.9888888888888888,unresolved,True
rep_071,Less than high school - Postgraduate,378,4.0,21.0,0.3333333333333333,0.9330317552879956,0.6374180460326553,1.226292029859959,False,False,attenuated or kept,0.0741389531252531,0.090211501514139,0.0977943652431703,0.25,False,False,attenuated or kept,single df,0.076672096587286,0.0099966077309849,377,0.082175227319696,0.0031492773578426,377,1.046238885147866e-05,9,0.0055555555555555,0.9888888888888888,unresolved,True
rep_071,"Less than $30,000 - $100,000 or more",385,21.0,23.0,0.2155844155844155,1.0132900602011543,0.8500995952346314,1.179787333441298,False,False,kept,0.0565221721177537,0.0696021188076135,0.1037068006003678,0.25,False,False,kept,single df,0.0639002451722966,0.0045977383115266,384,0.0630621454626836,0.002563134586728,384,5.657864941762855e-06,9,0.0055555555555555,0.9888888888888888,kept,True
rep_071,18-29 - 65+,380,15.0,22.0,0.2657894736842105,0.9286284518951832,0.7687960410828202,1.087009101108814,False,False,kept,0.0662196552818754,0.0832190824900499,0.1137551578769301,0.25,False,False,kept,single df,0.0693865318551566,0.0056686586783375,379,0.0747193688859627,0.0033309784640319,379,1.0917862409279376e-05,9,0.0055555555555555,0.9888888888888888,kept,True
rep_071,South - Northeast,385,37.0,18.0,0.3818181818181818,1.0851741126952894,0.6204044573499516,1.563597794855638,False,False,undetermined,0.0203681887866181,0.025600565542354,0.1138246365844662,0.25,False,False,undetermined,single df,0.024942051095325,0.0042261614374445,384,0.022984377164486,0.0010253318420491,384,5.940555761956509e-07,9,0.0055555555555555,0.9888888888888888,unresolved,True
rep_072,Republican - Democrat,383,23.0,35.0,0.216710182767624,0.9940823973206864,0.9087032957493344,1.079560305164286,False,False,kept,0.101316575113117,0.1352634087968122,0.1434898807695391,0.25,False,False,kept,single df,0.1175899987816359,0.0076734634288533,382,0.1182899919549646,0.0066520213950462,382,4.388355013759178e-05,9,0.0055555555555555,0.9888888888888888,kept,True
rep_072,Female - Male,384,55.0,44.0,0.2526041666666667,1.0483223048021997,0.886361797680652,1.2119254847307404,False,False,kept,0.0377833623397615,0.053654242926846,0.1735706063255838,0.25,False,False,kept,single df,0.0479280405493418,0.0042829733201117,383,0.0457188026333037,0.0031100039412661,383,9.88375979576592e-06,9,0.0055555555555555,0.9888888888888888,kept,True
rep_072,Black - White,385,10.0,73.0,0.2415584415584415,1.023382565930635,0.8583661860601284,1.1874178273268294,False,False,kept,0.065661662064632,0.083127565435944,0.1173868811923518,0.25,False,False,kept,single df,0.0761341507111882,0.0059836678180865,384,0.074394613750288,0.0034226027124533,384,1.239939917648972e-05,9,0.0055555555555555,0.9888888888888888,kept,True
rep_072,Hispanic - White,385,7.0,73.0,0.3584415584415584,0.9274449805275342,0.6318788444687223,1.2191541793266565,False,False,attenuated or kept,0.0487392316228472,0.0610008204491476,0.1117330326967233,0.25,False,False,attenuated or kept,single df,0.0508889302285009,0.0067803788898968,384,0.0548700260359974,0.0024027699159732,384,6.2351004582829696e-06,9,0.0055555555555555,0.9888888888888888,unresolved,True
rep_072,Asian - White,376,4.0,73.0,0.3856382978723404,0.853003377778902,0.4445407249547995,1.253373102071922,False,False,undetermined,0.0535606884275831,0.0670370175984751,0.1117461485376844,0.25,False,False,undetermined,single df,0.0514351252963073,0.009952376204216,375,0.0602988530130291,0.002640500718031,375,8.178482954300526e-06,9,0.0055555555555555,0.9888888888888888,unresolved,True
rep_072,Less than high school - Postgraduate,378,4.0,21.0,0.328042328042328,1.0988964471441642,0.7949316701000496,1.404718477206209,False,False,kept or steepened,0.0741389531252531,0.090211501514139,0.0977943652431703,0.25,False,False,kept or steepened,single df,0.0903020653448781,0.0102645234328254,377,0.082175227319696,0.0031492773578426,377,9.944987914288962e-06,9,0.0055555555555555,0.9888888888888888,unresolved,True
rep_072,"Less than $30,000 - $100,000 or more",385,21.0,23.0,0.2389610389610389,1.07073214001148,0.8977373414275112,1.2464791543317797,False,False,kept,0.0565221721177537,0.0696021188076135,0.1037068006003678,0.25,False,False,kept,single df,0.0675226659649745,0.0049115213192902,384,0.0630621454626836,0.002563134586728,384,6.2028020675951306e-06,9,0.0055555555555555,0.9888888888888888,kept,True
rep_072,18-29 - 65+,380,15.0,22.0,0.2342105263157894,0.9874640223865936,0.8254751325057162,1.151114075151958,False,False,kept,0.0662196552818754,0.0832190824900499,0.1137551578769301,0.25,False,False,kept,single df,0.0737826885503204,0.0056450630698906,379,0.0747193688859627,0.0033309784640319,379,1.025337126531292e-05,9,0.0055555555555555,0.9888888888888888,kept,True
rep_072,South - Northeast,385,37.0,18.0,0.4103896103896104,0.7523047443835235,0.2512851034815039,1.257628692924659,False,False,undetermined,0.0203681887866181,0.025600565542354,0.1138246365844662,0.25,False,False,undetermined,single df,0.0172912559875431,0.0045401861158514,384,0.022984377164486,0.0010253318420491,384,6.185302585281204e-07,9,0.0055555555555555,0.9888888888888888,unresolved,True
rep_073,Republican - Democrat,383,23.0,35.0,0.2114882506527415,0.984143779669378,0.8972323421855158,1.0687907558774252,False,False,kept,0.101316575113117,0.1352634087968122,0.1434898807695391,0.25,False,False,kept,single df,0.1164143597796191,0.0079393553299927,382,0.1182899919549646,0.0066520213950462,382,4.5930982324561885e-05,9,0.0055555555555555,0.9888888888888888,kept,True
rep_073,Female - Male,384,55.0,44.0,0.2786458333333333,1.003107692393187,0.8389551005355936,1.1716362006348668,False,False,kept,0.0377833623397615,0.053654242926846,0.1735706063255838,0.25,False,False,kept,single df,0.0458608826084729,0.0041206262927445,383,0.0457188026333037,0.0031100039412661,383,9.020905834535251e-06,9,0.0055555555555555,0.9888888888888888,kept,True
rep_073,Black - White,385,10.0,73.0,0.2337662337662337,1.1016866724890826,0.916554154732928,1.2901636416024072,False,False,kept or steepened,0.065661662064632,0.083127565435944,0.1173868811923518,0.25,False,False,kept or steepened,single df,0.0819595544736653,0.0063547494904967,384,0.074394613750288,0.0034226027124533,384,1.1503405491005172e-05,9,0.0055555555555555,0.9888888888888888,unresolved,True
rep_073,Hispanic - White,385,7.0,73.0,0.3532467532467532,0.9063300088571238,0.6115063026909988,1.193323790081454,False,False,attenuated or kept,0.0487392316228472,0.0610008204491476,0.1117330326967233,0.25,False,False,attenuated or kept,single df,0.0497303511831961,0.0068281352739931,384,0.0548700260359974,0.0024027699159732,384,7.020375183826234e-06,9,0.0055555555555555,0.9888888888888888,unresolved,True
rep_073,Asian - White,376,4.0,73.0,0.3297872340425531,1.1673758083116283,0.7963793863364244,1.5471165447494244,False,False,kept or steepened,0.0535606884275831,0.0670370175984751,0.1117461485376844,0.25,False,False,kept or steepened,single df,0.0703914222763489,0.0090306554384145,375,0.0602988530130291,0.002640500718031,375,5.728513541423089e-06,9,0.0055555555555555,0.9888888888888888,unresolved,True
rep_073,Less than high school - Postgraduate,378,4.0,21.0,0.2936507936507936,1.1207691338476418,0.8271163848398957,1.4155655770861382,False,False,kept or steepened,0.0741389531252531,0.090211501514139,0.0977943652431703,0.25,False,False,kept or steepened,single df,0.0920994583468288,0.0100028491482589,377,0.082175227319696,0.0031492773578426,377,1.0528374913054498e-05,9,0.0055555555555555,0.9888888888888888,unresolved,True
rep_073,"Less than $30,000 - $100,000 or more",385,21.0,23.0,0.2883116883116883,1.0542739679608748,0.8745821279838307,1.2336820786871758,False,False,kept,0.0565221721177537,0.0696021188076135,0.1037068006003678,0.25,False,False,kept,single df,0.0664847783250693,0.0051926390836271,384,0.0630621454626836,0.002563134586728,384,7.011945128196088e-06,9,0.0055555555555555,0.9888888888888888,kept,True
rep_073,18-29 - 65+,380,15.0,22.0,0.2526315789473684,0.8919937928155234,0.7146603628076188,1.0711141050624482,False,False,attenuated or kept,0.0662196552818754,0.0832190824900499,0.1137551578769301,0.25,False,False,attenuated or kept,single df,0.066649213249372,0.0058619359133479,379,0.0747193688859627,0.0033309784640319,379,9.140888543022424e-06,9,0.0055555555555555,0.9888888888888888,unresolved,True
rep_073,South - Northeast,385,37.0,18.0,0.3844155844155844,1.056977694669309,0.5842542248951142,1.5320998464458684,False,False,undetermined,0.0203681887866181,0.025600565542354,0.1138246365844662,0.25,False,False,undetermined,single df,0.0242939739887283,0.0043543524130859,384,0.022984377164486,0.0010253318420491,384,1.0151479062579615e-06,9,0.0055555555555555,0.9888888888888888,unresolved,True
rep_074,Republican - Democrat,383,23.0,35.0,0.1984334203655352,0.9666166674871952,0.8865108989510412,1.0466550151795186,False,False,kept,0.101316575113117,0.1352634087968122,0.1434898807695391,0.25,False,False,kept,single df,0.114341077820595,0.0074146524542538,382,0.1182899919549646,0.0066520213950462,382,4.284315333927853e-05,9,0.0055555555555555,0.9888888888888888,kept,True
rep_074,Female - Male,384,55.0,44.0,0.2942708333333333,0.9019507357225308,0.7291522634618861,1.0645743403773134,False,False,attenuated or kept,0.0377833623397615,0.053654242926846,0.1735706063255838,0.25,False,False,attenuated or kept,single df,0.0412361076714615,0.0044131601916213,383,0.0457188026333037,0.0031100039412661,383,1.0307882279837564e-05,9,0.0055555555555555,0.9888888888888888,unresolved,True
rep_074,Black - White,385,10.0,73.0,0.2649350649350649,1.0125122155482995,0.8495978676394467,1.1736743985516118,False,False,kept,0.065661662064632,0.083127565435944,0.1173868811923518,0.25,False,False,kept,single df,0.0753254551931641,0.0059589524558721,384,0.074394613750288,0.0034226027124533,384,1.2595281697294367e-05,9,0.0055555555555555,0.9888888888888888,kept,True
rep_074,Hispanic - White,385,7.0,73.0,0.3064935064935065,1.138801311457337,0.8696266187341707,1.4098665285024632,False,False,kept or steepened,0.0487392316228472,0.0610008204491476,0.1117330326967233,0.25,False,False,kept or steepened,single df,0.0624860576094921,0.0063106784035052,384,0.0548700260359974,0.0024027699159732,384,6.142969742307255e-06,9,0.0055555555555555,0.9888888888888888,unresolved,True
rep_074,Asian - White,376,4.0,73.0,0.3617021276595745,1.0022044829509298,0.6482907615244232,1.35397659709473,False,False,undetermined,0.0535606884275831,0.0670370175984751,0.1117461485376844,0.25,False,False,undetermined,single df,0.0604317808064569,0.008765356364435,375,0.0602988530130291,0.002640500718031,375,7.578032827203795e-06,9,0.0055555555555555,0.9888888888888888,unresolved,True
rep_074,Less than high school - Postgraduate,378,4.0,21.0,0.3201058201058201,1.0978107057219515,0.8226024568984824,1.3760119863465914,False,False,kept or steepened,0.0741389531252531,0.090211501514139,0.0977943652431703,0.25,False,False,kept or steepened,single df,0.0902128442966973,0.0093390417096077,377,0.082175227319696,0.0031492773578426,377,9.350929701863956e-06,9,0.0055555555555555,0.9888888888888888,unresolved,True
rep_074,"Less than $30,000 - $100,000 or more",385,21.0,23.0,0.2701298701298701,1.0326252435254162,0.8419215496378263,1.2241035642425224,False,False,kept,0.0565221721177537,0.0696021188076135,0.1037068006003678,0.25,False,False,kept,single df,0.0651195633156389,0.0053467113277253,384,0.0630621454626836,0.002563134586728,384,6.549953142350826e-06,9,0.0055555555555555,0.9888888888888888,kept,True
rep_074,18-29 - 65+,380,15.0,22.0,0.2657894736842105,1.0728353750910875,0.9132414198736248,1.2342099457691964,False,False,kept,0.0662196552818754,0.0832190824900499,0.1137551578769301,0.25,False,False,kept,single df,0.0801615821453411,0.0057402763567239,379,0.0747193688859627,0.0033309784640319,379,1.1150053317592867e-05,9,0.0055555555555555,0.9888888888888888,kept,True
rep_074,South - Northeast,385,37.0,18.0,0.3948051948051948,0.9706093418703544,0.4921081114721075,1.4366759412012016,False,False,undetermined,0.0203681887866181,0.025600565542354,0.1138246365844662,0.25,False,False,undetermined,single df,0.0223088511929218,0.0044518325599668,384,0.022984377164486,0.0010253318420491,384,1.5183683047988285e-06,9,0.0055555555555555,0.9888888888888888,unresolved,True
rep_075,Republican - Democrat,383,23.0,35.0,0.1906005221932115,0.9900939933854036,0.9123020531538434,1.0686741489553933,False,False,kept,0.101316575113117,0.1352634087968122,0.1434898807695391,0.25,False,False,kept,single df,0.1171182105122181,0.0073892747605319,382,0.1182899919549646,0.0066520213950462,382,4.298150033579491e-05,9,0.0055555555555555,0.9888888888888888,kept,True
rep_075,Female - Male,384,55.0,44.0,0.2604166666666667,1.010979513731587,0.8585916014786319,1.1707582824384302,False,False,kept,0.0377833623397615,0.053654242926846,0.1735706063255838,0.25,False,False,kept,single df,0.0462207728546078,0.003891087650326,383,0.0457188026333037,0.0031100039412661,383,8.627653771501104e-06,9,0.0055555555555555,0.9888888888888888,kept,True
rep_075,Black - White,385,10.0,73.0,0.2545454545454545,0.9916984140048604,0.8230752765244983,1.1604410136523182,False,False,kept,0.065661662064632,0.083127565435944,0.1173868811923518,0.25,False,False,kept,single df,0.0737770204666648,0.0059394244992319,384,0.074394613750288,0.0034226027124533,384,1.156688467099882e-05,9,0.0055555555555555,0.9888888888888888,kept,True
rep_075,Hispanic - White,385,7.0,73.0,0.374025974025974,1.0299014473359138,0.7576779946900587,1.3033769264881658,False,False,kept or steepened,0.0487392316228472,0.0610008204491476,0.1117330326967233,0.25,False,False,kept or steepened,single df,0.056510719229833,0.0062874901090277,384,0.0548700260359974,0.0024027699159732,384,5.660050118444286e-06,9,0.0055555555555555,0.9888888888888888,unresolved,True
rep_075,Asian - White,376,4.0,73.0,0.3590425531914893,0.9569594621441596,0.601897655630688,1.3098273916353074,False,False,undetermined,0.0535606884275831,0.0670370175984751,0.1117461485376844,0.25,False,False,undetermined,single df,0.0577035579472581,0.0087535594274683,375,0.0602988530130291,0.002640500718031,375,7.276983717646177e-06,9,0.0055555555555555,0.9888888888888888,unresolved,True
rep_075,Less than high school - Postgraduate,378,4.0,21.0,0.3174603174603174,1.0201667454196863,0.7278494083603454,1.3111224354553972,False,False,undetermined,0.0741389531252531,0.090211501514139,0.0977943652431703,0.25,False,False,undetermined,single df,0.0838324342088572,0.0099552333669777,377,0.082175227319696,0.0031492773578426,377,1.0817247253149026e-05,9,0.0055555555555555,0.9888888888888888,unresolved,True
rep_075,"Less than $30,000 - $100,000 or more",385,21.0,23.0,0.2259740259740259,0.990444348176996,0.8204572137600981,1.1624552635596976,False,False,kept,0.0565221721177537,0.0696021188076135,0.1037068006003678,0.25,False,False,kept,single df,0.0624595455574306,0.0047856202823331,384,0.0630621454626836,0.002563134586728,384,5.895424875532001e-06,9,0.0055555555555555,0.9888888888888888,kept,True
rep_075,18-29 - 65+,380,15.0,22.0,0.2421052631578947,0.9760444181166902,0.8082931583560093,1.142263110874671,False,False,kept,0.0662196552818754,0.0832190824900499,0.1137551578769301,0.25,False,False,kept,single df,0.0729294229263457,0.0059527326339931,379,0.0747193688859627,0.0033309784640319,379,1.147815677765829e-05,9,0.0055555555555555,0.9888888888888888,kept,True
rep_075,South - Northeast,385,37.0,18.0,0.387012987012987,1.0835770055847465,0.5853427215238074,1.5822940781481487,False,False,undetermined,0.0203681887866181,0.025600565542354,0.1138246365844662,0.25,False,False,undetermined,single df,0.0249053425831242,0.0045927926288682,384,0.022984377164486,0.0010253318420491,384,1.1198364294730166e-06,9,0.0055555555555555,0.9888888888888888,unresolved,True
rep_076,Republican - Democrat,383,23.0,35.0,0.1906005221932115,1.009121316383116,0.9272901473017146,1.0917104271849172,False,False,kept,0.101316575113117,0.1352634087968122,0.1434898807695391,0.25,False,False,kept,single df,0.1193689523965421,0.0075944700565705,382,0.1182899919549646,0.0066520213950462,382,4.385530907442846e-05,9,0.0055555555555555,0.9888888888888888,kept,True
rep_076,Female - Male,384,55.0,44.0,0.2291666666666666,1.1317776878964392,0.974155945996919,1.2932974399768846,False,False,kept or steepened,0.0377833623397615,0.053654242926846,0.1735706063255838,0.25,False,False,kept or steepened,single df,0.0517435207377141,0.004352338785129,383,0.0457188026333037,0.0031100039412661,383,1.0339822203866354e-05,9,0.0055555555555555,0.9888888888888888,unresolved,True
rep_076,Black - White,385,10.0,73.0,0.2675324675324675,1.0492022998328192,0.8683631437641111,1.2290081434651088,False,False,kept,0.065661662064632,0.083127565435944,0.1173868811923518,0.25,False,False,kept,single df,0.0780549998419765,0.0064082283762544,384,0.074394613750288,0.0034226027124533,384,1.2723736478238415e-05,9,0.0055555555555555,0.9888888888888888,kept,True
rep_076,Hispanic - White,385,7.0,73.0,0.3168831168831169,0.9381787867427196,0.6584487729370122,1.2187251088400188,False,False,attenuated or kept,0.0487392316228472,0.0610008204491476,0.1117330326967233,0.25,False,False,attenuated or kept,single df,0.0514778944549935,0.0063694759578931,384,0.0548700260359974,0.0024027699159732,384,5.229997727875336e-06,9,0.0055555555555555,0.9888888888888888,unresolved,True
rep_076,Asian - White,376,4.0,73.0,0.3351063829787234,0.9130660118701056,0.5468537966881847,1.2781517179902229,False,False,undetermined,0.0535606884275831,0.0670370175984751,0.1117461485376844,0.25,False,False,undetermined,single df,0.0550568332409482,0.0089497794489752,375,0.0602988530130291,0.002640500718031,375,6.676685755465713e-06,9,0.0055555555555555,0.9888888888888888,unresolved,True
rep_076,Less than high school - Postgraduate,378,4.0,21.0,0.3492063492063492,0.9160053662888896,0.6223848365800085,1.207379502783427,False,False,attenuated or kept,0.0741389531252531,0.090211501514139,0.0977943652431703,0.25,False,False,attenuated or kept,single df,0.075272949200851,0.0099150823971726,377,0.082175227319696,0.0031492773578426,377,1.0238549858820122e-05,9,0.0055555555555555,0.9888888888888888,unresolved,True
rep_076,"Less than $30,000 - $100,000 or more",385,21.0,23.0,0.2623376623376623,1.0167533891622924,0.8317950702498089,1.204367974369256,False,False,kept,0.0565221721177537,0.0696021188076135,0.1037068006003678,0.25,False,False,kept,single df,0.0641186501270291,0.0051115935198222,384,0.0630621454626836,0.002563134586728,384,5.877169846564639e-06,9,0.0055555555555555,0.9888888888888888,kept,True
rep_076,18-29 - 65+,380,15.0,22.0,0.2342105263157894,0.9958310145045316,0.837037252375866,1.1542522970397937,False,False,kept,0.0662196552818754,0.0832190824900499,0.1137551578769301,0.25,False,False,kept,single df,0.0744078649208465,0.0057103258821604,379,0.0747193688859627,0.0033309784640319,379,1.1206783095866838e-05,9,0.0055555555555555,0.9888888888888888,kept,True
rep_076,South - Northeast,385,37.0,18.0,0.3766233766233766,1.3164938406722164,0.855734377677267,1.785713361795968,False,False,kept or steepened,0.0203681887866181,0.025600565542354,0.1138246365844662,0.25,False,False,kept or steepened,single df,0.030258790968733,0.004271517203732,384,0.022984377164486,0.0010253318420491,384,1.045242693224069e-06,9,0.0055555555555555,0.9888888888888888,unresolved,True
rep_077,Republican - Democrat,383,23.0,35.0,0.1827676240208877,1.0227112085061831,0.942310837614514,1.1045730426286728,False,False,kept,0.101316575113117,0.1352634087968122,0.1434898807695391,0.25,False,False,kept,single df,0.1209765006264485,0.0075491619819369,382,0.1182899919549646,0.0066520213950462,382,4.371623555023078e-05,9,0.0055555555555555,0.9888888888888888,kept,True
rep_077,Female - Male,384,55.0,44.0,0.25,1.022369579059108,0.8647370280046331,1.1772923785656233,False,False,kept,0.0377833623397615,0.053654242926846,0.1735706063255838,0.25,False,False,kept,single df,0.0467415130032972,0.0043100319447933,383,0.0457188026333037,0.0031100039412661,383,1.0310361047166896e-05,9,0.0055555555555555,0.9888888888888888,kept,True
rep_077,Black - White,385,10.0,73.0,0.2363636363636363,1.0624693016099165,0.8934300057340713,1.2353009938158324,False,False,kept,0.065661662064632,0.083127565435944,0.1173868811923518,0.25,False,False,kept,single df,0.079041993314808,0.0058599735108566,384,0.074394613750288,0.0034226027124533,384,1.0856227967422663e-05,9,0.0055555555555555,0.9888888888888888,kept,True
rep_077,Hispanic - White,385,7.0,73.0,0.3116883116883117,1.10050794725121,0.8094524695000973,1.3977157668007816,False,False,kept or steepened,0.0487392316228472,0.0610008204491476,0.1117330326967233,0.25,False,False,kept or steepened,single df,0.060384899718496,0.0065881840202415,384,0.0548700260359974,0.0024027699159732,384,4.94876231023458e-06,9,0.0055555555555555,0.9888888888888888,unresolved,True
rep_077,Asian - White,376,4.0,73.0,0.3457446808510638,0.9805845394140076,0.6142610537037112,1.3404724100014764,False,False,undetermined,0.0535606884275831,0.0670370175984751,0.1117461485376844,0.25,False,False,undetermined,single df,0.0591281230089741,0.0091035682503861,375,0.0602988530130291,0.002640500718031,375,8.611106081275428e-06,9,0.0055555555555555,0.9888888888888888,unresolved,True
rep_077,Less than high school - Postgraduate,378,4.0,21.0,0.3439153439153439,0.8773041102451143,0.5692268531294449,1.186786950114033,False,False,attenuated or kept,0.0741389531252531,0.090211501514139,0.0977943652431703,0.25,False,False,attenuated or kept,single df,0.0720926646878959,0.0102125984430909,377,0.082175227319696,0.0031492773578426,377,7.979206183212764e-06,9,0.0055555555555555,0.9888888888888888,unresolved,True
rep_077,"Less than $30,000 - $100,000 or more",385,21.0,23.0,0.2649350649350649,0.9247839398448798,0.7279584457495647,1.119003352450413,False,False,attenuated or kept,0.0565221721177537,0.0696021188076135,0.1037068006003678,0.25,False,False,attenuated or kept,single df,0.0583188593360515,0.0054931376392298,384,0.0630621454626836,0.002563134586728,384,6.862905539810085e-06,9,0.0055555555555555,0.9888888888888888,unresolved,True
rep_077,18-29 - 65+,380,15.0,22.0,0.2447368421052631,1.0702916982135189,0.9014820306475037,1.2401973304814975,False,False,kept,0.0662196552818754,0.0832190824900499,0.1137551578769301,0.25,False,False,kept,single df,0.0799715202143993,0.0059993162403432,379,0.0747193688859627,0.0033309784640319,379,1.1411553846433794e-05,9,0.0055555555555555,0.9888888888888888,kept,True
rep_077,South - Northeast,385,37.0,18.0,0.4077922077922078,0.8568237763977765,0.3692657954378767,1.3362732466596294,False,False,undetermined,0.0203681887866181,0.025600565542354,0.1138246365844662,0.25,False,False,undetermined,single df,0.0196935608402257,0.0044777986007522,384,0.022984377164486,0.0010253318420491,384,1.2254996355030035e-06,9,0.0055555555555555,0.9888888888888888,unresolved,True
rep_078,Republican - Democrat,383,23.0,35.0,0.1723237597911227,0.9381496270776044,0.8612138451039972,1.0137770646877184,False,False,kept,0.101316575113117,0.1352634087968122,0.1434898807695391,0.25,False,False,kept,single df,0.1109737118395629,0.0073331975106184,382,0.1182899919549646,0.0066520213950462,382,4.2889508392842095e-05,9,0.0055555555555555,0.9888888888888888,kept,True
rep_078,Female - Male,384,55.0,44.0,0.2864583333333333,0.967122198273503,0.8009081531172396,1.1303289544779216,False,False,kept,0.0377833623397615,0.053654242926846,0.1735706063255838,0.25,False,False,kept,single df,0.0442156689051531,0.0042894004900483,383,0.0457188026333037,0.0031100039412661,383,9.822324436299009e-06,9,0.0055555555555555,0.9888888888888888,kept,True
rep_078,Black - White,385,10.0,73.0,0.2831168831168831,1.006381332700221,0.8320971799122601,1.179611321539709,False,False,kept,0.065661662064632,0.083127565435944,0.1173868811923518,0.25,False,False,kept,single df,0.074869350531733,0.0061697463134676,384,0.074394613750288,0.0034226027124533,384,1.22308635896416e-05,9,0.0055555555555555,0.9888888888888888,kept,True
rep_078,Hispanic - White,385,7.0,73.0,0.3142857142857143,1.0791424016013456,0.8153795059949543,1.3426646189839069,False,False,kept or steepened,0.0487392316228472,0.0610008204491476,0.1117330326967233,0.25,False,False,kept or steepened,single df,0.0592125716724146,0.0062116050436406,384,0.0548700260359974,0.0024027699159732,384,6.285171963630167e-06,9,0.0055555555555555,0.9888888888888888,unresolved,True
rep_078,Asian - White,376,4.0,73.0,0.3537234042553192,1.0183464885148668,0.6799284020623089,1.3533742898284031,False,False,undetermined,0.0535606884275831,0.0670370175984751,0.1117461485376844,0.25,False,False,undetermined,single df,0.0614051252272923,0.0084645793162013,375,0.0602988530130291,0.002640500718031,375,8.03482617473437e-06,9,0.0055555555555555,0.9888888888888888,unresolved,True
rep_078,Less than high school - Postgraduate,378,4.0,21.0,0.3518518518518518,0.977557156512619,0.6966232194221962,1.2527312728265276,False,False,undetermined,0.0741389531252531,0.090211501514139,0.0977943652431703,0.25,False,False,undetermined,single df,0.0803309815544202,0.0097295018656384,377,0.082175227319696,0.0031492773578426,377,1.2653371103570785e-05,9,0.0055555555555555,0.9888888888888888,unresolved,True
rep_078,"Less than $30,000 - $100,000 or more",385,21.0,23.0,0.2051948051948052,1.0655338763502642,0.8860439631659333,1.2472793245480749,False,False,kept,0.0565221721177537,0.0696021188076135,0.1037068006003678,0.25,False,False,kept,single df,0.0671948523058175,0.0050713803424,384,0.0630621454626836,0.002563134586728,384,6.318716271025e-06,9,0.0055555555555555,0.9888888888888888,kept,True
rep_078,18-29 - 65+,380,15.0,22.0,0.2526315789473684,1.0390295995633936,0.8754668653133572,1.2045311946866468,False,False,kept,0.0662196552818754,0.0832190824900499,0.1137551578769301,0.25,False,False,kept,single df,0.0776356359332113,0.0057605358691611,379,0.0747193688859627,0.0033309784640319,379,1.0707999406406236e-05,9,0.0055555555555555,0.9888888888888888,kept,True
rep_078,South - Northeast,385,37.0,18.0,0.3584415584415584,1.040016501335948,0.5753235619176685,1.5014021872469268,False,False,undetermined,0.0203681887866181,0.025600565542354,0.1138246365844662,0.25,False,False,undetermined,single df,0.0239041315239946,0.0043109975113759,384,0.022984377164486,0.0010253318420491,384,1.225818351374712e-06,9,0.0055555555555555,0.9888888888888888,unresolved,True
rep_079,Republican - Democrat,383,23.0,35.0,0.1827676240208877,1.0015730139444572,0.917934383933815,1.08659829529739,False,False,kept,0.101316575113117,0.1352634087968122,0.1434898807695391,0.25,False,False,kept,single df,0.1184760637617995,0.0075122621632701,382,0.1182899919549646,0.0066520213950462,382,4.28596187881322e-05,9,0.0055555555555555,0.9888888888888888,kept,True
rep_079,Female - Male,384,55.0,44.0,0.2786458333333333,0.9326561305174486,0.7726984791156751,1.085450387830098,False,False,kept,0.0377833623397615,0.053654242926846,0.1735706063255838,0.25,False,False,kept,single df,0.042639921555868,0.0042548532416461,383,0.0457188026333037,0.0031100039412661,383,1.0136019082309782e-05,9,0.0055555555555555,0.9888888888888888,kept,True
rep_079,Black - White,385,10.0,73.0,0.2415584415584415,1.017826090411523,0.848767229537219,1.1873782038195115,False,False,kept,0.065661662064632,0.083127565435944,0.1173868811923518,0.25,False,False,kept,single df,0.075720778861131,0.0059788463531416,384,0.074394613750288,0.0034226027124533,384,1.1716258072341725e-05,9,0.0055555555555555,0.9888888888888888,kept,True
rep_079,Hispanic - White,385,7.0,73.0,0.3558441558441558,0.8320425923221882,0.5425778344976248,1.1131203664803704,False,False,attenuated or kept,0.0487392316228472,0.0610008204491476,0.1117330326967233,0.25,False,False,attenuated or kept,single df,0.0456541987037772,0.0066587919421964,384,0.0548700260359974,0.0024027699159732,384,6.718688204716825e-06,9,0.0055555555555555,0.9888888888888888,unresolved,True
rep_079,Asian - White,376,4.0,73.0,0.3484042553191489,0.9966813202827024,0.6491795080094248,1.348127092778127,False,False,undetermined,0.0535606884275831,0.0670370175984751,0.1117461485376844,0.25,False,False,undetermined,single df,0.0600987404325584,0.0084910232782162,375,0.0602988530130291,0.002640500718031,375,5.861797065251167e-06,9,0.0055555555555555,0.9888888888888888,unresolved,True
rep_079,Less than high school - Postgraduate,378,4.0,21.0,0.3571428571428571,0.9086004802245996,0.6087063177806151,1.209964152450118,False,False,attenuated or kept,0.0741389531252531,0.090211501514139,0.0977943652431703,0.25,False,False,attenuated or kept,single df,0.0746644510052415,0.0099822108463407,377,0.082175227319696,0.0031492773578426,377,8.256771622254978e-06,9,0.0055555555555555,0.9888888888888888,unresolved,True
rep_079,"Less than $30,000 - $100,000 or more",385,21.0,23.0,0.2857142857142857,0.9571999879053718,0.7713554471201968,1.1375324035353107,False,False,kept,0.0565221721177537,0.0696021188076135,0.1037068006003678,0.25,False,False,kept,single df,0.0603630848741676,0.00542761695208,384,0.0630621454626836,0.002563134586728,384,7.95388771758012e-06,9,0.0055555555555555,0.9888888888888888,kept,True
rep_079,18-29 - 65+,380,15.0,22.0,0.2684210526315789,0.8837223400199736,0.7165537013025456,1.0485074721614145,False,False,attenuated or kept,0.0662196552818754,0.0832190824900499,0.1137551578769301,0.25,False,False,attenuated or kept,single df,0.0660311755167185,0.0058104974344978,379,0.0747193688859627,0.0033309784640319,379,1.081389690356913e-05,9,0.0055555555555555,0.9888888888888888,unresolved,True
rep_079,South - Northeast,385,37.0,18.0,0.3584415584415584,1.0065613113265224,0.5458073008813872,1.4699110012595145,False,False,undetermined,0.0203681887866181,0.025600565542354,0.1138246365844662,0.25,False,False,undetermined,single df,0.0231351848187084,0.0042373213776156,384,0.022984377164486,0.0010253318420491,384,9.542558624148256e-07,9,0.0055555555555555,0.9888888888888888,unresolved,True
rep_080,Republican - Democrat,383,23.0,35.0,0.1749347258485639,1.0240259281240445,0.9394668523542008,1.1084232430631902,False,False,kept,0.101316575113117,0.1352634087968122,0.1434898807695391,0.25,False,False,kept,single df,0.1211320187994684,0.0078594874287053,382,0.1182899919549646,0.0066520213950462,382,4.548276570524857e-05,9,0.0055555555555555,0.9888888888888888,kept,True
rep_080,Female - Male,384,55.0,44.0,0.25,0.9688179062425613,0.812464137292693,1.1248532313663662,False,False,kept,0.0377833623397615,0.053654242926846,0.1735706063255838,0.25,False,False,kept,single df,0.0442931946431142,0.0040952335293933,383,0.0457188026333037,0.0031100039412661,383,9.42010523070986e-06,9,0.0055555555555555,0.9888888888888888,kept,True
rep_080,Black - White,385,10.0,73.0,0.2441558441558441,1.0666146973253745,0.8987573623722153,1.235440406994722,False,False,kept,0.065661662064632,0.083127565435944,0.1173868811923518,0.25,False,False,kept,single df,0.0793503884279016,0.0060182910380486,384,0.074394613750288,0.0034226027124533,384,1.2088608399469042e-05,9,0.0055555555555555,0.9888888888888888,kept,True
rep_080,Hispanic - White,385,7.0,73.0,0.3454545454545454,1.0296574502878186,0.7310327339314839,1.330441594924996,False,False,undetermined,0.0487392316228472,0.0610008204491476,0.1117330326967233,0.25,False,False,undetermined,single df,0.0564973311054513,0.0067915023751296,384,0.0548700260359974,0.0024027699159732,384,5.451448559343023e-06,9,0.0055555555555555,0.9888888888888888,unresolved,True
rep_080,Asian - White,376,4.0,73.0,0.3563829787234042,0.8695833234390743,0.49710997704221,1.236934024628873,False,False,attenuated or kept,0.0535606884275831,0.0670370175984751,0.1117461485376844,0.25,False,False,attenuated or kept,single df,0.0524348770026341,0.0091199047102745,375,0.0602988530130291,0.002640500718031,375,7.475206524877758e-06,9,0.0055555555555555,0.9888888888888888,unresolved,True
rep_080,Less than high school - Postgraduate,378,4.0,21.0,0.3333333333333333,1.086721721840986,0.7756836956250049,1.3965151934306703,False,False,kept or steepened,0.0741389531252531,0.090211501514139,0.0977943652431703,0.25,False,False,kept or steepened,single df,0.0893016045255345,0.0105864326553911,377,0.082175227319696,0.0031492773578426,377,1.1417202137345564e-05,9,0.0055555555555555,0.9888888888888888,unresolved,True
rep_080,"Less than $30,000 - $100,000 or more",385,21.0,23.0,0.3012987012987013,0.9001793227693542,0.7134423296089456,1.0891344280023696,False,False,attenuated or kept,0.0565221721177537,0.0696021188076135,0.1037068006003678,0.25,False,False,attenuated or kept,single df,0.056767239394981,0.0050436755928046,384,0.0630621454626836,0.002563134586728,384,5.243700064642733e-06,9,0.0055555555555555,0.9888888888888888,unresolved,True
rep_080,18-29 - 65+,380,15.0,22.0,0.2552631578947368,1.003516487773014,0.8333103199108414,1.171011278130162,False,False,kept,0.0662196552818754,0.0832190824900499,0.1137551578769301,0.25,False,False,kept,single df,0.0749821186330575,0.0061322438986752,379,0.0747193688859627,0.0033309784640319,379,1.2281808142960071e-05,9,0.0055555555555555,0.9888888888888888,kept,True
rep_080,South - Northeast,385,37.0,18.0,0.3818181818181818,0.8547254119382046,0.3742167676900922,1.3379333240714126,False,False,undetermined,0.0203681887866181,0.025600565542354,0.1138246365844662,0.25,False,False,undetermined,single df,0.0196453312400584,0.004379454100647,384,0.022984377164486,0.0010253318420491,384,7.904816272738154e-07,9,0.0055555555555555,0.9888888888888888,unresolved,True
rep_081,Republican - Democrat,383,23.0,35.0,0.1801566579634465,1.0238526536115746,0.9437736496597317,1.1037759712665547,False,False,kept,0.101316575113117,0.1352634087968122,0.1434898807695391,0.25,False,False,kept,single df,0.1211115221587823,0.0077583949920251,382,0.1182899919549646,0.0066520213950462,382,4.546870529911627e-05,9,0.0055555555555555,0.9888888888888888,kept,True
rep_081,Female - Male,384,55.0,44.0,0.2942708333333333,0.9758498811124722,0.8105016282915426,1.1353777719799745,False,False,kept,0.0377833623397615,0.053654242926846,0.1735706063255838,0.25,False,False,kept,single df,0.044614688114314,0.0043809254590169,383,0.0457188026333037,0.0031100039412661,383,1.0344700736728686e-05,9,0.0055555555555555,0.9888888888888888,kept,True
rep_081,Black - White,385,10.0,73.0,0.2077922077922078,1.089748645869299,0.923816474067716,1.2579250307768233,False,False,kept or steepened,0.065661662064632,0.083127565435944,0.1173868811923518,0.25,False,False,kept or steepened,single df,0.0810714295943459,0.0059377548354007,384,0.074394613750288,0.0034226027124533,384,1.18247771368852e-05,9,0.0055555555555555,0.9888888888888888,unresolved,True
rep_081,Hispanic - White,385,7.0,73.0,0.3168831168831169,1.1161834958843917,0.8410081680155036,1.3948626564800155,False,False,kept or steepened,0.0487392316228472,0.0610008204491476,0.1117330326967233,0.25,False,False,kept or steepened,single df,0.0612450174801272,0.0063582226934285,384,0.0548700260359974,0.0024027699159732,384,5.644013137161468e-06,9,0.0055555555555555,0.9888888888888888,unresolved,True
rep_081,Asian - White,376,4.0,73.0,0.3404255319148936,1.0747228478818585,0.7197992188650081,1.4294925507663152,False,False,undetermined,0.0535606884275831,0.0670370175984751,0.1117461485376844,0.25,False,False,undetermined,single df,0.0648045550341722,0.008807489670485,375,0.0602988530130291,0.002640500718031,375,7.5356657878312114e-06,9,0.0055555555555555,0.9888888888888888,unresolved,True
rep_081,Less than high school - Postgraduate,378,4.0,21.0,0.3518518518518518,0.7859268425556968,0.5053219127280906,1.0627368040477454,False,False,attenuated or kept,0.0741389531252531,0.090211501514139,0.0977943652431703,0.25,False,False,attenuated or kept,single df,0.0645837169436653,0.0094324044261367,377,0.082175227319696,0.0031492773578426,377,9.743723171311755e-06,9,0.0055555555555555,0.9888888888888888,unresolved,True
rep_081,"Less than $30,000 - $100,000 or more",385,21.0,23.0,0.2623376623376623,1.01271338741088,0.8227056158345106,1.2019288993959172,False,False,kept,0.0565221721177537,0.0696021188076135,0.1037068006003678,0.25,False,False,kept,single df,0.063863878948912,0.0053802989383083,384,0.0630621454626836,0.002563134586728,384,6.89255150611807e-06,9,0.0055555555555555,0.9888888888888888,kept,True
rep_081,18-29 - 65+,380,15.0,22.0,0.2078947368421052,1.0284716279931485,0.8698905885407395,1.1916247296745646,False,False,kept,0.0662196552818754,0.0832190824900499,0.1137551578769301,0.25,False,False,kept,single df,0.0768467509607666,0.0054455373418631,379,0.0747193688859627,0.0033309784640319,379,9.476562392391316e-06,9,0.0055555555555555,0.9888888888888888,kept,True
rep_081,South - Northeast,385,37.0,18.0,0.4233766233766233,0.9320286874281174,0.457311791628249,1.4034388373500406,False,False,undetermined,0.0203681887866181,0.025600565542354,0.1138246365844662,0.25,False,False,undetermined,single df,0.0214220988799687,0.0043684939639855,384,0.022984377164486,0.0010253318420491,384,1.1122698522582206e-06,9,0.0055555555555555,0.9888888888888888,unresolved,True
rep_082,Republican - Democrat,383,23.0,35.0,0.206266318537859,1.0343916705213945,0.9477699843497768,1.1234894860767888,False,False,kept,0.101316575113117,0.1352634087968122,0.1434898807695391,0.25,False,False,kept,single df,0.1223581823842581,0.0076288431861599,382,0.1182899919549646,0.0066520213950462,382,4.316520817886957e-05,9,0.0055555555555555,0.9888888888888888,kept,True
rep_082,Female - Male,384,55.0,44.0,0.2604166666666667,1.0391419016165797,0.8703348820556631,1.2113185382073424,False,False,kept,0.0377833623397615,0.053654242926846,0.1735706063255838,0.25,False,False,kept,single df,0.0475083235080043,0.0042899699795411,383,0.0457188026333037,0.0031100039412661,383,9.526101696356351e-06,9,0.0055555555555555,0.9888888888888888,kept,True
rep_082,Black - White,385,10.0,73.0,0.2779220779220779,0.9838035039355628,0.8005524177354116,1.162816402807832,False,False,kept,0.065661662064632,0.083127565435944,0.1173868811923518,0.25,False,False,kept,single df,0.0731896816814661,0.0065066468705898,384,0.074394613750288,0.0034226027124533,384,1.3301114110180852e-05,9,0.0055555555555555,0.9888888888888888,kept,True
rep_082,Hispanic - White,385,7.0,73.0,0.3116883116883117,1.0834762490629914,0.7869225226188615,1.3866186363329944,False,False,kept or steepened,0.0487392316228472,0.0610008204491476,0.1117330326967233,0.25,False,False,kept or steepened,single df,0.0594503699954711,0.0066761777941641,384,0.0548700260359974,0.0024027699159732,384,4.750805618309357e-06,9,0.0055555555555555,0.9888888888888888,unresolved,True
rep_082,Asian - White,376,4.0,73.0,0.3111702127659574,1.104161248847117,0.7613830130205257,1.4600590253107957,False,False,kept or steepened,0.0535606884275831,0.0670370175984751,0.1117461485376844,0.25,False,False,kept or steepened,single df,0.066579656846915,0.0082327377979222,375,0.0602988530130291,0.002640500718031,375,4.081562389106498e-06,9,0.0055555555555555,0.9888888888888888,unresolved,True
rep_082,Less than high school - Postgraduate,378,4.0,21.0,0.3677248677248677,0.877305128608446,0.5966487101187522,1.151342001208905,False,False,attenuated or kept,0.0741389531252531,0.090211501514139,0.0977943652431703,0.25,False,False,attenuated or kept,single df,0.0720927483721342,0.0096225912550629,377,0.082175227319696,0.0031492773578426,377,1.2100596640803994e-05,9,0.0055555555555555,0.9888888888888888,unresolved,True
rep_082,"Less than $30,000 - $100,000 or more",385,21.0,23.0,0.2779220779220779,0.960584615223923,0.7870229517203259,1.1317144910629748,False,False,kept,0.0565221721177537,0.0696021188076135,0.1037068006003678,0.25,False,False,kept,single df,0.060576526734467,0.0050419578716798,384,0.0630621454626836,0.002563134586728,384,7.045443363196125e-06,9,0.0055555555555555,0.9888888888888888,kept,True
rep_082,18-29 - 65+,380,15.0,22.0,0.2394736842105263,1.1096771969595405,0.9388184276406274,1.2850336246618004,False,False,kept or steepened,0.0662196552818754,0.0832190824900499,0.1137551578769301,0.25,False,False,kept or steepened,single df,0.0829143798239609,0.0058988154647732,379,0.0747193688859627,0.0033309784640319,379,1.0409057563668569e-05,9,0.0055555555555555,0.9888888888888888,unresolved,True
rep_082,South - Northeast,385,37.0,18.0,0.3974025974025974,0.9347428772174946,0.4408401704155632,1.4243240687153835,False,False,undetermined,0.0203681887866181,0.025600565542354,0.1138246365844662,0.25,False,False,undetermined,single df,0.0214844828417837,0.0045397087938985,384,0.022984377164486,0.0010253318420491,384,1.155761097056253e-06,9,0.0055555555555555,0.9888888888888888,unresolved,True
rep_083,Republican - Democrat,383,23.0,35.0,0.195822454308094,0.984345865239617,0.902014789862524,1.0662365253414174,False,False,kept,0.101316575113117,0.1352634087968122,0.1434898807695391,0.25,False,False,kept,single df,0.1164382644800969,0.0076143847502546,382,0.1182899919549646,0.0066520213950462,382,4.402021575590415e-05,9,0.0055555555555555,0.9888888888888888,kept,True
rep_083,Female - Male,384,55.0,44.0,0.2942708333333333,0.911770244366088,0.7373522469554389,1.0741307170708003,False,False,attenuated or kept,0.0377833623397615,0.053654242926846,0.1735706063255838,0.25,False,False,attenuated or kept,single df,0.0416850438490923,0.0045035054604243,383,0.0457188026333037,0.0031100039412661,383,1.0695964477585543e-05,9,0.0055555555555555,0.9888888888888888,unresolved,True
rep_083,Black - White,385,10.0,73.0,0.2727272727272727,1.050074443866958,0.8711051678258491,1.2312646902685187,False,False,kept,0.065661662064632,0.083127565435944,0.1173868811923518,0.25,False,False,kept,single df,0.0781198826605308,0.006176442951557,384,0.074394613750288,0.0034226027124533,384,1.1369768510772697e-05,9,0.0055555555555555,0.9888888888888888,kept,True
rep_083,Hispanic - White,385,7.0,73.0,0.3116883116883117,1.0590913352680371,0.7880970697505296,1.3318564118747185,False,False,kept or steepened,0.0487392316228472,0.0610008204491476,0.1117330326967233,0.25,False,False,kept or steepened,single df,0.0581123691406565,0.0062749932965166,384,0.0548700260359974,0.0024027699159732,384,5.710114769498588e-06,9,0.0055555555555555,0.9888888888888888,unresolved,True
rep_083,Asian - White,376,4.0,73.0,0.3271276595744681,1.305160871667254,0.9517033423904327,1.6703394485044858,False,False,kept or steepened,0.0535606884275831,0.0670370175984751,0.1117461485376844,0.25,False,False,kept or steepened,single df,0.0786997035590207,0.0086377788174052,375,0.0602988530130291,0.002640500718031,375,5.868530636935515e-06,9,0.0055555555555555,0.9888888888888888,unresolved,True
rep_083,Less than high school - Postgraduate,378,4.0,21.0,0.3571428571428571,0.8234784806223208,0.5168730833905293,1.1235194594853983,False,False,attenuated or kept,0.0741389531252531,0.090211501514139,0.0977943652431703,0.25,False,False,attenuated or kept,single df,0.0676695313380171,0.0103327991042776,377,0.082175227319696,0.0031492773578426,377,1.1538435494607524e-05,9,0.0055555555555555,0.9888888888888888,unresolved,True
rep_083,"Less than $30,000 - $100,000 or more",385,21.0,23.0,0.2207792207792207,1.0749122280752534,0.888696244069249,1.2632248849277272,False,False,kept or steepened,0.0565221721177537,0.0696021188076135,0.1037068006003678,0.25,False,False,kept or steepened,single df,0.067786271286499,0.005236300082258,384,0.0630621454626836,0.002563134586728,384,6.428326789333714e-06,9,0.0055555555555555,0.9888888888888888,unresolved,True
rep_083,18-29 - 65+,380,15.0,22.0,0.2578947368421053,0.9560481043265482,0.7864091992072401,1.125961920195278,False,False,kept,0.0662196552818754,0.0832190824900499,0.1137551578769301,0.25,False,False,kept,single df,0.0714353109799007,0.0058578136814052,379,0.0747193688859627,0.0033309784640319,379,1.0491418902616866e-05,9,0.0055555555555555,0.9888888888888888,kept,True
rep_083,South - Northeast,385,37.0,18.0,0.3974025974025974,0.7850947187366777,0.3152677902844769,1.244959420305198,False,False,attenuated or kept,0.0203681887866181,0.025600565542354,0.1138246365844662,0.25,False,False,attenuated or kept,single df,0.0180449131252899,0.0043103358833628,384,0.022984377164486,0.0010253318420491,384,1.2243250412771517e-06,9,0.0055555555555555,0.9888888888888888,unresolved,True
rep_084,Republican - Democrat,383,23.0,35.0,0.1906005221932115,0.9864856759144676,0.9059455813338734,1.0669764341426398,False,False,kept,0.101316575113117,0.1352634087968122,0.1434898807695391,0.25,False,False,kept,single df,0.1166913826676101,0.0075371983023712,382,0.1182899919549646,0.0066520213950462,382,4.370331187617962e-05,9,0.0055555555555555,0.9888888888888888,kept,True
rep_084,Female - Male,384,55.0,44.0,0.2994791666666667,0.8962398034821184,0.7322533915618841,1.052818561392434,False,False,attenuated or kept,0.0377833623397615,0.053654242926846,0.1735706063255838,0.25,False,False,attenuated or kept,single df,0.0409750106875099,0.0042227301801766,383,0.0457188026333037,0.0031100039412661,383,9.82182411547031e-06,9,0.0055555555555555,0.9888888888888888,unresolved,True
rep_084,Black - White,385,10.0,73.0,0.2727272727272727,1.0385005465372543,0.871047237731555,1.203693071952719,False,False,kept,0.065661662064632,0.083127565435944,0.1173868811923518,0.25,False,False,kept,single df,0.077258847039102,0.0061476536547765,384,0.074394613750288,0.0034226027124533,384,1.3112925611266e-05,9,0.0055555555555555,0.9888888888888888,kept,True
rep_084,Hispanic - White,385,7.0,73.0,0.3714285714285714,0.7607315667716669,0.4658806945485901,1.0517205980093711,False,False,attenuated or kept,0.0487392316228472,0.0610008204491476,0.1117330326967233,0.25,False,False,attenuated or kept,single df,0.0417413608751664,0.0066230277072224,384,0.0548700260359974,0.0024027699159732,384,5.2737330609037554e-06,9,0.0055555555555555,0.9888888888888888,unresolved,True
rep_084,Asian - White,376,4.0,73.0,0.3484042553191489,0.9380704964253548,0.5593198973696584,1.3197433733156796,False,False,undetermined,0.0535606884275831,0.0670370175984751,0.1117461485376844,0.25,False,False,undetermined,single df,0.0565645749798117,0.0091831699101101,375,0.0602988530130291,0.002640500718031,375,5.734815181110484e-06,9,0.0055555555555555,0.9888888888888888,unresolved,True
rep_084,Less than high school - Postgraduate,378,4.0,21.0,0.3465608465608465,0.995947341175287,0.7164345547588381,1.275997231733749,False,False,undetermined,0.0741389531252531,0.090211501514139,0.0977943652431703,0.25,False,False,undetermined,single df,0.0818421991595261,0.0094704069864257,377,0.082175227319696,0.0031492773578426,377,9.601918929566572e-06,9,0.0055555555555555,0.9888888888888888,unresolved,True
rep_084,"Less than $30,000 - $100,000 or more",385,21.0,23.0,0.2649350649350649,1.0247508557719949,0.8402825416436606,1.2107315674062806,False,False,kept,0.0565221721177537,0.0696021188076135,0.1037068006003678,0.25,False,False,kept,single df,0.0646229875297031,0.0051665704978191,384,0.0630621454626836,0.002563134586728,384,6.275314174479746e-06,9,0.0055555555555555,0.9888888888888888,kept,True
rep_084,18-29 - 65+,380,15.0,22.0,0.2394736842105263,0.9562329988591496,0.7977744666663842,1.1147172209617429,False,False,kept,0.0662196552818754,0.0832190824900499,0.1137551578769301,0.25,False,False,kept,single df,0.0714491261826871,0.0056016910338153,379,0.0747193688859627,0.0033309784640319,379,1.059893317619182e-05,9,0.0055555555555555,0.9888888888888888,kept,True
rep_084,South - Northeast,385,37.0,18.0,0.3896103896103896,1.2753703258837596,0.7598503896694003,1.7979425692813829,False,False,kept or steepened,0.0203681887866181,0.025600565542354,0.1138246365844662,0.25,False,False,kept or steepened,single df,0.0293135925945058,0.0047504025431771,384,0.022984377164486,0.0010253318420491,384,1.0583845950016598e-06,9,0.0055555555555555,0.9888888888888888,unresolved,True
rep_085,Republican - Democrat,383,23.0,35.0,0.1723237597911227,1.0206462087549402,0.9399785567742044,1.10038090520147,False,False,kept,0.101316575113117,0.1352634087968122,0.1434898807695391,0.25,False,False,kept,single df,0.120732231822487,0.0078510132019114,382,0.1182899919549646,0.0066520213950462,382,4.6144855469108574e-05,9,0.0055555555555555,0.9888888888888888,kept,True
rep_085,Female - Male,384,55.0,44.0,0.2526041666666667,1.0551853177102553,0.8962610119422638,1.2179598507372686,False,False,kept,0.0377833623397615,0.053654242926846,0.1735706063255838,0.25,False,False,kept,single df,0.048241809281955,0.0041903452291972,383,0.0457188026333037,0.0031100039412661,383,9.606450479153394e-06,9,0.0055555555555555,0.9888888888888888,kept,True
rep_085,Black - White,385,10.0,73.0,0.2571428571428571,1.1321604303677957,0.9695799218907252,1.293886740753277,False,False,kept or steepened,0.065661662064632,0.083127565435944,0.1173868811923518,0.25,False,False,kept or steepened,single df,0.084226637920572,0.0061538815234869,384,0.074394613750288,0.0034226027124533,384,1.3620441251481271e-05,9,0.0055555555555555,0.9888888888888888,unresolved,True
rep_085,Hispanic - White,385,7.0,73.0,0.3532467532467532,0.9542056457365056,0.6779415406189668,1.2282177798722371,False,False,attenuated or kept,0.0487392316228472,0.0610008204491476,0.1117330326967233,0.25,False,False,attenuated or kept,single df,0.0523572886252578,0.0063881114106106,384,0.0548700260359974,0.0024027699159732,384,6.023125609209559e-06,9,0.0055555555555555,0.9888888888888888,unresolved,True
rep_085,Asian - White,376,4.0,73.0,0.3829787234042553,0.6448498349013639,0.2854912476623922,0.9912910726471568,False,False,attenuated or kept,0.0535606884275831,0.0670370175984751,0.1117461485376844,0.25,False,False,attenuated or kept,single df,0.0388837054101934,0.0087256489928245,375,0.0602988530130291,0.002640500718031,375,8.057227748054596e-06,9,0.0055555555555555,0.9888888888888888,unresolved,True
rep_085,Less than high school - Postgraduate,378,4.0,21.0,0.3835978835978836,0.6537502181913968,0.3327441877502631,0.9641367122831386,False,False,attenuated or kept,0.0741389531252531,0.090211501514139,0.0977943652431703,0.25,False,False,attenuated or kept,single df,0.0537220727901789,0.0106633751058685,377,0.082175227319696,0.0031492773578426,377,1.193762344576157e-05,9,0.0055555555555555,0.9888888888888888,unresolved,True
rep_085,"Less than $30,000 - $100,000 or more",385,21.0,23.0,0.2675324675324675,0.95634926110284,0.7739421259964531,1.140173018022402,False,False,kept,0.0565221721177537,0.0696021188076135,0.1037068006003678,0.25,False,False,kept,single df,0.0603094362167973,0.0050449643982824,384,0.0630621454626836,0.002563134586728,384,5.854876293231071e-06,9,0.0055555555555555,0.9888888888888888,kept,True
rep_085,18-29 - 65+,380,15.0,22.0,0.2421052631578947,1.0220781423440022,0.8549246960087284,1.189107585782464,False,False,kept,0.0662196552818754,0.0832190824900499,0.1137551578769301,0.25,False,False,kept,single df,0.0763690337480809,0.005943690395375,379,0.0747193688859627,0.0033309784640319,379,1.1392858045636144e-05,9,0.0055555555555555,0.9888888888888888,kept,True
rep_085,South - Northeast,385,37.0,18.0,0.3636363636363636,1.1839090341370926,0.7260354563428275,1.6468726163615903,False,False,undetermined,0.0203681887866181,0.025600565542354,0.1138246365844662,0.25,False,False,undetermined,single df,0.0272114117690493,0.004238968692565,384,0.022984377164486,0.0010253318420491,384,1.0408138915013302e-06,9,0.0055555555555555,0.9888888888888888,unresolved,True
rep_086,Republican - Democrat,383,23.0,35.0,0.1879895561357702,1.0001963648274876,0.9209727723556744,1.078684443869688,False,False,kept,0.101316575113117,0.1352634087968122,0.1434898807695391,0.25,False,False,kept,single df,0.1183132199488283,0.0076748735893864,382,0.1182899919549646,0.0066520213950462,382,4.5032165352642005e-05,9,0.0055555555555555,0.9888888888888888,kept,True
rep_086,Female - Male,384,55.0,44.0,0.28125,0.9643793788835476,0.8056591411349978,1.1181565543956964,False,False,kept,0.0377833623397615,0.053654242926846,0.1735706063255838,0.25,False,False,kept,single df,0.0440902704868049,0.0042520089292982,383,0.0457188026333037,0.0031100039412661,383,1.0097171773478684e-05,9,0.0055555555555555,0.9888888888888888,kept,True
rep_086,Black - White,385,10.0,73.0,0.2701298701298701,0.9555689368623907,0.7785345346671967,1.1360391012640385,False,False,kept,0.065661662064632,0.083127565435944,0.1173868811923518,0.25,False,False,kept,single df,0.0710891819696509,0.0058932194640371,384,0.074394613750288,0.0034226027124533,384,9.753474547353844e-06,9,0.0055555555555555,0.9888888888888888,kept,True
rep_086,Hispanic - White,385,7.0,73.0,0.2831168831168831,1.076138557944191,0.8127504199351778,1.3430828279832765,False,False,kept or steepened,0.0487392316228472,0.0610008204491476,0.1117330326967233,0.25,False,False,kept or steepened,single df,0.0590477506927385,0.0060866185600086,384,0.0548700260359974,0.0024027699159732,384,5.400879729341429e-06,9,0.0055555555555555,0.9888888888888888,unresolved,True
rep_086,Asian - White,376,4.0,73.0,0.3962765957446808,0.8709905350878613,0.5000902161491962,1.23412296290001,False,False,attenuated or kept,0.0535606884275831,0.0670370175984751,0.1117461485376844,0.25,False,False,attenuated or kept,single df,0.0525197302510025,0.0091259411454695,375,0.0602988530130291,0.002640500718031,375,8.214284412540028e-06,9,0.0055555555555555,0.9888888888888888,unresolved,True
rep_086,Less than high school - Postgraduate,378,4.0,21.0,0.3439153439153439,0.9334742698907595,0.6299174644390177,1.2308111436018694,False,False,attenuated or kept,0.0741389531252531,0.090211501514139,0.0977943652431703,0.25,False,False,attenuated or kept,single df,0.0767084603253605,0.0103591595143732,377,0.082175227319696,0.0031492773578426,377,1.2452453648602316e-05,9,0.0055555555555555,0.9888888888888888,unresolved,True
rep_086,"Less than $30,000 - $100,000 or more",385,21.0,23.0,0.2415584415584415,1.011214224633398,0.8342760378586314,1.1867406740146498,False,False,kept,0.0565221721177537,0.0696021188076135,0.1037068006003678,0.25,False,False,kept,single df,0.0637693385277662,0.0051329849591234,384,0.0630621454626836,0.002563134586728,384,7.069868933207217e-06,9,0.0055555555555555,0.9888888888888888,kept,True
rep_086,18-29 - 65+,380,15.0,22.0,0.2894736842105263,0.87991292526268,0.7066086079094746,1.0495946668942535,False,False,attenuated or kept,0.0662196552818754,0.0832190824900499,0.1137551578769301,0.25,False,False,attenuated or kept,single df,0.0657465384502287,0.0060146744706793,379,0.0747193688859627,0.0033309784640319,379,1.129596679064351e-05,9,0.0055555555555555,0.9888888888888888,unresolved,True
rep_086,South - Northeast,385,37.0,18.0,0.3844155844155844,0.9501088601064608,0.470038948401038,1.4287625601791754,False,False,undetermined,0.0203681887866181,0.025600565542354,0.1138246365844662,0.25,False,False,undetermined,single df,0.0218376603880068,0.0044114698219295,384,0.022984377164486,0.0010253318420491,384,1.0555686561625805e-06,9,0.0055555555555555,0.9888888888888888,unresolved,True
rep_087,Republican - Democrat,383,23.0,35.0,0.185378590078329,1.0018590343062062,0.9214845279865184,1.0846729726544473,False,False,kept,0.101316575113117,0.1352634087968122,0.1434898807695391,0.25,False,False,kept,single df,0.1185098971080897,0.0072993290980583,382,0.1182899919549646,0.0066520213950462,382,4.176428087635987e-05,9,0.0055555555555555,0.9888888888888888,kept,True
rep_087,Female - Male,384,55.0,44.0,0.265625,0.9241223606448864,0.7661108665780867,1.0748970024841646,False,False,kept,0.0377833623397615,0.053654242926846,0.1735706063255838,0.25,False,False,kept,single df,0.0422497678153463,0.0042143401629934,383,0.0457188026333037,0.0031100039412661,383,1.0064915931351837e-05,9,0.0055555555555555,0.9888888888888888,kept,True
rep_087,Black - White,385,10.0,73.0,0.2311688311688311,1.046910993680361,0.8837581689443677,1.2124996709498557,False,False,kept,0.065661662064632,0.083127565435944,0.1173868811923518,0.25,False,False,kept,single df,0.0778845390057806,0.0057750572321276,384,0.074394613750288,0.0034226027124533,384,1.124263330609224e-05,9,0.0055555555555555,0.9888888888888888,kept,True
rep_087,Hispanic - White,385,7.0,73.0,0.3272727272727272,1.0209921432737767,0.7369966590050907,1.31007826677558,False,False,undetermined,0.0487392316228472,0.0610008204491476,0.1117330326967233,0.25,False,False,undetermined,single df,0.0560218654839809,0.0064138236429906,384,0.0548700260359974,0.0024027699159732,384,4.732118842498527e-06,9,0.0055555555555555,0.9888888888888888,unresolved,True
rep_087,Asian - White,376,4.0,73.0,0.4148936170212766,0.7382596777209985,0.373198779140428,1.094599606332716,False,False,attenuated or kept,0.0535606884275831,0.0670370175984751,0.1117461485376844,0.25,False,False,attenuated or kept,single df,0.0445162117923447,0.0088925017569772,375,0.0602988530130291,0.002640500718031,375,7.551606290869442e-06,9,0.0055555555555555,0.9888888888888888,unresolved,True
rep_087,Less than high school - Postgraduate,378,4.0,21.0,0.2989417989417989,0.9992736053748073,0.7231275060332066,1.274209341753714,False,False,undetermined,0.0741389531252531,0.090211501514139,0.0977943652431703,0.25,False,False,undetermined,single df,0.082115535676247,0.0094407195904049,377,0.082175227319696,0.0031492773578426,377,1.0532336825624607e-05,9,0.0055555555555555,0.9888888888888888,unresolved,True
rep_087,"Less than $30,000 - $100,000 or more",385,21.0,23.0,0.2857142857142857,0.9552674356755242,0.7763536254501394,1.1324254617076055,False,False,kept,0.0565221721177537,0.0696021188076135,0.1037068006003678,0.25,False,False,kept,single df,0.0602412139843347,0.0051148374889839,384,0.0630621454626836,0.002563134586728,384,6.806266464334142e-06,9,0.0055555555555555,0.9888888888888888,kept,True
rep_087,18-29 - 65+,380,15.0,22.0,0.2631578947368421,0.943673035876476,0.769894982257445,1.113389800153493,False,False,kept,0.0662196552818754,0.0832190824900499,0.1137551578769301,0.25,False,False,kept,single df,0.0705106536753907,0.0061713410302437,379,0.0747193688859627,0.0033309784640319,379,1.2189062297834744e-05,9,0.0055555555555555,0.9888888888888888,kept,True
rep_087,South - Northeast,385,37.0,18.0,0.4077922077922078,0.8530320585726029,0.3946941306005949,1.306285447644596,False,False,undetermined,0.0203681887866181,0.025600565542354,0.1138246365844662,0.25,False,False,undetermined,single df,0.0196064105676306,0.0042132045174298,384,0.022984377164486,0.0010253318420491,384,1.1004143763939276e-06,9,0.0055555555555555,0.9888888888888888,unresolved,True
rep_088,Republican - Democrat,383,23.0,35.0,0.1801566579634465,1.0052794705810866,0.926375247557928,1.0852089912451877,False,False,kept,0.101316575113117,0.1352634087968122,0.1434898807695391,0.25,False,False,kept,single df,0.1189145004875278,0.0074715052739453,382,0.1182899919549646,0.0066520213950462,382,4.3403932251044696e-05,9,0.0055555555555555,0.9888888888888888,kept,True
rep_088,Female - Male,384,55.0,44.0,0.2604166666666667,0.9836981689526146,0.821296368377491,1.143326260579451,False,False,kept,0.0377833623397615,0.053654242926846,0.1735706063255838,0.25,False,False,kept,single df,0.0449735024370869,0.0042756285091631,383,0.0457188026333037,0.0031100039412661,383,9.94628373855447e-06,9,0.0055555555555555,0.9888888888888888,kept,True
rep_088,Black - White,385,10.0,73.0,0.2363636363636363,1.0719057546761803,0.9064833993786708,1.2412198243600383,False,False,kept,0.065661662064632,0.083127565435944,0.1173868811923518,0.25,False,False,kept,single df,0.0797440145958454,0.0057830798564202,384,0.074394613750288,0.0034226027124533,384,1.092513475751363e-05,9,0.0055555555555555,0.9888888888888888,kept,True
rep_088,Hispanic - White,385,7.0,73.0,0.3662337662337662,0.7824020903992359,0.490867100550528,1.072586837526804,False,False,attenuated or kept,0.0487392316228472,0.0610008204491476,0.1117330326967233,0.25,False,False,attenuated or kept,single df,0.0429304230708249,0.0065307473887488,384,0.0548700260359974,0.0024027699159732,384,4.825354161325291e-06,9,0.0055555555555555,0.9888888888888888,unresolved,True
rep_088,Asian - White,376,4.0,73.0,0.3670212765957447,1.006857344581608,0.6401706721081339,1.3672220273239102,False,False,undetermined,0.0535606884275831,0.0670370175984751,0.1117461485376844,0.25,False,False,undetermined,single df,0.0607123430260152,0.0091344203642887,375,0.0602988530130291,0.002640500718031,375,8.762961165746425e-06,9,0.0055555555555555,0.9888888888888888,unresolved,True
rep_088,Less than high school - Postgraduate,378,4.0,21.0,0.3439153439153439,0.8762919308946298,0.5862637977642124,1.167878901362278,False,False,attenuated or kept,0.0741389531252531,0.090211501514139,0.0977943652431703,0.25,False,False,attenuated or kept,single df,0.0720094886196816,0.0096475203556482,377,0.082175227319696,0.0031492773578426,377,7.890462106933274e-06,9,0.0055555555555555,0.9888888888888888,unresolved,True
rep_088,"Less than $30,000 - $100,000 or more",385,21.0,23.0,0.3012987012987013,0.9724815161984764,0.7949069076251176,1.147529572173164,False,False,kept,0.0565221721177537,0.0696021188076135,0.1037068006003678,0.25,False,False,kept,single df,0.0613267708342794,0.005145969567315,384,0.0630621454626836,0.002563134586728,384,7.152233822923472e-06,9,0.0055555555555555,0.9888888888888888,kept,True
rep_088,18-29 - 65+,380,15.0,22.0,0.2605263157894736,0.9793813788451738,0.8217321279613752,1.134592040336866,False,False,kept,0.0662196552818754,0.0832190824900499,0.1137551578769301,0.25,False,False,kept,single df,0.0731787585259753,0.0057769261134515,379,0.0747193688859627,0.0033309784640319,379,1.1898583276899296e-05,9,0.0055555555555555,0.9888888888888888,kept,True
rep_088,South - Northeast,385,37.0,18.0,0.3922077922077922,1.126995013550754,0.6852450555893311,1.5763157389927718,False,False,undetermined,0.0203681887866181,0.025600565542354,0.1138246365844662,0.25,False,False,undetermined,single df,0.0259032784539456,0.0040680834077622,384,0.022984377164486,0.0010253318420491,384,8.816343920978742e-07,9,0.0055555555555555,0.9888888888888888,unresolved,True
rep_089,Republican - Democrat,383,23.0,35.0,0.1592689295039164,1.0045549484724383,0.9283989341824376,1.082170862982131,False,False,kept,0.101316575113117,0.1352634087968122,0.1434898807695391,0.25,False,False,kept,single df,0.1188287967731246,0.0073490356123486,382,0.1182899919549646,0.0066520213950462,382,4.291447712754099e-05,9,0.0055555555555555,0.9888888888888888,kept,True
rep_089,Female - Male,384,55.0,44.0,0.2395833333333333,0.9787355200787616,0.8187924727296502,1.1422182282579647,False,False,kept,0.0377833623397615,0.053654242926846,0.1735706063255838,0.25,False,False,kept,single df,0.0447466160726848,0.004040822852462,383,0.0457188026333037,0.0031100039412661,383,8.915369912407366e-06,9,0.0055555555555555,0.9888888888888888,kept,True
rep_089,Black - White,385,10.0,73.0,0.2467532467532467,1.0563964790080638,0.8838122117008701,1.2310424753649762,False,False,kept,0.065661662064632,0.083127565435944,0.1173868811923518,0.25,False,False,kept,single df,0.0785902080229691,0.0060429184458158,384,0.074394613750288,0.0034226027124533,384,1.1510579577724712e-05,9,0.0055555555555555,0.9888888888888888,kept,True
rep_089,Hispanic - White,385,7.0,73.0,0.2935064935064935,1.0964707180262458,0.8311672195204476,1.3611743374943033,False,False,kept or steepened,0.0487392316228472,0.0610008204491476,0.1117330326967233,0.25,False,False,kept or steepened,single df,0.0601633768458089,0.0062699276094173,384,0.0548700260359974,0.0024027699159732,384,6.467232224318318e-06,9,0.0055555555555555,0.9888888888888888,unresolved,True
rep_089,Asian - White,376,4.0,73.0,0.4069148936170212,0.7674774739998728,0.4123455745031699,1.114152961506238,False,False,attenuated or kept,0.0535606884275831,0.0670370175984751,0.1117461485376844,0.25,False,False,attenuated or kept,single df,0.0462780113955292,0.008693021319593,375,0.0602988530130291,0.002640500718031,375,7.68238404610406e-06,9,0.0055555555555555,0.9888888888888888,unresolved,True
rep_089,Less than high school - Postgraduate,378,4.0,21.0,0.3095238095238095,1.1012655848179027,0.798171957471422,1.4049157587652836,False,False,kept or steepened,0.0741389531252531,0.090211501514139,0.0977943652431703,0.25,False,False,kept or steepened,single df,0.0904967497717692,0.0102921872708649,377,0.082175227319696,0.0031492773578426,377,1.0636474922691376e-05,9,0.0055555555555555,0.9888888888888888,unresolved,True
rep_089,"Less than $30,000 - $100,000 or more",385,21.0,23.0,0.2363636363636363,1.0722111210173118,0.9008781356251864,1.2443321941030732,False,False,kept,0.0565221721177537,0.0696021188076135,0.1037068006003678,0.25,False,False,kept,single df,0.0676159336803008,0.0049861902249181,384,0.0630621454626836,0.002563134586728,384,6.805951846297175e-06,9,0.0055555555555555,0.9888888888888888,kept,True
rep_089,18-29 - 65+,380,15.0,22.0,0.2473684210526315,0.9924881112433572,0.8216581914482862,1.1605279083985245,False,False,kept,0.0662196552818754,0.0832190824900499,0.1137551578769301,0.25,False,False,kept,single df,0.0741580852989247,0.0061292928776127,379,0.0747193688859627,0.0033309784640319,379,1.219276628223092e-05,9,0.0055555555555555,0.9888888888888888,kept,True
rep_089,South - Northeast,385,37.0,18.0,0.4051948051948052,1.150587261516531,0.6616232945411621,1.6415009594635728,False,False,undetermined,0.0203681887866181,0.025600565542354,0.1138246365844662,0.25,False,False,undetermined,single df,0.0264455315793491,0.0045207823437457,384,0.022984377164486,0.0010253318420491,384,1.1315389941536273e-06,9,0.0055555555555555,0.9888888888888888,unresolved,True
rep_090,Republican - Democrat,383,23.0,35.0,0.1984334203655352,1.0044900766787297,0.9248368777659002,1.0837495078324049,False,False,kept,0.101316575113117,0.1352634087968122,0.1434898807695391,0.25,False,False,kept,single df,0.1188211230891687,0.0076660905402335,382,0.1182899919549646,0.0066520213950462,382,4.486249083526979e-05,9,0.0055555555555555,0.9888888888888888,kept,True
rep_090,Female - Male,384,55.0,44.0,0.2916666666666667,0.9233811249755772,0.7582157910223569,1.089557912496308,False,False,kept,0.0377833623397615,0.053654242926846,0.1735706063255838,0.25,False,False,kept,single df,0.0422158794080764,0.0040622865593978,383,0.0457188026333037,0.0031100039412661,383,8.773586263880023e-06,9,0.0055555555555555,0.9888888888888888,kept,True
rep_090,Black - White,385,10.0,73.0,0.2883116883116883,0.9073306957555792,0.7362375810778722,1.0772374875906774,False,False,attenuated or kept,0.065661662064632,0.083127565435944,0.1173868811923518,0.25,False,False,attenuated or kept,single df,0.0675005166545164,0.0059091574046127,384,0.074394613750288,0.0034226027124533,384,1.1125964260105292e-05,9,0.0055555555555555,0.9888888888888888,unresolved,True
rep_090,Hispanic - White,385,7.0,73.0,0.3220779220779221,0.9829259682303466,0.7082466045989385,1.2569199888937213,False,False,undetermined,0.0487392316228472,0.0610008204491476,0.1117330326967233,0.25,False,False,undetermined,single df,0.0539331734682571,0.0063446752160601,384,0.0548700260359974,0.0024027699159732,384,5.8312184786590345e-06,9,0.0055555555555555,0.9888888888888888,unresolved,True
rep_090,Asian - White,376,4.0,73.0,0.3962765957446808,0.8527703808299387,0.4828132073829979,1.22072093975779,False,False,attenuated or kept,0.0535606884275831,0.0670370175984751,0.1117461485376844,0.25,False,False,attenuated or kept,single df,0.0514210758475293,0.0090039341046507,375,0.0602988530130291,0.002640500718031,375,6.498925714601755e-06,9,0.0055555555555555,0.9888888888888888,unresolved,True
rep_090,Less than high school - Postgraduate,378,4.0,21.0,0.3201058201058201,1.0759349139825491,0.7859224897579246,1.3692408580429345,False,False,kept or steepened,0.0741389531252531,0.090211501514139,0.0977943652431703,0.25,False,False,kept or steepened,single df,0.0884151961377136,0.0097576032294234,377,0.082175227319696,0.0031492773578426,377,8.979648280876873e-06,9,0.0055555555555555,0.9888888888888888,unresolved,True
rep_090,"Less than $30,000 - $100,000 or more",385,21.0,23.0,0.2467532467532467,1.079608794284768,0.893896540380577,1.2701910784387709,False,False,kept or steepened,0.0565221721177537,0.0696021188076135,0.1037068006003678,0.25,False,False,kept or steepened,single df,0.0680824468279785,0.0050860072573665,384,0.0630621454626836,0.002563134586728,384,5.621251097197295e-06,9,0.0055555555555555,0.9888888888888888,unresolved,True
rep_090,18-29 - 65+,380,15.0,22.0,0.2421052631578947,0.9737737736781918,0.8069089992055786,1.1388775489217355,False,False,kept,0.0662196552818754,0.0832190824900499,0.1137551578769301,0.25,False,False,kept,single df,0.0727597618069367,0.0059404592685765,379,0.0747193688859627,0.0033309784640319,379,1.1549628702897015e-05,9,0.0055555555555555,0.9888888888888888,kept,True
rep_090,South - Northeast,385,37.0,18.0,0.3792207792207792,0.950272406334055,0.5087720472016027,1.399817657082215,False,False,undetermined,0.0203681887866181,0.025600565542354,0.1138246365844662,0.25,False,False,undetermined,single df,0.0218414193961856,0.0040290691062588,384,0.022984377164486,0.0010253318420491,384,6.768580264651972e-07,9,0.0055555555555555,0.9888888888888888,unresolved,True
rep_091,Republican - Democrat,383,23.0,35.0,0.1697127937336814,1.0263097905637073,0.9467972995518388,1.1054471018638563,False,False,kept,0.101316575113117,0.1352634087968122,0.1434898807695391,0.25,False,False,kept,single df,0.1214021768690823,0.0077886915643993,382,0.1182899919549646,0.0066520213950462,382,4.580843693089304e-05,9,0.0055555555555555,0.9888888888888888,kept,True
rep_091,Female - Male,384,55.0,44.0,0.2682291666666667,0.9615100449292912,0.8002996382306543,1.1249608257828831,False,False,kept,0.0377833623397615,0.053654242926846,0.1735706063255838,0.25,False,False,kept,single df,0.0439590879740613,0.0040590494287502,383,0.0457188026333037,0.0031100039412661,383,8.951046018283501e-06,9,0.0055555555555555,0.9888888888888888,kept,True
rep_091,Black - White,385,10.0,73.0,0.2519480519480519,1.133316892794469,0.9643027853623306,1.305974379346079,False,False,kept or steepened,0.065661662064632,0.083127565435944,0.1173868811923518,0.25,False,False,kept or steepened,single df,0.0843126724961211,0.0060041334920825,384,0.074394613750288,0.0034226027124533,384,1.1748618996306625e-05,9,0.0055555555555555,0.9888888888888888,unresolved,True
rep_091,Hispanic - White,385,7.0,73.0,0.3324675324675324,1.128089630335692,0.8275033414466485,1.4276093078861447,False,False,kept or steepened,0.0487392316228472,0.0610008204491476,0.1117330326967233,0.25,False,False,kept or steepened,single df,0.0618983073874581,0.0070008183933483,384,0.0548700260359974,0.0024027699159732,384,6.756349785778789e-06,9,0.0055555555555555,0.9888888888888888,unresolved,True
rep_091,Asian - White,376,4.0,73.0,0.351063829787234,1.1539416699526948,0.7789391574211845,1.5315400200682392,False,False,kept or steepened,0.0535606884275831,0.0670370175984751,0.1117461485376844,0.25,False,False,kept or steepened,single df,0.0695813591420869,0.0092578575718718,375,0.0602988530130291,0.002640500718031,375,7.329917826586249e-06,9,0.0055555555555555,0.9888888888888888,unresolved,True
rep_091,Less than high school - Postgraduate,378,4.0,21.0,0.3148148148148148,1.3235234124978514,1.0159957034394074,1.6307168283990578,False,False,kept or steepened,0.0741389531252531,0.090211501514139,0.0977943652431703,0.25,False,False,kept or steepened,single df,0.1087608372849508,0.0107172883683336,377,0.082175227319696,0.0031492773578426,377,1.329831561635047e-05,9,0.0055555555555555,0.9888888888888888,unresolved,True
rep_091,"Less than $30,000 - $100,000 or more",385,21.0,23.0,0.2415584415584415,0.9992827114657514,0.8281689275839615,1.1697108128125313,False,False,kept,0.0565221721177537,0.0696021188076135,0.1037068006003678,0.25,False,False,kept,single df,0.0630169117087981,0.004959476547791,384,0.0630621454626836,0.002563134586728,384,6.772115803117928e-06,9,0.0055555555555555,0.9888888888888888,kept,True
rep_091,18-29 - 65+,380,15.0,22.0,0.2736842105263158,0.9813176847043804,0.8067712452683127,1.1557372945611024,False,False,kept,0.0662196552818754,0.0832190824900499,0.1137551578769301,0.25,False,False,kept,single df,0.0733234380777454,0.0060461805365859,379,0.0747193688859627,0.0033309784640319,379,1.0941799916846827e-05,9,0.0055555555555555,0.9888888888888888,kept,True
rep_091,South - Northeast,385,37.0,18.0,0.3948051948051948,1.0320702388161838,0.559840987714197,1.50334447683178,False,False,undetermined,0.0203681887866181,0.025600565542354,0.1138246365844662,0.25,False,False,undetermined,single df,0.0237214916291923,0.0043615760043713,384,0.022984377164486,0.0010253318420491,384,1.1232657808252738e-06,9,0.0055555555555555,0.9888888888888888,unresolved,True
rep_092,Republican - Democrat,383,23.0,35.0,0.1906005221932115,1.0021286010291186,0.9247318728332978,1.0799223465079872,False,False,kept,0.101316575113117,0.1352634087968122,0.1434898807695391,0.25,False,False,kept,single df,0.1185417841535743,0.0075016010696683,382,0.1182899919549646,0.0066520213950462,382,4.392573894090235e-05,9,0.0055555555555555,0.9888888888888888,kept,True
rep_092,Female - Male,384,55.0,44.0,0.2291666666666666,1.1371911834104649,0.9792494524323112,1.3031989221663205,False,False,kept or steepened,0.0377833623397615,0.053654242926846,0.1735706063255838,0.25,False,False,kept or steepened,single df,0.0519910192706761,0.0042209043384179,383,0.0457188026333037,0.0031100039412661,383,9.743275951147735e-06,9,0.0055555555555555,0.9888888888888888,unresolved,True
rep_092,Black - White,385,10.0,73.0,0.2103896103896103,1.2148372443869684,1.045751794149932,1.3882272900307115,False,False,kept or steepened,0.065661662064632,0.083127565435944,0.1173868811923518,0.25,False,False,kept or steepened,single df,0.0903773475656328,0.006122392360048,384,0.074394613750288,0.0034226027124533,384,1.2426385807036611e-05,9,0.0055555555555555,0.9888888888888888,unresolved,True
rep_092,Hispanic - White,385,7.0,73.0,0.3116883116883117,1.070207683809713,0.7930360873484348,1.3485305981320748,False,False,kept or steepened,0.0487392316228472,0.0610008204491476,0.1117330326967233,0.25,False,False,kept or steepened,single df,0.0587223234745634,0.0064248690339109,384,0.0548700260359974,0.0024027699159732,384,5.915745698716344e-06,9,0.0055555555555555,0.9888888888888888,unresolved,True
rep_092,Asian - White,376,4.0,73.0,0.3537234042553192,0.9281656080373732,0.5652348239122332,1.2791485494900992,False,False,undetermined,0.0535606884275831,0.0670370175984751,0.1117461485376844,0.25,False,False,undetermined,single df,0.0559673215707943,0.0090750826388886,375,0.0602988530130291,0.002640500718031,375,9.765291630715417e-06,9,0.0055555555555555,0.9888888888888888,unresolved,True
rep_092,Less than high school - Postgraduate,378,4.0,21.0,0.2857142857142857,1.1470778711540668,0.8537509115579368,1.4422109458707597,False,False,kept or steepened,0.0741389531252531,0.090211501514139,0.0977943652431703,0.25,False,False,kept or steepened,single df,0.0942613848154785,0.0099920044304249,377,0.082175227319696,0.0031492773578426,377,1.0449111114811057e-05,9,0.0055555555555555,0.9888888888888888,unresolved,True
rep_092,"Less than $30,000 - $100,000 or more",385,21.0,23.0,0.2129870129870129,1.0598588108505795,0.8888353510808679,1.232589097098093,False,False,kept,0.0565221721177537,0.0696021188076135,0.1037068006003678,0.25,False,False,kept,single df,0.0668369704997661,0.0049129749928016,384,0.0630621454626836,0.002563134586728,384,6.447217513342e-06,9,0.0055555555555555,0.9888888888888888,kept,True
rep_092,18-29 - 65+,380,15.0,22.0,0.2342105263157894,1.036676780025327,0.8678140645843968,1.2068308470862643,False,False,kept,0.0662196552818754,0.0832190824900499,0.1137551578769301,0.25,False,False,kept,single df,0.0774598347422244,0.0059252713336185,379,0.0747193688859627,0.0033309784640319,379,1.0955900404927542e-05,9,0.0055555555555555,0.9888888888888888,kept,True
rep_092,South - Northeast,385,37.0,18.0,0.3948051948051948,0.8854529774439274,0.4173668101918944,1.348335821260828,False,False,undetermined,0.0203681887866181,0.025600565542354,0.1138246365844662,0.25,False,False,undetermined,single df,0.0203515851949884,0.0043066075356667,384,0.022984377164486,0.0010253318420491,384,1.1392555490291763e-06,9,0.0055555555555555,0.9888888888888888,unresolved,True
rep_093,Republican - Democrat,383,23.0,35.0,0.2088772845953002,0.9395201981521076,0.8564634638746981,1.0196896494946022,False,False,kept,0.101316575113117,0.1352634087968122,0.1434898807695391,0.25,False,False,kept,single df,0.1111358366809395,0.0076670960711123,382,0.1182899919549646,0.0066520213950462,382,4.461190188254206e-05,9,0.0055555555555555,0.9888888888888888,kept,True
rep_093,Female - Male,384,55.0,44.0,0.2369791666666666,1.0333143443534962,0.8741332147079193,1.2007501753976584,False,False,kept,0.0377833623397615,0.053654242926846,0.1735706063255838,0.25,False,False,kept,single df,0.0472418945676591,0.0039962901718932,383,0.0457188026333037,0.0031100039412661,383,8.709188940358363e-06,9,0.0055555555555555,0.9888888888888888,kept,True
rep_093,Black - White,385,10.0,73.0,0.2493506493506493,1.0282650651941792,0.8581968257998658,1.195213395219096,False,False,kept,0.065661662064632,0.083127565435944,0.1173868811923518,0.25,False,False,kept,single df,0.0764973823580357,0.0062353500998164,384,0.074394613750288,0.0034226027124533,384,1.3353167772282384e-05,9,0.0055555555555555,0.9888888888888888,kept,True
rep_093,Hispanic - White,385,7.0,73.0,0.3428571428571428,1.048561866461442,0.758981023094434,1.3382459768410022,False,False,kept or steepened,0.0487392316228472,0.0610008204491476,0.1117330326967233,0.25,False,False,kept or steepened,single df,0.0575346169130934,0.0066788544802734,384,0.0548700260359974,0.0024027699159732,384,6.030086029563538e-06,9,0.0055555555555555,0.9888888888888888,unresolved,True
rep_093,Asian - White,376,4.0,73.0,0.3617021276595745,0.9408674102039544,0.5872095647141596,1.2837992673451302,False,False,undetermined,0.0535606884275831,0.0670370175984751,0.1117461485376844,0.25,False,False,undetermined,single df,0.0567332256726376,0.0088661128664374,375,0.0602988530130291,0.002640500718031,375,9.516999315437698e-06,9,0.0055555555555555,0.9888888888888888,unresolved,True
rep_093,Less than high school - Postgraduate,378,4.0,21.0,0.3333333333333333,1.028564483770433,0.7324507039273396,1.3264062061528743,False,False,undetermined,0.0741389531252531,0.090211501514139,0.0977943652431703,0.25,False,False,undetermined,single df,0.0845225202668012,0.0099626265555256,377,0.082175227319696,0.0031492773578426,377,9.313847781005466e-06,9,0.0055555555555555,0.9888888888888888,unresolved,True
rep_093,"Less than $30,000 - $100,000 or more",385,21.0,23.0,0.2961038961038961,0.8630497036392195,0.6796726934360168,1.0428557683318176,False,False,attenuated or kept,0.0565221721177537,0.0696021188076135,0.1037068006003678,0.25,False,False,attenuated or kept,single df,0.0544257659524224,0.0051652658732223,384,0.0630621454626836,0.002563134586728,384,6.748852618121604e-06,9,0.0055555555555555,0.9888888888888888,unresolved,True
rep_093,18-29 - 65+,380,15.0,22.0,0.2210526315789473,1.033977567619195,0.872042131783093,1.194698533037358,False,False,kept,0.0662196552818754,0.0832190824900499,0.1137551578769301,0.25,False,False,kept,single df,0.077258151294749,0.0059120384216487,379,0.0747193688859627,0.0033309784640319,379,1.1986340317027283e-05,9,0.0055555555555555,0.9888888888888888,kept,True
rep_093,South - Northeast,385,37.0,18.0,0.3584415584415584,1.1127778338974967,0.649843926843861,1.582647176804502,False,False,undetermined,0.0203681887866181,0.025600565542354,0.1138246365844662,0.25,False,False,undetermined,single df,0.0255765054345798,0.0042550343744691,384,0.022984377164486,0.0010253318420491,384,8.921305015290161e-07,9,0.0055555555555555,0.9888888888888888,unresolved,True
rep_094,Republican - Democrat,383,23.0,35.0,0.2114882506527415,0.9940585223627728,0.9142321254406116,1.0710203979233852,False,False,kept,0.101316575113117,0.1352634087968122,0.1434898807695391,0.25,False,False,kept,single df,0.1175871746130564,0.0079152006434369,382,0.1182899919549646,0.0066520213950462,382,4.700123407427271e-05,9,0.0055555555555555,0.9888888888888888,kept,True
rep_094,Female - Male,384,55.0,44.0,0.25,1.0860521993727974,0.9245086385084486,1.2507179042384082,False,False,kept or steepened,0.0377833623397615,0.053654242926846,0.1735706063255838,0.25,False,False,kept or steepened,single df,0.0496530061525904,0.0043168678876212,383,0.0457188026333037,0.0031100039412661,383,1.001835246147933e-05,9,0.0055555555555555,0.9888888888888888,unresolved,True
rep_094,Black - White,385,10.0,73.0,0.2779220779220779,1.0100852886760647,0.831654273204791,1.1893707225239087,False,False,kept,0.065661662064632,0.083127565435944,0.1173868811923518,0.25,False,False,kept,single df,0.075144904905904,0.0061683377390451,384,0.074394613750288,0.0034226027124533,384,1.1474181189169615e-05,9,0.0055555555555555,0.9888888888888888,kept,True
rep_094,Hispanic - White,385,7.0,73.0,0.3246753246753247,0.9807220418897804,0.700855310209131,1.2633041148419126,False,False,undetermined,0.0487392316228472,0.0610008204491476,0.1117330326967233,0.25,False,False,undetermined,single df,0.0538122439725688,0.0063602560896666,384,0.0548700260359974,0.0024027699159732,384,5.041994413248017e-06,9,0.0055555555555555,0.9888888888888888,unresolved,True
rep_094,Asian - White,376,4.0,73.0,0.3537234042553192,0.9620428958943654,0.6134568624429614,1.310735914632723,False,False,undetermined,0.0535606884275831,0.0670370175984751,0.1117461485376844,0.25,False,False,undetermined,single df,0.0580100831717632,0.0085683190706494,375,0.0602988530130291,0.002640500718031,375,6.678103131143952e-06,9,0.0055555555555555,0.9888888888888888,unresolved,True
rep_094,Less than high school - Postgraduate,378,4.0,21.0,0.3121693121693121,1.0981236169802635,0.8095270513540509,1.3894009307727682,False,False,kept or steepened,0.0741389531252531,0.090211501514139,0.0977943652431703,0.25,False,False,kept or steepened,single df,0.09023855785048,0.0097610178926158,377,0.082175227319696,0.0031492773578426,377,9.514409339734628e-06,9,0.0055555555555555,0.9888888888888888,unresolved,True
rep_094,"Less than $30,000 - $100,000 or more",385,21.0,23.0,0.2675324675324675,0.8586722744331506,0.6820937016163012,1.0322283961253915,False,False,attenuated or kept,0.0565221721177537,0.0696021188076135,0.1037068006003678,0.25,False,False,attenuated or kept,single df,0.0541497158750767,0.0049930826866139,384,0.0630621454626836,0.002563134586728,384,6.554374616679677e-06,9,0.0055555555555555,0.9888888888888888,unresolved,True
rep_094,18-29 - 65+,380,15.0,22.0,0.3078947368421053,0.8863678431018593,0.7263593627184949,1.042952744805351,False,False,attenuated or kept,0.0662196552818754,0.0832190824900499,0.1137551578769301,0.25,False,False,attenuated or kept,single df,0.0662288458373829,0.005700028905475,379,0.0747193688859627,0.0033309784640319,379,1.1283377213952469e-05,9,0.0055555555555555,0.9888888888888888,unresolved,True
rep_094,South - Northeast,385,37.0,18.0,0.3818181818181818,1.0311932858706945,0.5710406652961049,1.4861212681378333,False,False,undetermined,0.0203681887866181,0.025600565542354,0.1138246365844662,0.25,False,False,undetermined,single df,0.0237013354119377,0.0042796880625956,384,0.022984377164486,0.0010253318420491,384,1.2933267029269228e-06,9,0.0055555555555555,0.9888888888888888,unresolved,True
rep_095,Republican - Democrat,383,23.0,35.0,0.1723237597911227,0.9849526748968792,0.905586068059545,1.064274623790508,False,False,kept,0.101316575113117,0.1352634087968122,0.1434898807695391,0.25,False,False,kept,single df,0.1165100439895727,0.0075014460052349,382,0.1182899919549646,0.0066520213950462,382,4.363055374886705e-05,9,0.0055555555555555,0.9888888888888888,kept,True
rep_095,Female - Male,384,55.0,44.0,0.2734375,1.0388313136769698,0.866287977144804,1.2124599433764516,False,False,kept,0.0377833623397615,0.053654242926846,0.1735706063255838,0.25,False,False,kept,single df,0.047494123799293,0.0044062623563934,383,0.0457188026333037,0.0031100039412661,383,9.878738941538974e-06,9,0.0055555555555555,0.9888888888888888,kept,True
rep_095,Black - White,385,10.0,73.0,0.2493506493506493,1.0223230772945875,0.854855054117748,1.185723163685837,False,False,kept,0.065661662064632,0.083127565435944,0.1173868811923518,0.25,False,False,kept,single df,0.0760553304633367,0.0062186608328296,384,0.074394613750288,0.0034226027124533,384,1.3680971998788104e-05,9,0.0055555555555555,0.9888888888888888,kept,True
rep_095,Hispanic - White,385,7.0,73.0,0.3142857142857143,1.0491419488649898,0.7797062177282372,1.3158318996690286,False,False,kept or steepened,0.0487392316228472,0.0610008204491476,0.1117330326967233,0.25,False,False,kept or steepened,single df,0.0575664460496791,0.0063627672971358,384,0.0548700260359974,0.0024027699159732,384,6.68397634727247e-06,9,0.0055555555555555,0.9888888888888888,unresolved,True
rep_095,Asian - White,376,4.0,73.0,0.3484042553191489,1.115617135482199,0.751976122712096,1.4828493961224096,False,False,kept or steepened,0.0535606884275831,0.0670370175984751,0.1117461485376844,0.25,False,False,kept or steepened,single df,0.0672704336712577,0.0089498674464288,375,0.0602988530130291,0.002640500718031,375,6.788285678086982e-06,9,0.0055555555555555,0.9888888888888888,unresolved,True
rep_095,Less than high school - Postgraduate,378,4.0,21.0,0.328042328042328,0.8778887581643292,0.5746043096069737,1.1813109654858618,False,False,attenuated or kept,0.0741389531252531,0.090211501514139,0.0977943652431703,0.25,False,False,attenuated or kept,single df,0.0721407082635594,0.010101397555494,377,0.082175227319696,0.0031492773578426,377,8.636107634832887e-06,9,0.0055555555555555,0.9888888888888888,unresolved,True
rep_095,"Less than $30,000 - $100,000 or more",385,21.0,23.0,0.2597402597402597,1.1097147433300447,0.9237980796946615,1.2953936631480474,False,False,kept or steepened,0.0565221721177537,0.0696021188076135,0.1037068006003678,0.25,False,False,kept or steepened,single df,0.0699809925659639,0.0053953389251653,384,0.0630621454626836,0.002563134586728,384,7.362278266819466e-06,9,0.0055555555555555,0.9888888888888888,unresolved,True
rep_095,18-29 - 65+,380,15.0,22.0,0.2631578947368421,0.9915292715642484,0.8211078787336017,1.1593093004578434,False,False,kept,0.0662196552818754,0.0832190824900499,0.1137551578769301,0.25,False,False,kept,single df,0.0740864414032389,0.0061093745856644,379,0.0747193688859627,0.0033309784640319,379,1.2119177330082949e-05,9,0.0055555555555555,0.9888888888888888,kept,True
rep_095,South - Northeast,385,37.0,18.0,0.3532467532467532,1.102003948046156,0.612862853930834,1.5914782809531622,False,False,undetermined,0.0203681887866181,0.025600565542354,0.1138246365844662,0.25,False,False,undetermined,single df,0.0253288743786455,0.0045192097873015,384,0.022984377164486,0.0010253318420491,384,1.1451976920473233e-06,9,0.0055555555555555,0.9888888888888888,unresolved,True
rep_096,Republican - Democrat,383,23.0,35.0,0.1618798955613577,1.0696702989228275,0.9890474556349772,1.1535206944439198,False,False,kept,0.101316575113117,0.1352634087968122,0.1434898807695391,0.25,False,False,kept,single df,0.1265312910540458,0.0075889756906339,382,0.1182899919549646,0.0066520213950462,382,4.393543443382766e-05,9,0.0055555555555555,0.9888888888888888,kept,True
rep_096,Female - Male,384,55.0,44.0,0.2421875,1.0543130041217,0.8940982920932339,1.2182336954455626,False,False,kept,0.0377833623397615,0.053654242926846,0.1735706063255838,0.25,False,False,kept,single df,0.0482019281491655,0.0042085837157362,383,0.0457188026333037,0.0031100039412661,383,9.620470997437786e-06,9,0.0055555555555555,0.9888888888888888,kept,True
rep_096,Black - White,385,10.0,73.0,0.2571428571428571,0.9526186567853464,0.7808706006616424,1.1237951471626082,False,False,kept,0.065661662064632,0.083127565435944,0.1173868811923518,0.25,False,False,kept,single df,0.070869697022864,0.0059778797727699,384,0.074394613750288,0.0034226027124533,384,1.1398772800593422e-05,9,0.0055555555555555,0.9888888888888888,kept,True
rep_096,Hispanic - White,385,7.0,73.0,0.348051948051948,0.9516464163040432,0.669818543585271,1.2336681615472973,False,False,attenuated or kept,0.0487392316228472,0.0610008204491476,0.1117330326967233,0.25,False,False,attenuated or kept,single df,0.0522168636396665,0.0064374927097533,384,0.0548700260359974,0.0024027699159732,384,5.449875204372481e-06,9,0.0055555555555555,0.9888888888888888,unresolved,True
rep_096,Asian - White,376,4.0,73.0,0.3643617021276595,0.8359466978809466,0.4651467778308329,1.2050907032841882,False,False,attenuated or kept,0.0535606884275831,0.0670370175984751,0.1117461485376844,0.25,False,False,attenuated or kept,single df,0.0504066270622502,0.0090059682149904,375,0.0602988530130291,0.002640500718031,375,6.284942626967763e-06,9,0.0055555555555555,0.9888888888888888,unresolved,True
rep_096,Less than high school - Postgraduate,378,4.0,21.0,0.3095238095238095,1.2088218567353324,0.911736044250522,1.512084879680922,False,False,kept or steepened,0.0741389531252531,0.090211501514139,0.0977943652431703,0.25,False,False,kept or steepened,single df,0.099335210866243,0.0099680175027802,377,0.082175227319696,0.0031492773578426,377,8.816667586978175e-06,9,0.0055555555555555,0.9888888888888888,unresolved,True
rep_096,"Less than $30,000 - $100,000 or more",385,21.0,23.0,0.2623376623376623,1.0257845288382663,0.8414285610985712,1.2088269752644747,False,False,kept,0.0565221721177537,0.0696021188076135,0.1037068006003678,0.25,False,False,kept,single df,0.0646881731709691,0.0053026532927391,384,0.0630621454626836,0.002563134586728,384,7.1359162691078444e-06,9,0.0055555555555555,0.9888888888888888,kept,True
rep_096,18-29 - 65+,380,15.0,22.0,0.2526315789473684,0.9199399551487776,0.755570363923773,1.0812966350532358,False,False,kept,0.0662196552818754,0.0832190824900499,0.1137551578769301,0.25,False,False,kept,single df,0.0687373328616975,0.0058465782232188,379,0.0747193688859627,0.0033309784640319,379,1.1482091693381962e-05,9,0.0055555555555555,0.9888888888888888,kept,True
rep_096,South - Northeast,385,37.0,18.0,0.3818181818181818,1.142874810083618,0.6822753313448715,1.6052843940127572,False,False,undetermined,0.0203681887866181,0.025600565542354,0.1138246365844662,0.25,False,False,undetermined,single df,0.0262682656867522,0.0042738829401776,384,0.022984377164486,0.0010253318420491,384,1.1290223540671565e-06,9,0.0055555555555555,0.9888888888888888,unresolved,True
rep_097,Republican - Democrat,383,23.0,35.0,0.1723237597911227,1.057203705205192,0.9802087140326629,1.1355964950553037,False,False,kept,0.101316575113117,0.1352634087968122,0.1434898807695391,0.25,False,False,kept,single df,0.1250566177834809,0.0076844604508371,382,0.1182899919549646,0.0066520213950462,382,4.530951090485562e-05,9,0.0055555555555555,0.9888888888888888,kept,True
rep_097,Female - Male,384,55.0,44.0,0.265625,0.9426385508199424,0.7708732490139523,1.1124150207729555,False,False,kept,0.0377833623397615,0.053654242926846,0.1735706063255838,0.25,False,False,kept,single df,0.0430963058594804,0.004272976510482,383,0.0457188026333037,0.0031100039412661,383,9.42695423396907e-06,9,0.0055555555555555,0.9888888888888888,kept,True
rep_097,Black - White,385,10.0,73.0,0.2389610389610389,1.1090956651695822,0.9394584958214036,1.28225531877079,False,False,kept or steepened,0.065661662064632,0.083127565435944,0.1173868811923518,0.25,False,False,kept or steepened,single df,0.0825107436224098,0.0059800823810586,384,0.074394613750288,0.0034226027124533,384,1.1515565188709269e-05,9,0.0055555555555555,0.9888888888888888,unresolved,True
rep_097,Hispanic - White,385,7.0,73.0,0.335064935064935,0.9678342872236896,0.6930771950347516,1.2462025548061506,False,False,attenuated or kept,0.0487392316228472,0.0610008204491476,0.1117330326967233,0.25,False,False,attenuated or kept,single df,0.0531050925384948,0.0062241306518043,384,0.0548700260359974,0.0024027699159732,384,4.763037923517745e-06,9,0.0055555555555555,0.9888888888888888,unresolved,True
rep_097,Asian - White,376,4.0,73.0,0.3989361702127659,0.924774666430754,0.5572028850417728,1.2847957756085384,False,False,undetermined,0.0535606884275831,0.0670370175984751,0.1117461485376844,0.25,False,False,undetermined,single df,0.055762851681281,0.0090982844480931,375,0.0602988530130291,0.002640500718031,375,8.529395532640777e-06,9,0.0055555555555555,0.9888888888888888,unresolved,True
rep_097,Less than high school - Postgraduate,378,4.0,21.0,0.3121693121693121,1.177255253115028,0.8730990745405319,1.4829373229292049,False,False,kept or steepened,0.0741389531252531,0.090211501514139,0.0977943652431703,0.25,False,False,kept or steepened,single df,0.0967412180380337,0.0103632508238047,377,0.082175227319696,0.0031492773578426,377,1.0892320428019264e-05,9,0.0055555555555555,0.9888888888888888,unresolved,True
rep_097,"Less than $30,000 - $100,000 or more",385,21.0,23.0,0.2883116883116883,0.9719792238741756,0.7840601051643997,1.157631054383498,False,False,kept,0.0565221721177537,0.0696021188076135,0.1037068006003678,0.25,False,False,kept,single df,0.0612950952026596,0.0053497526039918,384,0.0630621454626836,0.002563134586728,384,7.070600879889594e-06,9,0.0055555555555555,0.9888888888888888,kept,True
rep_097,18-29 - 65+,380,15.0,22.0,0.2552631578947368,0.9778048522071784,0.8087126581830693,1.1509187715370173,False,False,kept,0.0662196552818754,0.0832190824900499,0.1137551578769301,0.25,False,False,kept,single df,0.0730609614505524,0.0056616605588443,379,0.0747193688859627,0.0033309784640319,379,9.147279455613892e-06,9,0.0055555555555555,0.9888888888888888,kept,True
rep_097,South - Northeast,385,37.0,18.0,0.3896103896103896,1.1694782515002031,0.6872293379920619,1.6514298305742936,False,False,undetermined,0.0203681887866181,0.025600565542354,0.1138246365844662,0.25,False,False,undetermined,single df,0.0268797292181443,0.0044811706337264,384,0.022984377164486,0.0010253318420491,384,1.24138594111703e-06,9,0.0055555555555555,0.9888888888888888,unresolved,True
rep_098,Republican - Democrat,383,23.0,35.0,0.2114882506527415,0.9592041718265272,0.8743148085276036,1.0406344510529792,False,False,kept,0.101316575113117,0.1352634087968122,0.1434898807695391,0.25,False,False,kept,single df,0.1134642537685284,0.007889664412231,382,0.1182899919549646,0.0066520213950462,382,4.608469513203978e-05,9,0.0055555555555555,0.9888888888888888,kept,True
rep_098,Female - Male,384,55.0,44.0,0.2838541666666667,1.0388918695196188,0.8730339960892101,1.208612552010311,False,False,kept,0.0377833623397615,0.053654242926846,0.1735706063255838,0.25,False,False,kept,single df,0.0474968923399114,0.0042372862732217,383,0.0457188026333037,0.0031100039412661,383,9.446899386886315e-06,9,0.0055555555555555,0.9888888888888888,kept,True
rep_098,Black - White,385,10.0,73.0,0.2467532467532467,1.0023969986789352,0.8331194325806314,1.1710162724977893,False,False,kept,0.065661662064632,0.083127565435944,0.1173868811923518,0.25,False,False,kept,single df,0.0745729375411673,0.0060211552964713,384,0.074394613750288,0.0034226027124533,384,1.2018242189567184e-05,9,0.0055555555555555,0.9888888888888888,kept,True
rep_098,Hispanic - White,385,7.0,73.0,0.3194805194805195,0.9610904662263624,0.6708033506872482,1.2537893150913952,False,False,undetermined,0.0487392316228472,0.0610008204491476,0.1117330326967233,0.25,False,False,undetermined,single df,0.0527350589047894,0.0065632492684683,384,0.0548700260359974,0.0024027699159732,384,4.997980130510733e-06,9,0.0055555555555555,0.9888888888888888,unresolved,True
rep_098,Asian - White,376,4.0,73.0,0.3351063829787234,1.1089982668342884,0.7362825282498219,1.486597243512163,False,False,undetermined,0.0535606884275831,0.0670370175984751,0.1117461485376844,0.25,False,False,undetermined,single df,0.0668713234835448,0.0091207715877707,375,0.0602988530130291,0.002640500718031,375,6.3859492013684765e-06,9,0.0055555555555555,0.9888888888888888,unresolved,True
rep_098,Less than high school - Postgraduate,378,4.0,21.0,0.3386243386243386,1.0214751709159458,0.7191419130034036,1.320234794402959,False,False,undetermined,0.0741389531252531,0.090211501514139,0.0977943652431703,0.25,False,False,undetermined,single df,0.0839399543714432,0.0103379084662799,377,0.082175227319696,0.0031492773578426,377,1.196621110142961e-05,9,0.0055555555555555,0.9888888888888888,unresolved,True
rep_098,"Less than $30,000 - $100,000 or more",385,21.0,23.0,0.2493506493506493,0.9952248880455544,0.8257879205177767,1.164516565959098,False,False,kept,0.0565221721177537,0.0696021188076135,0.1037068006003678,0.25,False,False,kept,single df,0.0627610166580118,0.0048915774984633,384,0.0630621454626836,0.002563134586728,384,6.582185245269751e-06,9,0.0055555555555555,0.9888888888888888,kept,True
rep_098,18-29 - 65+,380,15.0,22.0,0.2447368421052631,1.0042264434973778,0.8495222820554693,1.1596098000390729,False,False,kept,0.0662196552818754,0.0832190824900499,0.1137551578769301,0.25,False,False,kept,single df,0.0750351660767189,0.0055638879918028,379,0.0747193688859627,0.0033309784640319,379,1.0854896668621438e-05,9,0.0055555555555555,0.9888888888888888,kept,True
rep_098,South - Northeast,385,37.0,18.0,0.361038961038961,1.2706074687664095,0.8194523716816197,1.7309306484451925,False,False,kept or steepened,0.0203681887866181,0.025600565542354,0.1138246365844662,0.25,False,False,kept or steepened,single df,0.0292041212901401,0.0041710538736119,384,0.022984377164486,0.0010253318420491,384,9.686483141260585e-07,9,0.0055555555555555,0.9888888888888888,unresolved,True
rep_099,Republican - Democrat,383,23.0,35.0,0.1775456919060052,1.0008728431284484,0.9253680675785176,1.0748554004243829,False,False,kept,0.101316575113117,0.1352634087968122,0.1434898807695391,0.25,False,False,kept,single df,0.1183932405616067,0.0077001015357663,382,0.1182899919549646,0.0066520213950462,382,4.589006293820172e-05,9,0.0055555555555555,0.9888888888888888,kept,True
rep_099,Female - Male,384,55.0,44.0,0.265625,1.0484308781035236,0.8839382753666291,1.2171697112587438,False,False,kept,0.0377833623397615,0.053654242926846,0.1735706063255838,0.25,False,False,kept,single df,0.0479330043906763,0.0042294318134866,383,0.0457188026333037,0.0031100039412661,383,9.479467849067813e-06,9,0.0055555555555555,0.9888888888888888,kept,True
rep_099,Black - White,385,10.0,73.0,0.2545454545454545,0.9917935932730072,0.8128735779328038,1.1743059224825612,False,False,kept,0.065661662064632,0.083127565435944,0.1173868811923518,0.25,False,False,kept,single df,0.0737841012915556,0.0059927876143591,384,0.074394613750288,0.0034226027124533,384,1.011219182278373e-05,9,0.0055555555555555,0.9888888888888888,kept,True
rep_099,Hispanic - White,385,7.0,73.0,0.3454545454545454,0.8775087372075064,0.5940756427590396,1.1605227902361397,False,False,attenuated or kept,0.0487392316228472,0.0610008204491476,0.1117330326967233,0.25,False,False,attenuated or kept,single df,0.0481489272573911,0.0064222860445236,384,0.0548700260359974,0.0024027699159732,384,5.161806486892053e-06,9,0.0055555555555555,0.9888888888888888,unresolved,True
rep_099,Asian - White,376,4.0,73.0,0.3563829787234042,0.9388333094616926,0.5684124133409157,1.3113451158453209,False,False,undetermined,0.0535606884275831,0.0670370175984751,0.1117461485376844,0.25,False,False,undetermined,single df,0.0566105717309663,0.0090080901851214,375,0.0602988530130291,0.002640500718031,375,5.9693329909918055e-06,9,0.0055555555555555,0.9888888888888888,unresolved,True
rep_099,Less than high school - Postgraduate,378,4.0,21.0,0.335978835978836,1.0125165913515854,0.7075800054580881,1.3157854872204604,False,False,undetermined,0.0741389531252531,0.090211501514139,0.0977943652431703,0.25,False,False,undetermined,single df,0.0832037810592803,0.0103386558994977,377,0.082175227319696,0.0031492773578426,377,1.0898544687896317e-05,9,0.0055555555555555,0.9888888888888888,unresolved,True
rep_099,"Less than $30,000 - $100,000 or more",385,21.0,23.0,0.2155844155844155,1.127156874334744,0.96088683794339,1.295933011275746,False,False,kept or steepened,0.0565221721177537,0.0696021188076135,0.1037068006003678,0.25,False,False,kept or steepened,single df,0.0710809307685614,0.0048576773943955,384,0.0630621454626836,0.002563134586728,384,6.647853532542833e-06,9,0.0055555555555555,0.9888888888888888,unresolved,True
rep_099,18-29 - 65+,380,15.0,22.0,0.2236842105263158,0.9955057007871358,0.8346256593515017,1.157052603077011,False,False,kept,0.0662196552818754,0.0832190824900499,0.1137551578769301,0.25,False,False,kept,single df,0.0743835576851928,0.0056947481065046,379,0.0747193688859627,0.0033309784640319,379,1.076335587022355e-05,9,0.0055555555555555,0.9888888888888888,kept,True
rep_099,South - Northeast,385,37.0,18.0,0.3454545454545454,1.204580330504683,0.7270499312201981,1.6967626581835011,False,False,undetermined,0.0203681887866181,0.025600565542354,0.1138246365844662,0.25,False,False,undetermined,single df,0.0276865286412409,0.0043515760290511,384,0.022984377164486,0.0010253318420491,384,6.796256692293322e-07,9,0.0055555555555555,0.9888888888888888,unresolved,True
