family,contrast,gamma_raw,outcome,attribute,seed,n_hi_A,n_lo_A,n_hi_B,n_lo_B,ratio,ci_lo,ci_hi,ci_unbounded,ci_split,reading,pop_ci_lo,pop_ci_hi,k_rel_halfwidth,k_max,no_population_gap,stop_population,verdict,df_rule,g,se_g,df_g,gamma,se_gamma,df_gamma,cov,family_size,alpha_one_sided,interval_level,label,certifiable
human_split_half | seed=000,bjw_score | political_identity,3.402298850574713,bjw_score,political_identity,0,5,24,6,29,0.7568412162162159,-20.0,20.0,True,False,undetermined,-2.001680404576537,8.806278105725962,1.58833174053432,0.25,True,True,no population gap,satterthwaite,2.575,2.390402084582518,inf,3.402298850574713,2.1635774516782864,inf,0.0,8,0.00625,0.9875,not read,False
human_split_half | seed=000,bjw_score | sex,-0.903030303030306,bjw_score,sex,0,29,13,33,10,0.276111299022661,-20.0,20.0,True,False,undetermined,-6.321125350466404,4.515064744405792,5.99990391159029,0.25,True,True,no population gap,satterthwaite,-0.249336870026525,1.2212320967283383,inf,-0.903030303030306,2.1692289555901416,inf,0.0,8,0.00625,0.9875,not read,False
human_split_half | seed=000,bjw_score | education,-1.675438596491226,bjw_score,education,0,17,25,24,19,-0.2134647366800114,-20.0,20.0,True,False,undetermined,-6.283812258888091,2.932935065905639,2.750547630959389,0.25,True,True,no population gap,satterthwaite,0.3576470588235274,1.2920159368216386,inf,-1.675438596491226,1.8450428608447496,inf,0.0,8,0.00625,0.9875,not read,False
human_split_half | seed=000,bjw_score | age,-0.6471861471861473,bjw_score,age,0,17,25,22,21,1.5851426323037594,-20.0,20.0,True,False,undetermined,-5.21655831476482,3.922186020392525,7.060367697061358,0.25,True,True,no population gap,satterthwaite,-1.0258823529411778,1.3199692872357316,inf,-0.6471861471861473,1.8294279314036432,inf,0.0,8,0.00625,0.9875,not read,False
human_split_half | seed=000,gut_diff | political_identity,-0.0114942528735633,gut_diff,political_identity,0,5,24,6,29,-143.5499999999988,-20.0,20.0,True,False,undetermined,-2.381669296045554,2.358680790298428,206.20522875596143,0.25,True,True,no population gap,satterthwaite,1.65,1.1721523786986772,inf,-0.0114942528735633,0.948940963281696,inf,0.0,8,0.00625,0.9875,not read,False
human_split_half | seed=000,gut_diff | sex,0.2727272727272727,gut_diff,sex,0,29,13,33,10,-2.7038019451812554,-20.0,20.0,True,False,undetermined,-1.7917877348755786,2.3372422803301243,7.569888361210455,0.25,True,True,no population gap,satterthwaite,-0.7374005305039787,0.6334721523818008,inf,0.2727272727272727,0.82656463102502,inf,0.0,8,0.00625,0.9875,not read,False
human_split_half | seed=000,gut_diff | education,-0.0964912280701753,gut_diff,education,0,17,25,24,19,4.29176470588236,-20.0,20.0,True,False,undetermined,-1.7695757019915737,1.576593245851223,17.339239093367244,0.25,True,True,no population gap,satterthwaite,-0.4141176470588236,0.5429984783239244,inf,-0.0964912280701753,0.6698485822422076,inf,0.0,8,0.00625,0.9875,not read,False
human_split_half | seed=000,gut_diff | age,-0.4285714285714286,gut_diff,age,0,17,25,22,21,0.5050980392156864,-20.0,20.0,True,False,undetermined,-2.000173676758572,1.1430308196157148,3.667071912436668,0.25,True,True,no population gap,satterthwaite,-0.2164705882352942,0.5305754033155871,inf,-0.4285714285714286,0.6292184012259752,inf,0.0,8,0.00625,0.9875,not read,False
human_split_half | seed=001,bjw_score | political_identity,0.5740740740740726,bjw_score,political_identity,1,7,26,4,27,9.082949308755785,-20.0,20.0,True,True,undetermined,-6.5498692396187685,7.698017387766914,12.409449643206916,0.25,True,True,no population gap,satterthwaite,5.214285714285715,1.855892856814184,inf,0.5740740740740726,2.8521950941702365,inf,0.0,8,0.00625,0.9875,not read,False
human_split_half | seed=001,bjw_score | sex,0.44034090909091,bjw_score,sex,1,30,12,32,11,-4.16344086021505,-20.0,20.0,True,False,undetermined,-3.966429928506983,4.847111746688803,10.007634418286806,0.25,True,True,no population gap,satterthwaite,-1.833333333333336,1.4873579393549472,inf,0.44034090909091,1.7643276498242928,inf,0.0,8,0.00625,0.9875,not read,False
human_split_half | seed=001,bjw_score | education,-1.554347826086957,bjw_score,education,1,18,24,23,20,0.3395493395493377,-20.0,20.0,True,False,undetermined,-5.629432728942199,2.5207370767682846,2.6217329444942807,0.25,True,True,no population gap,satterthwaite,-0.527777777777775,1.4323055888039544,inf,-1.554347826086957,1.631531394404924,inf,0.0,8,0.00625,0.9875,not read,False
human_split_half | seed=001,bjw_score | age,-3.484649122807017,bjw_score,age,1,20,22,19,24,-0.5165512901195723,-20.0,20.0,True,True,undetermined,-7.308640433773604,0.3393421881595704,1.0973820250476805,0.25,True,True,no population gap,satterthwaite,1.8000000000000007,1.4222410792624012,inf,-3.484649122807017,1.531001690640175,inf,0.0,8,0.00625,0.9875,not read,False
human_split_half | seed=001,gut_diff | political_identity,-0.4166666666666667,gut_diff,political_identity,1,7,26,4,27,-4.035164835164834,-20.0,20.0,True,False,undetermined,-3.763027788070623,2.92969445473729,8.031266691369494,0.25,True,True,no population gap,satterthwaite,1.6813186813186811,0.8633127730913774,inf,-0.4166666666666667,1.3397741045250968,inf,0.0,8,0.00625,0.9875,not read,False
human_split_half | seed=001,gut_diff | sex,-0.7556818181818181,gut_diff,sex,1,30,12,32,11,-0.2867167919799499,-20.0,20.0,True,False,undetermined,-2.974206117043937,1.4628424806803009,2.935791553381451,0.25,True,True,no population gap,satterthwaite,0.2166666666666666,0.5370619036622263,inf,-0.7556818181818181,0.8882249398798102,inf,0.0,8,0.00625,0.9875,not read,False
human_split_half | seed=001,gut_diff | education,0.0108695652173913,gut_diff,education,1,18,24,23,20,-47.277777777777565,-20.0,20.0,True,False,undetermined,-1.731806337387663,1.7535454678224458,160.3261830396643,0.25,True,True,no population gap,satterthwaite,-0.5138888888888888,0.4970530112256826,inf,0.0108695652173913,0.6977107258258475,inf,0.0,8,0.00625,0.9875,not read,False
human_split_half | seed=001,gut_diff | age,-0.7412280701754386,gut_diff,age,1,20,22,19,24,-0.2452931683700913,-20.0,20.0,True,False,undetermined,-2.3644477895014986,0.8819916491506214,2.1899058935286493,0.25,True,True,no population gap,satterthwaite,0.1818181818181817,0.4799317035741782,inf,-0.7412280701754386,0.649884357069969,inf,0.0,8,0.00625,0.9875,not read,False
human_split_half | seed=002,bjw_score | political_identity,3.1111111111111107,bjw_score,political_identity,2,8,26,3,27,1.0291895604395604,-0.8275922469308054,4.6420797138564565,False,False,undetermined,1.0001847701790587,5.222037452043162,0.6785120381567311,0.25,False,True,reference too imprecise,satterthwaite,3.2019230769230766,2.204486510383244,inf,3.1111111111111107,0.8451462186944517,inf,0.0,8,0.00625,0.9875,not read,False
human_split_half | seed=002,bjw_score | sex,0.2954545454545467,bjw_score,sex,2,30,12,32,11,-5.358974358974332,-20.0,20.0,True,False,undetermined,-2.9511714246168808,3.5420805155259742,10.988580206395552,0.25,True,True,no population gap,satterthwaite,-1.583333333333332,1.9272592301374143,inf,0.2954545454545467,1.299843395250614,inf,0.0,8,0.00625,0.9875,not read,False
human_split_half | seed=002,bjw_score | education,-0.515217391304347,bjw_score,education,2,18,24,23,20,2.480075011720587,-20.0,20.0,True,False,undetermined,-3.697682784099345,2.667248001490651,6.1769370493067575,0.25,True,True,no population gap,satterthwaite,-1.2777777777777786,1.837428392275715,inf,-0.515217391304347,1.27415558785394,inf,0.0,8,0.00625,0.9875,not read,False
human_split_half | seed=002,bjw_score | age,-0.3571428571428576,bjw_score,age,2,17,25,22,21,4.710588235294114,-20.0,20.0,True,False,undetermined,-3.556105392594119,2.841819678308404,8.957095099263519,0.25,True,True,no population gap,satterthwaite,-1.6823529411764715,1.8333704179966623,inf,-0.3571428571428576,1.2807605069668675,inf,0.0,8,0.00625,0.9875,not read,False
human_split_half | seed=002,gut_diff | political_identity,0.7407407407407407,gut_diff,political_identity,2,8,26,3,27,0.5711538461538462,-20.0,20.0,True,False,undetermined,-2.4254266343800026,3.906908115861484,4.274325956413003,0.25,True,True,no population gap,satterthwaite,0.4230769230769231,0.9767786752110632,inf,0.7407407407407407,1.2676303919044074,inf,0.0,8,0.00625,0.9875,not read,False
human_split_half | seed=002,gut_diff | sex,0.7244318181818181,gut_diff,sex,2,30,12,32,11,-1.5414379084967322,-20.0,20.0,True,False,undetermined,-0.3449756438984024,1.7938392802620386,1.47620167314603,0.25,True,True,no population gap,satterthwaite,-1.1166666666666667,0.8002571402028211,inf,0.7244318181818181,0.4281559499710753,inf,0.0,8,0.00625,0.9875,not read,False
human_split_half | seed=002,gut_diff | education,-0.4282608695652173,gut_diff,education,2,18,24,23,20,-0.4216018048505359,-20.0,20.0,True,False,undetermined,-1.463033915171288,0.6065121760408531,2.416221324765444,0.25,True,True,no population gap,satterthwaite,0.1805555555555555,0.6963626465693397,inf,-0.4282608695652173,0.4142894565969424,inf,0.0,8,0.00625,0.9875,not read,False
human_split_half | seed=002,gut_diff | age,-0.0800865800865801,gut_diff,age,2,17,25,22,21,4.55389507154213,-20.0,20.0,True,False,undetermined,-1.1228220549485508,0.9626488947753904,13.020102415844065,0.25,True,True,no population gap,satterthwaite,-0.3647058823529412,0.6925264041741384,inf,-0.0800865800865801,0.4174773541785676,inf,0.0,8,0.00625,0.9875,not read,False
human_split_half | seed=003,bjw_score | political_identity,3.123809523809524,bjw_score,political_identity,3,4,23,7,30,0.8455395015906679,-20.0,20.0,True,False,undetermined,-1.731395807049572,7.979014854668619,1.5542578040859911,0.25,True,True,no population gap,satterthwaite,2.641304347826086,2.6938137933652,inf,3.123809523809524,1.9438662291498645,inf,0.0,8,0.00625,0.9875,not read,False
human_split_half | seed=003,bjw_score | sex,-1.0751633986928084,bjw_score,sex,3,28,14,34,9,0.298957881024749,-20.0,20.0,True,False,undetermined,-5.851212380361908,3.7008855829762894,4.442161058938441,0.25,True,True,no population gap,satterthwaite,-0.3214285714285694,1.5432772038145088,inf,-1.0751633986928084,1.91217460263198,inf,0.0,8,0.00625,0.9875,not read,False
human_split_half | seed=003,bjw_score | education,-1.0799999999999983,bjw_score,education,3,16,26,25,18,0.5475427350427354,-20.0,20.0,True,False,undetermined,-5.248099232163262,3.088099232163265,3.859351140891917,0.25,True,True,no population gap,satterthwaite,-0.5913461538461533,1.5320404387044706,inf,-1.0799999999999983,1.6687713052321136,inf,0.0,8,0.00625,0.9875,not read,False
human_split_half | seed=003,bjw_score | age,-0.5086956521739125,bjw_score,age,3,19,23,20,23,2.6720647773279365,-20.0,20.0,True,False,undetermined,-4.270431796841942,3.2530404924941165,7.3948659254157905,0.25,True,True,no population gap,satterthwaite,-1.3592677345537751,1.5156913360381183,inf,-0.5086956521739125,1.5060767477981671,inf,0.0,8,0.00625,0.9875,not read,False
human_split_half | seed=003,gut_diff | political_identity,0.7095238095238094,gut_diff,political_identity,3,4,23,7,30,0.9038517653924716,-20.0,20.0,True,False,undetermined,-1.486113828258602,2.905161447306221,3.094522845196688,0.25,True,True,no population gap,satterthwaite,0.6413043478260869,1.2775420867796572,inf,0.7095238095238094,0.8790618655010444,inf,0.0,8,0.00625,0.9875,not read,False
human_split_half | seed=003,gut_diff | sex,-0.6830065359477124,gut_diff,sex,3,28,14,34,9,0.1045796308954203,-20.0,20.0,True,False,undetermined,-3.107217547872554,1.7412044759771292,3.5493232997559883,0.25,True,True,no population gap,satterthwaite,-0.0714285714285714,0.5265468165271695,inf,-0.6830065359477124,0.9705752068739186,inf,0.0,8,0.00625,0.9875,not read,False
human_split_half | seed=003,gut_diff | education,-0.5466666666666666,gut_diff,education,3,16,26,25,18,0.1758911819887429,-20.0,20.0,True,False,undetermined,-2.3619099457250665,1.2685766123917332,3.320566973887317,0.25,True,True,no population gap,satterthwaite,-0.0961538461538461,0.4645839661830136,inf,-0.5466666666666666,0.7267643420610034,inf,0.0,8,0.00625,0.9875,not read,False
human_split_half | seed=003,gut_diff | age,-0.6521739130434783,gut_diff,age,3,19,23,20,23,-0.0912280701754384,-20.0,20.0,True,False,undetermined,-2.306409417630479,1.0020615915435225,2.536494440366734,0.25,True,True,no population gap,satterthwaite,0.0594965675057207,0.4534633926922595,inf,-0.6521739130434783,0.6623020682543153,inf,0.0,8,0.00625,0.9875,not read,False
human_split_half | seed=004,bjw_score | political_identity,4.360215053763444,bjw_score,political_identity,4,5,22,6,31,0.3544445689945074,-1.6801301740872647,3.384096428686336,False,False,undetermined,1.0282089779770471,7.69222112954984,0.764183884212416,0.25,False,True,reference too imprecise,satterthwaite,1.5454545454545467,2.755214949401623,inf,4.360215053763444,1.3340268113639766,inf,0.0,8,0.00625,0.9875,not read,False
human_split_half | seed=004,bjw_score | sex,1.1818181818181834,bjw_score,sex,4,30,12,32,11,-2.0589743589743565,-20.0,20.0,True,False,undetermined,-2.1507232418929165,4.514359605529283,2.819842743140158,0.25,True,True,no population gap,satterthwaite,-2.4333333333333336,1.815807472188744,inf,1.1818181818181834,1.3342411472531432,inf,0.0,8,0.00625,0.9875,not read,False
human_split_half | seed=004,bjw_score | education,-0.1826086956521742,bjw_score,education,4,21,21,20,23,7.82312925170068,-20.0,20.0,True,False,undetermined,-4.0190213641318495,3.653803972827501,21.008926517864857,0.25,True,True,no population gap,satterthwaite,-1.4285714285714306,1.4924949282757851,inf,-0.1826086956521742,1.535974798005259,inf,0.0,8,0.00625,0.9875,not read,False
human_split_half | seed=004,bjw_score | age,-1.958695652173916,bjw_score,age,4,19,23,20,23,-0.0584146270226063,-20.0,20.0,True,False,undetermined,-5.743721930314486,1.826330625966655,1.93242185121494,0.25,True,True,no population gap,satterthwaite,0.1144164759725399,1.5562363660942136,inf,-1.958695652173916,1.515401359394286,inf,0.0,8,0.00625,0.9875,not read,False
human_split_half | seed=004,gut_diff | political_identity,0.6989247311827957,gut_diff,political_identity,4,5,22,6,31,1.1055944055944056,-20.0,20.0,True,False,undetermined,-1.501318465794171,2.8991679281597627,3.148040266443968,0.25,True,True,no population gap,satterthwaite,0.7727272727272727,1.2623421736363636,inf,0.6989247311827957,0.8809057815405464,inf,0.0,8,0.00625,0.9875,not read,False
human_split_half | seed=004,gut_diff | sex,0.6107954545454546,gut_diff,sex,4,30,12,32,11,-1.7190697674418605,-20.0,20.0,True,False,undetermined,-0.9762295956358992,2.1978205047268085,2.598292175180635,0.25,True,True,no population gap,satterthwaite,-1.05,0.7521186795775167,inf,0.6107954545454546,0.6353931892961856,inf,0.0,8,0.00625,0.9875,not read,False
human_split_half | seed=004,gut_diff | education,-0.5608695652173914,gut_diff,education,4,21,21,20,23,-0.254706533776301,-20.0,20.0,True,False,undetermined,-2.0052656383521708,0.8835265079173877,2.5752798203178227,0.25,True,True,no population gap,satterthwaite,0.1428571428571428,0.5631058531840186,inf,-0.5608695652173914,0.5782891879438947,inf,0.0,8,0.00625,0.9875,not read,False
human_split_half | seed=004,gut_diff | age,-0.4673913043478261,gut_diff,age,4,19,23,20,23,0.2399020807833536,-20.0,20.0,True,False,undetermined,-1.897588305973544,0.9628056972778918,3.059956375571303,0.25,True,True,no population gap,satterthwaite,-0.1121281464530892,0.5663849984290313,inf,-0.4673913043478261,0.5726043417405181,inf,0.0,8,0.00625,0.9875,not read,False
human_split_half | seed=005,bjw_score | political_identity,3.34375,bjw_score,political_identity,5,8,21,3,32,1.0111259457053845,-0.6483071076168085,4.8665883015417535,False,False,undetermined,0.9311512339130208,5.75634876608698,0.7215248646241433,0.25,False,True,reference too imprecise,satterthwaite,3.38095238095238,2.131443417867436,inf,3.34375,0.9659260414956105,inf,0.0,8,0.00625,0.9875,not read,False
human_split_half | seed=005,bjw_score | sex,-0.1909090909090913,bjw_score,sex,5,29,13,33,10,4.585070102311471,-20.0,20.0,True,False,undetermined,-3.887050536144717,3.5052323543265342,19.36074090361513,0.25,True,True,no population gap,satterthwaite,-0.8753315649867375,1.7184805728054444,inf,-0.1909090909090913,1.479814764555674,inf,0.0,8,0.00625,0.9875,not read,False
human_split_half | seed=005,bjw_score | education,2.4177489177489164,bjw_score,education,5,20,22,21,22,-1.703312444046554,-20.0,20.0,True,True,reversed or missing,-1.2958657618129967,6.13136359731083,1.535980288234203,0.25,True,True,no population gap,satterthwaite,-4.118181818181817,1.4938802918208471,inf,2.4177489177489164,1.4868104790118704,inf,0.0,8,0.00625,0.9875,not read,False
human_split_half | seed=005,bjw_score | age,-1.7355555555555569,bjw_score,age,5,21,21,18,25,0.1646241082860794,-20.0,20.0,True,False,undetermined,-5.545387035951492,2.074275924840378,2.195165385631459,0.25,True,True,no population gap,satterthwaite,-0.2857142857142847,1.5767034742695247,inf,-1.7355555555555569,1.525332555231662,inf,0.0,8,0.00625,0.9875,not read,False
human_split_half | seed=005,gut_diff | political_identity,-0.6145833333333334,gut_diff,political_identity,5,8,21,3,32,-2.4213075060532687,-20.0,20.0,True,False,undetermined,-2.3711252959796267,1.1419586293129602,2.858102176509223,0.25,True,True,no population gap,satterthwaite,1.488095238095238,0.9304049496400476,inf,-0.6145833333333334,0.7032622450734917,inf,0.0,8,0.00625,0.9875,not read,False
human_split_half | seed=005,gut_diff | sex,0.5212121212121211,gut_diff,sex,5,29,13,33,10,-1.6743260748874222,-20.0,20.0,True,False,undetermined,-1.2600000735075532,2.302424315931795,3.41744200149705,0.25,True,True,no population gap,satterthwaite,-0.8726790450928381,0.6789003844655511,inf,0.5212121212121211,0.7131394032418464,inf,0.0,8,0.00625,0.9875,not read,False
human_split_half | seed=005,gut_diff | education,-0.186147186147186,gut_diff,education,5,20,22,21,22,1.196511627906977,-20.0,20.0,True,False,undetermined,-1.657273985256448,1.2849796129620756,7.903030013819526,0.25,True,True,no population gap,satterthwaite,-0.2227272727272726,0.5800157494181237,inf,-0.186147186147186,0.5889913008230758,inf,0.0,8,0.00625,0.9875,not read,False
human_split_half | seed=005,gut_diff | age,-0.6688888888888889,gut_diff,age,5,21,21,18,25,-0.0711912672045563,-20.0,20.0,True,False,undetermined,-2.023095480907269,0.6853177031294913,2.024561350193592,0.25,True,True,no population gap,satterthwaite,0.0476190476190476,0.5797391942759917,inf,-0.6688888888888889,0.5421802544138484,inf,0.0,8,0.00625,0.9875,not read,False
human_split_half | seed=006,bjw_score | political_identity,2.1957671957671963,bjw_score,political_identity,6,4,26,7,27,2.277108433734939,-20.0,20.0,True,True,undetermined,-2.9280985049195776,7.31963289645397,2.3335195600718075,0.25,True,True,no population gap,satterthwaite,5.0,1.627403003912419,inf,2.1957671957671963,2.051429099189499,inf,0.0,8,0.00625,0.9875,not read,False
human_split_half | seed=006,bjw_score | sex,-1.9307692307692288,bjw_score,sex,6,32,10,30,13,-0.3593127490039851,-20.0,20.0,True,False,undetermined,-6.25347445572014,2.391935994181681,2.238851311727565,0.25,True,True,no population gap,satterthwaite,0.6937500000000014,1.510464067097983,inf,-1.9307692307692288,1.7306705139625744,inf,0.0,8,0.00625,0.9875,not read,False
human_split_half | seed=006,bjw_score | education,-1.6195652173913049,bjw_score,education,6,18,24,23,20,-0.1372110365398972,-20.0,20.0,True,False,undetermined,-5.549034854967319,2.30990442018471,2.4262497091073376,0.25,True,True,no population gap,satterthwaite,0.2222222222222249,1.560536058652394,inf,-1.6195652173913049,1.573231780416219,inf,0.0,8,0.00625,0.9875,not read,False
human_split_half | seed=006,bjw_score | age,-0.4242424242424221,bjw_score,age,6,18,24,21,22,3.142857142857156,-20.0,20.0,True,False,undetermined,-4.321276566778011,3.472791718293167,9.185866193119647,0.25,True,True,no population gap,satterthwaite,-1.333333333333332,1.506559353996391,inf,-0.4242424242424221,1.5602456636326298,inf,0.0,8,0.00625,0.9875,not read,False
human_split_half | seed=006,gut_diff | political_identity,1.1375661375661374,gut_diff,political_identity,6,4,26,7,27,0.0,-20.0,20.0,True,False,undetermined,-1.2334068731093415,3.508539148241616,2.084250693105421,0.25,True,True,no population gap,satterthwaite,0.0,1.0811834956475337,inf,1.1375661375661374,0.9492604435047322,inf,0.0,8,0.00625,0.9875,not read,False
human_split_half | seed=006,gut_diff | sex,-0.823076923076923,gut_diff,sex,6,32,10,30,13,-0.6530373831775701,-20.0,20.0,True,False,undetermined,-2.692601115165826,1.0464472690119797,2.2713845324444613,0.25,True,True,no population gap,satterthwaite,0.5375,0.5716801833874606,inf,-0.823076923076923,0.7484966533716654,inf,0.0,8,0.00625,0.9875,not read,False
human_split_half | seed=006,gut_diff | education,-0.0021739130434783,gut_diff,education,6,18,24,23,20,249.1666666666554,-20.0,20.0,True,False,undetermined,-1.375412078527496,1.3710642524405392,631.6895561226195,0.25,True,True,no population gap,satterthwaite,-0.5416666666666667,0.5754173507052295,inf,-0.0021739130434783,0.5497998771540655,inf,0.0,8,0.00625,0.9875,not read,False
human_split_half | seed=006,gut_diff | age,-0.1233766233766233,gut_diff,age,6,18,24,21,22,4.390350877192984,-20.0,20.0,True,False,undetermined,-1.5339446571195787,1.287191410366332,11.433025115600795,0.25,True,True,no population gap,satterthwaite,-0.5416666666666667,0.5460132425811021,inf,-0.1233766233766233,0.5647455417145225,inf,0.0,8,0.00625,0.9875,not read,False
human_split_half | seed=007,bjw_score | political_identity,2.555555555555557,bjw_score,political_identity,7,8,26,3,27,1.045986622073578,-20.0,20.0,True,False,undetermined,-6.077444104066865,11.18855521517798,3.3781303015913804,0.25,True,True,no population gap,satterthwaite,2.673076923076924,1.7745075245729824,inf,2.555555555555557,3.456372151336584,inf,0.0,8,0.00625,0.9875,not read,False
human_split_half | seed=007,bjw_score | sex,-0.8768472906403915,bjw_score,sex,7,33,9,29,14,0.8409374645329764,-20.0,20.0,True,False,undetermined,-4.8685062660289065,3.1148116847481235,4.552285235976803,0.25,True,True,no population gap,satterthwaite,-0.7373737373737406,1.6015679223692254,inf,-0.8768472906403915,1.598130367674427,inf,0.0,8,0.00625,0.9875,not read,False
human_split_half | seed=007,bjw_score | education,0.0087719298245616,bjw_score,education,7,22,20,19,24,-211.93636363635764,-20.0,20.0,True,False,undetermined,-3.862528298962257,3.88007215861138,441.3282260816848,0.25,True,True,no population gap,satterthwaite,-1.859090909090909,1.6011444320526174,inf,0.0087719298245616,1.5499426419329811,inf,0.0,8,0.00625,0.9875,not read,False
human_split_half | seed=007,bjw_score | age,-0.0393518518518511,bjw_score,age,7,23,19,16,27,57.27823394804241,-20.0,20.0,True,False,undetermined,-4.103259638732665,4.024555935028963,103.27106846662006,0.25,True,True,no population gap,satterthwaite,-2.254004576659039,1.5805253029252089,inf,-0.0393518518518511,1.6270564408650834,inf,0.0,8,0.00625,0.9875,not read,False
human_split_half | seed=007,gut_diff | political_identity,0.5925925925925926,gut_diff,political_identity,7,8,26,3,27,1.346754807692308,-20.0,20.0,True,False,undetermined,-3.3861713813350405,4.571356566520226,6.714164206002881,0.25,True,True,no population gap,satterthwaite,0.7980769230769231,0.8549320856593304,inf,0.5925925925925926,1.5929676286847227,inf,0.0,8,0.00625,0.9875,not read,False
human_split_half | seed=007,gut_diff | sex,-0.7389162561576355,gut_diff,sex,7,33,9,29,14,-0.41010101010101,-20.0,20.0,True,False,undetermined,-2.4851991593455045,1.0073666470302338,2.36330286231425,0.25,True,True,no population gap,satterthwaite,0.303030303030303,0.7112625542427745,inf,-0.7389162561576355,0.6991548514896775,inf,0.0,8,0.00625,0.9875,not read,False
human_split_half | seed=007,gut_diff | education,0.4078947368421053,gut_diff,education,7,22,20,19,24,-2.161876832844574,-20.0,20.0,True,False,undetermined,-1.1116875124387793,1.92747698612299,3.72542744984991,0.25,True,True,no population gap,satterthwaite,-0.8818181818181817,0.5765240859255801,inf,0.4078947368421053,0.6083912863619377,inf,0.0,8,0.00625,0.9875,not read,False
human_split_half | seed=007,gut_diff | age,0.1111111111111111,gut_diff,age,7,23,19,16,27,-7.331807780320362,-20.0,20.0,True,False,undetermined,-1.525573393314585,1.7477956155368073,14.73016053983126,0.25,True,True,no population gap,satterthwaite,-0.8146453089244851,0.6112378266982604,inf,0.1111111111111111,0.6552752188882295,inf,0.0,8,0.00625,0.9875,not read,False
human_split_half | seed=008,bjw_score | political_identity,3.69047619047619,bjw_score,political_identity,8,5,25,6,28,0.5852903225806453,-2.032586182870165,6.530380623622669,False,False,undetermined,0.5163589781115956,6.864593402840784,0.8600833736729869,0.25,False,True,reference too imprecise,satterthwaite,2.16,2.879167982978643,inf,3.69047619047619,1.2708132480541443,inf,0.0,8,0.00625,0.9875,not read,False
human_split_half | seed=008,bjw_score | sex,-0.25369458128079,bjw_score,sex,8,33,9,29,14,2.588016083161699,-20.0,20.0,True,False,undetermined,-4.4838276542383175,3.9764384916767375,16.674116773016927,0.25,True,True,no population gap,satterthwaite,-0.6565656565656575,1.4340614862665897,inf,-0.25369458128079,1.693607636543995,inf,0.0,8,0.00625,0.9875,not read,False
human_split_half | seed=008,bjw_score | education,-0.0260869565217376,bjw_score,education,8,18,24,23,20,77.19907407407848,-20.0,20.0,True,False,undetermined,-4.071623305222339,4.019449392178863,155.0788933668652,0.25,True,True,no population gap,satterthwaite,-2.0138888888888893,1.4553807404603671,inf,-0.0260869565217376,1.6197011148127634,inf,0.0,8,0.00625,0.9875,not read,False
human_split_half | seed=008,bjw_score | age,-2.1184210526315788,bjw_score,age,8,15,27,24,19,0.1923165401426275,-20.0,20.0,True,False,undetermined,-6.175225002485959,1.9383828972228017,1.9150130446517573,0.25,True,True,no population gap,satterthwaite,-0.4074074074074083,1.4564345139232604,inf,-2.1184210526315788,1.624212295674086,inf,0.0,8,0.00625,0.9875,not read,False
human_split_half | seed=008,gut_diff | political_identity,0.4404761904761904,gut_diff,political_identity,8,5,25,6,28,2.451891891891892,-20.0,20.0,True,False,undetermined,-2.067829164594664,2.9487815455470443,5.694531076377074,0.25,True,True,no population gap,satterthwaite,1.08,1.1587915122279215,inf,0.4404761904761904,1.004243845492576,inf,0.0,8,0.00625,0.9875,not read,False
human_split_half | seed=008,gut_diff | sex,-0.4310344827586208,gut_diff,sex,8,33,9,29,14,-0.1874747474747476,-20.0,20.0,True,False,undetermined,-2.264492254704523,1.4024232891872814,4.253622030914492,0.25,True,True,no population gap,satterthwaite,0.0808080808080808,0.6632490082172694,inf,-0.4310344827586208,0.7340568323250231,inf,0.0,8,0.00625,0.9875,not read,False
human_split_half | seed=008,gut_diff | education,0.0173913043478262,gut_diff,education,8,18,24,23,20,-28.749999999999805,-20.0,20.0,True,False,undetermined,-1.6838295662319869,1.7186121749276393,97.82020005833856,0.25,True,True,no population gap,satterthwaite,-0.5000000000000001,0.4923216583307407,inf,0.0173913043478262,0.6811134799235956,inf,0.0,8,0.00625,0.9875,not read,False
human_split_half | seed=008,gut_diff | age,-0.3793859649122806,gut_diff,age,8,15,27,24,19,0.8981374438021843,-20.0,20.0,True,False,undetermined,-2.117963952830482,1.359192023005921,4.582610187807515,0.25,True,True,no population gap,satterthwaite,-0.3407407407407409,0.4869944245322652,inf,-0.3793859649122806,0.6960700541287967,inf,0.0,8,0.00625,0.9875,not read,False
human_split_half | seed=009,bjw_score | political_identity,2.06547619047619,bjw_score,political_identity,9,4,29,7,24,2.483354864354568,-20.0,20.0,True,True,undetermined,-3.352957923257578,7.483910304209957,2.623334095410009,0.25,True,True,no population gap,satterthwaite,5.129310344827587,1.6372586202210353,inf,2.06547619047619,2.1693647067027246,inf,0.0,8,0.00625,0.9875,not read,False
human_split_half | seed=009,bjw_score | sex,-0.6303030303030326,bjw_score,sex,9,29,13,33,10,0.8879565394817341,-20.0,20.0,True,False,undetermined,-4.273489069099757,3.012883008493692,5.780054773090936,0.25,True,True,no population gap,satterthwaite,-0.5596816976127315,1.7820687789066867,inf,-0.6303030303030326,1.458613142953139,inf,0.0,8,0.00625,0.9875,not read,False
human_split_half | seed=009,bjw_score | education,1.9025974025974044,bjw_score,education,9,19,23,22,21,-1.8750712662350328,-20.0,20.0,True,True,reversed to attenuated,-1.8560718517849435,5.661266656979752,1.9755462975251912,0.25,True,True,no population gap,satterthwaite,-3.5675057208237995,1.5103778100805096,inf,1.9025974025974044,1.5048488647224605,inf,0.0,8,0.00625,0.9875,not read,False
human_split_half | seed=009,bjw_score | age,0.5460526315789487,bjw_score,age,9,20,22,19,24,-4.5117196056955,-20.0,20.0,True,False,undetermined,-3.178611739061455,4.270717002219353,6.82107210044988,0.25,True,True,no population gap,satterthwaite,-2.4636363636363647,1.5968629766043785,inf,0.5460526315789487,1.491234415769704,inf,0.0,8,0.00625,0.9875,not read,False
human_split_half | seed=009,gut_diff | political_identity,1.619047619047619,gut_diff,political_identity,9,4,29,7,24,-0.255578093306288,-20.0,20.0,True,False,undetermined,-0.7201320655542043,3.9582273036494415,1.4447874522540674,0.25,True,True,no population gap,satterthwaite,-0.4137931034482758,1.0705410884932522,inf,1.619047619047619,0.9365314302796636,inf,0.0,8,0.00625,0.9875,not read,False
human_split_half | seed=009,gut_diff | sex,0.1787878787878788,gut_diff,sex,9,29,13,33,10,-2.9078811311423816,-20.0,20.0,True,False,undetermined,-1.550042628858708,1.9076183864344656,9.66972995802328,0.25,True,True,no population gap,satterthwaite,-0.5198938992042441,0.7276351838484622,inf,0.1787878787878788,0.6921674802049163,inf,0.0,8,0.00625,0.9875,not read,False
human_split_half | seed=009,gut_diff | education,0.5194805194805194,gut_diff,education,9,19,23,22,21,-1.7267734553775744,-20.0,20.0,True,False,undetermined,-0.7412072504025093,1.7801682893635482,2.4268239570248307,0.25,True,True,no population gap,satterthwaite,-0.897025171624714,0.6245295712643442,inf,0.5194805194805194,0.5047383610744752,inf,0.0,8,0.00625,0.9875,not read,False
human_split_half | seed=009,gut_diff | age,0.2916666666666666,gut_diff,age,9,20,22,19,24,-3.163636363636364,-20.0,20.0,True,False,undetermined,-0.9370183040097604,1.5203516373430936,4.212634185176322,0.25,True,True,no population gap,satterthwaite,-0.9227272727272728,0.6253955713054095,inf,0.2916666666666666,0.4919254816230989,inf,0.0,8,0.00625,0.9875,not read,False
human_split_half | seed=010,bjw_score | political_identity,4.285,bjw_score,political_identity,10,3,28,8,25,0.091681946991165,-20.0,20.0,True,False,undetermined,-0.3622140556797886,8.93221405567979,1.084530701442191,0.25,True,True,no population gap,satterthwaite,0.3928571428571423,2.9010579048209792,inf,4.285,1.8605932904732767,inf,0.0,8,0.00625,0.9875,not read,False
human_split_half | seed=010,bjw_score | sex,-2.077956989247312,bjw_score,sex,10,31,11,31,12,-0.4262025167587914,-20.0,20.0,True,False,undetermined,-6.52372108233152,2.3678071038368964,2.139488024097445,0.25,True,True,no population gap,satterthwaite,0.8856304985337253,1.3358771205629432,inf,-2.077956989247312,1.7799392805050185,inf,0.0,8,0.00625,0.9875,not read,False
human_split_half | seed=010,bjw_score | education,-1.343478260869567,bjw_score,education,10,21,21,20,23,0.2126675913083696,-20.0,20.0,True,False,undetermined,-5.493019128285333,2.806062606546199,3.08865501458131,0.25,True,True,no population gap,satterthwaite,-0.2857142857142882,1.4392667640818233,inf,-1.343478260869567,1.6613411398647258,inf,0.0,8,0.00625,0.9875,not read,False
human_split_half | seed=010,bjw_score | age,1.3225108225108215,bjw_score,age,10,18,24,21,22,-2.48895253682488,-20.0,20.0,True,True,undetermined,-2.829388953147024,5.474410598168667,3.13940703167582,0.25,True,True,no population gap,satterthwaite,-3.291666666666668,1.3514057385413998,inf,1.3225108225108215,1.6622855699674646,inf,0.0,8,0.00625,0.9875,not read,False
human_split_half | seed=010,gut_diff | political_identity,0.675,gut_diff,political_identity,10,3,28,8,25,1.0405643738977073,-20.0,20.0,True,False,undetermined,-1.5082504556658616,2.858250455665861,3.23444511950498,0.25,True,True,no population gap,satterthwaite,0.7023809523809524,1.5858707499334053,inf,0.675,0.8741024408526888,inf,0.0,8,0.00625,0.9875,not read,False
human_split_half | seed=010,gut_diff | sex,-0.6344086021505377,gut_diff,sex,10,31,11,31,12,-0.2865947611710322,-20.0,20.0,True,False,undetermined,-2.601385871157797,1.3325686668567218,3.1004895935199173,0.25,True,True,no population gap,satterthwaite,0.1818181818181817,0.6299373510253379,inf,-0.6344086021505377,0.7875136943079791,inf,0.0,8,0.00625,0.9875,not read,False
human_split_half | seed=010,gut_diff | education,-0.1108695652173914,gut_diff,education,10,21,21,20,23,2.5770308123249275,-20.0,20.0,True,False,undetermined,-1.6841024702995666,1.4623633398647835,14.18994384976078,0.25,True,True,no population gap,satterthwaite,-0.2857142857142858,0.5394743413433186,inf,-0.1108695652173914,0.6298712631861967,inf,0.0,8,0.00625,0.9875,not read,False
human_split_half | seed=010,gut_diff | age,-0.2229437229437227,gut_diff,age,10,18,24,21,22,1.806634304207121,-20.0,20.0,True,False,undetermined,-1.8255115784330127,1.3796241325455678,7.188216982874299,0.25,True,True,no population gap,satterthwaite,-0.4027777777777778,0.5325937132478639,inf,-0.2229437229437227,0.6416160227883797,inf,0.0,8,0.00625,0.9875,not read,False
human_split_half | seed=011,bjw_score | political_identity,-0.684615384615384,bjw_score,political_identity,11,6,27,5,26,-9.061589679567216,-20.0,20.0,True,True,reversed or missing,-6.962221787821804,5.592991018591036,9.16953744288579,0.25,True,True,no population gap,satterthwaite,6.203703703703702,1.2269763925231418,inf,-0.684615384615384,2.5133493344819464,inf,0.0,8,0.00625,0.9875,not read,False
human_split_half | seed=011,bjw_score | sex,-1.095238095238095,bjw_score,sex,11,26,16,36,7,0.5004180602006693,-20.0,20.0,True,False,undetermined,-4.803877672201608,2.6134014817254188,3.386149178966688,0.25,True,True,no population gap,satterthwaite,-0.5480769230769234,1.6673251800159334,inf,-1.095238095238095,1.484818609818179,inf,0.0,8,0.00625,0.9875,not read,False
human_split_half | seed=011,bjw_score | education,0.3956521739130423,bjw_score,education,11,18,24,23,20,-5.4410866910867,-20.0,20.0,True,False,undetermined,-3.498650227246077,4.289954575072162,9.842742332600002,0.25,True,True,no population gap,satterthwaite,-2.152777777777775,1.510807720353112,inf,0.3956521739130423,1.559151963274637,inf,0.0,8,0.00625,0.9875,not read,False
human_split_half | seed=011,bjw_score | age,-1.1406926406926416,bjw_score,age,11,17,25,22,21,0.6807009710905236,-20.0,20.0,True,False,undetermined,-5.08010698859106,2.7987217072057766,3.453528327759142,0.25,True,True,no population gap,satterthwaite,-0.7764705882352949,1.6201588614416869,inf,-1.1406926406926416,1.5772133188346935,inf,0.0,8,0.00625,0.9875,not read,False
human_split_half | seed=011,gut_diff | political_identity,0.1307692307692307,gut_diff,political_identity,11,6,27,5,26,9.77124183006536,-20.0,20.0,True,False,undetermined,-2.5180424460045523,2.779580907543014,20.25561870474069,0.25,True,True,no population gap,satterthwaite,1.2777777777777777,1.028759852127343,inf,0.1307692307692307,1.0604980047151402,inf,0.0,8,0.00625,0.9875,not read,False
human_split_half | seed=011,gut_diff | sex,0.623015873015873,gut_diff,sex,11,26,16,36,7,-1.2732729054385103,-20.0,20.0,True,False,undetermined,-0.9776030778734566,2.2236348239052024,2.5691463415548474,0.25,True,True,no population gap,satterthwaite,-0.7932692307692307,0.6614588540807348,inf,0.623015873015873,0.6408357448026846,inf,0.0,8,0.00625,0.9875,not read,False
human_split_half | seed=011,gut_diff | education,-0.1065217391304347,gut_diff,education,11,18,24,23,20,2.998866213151929,-20.0,20.0,True,False,undetermined,-1.5681032226913911,1.3550597444305217,13.720969029347762,0.25,True,True,no population gap,satterthwaite,-0.3194444444444444,0.6181764097213566,inf,-0.1065217391304347,0.5851696670760955,inf,0.0,8,0.00625,0.9875,not read,False
human_split_half | seed=011,gut_diff | age,-1.0281385281385282,gut_diff,age,11,17,25,22,21,-0.4599975232198142,-20.0,20.0,True,False,undetermined,-2.4115496471747915,0.355272590897735,1.3455493410415864,0.25,True,True,no population gap,satterthwaite,0.4729411764705883,0.6348065202496442,inf,-1.0281385281385282,0.5538727967348779,inf,0.0,8,0.00625,0.9875,not read,False
human_split_half | seed=012,bjw_score | political_identity,3.505494505494504,bjw_score,political_identity,12,4,27,7,26,0.6973180076628351,-20.0,20.0,True,False,undetermined,-1.0522035979449855,8.063192608933992,1.300158393144181,0.25,True,True,no population gap,satterthwaite,2.444444444444443,3.0319110009503167,inf,3.505494505494504,1.824754015989015,inf,0.0,8,0.00625,0.9875,not read,False
human_split_half | seed=012,bjw_score | sex,-2.03846153846154,bjw_score,sex,12,32,10,30,13,-0.4445754716981128,-20.0,20.0,True,False,undetermined,-5.9469451388429295,1.870022061919849,1.9173693133946423,0.25,True,True,no population gap,satterthwaite,0.90625,1.665210082436675,inf,-2.03846153846154,1.564829653995935,inf,0.0,8,0.00625,0.9875,not read,False
human_split_half | seed=012,bjw_score | education,1.2619047619047628,bjw_score,education,12,20,22,21,22,-2.330531732418524,-20.0,20.0,True,False,undetermined,-2.4426868436653284,4.9664963674748535,2.93571410252724,0.25,True,True,no population gap,satterthwaite,-2.940909090909092,1.5110146340682094,inf,1.2619047619047628,1.4831979337906944,inf,0.0,8,0.00625,0.9875,not read,False
human_split_half | seed=012,bjw_score | age,-0.3969298245614041,bjw_score,age,12,20,22,19,24,3.80190858864892,-20.0,20.0,True,False,undetermined,-4.162079358277221,3.3682197091544124,9.485680593228782,0.25,True,True,no population gap,satterthwaite,-1.5090909090909117,1.6099097753734986,inf,-0.3969298245614041,1.5074433577033697,inf,0.0,8,0.00625,0.9875,not read,False
human_split_half | seed=012,gut_diff | political_identity,0.0604395604395604,gut_diff,political_identity,12,4,27,7,26,37.53367003367003,-20.0,20.0,True,True,undetermined,-1.9137020717838948,2.0345811926630155,32.66307064224262,0.25,True,True,no population gap,satterthwaite,2.2685185185185186,0.7673140690920051,inf,0.0604395604395604,0.7903820722158733,inf,0.0,8,0.00625,0.9875,not read,False
human_split_half | seed=012,gut_diff | sex,-0.2461538461538461,gut_diff,sex,12,32,10,30,13,1.599609375,-20.0,20.0,True,False,undetermined,-1.561333391649463,1.0690256993417706,5.342916903575943,0.25,True,True,no population gap,satterthwaite,-0.39375,0.9261002525865722,inf,-0.2461538461538461,0.5265550949016684,inf,0.0,8,0.00625,0.9875,not read,False
human_split_half | seed=012,gut_diff | education,-0.3874458874458875,gut_diff,education,12,20,22,21,22,-0.0,-20.0,20.0,True,False,undetermined,-1.4208769367324128,0.6459851618406378,2.6672913115663386,0.25,True,True,no population gap,satterthwaite,0.0,0.6802174848393917,inf,-0.3874458874458875,0.4137521649383123,inf,0.0,8,0.00625,0.9875,not read,False
human_split_half | seed=012,gut_diff | age,-1.0197368421052633,gut_diff,age,12,20,22,19,24,-0.3744281524926686,-5.152561598323518,2.125189595298324,False,False,undetermined,-1.904406694265792,-0.1350669899447351,0.8675472098606469,0.25,False,True,reference too imprecise,satterthwaite,0.3818181818181818,0.6890991727864223,inf,-1.0197368421052633,0.3541930222048031,inf,0.0,8,0.00625,0.9875,not read,False
human_split_half | seed=013,bjw_score | political_identity,3.222222222222221,bjw_score,political_identity,13,8,26,3,27,1.026525198938992,-0.6154422936699849,13.40521010195742,False,False,undetermined,0.2699260753739532,6.17451836907049,0.916229838677049,0.25,False,True,reference too imprecise,satterthwaite,3.3076923076923066,1.9894284681356813,inf,3.222222222222221,1.1820033113392887,inf,0.0,8,0.00625,0.9875,not read,False
human_split_half | seed=013,bjw_score | sex,-0.3225806451612918,bjw_score,sex,13,31,11,31,12,2.954545454545441,-20.0,20.0,True,False,undetermined,-5.003350159971726,4.358188869649142,14.510385495912278,0.25,True,True,no population gap,satterthwaite,-0.9530791788856304,1.3488863913388238,inf,-0.3225806451612918,1.8740278044356635,inf,0.0,8,0.00625,0.9875,not read,False
human_split_half | seed=013,bjw_score | education,0.1753246753246742,bjw_score,education,13,20,22,21,22,-10.603703703703772,-20.0,20.0,True,False,undetermined,-4.191167603673888,4.541816954323236,24.905178183917883,0.25,True,True,no population gap,satterthwaite,-1.859090909090909,1.3202694093410268,inf,0.1753246753246742,1.7482014256000704,inf,0.0,8,0.00625,0.9875,not read,False
human_split_half | seed=013,bjw_score | age,-1.3138528138528152,bjw_score,age,13,18,24,21,22,0.4757001647446453,-20.0,20.0,True,False,undetermined,-5.613033628494493,2.9853280007888623,3.272193634867304,0.25,True,True,no population gap,satterthwaite,-0.625,1.3470590222551484,inf,-1.3138528138528152,1.7212521055442656,inf,0.0,8,0.00625,0.9875,not read,False
human_split_half | seed=013,gut_diff | political_identity,0.0,gut_diff,political_identity,13,8,26,3,27,1192307692307.6924,-20.0,20.0,True,False,undetermined,-3.252590950578225,3.2525909505802253,3252590950579.225,0.25,True,True,no population gap,satterthwaite,1.1923076923076923,0.8405072171947084,inf,1e-12,1.302231579349224,inf,0.0,8,0.00625,0.9875,not read,False
human_split_half | seed=013,gut_diff | sex,-0.75,gut_diff,sex,13,31,11,31,12,-0.4066471163245356,-20.0,20.0,True,False,undetermined,-2.631230853291334,1.131230853291334,2.508307804388445,0.25,True,True,no population gap,satterthwaite,0.3049853372434017,0.6588272496418891,inf,-0.75,0.7531836195897302,inf,0.0,8,0.00625,0.9875,not read,False
human_split_half | seed=013,gut_diff | education,-0.4090909090909091,gut_diff,education,13,20,22,21,22,0.0111111111111113,-20.0,20.0,True,False,undetermined,-2.0536698583099944,1.235488040128176,4.0200818758688746,0.25,True,True,no population gap,satterthwaite,-0.0045454545454546,0.4866254514203263,inf,-0.4090909090909091,0.6584358977032368,inf,0.0,8,0.00625,0.9875,not read,False
human_split_half | seed=013,gut_diff | age,-0.3160173160173158,gut_diff,age,13,18,24,21,22,0.96689497716895,-20.0,20.0,True,False,undetermined,-1.97227452403188,1.3402398919972485,5.241033082895405,0.25,True,True,no population gap,satterthwaite,-0.3055555555555554,0.4649949392587699,inf,-0.3160173160173158,0.6631114925217545,inf,0.0,8,0.00625,0.9875,not read,False
human_split_half | seed=014,bjw_score | political_identity,0.724137931034484,bjw_score,political_identity,14,6,24,5,29,6.847222222222214,-20.0,20.0,True,True,undetermined,-5.967375454198683,7.415651316267651,9.240661341512451,0.25,True,True,no population gap,satterthwaite,4.958333333333336,1.446572928339411,inf,0.724137931034484,2.67906422181273,inf,0.0,8,0.00625,0.9875,not read,False
human_split_half | seed=014,bjw_score | sex,-0.1974358974358949,bjw_score,sex,14,32,10,30,13,6.552759740259819,-20.0,20.0,True,False,undetermined,-3.939210368160051,3.544338573288261,18.951844721849863,0.25,True,True,no population gap,satterthwaite,-1.2937499999999993,1.7632488900435874,inf,-0.1974358974358949,1.4980847430913489,inf,0.0,8,0.00625,0.9875,not read,False
human_split_half | seed=014,bjw_score | education,1.1125541125541112,bjw_score,education,14,19,23,22,21,-2.4681904388784544,-20.0,20.0,True,False,undetermined,-2.6100447512353,4.835152976343522,3.3459935312659725,0.25,True,True,no population gap,satterthwaite,-2.745995423340961,1.5545985524378771,inf,1.1125541125541112,1.4904074540368593,inf,0.0,8,0.00625,0.9875,not read,False
human_split_half | seed=014,bjw_score | age,-0.1065217391304322,bjw_score,age,14,16,26,23,20,15.571036106750764,-20.0,20.0,True,False,undetermined,-3.8366077803092384,3.623564302048374,35.01713426412839,0.25,True,True,no population gap,satterthwaite,-1.6586538461538467,1.6281547993087035,inf,-0.1065217391304322,1.4934050762355326,inf,0.0,8,0.00625,0.9875,not read,False
human_split_half | seed=014,gut_diff | political_identity,0.5931034482758621,gut_diff,political_identity,14,6,24,5,29,1.5455426356589144,-20.0,20.0,True,False,undetermined,-2.27399079603334,3.460197692585064,4.83405424912598,0.25,True,True,no population gap,satterthwaite,0.9166666666666666,1.0037627863487562,inf,0.5931034482758621,1.1478912419789382,inf,0.0,8,0.00625,0.9875,not read,False
human_split_half | seed=014,gut_diff | sex,-0.8923076923076922,gut_diff,sex,14,32,10,30,13,-0.5813577586206897,-20.0,20.0,True,False,undetermined,-2.5498870591050404,0.7652716744896559,1.857632048997028,0.25,True,True,no population gap,satterthwaite,0.51875,0.7563971790664128,inf,-0.8923076923076922,0.6636408418761665,inf,0.0,8,0.00625,0.9875,not read,False
human_split_half | seed=014,gut_diff | education,0.974025974025974,gut_diff,education,14,19,23,22,21,-1.4612967200610223,-20.0,20.0,True,True,reversed or missing,-0.3422030053649521,2.2902549534169,1.3513284188413508,0.25,True,True,no population gap,satterthwaite,-1.4233409610983982,0.5317034222727487,inf,0.974025974025974,0.5269752540854317,inf,0.0,8,0.00625,0.9875,not read,False
human_split_half | seed=014,gut_diff | age,0.8782608695652173,gut_diff,age,14,16,26,23,20,-1.7845582635186596,-20.0,20.0,True,True,reversed,-0.4332754496957151,2.18979718882615,1.493333432821854,0.25,True,True,no population gap,satterthwaite,-1.5673076923076923,0.47074636943956,inf,0.8782608695652173,0.5250964656655898,inf,0.0,8,0.00625,0.9875,not read,False
human_split_half | seed=015,bjw_score | political_identity,3.595238095238095,bjw_score,political_identity,15,5,25,6,28,0.6675496688741719,-20.0,20.0,True,False,undetermined,-1.6120352597736431,8.802511450249833,1.4483806682814109,0.25,True,True,no population gap,satterthwaite,2.3999999999999986,2.5070796008874194,inf,3.595238095238095,2.084822809948631,inf,0.0,8,0.00625,0.9875,not read,False
human_split_half | seed=015,bjw_score | sex,1.029556650246306,bjw_score,sex,15,33,9,29,14,-3.1885844086801014,-20.0,20.0,True,False,undetermined,-2.66915827984736,4.728271580339972,3.592531726358917,0.25,True,True,no population gap,satterthwaite,-3.282828282828284,1.6225959667010763,inf,1.029556650246306,1.4808451041532555,inf,0.0,8,0.00625,0.9875,not read,False
human_split_half | seed=015,bjw_score | education,-0.8766233766233746,bjw_score,education,15,19,23,22,21,0.7178574455462334,-20.0,20.0,True,False,undetermined,-4.657798882478551,2.904552129231802,4.313340947419989,0.25,True,True,no population gap,satterthwaite,-0.6292906178489694,1.518522216767022,inf,-0.8766233766233746,1.513859635472921,inf,0.0,8,0.00625,0.9875,not read,False
human_split_half | seed=015,bjw_score | age,-2.2878787878787854,bjw_score,age,15,18,24,21,22,-0.2731788079470201,-20.0,20.0,True,False,undetermined,-6.02551284194727,1.4497552661896989,1.633667864692187,0.25,True,True,no population gap,satterthwaite,0.625,1.5489128490624424,inf,-2.2878787878787854,1.4964270549889702,inf,0.0,8,0.00625,0.9875,not read,False
human_split_half | seed=015,gut_diff | political_identity,0.3214285714285714,gut_diff,political_identity,15,5,25,6,28,3.982222222222222,-20.0,20.0,True,False,undetermined,-1.565339641543608,2.20819678440075,5.869945551469003,0.25,True,True,no population gap,satterthwaite,1.2799999999999998,1.2519926768906242,inf,0.3214285714285714,0.7554005982237414,inf,0.0,8,0.00625,0.9875,not read,False
human_split_half | seed=015,gut_diff | sex,0.0763546798029556,gut_diff,sex,15,33,9,29,14,-11.11241446725318,-20.0,20.0,True,False,undetermined,-1.336894889824055,1.4896042494299664,18.509010492534408,0.25,True,True,no population gap,satterthwaite,-0.8484848484848484,0.9001190138272923,inf,0.0763546798029556,0.5658191414270081,inf,0.0,8,0.00625,0.9875,not read,False
human_split_half | seed=015,gut_diff | education,-0.225108225108225,gut_diff,education,15,19,23,22,21,0.5692659743002996,-20.0,20.0,True,False,undetermined,-1.4037776709458676,0.9535612207294176,5.236012345932606,0.25,True,True,no population gap,satterthwaite,-0.1281464530892448,0.6408457036839945,inf,-0.225108225108225,0.4719008929513534,inf,0.0,8,0.00625,0.9875,not read,False
human_split_half | seed=015,gut_diff | age,-0.5194805194805194,gut_diff,age,15,18,24,21,22,-0.0,-20.0,20.0,True,False,undetermined,-1.703565060612117,0.6646040216510782,2.2793627416783258,0.25,True,True,no population gap,satterthwaite,0.0,0.6346171925846178,inf,-0.5194805194805194,0.4740689209032599,inf,0.0,8,0.00625,0.9875,not read,False
human_split_half | seed=016,bjw_score | political_identity,1.346774193548388,bjw_score,political_identity,16,7,22,4,31,3.370246519947118,-20.0,20.0,True,False,undetermined,-5.545745452802236,8.239293839899013,5.117799018847166,0.25,True,True,no population gap,satterthwaite,4.538961038961041,1.8548080115957728,inf,1.346774193548388,2.7595405881469146,inf,0.0,8,0.00625,0.9875,not read,False
human_split_half | seed=016,bjw_score | sex,1.0666666666666664,bjw_score,sex,16,29,13,33,10,-1.989389920424403,-20.0,20.0,True,False,undetermined,-3.6439957477195737,5.7773290810529065,4.416246013487101,0.25,True,True,no population gap,satterthwaite,-2.1220159151193627,1.4082417599373014,inf,1.0666666666666664,1.885995948729676,inf,0.0,8,0.00625,0.9875,not read,False
human_split_half | seed=016,bjw_score | education,0.4848484848484844,bjw_score,education,16,20,22,21,22,-4.453125000000006,-20.0,20.0,True,False,undetermined,-3.7071989935342087,4.6768959632311775,8.646097924164312,0.25,True,True,no population gap,satterthwaite,-2.15909090909091,1.3611229346028493,inf,0.4848484848484844,1.6783594037575118,inf,0.0,8,0.00625,0.9875,not read,False
human_split_half | seed=016,bjw_score | age,-1.9043478260869584,bjw_score,age,16,19,23,20,23,-0.0384522951213648,-20.0,20.0,True,False,undetermined,-5.977405471130934,2.168709818957017,2.1388202245664694,0.25,True,True,no population gap,satterthwaite,0.0732265446224254,1.4458436912067198,inf,-1.9043478260869584,1.6307197463429866,inf,0.0,8,0.00625,0.9875,not read,False
human_split_half | seed=016,gut_diff | political_identity,1.0806451612903225,gut_diff,political_identity,16,7,22,4,31,0.775150222911417,-20.0,20.0,True,False,undetermined,-2.6539297655884826,4.815220088169127,3.45587530546994,0.25,True,True,no population gap,satterthwaite,0.8376623376623377,0.7516862444600596,inf,1.0806451612903225,1.4952022800042963,inf,0.0,8,0.00625,0.9875,not read,False
human_split_half | seed=016,gut_diff | sex,-1.4606060606060605,gut_diff,sex,16,29,13,33,10,-0.4921470002311325,-20.0,20.0,True,False,undetermined,-3.701002537156388,0.7797904159442668,1.5338814051070706,0.25,True,True,no population gap,satterthwaite,0.7188328912466844,0.4532755919943069,inf,-1.4606060606060605,0.8969818481192708,inf,0.0,8,0.00625,0.9875,not read,False
human_split_half | seed=016,gut_diff | education,0.199134199134199,gut_diff,education,16,20,22,21,22,-3.172826086956523,-20.0,20.0,True,False,undetermined,-1.557250367229584,1.955518765497982,8.82010510500074,0.25,True,True,no population gap,satterthwaite,-0.6318181818181818,0.4186316942651886,inf,0.199134199134199,0.7031992287235505,inf,0.0,8,0.00625,0.9875,not read,False
human_split_half | seed=016,gut_diff | age,-0.241304347826087,gut_diff,age,16,19,23,20,23,1.488857278330962,-20.0,20.0,True,False,undetermined,-1.9848523033463643,1.5022436076941903,7.22551404990385,0.25,True,True,no population gap,satterthwaite,-0.3592677345537757,0.4196781719909903,inf,-0.241304347826087,0.6980598674370496,inf,0.0,8,0.00625,0.9875,not read,False
human_split_half | seed=017,bjw_score | political_identity,4.721428571428572,bjw_score,political_identity,17,6,25,5,28,0.307816439737771,-20.0,20.0,True,False,undetermined,-2.067322303371628,11.510179446228772,1.437859489367667,0.25,True,True,no population gap,satterthwaite,1.4533333333333331,1.8243875856358875,inf,4.721428571428572,2.7179949485886503,inf,0.0,8,0.00625,0.9875,not read,False
human_split_half | seed=017,bjw_score | sex,0.4829545454545467,bjw_score,sex,17,30,12,32,11,-3.381960784313716,-20.0,20.0,True,False,undetermined,-3.643835016310416,4.60974410721951,8.544881916125076,0.25,True,True,no population gap,satterthwaite,-1.6333333333333329,1.4489053514957169,inf,0.4829545454545467,1.6522322573953128,inf,0.0,8,0.00625,0.9875,not read,False
human_split_half | seed=017,bjw_score | education,-1.147826086956524,bjw_score,education,17,21,21,20,23,0.4978354978354951,-20.0,20.0,True,False,undetermined,-5.048810176187825,2.7531580022747764,3.3985846231939294,0.25,True,True,no population gap,satterthwaite,-0.5714285714285694,1.5658202827980297,inf,-1.147826086956524,1.5618270937608127,inf,0.0,8,0.00625,0.9875,not read,False
human_split_half | seed=017,bjw_score | age,-1.5217391304347814,bjw_score,age,17,19,23,20,23,0.1894736842105268,-20.0,20.0,True,False,undetermined,-5.245973822317757,2.2024955614481945,2.447354226094529,0.25,True,True,no population gap,satterthwaite,-0.2883295194508015,1.5811711695555393,inf,-1.5217391304347814,1.491062386376706,inf,0.0,8,0.00625,0.9875,not read,False
human_split_half | seed=017,gut_diff | political_identity,1.5642857142857145,gut_diff,political_identity,17,6,25,5,28,0.0298325722983257,-20.0,20.0,True,False,undetermined,-1.325015935012552,4.45358736358398,1.8470421502363348,0.25,True,True,no population gap,satterthwaite,0.0466666666666666,0.9177944699296272,inf,1.5642857142857145,1.1567823643215762,inf,0.0,8,0.00625,0.9875,not read,False
human_split_half | seed=017,gut_diff | sex,-0.6960227272727273,gut_diff,sex,17,30,12,32,11,-0.2394557823129251,-20.0,20.0,True,False,undetermined,-2.821355470512878,1.4293100159674237,3.053539288247074,0.25,True,True,no population gap,satterthwaite,0.1666666666666666,0.6280555266962919,inf,-0.6960227272727273,0.8509140734033493,inf,0.0,8,0.00625,0.9875,not read,False
human_split_half | seed=017,gut_diff | education,-0.3913043478260869,gut_diff,education,17,21,21,20,23,-0.0,-20.0,20.0,True,False,undetermined,-1.8131563460571656,1.0305476504049915,3.6336217732572016,0.25,True,True,no population gap,satterthwaite,0.0,0.6039590141050386,inf,-0.3913043478260869,0.5692632739224636,inf,0.0,8,0.00625,0.9875,not read,False
human_split_half | seed=017,gut_diff | age,-0.1108695652173914,gut_diff,age,17,19,23,20,23,4.416924664602679,-20.0,20.0,True,False,undetermined,-1.5251965481442975,1.3034574177095146,12.756674747968155,0.25,True,True,no population gap,satterthwaite,-0.4897025171624715,0.5715933568715242,inf,-0.1108695652173914,0.5662505026539354,inf,0.0,8,0.00625,0.9875,not read,False
human_split_half | seed=018,bjw_score | political_identity,5.525641025641024,bjw_score,political_identity,18,5,27,6,26,0.0670275844289765,-1.555852301305576,1.7269522415110918,False,False,undetermined,2.9545278266539263,8.096754224628121,0.4653058689582219,0.25,False,True,reference too imprecise,satterthwaite,0.3703703703703702,3.213257810466521,inf,5.525641025641024,1.0293900624689234,inf,0.0,8,0.00625,0.9875,not read,False
human_split_half | seed=018,bjw_score | sex,-0.1727272727272719,bjw_score,sex,18,29,13,33,10,4.76057517799808,-20.0,20.0,True,False,undetermined,-4.972165889293009,4.6267113438384655,27.78622356959124,0.25,True,True,no population gap,satterthwaite,-0.8222811671087555,1.4358806305144451,inf,-0.1727272727272719,1.9215390513605928,inf,0.0,8,0.00625,0.9875,not read,False
human_split_half | seed=018,bjw_score | education,-0.6623376623376629,bjw_score,education,18,20,22,21,22,1.434313725490194,-20.0,20.0,True,False,undetermined,-4.376109947758152,3.051434623082826,5.607067960340735,0.25,True,True,no population gap,satterthwaite,-0.9499999999999992,1.5857091286539975,inf,-0.6623376623376629,1.486873579269249,inf,0.0,8,0.00625,0.9875,not read,False
human_split_half | seed=018,bjw_score | age,0.0108225108225106,bjw_score,age,18,17,25,22,21,-153.4927058823557,-20.0,20.0,True,False,undetermined,-3.626888567807184,3.648533589452205,336.12450366539,0.25,True,True,no population gap,satterthwaite,-1.6611764705882344,1.490044635844929,inf,0.0108225108225106,1.4564211470540187,inf,0.0,8,0.00625,0.9875,not read,False
human_split_half | seed=018,gut_diff | political_identity,0.3846153846153846,gut_diff,political_identity,18,5,27,6,26,3.331851851851852,-20.0,20.0,True,False,undetermined,-1.4916673984267983,2.260898167657568,4.8783352359096765,0.25,True,True,no population gap,satterthwaite,1.2814814814814812,1.2461907648460342,inf,0.3846153846153846,0.7512025732690624,inf,0.0,8,0.00625,0.9875,not read,False
human_split_half | seed=018,gut_diff | sex,-0.9363636363636364,gut_diff,sex,18,29,13,33,10,-0.5637248590044036,-20.0,20.0,True,False,undetermined,-3.028548287763509,1.1558210150362358,2.234371957805689,0.25,True,True,no population gap,satterthwaite,0.5278514588859415,0.6797044183750006,inf,-0.9363636363636364,0.8376426560485504,inf,0.0,8,0.00625,0.9875,not read,False
human_split_half | seed=018,gut_diff | education,0.2597402597402597,gut_diff,education,18,20,22,21,22,-2.5375,-20.0,20.0,True,False,undetermined,-1.0159979007573352,1.5354784202378549,4.91159191791574,0.25,True,True,no population gap,satterthwaite,-0.6590909090909092,0.5960892676687911,inf,0.2597402597402597,0.5107640477463081,inf,0.0,8,0.00625,0.9875,not read,False
human_split_half | seed=018,gut_diff | age,0.3917748917748918,gut_diff,age,18,17,25,22,21,-2.047994800129997,-20.0,20.0,True,False,undetermined,-0.8559178526576019,1.6394676362073854,3.1847184968387405,0.25,True,True,no population gap,satterthwaite,-0.8023529411764705,0.5823259504610312,inf,0.3917748917748918,0.4995355757340314,inf,0.0,8,0.00625,0.9875,not read,False
human_split_half | seed=019,bjw_score | political_identity,1.4800000000000004,bjw_score,political_identity,19,6,28,5,25,2.9279279279279264,-20.0,20.0,True,False,undetermined,-3.5444451434692423,6.504445143469243,3.394895367208947,0.25,True,True,no population gap,satterthwaite,4.333333333333332,2.1907907146394594,inf,1.4800000000000004,2.0116243431619667,inf,0.0,8,0.00625,0.9875,not read,False
human_split_half | seed=019,bjw_score | sex,-1.7384615384615394,bjw_score,sex,19,32,10,30,13,-0.359513274336283,-20.0,20.0,True,False,undetermined,-5.589496884260999,2.11257380733792,2.2151973228049977,0.25,True,True,no population gap,satterthwaite,0.625,1.8660273021100908,inf,-1.7384615384615394,1.5418292421913824,inf,0.0,8,0.00625,0.9875,not read,False
human_split_half | seed=019,bjw_score | education,-0.1391304347826079,bjw_score,education,19,18,24,23,20,10.881076388888957,-20.0,20.0,True,False,undetermined,-4.128635312506368,3.850374442941152,28.67456630863969,0.25,True,True,no population gap,satterthwaite,-1.5138888888888893,1.5998404793897447,inf,-0.1391304347826079,1.5972679370624416,inf,0.0,8,0.00625,0.9875,not read,False
human_split_half | seed=019,bjw_score | age,1.504329004329005,bjw_score,age,19,18,24,21,22,-2.298920863309351,-20.0,20.0,True,True,undetermined,-2.280924228622111,5.289582237280121,2.5162402785948417,0.25,True,True,no population gap,satterthwaite,-3.458333333333332,1.4815271252116893,inf,1.504329004329005,1.5154922247154616,inf,0.0,8,0.00625,0.9875,not read,False
human_split_half | seed=019,gut_diff | political_identity,-0.68,gut_diff,political_identity,19,6,28,5,25,-2.8361344537815123,-20.0,20.0,True,False,undetermined,-2.109372734817655,0.749372734817655,2.102018727673022,0.25,True,True,no population gap,satterthwaite,1.9285714285714288,1.005233243416804,inf,-0.68,0.572274332131693,inf,0.0,8,0.00625,0.9875,not read,False
human_split_half | seed=019,gut_diff | sex,-0.1435897435897435,gut_diff,sex,19,32,10,30,13,2.829241071428573,-20.0,20.0,True,False,undetermined,-1.62113523559226,1.333955748412773,10.290048962160387,0.25,True,True,no population gap,satterthwaite,-0.40625,0.9110963243259856,inf,-0.1435897435897435,0.5915611365973076,inf,0.0,8,0.00625,0.9875,not read,False
human_split_half | seed=019,gut_diff | education,-0.8847826086956522,gut_diff,education,19,18,24,23,20,-0.6122031122031122,-20.0,20.0,True,False,undetermined,-2.243839586798587,0.4742743694072825,1.5360349138264129,0.25,True,True,no population gap,satterthwaite,0.5416666666666666,0.6417134335925098,inf,-0.8847826086956522,0.5441221911735932,inf,0.0,8,0.00625,0.9875,not read,False
human_split_half | seed=019,gut_diff | age,-1.0714285714285714,gut_diff,age,19,18,24,21,22,-0.5055555555555555,-20.0,20.0,True,False,undetermined,-2.3802255540294315,0.2373684111722886,1.2215438504274694,0.25,True,True,no population gap,satterthwaite,0.5416666666666666,0.6242836093603624,inf,-1.0714285714285714,0.5239997244031879,inf,0.0,8,0.00625,0.9875,not read,False
human_split_half | seed=020,bjw_score | political_identity,3.033333333333335,bjw_score,political_identity,20,7,23,4,30,0.9296293768343444,-20.0,20.0,True,False,undetermined,-4.503729991194827,10.570396657861496,2.484746150943349,0.25,True,True,no population gap,satterthwaite,2.819875776397513,1.853131671445405,inf,3.033333333333335,3.0175949038435204,inf,0.0,8,0.00625,0.9875,not read,False
human_split_half | seed=020,bjw_score | sex,-1.766129032258064,bjw_score,sex,20,31,11,31,12,-0.2905770029057714,-20.0,20.0,True,False,undetermined,-5.859281060349968,2.32702299583384,2.3175837967278365,0.25,True,True,no population gap,satterthwaite,0.5131964809384186,1.5879744166607863,inf,-1.766129032258064,1.6387648834567978,inf,0.0,8,0.00625,0.9875,not read,False
human_split_half | seed=020,bjw_score | education,-2.188311688311689,bjw_score,education,20,20,22,21,22,-0.2762611275964378,-20.0,20.0,True,False,undetermined,-6.05005630276024,1.6734329261368617,1.7647141561574973,0.25,True,True,no population gap,satterthwaite,0.6045454545454518,1.5613290826742705,inf,-2.188311688311689,1.546116884885616,inf,0.0,8,0.00625,0.9875,not read,False
human_split_half | seed=020,bjw_score | age,-0.9155555555555566,bjw_score,age,20,21,21,18,25,1.1962552011095684,-20.0,20.0,True,False,undetermined,-4.792104254243538,2.9609931431324257,4.234094452450462,0.25,True,True,no population gap,satterthwaite,-1.095238095238095,1.5891580417398778,inf,-0.9155555555555566,1.5520439584994994,inf,0.0,8,0.00625,0.9875,not read,False
human_split_half | seed=020,gut_diff | political_identity,0.8333333333333333,gut_diff,political_identity,20,7,23,4,30,0.9093167701863354,-20.0,20.0,True,False,undetermined,-2.1958865464445143,3.862553213111181,3.6350638557334176,0.25,True,True,no population gap,satterthwaite,0.7577639751552794,0.9894542424799596,inf,0.8333333333333333,1.2128010709544303,inf,0.0,8,0.00625,0.9875,not read,False
human_split_half | seed=020,gut_diff | sex,0.0080645161290322,gut_diff,sex,20,31,11,31,12,-61.81818181818187,-20.0,20.0,True,False,undetermined,-1.6184731976412172,1.6346022298992815,201.6906765075111,0.25,True,True,no population gap,satterthwaite,-0.4985337243401759,0.820807142616976,inf,0.0080645161290322,0.6512127740799712,inf,0.0,8,0.00625,0.9875,not read,False
human_split_half | seed=020,gut_diff | education,-0.6861471861471861,gut_diff,education,20,20,22,21,22,-0.4041009463722398,-20.0,20.0,True,False,undetermined,-2.073317660884181,0.7010232885898086,2.0216806287965032,0.25,True,True,no population gap,satterthwaite,0.2772727272727273,0.5787906828415567,inf,-0.6861471861471861,0.5553779204303819,inf,0.0,8,0.00625,0.9875,not read,False
human_split_half | seed=020,gut_diff | age,-0.2488888888888889,gut_diff,age,20,21,21,18,25,1.1479591836734695,-20.0,20.0,True,False,undetermined,-1.6471855612921698,1.149407783514392,5.618156273048895,0.25,True,True,no population gap,satterthwaite,-0.2857142857142858,0.5691370902588824,inf,-0.2488888888888889,0.5598324879364925,inf,0.0,8,0.00625,0.9875,not read,False
human_split_half | seed=021,bjw_score | political_identity,1.4523809523809526,bjw_score,political_identity,21,8,25,3,28,2.475245901639344,-20.0,20.0,True,False,undetermined,-6.9192518764790325,9.824013781240938,5.76407506249376,0.25,True,True,no population gap,satterthwaite,3.594999999999999,1.7634363634026766,inf,1.4523809523809526,3.3517293770115004,inf,0.0,8,0.00625,0.9875,not read,False
human_split_half | seed=021,bjw_score | sex,-1.5333333333333314,bjw_score,sex,21,29,13,33,10,-0.1608810979125818,-20.0,20.0,True,False,undetermined,-5.030372487670985,1.9637058210043223,2.2806777093506465,0.25,True,True,no population gap,satterthwaite,0.2466843501326252,1.760673129071334,inf,-1.5333333333333314,1.4001006859433782,inf,0.0,8,0.00625,0.9875,not read,False
human_split_half | seed=021,bjw_score | education,-2.188311688311689,bjw_score,education,21,19,23,22,21,-0.310574526886174,-20.0,20.0,True,False,undetermined,-5.875084349009009,1.4984609723856317,1.68475664613468,0.25,True,True,no population gap,satterthwaite,0.6796338672768876,1.6120127953912629,inf,-2.188311688311689,1.47606380808089,inf,0.0,8,0.00625,0.9875,not read,False
human_split_half | seed=021,bjw_score | age,-1.3618421052631575,bjw_score,age,21,20,22,19,24,0.4005270092226624,-20.0,20.0,True,False,undetermined,-4.986402578760597,2.262718368234282,2.6615130046937727,0.25,True,True,no population gap,satterthwaite,-0.5454545454545467,1.6257565728029773,inf,-1.3618421052631575,1.4511560726714794,inf,0.0,8,0.00625,0.9875,not read,False
human_split_half | seed=021,gut_diff | political_identity,0.5952380952380953,gut_diff,political_identity,21,8,25,3,28,1.3355999999999997,-20.0,20.0,True,False,undetermined,-3.314757524111407,4.505233714587598,6.568792640507162,0.25,True,True,no population gap,satterthwaite,0.7949999999999999,0.85964995976715,inf,0.5952380952380953,1.5654350171906215,inf,0.0,8,0.00625,0.9875,not read,False
human_split_half | seed=021,gut_diff | sex,0.2909090909090908,gut_diff,sex,21,29,13,33,10,-2.352453580901858,-20.0,20.0,True,False,undetermined,-1.322073204519284,1.9038913863374656,5.544626640535041,0.25,True,True,no population gap,satterthwaite,-0.6843501326259948,0.7160450657187097,inf,0.2909090909090908,0.6457856256606672,inf,0.0,8,0.00625,0.9875,not read,False
human_split_half | seed=021,gut_diff | education,-0.1406926406926407,gut_diff,education,21,19,23,22,21,1.8541806020066884,-20.0,20.0,True,False,undetermined,-1.628143438412457,1.3467581570271754,10.57234259302392,0.25,True,True,no population gap,satterthwaite,-0.2608695652173913,0.5830815516839868,inf,-0.1406926406926407,0.5955268986940996,inf,0.0,8,0.00625,0.9875,not read,False
human_split_half | seed=021,gut_diff | age,-0.324561403508772,gut_diff,age,21,20,22,19,24,0.8402948402948399,-20.0,20.0,True,False,undetermined,-1.7124884189132323,1.0633656118956882,4.276315669084012,0.25,True,True,no population gap,satterthwaite,-0.2727272727272727,0.600296738504924,inf,-0.324561403508772,0.555680814696278,inf,0.0,8,0.00625,0.9875,not read,False
human_split_half | seed=022,bjw_score | political_identity,1.885714285714286,bjw_score,political_identity,22,6,25,5,28,2.181313131313131,-20.0,20.0,True,False,undetermined,-3.879178327434226,7.650606898862798,3.0571400221242104,0.25,True,True,no population gap,satterthwaite,4.113333333333333,2.127878721474292,inf,1.885714285714286,2.308075416326841,inf,0.0,8,0.00625,0.9875,not read,False
human_split_half | seed=022,bjw_score | sex,-0.3844086021505397,bjw_score,sex,22,31,11,31,12,2.456452638270809,-20.0,20.0,True,False,undetermined,-3.737938986033028,2.969121781731949,8.723869250379574,0.25,True,True,no population gap,satterthwaite,-0.9442815249266872,1.9600772880344413,inf,-0.3844086021505397,1.3426444439382117,inf,0.0,8,0.00625,0.9875,not read,False
human_split_half | seed=022,bjw_score | education,-1.1929824561403528,bjw_score,education,22,22,20,19,24,0.4534090909090887,-20.0,20.0,True,False,undetermined,-4.6645341849454,2.2785692726646944,2.90997718443952,0.25,True,True,no population gap,satterthwaite,-0.5409090909090892,1.688248260607215,inf,-1.1929824561403528,1.3898963501049102,inf,0.0,8,0.00625,0.9875,not read,False
human_split_half | seed=022,bjw_score | age,-0.918981481481481,bjw_score,age,22,23,19,16,27,1.2898569938151692,-20.0,20.0,True,False,undetermined,-4.455637438959702,2.6176744759967394,3.848451822747083,0.25,True,True,no population gap,satterthwaite,-1.1853546910755135,1.7154082056878417,inf,-0.918981481481481,1.4159619648150177,inf,0.0,8,0.00625,0.9875,not read,False
human_split_half | seed=022,gut_diff | political_identity,-0.0714285714285714,gut_diff,political_identity,22,6,25,5,28,-19.88000000000001,-20.0,20.0,True,False,undetermined,-2.762408082565617,2.619550939708475,37.67371315591866,0.25,True,True,no population gap,satterthwaite,1.42,0.9353938245756084,inf,-0.0714285714285714,1.0773806334793965,inf,0.0,8,0.00625,0.9875,not read,False
human_split_half | seed=022,gut_diff | sex,0.2634408602150536,gut_diff,sex,22,31,11,31,12,-3.0055658627087216,-20.0,20.0,True,False,undetermined,-1.286674289727356,1.813556010157464,5.88411056916915,0.25,True,True,no population gap,satterthwaite,-0.7917888563049854,0.8479179061911247,inf,0.2634408602150536,0.620615666265439,inf,0.0,8,0.00625,0.9875,not read,False
human_split_half | seed=022,gut_diff | education,-0.324561403508772,gut_diff,education,22,22,20,19,24,0.3361179361179361,-20.0,20.0,True,False,undetermined,-1.729622189039256,1.080499382021712,4.329106204066895,0.25,True,True,no population gap,satterthwaite,-0.1090909090909091,0.5969107713285148,inf,-0.324561403508772,0.5625406187326402,inf,0.0,8,0.00625,0.9875,not read,False
human_split_half | seed=022,gut_diff | age,-0.3356481481481481,gut_diff,age,22,23,19,16,27,0.9408348457350276,-20.0,20.0,True,False,undetermined,-1.6538899138651797,0.9825936175688834,3.927451329584536,0.25,True,True,no population gap,satterthwaite,-0.3157894736842106,0.6110559568593482,inf,-0.3356481481481481,0.5277811082356039,inf,0.0,8,0.00625,0.9875,not read,False
human_split_half | seed=023,bjw_score | political_identity,4.626666666666669,bjw_score,political_identity,23,5,28,6,25,0.319575957184026,-20.0,20.0,True,False,undetermined,-0.9698057596302236,10.22313909296356,1.2096121958854948,0.25,True,True,no population gap,satterthwaite,1.4785714285714278,2.2063922016644906,inf,4.626666666666669,2.240645453798347,inf,0.0,8,0.00625,0.9875,not read,False
human_split_half | seed=023,bjw_score | sex,-0.6079545454545467,bjw_score,sex,23,30,12,32,11,1.0417445482866017,-20.0,20.0,True,False,undetermined,-5.369699853721483,4.153790762812389,7.832403497710083,0.25,True,True,no population gap,satterthwaite,-0.6333333333333329,1.3841985339886296,inf,-0.6079545454545467,1.906447877234285,inf,0.0,8,0.00625,0.9875,not read,False
human_split_half | seed=023,bjw_score | education,-2.6184210526315788,bjw_score,education,23,22,20,19,24,-0.3385107354956602,-20.0,20.0,True,False,undetermined,-6.603998610298803,1.3671565050356458,1.5221301225261763,0.25,True,True,no population gap,satterthwaite,0.8863636363636367,1.481130970675003,inf,-2.6184210526315788,1.595695565904328,inf,0.0,8,0.00625,0.9875,not read,False
human_split_half | seed=023,bjw_score | age,-2.238095238095237,bjw_score,age,23,17,25,22,21,-0.2586232790988734,-20.0,20.0,True,False,undetermined,-6.28286110666443,1.806670630473956,1.807235813616023,0.25,True,True,no population gap,satterthwaite,0.5788235294117641,1.4307052108396756,inf,-2.238095238095237,1.619392639639086,inf,0.0,8,0.00625,0.9875,not read,False
human_split_half | seed=023,gut_diff | political_identity,0.6733333333333333,gut_diff,political_identity,23,5,28,6,25,1.188118811881188,-20.0,20.0,True,False,undetermined,-1.7379285171806345,3.084595183847301,3.581081956208863,0.25,True,True,no population gap,satterthwaite,0.8,1.1917630439595086,inf,0.6733333333333333,0.9653907840025682,inf,0.0,8,0.00625,0.9875,not read,False
human_split_half | seed=023,gut_diff | sex,-0.0596590909090908,gut_diff,sex,23,30,12,32,11,6.984126984126995,-20.0,20.0,True,False,undetermined,-2.06971505735292,1.9503968755347385,33.69236667562995,0.25,True,True,no population gap,satterthwaite,-0.4166666666666667,0.6539080668300762,inf,-0.0596590909090908,0.8047610030078761,inf,0.0,8,0.00625,0.9875,not read,False
human_split_half | seed=023,gut_diff | education,0.388157894736842,gut_diff,education,23,22,20,19,24,-2.1195685670261946,-20.0,20.0,True,False,undetermined,-1.116996574548771,1.8933123640224552,3.877686090362936,0.25,True,True,no population gap,satterthwaite,-0.8227272727272728,0.5992533941742936,inf,0.388157894736842,0.6026148727227127,inf,0.0,8,0.00625,0.9875,not read,False
human_split_half | seed=023,gut_diff | age,-0.1883116883116882,gut_diff,age,23,17,25,22,21,2.111643002028399,-20.0,20.0,True,False,undetermined,-1.6230306802214989,1.2464073035981222,7.618852577727963,0.25,True,True,no population gap,satterthwaite,-0.3976470588235294,0.5315671216904136,inf,-0.1883116883116882,0.5744147995075506,inf,0.0,8,0.00625,0.9875,not read,False
human_split_half | seed=024,bjw_score | political_identity,4.944444444444443,bjw_score,political_identity,24,7,26,4,27,0.4200518582541055,-0.80599340553966,2.3153975066379893,False,False,undetermined,1.651948292983913,8.236940595904972,0.6658980980481972,0.25,False,True,reference too imprecise,satterthwaite,2.0769230769230766,2.1821652405071914,inf,4.944444444444443,1.3182083232919737,inf,0.0,8,0.00625,0.9875,not read,False
human_split_half | seed=024,bjw_score | sex,0.1743589743589737,bjw_score,sex,24,32,10,30,13,-8.45955882352945,-20.0,20.0,True,False,undetermined,-3.610570076922977,3.959288025640924,21.70768132352891,0.25,True,True,no population gap,satterthwaite,-1.4750000000000014,1.8175358984426169,inf,0.1743589743589737,1.5153624329237951,inf,0.0,8,0.00625,0.9875,not read,False
human_split_half | seed=024,bjw_score | education,0.0438596491228047,bjw_score,education,24,17,25,24,19,-46.40470588235538,-20.0,20.0,True,False,undetermined,-3.429952152557661,3.5176714508032703,79.20290907831878,0.25,True,True,no population gap,satterthwaite,-2.0352941176470587,1.549624660315034,inf,0.0438596491228047,1.3908012097428786,inf,0.0,8,0.00625,0.9875,not read,False
human_split_half | seed=024,bjw_score | age,0.4155555555555565,bjw_score,age,24,21,21,18,25,-5.156608097784555,-20.0,20.0,True,False,undetermined,-3.073541766660828,3.904652877771941,8.396223502659726,0.25,True,True,no population gap,satterthwaite,-2.1428571428571423,1.6213879776072193,inf,0.4155555555555565,1.3969210347842411,inf,0.0,8,0.00625,0.9875,not read,False
human_split_half | seed=024,gut_diff | political_identity,0.0648148148148148,gut_diff,political_identity,24,7,26,4,27,18.22605965463106,-20.0,20.0,True,False,undetermined,-3.062665901515285,3.192295531144915,48.25255962337864,0.25,True,True,no population gap,satterthwaite,1.1813186813186811,0.8979520760952314,inf,0.0648148148148148,1.2521415125641655,inf,0.0,8,0.00625,0.9875,not read,False
human_split_half | seed=024,gut_diff | sex,-0.958974358974359,gut_diff,sex,24,32,10,30,13,-0.6061163101604279,-20.0,20.0,True,False,undetermined,-2.8973939748934967,0.9794452569447786,2.0213466583114,0.25,True,True,no population gap,satterthwaite,0.58125,0.5340560037675932,inf,-0.958974358974359,0.7760801392595554,inf,0.0,8,0.00625,0.9875,not read,False
human_split_half | seed=024,gut_diff | education,-0.2412280701754386,gut_diff,education,24,17,25,24,19,0.5852406417112295,-20.0,20.0,True,False,undetermined,-1.720300176243466,1.2378440358925884,6.131426185154729,0.25,True,True,no population gap,satterthwaite,-0.1411764705882352,0.5445061215657524,inf,-0.2412280701754386,0.592172343194077,inf,0.0,8,0.00625,0.9875,not read,False
human_split_half | seed=024,gut_diff | age,0.1511111111111112,gut_diff,age,24,21,21,18,25,-5.042016806722686,-20.0,20.0,True,False,undetermined,-1.343010569445727,1.6452327916679494,9.887569944861424,0.25,True,True,no population gap,satterthwaite,-0.7619047619047619,0.5787421188201589,inf,0.1511111111111112,0.5981977031157136,inf,0.0,8,0.00625,0.9875,not read,False
human_split_half | seed=025,bjw_score | political_identity,3.7600000000000016,bjw_score,political_identity,25,4,28,7,25,0.6933890577507598,-20.0,20.0,True,False,undetermined,-0.4179463028584074,7.93794630285841,1.1111559316112785,0.25,True,True,no population gap,satterthwaite,2.6071428571428577,3.271404244742402,inf,3.7600000000000016,1.672713751920966,inf,0.0,8,0.00625,0.9875,not read,False
human_split_half | seed=025,bjw_score | sex,-1.428571428571427,bjw_score,sex,25,27,15,35,8,-0.1918518518518505,-20.0,20.0,True,False,undetermined,-4.928645257301451,2.071502400158597,2.45005168011102,0.25,True,True,no population gap,satterthwaite,0.2740740740740719,1.7371599685017456,inf,-1.428571428571427,1.4013156708236882,inf,0.0,8,0.00625,0.9875,not read,False
human_split_half | seed=025,bjw_score | education,-0.519480519480517,bjw_score,education,25,20,22,21,22,2.117500000000013,-20.0,20.0,True,False,undetermined,-4.173304929985189,3.134343891024156,7.033611990221528,0.25,True,True,no population gap,satterthwaite,-1.1000000000000014,1.6589096046452876,inf,-0.519480519480517,1.4628724008190808,inf,0.0,8,0.00625,0.9875,not read,False
human_split_half | seed=025,bjw_score | age,0.504329004329005,bjw_score,age,25,18,24,21,22,-4.5439914163090025,-20.0,20.0,True,False,undetermined,-3.0842722176602115,4.092930226318222,7.115595556047278,0.25,True,True,no population gap,satterthwaite,-2.2916666666666643,1.6602086135567804,inf,0.504329004329005,1.4367591584590018,inf,0.0,8,0.00625,0.9875,not read,False
human_split_half | seed=025,gut_diff | political_identity,0.8114285714285714,gut_diff,political_identity,25,4,28,7,25,1.1003521126760565,-20.0,20.0,True,False,undetermined,-1.2748323082785649,2.897689451135708,2.571096154568654,0.25,True,True,no population gap,satterthwaite,0.8928571428571428,1.361449279812733,inf,0.8114285714285714,0.835270970618582,inf,0.0,8,0.00625,0.9875,not read,False
human_split_half | seed=025,gut_diff | sex,0.5285714285714285,gut_diff,sex,25,27,15,35,8,-1.2612612612612617,-20.0,20.0,True,False,undetermined,-0.8603989929358558,1.9175418500787127,2.627781878527295,0.25,True,True,no population gap,satterthwaite,-0.6666666666666667,0.755816700581072,inf,0.5285714285714285,0.5560985605480707,inf,0.0,8,0.00625,0.9875,not read,False
human_split_half | seed=025,gut_diff | education,0.3225108225108226,gut_diff,education,25,20,22,21,22,-2.2973154362416097,-20.0,20.0,True,False,undetermined,-0.7414383280278256,1.3864599730494709,3.2989564265023845,0.25,True,True,no population gap,satterthwaite,-0.7409090909090909,0.6933960024692369,inf,0.3225108225108226,0.4259706196398524,inf,0.0,8,0.00625,0.9875,not read,False
human_split_half | seed=025,gut_diff | age,0.2294372294372294,gut_diff,age,25,18,24,21,22,-3.511006289308176,-20.0,20.0,True,False,undetermined,-0.8642812236772582,1.3231556825517172,4.7669615598008805,0.25,True,True,no population gap,satterthwaite,-0.8055555555555555,0.6782795720092849,inf,0.2294372294372294,0.4378892797168464,inf,0.0,8,0.00625,0.9875,not read,False
human_split_half | seed=026,bjw_score | political_identity,0.4537037037037024,bjw_score,political_identity,26,7,26,4,27,10.996187485983436,-20.0,20.0,True,False,undetermined,-5.456776410967423,6.364183818374828,13.027180660907826,0.25,True,True,no population gap,satterthwaite,4.989010989010989,2.0166201065996314,inf,0.4537037037037024,2.366363914610813,inf,0.0,8,0.00625,0.9875,not read,False
human_split_half | seed=026,bjw_score | sex,-2.1732954545454533,bjw_score,sex,26,30,12,32,11,-0.3450980392156865,-20.0,20.0,True,False,undetermined,-6.056670765742644,1.7100798566517377,1.7868602739103423,0.25,True,True,no population gap,satterthwaite,0.75,1.6344471412728263,inf,-2.1732954545454533,1.5547771120145113,inf,0.0,8,0.00625,0.9875,not read,False
human_split_half | seed=026,bjw_score | education,0.7456140350877192,bjw_score,education,26,17,25,24,19,-3.736359861591695,-20.0,20.0,True,False,undetermined,-2.611747792229124,4.102975862404563,4.502814686048473,0.25,True,True,no population gap,satterthwaite,-2.785882352941176,1.5948090065760248,inf,0.7456140350877192,1.3441784292165688,inf,0.0,8,0.00625,0.9875,not read,False
human_split_half | seed=026,bjw_score | age,0.9586956521739154,bjw_score,age,26,19,23,20,23,-3.0170664757130843,-20.0,20.0,True,False,undetermined,-2.4891012667591843,4.406492571107015,3.596341457390526,0.25,True,True,no population gap,satterthwaite,-2.892448512585812,1.6211906945927033,inf,0.9586956521739154,1.380385697198747,inf,0.0,8,0.00625,0.9875,not read,False
human_split_half | seed=026,gut_diff | political_identity,-0.4629629629629629,gut_diff,political_identity,26,7,26,4,27,-2.9789010989011,-20.0,20.0,True,False,undetermined,-1.8091069256118293,0.883180999685904,2.907670959321553,0.25,True,True,no population gap,satterthwaite,1.379120879120879,1.0499913766519302,inf,-0.4629629629629629,0.5389522399671812,inf,0.0,8,0.00625,0.9875,not read,False
human_split_half | seed=026,gut_diff | sex,-0.25,gut_diff,sex,26,30,12,32,11,0.7999999999999998,-20.0,20.0,True,False,undetermined,-1.4244697055123534,0.9244697055123534,4.697878822049414,0.25,True,True,no population gap,satterthwaite,-0.1999999999999999,0.8797478139238463,inf,-0.25,0.470219453582015,inf,0.0,8,0.00625,0.9875,not read,False
human_split_half | seed=026,gut_diff | education,0.1381578947368421,gut_diff,education,26,17,25,24,19,-2.9122689075630244,-20.0,20.0,True,False,undetermined,-0.8301408988287441,1.1064566883024285,7.008638886760432,0.25,True,True,no population gap,satterthwaite,-0.4023529411764706,0.7485871024563518,inf,0.1381578947368421,0.3876753291102621,inf,0.0,8,0.00625,0.9875,not read,False
human_split_half | seed=026,gut_diff | age,-0.2130434782608695,gut_diff,age,26,19,23,20,23,1.7078410311493022,-20.0,20.0,True,False,undetermined,-1.1364475927496995,0.7103606362279605,4.334345843518999,0.25,True,True,no population gap,satterthwaite,-0.3638443935926774,0.7308552420549417,inf,-0.2130434782608695,0.3697009604525342,inf,0.0,8,0.00625,0.9875,not read,False
human_split_half | seed=027,bjw_score | political_identity,-0.2916666666666678,bjw_score,political_identity,27,6,29,5,24,-19.842364532019623,-20.0,20.0,True,True,reversed or missing,-7.241278002890189,6.657944669556853,23.82723886705197,0.25,True,True,no population gap,satterthwaite,5.787356321839081,1.1850963413166955,inf,-0.2916666666666678,2.7823982430443617,inf,0.0,8,0.00625,0.9875,not read,False
human_split_half | seed=027,bjw_score | sex,-0.072727272727274,bjw_score,sex,27,29,13,33,10,17.433687002652203,-20.0,20.0,True,False,undetermined,-4.607268472071114,4.461813926616566,62.34994149097664,0.25,True,True,no population gap,satterthwaite,-1.26790450928382,1.535076070612129,inf,-0.072727272727274,1.815482745100204,inf,0.0,8,0.00625,0.9875,not read,False
human_split_half | seed=027,bjw_score | education,-1.8733333333333315,bjw_score,education,27,16,26,25,18,0.0410621407062687,-20.0,20.0,True,False,undetermined,-5.942827378573933,2.196160711907271,2.172327782156908,0.25,True,True,no population gap,satterthwaite,-0.0769230769230766,1.4766897558551266,inf,-1.8733333333333315,1.6292929969390109,inf,0.0,8,0.00625,0.9875,not read,False
human_split_half | seed=027,bjw_score | age,-2.4649122807017534,bjw_score,age,27,20,22,19,24,-0.2729213846651567,-20.0,20.0,True,False,undetermined,-6.384924407153542,1.455099845750035,1.5903252043256373,0.25,True,True,no population gap,satterthwaite,0.672727272727272,1.4823556014166852,inf,-2.4649122807017534,1.5694453007035392,inf,0.0,8,0.00625,0.9875,not read,False
human_split_half | seed=027,gut_diff | political_identity,1.6583333333333334,gut_diff,political_identity,27,6,29,5,24,-0.0138624155259054,-20.0,20.0,True,False,undetermined,-1.07611655729367,4.392783223960337,1.6489145069107558,0.25,True,True,no population gap,satterthwaite,-0.0229885057471265,0.6995290986240632,inf,1.6583333333333334,1.0947847589283826,inf,0.0,8,0.00625,0.9875,not read,False
human_split_half | seed=027,gut_diff | sex,-0.8666666666666669,gut_diff,sex,27,29,13,33,10,-0.1346663946133441,-20.0,20.0,True,False,undetermined,-3.152293919078001,1.418960585744668,2.6372622143207702,0.25,True,True,no population gap,satterthwaite,0.1167108753315649,0.4676507297842104,inf,-0.8666666666666669,0.9150907789930351,inf,0.0,8,0.00625,0.9875,not read,False
human_split_half | seed=027,gut_diff | education,-0.5133333333333332,gut_diff,education,27,16,26,25,18,0.5713036963036964,-20.0,20.0,True,False,undetermined,-2.310722128948284,1.284055462281618,3.5014067447044512,0.25,True,True,no population gap,satterthwaite,-0.2932692307692307,0.3742178710880081,inf,-0.5133333333333332,0.7196159878639021,inf,0.0,8,0.00625,0.9875,not read,False
human_split_half | seed=027,gut_diff | age,-0.769736842105263,gut_diff,age,27,20,22,19,24,-0.3247863247863248,-20.0,20.0,True,False,undetermined,-2.465875423759603,0.9264017395490768,2.203530465055211,0.25,True,True,no population gap,satterthwaite,0.25,0.3878594592543771,inf,-0.769736842105263,0.6790786968123195,inf,0.0,8,0.00625,0.9875,not read,False
human_split_half | seed=028,bjw_score | political_identity,3.022222222222222,bjw_score,political_identity,28,2,28,9,25,1.0635504201680677,-20.0,20.0,True,True,undetermined,-2.125090758154676,8.169535202599121,1.7031550302717675,0.25,True,True,no population gap,satterthwaite,3.214285714285716,0.916745285313625,inf,3.022222222222222,2.060816627017698,inf,0.0,8,0.00625,0.9875,not read,False
human_split_half | seed=028,bjw_score | sex,-1.71875,bjw_score,sex,28,30,12,32,11,-0.1939393939393953,-20.0,20.0,True,False,undetermined,-6.047174266279286,2.609674266279286,2.518355936744312,0.25,True,True,no population gap,satterthwaite,0.3333333333333357,1.495322321300932,inf,-1.71875,1.73296023201645,inf,0.0,8,0.00625,0.9875,not read,False
human_split_half | seed=028,bjw_score | education,-1.4413043478260867,bjw_score,education,28,21,21,20,23,0.0991165697048046,-20.0,20.0,True,False,undetermined,-5.741903854503718,2.8592951588515447,2.9838246954324448,0.25,True,True,no population gap,satterthwaite,-0.1428571428571423,1.3163503118789872,inf,-1.4413043478260867,1.7218201036721152,inf,0.0,8,0.00625,0.9875,not read,False
human_split_half | seed=028,bjw_score | age,-1.1071428571428577,bjw_score,age,28,24,18,15,28,0.5017921146953417,-20.0,20.0,True,False,undetermined,-5.803465340583693,3.5891796262979776,4.241839662462688,0.25,True,True,no population gap,satterthwaite,-0.5555555555555571,1.3596140517131634,inf,-1.1071428571428577,1.880254706991464,inf,0.0,8,0.00625,0.9875,not read,False
human_split_half | seed=028,gut_diff | political_identity,0.5377777777777777,gut_diff,political_identity,28,2,28,9,25,1.99232585596222,-20.0,20.0,True,False,undetermined,-1.6142093465437155,2.689764902099271,4.001628950184595,0.25,True,True,no population gap,satterthwaite,1.0714285714285714,1.526593748263594,inf,0.5377777777777777,0.8615856202715318,inf,0.0,8,0.00625,0.9875,not read,False
human_split_half | seed=028,gut_diff | sex,0.5539772727272727,gut_diff,sex,28,30,12,32,11,-1.8352136752136752,-20.0,20.0,True,False,undetermined,-1.0863436445556351,2.194298190010181,2.9609895532491466,0.25,True,True,no population gap,satterthwaite,-1.0166666666666666,0.7496246422106597,inf,0.5539772727272727,0.6567311202696711,inf,0.0,8,0.00625,0.9875,not read,False
human_split_half | seed=028,gut_diff | education,-0.4478260869565217,gut_diff,education,28,21,21,20,23,-0.1063337956541841,-20.0,20.0,True,False,undetermined,-2.0049309882736708,1.1092788143606271,3.477030362164508,0.25,True,True,no population gap,satterthwaite,0.0476190476190476,0.5181327143949367,inf,-0.4478260869565217,0.6234141352737734,inf,0.0,8,0.00625,0.9875,not read,False
human_split_half | seed=028,gut_diff | age,-0.4190476190476191,gut_diff,age,28,24,18,15,28,0.3645833333333333,-20.0,20.0,True,False,undetermined,-1.8635072058105584,1.02541196771532,3.4470058320479224,0.25,True,True,no population gap,satterthwaite,-0.1527777777777778,0.5220205742508127,inf,-0.4190476190476191,0.5783146167339165,inf,0.0,8,0.00625,0.9875,not read,False
human_split_half | seed=029,bjw_score | political_identity,0.2873563218390806,bjw_score,political_identity,29,8,24,3,29,14.499999999999996,-20.0,20.0,True,False,undetermined,-6.814643736564206,7.389356380242368,24.71496020324342,0.25,True,True,no population gap,satterthwaite,4.166666666666668,1.7182637581621585,inf,0.2873563218390806,2.8434097287720177,inf,0.0,8,0.00625,0.9875,not read,False
human_split_half | seed=029,bjw_score | sex,1.4333333333333336,bjw_score,sex,29,29,13,33,10,-1.5915119363395225,-20.0,20.0,True,False,undetermined,-2.677762653410852,5.544429320077519,2.868206502379664,0.25,True,True,no population gap,satterthwaite,-2.281167108753316,1.5075469797018948,inf,1.4333333333333336,1.645949060616049,inf,0.0,8,0.00625,0.9875,not read,False
human_split_half | seed=029,bjw_score | education,-0.5657894736842088,bjw_score,education,29,22,20,19,24,2.161099365750535,-20.0,20.0,True,False,undetermined,-4.717930418459289,3.586351471090872,7.338667716346676,0.25,True,True,no population gap,satterthwaite,-1.2227272727272729,1.4862837950302048,inf,-0.5657894736842088,1.6623821262345144,inf,0.0,8,0.00625,0.9875,not read,False
human_split_half | seed=029,bjw_score | age,-1.4930555555555571,bjw_score,age,29,23,19,16,27,0.49044755468043,-20.0,20.0,True,False,undetermined,-5.480599605166287,2.4944884940551724,2.670727177413695,0.25,True,True,no population gap,satterthwaite,-0.7322654462242539,1.490890764617577,inf,-1.4930555555555571,1.596482885290097,inf,0.0,8,0.00625,0.9875,not read,False
human_split_half | seed=029,gut_diff | political_identity,-1.3103448275862069,gut_diff,political_identity,29,8,24,3,29,-1.3037280701754388,-7.798975426071357,0.3162419169424275,False,False,reversed to attenuated,-2.368026853259956,-0.2526628019124577,0.807178388014177,0.25,False,True,reversed to attenuated,satterthwaite,1.7083333333333337,0.8392506166544474,inf,-1.3103448275862069,0.423461466772246,inf,0.0,8,0.00625,0.9875,not kept,False
human_split_half | seed=029,gut_diff | sex,-1.0515151515151513,gut_diff,sex,29,29,13,33,10,-0.416223943005221,-20.0,20.0,True,False,undetermined,-3.186639354248739,1.0836090512184362,2.0305215760866973,0.25,True,True,no population gap,satterthwaite,0.4376657824933686,0.6216084883678906,inf,-1.0515151515151513,0.8548342551765912,inf,0.0,8,0.00625,0.9875,not read,False
human_split_half | seed=029,gut_diff | education,-0.1666666666666667,gut_diff,education,29,22,20,19,24,1.4727272727272716,-20.0,20.0,True,False,undetermined,-1.7168603899478034,1.38352705661447,9.301162339686815,0.25,True,True,no population gap,satterthwaite,-0.2454545454545453,0.5237420865322834,inf,-0.1666666666666667,0.6206471244735383,inf,0.0,8,0.00625,0.9875,not read,False
human_split_half | seed=029,gut_diff | age,-0.0486111111111111,gut_diff,age,29,23,19,16,27,11.156587119973835,-20.0,20.0,True,False,undetermined,-1.6411172889380308,1.5438950667158085,32.76012708672517,0.25,True,True,no population gap,satterthwaite,-0.5423340961098398,0.5459983675864856,inf,-0.0486111111111111,0.6375876544530258,inf,0.0,8,0.00625,0.9875,not read,False
human_split_half | seed=030,bjw_score | political_identity,3.543956043956044,bjw_score,political_identity,30,4,27,7,26,0.6792994544932532,-20.0,20.0,True,False,undetermined,-0.8746845939699481,7.962596681882036,1.2468102265155512,0.25,True,True,no population gap,satterthwaite,2.4074074074074083,2.9780383573301337,inf,3.543956043956044,1.769079931639831,inf,0.0,8,0.00625,0.9875,not read,False
human_split_half | seed=030,bjw_score | sex,-0.625641025641027,bjw_score,sex,30,32,10,30,13,1.158811475409836,-20.0,20.0,True,False,undetermined,-4.086854871810363,2.8355728205283093,5.532268032811632,0.25,True,True,no population gap,satterthwaite,-0.7250000000000014,2.088317637680912,inf,-0.625641025641027,1.385757398285767,inf,0.0,8,0.00625,0.9875,not read,False
human_split_half | seed=030,bjw_score | education,0.7369565217391276,bjw_score,education,30,21,21,20,23,-3.295406658238532,-20.0,20.0,True,False,undetermined,-3.11044474447343,4.584357787951685,5.220662485126204,0.25,True,True,no population gap,satterthwaite,-2.4285714285714306,1.5548067269773704,inf,0.7369565217391276,1.5403742749754497,inf,0.0,8,0.00625,0.9875,not read,False
human_split_half | seed=030,bjw_score | age,-1.401315789473685,bjw_score,age,30,20,22,19,24,0.3373452838241568,-20.0,20.0,True,False,undetermined,-5.324696135265457,2.522064556318087,2.799783157560324,0.25,True,True,no population gap,satterthwaite,-0.4727272727272726,1.5915390567441827,inf,-1.401315789473685,1.570793826127531,inf,0.0,8,0.00625,0.9875,not read,False
human_split_half | seed=030,gut_diff | political_identity,1.3626373626373625,gut_diff,political_identity,30,4,27,7,26,-0.1630824372759857,-20.0,20.0,True,False,undetermined,-0.9954237781237174,3.7206985033984425,1.7305126113649862,0.25,True,True,no population gap,satterthwaite,-0.2222222222222223,1.0391233069714882,inf,1.3626373626373625,0.9440909509351284,inf,0.0,8,0.00625,0.9875,not read,False
human_split_half | seed=030,gut_diff | sex,-0.2076923076923076,gut_diff,sex,30,32,10,30,13,1.263888888888889,-20.0,20.0,True,False,undetermined,-1.8312694023472127,1.415884786962598,7.817223048338437,0.25,True,True,no population gap,satterthwaite,-0.2624999999999999,0.8554835140171223,inf,-0.2076923076923076,0.6500274385228706,inf,0.0,8,0.00625,0.9875,not read,False
human_split_half | seed=030,gut_diff | education,0.1630434782608696,gut_diff,education,30,21,21,20,23,-3.504761904761904,-20.0,20.0,True,False,undetermined,-1.137085196791887,1.4631721533136262,7.97412254032357,0.25,True,True,no population gap,satterthwaite,-0.5714285714285715,0.6285882465792145,inf,0.1630434782608696,0.5205292161221999,inf,0.0,8,0.00625,0.9875,not read,False
human_split_half | seed=030,gut_diff | age,-0.1973684210526316,gut_diff,age,30,20,22,19,24,1.934545454545454,-20.0,20.0,True,False,undetermined,-1.5120306982982796,1.1172938561930164,6.660955538044615,0.25,True,True,no population gap,satterthwaite,-0.3818181818181818,0.6270593756658625,inf,-0.1973684210526316,0.5263479975259642,inf,0.0,8,0.00625,0.9875,not read,False
human_split_half | seed=031,bjw_score | political_identity,3.633333333333333,bjw_score,political_identity,31,8,23,3,30,1.0575388911049064,-0.3225154250673384,20.0,True,False,undetermined,0.1802385206521046,7.086428146014561,0.95039306771043,0.25,False,True,reference too imprecise,satterthwaite,3.842391304347826,1.957379279203867,inf,3.633333333333333,1.382506801465369,inf,0.0,8,0.00625,0.9875,not read,False
human_split_half | seed=031,bjw_score | sex,-0.2794871794871802,bjw_score,sex,31,32,10,30,13,3.555619266055031,-20.0,20.0,True,False,undetermined,-3.7121903569363663,3.153215997962006,12.28214898353375,0.25,True,True,no population gap,satterthwaite,-0.9937499999999986,2.0415836470890354,inf,-0.2794871794871802,1.3743426542494377,inf,0.0,8,0.00625,0.9875,not read,False
human_split_half | seed=031,bjw_score | education,1.3065217391304351,bjw_score,education,31,21,21,20,23,-2.2597258537358367,-20.0,20.0,True,False,undetermined,-2.4658695206219616,5.078912998882831,2.887354375184862,0.25,True,True,no population gap,satterthwaite,-2.952380952380953,1.5269987649027628,inf,1.3065217391304351,1.5103427091672084,inf,0.0,8,0.00625,0.9875,not read,False
human_split_half | seed=031,bjw_score | age,-2.0755555555555567,bjw_score,age,31,21,21,18,25,-0.1376567757724069,-20.0,20.0,True,False,undetermined,-5.752031215590028,1.6009201044789148,1.7713212494812751,0.25,True,True,no population gap,satterthwaite,0.2857142857142847,1.598451510103731,inf,-2.0755555555555567,1.4719412240734069,inf,0.0,8,0.00625,0.9875,not read,False
human_split_half | seed=031,gut_diff | political_identity,0.4333333333333333,gut_diff,political_identity,31,8,23,3,30,2.3202341137123748,-20.0,20.0,True,False,undetermined,-3.493837523584543,4.36050419025121,9.062701977502792,0.25,True,True,no population gap,satterthwaite,1.0054347826086958,0.8536904889579484,inf,0.4333333333333333,1.5723114234415765,inf,0.0,8,0.00625,0.9875,not read,False
human_split_half | seed=031,gut_diff | sex,-0.3948717948717948,gut_diff,sex,31,32,10,30,13,0.0791396103896104,-20.0,20.0,True,False,undetermined,-2.136612709866694,1.346869120123104,4.410902317194874,0.25,True,True,no population gap,satterthwaite,-0.03125,0.781877256481508,inf,-0.3948717948717948,0.6973363872106496,inf,0.0,8,0.00625,0.9875,not read,False
human_split_half | seed=031,gut_diff | education,-0.5347826086956521,gut_diff,education,31,21,21,20,23,-0.267131242740999,-20.0,20.0,True,False,undetermined,-1.9611845035291584,0.8916192861378546,2.667255575704932,0.25,True,True,no population gap,satterthwaite,0.1428571428571429,0.5597848691213739,inf,-0.5347826086956521,0.5710849044713036,inf,0.0,8,0.00625,0.9875,not read,False
human_split_half | seed=031,gut_diff | age,-0.7022222222222222,gut_diff,age,31,21,21,18,25,-0.2034358047016275,-20.0,20.0,True,False,undetermined,-2.0260527517050027,0.6216083072605582,1.8852017033773767,0.25,True,True,no population gap,satterthwaite,0.1428571428571429,0.5554880909623215,inf,-0.7022222222222222,0.5300186673925538,inf,0.0,8,0.00625,0.9875,not read,False
human_split_half | seed=032,bjw_score | political_identity,3.814814814814813,bjw_score,political_identity,32,8,26,3,27,0.7057505601194928,-0.7796925827854817,2.896636966216309,False,False,undetermined,1.612650191743732,6.016979437885894,0.5772664545914488,0.25,False,True,reference too imprecise,satterthwaite,2.6923076923076934,2.162104879503347,inf,3.814814814814813,0.8816750580266338,inf,0.0,8,0.00625,0.9875,not read,False
human_split_half | seed=032,bjw_score | sex,-1.3267045454545467,bjw_score,sex,32,30,12,32,11,0.0125624553890071,-20.0,20.0,True,False,undetermined,-5.097909856607027,2.4445007656979327,2.842535909048547,0.25,True,True,no population gap,satterthwaite,-0.0166666666666657,1.7322932607039938,inf,-1.3267045454545467,1.5098678939378225,inf,0.0,8,0.00625,0.9875,not read,False
human_split_half | seed=032,bjw_score | education,-0.5324675324675319,bjw_score,education,32,20,22,21,22,2.10853658536586,-20.0,20.0,True,False,undetermined,-4.094356434362922,3.0294213694278582,6.689401108437691,0.25,True,True,no population gap,satterthwaite,-1.1227272727272748,1.6521970638228585,inf,-0.5324675324675319,1.4260644146955197,inf,0.0,8,0.00625,0.9875,not read,False
human_split_half | seed=032,bjw_score | age,0.6644444444444417,bjw_score,age,32,21,21,18,25,-3.7267080745341743,-20.0,20.0,True,False,undetermined,-2.973411528361805,4.302300417250688,5.475034072785343,0.25,True,True,no population gap,satterthwaite,-2.4761904761904745,1.628707367687361,inf,0.6644444444444417,1.456479157967545,inf,0.0,8,0.00625,0.9875,not read,False
human_split_half | seed=032,gut_diff | political_identity,0.4074074074074073,gut_diff,political_identity,32,8,26,3,27,1.8881118881118883,-20.0,20.0,True,False,undetermined,-2.7463270090069973,3.561141823821812,7.740984476653541,0.25,True,True,no population gap,satterthwaite,0.7692307692307692,0.9550342999533652,inf,0.4074074074074073,1.262652639799042,inf,0.0,8,0.00625,0.9875,not read,False
human_split_half | seed=032,gut_diff | sex,0.0568181818181817,gut_diff,sex,32,30,12,32,11,-8.800000000000008,-20.0,20.0,True,False,undetermined,-1.462148969193105,1.5757853328294686,26.73382185779868,0.25,True,True,no population gap,satterthwaite,-0.5,0.7971396062013526,inf,0.0568181818181817,0.6081450210297015,inf,0.0,8,0.00625,0.9875,not read,False
human_split_half | seed=032,gut_diff | education,-0.1926406926406927,gut_diff,education,32,20,22,21,22,1.0853932584269663,-20.0,20.0,True,False,undetermined,-1.3658272582141706,0.9805458729327852,6.090024643763444,0.25,True,True,no population gap,satterthwaite,-0.2090909090909092,0.668163044923371,inf,-0.1926406926406927,0.4697057261030553,inf,0.0,8,0.00625,0.9875,not read,False
human_split_half | seed=032,gut_diff | age,0.24,gut_diff,age,32,21,21,18,25,-3.76984126984127,-20.0,20.0,True,False,undetermined,-0.9727071834552292,1.4527071834552292,5.052946597730122,0.25,True,True,no population gap,satterthwaite,-0.9047619047619048,0.6594313091311824,inf,0.24,0.4855284955268728,inf,0.0,8,0.00625,0.9875,not read,False
human_split_half | seed=033,bjw_score | political_identity,6.26923076923077,bjw_score,political_identity,33,7,27,4,26,0.1552893822832474,-0.7793850064583719,1.2847808166724255,False,False,undetermined,2.3768805070431607,10.16158103141838,0.6208656859931155,0.25,False,True,reference too imprecise,satterthwaite,0.9735449735449748,2.007154810895845,inf,6.26923076923077,1.5583703903518176,inf,0.0,8,0.00625,0.9875,not read,False
human_split_half | seed=033,bjw_score | sex,-0.7666666666666657,bjw_score,sex,33,32,10,30,13,0.6277173913043477,-20.0,20.0,True,False,undetermined,-5.327955169258374,3.7946218359250414,5.9495067425109305,0.25,True,True,no population gap,satterthwaite,-0.4812499999999993,1.3327889784858369,inf,-0.7666666666666657,1.8261914949802345,inf,0.0,8,0.00625,0.9875,not read,False
human_split_half | seed=033,bjw_score | education,-1.5877192982456163,bjw_score,education,33,22,20,19,24,0.0200401808136633,-20.0,20.0,True,False,undetermined,-5.672699812199759,2.4972612157085257,2.5728606551976325,0.25,True,True,no population gap,satterthwaite,-0.0318181818181848,1.477498024922936,inf,-1.5877192982456163,1.6354932750919655,inf,0.0,8,0.00625,0.9875,not read,False
human_split_half | seed=033,bjw_score | age,0.3009049773755663,bjw_score,age,33,22,20,17,26,-7.084688995215298,-20.0,20.0,True,False,undetermined,-3.931684039902396,4.533493994653528,14.066198087495149,0.25,True,True,no population gap,satterthwaite,-2.1318181818181827,1.4388849602790983,inf,0.3009049773755663,1.6945909167350142,inf,0.0,8,0.00625,0.9875,not read,False
human_split_half | seed=033,gut_diff | political_identity,0.0,gut_diff,political_identity,33,7,27,4,26,1137566137566.1377,-20.0,20.0,True,False,undetermined,-2.6405833053555554,2.640583305357556,2640583305356.556,0.25,True,True,no population gap,satterthwaite,1.1375661375661374,0.968117171889058,inf,1e-12,1.05720363254571,inf,0.0,8,0.00625,0.9875,not read,False
human_split_half | seed=033,gut_diff | sex,-0.2333333333333332,gut_diff,sex,33,32,10,30,13,1.5000000000000009,-20.0,20.0,True,False,undetermined,-2.033080398229344,1.566413731562677,7.713201706697188,0.25,True,True,no population gap,satterthwaite,-0.3500000000000001,0.7221803318937389,inf,-0.2333333333333332,0.7205601621474398,inf,0.0,8,0.00625,0.9875,not read,False
human_split_half | seed=033,gut_diff | education,0.668859649122807,gut_diff,education,33,22,20,19,24,-1.7601192250372577,-20.0,20.0,True,False,undetermined,-0.6980768071166071,2.035796105362221,2.043682046049747,0.25,True,True,no population gap,satterthwaite,-1.1772727272727272,0.6099865318901235,inf,0.668859649122807,0.5472768778261795,inf,0.0,8,0.00625,0.9875,not read,False
human_split_half | seed=033,gut_diff | age,0.2692307692307693,gut_diff,age,33,22,20,17,26,-3.663636363636363,-20.0,20.0,True,False,undetermined,-1.1474697962229017,1.6859313346844398,5.2620306716850616,0.25,True,True,no population gap,satterthwaite,-0.9863636363636364,0.624533574184598,inf,0.2692307692307693,0.5672008078627702,inf,0.0,8,0.00625,0.9875,not read,False
human_split_half | seed=034,bjw_score | political_identity,0.6428571428571423,bjw_score,political_identity,34,4,31,7,22,9.170250896057354,-20.0,20.0,True,True,undetermined,-5.232389189109261,6.518103474823546,9.139272071947746,0.25,True,True,no population gap,satterthwaite,5.89516129032258,1.3204696217363965,inf,0.6428571428571423,2.35225745450096,inf,0.0,8,0.00625,0.9875,not read,False
human_split_half | seed=034,bjw_score | sex,-0.8054187192118221,bjw_score,sex,34,33,9,29,14,0.2132023599913526,-20.0,20.0,True,False,undetermined,-4.671073422043957,3.060235983620313,4.799559049999535,0.25,True,True,no population gap,satterthwaite,-0.171717171717173,1.773207628033051,inf,-0.8054187192118221,1.5476823570425875,inf,0.0,8,0.00625,0.9875,not read,False
human_split_half | seed=034,bjw_score | education,1.0877192982456163,bjw_score,education,34,22,20,19,24,-2.4112170087976503,-20.0,20.0,True,False,undetermined,-2.544936845801384,4.720375442292617,3.339700003398041,0.25,True,True,no population gap,satterthwaite,-2.622727272727275,1.554551805153863,inf,1.0877192982456163,1.4543973157314982,inf,0.0,8,0.00625,0.9875,not read,False
human_split_half | seed=034,bjw_score | age,0.3200000000000003,bjw_score,age,34,21,21,18,25,-6.3988095238095175,-20.0,20.0,True,False,undetermined,-3.454762888901165,4.094762888901165,11.796134027816132,0.25,True,True,no population gap,satterthwaite,-2.0476190476190474,1.5698090862207548,inf,0.3200000000000003,1.5112922323070552,inf,0.0,8,0.00625,0.9875,not read,False
human_split_half | seed=034,gut_diff | political_identity,0.8701298701298701,gut_diff,political_identity,34,4,31,7,22,0.3614588348579683,-20.0,20.0,True,False,undetermined,-1.5008617808490092,3.2411215211087496,2.7248710018712496,0.25,True,True,no population gap,satterthwaite,0.3145161290322581,1.296144514939492,inf,0.8701298701298701,0.94926790647567,inf,0.0,8,0.00625,0.9875,not read,False
human_split_half | seed=034,gut_diff | sex,0.3497536945812808,gut_diff,sex,34,33,9,29,14,-2.974676340873524,-20.0,20.0,True,False,undetermined,-1.1493552365404551,1.8488626257030163,4.286184690390315,0.25,True,True,no population gap,satterthwaite,-1.0404040404040402,0.9646462778707688,inf,0.3497536945812808,0.6001944359599037,inf,0.0,8,0.00625,0.9875,not read,False
human_split_half | seed=034,gut_diff | education,0.1162280701754385,gut_diff,education,34,22,20,19,24,-4.57564322469983,-20.0,20.0,True,False,undetermined,-1.3895202346687527,1.62197637501963,12.955117490734931,0.25,True,True,no population gap,satterthwaite,-0.5318181818181819,0.5500250861482948,inf,0.1162280701754385,0.6028526251573321,inf,0.0,8,0.00625,0.9875,not read,False
human_split_half | seed=034,gut_diff | age,0.031111111111111,gut_diff,age,34,21,21,18,25,-19.897959183673485,-20.0,20.0,True,False,undetermined,-1.4227246431763805,1.4849468653986029,46.73043495924083,0.25,True,True,no population gap,satterthwaite,-0.6190476190476191,0.5460394209985985,inf,0.031111111111111,0.5820685291161564,inf,0.0,8,0.00625,0.9875,not read,False
human_split_half | seed=035,bjw_score | political_identity,6.03125,bjw_score,political_identity,35,7,21,4,32,0.1342215642733778,-0.9511413413579712,1.4485641493730443,False,False,undetermined,1.9391809368695168,10.123319063130484,0.6784777721252614,0.25,False,True,reference too imprecise,satterthwaite,0.8095238095238102,2.107265849416135,inf,6.03125,1.638331299525243,inf,0.0,8,0.00625,0.9875,not read,False
human_split_half | seed=035,bjw_score | sex,-1.115151515151517,bjw_score,sex,35,29,13,33,10,0.0071358551493468,-20.0,20.0,True,False,undetermined,-4.572550360615158,2.342247330312124,3.100384834247281,0.25,True,True,no population gap,satterthwaite,-0.0079575596816958,1.7248078481067115,inf,-1.115151515151517,1.3842299961409288,inf,0.0,8,0.00625,0.9875,not read,False
human_split_half | seed=035,bjw_score | education,-1.7105263157894726,bjw_score,education,35,22,20,19,24,0.0876923076923069,-20.0,20.0,True,False,undetermined,-5.527203606721923,2.106150975142978,2.23128826239128,0.25,True,True,no population gap,satterthwaite,-0.1499999999999985,1.4791984874795745,inf,-1.7105263157894726,1.528073395012116,inf,0.0,8,0.00625,0.9875,not read,False
human_split_half | seed=035,bjw_score | age,-2.1608695652173893,bjw_score,age,35,16,26,23,20,-0.3671064850642315,-20.0,20.0,True,False,undetermined,-6.2157920576274215,1.894052927192643,1.876523487433216,0.25,True,True,no population gap,satterthwaite,0.79326923076923,1.5608905497339352,inf,-2.1608695652173893,1.62345902133481,inf,0.0,8,0.00625,0.9875,not read,False
human_split_half | seed=035,gut_diff | political_identity,0.90625,gut_diff,political_identity,35,7,21,4,32,0.7356321839080459,-20.0,20.0,True,False,undetermined,-2.058316569205045,3.870816569205045,3.271245869467636,0.25,True,True,no population gap,satterthwaite,0.6666666666666665,0.993552371454674,inf,0.90625,1.1869159891791203,inf,0.0,8,0.00625,0.9875,not read,False
human_split_half | seed=035,gut_diff | sex,0.103030303030303,gut_diff,sex,35,29,13,33,10,-5.998595724762053,-20.0,20.0,True,False,undetermined,-1.6534778091256892,1.859538415186296,17.048461088572868,0.25,True,True,no population gap,satterthwaite,-0.6180371352785146,0.7117341709766706,inf,0.103030303030303,0.7032486924386487,inf,0.0,8,0.00625,0.9875,not read,False
human_split_half | seed=035,gut_diff | education,-0.7828947368421053,gut_diff,education,35,22,20,19,24,-0.5631779984721159,-20.0,20.0,True,False,undetermined,-2.1170497428094306,0.5512602691252202,1.704130763924651,0.25,True,True,no population gap,satterthwaite,0.4409090909090908,0.5614338292690505,inf,-0.7828947368421053,0.5341522518249979,inf,0.0,8,0.00625,0.9875,not read,False
human_split_half | seed=035,gut_diff | age,-0.8804347826086957,gut_diff,age,35,16,26,23,20,-0.218423551756885,-20.0,20.0,True,False,undetermined,-2.282612105586848,0.5217425403694566,1.5925964656048148,0.25,True,True,no population gap,satterthwaite,0.1923076923076923,0.6227166302754132,inf,-0.8804347826086957,0.5613861741527434,inf,0.0,8,0.00625,0.9875,not read,False
human_split_half | seed=036,bjw_score | political_identity,4.648148148148149,bjw_score,political_identity,36,7,26,4,27,0.4125476117507994,-20.0,20.0,True,False,undetermined,-3.346883475591153,12.64317977188745,1.7200466441510849,0.25,True,True,no population gap,satterthwaite,1.91758241758242,1.6877158312360865,inf,4.648148148148149,3.200950508847401,inf,0.0,8,0.00625,0.9875,not read,False
human_split_half | seed=036,bjw_score | sex,-0.4150326797385588,bjw_score,sex,36,28,14,34,9,1.6349831271091204,-20.0,20.0,True,False,undetermined,-4.039447633594079,3.2093822741169613,8.732842329762187,0.25,True,True,no population gap,satterthwaite,-0.678571428571427,1.7045797794977475,inf,-0.4150326797385588,1.4510978113419724,inf,0.0,8,0.00625,0.9875,not read,False
human_split_half | seed=036,bjw_score | education,0.4120370370370381,bjw_score,education,36,25,17,16,27,-5.8190085922009125,-20.0,20.0,True,False,undetermined,-3.481316011939899,4.305390086013976,9.449036613247374,0.25,True,True,no population gap,satterthwaite,-2.39764705882353,1.7391185138455951,inf,0.4120370370370381,1.5587718735522134,inf,0.0,8,0.00625,0.9875,not read,False
human_split_half | seed=036,bjw_score | age,-1.3466666666666676,bjw_score,age,36,21,21,18,25,0.4596888260254604,-20.0,20.0,True,False,undetermined,-5.0182192641611945,2.32488593082786,2.726400443684053,0.25,True,True,no population gap,satterthwaite,-0.6190476190476204,1.61296399964124,inf,-1.3466666666666676,1.46997019002577,inf,0.0,8,0.00625,0.9875,not read,False
human_split_half | seed=036,gut_diff | political_identity,2.648148148148148,gut_diff,political_identity,36,7,26,4,27,-0.1701375547529394,-20.0,20.0,True,False,undetermined,-0.301028399214259,5.597324695510554,1.1136750598431469,0.25,True,True,no population gap,satterthwaite,-0.4505494505494506,0.7536155734025112,inf,2.648148148148148,1.180754325214954,inf,0.0,8,0.00625,0.9875,not read,False
human_split_half | seed=036,gut_diff | sex,-0.3627450980392156,gut_diff,sex,36,28,14,34,9,0.3938223938223937,-20.0,20.0,True,False,undetermined,-2.5117763981251966,1.7862862020467651,5.924356556993787,0.25,True,True,no population gap,satterthwaite,-0.1428571428571428,0.6882651182061695,inf,-0.3627450980392156,0.8604022044282932,inf,0.0,8,0.00625,0.9875,not read,False
human_split_half | seed=036,gut_diff | education,0.125,gut_diff,education,36,25,17,16,27,-4.724705882352942,-20.0,20.0,True,False,undetermined,-1.328115980573821,1.578115980573821,11.624927844590568,0.25,True,True,no population gap,satterthwaite,-0.5905882352941177,0.63903369665975,inf,0.125,0.5817803551421864,inf,0.0,8,0.00625,0.9875,not read,False
human_split_half | seed=036,gut_diff | age,-0.7488888888888889,gut_diff,age,36,21,21,18,25,-0.1907587961000423,-20.0,20.0,True,False,undetermined,-2.077046854906592,0.5792690771288138,1.773504702397526,0.25,True,True,no population gap,satterthwaite,0.1428571428571428,0.6133387243317904,inf,-0.7488888888888889,0.531751232169075,inf,0.0,8,0.00625,0.9875,not read,False
human_split_half | seed=037,bjw_score | political_identity,1.321428571428573,bjw_score,political_identity,37,6,25,5,28,3.243963963963962,-20.0,20.0,True,True,undetermined,-5.375234288769011,8.018091431626157,5.067744867176544,0.25,True,True,no population gap,satterthwaite,4.286666666666669,1.5606796172832045,inf,1.321428571428573,2.681125904027808,inf,0.0,8,0.00625,0.9875,not read,False
human_split_half | seed=037,bjw_score | sex,-0.3078703703703702,bjw_score,sex,37,35,7,27,16,7.517078410311493,-20.0,20.0,True,False,undetermined,-3.772438183362472,3.156697442621732,11.253333046711193,0.25,True,True,no population gap,satterthwaite,-2.314285714285713,2.0775773988927426,inf,-0.3078703703703702,1.3871002174656326,inf,0.0,8,0.00625,0.9875,not read,False
human_split_half | seed=037,bjw_score | education,-0.9891774891774894,bjw_score,education,37,20,22,21,22,0.6203501094091899,-20.0,20.0,True,False,undetermined,-4.439304197523911,2.460949219168932,3.4878742653305173,0.25,True,True,no population gap,satterthwaite,-0.6136363636363633,1.714322719690455,inf,-0.9891774891774894,1.3813184690699596,inf,0.0,8,0.00625,0.9875,not read,False
human_split_half | seed=037,bjw_score | age,-0.8022222222222197,bjw_score,age,37,21,21,18,25,1.6026909378710017,-20.0,20.0,True,False,undetermined,-4.385640457170691,2.781196012726252,4.466864835808358,0.25,True,True,no population gap,satterthwaite,-1.2857142857142885,1.6635118562218885,inf,-0.8022222222222197,1.4346840590990242,inf,0.0,8,0.00625,0.9875,not read,False
human_split_half | seed=037,gut_diff | political_identity,1.0357142857142856,gut_diff,political_identity,37,6,25,5,28,0.4505747126436783,-20.0,20.0,True,False,undetermined,-2.2030368701516023,4.2744654415801735,3.127070081525685,0.25,True,True,no population gap,satterthwaite,0.4666666666666668,0.8998812346605722,inf,1.0357142857142856,1.2966905758842144,inf,0.0,8,0.00625,0.9875,not read,False
human_split_half | seed=037,gut_diff | sex,-0.7731481481481481,gut_diff,sex,37,35,7,27,16,-0.9238665526090676,-20.0,20.0,True,False,undetermined,-2.380293047860054,0.8339967515637579,2.078702385256118,0.25,True,True,no population gap,satterthwaite,0.7142857142857142,0.7429493792259837,inf,-0.7731481481481481,0.6434485223609763,inf,0.0,8,0.00625,0.9875,not read,False
human_split_half | seed=037,gut_diff | education,-0.4588744588744587,gut_diff,education,37,20,22,21,22,-0.1089622641509435,-20.0,20.0,True,False,undetermined,-1.9523807025391824,1.0346317847902649,3.2547164366655776,0.25,True,True,no population gap,satterthwaite,0.05,0.54970279891978,inf,-0.4588744588744587,0.5979513022100401,inf,0.0,8,0.00625,0.9875,not read,False
human_split_half | seed=037,gut_diff | age,-0.0488888888888887,gut_diff,age,37,21,21,18,25,10.714285714285744,-20.0,20.0,True,False,undetermined,-1.6401300512971286,1.5423522735193511,32.548114685623176,0.25,True,True,no population gap,satterthwaite,-0.523809523809524,0.5579807708221932,inf,-0.0488888888888887,0.6370811834421921,inf,0.0,8,0.00625,0.9875,not read,False
human_split_half | seed=038,bjw_score | political_identity,2.764285714285716,bjw_score,political_identity,38,6,25,5,28,1.2565030146425484,-20.0,20.0,True,False,undetermined,-3.4585726103269625,8.987144038898395,2.2511632182061354,0.25,True,True,no population gap,satterthwaite,3.4733333333333327,1.8921620333289049,inf,2.764285714285716,2.4914299852810373,inf,0.0,8,0.00625,0.9875,not read,False
human_split_half | seed=038,bjw_score | sex,-2.09090909090909,bjw_score,sex,38,30,12,32,11,-0.3427536231884052,-20.0,20.0,True,False,undetermined,-5.33530355296812,1.15348537114994,1.551666916636928,0.25,True,True,no population gap,satterthwaite,0.716666666666665,1.8020434140176904,inf,-2.09090909090909,1.2989499720543165,inf,0.0,8,0.00625,0.9875,not read,False
human_split_half | seed=038,bjw_score | education,-1.093478260869567,bjw_score,education,38,21,21,20,23,0.4790305784341577,-20.0,20.0,True,False,undetermined,-4.970635084731383,2.783678562992248,3.545710017845789,0.25,True,True,no population gap,satterthwaite,-0.5238095238095255,1.5595514763785356,inf,-1.093478260869567,1.5522874320310915,inf,0.0,8,0.00625,0.9875,not read,False
human_split_half | seed=038,bjw_score | age,-2.37280701754386,bjw_score,age,38,20,22,19,24,-0.2317929759704254,-20.0,20.0,True,False,undetermined,-6.23115689027164,1.4855428551839212,1.6260698169721517,0.25,True,True,no population gap,satterthwaite,0.5500000000000007,1.541391276322128,inf,-2.37280701754386,1.544757740763379,inf,0.0,8,0.00625,0.9875,not read,False
human_split_half | seed=038,gut_diff | political_identity,-0.2714285714285713,gut_diff,political_identity,38,6,25,5,28,-5.84561403508772,-20.0,20.0,True,False,undetermined,-2.5397181202184136,1.9968609773612709,8.356856232383631,0.25,True,True,no population gap,satterthwaite,1.5866666666666664,0.996902353177445,inf,-0.2714285714285713,0.9081493266209548,inf,0.0,8,0.00625,0.9875,not read,False
human_split_half | seed=038,gut_diff | sex,-0.3096590909090908,gut_diff,sex,38,30,12,32,11,0.4844036697247712,-20.0,20.0,True,False,undetermined,-2.0043449933685658,1.385026811550384,5.472747134548031,0.25,True,True,no population gap,satterthwaite,-0.1500000000000001,0.7476776333812737,inf,-0.3096590909090908,0.6784970913319625,inf,0.0,8,0.00625,0.9875,not read,False
human_split_half | seed=038,gut_diff | education,-0.4869565217391304,gut_diff,education,38,21,21,20,23,-0.0977891156462581,-20.0,20.0,True,False,undetermined,-1.9020473063742864,0.9281342628960256,2.905990004161481,0.25,True,True,no population gap,satterthwaite,0.0476190476190474,0.5703180830667545,inf,-0.4869565217391304,0.5665563040042917,inf,0.0,8,0.00625,0.9875,not read,False
human_split_half | seed=038,gut_diff | age,-0.5043859649122806,gut_diff,age,38,20,22,19,24,0.2252964426877468,-20.0,20.0,True,False,undetermined,-1.891115298579098,0.8823433687545368,2.7493416354437774,0.25,True,True,no population gap,satterthwaite,-0.1136363636363635,0.5640248035177666,inf,-0.5043859649122806,0.5552013019003358,inf,0.0,8,0.00625,0.9875,not read,False
human_split_half | seed=039,bjw_score | political_identity,4.89855072463768,bjw_score,political_identity,39,5,30,6,23,0.2313609467455621,-1.6096133941211026,2.3083308844392225,False,False,undetermined,2.05167340689054,7.74542804238482,0.5811672630903927,0.25,False,True,reference too imprecise,satterthwaite,1.1333333333333329,3.109700933079277,inf,4.89855072463768,1.1397970424295567,inf,0.0,8,0.00625,0.9875,not read,False
human_split_half | seed=039,bjw_score | sex,-0.2419354838709679,bjw_score,sex,39,31,11,31,12,4.460606060606052,-20.0,20.0,True,False,undetermined,-4.607506124614579,4.123635156872643,18.04435864840691,0.25,True,True,no population gap,satterthwaite,-1.0791788856304976,1.5452822005112996,inf,-0.2419354838709679,1.747832431632317,inf,0.0,8,0.00625,0.9875,not read,False
human_split_half | seed=039,bjw_score | education,-0.294372294372291,bjw_score,education,39,19,23,22,21,4.586418091264013,-20.0,20.0,True,False,undetermined,-4.021883702522356,3.4331391137777736,12.662575518862862,0.25,True,True,no population gap,satterthwaite,-1.3501144164759715,1.645321043506399,inf,-0.294372294372291,1.492374276947763,inf,0.0,8,0.00625,0.9875,not read,False
human_split_half | seed=039,bjw_score | age,-0.1710526315789486,bjw_score,age,39,15,27,24,19,10.39316239316232,-20.0,20.0,True,False,undetermined,-3.956395727804708,3.6142904646468095,22.12969810101196,0.25,True,True,no population gap,satterthwaite,-1.7777777777777786,1.7159830627010124,inf,-0.1710526315789486,1.5155282030465342,inf,0.0,8,0.00625,0.9875,not read,False
human_split_half | seed=039,gut_diff | political_identity,0.4130434782608696,gut_diff,political_identity,39,5,30,6,23,2.743859649122807,-20.0,20.0,True,False,undetermined,-2.147956965711147,2.974043922232886,6.200316864353302,0.25,True,True,no population gap,satterthwaite,1.1333333333333335,1.0778397411750251,inf,0.4130434782608696,1.0253412444235692,inf,0.0,8,0.00625,0.9875,not read,False
human_split_half | seed=039,gut_diff | sex,-0.3844086021505377,gut_diff,sex,39,31,11,31,12,0.2364907819453271,-20.0,20.0,True,False,undetermined,-2.278349943303292,1.5095327390022162,4.926896356005764,0.25,True,True,no population gap,satterthwaite,-0.0909090909090908,0.6936314786484302,inf,-0.3844086021505377,0.7582724853381664,inf,0.0,8,0.00625,0.9875,not read,False
human_split_half | seed=039,gut_diff | education,-0.0995670995670996,gut_diff,education,39,19,23,22,21,3.332504228434981,-20.0,20.0,True,False,undetermined,-1.4012956242701975,1.2021614251359984,13.073882139409369,0.25,True,True,no population gap,satterthwaite,-0.3318077803203663,0.6303463318147845,inf,-0.0995670995670996,0.5211697438640959,inf,0.0,8,0.00625,0.9875,not read,False
human_split_half | seed=039,gut_diff | age,-0.787280701754386,gut_diff,age,39,15,27,24,19,-0.2164035902197462,-20.0,20.0,True,False,undetermined,-2.0266708717687467,0.4521094682599748,1.5742671797396894,0.25,True,True,no population gap,satterthwaite,0.1703703703703704,0.633065720297,inf,-0.787280701754386,0.4962114950975578,inf,0.0,8,0.00625,0.9875,not read,False
human_split_half | seed=040,bjw_score | political_identity,1.2672413793103452,bjw_score,political_identity,40,7,24,4,29,3.80466472303207,-20.0,20.0,True,True,undetermined,-6.423599130116323,8.958081888737013,6.068962578867302,0.25,True,True,no population gap,satterthwaite,4.821428571428573,1.852230239839767,inf,1.2672413793103452,3.0791622848640565,inf,0.0,8,0.00625,0.9875,not read,False
human_split_half | seed=040,bjw_score | sex,-0.1999999999999993,bjw_score,sex,40,29,13,33,10,6.352785145888622,-20.0,20.0,True,False,undetermined,-3.9097831791928535,3.509783179192855,18.54891589596434,0.25,True,True,no population gap,satterthwaite,-1.27055702917772,1.7068623163524508,inf,-0.1999999999999993,1.48527647093871,inf,0.0,8,0.00625,0.9875,not read,False
human_split_half | seed=040,bjw_score | education,-0.8347826086956509,bjw_score,education,40,21,21,20,23,0.8556547619047644,-20.0,20.0,True,False,undetermined,-4.577312891832386,2.907747674441084,4.48323940167422,0.25,True,True,no population gap,satterthwaite,-0.7142857142857153,1.5747919819116991,inf,-0.8347826086956509,1.498387345787685,inf,0.0,8,0.00625,0.9875,not read,False
human_split_half | seed=040,bjw_score | age,-1.2443438914027176,bjw_score,age,40,22,20,17,26,0.2483966942148751,-20.0,20.0,True,False,undetermined,-4.847292310654004,2.358604527848569,2.8954603660164824,0.25,True,True,no population gap,satterthwaite,-0.3090909090909086,1.5835282266972028,inf,-1.2443438914027176,1.4425033093939643,inf,0.0,8,0.00625,0.9875,not read,False
human_split_half | seed=040,gut_diff | political_identity,-0.0344827586206897,gut_diff,political_identity,40,7,24,4,29,-33.660714285714214,-20.0,20.0,True,False,undetermined,-2.658120135008267,2.589154617766887,76.08548391523958,0.25,True,True,no population gap,satterthwaite,1.1607142857142856,0.9767703671029848,inf,-0.0344827586206897,1.050419033996396,inf,0.0,8,0.00625,0.9875,not read,False
human_split_half | seed=040,gut_diff | sex,0.0303030303030302,gut_diff,sex,40,29,13,33,10,-15.23076923076924,-20.0,20.0,True,False,undetermined,-1.5921176446808238,1.6527237052868844,53.53988227446723,0.25,True,True,no population gap,satterthwaite,-0.4615384615384614,0.7501679002105148,inf,0.0303030303030302,0.6495644457157499,inf,0.0,8,0.00625,0.9875,not read,False
human_split_half | seed=040,gut_diff | education,-0.7913043478260869,gut_diff,education,40,21,21,20,23,-0.4814233385661957,-20.0,20.0,True,False,undetermined,-2.210926874842441,0.6283181791902669,1.79402846820748,0.25,True,True,no population gap,satterthwaite,0.3809523809523809,0.560797995578606,inf,-0.7913043478260869,0.568370666193678,inf,0.0,8,0.00625,0.9875,not read,False
human_split_half | seed=040,gut_diff | age,-0.9140271493212668,gut_diff,age,40,22,20,17,26,-0.2983798379837983,-20.0,20.0,True,False,undetermined,-2.230472036066706,0.4024177374241718,1.4402689107462474,0.25,True,True,no population gap,satterthwaite,0.2727272727272727,0.5576194104580867,inf,-0.9140271493212668,0.5270616963646891,inf,0.0,8,0.00625,0.9875,not read,False
human_split_half | seed=041,bjw_score | political_identity,2.5659340659340657,bjw_score,political_identity,41,4,27,7,26,1.6996193195336664,-20.0,20.0,True,True,undetermined,-3.0200414774322635,8.151909609300395,2.176975479427563,0.25,True,True,no population gap,satterthwaite,4.361111111111111,1.367185472241958,inf,2.5659340659340657,2.2364428434349146,inf,0.0,8,0.00625,0.9875,not read,False
human_split_half | seed=041,bjw_score | sex,-3.568181818181817,bjw_score,sex,41,30,12,32,11,-0.6118895966029727,-20.0,20.0,True,True,reversed or missing,-8.419099036837073,1.28273540047344,1.3594927236995629,0.25,True,True,no population gap,satterthwaite,2.1833333333333336,1.043160442030388,inf,-3.568181818181817,1.94214940855592,inf,0.0,8,0.00625,0.9875,not read,False
human_split_half | seed=041,bjw_score | education,-1.9714912280701744,bjw_score,education,41,17,25,24,19,-0.2542118693973692,-20.0,20.0,True,False,undetermined,-6.842609135310515,2.899626679170166,2.470778382315457,0.25,True,True,no population gap,satterthwaite,0.5011764705882342,1.0311683893335133,inf,-1.9714912280701744,1.9502371069476927,inf,0.0,8,0.00625,0.9875,not read,False
human_split_half | seed=041,bjw_score | age,-0.4264069264069263,bjw_score,age,41,17,25,22,21,3.228068080023885,-20.0,20.0,True,False,undetermined,-5.292525377809767,4.439711524995914,11.411912307350828,0.25,True,True,no population gap,satterthwaite,-1.3764705882352928,1.0713494620742257,inf,-0.4264069264069263,1.9482354875095047,inf,0.0,8,0.00625,0.9875,not read,False
human_split_half | seed=041,gut_diff | political_identity,0.2142857142857142,gut_diff,political_identity,41,4,27,7,26,6.222222222222226,-20.0,20.0,True,False,undetermined,-2.266194800584615,2.694766229156044,11.575575736061545,0.25,True,True,no population gap,satterthwaite,1.3333333333333337,1.161026291293633,inf,0.2142857142857142,0.993103684879076,inf,0.0,8,0.00625,0.9875,not read,False
human_split_half | seed=041,gut_diff | sex,-0.2954545454545454,gut_diff,sex,41,30,12,32,11,0.7897435897435897,-20.0,20.0,True,False,undetermined,-2.535172051750958,1.9442629608418671,7.580582329003243,0.25,True,True,no population gap,satterthwaite,-0.2333333333333332,0.5364759689092807,inf,-0.2954545454545454,0.8967100105228683,inf,0.0,8,0.00625,0.9875,not read,False
human_split_half | seed=041,gut_diff | education,0.1118421052631579,gut_diff,education,41,17,25,24,19,-6.332456747404842,-20.0,20.0,True,False,undetermined,-1.5596343914203874,1.783318601946703,14.944966323288162,0.25,True,True,no population gap,satterthwaite,-0.7082352941176472,0.4425429886770006,inf,0.1118421052631579,0.6692048004787386,inf,0.0,8,0.00625,0.9875,not read,False
human_split_half | seed=041,gut_diff | age,-0.3874458874458872,gut_diff,age,41,17,25,22,21,0.8077029247453174,-20.0,20.0,True,False,undetermined,-2.060726179874384,1.285834404982609,4.318745782692545,0.25,True,True,no population gap,satterthwaite,-0.3129411764705881,0.4713027554859743,inf,-0.3874458874458872,0.6699269816006386,inf,0.0,8,0.00625,0.9875,not read,False
human_split_half | seed=042,bjw_score | political_identity,2.4107142857142847,bjw_score,political_identity,42,3,25,8,28,1.6371358024691374,-20.0,20.0,True,True,undetermined,-3.0426366757709387,7.864065247199508,2.262130769208686,0.25,True,True,no population gap,satterthwaite,3.946666666666669,0.936673677313976,inf,2.4107142857142847,2.1833442763701547,inf,0.0,8,0.00625,0.9875,not read,False
human_split_half | seed=042,bjw_score | sex,-2.578787878787878,bjw_score,sex,42,29,13,33,10,-0.3425210471687241,-20.0,20.0,True,False,undetermined,-6.25838026817154,1.1008045105957835,1.4268689641558268,0.25,True,True,no population gap,satterthwaite,0.8832891246684369,1.5509937742669069,inf,-2.578787878787878,1.4731890610884109,inf,0.0,8,0.00625,0.9875,not read,False
human_split_half | seed=042,bjw_score | education,-0.2662337662337677,bjw_score,education,42,19,23,22,21,5.543896857732849,-20.0,20.0,True,False,undetermined,-4.549810044225633,4.017342511758097,16.089530410018135,0.25,True,True,no population gap,satterthwaite,-1.4759725400457668,1.405374209921057,inf,-0.2662337662337677,1.7150045568314831,inf,0.0,8,0.00625,0.9875,not read,False
human_split_half | seed=042,bjw_score | age,-1.2399999999999984,bjw_score,age,42,21,21,18,25,0.4224270353302601,-20.0,20.0,True,False,undetermined,-5.488297651996679,3.008297651996682,3.4260464935457144,0.25,True,True,no population gap,satterthwaite,-0.523809523809522,1.414601530478797,inf,-1.2399999999999984,1.7008801429273006,inf,0.0,8,0.00625,0.9875,not read,False
human_split_half | seed=042,gut_diff | political_identity,0.75,gut_diff,political_identity,42,3,25,8,28,1.12,-20.0,20.0,True,False,undetermined,-1.609603629216279,3.109603629216279,3.146138172288372,0.25,True,True,no population gap,satterthwaite,0.8400000000000001,1.1599095263646813,inf,0.75,0.9447085131209864,inf,0.0,8,0.00625,0.9875,not read,False
human_split_half | seed=042,gut_diff | sex,-1.0303030303030305,gut_diff,sex,42,29,13,33,10,-0.3655796536121079,-20.0,20.0,True,False,undetermined,-2.7567739938663727,0.6961679332603121,1.6756924058114795,0.25,True,True,no population gap,satterthwaite,0.3766578249336869,0.6847797020907539,inf,-1.0303030303030305,0.6912227955320648,inf,0.0,8,0.00625,0.9875,not read,False
human_split_half | seed=042,gut_diff | education,-0.9870129870129868,gut_diff,education,42,19,23,22,21,-0.5749729013609539,-20.0,20.0,True,False,undetermined,-2.4546566794113085,0.4806307053853347,1.4869547936140892,0.25,True,True,no population gap,satterthwaite,0.5675057208237986,0.5732060909520793,inf,-0.9870129870129868,0.5875967782341158,inf,0.0,8,0.00625,0.9875,not read,False
human_split_half | seed=042,gut_diff | age,-0.7422222222222222,gut_diff,age,42,21,21,18,25,-0.2566295979469633,-20.0,20.0,True,False,undetermined,-2.1300145799480035,0.6455701355035591,1.869780122684436,0.25,True,True,no population gap,satterthwaite,0.1904761904761905,0.5628200482665018,inf,-0.7422222222222222,0.555626902143411,inf,0.0,8,0.00625,0.9875,not read,False
human_split_half | seed=043,bjw_score | political_identity,0.37777777777778,bjw_score,political_identity,43,6,26,5,27,14.389140271493131,-20.0,20.0,True,True,undetermined,-7.086944210538402,7.842499766093962,19.759558204366247,0.25,True,True,no population gap,satterthwaite,5.435897435897438,1.2991348670891354,inf,0.37777777777778,2.9886317867658,inf,0.0,8,0.00625,0.9875,not read,False
human_split_half | seed=043,bjw_score | sex,0.163636363636364,bjw_score,sex,43,29,13,33,10,-10.293250810492182,-20.0,20.0,True,False,undetermined,-4.440956066297952,4.76822879357068,28.139175960709643,0.25,True,True,no population gap,satterthwaite,-1.6843501326259975,1.4100765842717198,inf,0.163636363636364,1.8435289784056696,inf,0.0,8,0.00625,0.9875,not read,False
human_split_half | seed=043,bjw_score | education,-3.179653679653679,bjw_score,education,43,19,23,22,21,-0.4354057072714045,-20.0,20.0,True,False,undetermined,-7.204734098301452,0.8454267389940933,1.2658864216577748,0.25,True,True,no population gap,satterthwaite,1.3844393592677342,1.3801128353875336,inf,-3.179653679653679,1.6115112260427018,inf,0.0,8,0.00625,0.9875,not read,False
human_split_half | seed=043,bjw_score | age,-1.712962962962962,bjw_score,age,43,23,19,16,27,-0.2578267054239593,-20.0,20.0,True,False,undetermined,-5.950960395070575,2.525034469144651,2.474074176581743,0.25,True,True,no population gap,satterthwaite,0.4416475972540041,1.3565141074933895,inf,-1.712962962962962,1.6967562700463914,inf,0.0,8,0.00625,0.9875,not read,False
human_split_half | seed=043,gut_diff | political_identity,1.362962962962963,gut_diff,political_identity,43,6,26,5,27,0.1599080267558527,-20.0,20.0,True,False,undetermined,-1.5772790482863652,4.303204974212291,2.1572427799927136,0.25,True,True,no population gap,satterthwaite,0.2179487179487178,0.9333085393179128,inf,1.362962962962963,1.17717722767946,inf,0.0,8,0.00625,0.9875,not read,False
human_split_half | seed=043,gut_diff | sex,0.903030303030303,gut_diff,sex,43,29,13,33,10,-1.365869723888701,-20.0,20.0,True,False,undetermined,-0.8448797866086427,2.6509403926692485,1.935605132821652,0.25,True,True,no population gap,satterthwaite,-1.23342175066313,0.68498825373868,inf,0.903030303030303,0.6998063239970653,inf,0.0,8,0.00625,0.9875,not read,False
human_split_half | seed=043,gut_diff | education,-0.6558441558441559,gut_diff,education,43,19,23,22,21,-0.3872941069850691,-20.0,20.0,True,False,undetermined,-2.180282075695992,0.8685937640076795,2.3243904916552736,0.25,True,True,no population gap,satterthwaite,0.2540045766590388,0.5724100084286743,inf,-0.6558441558441559,0.6103353388580817,inf,0.0,8,0.00625,0.9875,not read,False
human_split_half | seed=043,gut_diff | age,-0.7453703703703705,gut_diff,age,43,23,19,16,27,-0.1749932487172561,-20.0,20.0,True,False,undetermined,-2.136362827074464,0.6456220863337232,1.866176215205492,0.25,True,True,no population gap,satterthwaite,0.1304347826086955,0.5689668369508714,inf,-0.7453703703703705,0.5569081176451204,inf,0.0,8,0.00625,0.9875,not read,False
human_split_half | seed=044,bjw_score | political_identity,2.9909090909090885,bjw_score,political_identity,44,1,31,10,22,2.178644965192668,-20.0,20.0,True,True,kept or steepened,-1.632622641564775,7.614440823382952,1.5458616734715058,0.25,True,True,no population gap,satterthwaite,6.516129032258064,0.8991360003664243,inf,2.9909090909090885,1.8511116588695185,inf,0.0,8,0.00625,0.9875,not read,False
human_split_half | seed=044,bjw_score | sex,-0.7619047619047592,bjw_score,sex,44,26,16,36,7,1.3251201923076952,-20.0,20.0,True,False,undetermined,-4.626817514842621,3.1030079910331025,5.072697988230962,0.25,True,True,no population gap,satterthwaite,-1.0096153846153832,1.5788886914494822,inf,-0.7619047619047592,1.5473853044475034,inf,0.0,8,0.00625,0.9875,not read,False
human_split_half | seed=044,bjw_score | education,-0.149350649350648,bjw_score,education,44,20,22,21,22,10.226086956521833,-20.0,20.0,True,False,undetermined,-4.091751252536335,3.7930499538350393,26.39694316915658,0.25,True,True,no population gap,satterthwaite,-1.5272727272727271,1.49266230004192,inf,-0.149350649350648,1.5784089182808485,inf,0.0,8,0.00625,0.9875,not read,False
human_split_half | seed=044,bjw_score | age,-1.9824561403508767,bjw_score,age,44,20,22,19,24,-0.0962992759452939,-20.0,20.0,True,False,undetermined,-5.748892976012783,1.783980695311029,1.899884067546272,0.25,True,True,no population gap,satterthwaite,0.1909090909090913,1.5299860987495857,inf,-1.9824561403508767,1.5079587515145887,inf,0.0,8,0.00625,0.9875,not read,False
human_split_half | seed=044,gut_diff | political_identity,0.7272727272727273,gut_diff,political_identity,44,1,31,10,22,5.100806451612903,-20.0,20.0,True,True,steepened,-1.0540227197975,2.508568174342954,2.449281239721562,0.25,True,True,no population gap,satterthwaite,3.709677419354839,0.3896011328649355,inf,0.7272727272727273,0.7131727347740289,inf,0.0,8,0.00625,0.9875,not read,False
human_split_half | seed=044,gut_diff | sex,0.2023809523809523,gut_diff,sex,44,26,16,36,7,-1.7104072398190056,-20.0,20.0,True,False,undetermined,-1.70472651440447,2.1094884191663743,9.423354541763263,0.25,True,True,no population gap,satterthwaite,-0.3461538461538462,0.6882288247859839,inf,0.2023809523809523,0.763543773624044,inf,0.0,8,0.00625,0.9875,not read,False
human_split_half | seed=044,gut_diff | education,0.5064935064935064,gut_diff,education,44,20,22,21,22,-1.830769230769231,-20.0,20.0,True,False,undetermined,-0.7609788217979109,1.773965834784924,2.5024453661138244,0.25,True,True,no population gap,satterthwaite,-0.9272727272727272,0.6277170173142557,inf,0.5064935064935064,0.5074546774959329,inf,0.0,8,0.00625,0.9875,not read,False
human_split_half | seed=044,gut_diff | age,-0.3574561403508772,gut_diff,age,44,20,22,19,24,0.7248187395426663,-20.0,20.0,True,False,undetermined,-1.6264295100438688,0.9115172293421142,3.5500113900613743,0.25,True,True,no population gap,satterthwaite,-0.2590909090909092,0.6461947961638156,inf,-0.3574561403508772,0.5080556456301806,inf,0.0,8,0.00625,0.9875,not read,False
human_split_half | seed=045,bjw_score | political_identity,3.0476190476190474,bjw_score,political_identity,45,5,25,6,28,0.984375,-20.0,20.0,True,False,undetermined,-2.190712595548179,8.285950690786274,1.7188275704142464,0.25,True,True,no population gap,satterthwaite,3.0,2.4326679877920347,inf,3.0476190476190474,2.0972575379089364,inf,0.0,8,0.00625,0.9875,not read,False
human_split_half | seed=045,bjw_score | sex,0.1226851851851869,bjw_score,sex,45,35,7,27,16,-20.02803234501321,-20.0,20.0,True,False,undetermined,-3.5796924658217617,3.825062836192136,30.177870664810936,0.25,True,True,no population gap,satterthwaite,-2.457142857142859,2.177698644218869,inf,0.1226851851851869,1.4823115384243004,inf,0.0,8,0.00625,0.9875,not read,False
human_split_half | seed=045,bjw_score | education,-1.7688888888888885,bjw_score,education,45,23,19,18,25,0.0181111507192732,-20.0,20.0,True,False,undetermined,-5.503391473534547,1.9656136957567711,2.1112137727268183,0.25,True,True,no population gap,satterthwaite,-0.0320366132723144,1.62725804468857,inf,-1.7688888888888885,1.4951733165281156,inf,0.0,8,0.00625,0.9875,not read,False
human_split_half | seed=045,bjw_score | age,-1.5777777777777793,bjw_score,age,45,21,21,18,25,0.2414486921529186,-20.0,20.0,True,False,undetermined,-5.208423172033282,2.0528676164777235,2.30111327804926,0.25,True,True,no population gap,satterthwaite,-0.3809523809523831,1.5718177095994448,inf,-1.5777777777777793,1.4535922769435154,inf,0.0,8,0.00625,0.9875,not read,False
human_split_half | seed=045,gut_diff | political_identity,0.25,gut_diff,political_identity,45,5,25,6,28,5.280000000000001,-20.0,20.0,True,False,undetermined,-2.4203707699632293,2.9203707699632293,10.681483079852915,0.25,True,True,no population gap,satterthwaite,1.3200000000000005,1.065668640440564,inf,0.25,1.0691295641088692,inf,0.0,8,0.00625,0.9875,not read,False
human_split_half | seed=045,gut_diff | sex,0.1087962962962962,gut_diff,sex,45,35,7,27,16,-5.777507598784196,-20.0,20.0,True,False,undetermined,-1.580220961613304,1.7978135542058966,15.524584157807393,0.25,True,True,no population gap,satterthwaite,-0.6285714285714286,0.9217007501464076,inf,0.1087962962962962,0.6762275505083191,inf,0.0,8,0.00625,0.9875,not read,False
human_split_half | seed=045,gut_diff | education,-0.1533333333333333,gut_diff,education,45,23,19,18,25,1.1342155009451795,-20.0,20.0,True,False,undetermined,-1.756973137009079,1.4503064703424124,10.458520458754863,0.25,True,True,no population gap,satterthwaite,-0.1739130434782608,0.4945235843281841,inf,-0.1533333333333333,0.6420451959617169,inf,0.0,8,0.00625,0.9875,not read,False
human_split_half | seed=045,gut_diff | age,-0.0577777777777777,gut_diff,age,45,21,21,18,25,8.241758241758252,-20.0,20.0,True,False,undetermined,-1.6452196846082576,1.5296641290527022,27.47495607975834,0.25,True,True,no population gap,satterthwaite,-0.4761904761904761,0.4992710278253027,inf,-0.0577777777777777,0.6355600851342427,inf,0.0,8,0.00625,0.9875,not read,False
human_split_half | seed=046,bjw_score | political_identity,3.166666666666668,bjw_score,political_identity,46,5,29,6,24,0.8733212341197819,-20.0,20.0,True,False,undetermined,-2.445353495523002,8.778686828856337,1.772216893323053,0.25,True,True,no population gap,satterthwaite,2.7655172413793103,2.170212325433746,inf,3.166666666666668,2.246870261336273,inf,0.0,8,0.00625,0.9875,not read,False
human_split_half | seed=046,bjw_score | sex,-1.3892045454545467,bjw_score,sex,46,30,12,32,11,-0.0359918200409002,-20.0,20.0,True,False,undetermined,-4.938327131147531,2.159918040238438,2.554787628147095,0.25,True,True,no population gap,satterthwaite,0.0500000000000007,1.8103523658432104,inf,-1.3892045454545467,1.420953197095972,inf,0.0,8,0.00625,0.9875,not read,False
human_split_half | seed=046,bjw_score | education,-0.68888888888889,bjw_score,education,46,23,19,18,25,1.3353510002214504,-20.0,20.0,True,False,undetermined,-4.491741267459012,3.113963489681232,5.520269581795329,0.25,True,True,no population gap,satterthwaite,-0.9199084668192228,1.5671199326172538,inf,-0.68888888888889,1.522538349956188,inf,0.0,8,0.00625,0.9875,not read,False
human_split_half | seed=046,bjw_score | age,0.2380952380952408,bjw_score,age,46,24,18,15,28,-8.516666666666557,-20.0,20.0,True,False,undetermined,-3.639446851139834,4.115637327330315,16.28567677478713,0.25,True,True,no population gap,satterthwaite,-2.027777777777775,1.5502691626685643,inf,0.2380952380952408,1.552441679750252,inf,0.0,8,0.00625,0.9875,not read,False
human_split_half | seed=046,gut_diff | political_identity,1.0,gut_diff,political_identity,46,5,29,6,24,0.5241379310344828,-20.0,20.0,True,False,undetermined,-1.5215930187666542,3.521593018766654,2.521593018766654,0.25,True,True,no population gap,satterthwaite,0.5241379310344827,1.1508567146069255,inf,1.0,1.0095637936641595,inf,0.0,8,0.00625,0.9875,not read,False
human_split_half | seed=046,gut_diff | sex,-0.0284090909090908,gut_diff,sex,46,30,12,32,11,15.840000000000048,-20.0,20.0,True,False,undetermined,-1.8123174516355949,1.7554992698174132,62.79357429757312,0.25,True,True,no population gap,satterthwaite,-0.45,0.7686719178675949,inf,-0.0284090909090908,0.7142188603794359,inf,0.0,8,0.00625,0.9875,not read,False
human_split_half | seed=046,gut_diff | education,-0.8844444444444444,gut_diff,education,46,23,19,18,25,-0.522636063613261,-20.0,20.0,True,False,undetermined,-2.1362103478273755,0.3673214589384868,1.4153132073425103,0.25,True,True,no population gap,satterthwaite,0.4622425629290618,0.5904138212420532,inf,-0.8844444444444444,0.5011663360397576,inf,0.0,8,0.00625,0.9875,not read,False
human_split_half | seed=046,gut_diff | age,-0.7214285714285714,gut_diff,age,46,24,18,15,28,-0.0962596259625962,-20.0,20.0,True,False,undetermined,-1.8983404511893327,0.4554833083321902,1.6313630016485805,0.25,True,True,no population gap,satterthwaite,0.0694444444444444,0.6066230428923883,inf,-0.7214285714285714,0.4711972206842644,inf,0.0,8,0.00625,0.9875,not read,False
human_split_half | seed=047,bjw_score | political_identity,0.5666666666666664,bjw_score,political_identity,47,7,23,4,30,10.007307270734389,-20.0,20.0,True,True,undetermined,-6.324490048645294,7.457823381978627,12.160864791726992,0.25,True,True,no population gap,satterthwaite,5.670807453416151,1.876890551388436,inf,0.5666666666666664,2.7589949149079525,inf,0.0,8,0.00625,0.9875,not read,False
human_split_half | seed=047,bjw_score | sex,-1.3579545454545467,bjw_score,sex,47,30,12,32,11,0.0981868898186885,-20.0,20.0,True,False,undetermined,-5.495270718484518,2.7793616275754243,3.0467265541978,0.25,True,True,no population gap,satterthwaite,-0.1333333333333328,1.5220540112574206,inf,-1.3579545454545467,1.656446770016516,inf,0.0,8,0.00625,0.9875,not read,False
human_split_half | seed=047,bjw_score | education,-0.0714285714285729,bjw_score,education,47,19,23,22,21,26.27002288329463,-20.0,20.0,True,False,undetermined,-4.062971583580875,3.920114440723729,55.88160217013103,0.25,True,True,no population gap,satterthwaite,-1.8764302059496565,1.4277497265701342,inf,-0.0714285714285729,1.598083939768018,inf,0.0,8,0.00625,0.9875,not read,False
human_split_half | seed=047,bjw_score | age,-1.0021645021645007,bjw_score,age,47,17,25,22,21,1.3852369457502265,-20.0,20.0,True,False,undetermined,-4.950484995623716,2.946155991294715,3.9397928034085536,0.25,True,True,no population gap,satterthwaite,-1.3882352941176492,1.431443990943594,inf,-1.0021645021645007,1.5807790497168648,inf,0.0,8,0.00625,0.9875,not read,False
human_split_half | seed=047,gut_diff | political_identity,-0.7,gut_diff,political_identity,47,7,23,4,30,-2.369121561668146,-20.0,20.0,True,False,undetermined,-2.270981687564829,0.8709816875648291,2.2442595536640417,0.25,True,True,no population gap,satterthwaite,1.658385093167702,0.9568356042039092,inf,-0.7,0.6289699489454527,inf,0.0,8,0.00625,0.9875,not read,False
human_split_half | seed=047,gut_diff | sex,-0.2130681818181818,gut_diff,sex,47,30,12,32,11,1.2515555555555549,-20.0,20.0,True,False,undetermined,-1.7110943324935624,1.2849579688571986,7.030736067169784,0.25,True,True,no population gap,satterthwaite,-0.2666666666666666,0.8235328242188245,inf,-0.2130681818181818,0.5997609259021773,inf,0.0,8,0.00625,0.9875,not read,False
human_split_half | seed=047,gut_diff | education,-0.606060606060606,gut_diff,education,47,19,23,22,21,-0.3624713958810068,-20.0,20.0,True,False,undetermined,-2.022177107057185,0.8100558949359726,2.336592226644355,0.25,True,True,no population gap,satterthwaite,0.2196796338672768,0.6038449078219212,inf,-0.606060606060606,0.5669669674592405,inf,0.0,8,0.00625,0.9875,not read,False
human_split_half | seed=047,gut_diff | age,-0.7922077922077922,gut_diff,age,47,17,25,22,21,-0.320771456123433,-20.0,20.0,True,False,undetermined,-2.2129932815484548,0.6285776971328704,1.7934505357250987,0.25,True,True,no population gap,satterthwaite,0.2541176470588235,0.6210898811547323,inf,-0.7922077922077922,0.5688362784662692,inf,0.0,8,0.00625,0.9875,not read,False
human_split_half | seed=048,bjw_score | political_identity,3.05925925925926,bjw_score,political_identity,48,6,26,5,27,0.947103743713913,-20.0,20.0,True,False,undetermined,-2.350259083864392,8.468777602382913,1.7682444947256486,0.25,True,True,no population gap,satterthwaite,2.897435897435898,2.2437823434967124,inf,3.05925925925926,2.1657951222639995,inf,0.0,8,0.00625,0.9875,not read,False
human_split_half | seed=048,bjw_score | sex,-0.8011363636363633,bjw_score,sex,48,30,12,32,11,0.4992907801418424,-20.0,20.0,True,False,undetermined,-4.885885640216171,3.283612912943444,5.098694132468414,0.25,True,True,no population gap,satterthwaite,-0.3999999999999986,1.611610825352754,inf,-0.8011363636363633,1.635400695171601,inf,0.0,8,0.00625,0.9875,not read,False
human_split_half | seed=048,bjw_score | education,-0.5,bjw_score,education,48,21,21,20,23,2.4761904761904816,-20.0,20.0,True,False,undetermined,-4.299643436391575,3.299643436391575,7.59928687278315,0.25,True,True,no population gap,satterthwaite,-1.2380952380952408,1.597389553511683,inf,-0.5,1.521253593924857,inf,0.0,8,0.00625,0.9875,not read,False
human_split_half | seed=048,bjw_score | age,0.0108225108225106,bjw_score,age,48,17,25,22,21,-153.4927058823557,-20.0,20.0,True,False,undetermined,-3.739200029153234,3.760845050798255,346.5020826937652,0.25,True,True,no population gap,satterthwaite,-1.6611764705882344,1.6399469351068705,inf,0.0108225108225106,1.5013870016327018,inf,0.0,8,0.00625,0.9875,not read,False
human_split_half | seed=048,gut_diff | political_identity,2.1333333333333333,gut_diff,political_identity,48,6,26,5,27,-0.234375,-20.0,20.0,True,False,undetermined,-0.8154948501112984,5.0821615167779655,1.382263210989671,0.25,True,True,no population gap,satterthwaite,-0.5,0.793743927163261,inf,2.1333333333333333,1.1806148516378194,inf,0.0,8,0.00625,0.9875,not read,False
human_split_half | seed=048,gut_diff | sex,-0.3352272727272727,gut_diff,sex,48,30,12,32,11,0.4474576271186438,-20.0,20.0,True,False,undetermined,-1.9941672302164373,1.323712684761892,4.948702246069373,0.25,True,True,no population gap,satterthwaite,-0.1499999999999999,0.785465051698412,inf,-0.3352272727272727,0.6641855781164048,inf,0.0,8,0.00625,0.9875,not read,False
human_split_half | seed=048,gut_diff | education,-0.0434782608695651,gut_diff,education,48,21,21,20,23,8.761904761904768,-20.0,20.0,True,False,undetermined,-1.2825445286416983,1.1955880069025682,28.49852415875909,0.25,True,True,no population gap,satterthwaite,-0.3809523809523809,0.6567797486440113,inf,-0.0434782608695651,0.4960818151793451,inf,0.0,8,0.00625,0.9875,not read,False
human_split_half | seed=048,gut_diff | age,-0.3268398268398268,gut_diff,age,48,17,25,22,21,0.7343046357615894,-20.0,20.0,True,False,undetermined,-1.5596001005873976,0.905920446907744,3.771756599148197,0.25,True,True,no population gap,satterthwaite,-0.24,0.6561563908473933,inf,-0.3268398268398268,0.4935571003649875,inf,0.0,8,0.00625,0.9875,not read,False
human_split_half | seed=049,bjw_score | political_identity,3.064102564102562,bjw_score,political_identity,49,5,27,6,26,1.0105067410506754,-20.0,20.0,True,False,undetermined,-1.58382751769346,7.712032645898584,1.5168976835987027,0.25,True,True,no population gap,satterthwaite,3.0962962962962983,2.6381389514457427,inf,3.064102564102562,1.8608799640311773,inf,0.0,8,0.00625,0.9875,not read,False
human_split_half | seed=049,bjw_score | sex,0.610714285714284,bjw_score,sex,49,27,15,35,8,-2.474333983105917,-20.0,20.0,True,False,undetermined,-2.8845280160860405,4.1059565875146085,5.723203769029787,0.25,True,True,no population gap,satterthwaite,-1.5111111111111093,1.7349112698264073,inf,0.610714285714284,1.3993812846558824,inf,0.0,8,0.00625,0.9875,not read,False
human_split_half | seed=049,bjw_score | education,0.7272727272727266,bjw_score,education,49,19,23,22,21,-3.322654462242565,-20.0,20.0,True,False,undetermined,-2.752890205839588,4.207435660385041,4.785224033029436,0.25,True,True,no population gap,satterthwaite,-2.416475972540045,1.6571273585053143,inf,0.7272727272727266,1.393343996106371,inf,0.0,8,0.00625,0.9875,not read,False
human_split_half | seed=049,bjw_score | age,0.0877192982456165,bjw_score,age,49,20,22,19,24,-22.38545454545392,-20.0,20.0,True,False,undetermined,-3.287256751354866,3.462695347846099,38.47472696544441,0.25,True,True,no population gap,satterthwaite,-1.9636363636363647,1.7240101872828308,inf,0.0877192982456165,1.3512305906632294,inf,0.0,8,0.00625,0.9875,not read,False
human_split_half | seed=049,gut_diff | political_identity,0.3846153846153846,gut_diff,political_identity,49,5,27,6,26,3.331851851851852,-20.0,20.0,True,False,undetermined,-1.4904986270596314,2.2597293962904006,4.875296430355042,0.25,True,True,no population gap,satterthwaite,1.2814814814814812,1.2766591607529525,inf,0.3846153846153846,0.7507346352447334,inf,0.0,8,0.00625,0.9875,not read,False
human_split_half | seed=049,gut_diff | sex,0.5214285714285715,gut_diff,sex,49,27,15,35,8,-0.8949771689497719,-20.0,20.0,True,False,undetermined,-0.8172732274176197,1.8601303702747627,2.567373312855709,0.25,True,True,no population gap,satterthwaite,-0.4666666666666668,0.7516955572736843,inf,0.5214285714285715,0.5359726397439167,inf,0.0,8,0.00625,0.9875,not read,False
human_split_half | seed=049,gut_diff | education,0.2012987012987013,gut_diff,education,49,19,23,22,21,-2.6259688491917026,-20.0,20.0,True,False,undetermined,-0.7228687133337259,1.1254661159311286,4.591025221077219,0.25,True,True,no population gap,satterthwaite,-0.528604118993135,0.6920661190356043,inf,0.2012987012987013,0.3700065609927242,inf,0.0,8,0.00625,0.9875,not read,False
human_split_half | seed=049,gut_diff | age,0.0175438596491228,gut_diff,age,49,20,22,19,24,-38.08636363636352,-20.0,20.0,True,False,undetermined,-0.9439672813037522,0.979055000601998,54.806135034313705,0.25,True,True,no population gap,satterthwaite,-0.6681818181818182,0.6835303046302458,inf,0.0175438596491228,0.3849577738700772,inf,0.0,8,0.00625,0.9875,not read,False
human_split_half | seed=050,bjw_score | political_identity,3.2838709677419367,bjw_score,political_identity,50,6,22,5,31,0.9043281538369942,-20.0,20.0,True,False,undetermined,-3.0988360735759883,9.666578009059862,1.9436534212264795,0.25,True,True,no population gap,satterthwaite,2.969696969696969,1.9853475800828104,inf,3.2838709677419367,2.555428210073168,inf,0.0,8,0.00625,0.9875,not read,False
human_split_half | seed=050,bjw_score | sex,0.7017045454545467,bjw_score,sex,50,30,12,32,11,-2.6601889338731404,-20.0,20.0,True,False,undetermined,-3.5225531050515766,4.92596219596067,6.019994708413574,0.25,True,True,no population gap,satterthwaite,-1.8666666666666671,1.5373240646651176,inf,0.7017045454545467,1.691255308577002,inf,0.0,8,0.00625,0.9875,not read,False
human_split_half | seed=050,bjw_score | education,1.0692640692640722,bjw_score,education,50,20,22,21,22,-2.559109311740885,-20.0,20.0,True,False,undetermined,-2.623396693138244,4.761924831666388,3.4534600652426417,0.25,True,True,no population gap,satterthwaite,-2.736363636363638,1.5601167541600234,inf,1.0692640692640722,1.4784212124084457,inf,0.0,8,0.00625,0.9875,not read,False
human_split_half | seed=050,bjw_score | age,-0.6809523809523803,bjw_score,age,50,24,18,15,28,2.4271561771561805,-20.0,20.0,True,False,undetermined,-4.700590761246755,3.338685999341994,5.9029654535791565,0.25,True,True,no population gap,satterthwaite,-1.6527777777777786,1.7255653581047747,inf,-0.6809523809523803,1.6093324109665048,inf,0.0,8,0.00625,0.9875,not read,False
human_split_half | seed=050,gut_diff | political_identity,0.5032258064516131,gut_diff,political_identity,50,6,22,5,31,1.8968531468531464,-20.0,20.0,True,False,undetermined,-1.993507374342797,2.999958987246023,4.961456961835044,0.25,True,True,no population gap,satterthwaite,0.9545454545454546,1.1532752179095562,inf,0.5032258064516131,0.9996107234635564,inf,0.0,8,0.00625,0.9875,not read,False
human_split_half | seed=050,gut_diff | sex,-0.4261363636363635,gut_diff,sex,50,30,12,32,11,0.1564444444444444,-20.0,20.0,True,False,undetermined,-2.347476613215872,1.4952038859431442,4.508745119013246,0.25,True,True,no population gap,satterthwaite,-0.0666666666666666,0.7175281515386666,inf,-0.4261363636363635,0.7692421167290003,inf,0.0,8,0.00625,0.9875,not read,False
human_split_half | seed=050,gut_diff | education,0.6536796536796536,gut_diff,education,50,20,22,21,22,-1.6619205298013249,-20.0,20.0,True,False,undetermined,-0.7204475601537546,2.027806867513062,2.1021416317583927,0.25,True,True,no population gap,satterthwaite,-1.0863636363636364,0.5873629286847247,inf,0.6536796536796536,0.5501558231840877,inf,0.0,8,0.00625,0.9875,not read,False
human_split_half | seed=050,gut_diff | age,0.4404761904761903,gut_diff,age,50,24,18,15,28,-2.3963963963963977,-20.0,20.0,True,False,undetermined,-1.105819087496407,1.986771468448788,3.510508198640492,0.25,True,True,no population gap,satterthwaite,-1.0555555555555558,0.6653539091520153,inf,0.4404761904761903,0.6190863138249562,inf,0.0,8,0.00625,0.9875,not read,False
human_split_half | seed=051,bjw_score | political_identity,2.866666666666667,bjw_score,political_identity,51,7,23,4,30,1.0595117723530258,-20.0,20.0,True,False,undetermined,-4.774281543766623,10.507614877099956,2.665447050151147,0.25,True,True,no population gap,satterthwaite,3.037267080745341,1.945837520748228,inf,2.866666666666667,3.0591870318111205,inf,0.0,8,0.00625,0.9875,not read,False
human_split_half | seed=051,bjw_score | sex,0.258064516129032,bjw_score,sex,51,31,11,31,12,-6.295454545454539,-20.0,20.0,True,False,undetermined,-3.1856957101541377,3.7018247424122017,13.344570876847294,0.25,True,True,no population gap,satterthwaite,-1.6246334310850408,1.8266733601415728,inf,0.258064516129032,1.3787695368131536,inf,0.0,8,0.00625,0.9875,not read,False
human_split_half | seed=051,bjw_score | education,0.5670995670995644,bjw_score,education,51,20,22,21,22,-3.9354961832061295,-20.0,20.0,True,False,undetermined,-3.0792554545478508,4.21345458874698,6.429832137408831,0.25,True,True,no population gap,satterthwaite,-2.231818181818184,1.6331825650268832,inf,0.5670995670995644,1.4598819005698478,inf,0.0,8,0.00625,0.9875,not read,False
human_split_half | seed=051,bjw_score | age,-1.8642533936651589,bjw_score,age,51,22,20,17,26,0.0828993821712257,-20.0,20.0,True,False,undetermined,-5.558980656027438,1.83047386869712,1.9818804004419013,0.25,True,True,no population gap,satterthwaite,-0.1545454545454525,1.6585747745400237,inf,-1.8642533936651589,1.4792485717498067,inf,0.0,8,0.00625,0.9875,not read,False
human_split_half | seed=051,gut_diff | political_identity,1.8833333333333333,gut_diff,political_identity,51,7,23,4,30,-0.0329797174737535,-20.0,20.0,True,False,undetermined,-0.9061043367137196,4.672771003380387,1.4811173469276386,0.25,True,True,no population gap,satterthwaite,-0.0621118012422359,0.972036103284091,inf,1.8833333333333333,1.1168000765404311,inf,0.0,8,0.00625,0.9875,not read,False
human_split_half | seed=051,gut_diff | sex,-0.3333333333333332,gut_diff,sex,51,31,11,31,12,0.4486803519061587,-20.0,20.0,True,False,undetermined,-1.580059152547774,0.9133924858811076,3.7401774576433233,0.25,True,True,no population gap,satterthwaite,-0.1495601173020528,0.9080481653010852,inf,-0.3333333333333332,0.4991484503398612,inf,0.0,8,0.00625,0.9875,not read,False
human_split_half | seed=051,gut_diff | education,-0.2748917748917749,gut_diff,education,51,20,22,21,22,0.4960629921259845,-20.0,20.0,True,False,undetermined,-1.3215598947039144,0.7717763449203645,3.807564341363845,0.25,True,True,no population gap,satterthwaite,-0.1363636363636364,0.7120217229022369,inf,-0.2748917748917749,0.4190518572508233,inf,0.0,8,0.00625,0.9875,not read,False
human_split_half | seed=051,gut_diff | age,-0.1538461538461537,gut_diff,age,51,22,20,17,26,2.836363636363638,-20.0,20.0,True,False,undetermined,-1.3050954373489512,0.9974031296566436,7.4831203427681885,0.25,True,True,no population gap,satterthwaite,-0.4363636363636364,0.7258533084718767,inf,-0.1538461538461537,0.4609227521873085,inf,0.0,8,0.00625,0.9875,not read,False
human_split_half | seed=052,bjw_score | political_identity,3.52,bjw_score,political_identity,52,6,28,5,25,0.7271374458874462,-20.0,20.0,True,False,undetermined,-1.8894005517061088,8.92940055170611,1.5367615203710538,0.25,True,True,no population gap,satterthwaite,2.55952380952381,2.296671760799213,inf,3.52,2.1657479624132736,inf,0.0,8,0.00625,0.9875,not read,False
human_split_half | seed=052,bjw_score | sex,-0.4119318181818165,bjw_score,sex,52,30,12,32,11,1.7802298850574718,-20.0,20.0,True,False,undetermined,-3.473272130432601,2.649408494068968,7.431667516636415,0.25,True,True,no population gap,satterthwaite,-0.7333333333333307,1.8813561600126711,inf,-0.4119318181818165,1.2256610469379348,inf,0.0,8,0.00625,0.9875,not read,False
human_split_half | seed=052,bjw_score | education,-0.8630434782608702,bjw_score,education,52,21,21,20,23,1.0483387309583778,-20.0,20.0,True,False,undetermined,-3.905358675008533,2.1792717184867927,3.525100731747919,0.25,True,True,no population gap,satterthwaite,-0.9047619047619052,1.8383326108316704,inf,-0.8630434782608702,1.218044009755771,inf,0.0,8,0.00625,0.9875,not read,False
human_split_half | seed=052,bjw_score | age,-0.8614718614718626,bjw_score,age,52,17,25,22,21,0.7183328406739553,-20.0,20.0,True,False,undetermined,-3.7846952628337895,2.0617515398900643,3.393289475952785,0.25,True,True,no population gap,satterthwaite,-0.6188235294117632,1.7656417092818195,inf,-0.8614718614718626,1.1703635300554005,inf,0.0,8,0.00625,0.9875,not read,False
human_split_half | seed=052,gut_diff | political_identity,1.8000000000000005,gut_diff,political_identity,52,6,28,5,25,-0.0992063492063492,-20.0,20.0,True,False,undetermined,-0.8347272311956746,4.434727231195675,1.4637373506642637,0.25,True,True,no population gap,satterthwaite,-0.1785714285714286,1.0516802326665873,inf,1.8000000000000005,1.0548590510046616,inf,0.0,8,0.00625,0.9875,not read,False
human_split_half | seed=052,gut_diff | sex,-0.0681818181818182,gut_diff,sex,52,30,12,32,11,5.377777777777775,-20.0,20.0,True,False,undetermined,-1.5113267238485588,1.3749630874849226,21.16612528311218,0.25,True,True,no population gap,satterthwaite,-0.3666666666666667,0.8502184771365141,inf,-0.0681818181818182,0.5777882612018942,inf,0.0,8,0.00625,0.9875,not read,False
human_split_half | seed=052,gut_diff | education,0.3413043478260869,gut_diff,education,52,21,21,20,23,-2.3718531998786783,-20.0,20.0,True,False,undetermined,-0.8813847975775395,1.5639934932297133,3.58240131774311,0.25,True,True,no population gap,satterthwaite,-0.8095238095238095,0.657095825041312,inf,0.3413043478260869,0.4895249482842508,inf,0.0,8,0.00625,0.9875,not read,False
human_split_half | seed=052,gut_diff | age,0.1038961038961039,gut_diff,age,52,17,25,22,21,-5.593823529411762,-20.0,20.0,True,False,undetermined,-1.125211834301965,1.333004042094173,11.83016390515641,0.25,True,True,no population gap,satterthwaite,-0.5811764705882352,0.6602174643636006,inf,0.1038961038961039,0.4920948240556674,inf,0.0,8,0.00625,0.9875,not read,False
human_split_half | seed=053,bjw_score | political_identity,2.6499999999999986,bjw_score,political_identity,53,7,23,4,30,1.045353334114615,-20.0,20.0,True,False,undetermined,-3.9538856641891664,9.253885664189164,2.49203232610912,0.25,True,True,no population gap,satterthwaite,2.7701863354037286,2.0848946814691662,inf,2.6499999999999986,2.6439809336576108,inf,0.0,8,0.00625,0.9875,not read,False
human_split_half | seed=053,bjw_score | sex,-2.088709677419356,bjw_score,sex,53,31,11,31,12,-0.4001404001404,-20.0,20.0,True,False,undetermined,-5.31920826526639,1.1417889104276775,1.5466479725599689,0.25,True,True,no population gap,satterthwaite,0.8357771260997069,1.9675692297385807,inf,-2.088709677419356,1.2933865161828353,inf,0.0,8,0.00625,0.9875,not read,False
human_split_half | seed=053,bjw_score | education,0.5,bjw_score,education,53,20,22,21,22,-4.281818181818181,-20.0,20.0,True,False,undetermined,-2.960009358435882,3.960009358435882,6.920018716871765,0.25,True,True,no population gap,satterthwaite,-2.1409090909090907,1.668557637856385,inf,0.5,1.385275160590565,inf,0.0,8,0.00625,0.9875,not read,False
human_split_half | seed=053,bjw_score | age,1.058441558441558,bjw_score,age,53,18,24,21,22,-2.6900136332651705,-20.0,20.0,True,False,undetermined,-2.3201577686287607,4.437040885511877,3.1920508979682776,0.25,True,True,no population gap,satterthwaite,-2.847222222222225,1.7031825672109362,inf,1.058441558441558,1.3526812330629832,inf,0.0,8,0.00625,0.9875,not read,False
human_split_half | seed=053,gut_diff | political_identity,1.6333333333333333,gut_diff,political_identity,53,7,23,4,30,0.049435923437698,-20.0,20.0,True,False,undetermined,-1.9504688890420263,5.217135555708693,2.194164625944098,0.25,True,True,no population gap,satterthwaite,0.0807453416149068,0.8920216964447136,inf,1.6333333333333333,1.434837795170041,inf,0.0,8,0.00625,0.9875,not read,False
human_split_half | seed=053,gut_diff | sex,-0.4946236559139784,gut_diff,sex,53,31,11,31,12,-0.0237154150197628,-20.0,20.0,True,False,undetermined,-2.143056330168318,1.1538090183403615,3.3327008414272528,0.25,True,True,no population gap,satterthwaite,0.0117302052785923,0.8085713274199352,inf,-0.4946236559139784,0.6599788038095653,inf,0.0,8,0.00625,0.9875,not read,False
human_split_half | seed=053,gut_diff | education,-0.0476190476190476,gut_diff,education,53,20,22,21,22,7.636363636363626,-20.0,20.0,True,False,undetermined,-1.2431740910711735,1.147935995833078,25.106655912494613,0.25,True,True,no population gap,satterthwaite,-0.3636363636363635,0.6966632968150984,inf,-0.0476190476190476,0.4786613367894722,inf,0.0,8,0.00625,0.9875,not read,False
human_split_half | seed=053,gut_diff | age,0.1385281385281386,gut_diff,age,53,18,24,21,22,-5.213541666666663,-20.0,20.0,True,False,undetermined,-1.085701680613914,1.362757957670191,8.837409006931686,0.25,True,True,no population gap,satterthwaite,-0.7222222222222222,0.6810910395244045,inf,0.1385281385281386,0.4901417839165626,inf,0.0,8,0.00625,0.9875,not read,False
human_split_half | seed=054,bjw_score | political_identity,1.3055555555555571,bjw_score,political_identity,54,7,26,4,27,3.143792377834925,-20.0,20.0,True,False,undetermined,-4.849928624542461,7.461039735653575,4.714838946458051,0.25,True,True,no population gap,satterthwaite,4.104395604395602,1.8946159386269013,inf,1.3055555555555571,2.464455570129632,inf,0.0,8,0.00625,0.9875,not read,False
human_split_half | seed=054,bjw_score | sex,0.0681818181818165,bjw_score,sex,54,30,12,32,11,-19.06666666666713,-20.0,20.0,True,False,undetermined,-4.694827462901146,4.831191099264779,69.85746945588511,0.25,True,True,no population gap,satterthwaite,-1.3000000000000007,1.4390681666801608,inf,0.0681818181818165,1.906953930820942,inf,0.0,8,0.00625,0.9875,not read,False
human_split_half | seed=054,bjw_score | education,-1.5,bjw_score,education,54,19,23,22,21,0.0549199084668193,-20.0,20.0,True,False,undetermined,-5.55059120657255,2.55059120657255,2.7003941377150333,0.25,True,True,no population gap,satterthwaite,-0.082379862700229,1.5714065318064523,inf,-1.5,1.6217249154227975,inf,0.0,8,0.00625,0.9875,not read,False
human_split_half | seed=054,bjw_score | age,-0.0108225108225106,bjw_score,age,54,17,25,22,21,170.88564705882686,-20.0,20.0,True,False,undetermined,-3.7618099500230313,3.74016492837801,346.5912393821345,0.25,True,True,no population gap,satterthwaite,-1.8494117647058843,1.53565914488245,inf,-0.0108225108225106,1.5017733158850886,inf,0.0,8,0.00625,0.9875,not read,False
human_split_half | seed=054,gut_diff | political_identity,-0.2592592592592593,gut_diff,political_identity,54,7,26,4,27,-5.404238618524332,-20.0,20.0,True,False,undetermined,-3.011195217267144,2.492676698748625,10.614610123744695,0.25,True,True,no population gap,satterthwaite,1.401098901098901,0.9237470550623657,inf,-0.2592592592592593,1.1017856113220583,inf,0.0,8,0.00625,0.9875,not read,False
human_split_half | seed=054,gut_diff | sex,-0.6960227272727273,gut_diff,sex,54,30,12,32,11,-0.2394557823129251,-20.0,20.0,True,False,undetermined,-2.799816128453007,1.4077706739075528,3.0225929682263617,0.25,True,True,no population gap,satterthwaite,0.1666666666666666,0.5896779981130884,inf,-0.6960227272727273,0.8422904217192131,inf,0.0,8,0.00625,0.9875,not read,False
human_split_half | seed=054,gut_diff | education,-0.8008658008658008,gut_diff,education,54,19,23,22,21,-0.4686004081885089,-20.0,20.0,True,False,undetermined,-2.4052004647242606,0.8034688629926588,2.00325031000705,0.25,True,True,no population gap,satterthwaite,0.3752860411899313,0.4898523083689335,inf,-0.8008658008658008,0.6423233953685625,inf,0.0,8,0.00625,0.9875,not read,False
human_split_half | seed=054,gut_diff | age,-0.3354978354978355,gut_diff,age,54,17,25,22,21,0.939779886148008,-20.0,20.0,True,False,undetermined,-1.9784318655874544,1.3074361945917832,4.897003367105831,0.25,True,True,no population gap,satterthwaite,-0.3152941176470589,0.489058878827699,inf,-0.3354978354978355,0.6577773256084318,inf,0.0,8,0.00625,0.9875,not read,False
human_split_half | seed=055,bjw_score | political_identity,3.9200000000000017,bjw_score,political_identity,55,6,28,5,25,0.577016520894071,-20.0,20.0,True,False,undetermined,-2.487477541830578,10.327477541830582,1.634560597405759,0.25,True,True,no population gap,satterthwaite,2.261904761904759,1.947650940120321,inf,3.9200000000000017,2.565345512461936,inf,0.0,8,0.00625,0.9875,not read,False
human_split_half | seed=055,bjw_score | sex,-2.608108108108109,bjw_score,sex,55,25,17,37,6,-0.1632916793660468,-20.0,20.0,True,False,undetermined,-7.066306526354963,1.8500903101387456,1.7093610515557882,0.25,True,True,no population gap,satterthwaite,0.4258823529411764,1.5493979379936955,inf,-2.608108108108109,1.7849175796950258,inf,0.0,8,0.00625,0.9875,not read,False
human_split_half | seed=055,bjw_score | education,0.8022222222222197,bjw_score,education,55,23,19,18,25,-3.186229454160522,-20.0,20.0,True,False,undetermined,-3.0210598381355567,4.625504282579996,4.765864064157908,0.25,True,True,no population gap,satterthwaite,-2.556064073226544,1.5521067321922886,inf,0.8022222222222197,1.530717729774976,inf,0.0,8,0.00625,0.9875,not read,False
human_split_half | seed=055,bjw_score | age,-2.368778280542987,bjw_score,age,55,22,20,17,26,-0.1592689068333758,-20.0,20.0,True,False,undetermined,-6.117401975993505,1.379845414907531,1.5825135371433894,0.25,True,True,no population gap,satterthwaite,0.3772727272727252,1.5752896997434302,inf,-2.368778280542987,1.5008269498023217,inf,0.0,8,0.00625,0.9875,not read,False
human_split_half | seed=055,gut_diff | political_identity,2.56,gut_diff,political_identity,55,6,28,5,25,-0.3022693452380953,-5.3191944404741305,0.2628777520283287,False,False,reversed to attenuated,0.1579083077787988,4.962091692221201,0.9383170672739068,0.25,False,True,reversed to attenuated,satterthwaite,-0.773809523809524,0.5211586748124564,inf,2.56,0.9617193510133244,inf,0.0,8,0.00625,0.9875,not kept,False
human_split_half | seed=055,gut_diff | sex,-1.0315315315315314,gut_diff,sex,55,25,17,37,6,0.0980837400462368,-20.0,20.0,True,False,undetermined,-3.175301858741262,1.112238795678199,2.078240229871442,0.25,True,True,no population gap,satterthwaite,-0.1011764705882353,0.6438524258422966,inf,-1.0315315315315314,0.8582958820773893,inf,0.0,8,0.00625,0.9875,not read,False
human_split_half | seed=055,gut_diff | education,-0.1933333333333333,gut_diff,education,55,23,19,18,25,0.6273179199873744,-20.0,20.0,True,False,undetermined,-1.5802975427215429,1.1936308760548762,7.1739528071803935,0.25,True,True,no population gap,satterthwaite,-0.1212814645308923,0.6326373307564247,inf,-0.1933333333333333,0.5552953384964731,inf,0.0,8,0.00625,0.9875,not read,False
human_split_half | seed=055,gut_diff | age,-0.5588235294117647,gut_diff,age,55,22,20,17,26,-0.1057416267942583,-20.0,20.0,True,False,undetermined,-1.8644899960805856,0.7468429372570562,2.3364557824599954,0.25,True,True,no population gap,satterthwaite,0.059090909090909,0.6193591026199905,inf,-0.5588235294117647,0.5227463676890178,inf,0.0,8,0.00625,0.9875,not read,False
human_split_half | seed=056,bjw_score | political_identity,2.58653846153846,bjw_score,political_identity,56,3,27,8,26,1.7612556794712946,-20.0,20.0,True,True,undetermined,-2.407246378056357,7.580323301133277,1.9306826145645404,0.25,True,True,no population gap,satterthwaite,4.555555555555557,1.3907399384209436,inf,2.58653846153846,1.9993489551576404,inf,0.0,8,0.00625,0.9875,not read,False
human_split_half | seed=056,bjw_score | sex,-1.876847290640392,bjw_score,sex,56,33,9,29,14,-0.4359341445955617,-20.0,20.0,True,False,undetermined,-6.093871635536856,2.340177054256073,2.2468659895380143,0.25,True,True,no population gap,satterthwaite,0.8181818181818166,1.515994195050149,inf,-1.876847290640392,1.688359328378107,inf,0.0,8,0.00625,0.9875,not read,False
human_split_half | seed=056,bjw_score | education,-0.5369565217391283,bjw_score,education,56,18,24,23,20,1.9140800719748112,-20.0,20.0,True,False,undetermined,-4.504900921202338,3.430987877724081,7.389694023291836,0.25,True,True,no population gap,satterthwaite,-1.027777777777775,1.606011251219709,inf,-0.5369565217391283,1.5886358231313118,inf,0.0,8,0.00625,0.9875,not read,False
human_split_half | seed=056,bjw_score | age,-0.3333333333333321,bjw_score,age,56,17,25,22,21,4.425882352941185,-20.0,20.0,True,False,undetermined,-4.235255582804742,3.568588916138078,11.705766748414272,0.25,True,True,no population gap,satterthwaite,-1.4752941176470564,1.4917223602342515,inf,-0.3333333333333321,1.5622027025938088,inf,0.0,8,0.00625,0.9875,not read,False
human_split_half | seed=056,gut_diff | political_identity,1.0576923076923077,gut_diff,political_identity,56,3,27,8,26,-0.2801346801346801,-20.0,20.0,True,False,undetermined,-1.2111815956721823,3.326566211056797,2.145117144999154,0.25,True,True,no population gap,satterthwaite,-0.2962962962962963,0.7359467870728582,inf,1.0576923076923077,0.9083832831781136,inf,0.0,8,0.00625,0.9875,not read,False
human_split_half | seed=056,gut_diff | sex,-0.1527093596059112,gut_diff,sex,56,33,9,29,14,1.389051808406648,-20.0,20.0,True,False,undetermined,-1.9829620198485487,1.6775433006367266,11.985202904169538,0.25,True,True,no population gap,satterthwaite,-0.2121212121212121,0.6899411825437748,inf,-0.1527093596059112,0.7327736098913539,inf,0.0,8,0.00625,0.9875,not read,False
human_split_half | seed=056,gut_diff | education,-0.2326086956521738,gut_diff,education,56,18,24,23,20,1.2538940809968857,-20.0,20.0,True,False,undetermined,-1.6414067306227238,1.1761893393183762,6.056514916695826,0.25,True,True,no population gap,satterthwaite,-0.2916666666666667,0.57390949758786,inf,-0.2326086956521738,0.5640368918006976,inf,0.0,8,0.00625,0.9875,not read,False
human_split_half | seed=056,gut_diff | age,-0.1082251082251082,gut_diff,age,56,17,25,22,21,5.630964705882354,-20.0,20.0,True,False,undetermined,-1.5414828099222706,1.3250325934720542,13.24330116368178,0.25,True,True,no population gap,satterthwaite,-0.6094117647058824,0.5479886069386801,inf,-0.1082251082251082,0.5738297464558703,inf,0.0,8,0.00625,0.9875,not read,False
human_split_half | seed=057,bjw_score | political_identity,1.6333333333333329,bjw_score,political_identity,57,7,23,4,30,2.6201039421979986,-20.0,20.0,True,False,undetermined,-5.069316706994978,8.335983373661644,4.103663289996926,0.25,True,True,no population gap,satterthwaite,4.279503105590063,1.9612228731561248,inf,1.6333333333333329,2.683522976133077,inf,0.0,8,0.00625,0.9875,not read,False
human_split_half | seed=057,bjw_score | sex,0.0823863636363633,bjw_score,sex,57,30,12,32,11,-16.79080459770121,-20.0,20.0,True,False,undetermined,-4.187228021724325,4.352000748997051,51.82428495334373,0.25,True,True,no population gap,satterthwaite,-1.3833333333333329,1.656081642513883,inf,0.0823863636363633,1.70941466933316,inf,0.0,8,0.00625,0.9875,not read,False
human_split_half | seed=057,bjw_score | education,-0.6359649122807021,bjw_score,education,57,17,25,24,19,1.9608924949290087,-20.0,20.0,True,False,undetermined,-4.333118654060755,3.0611888294993506,5.813455538798976,0.25,True,True,no population gap,satterthwaite,-1.2470588235294144,1.4682446889219278,inf,-0.6359649122807021,1.4802200551525702,inf,0.0,8,0.00625,0.9875,not read,False
human_split_half | seed=057,bjw_score | age,-0.6842105263157912,bjw_score,age,57,20,22,19,24,1.6608391608391573,-20.0,20.0,True,False,undetermined,-4.472707110963887,3.1042860583323044,5.53703346987028,0.25,True,True,no population gap,satterthwaite,-1.136363636363637,1.5942012826209515,inf,-0.6842105263157912,1.516790757198309,inf,0.0,8,0.00625,0.9875,not read,False
human_split_half | seed=057,gut_diff | political_identity,-1.4666666666666666,gut_diff,political_identity,57,7,23,4,30,-1.562676453980802,-4.408720516548775,0.0224171533016518,False,False,reversed or missing,-2.253044206275457,-0.6802891270578758,0.536166504278721,0.25,False,True,reversed or missing,satterthwaite,2.291925465838509,0.9307490977452731,inf,-1.4666666666666666,0.3148399786290831,inf,0.0,8,0.00625,0.9875,not kept,False
human_split_half | seed=057,gut_diff | sex,-1.0340909090909092,gut_diff,sex,57,30,12,32,11,-0.4835164835164836,-20.0,20.0,True,False,undetermined,-2.9519520765873857,0.8837702584055671,1.8546349751614275,0.25,True,True,no population gap,satterthwaite,0.5000000000000001,0.6496922422395718,inf,-1.0340909090909092,0.7678492054700962,inf,0.0,8,0.00625,0.9875,not read,False
human_split_half | seed=057,gut_diff | education,-0.2214912280701753,gut_diff,education,57,17,25,24,19,1.0729411764705896,-20.0,20.0,True,False,undetermined,-1.4257866970029354,0.9828042408625848,5.437215186468703,0.25,True,True,no population gap,satterthwaite,-0.2376470588235295,0.6212403089350562,inf,-0.2214912280701753,0.4821607187439732,inf,0.0,8,0.00625,0.9875,not read,False
human_split_half | seed=057,gut_diff | age,-0.0614035087719297,gut_diff,age,57,20,22,19,24,8.512987012987017,-20.0,20.0,True,False,undetermined,-1.3680904701926426,1.245283452648783,21.280330514565904,0.25,True,True,no population gap,satterthwaite,-0.5227272727272727,0.6266896829663664,inf,-0.0614035087719297,0.5231549405814183,inf,0.0,8,0.00625,0.9875,not read,False
human_split_half | seed=058,bjw_score | political_identity,2.0444444444444443,bjw_score,political_identity,58,6,26,5,27,1.9126254180602,-20.0,20.0,True,False,undetermined,-3.235593113891099,7.3244820027799875,2.582627066577168,0.25,True,True,no population gap,satterthwaite,3.910256410256409,2.325556281524398,inf,2.0444444444444443,2.1139552292580963,inf,0.0,8,0.00625,0.9875,not read,False
human_split_half | seed=058,bjw_score | sex,-2.247311827956992,bjw_score,sex,58,31,11,31,12,-0.4593301435406689,-20.0,20.0,True,False,undetermined,-5.28547291039907,0.7908492544850869,1.3519089984072392,0.25,True,True,no population gap,satterthwaite,1.032258064516128,2.003373096332272,inf,-2.247311827956992,1.2163808375600804,inf,0.0,8,0.00625,0.9875,not read,False
human_split_half | seed=058,bjw_score | education,-0.1883116883116891,bjw_score,education,58,19,23,22,21,7.388305847076426,-20.0,20.0,True,False,undetermined,-3.150173658632516,2.773550282009138,15.72850839411743,0.25,True,True,no population gap,satterthwaite,-1.391304347826086,1.806761709263376,inf,-0.1883116883116891,1.1858331557918251,inf,0.0,8,0.00625,0.9875,not read,False
human_split_half | seed=058,bjw_score | age,-0.0065217391304344,bjw_score,age,58,16,26,23,20,266.12179487181004,-20.0,20.0,True,False,undetermined,-3.085702531068045,3.0726590528071767,472.1410547637939,0.25,True,True,no population gap,satterthwaite,-1.7355769230769234,1.9161659276497047,inf,-0.0065217391304344,1.232803794486558,inf,0.0,8,0.00625,0.9875,not read,False
human_split_half | seed=058,gut_diff | political_identity,1.0592592592592591,gut_diff,political_identity,58,6,26,5,27,0.3873050026896179,-20.0,20.0,True,False,undetermined,-1.7629294396370878,3.881447958155608,2.664304016440607,0.25,True,True,no population gap,satterthwaite,0.4102564102564101,1.0149969459337846,inf,1.0592592592592591,1.12991252279382,inf,0.0,8,0.00625,0.9875,not read,False
human_split_half | seed=058,gut_diff | sex,-0.8548387096774194,gut_diff,sex,58,31,11,31,12,-0.4528301886792454,-20.0,20.0,True,False,undetermined,-2.392240503475812,0.6825630841209732,1.7984700229339687,0.25,True,True,no population gap,satterthwaite,0.3870967741935485,0.8536133124063151,inf,-0.8548387096774194,0.615525652149983,inf,0.0,8,0.00625,0.9875,not read,False
human_split_half | seed=058,gut_diff | education,-0.4134199134199136,gut_diff,education,58,19,23,22,21,-0.13284291995639,-20.0,20.0,True,False,undetermined,-1.639377247470442,0.8125374206306147,2.9654046509494445,0.25,True,True,no population gap,satterthwaite,0.0549199084668192,0.643185385330598,inf,-0.4134199134199136,0.4908334246736684,inf,0.0,8,0.00625,0.9875,not read,False
human_split_half | seed=058,gut_diff | age,-0.3108695652173914,gut_diff,age,58,16,26,23,20,0.510355029585799,-20.0,20.0,True,False,undetermined,-1.5358800937353103,0.9141409633005276,3.9405933085191776,0.25,True,True,no population gap,satterthwaite,-0.1586538461538462,0.674887165199312,inf,-0.3108695652173914,0.4904543545468678,inf,0.0,8,0.00625,0.9875,not read,False
human_split_half | seed=059,bjw_score | political_identity,2.4223602484472053,bjw_score,political_identity,59,4,30,7,23,1.6099999999999992,-20.0,20.0,True,True,undetermined,-3.9721266849125794,8.81684718180699,2.639775375053654,0.25,True,True,no population gap,satterthwaite,3.899999999999999,0.8519076971219314,inf,2.4223602484472053,2.5601444955364547,inf,0.0,8,0.00625,0.9875,not read,False
human_split_half | seed=059,bjw_score | sex,0.0823863636363633,bjw_score,sex,59,30,12,32,11,-16.79080459770121,-20.0,20.0,True,False,undetermined,-4.211634733657098,4.3764074609298245,52.12053193956221,0.25,True,True,no population gap,satterthwaite,-1.3833333333333329,1.5099310148280591,inf,0.0823863636363633,1.7191863226119952,inf,0.0,8,0.00625,0.9875,not read,False
human_split_half | seed=059,bjw_score | education,-2.8032407407407405,bjw_score,education,59,25,17,16,27,-0.4801165784232774,-20.0,20.0,True,False,undetermined,-6.941496204957772,1.3350147234762906,1.476239769233491,0.25,True,True,no population gap,satterthwaite,1.345882352941178,1.4458059429727004,inf,-2.8032407407407405,1.656822831643871,inf,0.0,8,0.00625,0.9875,not read,False
human_split_half | seed=059,bjw_score | age,-3.1111111111111107,bjw_score,age,59,21,21,18,25,-0.4285714285714294,-20.0,20.0,True,False,undetermined,-6.999788089285956,0.7775658670637347,1.2499318858419148,0.25,True,True,no population gap,satterthwaite,1.3333333333333357,1.4358842701777876,inf,-3.1111111111111107,1.556899726959457,inf,0.0,8,0.00625,0.9875,not read,False
human_split_half | seed=059,gut_diff | political_identity,1.0931677018633543,gut_diff,political_identity,59,4,30,7,23,-0.2439393939393939,-20.0,20.0,True,False,undetermined,-1.6114760144275708,3.79781141815428,2.474134308652493,0.25,True,True,no population gap,satterthwaite,-0.2666666666666667,0.5265526446580837,inf,1.0931677018633543,1.0828513365983727,inf,0.0,8,0.00625,0.9875,not read,False
human_split_half | seed=059,gut_diff | sex,-0.6875,gut_diff,sex,59,30,12,32,11,-0.1696969696969695,-20.0,20.0,True,False,undetermined,-2.826167130610917,1.451167130610917,3.1107885536158792,0.25,True,True,no population gap,satterthwaite,0.1166666666666665,0.4998676142214125,inf,-0.6875,0.8562527282140303,inf,0.0,8,0.00625,0.9875,not read,False
human_split_half | seed=059,gut_diff | education,-0.5787037037037037,gut_diff,education,59,25,17,16,27,-0.9107576470588236,-20.0,20.0,True,False,undetermined,-2.424160289329816,1.2667528819224088,3.188948979961922,0.25,True,True,no population gap,satterthwaite,0.5270588235294118,0.4275099429844509,inf,-0.5787037037037037,0.7388607668887328,inf,0.0,8,0.00625,0.9875,not read,False
human_split_half | seed=059,gut_diff | age,-0.5533333333333332,gut_diff,age,59,21,21,18,25,-0.1721170395869191,-20.0,20.0,True,False,undetermined,-2.325229527493577,1.2185628608269106,3.202222037638996,0.25,True,True,no population gap,satterthwaite,0.0952380952380952,0.4004283988001195,inf,-0.5533333333333332,0.7094095797546462,inf,0.0,8,0.00625,0.9875,not read,False
human_split_half | seed=060,bjw_score | political_identity,3.730158730158728,bjw_score,political_identity,60,4,26,7,27,0.4227495908346974,-20.0,20.0,True,False,undetermined,-1.548096708904433,9.008414169221888,1.4150216708977843,0.25,True,True,no population gap,satterthwaite,1.5769230769230766,2.3285437551419297,inf,3.730158730158728,2.113241726690474,inf,0.0,8,0.00625,0.9875,not read,False
human_split_half | seed=060,bjw_score | sex,-1.2016129032258078,bjw_score,sex,60,31,11,31,12,0.0048810250152546,-20.0,20.0,True,False,undetermined,-6.158160443976503,3.754934637524888,4.124912047336144,0.25,True,True,no population gap,satterthwaite,-0.0058651026392979,1.1070812114638546,inf,-1.2016129032258078,1.984440352378725,inf,0.0,8,0.00625,0.9875,not read,False
human_split_half | seed=060,bjw_score | education,-0.1140350877192979,bjw_score,education,60,17,25,24,19,16.79565610859732,-20.0,20.0,True,False,undetermined,-4.890782703472865,4.662712528034269,41.88840216891601,0.25,True,True,no population gap,satterthwaite,-1.9152941176470577,1.174192284960531,inf,-0.1140350877192979,1.9124543129862872,inf,0.0,8,0.00625,0.9875,not read,False
human_split_half | seed=060,bjw_score | age,-0.1822222222222222,bjw_score,age,60,21,21,18,25,8.3623693379791,-20.0,20.0,True,False,undetermined,-4.843710549177149,4.479266104732704,25.581338379630687,0.25,True,True,no population gap,satterthwaite,-1.5238095238095255,1.1763199491043577,inf,-0.1822222222222222,1.8663082442160368,inf,0.0,8,0.00625,0.9875,not read,False
human_split_half | seed=060,gut_diff | political_identity,0.8095238095238095,gut_diff,political_identity,60,4,26,7,27,0.5463800904977375,-20.0,20.0,True,False,undetermined,-1.6276419732278151,3.246689592275434,3.010616555163772,0.25,True,True,no population gap,satterthwaite,0.4423076923076923,1.284147594415885,inf,0.8095238095238095,0.975761875572872,inf,0.0,8,0.00625,0.9875,not read,False
human_split_half | seed=060,gut_diff | sex,-0.454301075268817,gut_diff,sex,60,31,11,31,12,0.0129101667563205,-20.0,20.0,True,False,undetermined,-2.478731376677231,1.570129226139597,4.456142438603138,0.25,True,True,no population gap,satterthwaite,-0.0058651026392961,0.5849730296127066,inf,-0.454301075268817,0.8105160189958818,inf,0.0,8,0.00625,0.9875,not read,False
human_split_half | seed=060,gut_diff | education,0.1754385964912279,gut_diff,education,60,17,25,24,19,-4.157647058823532,-20.0,20.0,True,False,undetermined,-1.5569234059827664,1.9078005989652225,9.874463414101774,0.25,True,True,no population gap,satterthwaite,-0.7294117647058823,0.4638353159587388,inf,0.1754385964912279,0.6935813758211908,inf,0.0,8,0.00625,0.9875,not read,False
human_split_half | seed=060,gut_diff | age,-0.1533333333333333,gut_diff,age,60,21,21,18,25,2.4844720496894417,-20.0,20.0,True,False,undetermined,-1.77142175498691,1.4647550883202434,10.552750576001587,0.25,True,True,no population gap,satterthwaite,-0.380952380952381,0.4619984008517122,inf,-0.1533333333333333,0.6478299524511039,inf,0.0,8,0.00625,0.9875,not read,False
human_split_half | seed=061,bjw_score | political_identity,-1.3076923076923066,bjw_score,political_identity,61,9,27,2,26,-4.220043572984753,-20.0,20.0,True,True,reversed to attenuated,-13.075793672867905,10.46040905748329,8.999136338075463,0.25,True,True,no population gap,satterthwaite,5.518518518518519,1.4576849808657724,inf,-1.3076923076923066,4.711564860003475,inf,0.0,8,0.00625,0.9875,not read,False
human_split_half | seed=061,bjw_score | sex,0.0162037037037023,bjw_score,sex,61,35,7,27,16,5.289795918367758,-20.0,20.0,True,False,undetermined,-3.9601241769631823,3.992531584370587,245.39623492117624,0.25,True,True,no population gap,satterthwaite,0.0857142857142854,1.8390851795470025,inf,0.0162037037037023,1.5919922962120607,inf,0.0,8,0.00625,0.9875,not read,False
human_split_half | seed=061,bjw_score | education,0.5,bjw_score,education,61,24,18,17,26,-2.472222222222221,-20.0,20.0,True,False,undetermined,-3.523187920052432,4.523187920052432,8.046375840104863,0.25,True,True,no population gap,satterthwaite,-1.2361111111111107,1.4596811846307154,inf,0.5,1.610753531185841,inf,0.0,8,0.00625,0.9875,not read,False
human_split_half | seed=061,bjw_score | age,-1.5216450216450212,bjw_score,age,61,17,25,22,21,0.5984235628817671,-20.0,20.0,True,False,undetermined,-5.380088598708177,2.336798555418135,2.5357054517826154,0.25,True,True,no population gap,satterthwaite,-0.9105882352941173,1.4854927914726788,inf,-1.5216450216450212,1.5447952569301833,inf,0.0,8,0.00625,0.9875,not read,False
human_split_half | seed=061,gut_diff | political_identity,3.615384615384616,gut_diff,political_identity,61,9,27,2,26,0.0921985815602837,-0.3856223205671696,0.5864685650181957,False,False,reversed to attenuated,2.5807345920679747,4.650034638701256,0.2861797936833262,0.25,False,True,reversed to attenuated,satterthwaite,0.3333333333333333,0.6729377663492838,inf,3.615384615384616,0.4142402024753228,inf,0.0,8,0.00625,0.9875,not kept,False
human_split_half | seed=061,gut_diff | sex,-0.0532407407407407,gut_diff,sex,61,35,7,27,16,5.903105590062114,-20.0,20.0,True,False,undetermined,-1.734190526633446,1.6277090451519645,31.57262206546301,0.25,True,True,no population gap,satterthwaite,-0.3142857142857141,1.021838322659947,inf,-0.0532407407407407,0.6729975972232168,inf,0.0,8,0.00625,0.9875,not read,False
human_split_half | seed=061,gut_diff | education,-0.0723981900452488,gut_diff,education,61,24,18,17,26,2.8776041666666687,-20.0,20.0,True,False,undetermined,-1.6712244719027711,1.5264280918122737,22.08378801815704,0.25,True,True,no population gap,satterthwaite,-0.2083333333333333,0.4847502401604665,inf,-0.0723981900452488,0.6401180184546712,inf,0.0,8,0.00625,0.9875,not read,False
human_split_half | seed=061,gut_diff | age,-0.7575757575757577,gut_diff,age,61,17,25,22,21,-0.1335529411764706,-20.0,20.0,True,False,undetermined,-2.436528888043897,0.921377372892382,2.216218132217944,0.25,True,True,no population gap,satterthwaite,0.1011764705882353,0.5564885859393959,inf,-0.7575757575757577,0.6721982013611318,inf,0.0,8,0.00625,0.9875,not read,False
human_split_half | seed=062,bjw_score | political_identity,4.176923076923078,bjw_score,political_identity,62,6,27,5,26,0.5009890184844149,-1.339260920617307,3.58594759748157,False,False,undetermined,1.0679348719504076,7.285911281895748,0.7443249846159246,0.25,False,True,reference too imprecise,satterthwaite,2.0925925925925952,2.5868437027308,inf,4.176923076923078,1.2447377127513333,inf,0.0,8,0.00625,0.9875,not read,False
human_split_half | seed=062,bjw_score | sex,-0.3743842364532028,bjw_score,sex,62,33,9,29,14,2.3742690058479488,-20.0,20.0,True,False,undetermined,-4.8990999011275385,4.150331428221133,12.085753683274842,0.25,True,True,no population gap,satterthwaite,-0.8888888888888893,1.2621927576019891,inf,-0.3743842364532028,1.811548920735249,inf,0.0,8,0.00625,0.9875,not read,False
human_split_half | seed=062,bjw_score | education,-1.2380952380952372,bjw_score,education,62,19,23,22,21,0.3585636331631762,-20.0,20.0,True,False,undetermined,-5.168125251105721,2.691934774915246,3.1742550105084693,0.25,True,True,no population gap,satterthwaite,-0.4439359267734559,1.455135196791481,inf,-1.2380952380952372,1.573456136505916,inf,0.0,8,0.00625,0.9875,not read,False
human_split_half | seed=062,bjw_score | age,-1.3891402714932113,bjw_score,age,62,22,20,17,26,0.2879478827361556,-20.0,20.0,True,False,undetermined,-5.483861484506874,2.705580941520452,2.947665759205278,0.25,True,True,no population gap,satterthwaite,-0.3999999999999986,1.475713747999831,inf,-1.3891402714932113,1.6393931340391803,inf,0.0,8,0.00625,0.9875,not read,False
human_split_half | seed=062,gut_diff | political_identity,-0.0230769230769232,gut_diff,political_identity,62,6,27,5,26,-61.79012345678974,-20.0,20.0,True,False,undetermined,-2.6860421827978262,2.6398883366439803,115.39516125457178,0.25,True,True,no population gap,satterthwaite,1.4259259259259258,1.0198693979687503,inf,-0.0230769230769232,1.0661646387784849,inf,0.0,8,0.00625,0.9875,not read,False
human_split_half | seed=062,gut_diff | sex,-0.6133004926108376,gut_diff,sex,62,33,9,29,14,-0.7082065636282502,-20.0,20.0,True,False,undetermined,-2.4269235021088047,1.2003225168871297,2.957152376932428,0.25,True,True,no population gap,satterthwaite,0.4343434343434343,0.6188241288305415,inf,-0.6133004926108376,0.726115638851558,inf,0.0,8,0.00625,0.9875,not read,False
human_split_half | seed=062,gut_diff | education,-0.5757575757575759,gut_diff,education,62,19,23,22,21,-0.1788510177044441,-20.0,20.0,True,False,undetermined,-2.11599102988469,0.9644758783695382,2.6751423150628817,0.25,True,True,no population gap,satterthwaite,0.102974828375286,0.4992729463943364,inf,-0.5757575757575759,0.6166593568051579,inf,0.0,8,0.00625,0.9875,not read,False
human_split_half | seed=062,gut_diff | age,-0.7126696832579185,gut_diff,age,62,22,20,17,26,-0.3635497835497835,-20.0,20.0,True,False,undetermined,-2.275288392275362,0.849949025759525,2.192626886938762,0.25,True,True,no population gap,satterthwaite,0.259090909090909,0.4899942271770419,inf,-0.7126696832579185,0.6256216844611386,inf,0.0,8,0.00625,0.9875,not read,False
human_split_half | seed=063,bjw_score | political_identity,3.5661375661375665,bjw_score,political_identity,63,4,26,7,27,0.6039716959598264,-20.0,20.0,True,False,undetermined,-1.1294591776465932,8.261734309921726,1.3167177812688518,0.25,True,True,no population gap,satterthwaite,2.1538461538461533,2.7191221702575823,inf,3.5661375661375665,1.879964144448043,inf,0.0,8,0.00625,0.9875,not read,False
human_split_half | seed=063,bjw_score | sex,1.7461538461538453,bjw_score,sex,63,32,10,30,13,-2.0079845814977992,-20.0,20.0,True,False,undetermined,-1.6351522910305007,5.127459983338191,1.9364308274624016,0.25,True,True,no population gap,satterthwaite,-3.5062500000000014,1.7737441274883106,inf,1.7461538461538453,1.353764951754742,inf,0.0,8,0.00625,0.9875,not read,False
human_split_half | seed=063,bjw_score | education,0.2965367965367989,bjw_score,education,63,20,22,21,22,-6.62189781021893,-20.0,20.0,True,False,undetermined,-3.154824176048728,3.747897769122326,11.638896126529204,0.25,True,True,no population gap,satterthwaite,-1.9636363636363647,1.7107135681282366,inf,0.2965367965367989,1.381812628309116,inf,0.0,8,0.00625,0.9875,not read,False
human_split_half | seed=063,bjw_score | age,-0.2282608695652186,bjw_score,age,63,19,23,20,23,7.218045112781916,-20.0,20.0,True,False,undetermined,-3.6022150560695345,3.1456933169390973,14.781132626590257,0.25,True,True,no population gap,satterthwaite,-1.647597254004577,1.7622523753175503,inf,-0.2282608695652186,1.3508214699303065,inf,0.0,8,0.00625,0.9875,not read,False
human_split_half | seed=063,gut_diff | political_identity,-0.0423280423280423,gut_diff,political_identity,63,4,26,7,27,-48.15865384615385,-20.0,20.0,True,False,undetermined,-2.1030235666366286,2.018367481980544,48.68393176179036,0.25,True,True,no population gap,satterthwaite,2.0384615384615383,1.2532822792707812,inf,-0.0423280423280423,0.8250354341975791,inf,0.0,8,0.00625,0.9875,not read,False
human_split_half | seed=063,gut_diff | sex,-0.0769230769230768,gut_diff,sex,63,32,10,30,13,6.093750000000004,-20.0,20.0,True,False,undetermined,-1.9046169113972424,1.7507707575510885,23.760019848164166,0.25,True,True,no population gap,satterthwaite,-0.46875,0.6829656046753942,inf,-0.0769230769230768,0.7317491393162378,inf,0.0,8,0.00625,0.9875,not read,False
human_split_half | seed=063,gut_diff | education,-0.1385281385281385,gut_diff,education,63,20,22,21,22,1.96875,-20.0,20.0,True,False,undetermined,-1.605382462752353,1.328326185696076,10.58885465299355,0.25,True,True,no population gap,satterthwaite,-0.2727272727272727,0.578776477905855,inf,-0.1385281385281385,0.587280740902747,inf,0.0,8,0.00625,0.9875,not read,False
human_split_half | seed=063,gut_diff | age,-0.323913043478261,gut_diff,age,63,19,23,20,23,0.8053691275167784,-20.0,20.0,True,False,undetermined,-1.7582882329174194,1.1104621459608972,4.428272396926259,0.25,True,True,no population gap,satterthwaite,-0.2608695652173913,0.5612893952736382,inf,-0.323913043478261,0.5742771521854175,inf,0.0,8,0.00625,0.9875,not read,False
human_split_half | seed=064,bjw_score | political_identity,2.8831168831168803,bjw_score,political_identity,64,4,31,7,22,1.0293519325777405,-20.0,20.0,True,False,undetermined,-1.9919032431142485,7.758137009348009,1.690885359098186,0.25,True,True,no population gap,satterthwaite,2.967741935483872,3.022942035944848,inf,2.8831168831168803,1.9517994284558544,inf,0.0,8,0.00625,0.9875,not read,False
human_split_half | seed=064,bjw_score | sex,-1.741935483870968,bjw_score,sex,64,31,11,31,12,-0.3198653198653206,-20.0,20.0,True,False,undetermined,-5.249410144472208,1.7655391767302713,2.0135502681229336,0.25,True,True,no population gap,satterthwaite,0.5571847507331391,1.886503513216748,inf,-1.741935483870968,1.404278723086511,inf,0.0,8,0.00625,0.9875,not read,False
human_split_half | seed=064,bjw_score | education,-0.6861471861471848,bjw_score,education,64,19,23,22,21,1.5274491261757488,-20.0,20.0,True,False,undetermined,-4.665031475298678,3.292737103004308,5.798878680088307,0.25,True,True,no population gap,satterthwaite,-1.0480549199084663,1.525690734783395,inf,-0.6861471861471848,1.5930157989853744,inf,0.0,8,0.00625,0.9875,not read,False
human_split_half | seed=064,bjw_score | age,-0.1515151515151487,bjw_score,age,64,18,24,21,22,12.100000000000216,-20.0,20.0,True,False,undetermined,-4.154818209116399,3.851787906086101,26.42180018016873,0.25,True,True,no population gap,satterthwaite,-1.833333333333332,1.6156819170027243,inf,-0.1515151515151487,1.6027922793012983,inf,0.0,8,0.00625,0.9875,not read,False
human_split_half | seed=064,gut_diff | political_identity,0.1363636363636363,gut_diff,political_identity,64,4,31,7,22,14.84408602150538,-20.0,20.0,True,False,undetermined,-1.9713455817930527,2.244072854520325,15.456534266482388,0.25,True,True,no population gap,satterthwaite,2.024193548387097,1.18300059608582,inf,0.1363636363636363,0.843858187418347,inf,0.0,8,0.00625,0.9875,not read,False
human_split_half | seed=064,gut_diff | sex,-0.0967741935483871,gut_diff,sex,64,31,11,31,12,4.3030303030303,-20.0,20.0,True,False,undetermined,-1.7768187661096952,1.5832703790129208,17.360460583133513,0.25,True,True,no population gap,satterthwaite,-0.4164222873900292,0.7976951860261028,inf,-0.0967741935483871,0.6726351792603976,inf,0.0,8,0.00625,0.9875,not read,False
human_split_half | seed=064,gut_diff | education,-1.067099567099567,gut_diff,education,64,19,23,22,21,-0.6733537256139732,-20.0,20.0,True,False,undetermined,-2.417163781887589,0.2829646476884544,1.265171738807436,0.25,True,True,no population gap,satterthwaite,0.7185354691075515,0.6397344386978234,inf,-1.067099567099567,0.5405217813611611,inf,0.0,8,0.00625,0.9875,not read,False
human_split_half | seed=064,gut_diff | age,-0.9805194805194806,gut_diff,age,64,18,24,21,22,-0.4674392935982339,-20.0,20.0,True,False,undetermined,-2.288626909577615,0.3275879485386539,1.33409631837717,0.25,True,True,no population gap,satterthwaite,0.4583333333333332,0.6324218307545306,inf,-0.9805194805194806,0.5237236496023189,inf,0.0,8,0.00625,0.9875,not read,False
human_split_half | seed=065,bjw_score | political_identity,1.791208791208792,bjw_score,political_identity,65,4,27,7,26,3.0395364689843194,-20.0,20.0,True,True,undetermined,-3.465073228076662,7.047490810494246,2.934488734693105,0.25,True,True,no population gap,satterthwaite,5.444444444444443,1.5152207022702846,inf,1.791208791208792,2.104444284412732,inf,0.0,8,0.00625,0.9875,not read,False
human_split_half | seed=065,bjw_score | sex,-0.4512820512820497,bjw_score,sex,65,32,10,30,13,2.215909090909099,-20.0,20.0,True,False,undetermined,-4.317414484786715,3.414850382222616,8.566998006061507,0.25,True,True,no population gap,satterthwaite,-1.0,1.7594721482890483,inf,-0.4512820512820497,1.5478736248588136,inf,0.0,8,0.00625,0.9875,not read,False
human_split_half | seed=065,bjw_score | education,-0.2521929824561404,bjw_score,education,65,17,25,24,19,4.916869565217384,-20.0,20.0,True,False,undetermined,-4.027634850107919,3.523248885195638,14.970447753471396,0.25,True,True,no population gap,satterthwaite,-1.2399999999999984,1.3977399543461613,inf,-0.2521929824561404,1.511564073305259,inf,0.0,8,0.00625,0.9875,not read,False
human_split_half | seed=065,bjw_score | age,-0.0432900432900424,bjw_score,age,65,18,24,21,22,41.06666666666744,-20.0,20.0,True,False,undetermined,-3.9283435859841056,3.8417634994040206,89.74473683623451,0.25,True,True,no population gap,satterthwaite,-1.7777777777777786,1.475627622579207,inf,-0.0432900432900424,1.5554490212972625,inf,0.0,8,0.00625,0.9875,not read,False
human_split_half | seed=065,gut_diff | political_identity,0.0769230769230768,gut_diff,political_identity,65,4,27,7,26,26.36111111111113,-20.0,20.0,True,False,undetermined,-1.9735845693670089,2.127430723213162,26.65659940177113,0.25,True,True,no population gap,satterthwaite,2.0277777777777777,1.1534080339845996,inf,0.0769230769230768,0.820956539346111,inf,0.0,8,0.00625,0.9875,not read,False
human_split_half | seed=065,gut_diff | sex,-0.0128205128205127,gut_diff,sex,65,32,10,30,13,47.775000000000176,-20.0,20.0,True,False,undetermined,-1.793168111514931,1.7675270858739054,138.8671126981651,0.25,True,True,no population gap,satterthwaite,-0.6125,0.6909405510646752,inf,-0.0128205128205127,0.7127932471267445,inf,0.0,8,0.00625,0.9875,not read,False
human_split_half | seed=065,gut_diff | education,0.7456140350877194,gut_diff,education,65,17,25,24,19,-1.413757785467128,-20.0,20.0,True,False,undetermined,-0.486843413208913,1.978071483384352,1.6529429306566596,0.25,True,True,no population gap,satterthwaite,-1.0541176470588236,0.5522863369666909,inf,0.7456140350877194,0.4934358589081814,inf,0.0,8,0.00625,0.9875,not read,False
human_split_half | seed=065,gut_diff | age,0.0389610389610388,gut_diff,age,65,18,24,21,22,-14.97222222222226,-20.0,20.0,True,False,undetermined,-1.2940265996116842,1.371948677533762,34.213349390033315,0.25,True,True,no population gap,satterthwaite,-0.5833333333333333,0.5850593788412901,inf,0.0389610389610388,0.5336848759055995,inf,0.0,8,0.00625,0.9875,not read,False
human_split_half | seed=066,bjw_score | political_identity,3.910344827586208,bjw_score,political_identity,66,6,24,5,29,0.6286743092298652,-1.2939273167846854,4.571888959175379,False,False,undetermined,0.8402294498173029,6.980460205355113,0.7851265075423124,0.25,False,True,reference too imprecise,satterthwaite,2.458333333333336,2.555462735327887,inf,3.910344827586208,1.2291742976362805,inf,0.0,8,0.00625,0.9875,not read,False
human_split_half | seed=066,bjw_score | sex,-0.6619318181818166,bjw_score,sex,66,30,12,32,11,0.9316165951359114,-20.0,20.0,True,False,undetermined,-4.842206702055345,3.5183430656917123,6.315265060615818,0.25,True,True,no population gap,satterthwaite,-0.6166666666666671,1.6868919408134089,inf,-0.6619318181818166,1.6736460399888593,inf,0.0,8,0.00625,0.9875,not read,False
human_split_half | seed=066,bjw_score | education,2.125541125541126,bjw_score,education,66,19,23,22,21,-1.810818998261614,-20.0,20.0,True,True,reversed or missing,-1.7278111625629395,5.978893413645192,1.8128806080489592,0.25,True,True,no population gap,satterthwaite,-3.8489702517162456,1.4522171343709,inf,2.125541125541126,1.542756870498302,inf,0.0,8,0.00625,0.9875,not read,False
human_split_half | seed=066,bjw_score | age,-0.8891304347826079,bjw_score,age,66,19,23,20,23,1.0860893063955774,-20.0,20.0,True,False,undetermined,-4.890762217310398,3.112501347745182,4.500612762745195,0.25,True,True,no population gap,satterthwaite,-0.9656750572082408,1.521509945735252,inf,-0.8891304347826079,1.6021231551441242,inf,0.0,8,0.00625,0.9875,not read,False
human_split_half | seed=066,gut_diff | political_identity,-0.1793103448275863,gut_diff,political_identity,66,6,24,5,29,-9.062499999999991,-20.0,20.0,True,False,undetermined,-2.4164967937734785,2.0578761041183053,12.476616734505926,0.25,True,True,no population gap,satterthwaite,1.625,1.0730652355882857,inf,-0.1793103448275863,0.8956966575187332,inf,0.0,8,0.00625,0.9875,not read,False
human_split_half | seed=066,gut_diff | sex,-1.1534090909090908,gut_diff,sex,66,30,12,32,11,-0.5201970443349755,-20.0,20.0,True,False,undetermined,-3.2056915419806007,0.898873360162419,1.7793187753132302,0.25,True,True,no population gap,satterthwaite,0.6000000000000001,0.5722906404991078,inf,-1.1534090909090908,0.8216671134295626,inf,0.0,8,0.00625,0.9875,not read,False
human_split_half | seed=066,gut_diff | education,-0.1038961038961039,gut_diff,education,66,19,23,22,21,3.3698512585812344,-20.0,20.0,True,False,undetermined,-1.784335301376872,1.5765430935846645,16.17422727575239,0.25,True,True,no population gap,satterthwaite,-0.3501144164759725,0.4753149285642858,inf,-0.1038961038961039,0.6727931742373029,inf,0.0,8,0.00625,0.9875,not read,False
human_split_half | seed=066,gut_diff | age,-0.3413043478260869,gut_diff,age,66,19,23,20,23,0.744217230975528,-20.0,20.0,True,False,undetermined,-2.0096029653064305,1.326994269654257,4.88800868815897,0.25,True,True,no population gap,satterthwaite,-0.2540045766590388,0.4762605655739289,inf,-0.3413043478260869,0.6679324810519662,inf,0.0,8,0.00625,0.9875,not read,False
human_split_half | seed=067,bjw_score | political_identity,3.1704545454545467,bjw_score,political_identity,67,3,31,8,22,0.3968088796392644,-20.0,20.0,True,False,undetermined,-1.5376788412505924,7.878587932159686,1.485002645269004,0.25,True,True,no population gap,satterthwaite,1.258064516129032,2.8576350381542923,inf,3.1704545454545467,1.884983408339132,inf,0.0,8,0.00625,0.9875,not read,False
human_split_half | seed=067,bjw_score | sex,-0.043010752688172,bjw_score,sex,67,31,11,31,12,27.954545454545496,-20.0,20.0,True,False,undetermined,-3.5740274896612574,3.4880059842849134,82.09613913462431,0.25,True,True,no population gap,satterthwaite,-1.2023460410557192,1.829796760204252,inf,-0.043010752688172,1.4137042044214478,inf,0.0,8,0.00625,0.9875,not read,False
human_split_half | seed=067,bjw_score | education,-0.8456521739130416,bjw_score,education,67,21,21,20,23,0.7883461868037736,-20.0,20.0,True,False,undetermined,-4.700460608635426,3.0091562608093425,4.5583852955586135,0.25,True,True,no population gap,satterthwaite,-0.6666666666666679,1.5419643162663856,inf,-0.8456521739130416,1.5433398642221825,inf,0.0,8,0.00625,0.9875,not read,False
human_split_half | seed=067,bjw_score | age,0.2127192982456165,bjw_score,age,67,20,22,19,24,-9.209746954076753,-20.0,20.0,True,False,undetermined,-3.585806314928857,4.01124491142009,17.856986387706595,0.25,True,True,no population gap,satterthwaite,-1.9590909090909108,1.4709683668932414,inf,0.2127192982456165,1.5208060538819936,inf,0.0,8,0.00625,0.9875,not read,False
human_split_half | seed=067,gut_diff | political_identity,0.9204545454545454,gut_diff,political_identity,67,3,31,8,22,0.549050842957653,-20.0,20.0,True,False,undetermined,-1.2766083327228084,3.117517423631899,2.3869325096247795,0.25,True,True,no population gap,satterthwaite,0.5053763440860215,1.5502826153761955,inf,0.9204545454545454,0.8796324853787538,inf,0.0,8,0.00625,0.9875,not read,False
human_split_half | seed=067,gut_diff | sex,-0.153225806451613,gut_diff,sex,67,31,11,31,12,2.200956937799042,-20.0,20.0,True,False,undetermined,-1.6915852129442135,1.3851336000409875,10.03981928447802,0.25,True,True,no population gap,satterthwaite,-0.3372434017595308,0.8208550441430735,inf,-0.153225806451613,0.6159090491126296,inf,0.0,8,0.00625,0.9875,not read,False
human_split_half | seed=067,gut_diff | education,-0.8217391304347827,gut_diff,education,67,21,21,20,23,-0.5215419501133787,-20.0,20.0,True,False,undetermined,-2.258909551897977,0.6154312910284114,1.7489375499287545,0.25,True,True,no population gap,satterthwaite,0.4285714285714286,0.5604799159221638,inf,-0.8217391304347827,0.5753962721327505,inf,0.0,8,0.00625,0.9875,not read,False
human_split_half | seed=067,gut_diff | age,-0.8157894736842105,gut_diff,age,67,20,22,19,24,-0.295307917888563,-20.0,20.0,True,False,undetermined,-2.237327161675386,0.6057482143069649,1.742530069150473,0.25,True,True,no population gap,satterthwaite,0.2409090909090908,0.5726737083264166,inf,-0.8157894736842105,0.5691374343298637,inf,0.0,8,0.00625,0.9875,not read,False
human_split_half | seed=068,bjw_score | political_identity,1.4516129032258078,bjw_score,political_identity,68,4,22,7,31,3.914141414141412,-20.0,20.0,True,True,undetermined,-3.975583323568737,6.878809130020352,3.73873517845846,0.25,True,True,no population gap,satterthwaite,5.681818181818183,1.5230965288833755,inf,1.4516129032258078,2.1728727716586147,inf,0.0,8,0.00625,0.9875,not read,False
human_split_half | seed=068,bjw_score | sex,0.0221674876847295,bjw_score,sex,68,33,9,29,14,-71.08417508417367,-20.0,20.0,True,False,undetermined,-3.2513847672408254,3.2957197426102844,147.67357949997188,0.25,True,True,no population gap,satterthwaite,-1.575757575757578,2.190765665183477,inf,0.0221674876847295,1.3106238035418418,inf,0.0,8,0.00625,0.9875,not read,False
human_split_half | seed=068,bjw_score | education,-0.9869565217391276,bjw_score,education,68,18,24,23,20,0.661404796867351,-20.0,20.0,True,False,undetermined,-4.483426058619532,2.509513015141277,3.542678385385442,0.25,True,True,no population gap,satterthwaite,-0.652777777777775,1.6559224936464254,inf,-0.9869565217391276,1.3998726296484894,inf,0.0,8,0.00625,0.9875,not read,False
human_split_half | seed=068,bjw_score | age,-0.2894736842105274,bjw_score,age,68,20,22,19,24,5.464462809917335,-20.0,20.0,True,False,undetermined,-3.690456837046816,3.111509468625761,11.748850891616224,0.25,True,True,no population gap,satterthwaite,-1.581818181818182,1.6766533728158204,inf,-0.2894736842105274,1.361642988544073,inf,0.0,8,0.00625,0.9875,not read,False
human_split_half | seed=068,gut_diff | political_identity,0.8617511520737327,gut_diff,political_identity,68,4,22,7,31,0.7648274185707342,-20.0,20.0,True,False,undetermined,-1.2326912901003242,2.956193594247789,2.430449251078986,0.25,True,True,no population gap,satterthwaite,0.6590909090909092,1.3786640663359893,inf,0.8617511520737327,0.8385466020074429,inf,0.0,8,0.00625,0.9875,not read,False
human_split_half | seed=068,gut_diff | sex,-0.0344827586206896,gut_diff,sex,68,33,9,29,14,17.5757575757576,-20.0,20.0,True,False,undetermined,-1.3167242164662731,1.2477586992248937,37.18500227752197,0.25,True,True,no population gap,satterthwaite,-0.6060606060606062,1.0510496547132813,inf,-0.0344827586206896,0.5133677563912394,inf,0.0,8,0.00625,0.9875,not read,False
human_split_half | seed=068,gut_diff | education,-0.5108695652173914,gut_diff,education,68,18,24,23,20,-0.2990543735224584,-20.0,20.0,True,False,undetermined,-1.6886432484027318,0.6669041179679491,2.305429337298964,0.25,True,True,no population gap,satterthwaite,0.1527777777777776,0.6679881914748184,inf,-0.5108695652173914,0.4715422587329247,inf,0.0,8,0.00625,0.9875,not read,False
human_split_half | seed=068,gut_diff | age,-0.5241228070175438,gut_diff,age,68,20,22,19,24,0.1474324838341577,-20.0,20.0,True,False,undetermined,-1.6783637521991903,0.6301181381641031,2.2022337698863224,0.25,True,True,no population gap,satterthwaite,-0.0772727272727273,0.6865800292690357,inf,-0.5241228070175438,0.4621205161767314,inf,0.0,8,0.00625,0.9875,not read,False
human_split_half | seed=069,bjw_score | political_identity,4.799999999999997,bjw_score,political_identity,69,6,28,5,25,0.3273809523809529,-1.1846055791988122,2.9199213653563065,False,False,undetermined,1.0123033273980098,8.587696672601984,0.7891034734587479,0.25,False,True,reference too imprecise,satterthwaite,1.571428571428573,2.2838255977274566,inf,4.799999999999997,1.516470498443682,inf,0.0,8,0.00625,0.9875,not read,False
human_split_half | seed=069,bjw_score | sex,0.2413793103448291,bjw_score,sex,69,33,9,29,14,-5.523809523809497,-20.0,20.0,True,False,undetermined,-4.004175978246943,4.486934598936601,17.588729052737225,0.25,True,True,no population gap,satterthwaite,-1.3333333333333357,1.420089642086562,inf,0.2413793103448291,1.699782189854755,inf,0.0,8,0.00625,0.9875,not read,False
human_split_half | seed=069,bjw_score | education,-1.3326086956521763,bjw_score,education,69,21,21,20,23,0.1429348248271568,-20.0,20.0,True,False,undetermined,-5.105946233863453,2.4407288425591007,2.831542035199322,0.25,True,True,no population gap,satterthwaite,-0.1904761904761898,1.5270072602567164,inf,-1.3326086956521763,1.5107215682708384,inf,0.0,8,0.00625,0.9875,not read,False
human_split_half | seed=069,bjw_score | age,-0.5571428571428569,bjw_score,age,69,24,18,15,28,1.1965811965811992,-20.0,20.0,True,False,undetermined,-4.814621746344904,3.70033603205919,7.641628775490856,0.25,True,True,no population gap,satterthwaite,-0.6666666666666679,1.592294984973838,inf,-0.5571428571428569,1.7045560115526486,inf,0.0,8,0.00625,0.9875,not read,False
human_split_half | seed=069,gut_diff | political_identity,1.0000000000000002,gut_diff,political_identity,69,6,28,5,25,0.5357142857142856,-20.0,20.0,True,False,undetermined,-1.848940204504742,3.848940204504743,2.848940204504742,0.25,True,True,no population gap,satterthwaite,0.5357142857142857,0.9971907629921988,inf,1.0000000000000002,1.1406229551622635,inf,0.0,8,0.00625,0.9875,not read,False
human_split_half | seed=069,gut_diff | sex,-0.108374384236453,gut_diff,sex,69,33,9,29,14,4.101010101010106,-20.0,20.0,True,False,undetermined,-2.063178852962988,1.846430084490082,18.03751396143124,0.25,True,True,no population gap,satterthwaite,-0.4444444444444444,0.59276496977812,inf,-0.108374384236453,0.7826401011708379,inf,0.0,8,0.00625,0.9875,not read,False
human_split_half | seed=069,gut_diff | education,-0.223913043478261,gut_diff,education,69,21,21,20,23,0.8506703652334714,-20.0,20.0,True,False,undetermined,-1.9255529398899325,1.4777268529334104,7.599556818925906,0.25,True,True,no population gap,satterthwaite,-0.1904761904761904,0.458380101451343,inf,-0.223913043478261,0.6812812442318348,inf,0.0,8,0.00625,0.9875,not read,False
human_split_half | seed=069,gut_diff | age,-0.2095238095238094,gut_diff,age,69,24,18,15,28,1.988636363636364,-20.0,20.0,True,False,undetermined,-1.947750278968104,1.5287026599204847,8.296080876893225,0.25,True,True,no population gap,satterthwaite,-0.4166666666666666,0.4467492308435307,inf,-0.2095238095238094,0.6959293175700342,inf,0.0,8,0.00625,0.9875,not read,False
human_split_half | seed=070,bjw_score | political_identity,1.9600000000000009,bjw_score,political_identity,70,6,28,5,25,1.9982993197278909,-20.0,20.0,True,False,undetermined,-3.371040164894625,7.291040164894627,2.7199184514768486,0.25,True,True,no population gap,satterthwaite,3.916666666666668,2.2125655344822905,inf,1.9600000000000009,2.134375013331631,inf,0.0,8,0.00625,0.9875,not read,False
human_split_half | seed=070,bjw_score | sex,-0.6182795698924757,bjw_score,sex,70,31,11,31,12,1.0387351778656118,-20.0,20.0,True,False,undetermined,-5.17400956295277,3.937450423167818,7.368398075732271,0.25,True,True,no population gap,satterthwaite,-0.6422287390029346,1.4622369089550389,inf,-0.6182795698924757,1.8239660486342584,inf,0.0,8,0.00625,0.9875,not read,False
human_split_half | seed=070,bjw_score | education,0.2260869565217369,bjw_score,education,70,18,24,23,20,-9.153311965812048,-20.0,20.0,True,False,undetermined,-3.5927951581950306,4.044969071238505,16.891209353555098,0.25,True,True,no population gap,satterthwaite,-2.069444444444443,1.4743904196880486,inf,0.2260869565217369,1.5289561347117782,inf,0.0,8,0.00625,0.9875,not read,False
human_split_half | seed=070,bjw_score | age,-0.7316017316017316,bjw_score,age,70,17,25,22,21,1.7849634528367595,-20.0,20.0,True,False,undetermined,-4.609990794098239,3.146787330894776,5.301230020335463,0.25,True,True,no population gap,satterthwaite,-1.305882352941179,1.4818469950118225,inf,-0.7316017316017316,1.552780780284153,inf,0.0,8,0.00625,0.9875,not read,False
human_split_half | seed=070,gut_diff | political_identity,0.1999999999999999,gut_diff,political_identity,70,6,28,5,25,6.011904761904762,-20.0,20.0,True,False,undetermined,-2.4480883076733715,2.848088307673371,13.24044153836686,0.25,True,True,no population gap,satterthwaite,1.202380952380952,1.0258500660568854,inf,0.1999999999999999,1.0602083912653106,inf,0.0,8,0.00625,0.9875,not read,False
human_split_half | seed=070,gut_diff | sex,-0.4623655913978494,gut_diff,sex,70,31,11,31,12,0.0443974630021141,-20.0,20.0,True,False,undetermined,-2.469148801193753,1.5444176183980538,4.340252058395792,0.25,True,True,no population gap,satterthwaite,-0.0205278592375366,0.6230061621468025,inf,-0.4623655913978494,0.8034506977394884,inf,0.0,8,0.00625,0.9875,not read,False
human_split_half | seed=070,gut_diff | education,0.3739130434782609,gut_diff,education,70,18,24,23,20,-2.080103359173126,-20.0,20.0,True,False,undetermined,-1.094634851772384,1.842460938728906,3.927511812879631,0.25,True,True,no population gap,satterthwaite,-0.7777777777777778,0.5379538030089691,inf,0.3739130434782609,0.5879587916339943,inf,0.0,8,0.00625,0.9875,not read,False
human_split_half | seed=070,gut_diff | age,0.186147186147186,gut_diff,age,70,17,25,22,21,-4.158632010943914,-20.0,20.0,True,False,undetermined,-1.3153143935357243,1.687608765830097,8.06599127690122,0.25,True,True,no population gap,satterthwaite,-0.7741176470588235,0.5345418423113838,inf,0.186147186147186,0.6011363598900944,inf,0.0,8,0.00625,0.9875,not read,False
human_split_half | seed=071,bjw_score | political_identity,6.510000000000002,bjw_score,political_identity,71,7,28,4,25,0.1590958964230851,-0.6538441396821381,1.1070971403135748,False,False,undetermined,2.956339302315046,10.063660697684956,0.5458772193064446,0.25,False,True,reference too imprecise,satterthwaite,1.0357142857142847,1.9037024889013567,inf,6.510000000000002,1.4227701094702487,inf,0.0,8,0.00625,0.9875,not read,False
human_split_half | seed=071,bjw_score | sex,0.3225806451612918,bjw_score,sex,71,31,11,31,12,-5.236363636363608,-20.0,20.0,True,False,undetermined,-2.902988164780446,3.548149455103029,9.99926331081934,0.25,True,True,no population gap,satterthwaite,-1.6891495601173006,1.9414568680235,inf,0.3225806451612918,1.2914127935214257,inf,0.0,8,0.00625,0.9875,not read,False
human_split_half | seed=071,bjw_score | education,-0.6764705882352935,bjw_score,education,71,24,18,17,26,1.6835748792270553,-20.0,20.0,True,False,undetermined,-4.19980104188139,2.846859865410803,5.208401540172496,0.25,True,True,no population gap,satterthwaite,-1.1388888888888893,1.773197410894103,inf,-0.6764705882352935,1.410626866684144,inf,0.0,8,0.00625,0.9875,not read,False
human_split_half | seed=071,bjw_score | age,-0.3614718614718626,bjw_score,age,71,18,24,21,22,4.111277445109766,-20.0,20.0,True,False,undetermined,-3.890607147848619,3.1676634249048936,9.763236540754828,0.25,True,True,no population gap,satterthwaite,-1.4861111111111107,1.7226343677199538,inf,-0.3614718614718626,1.412950932823896,inf,0.0,8,0.00625,0.9875,not read,False
human_split_half | seed=071,gut_diff | political_identity,1.29,gut_diff,political_identity,71,7,28,4,25,0.3045404208194905,-20.0,20.0,True,False,undetermined,-2.1560219188661387,4.736021918866139,2.671334820826464,0.25,True,True,no population gap,satterthwaite,0.3928571428571428,0.8932148510365386,inf,1.29,1.379675044929321,inf,0.0,8,0.00625,0.9875,not read,False
human_split_half | seed=071,gut_diff | sex,0.3790322580645162,gut_diff,sex,71,31,11,31,12,-2.4139264990328813,-20.0,20.0,True,False,undetermined,-1.299143470796353,2.057207986925385,4.427527454866973,0.25,True,True,no population gap,satterthwaite,-0.9149560117302052,0.7984316396984611,inf,0.3790322580645162,0.6718869550537399,inf,0.0,8,0.00625,0.9875,not read,False
human_split_half | seed=071,gut_diff | education,-1.2058823529411764,gut_diff,education,71,24,18,17,26,-0.6104336043360433,-20.0,20.0,True,True,undetermined,-2.479709935119561,0.0679452292372086,1.05634482424549,0.25,True,True,no population gap,satterthwaite,0.736111111111111,0.5540608497196421,inf,-1.2058823529411764,0.5099991143563126,inf,0.0,8,0.00625,0.9875,not read,False
human_split_half | seed=071,gut_diff | age,-0.9761904761904762,gut_diff,age,71,18,24,21,22,-0.4410569105691056,-20.0,20.0,True,False,undetermined,-2.3658599389671835,0.413478986586231,1.4235638399176025,0.25,True,True,no population gap,satterthwaite,0.4305555555555554,0.5990021232646852,inf,-0.9761904761904762,0.5563784339259846,inf,0.0,8,0.00625,0.9875,not read,False
human_split_half | seed=072,bjw_score | political_identity,2.366666666666667,bjw_score,political_identity,72,6,23,5,30,1.5094917330067354,-20.0,20.0,True,False,undetermined,-3.178303364420658,7.911636697753993,2.3429450835580243,0.25,True,True,no population gap,satterthwaite,3.572463768115941,2.328673932302178,inf,2.366666666666667,2.2200255706119667,inf,0.0,8,0.00625,0.9875,not read,False
human_split_half | seed=072,bjw_score | sex,0.453846153846154,bjw_score,sex,72,32,10,30,13,-4.503177966101692,-20.0,20.0,True,False,undetermined,-3.600236633161476,4.507928940853784,8.932724784932063,0.25,True,True,no population gap,satterthwaite,-2.04375,1.4581069013468784,inf,0.453846153846154,1.6231228306151733,inf,0.0,8,0.00625,0.9875,not read,False
human_split_half | seed=072,bjw_score | education,-0.1173913043478229,bjw_score,education,72,21,21,20,23,13.386243386243724,-20.0,20.0,True,False,undetermined,-3.929090906897634,3.694308298201988,32.4700336513511,0.25,True,True,no population gap,satterthwaite,-1.5714285714285694,1.5568779941408697,inf,-0.1173913043478229,1.5260804905545549,inf,0.0,8,0.00625,0.9875,not read,False
human_split_half | seed=072,bjw_score | age,-0.8652173913043484,bjw_score,age,72,19,23,20,23,1.1346204707749257,-20.0,20.0,True,False,undetermined,-4.609425527638219,2.8789907450295225,4.3274767404863805,0.25,True,True,no population gap,satterthwaite,-0.9816933638443928,1.5310903648256513,inf,-0.8652173913043484,1.499059103611531,inf,0.0,8,0.00625,0.9875,not read,False
human_split_half | seed=072,gut_diff | political_identity,-0.6,gut_diff,political_identity,72,6,23,5,30,-3.043478260869565,-20.0,20.0,True,False,undetermined,-1.887343458867578,0.6873434588675781,2.1455724314459634,0.25,True,True,no population gap,satterthwaite,1.826086956521739,1.0609165260102864,inf,-0.6,0.5154104315845435,inf,0.0,8,0.00625,0.9875,not read,False
human_split_half | seed=072,gut_diff | sex,-0.2435897435897435,gut_diff,sex,72,32,10,30,13,1.2828947368421058,-20.0,20.0,True,False,undetermined,-1.8150755085899155,1.3278960214104285,6.451362614211234,0.25,True,True,no population gap,satterthwaite,-0.3125,0.8389610120465069,inf,-0.2435897435897435,0.6291717651482014,inf,0.0,8,0.00625,0.9875,not read,False
human_split_half | seed=072,gut_diff | education,-0.1065217391304348,gut_diff,education,72,21,21,20,23,3.12925170068027,-20.0,20.0,True,False,undetermined,-1.4021717313329425,1.1891282530720724,12.163244824758229,0.25,True,True,no population gap,satterthwaite,-0.3333333333333332,0.6576033583153503,inf,-0.1065217391304348,0.5187360972424817,inf,0.0,8,0.00625,0.9875,not read,False
human_split_half | seed=072,gut_diff | age,-0.2934782608695652,gut_diff,age,72,19,23,20,23,0.9746588693957112,-20.0,20.0,True,False,undetermined,-1.500027162614817,0.9130706408756866,4.111203665206044,0.25,True,True,no population gap,satterthwaite,-0.2860411899313499,0.6501126429413248,inf,-0.2934782608695652,0.4830629199168093,inf,0.0,8,0.00625,0.9875,not read,False
human_split_half | seed=073,bjw_score | political_identity,3.679487179487179,bjw_score,political_identity,73,5,27,6,26,0.6160278745644607,-20.0,20.0,True,False,undetermined,-1.780039184805462,9.13901354377982,1.4837737157311013,0.25,True,True,no population gap,satterthwaite,2.2666666666666693,2.1855016335854214,inf,3.679487179487179,2.1858167067105234,inf,0.0,8,0.00625,0.9875,not read,False
human_split_half | seed=073,bjw_score | sex,0.0344827586206903,bjw_score,sex,73,33,9,29,14,-53.02020202020085,-20.0,20.0,True,False,undetermined,-3.5783107087184067,3.647276225959788,104.77101055283158,0.25,True,True,no population gap,satterthwaite,-1.828282828282827,1.903580454780304,inf,0.0344827586206903,1.4464449462966544,inf,0.0,8,0.00625,0.9875,not read,False
human_split_half | seed=073,bjw_score | education,-0.7043478260869556,bjw_score,education,73,18,24,23,20,1.1239711934156411,-20.0,20.0,True,False,undetermined,-4.408407457393825,2.999711805219913,5.2588500938307465,0.25,True,True,no population gap,satterthwaite,-0.7916666666666679,1.6274562004792277,inf,-0.7043478260869556,1.4829849486058078,inf,0.0,8,0.00625,0.9875,not read,False
human_split_half | seed=073,bjw_score | age,-1.441558441558442,bjw_score,age,73,18,24,21,22,0.211961961961963,-20.0,20.0,True,False,undetermined,-5.134131662200543,2.25101477908366,2.5615147566616376,0.25,True,True,no population gap,satterthwaite,-0.3055555555555571,1.6635092540734977,inf,-1.441558441558442,1.47838616353621,inf,0.0,8,0.00625,0.9875,not read,False
human_split_half | seed=073,gut_diff | political_identity,1.1410256410256412,gut_diff,political_identity,73,5,27,6,26,0.2077403245942571,-20.0,20.0,True,False,undetermined,-1.6355491937096895,3.917600475760972,2.433402664150065,0.25,True,True,no population gap,satterthwaite,0.237037037037037,0.8437311964096726,inf,1.1410256410256412,1.1116502158301844,inf,0.0,8,0.00625,0.9875,not read,False
human_split_half | seed=073,gut_diff | sex,-0.4704433497536946,gut_diff,sex,73,33,9,29,14,-0.4508963985403776,-20.0,20.0,True,False,undetermined,-2.416402718492185,1.4755160189847951,4.136437192187575,0.25,True,True,no population gap,satterthwaite,0.2121212121212121,0.4395111062234945,inf,-0.4704433497536946,0.7790988109496121,inf,0.0,8,0.00625,0.9875,not read,False
human_split_half | seed=073,gut_diff | education,-0.9804347826086958,gut_diff,education,73,18,24,23,20,-0.4958117762995812,-20.0,20.0,True,False,undetermined,-2.688824498244067,0.7279549330266758,1.742481749871997,0.25,True,True,no population gap,satterthwaite,0.4861111111111111,0.4337248273713343,inf,-0.9804347826086958,0.6839836522141344,inf,0.0,8,0.00625,0.9875,not read,False
human_split_half | seed=073,gut_diff | age,-0.5432900432900432,gut_diff,age,73,18,24,21,22,0.1789508632138114,-20.0,20.0,True,False,undetermined,-2.2308551477299905,1.1442750611499042,3.106195530881497,0.25,True,True,no population gap,satterthwaite,-0.0972222222222222,0.4325024932040958,inf,-0.5432900432900432,0.6756461555112301,inf,0.0,8,0.00625,0.9875,not read,False
human_split_half | seed=074,bjw_score | political_identity,2.025641025641025,bjw_score,political_identity,74,5,27,6,26,2.19774964838256,-20.0,20.0,True,True,undetermined,-3.8108699815605984,7.8621520328426495,2.8813155605172573,0.25,True,True,no population gap,satterthwaite,4.451851851851853,1.391310320913532,inf,2.025641025641025,2.336749090888234,inf,0.0,8,0.00625,0.9875,not read,False
human_split_half | seed=074,bjw_score | sex,-0.6908602150537639,bjw_score,sex,74,31,11,31,12,0.9890343119915102,-20.0,20.0,True,False,undetermined,-4.492993150719508,3.11127272061198,5.503476467189322,0.25,True,True,no population gap,satterthwaite,-0.6832844574780061,1.6864101163112988,inf,-0.6908602150537639,1.5222503084274943,inf,0.0,8,0.00625,0.9875,not read,False
human_split_half | seed=074,bjw_score | education,-2.3461538461538467,bjw_score,education,74,24,18,17,26,0.0295992714025494,-20.0,20.0,True,False,undetermined,-6.00707471954264,1.3147670272349463,1.5603925034116164,0.25,True,True,no population gap,satterthwaite,-0.0694444444444428,1.5809145692146966,inf,-2.3461538461538467,1.4657135936434462,inf,0.0,8,0.00625,0.9875,not read,False
human_split_half | seed=074,bjw_score | age,-1.2760180995475103,bjw_score,age,74,22,20,17,26,0.8905544809800139,-20.0,20.0,True,False,undetermined,-5.123805591402343,2.571769392307322,3.0154646656025483,0.25,True,True,no population gap,satterthwaite,-1.136363636363637,1.4870473079976865,inf,-1.2760180995475103,1.5405289071550772,inf,0.0,8,0.00625,0.9875,not read,False
human_split_half | seed=074,gut_diff | political_identity,0.4358974358974359,gut_diff,political_identity,74,5,27,6,26,2.464052287581699,-20.0,20.0,True,False,undetermined,-2.3881221740409826,3.259917045835854,6.478633222799901,0.25,True,True,no population gap,satterthwaite,1.074074074074074,0.9609672945002824,inf,0.4358974358974359,1.1306455599983722,inf,0.0,8,0.00625,0.9875,not read,False
human_split_half | seed=074,gut_diff | sex,-0.532258064516129,gut_diff,sex,74,31,11,31,12,-0.1212121212121211,-20.0,20.0,True,False,undetermined,-2.590777851783927,1.526261722751669,3.867522024563742,0.25,True,True,no population gap,satterthwaite,0.064516129032258,0.6039760330533807,inf,-0.532258064516129,0.8241643398835616,inf,0.0,8,0.00625,0.9875,not read,False
human_split_half | seed=074,gut_diff | education,-0.1923076923076923,gut_diff,education,74,24,18,17,26,1.0833333333333337,-20.0,20.0,True,False,undetermined,-1.9022832207264408,1.5176678361110565,8.891872747777493,0.25,True,True,no population gap,satterthwaite,-0.2083333333333333,0.5060589777893503,inf,-0.1923076923076923,0.6846185600512485,inf,0.0,8,0.00625,0.9875,not read,False
human_split_half | seed=074,gut_diff | age,0.002262443438914,gut_diff,age,74,22,20,17,26,-255.1545454545464,-20.0,20.0,True,False,undetermined,-1.6703787065413276,1.6749035934191556,739.3073882912694,0.25,True,True,no population gap,satterthwaite,-0.5772727272727274,0.4739992720573097,inf,0.002262443438914,0.6696710897616505,inf,0.0,8,0.00625,0.9875,not read,False
human_split_half | seed=075,bjw_score | political_identity,3.3315217391304337,bjw_score,political_identity,75,3,30,8,23,1.35073409461664,-20.0,20.0,True,True,undetermined,-1.4044252293437731,8.06746870760464,1.4215566756920952,0.25,True,True,no population gap,satterthwaite,4.5,1.7930788916275724,inf,3.3315217391304337,1.8961190614430183,inf,0.0,8,0.00625,0.9875,not read,False
human_split_half | seed=075,bjw_score | sex,-0.4375,bjw_score,sex,75,30,12,32,11,1.6761904761904785,-20.0,20.0,True,False,undetermined,-4.292697300852966,3.4176973008529665,8.81187954480678,0.25,True,True,no population gap,satterthwaite,-0.7333333333333343,1.7195982315199358,inf,-0.4375,1.5434955535674084,inf,0.0,8,0.00625,0.9875,not read,False
human_split_half | seed=075,bjw_score | education,-1.4112554112554108,bjw_score,education,75,20,22,21,22,0.1256134969325144,-20.0,20.0,True,False,undetermined,-5.015645012166088,2.1931341896552663,2.5540306681299594,0.25,True,True,no population gap,satterthwaite,-0.1772727272727259,1.6252418381647398,inf,-1.4112554112554108,1.4430803116352402,inf,0.0,8,0.00625,0.9875,not read,False
human_split_half | seed=075,bjw_score | age,-2.282805429864254,bjw_score,age,75,22,20,17,26,0.0059735111271278,-20.0,20.0,True,False,undetermined,-5.997600161372489,1.431989301643981,1.627293628668622,0.25,True,True,no population gap,satterthwaite,-0.0136363636363618,1.689991663789384,inf,-2.282805429864254,1.48728293341303,inf,0.0,8,0.00625,0.9875,not read,False
human_split_half | seed=075,gut_diff | political_identity,0.7934782608695652,gut_diff,political_identity,75,3,30,8,23,1.0502283105022832,-20.0,20.0,True,False,undetermined,-1.4487315866235286,3.035688108362659,2.825798711909105,0.25,True,True,no population gap,satterthwaite,0.8333333333333333,1.1218450278447771,inf,0.7934782608695652,0.8977078628388053,inf,0.0,8,0.00625,0.9875,not read,False
human_split_half | seed=075,gut_diff | sex,-0.5170454545454546,gut_diff,sex,75,30,12,32,11,-0.0322344322344325,-20.0,20.0,True,False,undetermined,-2.6081186283098705,1.5740277192189611,4.044273391016892,0.25,True,True,no population gap,satterthwaite,0.0166666666666668,0.5983679000648721,inf,-0.5170454545454546,0.8371976565700965,inf,0.0,8,0.00625,0.9875,not read,False
human_split_half | seed=075,gut_diff | education,0.0497835497835499,gut_diff,education,75,20,22,21,22,-9.404347826086928,-20.0,20.0,True,False,undetermined,-1.3561229110210753,1.4556900105881752,28.24038195181456,0.25,True,True,no population gap,satterthwaite,-0.4681818181818181,0.5655284767942116,inf,0.0497835497835499,0.562879199594665,inf,0.0,8,0.00625,0.9875,not read,False
human_split_half | seed=075,gut_diff | age,0.3710407239819004,gut_diff,age,75,22,20,17,26,-2.597117516629712,-20.0,20.0,True,False,undetermined,-1.134014187316588,1.876095635280389,4.056306529231292,0.25,True,True,no population gap,satterthwaite,-0.9636363636363636,0.6074312162154614,inf,0.3710407239819004,0.6025750129442223,inf,0.0,8,0.00625,0.9875,not read,False
human_split_half | seed=076,bjw_score | political_identity,1.93,bjw_score,political_identity,76,7,28,4,25,1.905995558845301,-20.0,20.0,True,False,undetermined,-4.621716354540622,8.481716354540621,3.394671686290478,0.25,True,True,no population gap,satterthwaite,3.678571428571431,1.9615628749639376,inf,1.93,2.62309403963084,inf,0.0,8,0.00625,0.9875,not read,False
human_split_half | seed=076,bjw_score | sex,-2.225806451612904,bjw_score,sex,76,31,11,31,12,-0.4677206851119885,-20.0,20.0,True,False,undetermined,-6.250577909825357,1.7989650065995493,1.808230655138928,0.25,True,True,no population gap,satterthwaite,1.0410557184750715,1.5679752388161892,inf,-2.225806451612904,1.611387528337778,inf,0.0,8,0.00625,0.9875,not read,False
human_split_half | seed=076,bjw_score | education,-0.716450216450216,bjw_score,education,76,19,23,22,21,1.2999509149861377,-20.0,20.0,True,False,undetermined,-4.693525618925241,3.260625186024809,5.55108409650593,0.25,True,True,no population gap,satterthwaite,-0.9313501144164746,1.602676915774837,inf,-0.716450216450216,1.592291579620151,inf,0.0,8,0.00625,0.9875,not read,False
human_split_half | seed=076,bjw_score | age,1.4108695652173893,bjw_score,age,76,19,23,20,23,-2.3631497850944827,-20.0,20.0,True,False,undetermined,-2.375425276491869,5.197164406926648,2.683660442505796,0.25,True,True,no population gap,satterthwaite,-3.33409610983982,1.4986380100595198,inf,1.4108695652173893,1.5159092509689285,inf,0.0,8,0.00625,0.9875,not read,False
human_split_half | seed=076,gut_diff | political_identity,-0.52,gut_diff,political_identity,76,7,28,4,25,-2.4725274725274726,-20.0,3.1350213268373768,True,False,undetermined,-1.082886149058543,0.042886149058543,1.0824733635741213,0.25,True,True,no population gap,satterthwaite,1.2857142857142858,0.9293869483118417,inf,-0.52,0.2253612981219708,inf,0.0,8,0.00625,0.9875,not read,False
human_split_half | seed=076,gut_diff | sex,-0.3494623655913978,gut_diff,sex,76,31,11,31,12,0.511888111888112,-20.0,20.0,True,False,undetermined,-1.552341434392129,0.8534167032093328,3.44208471995286,0.25,True,True,no population gap,satterthwaite,-0.1788856304985338,0.9272400869041976,inf,-0.3494623655913978,0.4815936382198776,inf,0.0,8,0.00625,0.9875,not read,False
human_split_half | seed=076,gut_diff | education,-0.2597402597402597,gut_diff,education,76,19,23,22,21,0.1145308924485126,-20.0,20.0,True,False,undetermined,-1.2640665795848882,0.7445860601043686,3.8666563314018174,0.25,True,True,no population gap,satterthwaite,-0.0297482837528604,0.6899099030808769,inf,-0.2597402597402597,0.4020995783193574,inf,0.0,8,0.00625,0.9875,not read,False
human_split_half | seed=076,gut_diff | age,-0.3391304347826086,gut_diff,age,76,19,23,20,23,0.6545209176788127,-20.0,20.0,True,False,undetermined,-1.344348498195476,0.6660876286302587,2.96410454596102,0.25,True,True,no population gap,satterthwaite,-0.2219679633867277,0.6855441719672684,inf,-0.3391304347826086,0.4024566034273057,inf,0.0,8,0.00625,0.9875,not read,False
human_split_half | seed=077,bjw_score | political_identity,2.240000000000002,bjw_score,political_identity,77,6,28,5,25,1.6528486394557809,-20.0,20.0,True,False,undetermined,-3.4822706127921537,7.962270612792158,2.554585094996496,0.25,True,True,no population gap,satterthwaite,3.702380952380953,2.192906290738726,inf,2.240000000000002,2.291010954277226,inf,0.0,8,0.00625,0.9875,not read,False
human_split_half | seed=077,bjw_score | sex,0.2832512315270961,bjw_score,sex,77,33,9,29,14,-5.3491436100131295,-20.0,20.0,True,False,undetermined,-3.878872765016284,4.445375228070476,14.694107326926932,0.25,True,True,no population gap,satterthwaite,-1.5151515151515156,1.4255739568933448,inf,0.2832512315270961,1.666379015320319,inf,0.0,8,0.00625,0.9875,not read,False
human_split_half | seed=077,bjw_score | education,-0.7127192982456165,bjw_score,education,77,22,20,19,24,1.045930069930067,-20.0,20.0,True,False,undetermined,-4.602852438631048,3.177413842139816,5.458156036971541,0.25,True,True,no population gap,satterthwaite,-0.745454545454546,1.5625349716130066,inf,-0.7127192982456165,1.557482726925974,inf,0.0,8,0.00625,0.9875,not read,False
human_split_half | seed=077,bjw_score | age,1.5950226244343888,bjw_score,age,77,22,20,17,26,-1.963494519664733,-20.0,20.0,True,False,undetermined,-2.3822013009138128,5.572246549782591,2.4935219503601496,0.25,True,True,no population gap,satterthwaite,-3.1318181818181827,1.5296819872770249,inf,1.5950226244343888,1.59235104334573,inf,0.0,8,0.00625,0.9875,not read,False
human_split_half | seed=077,gut_diff | political_identity,0.1599999999999999,gut_diff,political_identity,77,6,28,5,25,7.738095238095241,-20.0,20.0,True,False,undetermined,-2.485593753048027,2.8055937530480275,16.53496095655018,0.25,True,True,no population gap,satterthwaite,1.238095238095238,1.0297635624109671,inf,0.1599999999999999,1.0592096527645607,inf,0.0,8,0.00625,0.9875,not read,False
human_split_half | seed=077,gut_diff | sex,-0.603448275862069,gut_diff,sex,77,33,9,29,14,-0.3849927849927849,-20.0,20.0,True,False,undetermined,-2.4531000497498607,1.2462034980257228,3.065137225299769,0.25,True,True,no population gap,satterthwaite,0.2323232323232322,0.6060112739314543,inf,-0.603448275862069,0.7405403837599233,inf,0.0,8,0.00625,0.9875,not read,False
human_split_half | seed=077,gut_diff | education,-0.6381578947368421,gut_diff,education,77,22,20,19,24,-0.3632614807872541,-20.0,20.0,True,False,undetermined,-2.1322230491963694,0.8559072597226852,2.3412154997716303,0.25,True,True,no population gap,satterthwaite,0.2318181818181819,0.5419182909134176,inf,-0.6381578947368421,0.598175071905674,inf,0.0,8,0.00625,0.9875,not read,False
human_split_half | seed=077,gut_diff | age,0.0407239819004525,gut_diff,age,77,22,20,17,26,-15.403030303030272,-20.0,20.0,True,False,undetermined,-1.5137897396070803,1.5952377034079854,38.17194805035157,0.25,True,True,no population gap,satterthwaite,-0.6272727272727272,0.5500767076966155,inf,0.0407239819004525,0.6223767111933636,inf,0.0,8,0.00625,0.9875,not read,False
human_split_half | seed=078,bjw_score | political_identity,1.3555555555555578,bjw_score,political_identity,78,6,26,5,27,3.139974779319036,-20.0,20.0,True,True,undetermined,-5.259220453182016,7.970331564293131,4.879752793330988,0.25,True,True,no population gap,satterthwaite,4.256410256410256,1.476967002612574,inf,1.3555555555555578,2.648341073249835,inf,0.0,8,0.00625,0.9875,not read,False
human_split_half | seed=078,bjw_score | sex,-2.1285714285714263,bjw_score,sex,78,34,8,28,15,-0.4352546387682591,-20.0,20.0,True,False,undetermined,-5.910870811964891,1.6537279548220387,1.7769191734063277,0.25,True,True,no population gap,satterthwaite,0.9264705882352936,1.7425160548904135,inf,-2.1285714285714263,1.514309599468984,inf,0.0,8,0.00625,0.9875,not read,False
human_split_half | seed=078,bjw_score | education,-2.5899122807017534,bjw_score,education,78,22,20,19,24,-0.2948502809637435,-20.0,20.0,True,False,undetermined,-6.155392658581654,0.9755680971781476,1.3766799765565076,0.25,True,True,no population gap,satterthwaite,0.7636363636363619,1.6753126929691686,inf,-2.5899122807017534,1.4275023248153496,inf,0.0,8,0.00625,0.9875,not read,False
human_split_half | seed=078,bjw_score | age,-0.3999999999999986,bjw_score,age,78,19,23,20,23,3.6041189931350233,-20.0,20.0,True,False,undetermined,-3.9794610723565103,3.179461072356513,8.94865268089131,0.25,True,True,no population gap,satterthwaite,-1.4416475972540042,1.6252981922918963,inf,-0.3999999999999986,1.433099739960784,inf,0.0,8,0.00625,0.9875,not read,False
human_split_half | seed=078,gut_diff | political_identity,1.1777777777777776,gut_diff,political_identity,78,6,26,5,27,0.3483309143686501,-20.0,20.0,True,False,undetermined,-1.771474203456482,4.1270297590120375,2.5040818708592774,0.25,True,True,no population gap,satterthwaite,0.4102564102564101,0.9329637123657346,inf,1.1777777777777776,1.180784526482673,inf,0.0,8,0.00625,0.9875,not read,False
human_split_half | seed=078,gut_diff | sex,-1.080952380952381,gut_diff,sex,78,34,8,28,15,-0.9999352163772997,-20.0,20.0,True,False,undetermined,-2.7048304618219525,0.5429256999171905,1.5022660660026872,0.25,True,True,no population gap,satterthwaite,1.0808823529411764,0.6183007660475495,inf,-1.080952380952381,0.6501479436093208,inf,0.0,8,0.00625,0.9875,not read,False
human_split_half | seed=078,gut_diff | education,0.5570175438596491,gut_diff,education,78,22,20,19,24,-1.7136721546170368,-20.0,20.0,True,False,undetermined,-0.8860034893327936,2.000038577052092,2.5906204375423383,0.25,True,True,no population gap,satterthwaite,-0.9545454545454546,0.6139009058207932,inf,0.5570175438596491,0.5777386666939176,inf,0.0,8,0.00625,0.9875,not read,False
human_split_half | seed=078,gut_diff | age,0.1630434782608696,gut_diff,age,78,19,23,20,23,-4.715789473684208,-20.0,20.0,True,False,undetermined,-1.2730040327112462,1.5990909892329854,8.80775806729564,0.25,True,True,no population gap,satterthwaite,-0.7688787185354691,0.5685943236087454,inf,0.1630434782608696,0.5749466953109234,inf,0.0,8,0.00625,0.9875,not read,False
human_split_half | seed=079,bjw_score | political_identity,4.208333333333336,bjw_score,political_identity,79,5,29,6,24,0.4523045407989071,-20.0,20.0,True,False,undetermined,-1.2619829043064843,9.678649570973157,1.2998771257757982,0.25,True,True,no population gap,satterthwaite,1.9034482758620683,2.3182052439966547,inf,4.208333333333336,2.1901366209030453,inf,0.0,8,0.00625,0.9875,not read,False
human_split_half | seed=079,bjw_score | sex,-2.2414772727272734,bjw_score,sex,79,30,12,32,11,-0.3792141951837774,-20.0,20.0,True,False,undetermined,-6.144876486213497,1.6619219407589505,1.741440460262548,0.25,True,True,no population gap,satterthwaite,0.8500000000000014,1.6020670344214107,inf,-2.2414772727272734,1.5627940309258606,inf,0.0,8,0.00625,0.9875,not read,False
human_split_half | seed=079,bjw_score | education,-2.112554112554111,bjw_score,education,79,20,22,21,22,-0.2345286885245905,-20.0,20.0,True,False,undetermined,-5.892701249067455,1.6675930239592334,1.7893729273249654,0.25,True,True,no population gap,satterthwaite,0.495454545454546,1.5863594528898075,inf,-2.112554112554111,1.5134479098509428,inf,0.0,8,0.00625,0.9875,not read,False
human_split_half | seed=079,bjw_score | age,-0.1782608695652179,bjw_score,age,79,16,26,23,20,10.787992495309538,-20.0,20.0,True,False,undetermined,-4.048028602455307,3.691506863324871,21.708453135724827,0.25,True,True,no population gap,satterthwaite,-1.923076923076924,1.5723604367285822,inf,-0.1782608695652179,1.5493290804423827,inf,0.0,8,0.00625,0.9875,not read,False
human_split_half | seed=079,gut_diff | political_identity,2.375,gut_diff,political_identity,79,5,29,6,24,-0.4413793103448275,-20.0,20.0,True,True,reversed or missing,-0.0971339315406529,4.847133931540653,1.040898497490801,0.25,True,True,no population gap,satterthwaite,-1.0482758620689654,0.584764655281025,inf,2.375,0.9897619845064428,inf,0.0,8,0.00625,0.9875,not read,False
human_split_half | seed=079,gut_diff | sex,-0.2073863636363635,gut_diff,sex,79,30,12,32,11,1.4465753424657544,-20.0,20.0,True,False,undetermined,-1.831279341964702,1.416506614691975,7.830278470843499,0.25,True,True,no population gap,satterthwaite,-0.3,0.7834682444959764,inf,-0.2073863636363635,0.6501539080670571,inf,0.0,8,0.00625,0.9875,not read,False
human_split_half | seed=079,gut_diff | education,-0.7813852813852813,gut_diff,education,79,20,22,21,22,-0.4828254847645429,-20.0,20.0,True,False,undetermined,-1.9523130708956573,0.3895425081250949,1.498528085190565,0.25,True,True,no population gap,satterthwaite,0.3772727272727272,0.6557146322887824,inf,-0.7813852813852813,0.4688013856665411,inf,0.0,8,0.00625,0.9875,not read,False
human_split_half | seed=079,gut_diff | age,-0.1695652173913044,gut_diff,age,79,16,26,23,20,3.118836291913212,-20.0,20.0,True,False,undetermined,-1.4209767264249829,1.081846291642374,7.380119155839636,0.25,True,True,no population gap,satterthwaite,-0.5288461538461537,0.6687975142420437,inf,-0.1695652173913044,0.5010244480740859,inf,0.0,8,0.00625,0.9875,not read,False
human_split_half | seed=080,bjw_score | political_identity,0.6933333333333316,bjw_score,political_identity,80,5,28,6,25,8.231456043956067,-20.0,20.0,True,True,undetermined,-5.295974643064575,6.682641309731238,8.63842496595854,0.25,True,True,no population gap,satterthwaite,5.707142857142859,1.3276215584259354,inf,0.6933333333333316,2.397924025437202,inf,0.0,8,0.00625,0.9875,not read,False
human_split_half | seed=080,bjw_score | sex,-0.4411764705882355,bjw_score,sex,80,28,14,34,9,2.185714285714279,-20.0,20.0,True,False,undetermined,-5.36818618577063,4.485833244594159,11.167888687746755,0.25,True,True,no population gap,satterthwaite,-0.9642857142857116,1.454438806205429,inf,-0.4411764705882355,1.9726143681634327,inf,0.0,8,0.00625,0.9875,not read,False
human_split_half | seed=080,bjw_score | education,-2.486842105263157,bjw_score,education,80,22,20,19,24,-0.3783549783549786,-20.0,20.0,True,False,undetermined,-6.557659052271173,1.5839748417448585,1.63694226440534,0.25,True,True,no population gap,satterthwaite,0.9409090909090914,1.4554644697354162,inf,-2.486842105263157,1.6298226437602925,inf,0.0,8,0.00625,0.9875,not read,False
human_split_half | seed=080,bjw_score | age,-1.497826086956522,bjw_score,age,80,19,23,20,23,0.2383316782522356,-20.0,20.0,True,False,undetermined,-5.567704676371118,2.5720525024580745,2.717190349972009,0.25,True,True,no population gap,satterthwaite,-0.3569794050343269,1.4633593696481038,inf,-1.497826086956522,1.6294469559134528,inf,0.0,8,0.00625,0.9875,not read,False
human_split_half | seed=080,gut_diff | political_identity,0.3400000000000001,gut_diff,political_identity,80,5,28,6,25,3.5294117647058822,-20.0,20.0,True,False,undetermined,-2.255103460140573,2.935103460140573,7.632657235707566,0.25,True,True,no population gap,satterthwaite,1.2000000000000002,1.068172188692675,inf,0.3400000000000001,1.038994982406774,inf,0.0,8,0.00625,0.9875,not read,False
human_split_half | seed=080,gut_diff | sex,0.1405228758169934,gut_diff,sex,80,28,14,34,9,-3.5581395348837224,-20.0,20.0,True,False,undetermined,-1.2959372023206472,1.576982953954634,10.2222507886074,0.25,True,True,no population gap,satterthwaite,-0.5,0.7239291592584525,inf,0.1405228758169934,0.5751118737793236,inf,0.0,8,0.00625,0.9875,not read,False
human_split_half | seed=080,gut_diff | education,-0.1885964912280701,gut_diff,education,80,22,20,19,24,1.3496828752642716,-20.0,20.0,True,False,undetermined,-1.6707255361682067,1.2935325537120663,7.8587307499151455,0.25,True,True,no population gap,satterthwaite,-0.2545454545454546,0.5782113219752917,inf,-0.1885964912280701,0.5933962420476023,inf,0.0,8,0.00625,0.9875,not read,False
human_split_half | seed=080,gut_diff | age,-0.0934782608695652,gut_diff,age,80,19,23,20,23,5.312117503059974,-20.0,20.0,True,False,undetermined,-1.5567878566538584,1.369831334914728,15.654009629320344,0.25,True,True,no population gap,satterthwaite,-0.4965675057208237,0.5530448998498095,inf,-0.0934782608695652,0.5858615469786352,inf,0.0,8,0.00625,0.9875,not read,False
human_split_half | seed=081,bjw_score | political_identity,3.5230769230769248,bjw_score,political_identity,81,6,27,5,26,0.699094290797347,-20.0,20.0,True,False,undetermined,-1.7617578000088503,8.807911646162701,1.5000622576444334,0.25,True,True,no population gap,satterthwaite,2.462962962962962,2.250622391433939,inf,3.5230769230769248,2.115875857927367,inf,0.0,8,0.00625,0.9875,not read,False
human_split_half | seed=081,bjw_score | sex,-2.056410256410256,bjw_score,sex,81,32,10,30,13,-0.3403990024937652,-20.0,20.0,True,False,undetermined,-5.35695888676338,1.2441383739428675,1.6050049449348112,0.25,True,True,no population gap,satterthwaite,0.6999999999999993,1.9772253947334408,inf,-2.056410256410256,1.321432273817973,inf,0.0,8,0.00625,0.9875,not read,False
human_split_half | seed=081,bjw_score | education,-0.1652173913043491,bjw_score,education,81,21,21,20,23,9.79949874686708,-20.0,20.0,True,False,undetermined,-3.63256083309817,3.302126050489472,20.98655241085717,0.25,True,True,no population gap,satterthwaite,-1.6190476190476168,1.667714974308478,inf,-0.1652173913043491,1.3882114889206263,inf,0.0,8,0.00625,0.9875,not read,False
human_split_half | seed=081,bjw_score | age,-0.0238095238095255,bjw_score,age,81,18,24,21,22,69.41666666666177,-20.0,20.0,True,False,undetermined,-3.5251345708545108,3.47751552323546,147.05565197587893,0.25,True,True,no population gap,satterthwaite,-1.6527777777777786,1.6503187987024162,inf,-0.0238095238095255,1.4018166179231422,inf,0.0,8,0.00625,0.9875,not read,False
human_split_half | seed=081,gut_diff | political_identity,1.3461538461538465,gut_diff,political_identity,81,6,27,5,26,0.1375661375661376,-20.0,20.0,True,False,undetermined,-1.8440243445389304,4.536332036846623,2.369846655943205,0.25,True,True,no population gap,satterthwaite,0.1851851851851853,0.9306123871796632,inf,1.3461538461538465,1.2772435411626208,inf,0.0,8,0.00625,0.9875,not read,False
human_split_half | seed=081,gut_diff | sex,-0.1666666666666666,gut_diff,sex,81,32,10,30,13,2.475000000000001,-20.0,20.0,True,False,undetermined,-1.617250930755283,1.28391759742195,8.703505584531701,0.25,True,True,no population gap,satterthwaite,-0.4125000000000001,0.8502298482115862,inf,-0.1666666666666666,0.5807667382419717,inf,0.0,8,0.00625,0.9875,not read,False
human_split_half | seed=081,gut_diff | education,-0.3434782608695652,gut_diff,education,81,21,21,20,23,0.2772754671488845,-20.0,20.0,True,False,undetermined,-1.4548602235440042,0.7679037018048738,3.2356690052546955,0.25,True,True,no population gap,satterthwaite,-0.0952380952380951,0.6916342581983087,inf,-0.3434782608695652,0.4449611741851653,inf,0.0,8,0.00625,0.9875,not read,False
human_split_half | seed=081,gut_diff | age,-0.145021645021645,gut_diff,age,81,18,24,21,22,2.7773631840796007,-20.0,20.0,True,False,undetermined,-1.2643568791628887,0.9743135891195986,7.718401166764992,0.25,True,True,no population gap,satterthwaite,-0.4027777777777777,0.6473232912048464,inf,-0.145021645021645,0.4481454052860253,inf,0.0,8,0.00625,0.9875,not read,False
human_split_half | seed=082,bjw_score | political_identity,2.591111111111111,bjw_score,political_identity,82,2,28,9,25,1.5437392795883362,-20.0,20.0,True,True,undetermined,-2.08902956447272,7.271251786694941,1.8062292487244629,0.25,True,True,no population gap,satterthwaite,4.0,1.0384749704379748,inf,2.591111111111111,1.873776037671364,inf,0.0,8,0.00625,0.9875,not read,False
human_split_half | seed=082,bjw_score | sex,-1.2443181818181834,bjw_score,sex,82,30,12,32,11,0.0401826484018241,-20.0,20.0,True,False,undetermined,-4.614925333867624,2.126288970231257,2.708798441829684,0.25,True,True,no population gap,satterthwaite,-0.0499999999999971,1.9086925394027008,inf,-1.2443181818181834,1.349481426244969,inf,0.0,8,0.00625,0.9875,not read,False
human_split_half | seed=082,bjw_score | education,-2.0444444444444443,bjw_score,education,82,16,26,25,18,-0.2586747491638793,-20.0,20.0,True,False,undetermined,-5.2172201259510045,1.128331237062116,1.5519011485629914,0.25,True,True,no population gap,satterthwaite,0.5288461538461533,1.6448422270173693,inf,-2.0444444444444443,1.2702761427511573,inf,0.0,8,0.00625,0.9875,not read,False
human_split_half | seed=082,bjw_score | age,-1.4932126696832595,bjw_score,age,82,22,20,17,26,0.3226721763085411,-20.0,20.0,True,False,undetermined,-4.901171953883653,1.9147466145171337,2.2823000054796547,0.25,True,True,no population gap,satterthwaite,-0.4818181818181841,1.7466527990394032,inf,-1.4932126696832595,1.364436004543336,inf,0.0,8,0.00625,0.9875,not read,False
human_split_half | seed=082,gut_diff | political_identity,1.2622222222222224,gut_diff,political_identity,82,2,28,9,25,-0.9337273641851106,-20.0,20.0,True,True,reversed or missing,-0.746799744475465,3.2712441889199098,1.591654727137252,0.25,True,True,no population gap,satterthwaite,-1.1785714285714286,0.4016480095846341,inf,1.2622222222222224,0.804347023155222,inf,0.0,8,0.00625,0.9875,not read,False
human_split_half | seed=082,gut_diff | sex,-0.5142045454545454,gut_diff,sex,82,30,12,32,11,-0.0,-20.0,20.0,True,False,undetermined,-2.406703291355864,1.3782942004467735,3.680439550040135,0.25,True,True,no population gap,satterthwaite,0.0,0.7392159723642326,inf,-0.5142045454545454,0.7576949171406335,inf,0.0,8,0.00625,0.9875,not read,False
human_split_half | seed=082,gut_diff | education,-0.2933333333333332,gut_diff,education,82,16,26,25,18,0.6883741258741259,-20.0,20.0,True,False,undetermined,-1.850188337977705,1.2635216713110389,5.307460243105815,0.25,True,True,no population gap,satterthwaite,-0.2019230769230768,0.6138404017759858,inf,-0.2933333333333332,0.623314084777474,inf,0.0,8,0.00625,0.9875,not read,False
human_split_half | seed=082,gut_diff | age,0.0226244343891404,gut_diff,age,82,22,20,17,26,-25.314545454545296,-20.0,20.0,True,False,undetermined,-1.4249525367444356,1.4702014055227164,63.98290212410366,0.25,True,True,no population gap,satterthwaite,-0.5727272727272728,0.5971508838478037,inf,0.0226244343891404,0.5795627159981938,inf,0.0,8,0.00625,0.9875,not read,False
human_split_half | seed=083,bjw_score | political_identity,2.2747252747252737,bjw_score,political_identity,83,4,27,7,26,1.9416264090177149,-20.0,20.0,True,True,undetermined,-3.401634534999122,7.951085084449669,2.495404554033431,0.25,True,True,no population gap,satterthwaite,4.416666666666668,1.3051768118035978,inf,2.2747252747252737,2.272629762637536,inf,0.0,8,0.00625,0.9875,not read,False
human_split_half | seed=083,bjw_score | sex,-1.4876847290640391,bjw_score,sex,83,33,9,29,14,-0.190113051040204,-20.0,20.0,True,False,undetermined,-4.604270709186487,1.628901251058409,2.0949236886253546,0.25,True,True,no population gap,satterthwaite,0.2828282828282837,2.2986823290272107,inf,-1.4876847290640391,1.2477796146944822,inf,0.0,8,0.00625,0.9875,not read,False
human_split_half | seed=083,bjw_score | education,-0.0865800865800885,bjw_score,education,83,20,22,21,22,18.007499999999588,-20.0,20.0,True,False,undetermined,-3.471458137729599,3.298297964569422,39.095341490775965,0.25,True,True,no population gap,satterthwaite,-1.5590909090909086,1.6936847528093693,inf,-0.0865800865800885,1.355195029878561,inf,0.0,8,0.00625,0.9875,not read,False
human_split_half | seed=083,bjw_score | age,-0.6238095238095234,bjw_score,age,83,24,18,15,28,2.493638676844788,-20.0,20.0,True,False,undetermined,-4.487775355030807,3.24015630741176,6.194143698904352,0.25,True,True,no population gap,satterthwaite,-1.5555555555555571,1.8042196816358829,inf,-0.6238095238095234,1.547006187804422,inf,0.0,8,0.00625,0.9875,not read,False
human_split_half | seed=083,gut_diff | political_identity,0.6098901098901098,gut_diff,political_identity,83,4,27,7,26,1.745912579245913,-20.0,20.0,True,False,undetermined,-1.5273818390624556,2.7471620588426755,3.504355808192495,0.25,True,True,no population gap,satterthwaite,1.0648148148148149,1.3300656791664127,inf,0.6098901098901098,0.8556941428763595,inf,0.0,8,0.00625,0.9875,not read,False
human_split_half | seed=083,gut_diff | sex,-0.4211822660098521,gut_diff,sex,83,33,9,29,14,0.2877901825270245,-20.0,20.0,True,False,undetermined,-1.862067785607256,1.0197032535875517,3.42104983015524,0.25,True,True,no population gap,satterthwaite,-0.1212121212121211,0.9620832386594992,inf,-0.4211822660098521,0.5768836765387325,inf,0.0,8,0.00625,0.9875,not read,False
human_split_half | seed=083,gut_diff | education,0.1363636363636363,gut_diff,education,83,20,22,21,22,-4.033333333333334,-20.0,20.0,True,False,undetermined,-1.1278417583568334,1.4005690310841064,9.270839561283449,0.25,True,True,no population gap,satterthwaite,-0.55,0.636256050808782,inf,0.1363636363636363,0.5061467035980881,inf,0.0,8,0.00625,0.9875,not read,False
human_split_half | seed=083,gut_diff | age,0.3119047619047619,gut_diff,age,83,24,18,15,28,-3.339694656488549,-20.0,20.0,True,False,undetermined,-1.0382441357931262,1.66205365960265,4.328721656741321,0.25,True,True,no population gap,satterthwaite,-1.0416666666666663,0.6665750422052178,inf,0.3119047619047619,0.5405556856427431,inf,0.0,8,0.00625,0.9875,not read,False
human_split_half | seed=084,bjw_score | political_identity,0.7884615384615401,bjw_score,political_identity,84,7,27,4,26,5.0731707317073065,-20.0,20.0,True,True,undetermined,-7.19372844767646,8.77065152459954,10.123753153150613,0.25,True,True,no population gap,satterthwaite,4.0,1.311232582828087,inf,0.7884615384615401,3.195809135010646,inf,0.0,8,0.00625,0.9875,not read,False
human_split_half | seed=084,bjw_score | sex,-2.0769230769230766,bjw_score,sex,84,32,10,30,13,-0.3731481481481475,-20.0,20.0,True,False,undetermined,-6.328781822080219,2.174935668234066,2.047191247668254,0.25,True,True,no population gap,satterthwaite,0.7749999999999986,1.3919773183922466,inf,-2.0769230769230766,1.7023058887530194,inf,0.0,8,0.00625,0.9875,not read,False
human_split_half | seed=084,bjw_score | education,-2.3441558441558463,bjw_score,education,84,20,22,21,22,-0.3335180055401672,-20.0,20.0,True,False,undetermined,-6.00457454180465,1.3162628534929572,1.561508253290624,0.25,True,True,no population gap,satterthwaite,0.7818181818181849,1.5926099247751706,inf,-2.3441558441558463,1.4655125388176369,inf,0.0,8,0.00625,0.9875,not read,False
human_split_half | seed=084,bjw_score | age,0.3533333333333317,bjw_score,age,84,21,21,18,25,-7.008086253369299,-20.0,20.0,True,False,undetermined,-3.686235308770076,4.39290197543674,11.432741439915358,0.25,True,True,no population gap,satterthwaite,-2.4761904761904745,1.5699123520157467,inf,0.3533333333333317,1.6173118392766646,inf,0.0,8,0.00625,0.9875,not read,False
human_split_half | seed=084,gut_diff | political_identity,0.1730769230769231,gut_diff,political_identity,84,7,27,4,26,6.17519106407995,-20.0,20.0,True,False,undetermined,-3.098216734211276,3.444370580365121,18.90080779766514,0.25,True,True,no population gap,satterthwaite,1.0687830687830686,0.8991643710197742,inf,0.1730769230769231,1.30971953454119,inf,0.0,8,0.00625,0.9875,not read,False
human_split_half | seed=084,gut_diff | sex,-1.0692307692307692,gut_diff,sex,84,32,10,30,13,-0.6663669064748202,-20.0,20.0,True,False,undetermined,-2.876842847725513,0.7383813092639748,1.69057244751307,0.25,True,True,no population gap,satterthwaite,0.7125,0.5933562237445865,inf,-1.0692307692307692,0.7237090576697797,inf,0.0,8,0.00625,0.9875,not read,False
human_split_half | seed=084,gut_diff | education,-0.0454545454545454,gut_diff,education,84,20,22,21,22,8.100000000000007,-20.0,20.0,True,False,undetermined,-1.4958327513023322,1.4049236603932411,31.908320528651338,0.25,True,True,no population gap,satterthwaite,-0.3681818181818181,0.5745759035147683,inf,-0.0454545454545454,0.580684239227349,inf,0.0,8,0.00625,0.9875,not read,False
human_split_half | seed=084,gut_diff | age,0.3422222222222223,gut_diff,age,84,21,21,18,25,-2.782931354359925,-20.0,20.0,True,False,undetermined,-1.2100462014477498,1.8944906458921944,4.535849289944722,0.25,True,True,no population gap,satterthwaite,-0.9523809523809524,0.5618575509708393,inf,0.3422222222222223,0.6214777669997829,inf,0.0,8,0.00625,0.9875,not read,False
human_split_half | seed=085,bjw_score | political_identity,2.3485714285714288,bjw_score,political_identity,85,4,28,7,25,1.4902676399026762,-20.0,20.0,True,False,undetermined,-1.8808931185156863,6.578035975658544,1.800866899611302,0.25,True,True,no population gap,satterthwaite,3.5,3.140855517140931,inf,2.3485714285714288,1.693339980538893,inf,0.0,8,0.00625,0.9875,not read,False
human_split_half | seed=085,bjw_score | sex,-1.3393939393939365,bjw_score,sex,85,29,13,33,10,0.3109209405043413,-20.0,20.0,True,False,undetermined,-5.407151439101336,2.728363560313463,3.037013517881097,0.25,True,True,no population gap,satterthwaite,-0.4164456233421774,1.6406424661276249,inf,-1.3393939393939365,1.6285977406136154,inf,0.0,8,0.00625,0.9875,not read,False
human_split_half | seed=085,bjw_score | education,-0.6666666666666679,bjw_score,education,85,22,20,19,24,0.9886363636363632,-20.0,20.0,True,False,undetermined,-3.8602828338220414,2.526949500488707,4.790424250733054,0.25,True,True,no population gap,satterthwaite,-0.6590909090909101,1.72430283172012,inf,-0.6666666666666679,1.2786199950686543,inf,0.0,8,0.00625,0.9875,not read,False
human_split_half | seed=085,bjw_score | age,1.125,bjw_score,age,85,20,22,19,24,-2.553535353535354,-20.0,20.0,True,False,undetermined,-2.18622388743677,4.436223887436769,2.9433101221660176,0.25,True,True,no population gap,satterthwaite,-2.872727272727273,1.6449321462056297,inf,1.125,1.3257062993881168,inf,0.0,8,0.00625,0.9875,not read,False
human_split_half | seed=085,gut_diff | political_identity,0.6685714285714286,gut_diff,political_identity,85,4,28,7,25,1.709401709401709,-20.0,20.0,True,False,undetermined,-1.7048642463006751,3.0420071034435323,3.550010624808702,0.25,True,True,no population gap,satterthwaite,1.1428571428571428,1.0391494076324452,inf,0.6685714285714286,0.9502464141155176,inf,0.0,8,0.00625,0.9875,not read,False
human_split_half | seed=085,gut_diff | sex,-0.4303030303030302,gut_diff,sex,85,29,13,33,10,0.1972578174618,-20.0,20.0,True,False,undetermined,-2.169360073787904,1.3087540131818434,4.041470594014144,0.25,True,True,no population gap,satterthwaite,-0.0848806366047745,0.7704097426732842,inf,-0.4303030303030302,0.6962618523895255,inf,0.0,8,0.00625,0.9875,not read,False
human_split_half | seed=085,gut_diff | education,-0.5964912280701754,gut_diff,education,85,22,20,19,24,-0.304812834224599,-20.0,20.0,True,False,undetermined,-1.8176407232844445,0.6246582671440933,2.047221212565098,0.25,True,True,no population gap,satterthwaite,0.1818181818181818,0.6982111430463936,inf,-0.5964912280701754,0.4889085224476802,inf,0.0,8,0.00625,0.9875,not read,False
human_split_half | seed=085,gut_diff | age,-0.9736842105263158,gut_diff,age,85,20,22,19,24,-0.4014742014742015,-20.0,20.0,True,False,undetermined,-2.084583036104415,0.1372146150517831,1.1409231181612909,0.25,True,True,no population gap,satterthwaite,0.390909090909091,0.6780087734311774,inf,-0.9736842105263158,0.4447677418127678,inf,0.0,8,0.00625,0.9875,not read,False
human_split_half | seed=086,bjw_score | political_identity,2.3925925925925924,bjw_score,political_identity,86,6,26,5,27,1.500357227911408,-20.0,20.0,True,False,undetermined,-3.261112358516068,8.046297543701254,2.363003617336437,0.25,True,True,no population gap,satterthwaite,3.589743589743591,2.214837418971352,inf,2.3925925925925924,2.263559494422638,inf,0.0,8,0.00625,0.9875,not read,False
human_split_half | seed=086,bjw_score | sex,-0.8846153846153832,bjw_score,sex,86,32,10,30,13,0.2614130434782604,-20.0,20.0,True,False,undetermined,-4.7767779578268375,3.0075471885960705,4.399835952325998,0.25,True,True,no population gap,satterthwaite,-0.2312499999999993,1.776601724748739,inf,-0.8846153846153832,1.558295245793046,inf,0.0,8,0.00625,0.9875,not read,False
human_split_half | seed=086,bjw_score | education,-0.219565217391306,bjw_score,education,86,21,21,20,23,6.28948609146625,-20.0,20.0,True,False,undetermined,-3.930680272564188,3.491549837781576,16.902108172074378,0.25,True,True,no population gap,satterthwaite,-1.3809523809523832,1.6493996122698649,inf,-0.219565217391306,1.4858097107427068,inf,0.0,8,0.00625,0.9875,not read,False
human_split_half | seed=086,bjw_score | age,0.9683257918552036,bjw_score,age,86,22,20,17,26,-2.713211554800337,-20.0,20.0,True,False,undetermined,-2.790397001050158,4.727048584760565,3.881671669308808,0.25,True,True,no population gap,satterthwaite,-2.627272727272725,1.616327082125594,inf,0.9683257918552036,1.5048702998049652,inf,0.0,8,0.00625,0.9875,not read,False
human_split_half | seed=086,gut_diff | political_identity,1.2000000000000002,gut_diff,political_identity,86,6,26,5,27,0.2884615384615385,-20.0,20.0,True,False,undetermined,-1.510017394664558,3.910017394664558,2.2583478288871315,0.25,True,True,no population gap,satterthwaite,0.3461538461538462,1.0819371263429347,inf,1.2000000000000002,1.0850027825630628,inf,0.0,8,0.00625,0.9875,not read,False
human_split_half | seed=086,gut_diff | sex,-0.1974358974358974,gut_diff,sex,86,32,10,30,13,1.51948051948052,-20.0,20.0,True,False,undetermined,-1.726835173651536,1.3319633787797411,7.746308022390898,0.25,True,True,no population gap,satterthwaite,-0.3,0.8704291643710864,inf,-0.1974358974358974,0.6123217045067345,inf,0.0,8,0.00625,0.9875,not read,False
human_split_half | seed=086,gut_diff | education,0.4804347826086957,gut_diff,education,86,21,21,20,23,-1.8832148243912945,-20.0,20.0,True,False,undetermined,-0.7975345486610924,1.758404113878484,2.660026662371504,0.25,True,True,no population gap,satterthwaite,-0.9047619047619048,0.6201199858692479,inf,0.4804347826086957,0.5116573359226013,inf,0.0,8,0.00625,0.9875,not read,False
human_split_half | seed=086,gut_diff | age,0.6244343891402716,gut_diff,age,86,22,20,17,26,-1.9217391304347824,-20.0,20.0,True,False,undetermined,-0.6615259592136621,1.9103947374942047,2.059400268016082,0.25,True,True,no population gap,satterthwaite,-1.2,0.6217963106831621,inf,0.6244343891402716,0.514856679140426,inf,0.0,8,0.00625,0.9875,not read,False
human_split_half | seed=087,bjw_score | political_identity,0.0277777777777785,bjw_score,political_identity,87,7,26,4,27,170.30769230768743,-20.0,20.0,True,True,undetermined,-8.22549955479375,8.281055110349307,297.1179839725665,0.25,True,True,no population gap,satterthwaite,4.73076923076923,1.1706248868777909,inf,0.0277777777777785,3.304343687510971,inf,0.0,8,0.00625,0.9875,not read,False
human_split_half | seed=087,bjw_score | sex,1.398692810457515,bjw_score,sex,87,28,14,34,9,-1.378838451268361,-20.0,20.0,True,False,undetermined,-2.7832011846391094,5.580586805554139,2.9898587908868417,0.25,True,True,no population gap,satterthwaite,-1.9285714285714304,1.3887423285114853,inf,1.398692810457515,1.6742942794377265,inf,0.0,8,0.00625,0.9875,not read,False
human_split_half | seed=087,bjw_score | education,-1.5199999999999996,bjw_score,education,87,23,19,18,25,0.2755028303023006,-20.0,20.0,True,False,undetermined,-5.697983934254904,2.6579839342549043,2.7486736409571746,0.25,True,True,no population gap,satterthwaite,-0.4187643020594969,1.4220847489466035,inf,-1.5199999999999996,1.6727288183076203,inf,0.0,8,0.00625,0.9875,not read,False
human_split_half | seed=087,bjw_score | age,-3.895833333333332,bjw_score,age,87,23,19,16,27,-0.3859078060181847,-20.0,0.8020190260404847,True,False,undetermined,-7.818984999747226,0.0273183330805615,1.0070121924484865,0.25,True,True,no population gap,satterthwaite,1.5034324942791777,1.3587719320574585,inf,-3.895833333333332,1.5707022703457114,inf,0.0,8,0.00625,0.9875,not read,False
human_split_half | seed=087,gut_diff | political_identity,-0.3055555555555556,gut_diff,political_identity,87,7,26,4,27,-5.124875124875125,-20.0,20.0,True,False,undetermined,-3.446606733436769,2.8354956223256584,10.279803854883973,0.25,True,True,no population gap,satterthwaite,1.565934065934066,0.8761002018835963,inf,-0.3055555555555556,1.2575746837949526,inf,0.0,8,0.00625,0.9875,not read,False
human_split_half | seed=087,gut_diff | sex,-0.6470588235294117,gut_diff,sex,87,28,14,34,9,0.275974025974026,-20.0,20.0,True,False,undetermined,-2.7752905735555555,1.4811729264967322,3.2890854318585863,0.25,True,True,no population gap,satterthwaite,-0.1785714285714286,0.5979711865937188,inf,-0.6470588235294117,0.8520747413886044,inf,0.0,8,0.00625,0.9875,not read,False
human_split_half | seed=087,gut_diff | education,0.02,gut_diff,education,87,23,19,18,25,-11.212814645308915,-20.0,20.0,True,False,undetermined,-1.5594470469839932,1.5994470469839932,78.9723523491996,0.25,True,True,no population gap,satterthwaite,-0.2242562929061785,0.5295182276042911,inf,0.02,0.6323592033994176,inf,0.0,8,0.00625,0.9875,not read,False
human_split_half | seed=087,gut_diff | age,-0.2800925925925925,gut_diff,age,87,23,19,16,27,0.1143786523441194,-20.0,20.0,True,False,undetermined,-1.8634105522744944,1.3032253670893097,5.6528376742362125,0.25,True,True,no population gap,satterthwaite,-0.0320366132723112,0.5390360367546859,inf,-0.2800925925925925,0.6339089908865971,inf,0.0,8,0.00625,0.9875,not read,False
human_split_half | seed=088,bjw_score | political_identity,2.571428571428573,bjw_score,political_identity,88,7,25,4,28,1.3711111111111094,-20.0,20.0,True,False,undetermined,-4.735812358423455,9.8786695012806,2.841704806053565,0.25,True,True,no population gap,satterthwaite,3.525714285714283,1.854449807515438,inf,2.571428571428573,2.925581495291293,inf,0.0,8,0.00625,0.9875,not read,False
human_split_half | seed=088,bjw_score | sex,-4.527027027027028,bjw_score,sex,88,25,17,37,6,-0.2234942932396838,-20.0,20.0,True,False,undetermined,-10.191805653436951,1.1377515993828942,1.2513242338935349,0.25,True,True,no population gap,satterthwaite,1.011764705882353,1.40504215019105,inf,-4.527027027027028,2.2679930336828376,inf,0.0,8,0.00625,0.9875,not read,False
human_split_half | seed=088,bjw_score | education,-1.424242424242422,bjw_score,education,88,19,23,22,21,0.1767369394809869,-20.0,20.0,True,False,undetermined,-5.217366994549284,2.36888214606444,2.663257677023971,0.25,True,True,no population gap,satterthwaite,-0.251716247139587,1.5022887189574663,inf,-1.424242424242422,1.518643652064338,inf,0.0,8,0.00625,0.9875,not read,False
human_split_half | seed=088,bjw_score | age,-1.0399999999999991,bjw_score,age,88,21,21,18,25,0.732600732600734,-20.0,20.0,True,False,undetermined,-5.063332878721646,2.983332878721648,3.8685893064631247,0.25,True,True,no population gap,satterthwaite,-0.7619047619047628,1.518606842096473,inf,-1.0399999999999991,1.6108115679201307,inf,0.0,8,0.00625,0.9875,not read,False
human_split_half | seed=088,gut_diff | political_identity,1.1428571428571428,gut_diff,political_identity,88,7,25,4,28,0.2249999999999999,-20.0,20.0,True,False,undetermined,-1.85822144772762,4.143935733441905,2.6259437667616674,0.25,True,True,no population gap,satterthwaite,0.2571428571428571,1.0035274237945198,inf,1.1428571428571428,1.2015342144613603,inf,0.0,8,0.00625,0.9875,not read,False
human_split_half | seed=088,gut_diff | sex,-0.4099099099099099,gut_diff,sex,88,25,17,37,6,-0.2583063994828696,-20.0,20.0,True,False,undetermined,-2.65941274115781,1.83959292133799,5.48779811579158,0.25,True,True,no population gap,satterthwaite,0.1058823529411763,0.7138209227587364,inf,-0.4099099099099099,0.9006277362251276,inf,0.0,8,0.00625,0.9875,not read,False
human_split_half | seed=088,gut_diff | education,-0.6428571428571428,gut_diff,education,88,19,23,22,21,-0.4805491990846682,-20.0,20.0,True,False,undetermined,-1.6938351869945896,0.408120901280304,1.6348547353249174,0.25,True,True,no population gap,satterthwaite,0.3089244851258581,0.6932937832601697,inf,-0.6428571428571428,0.420777410708451,inf,0.0,8,0.00625,0.9875,not read,False
human_split_half | seed=088,gut_diff | age,-0.6355555555555557,gut_diff,age,88,21,21,18,25,0.074925074925075,-20.0,20.0,True,False,undetermined,-1.624512607796826,0.3534014966857146,1.5560513059740264,0.25,True,True,no population gap,satterthwaite,-0.0476190476190476,0.7086990960461603,inf,-0.6355555555555557,0.3959462236772688,inf,0.0,8,0.00625,0.9875,not read,False
human_split_half | seed=089,bjw_score | political_identity,3.321428571428573,bjw_score,political_identity,89,4,25,7,28,0.8640860215053763,-20.0,20.0,True,True,undetermined,-2.4232422266862708,9.066099369543416,1.7295783048087694,0.25,True,True,no population gap,satterthwaite,2.870000000000001,1.1549891869328976,inf,3.321428571428573,2.2999792595924964,inf,0.0,8,0.00625,0.9875,not read,False
human_split_half | seed=089,bjw_score | sex,-2.1743589743589737,bjw_score,sex,89,32,10,30,13,-0.4369103773584903,-20.0,20.0,True,False,undetermined,-6.39021260730223,2.0414946585842824,1.9388949491130547,0.25,True,True,no population gap,satterthwaite,0.9499999999999992,1.4889104294492124,inf,-2.1743589743589737,1.6878906134062726,inf,0.0,8,0.00625,0.9875,not read,False
human_split_half | seed=089,bjw_score | education,-1.3847826086956516,bjw_score,education,89,21,21,20,23,0.2407116692830971,-20.0,20.0,True,False,undetermined,-5.0911702152868425,2.32160499789554,2.676512243378256,0.25,True,True,no population gap,satterthwaite,-0.3333333333333321,1.5963738887894143,inf,-1.3847826086956516,1.4839169941588,inf,0.0,8,0.00625,0.9875,not read,False
human_split_half | seed=089,bjw_score | age,-2.226086956521737,bjw_score,age,89,19,23,20,23,-0.1963404605263164,-20.0,20.0,True,False,undetermined,-6.009579517797674,1.557405604754199,1.6996157990106762,0.25,True,True,no population gap,satterthwaite,0.4370709382151041,1.4973364436388796,inf,-2.226086956521737,1.5147873090678678,inf,0.0,8,0.00625,0.9875,not read,False
human_split_half | seed=089,gut_diff | political_identity,1.0,gut_diff,political_identity,89,4,25,7,28,0.3400000000000001,-20.0,20.0,True,False,undetermined,-1.4656813164238027,3.4656813164238027,2.4656813164238027,0.25,True,True,no population gap,satterthwaite,0.3400000000000001,1.0640535534526916,inf,1.0,0.9871785673776912,inf,0.0,8,0.00625,0.9875,not read,False
human_split_half | seed=089,gut_diff | sex,-0.5512820512820512,gut_diff,sex,89,32,10,30,13,-0.158720930232558,-20.0,20.0,True,False,undetermined,-2.386130222679693,1.2835661201155908,3.328329241139909,0.25,True,True,no population gap,satterthwaite,0.0874999999999999,0.6876727454510745,inf,-0.5512820512820512,0.7346135030227765,inf,0.0,8,0.00625,0.9875,not read,False
human_split_half | seed=089,gut_diff | education,0.3739130434782608,gut_diff,education,89,21,21,20,23,-2.1650055370985606,-20.0,20.0,True,False,undetermined,-1.0487985782985343,1.796624665255056,3.80492643033329,0.25,True,True,no population gap,satterthwaite,-0.8095238095238095,0.5933256296067907,inf,0.3739130434782608,0.5696074392185593,inf,0.0,8,0.00625,0.9875,not read,False
human_split_half | seed=089,gut_diff | age,0.2804347826086956,gut_diff,age,89,19,23,20,23,-3.141574867401061,-20.0,20.0,True,False,undetermined,-1.111265640277113,1.672135205494504,4.962652670755597,0.25,True,True,no population gap,satterthwaite,-0.8810068649885584,0.576152707640438,inf,0.2804347826086956,0.5571915642675049,inf,0.0,8,0.00625,0.9875,not read,False
human_split_half | seed=090,bjw_score | political_identity,3.35625,bjw_score,political_identity,90,6,21,5,32,0.7377848718630838,-20.0,20.0,True,False,undetermined,-2.5449872170342127,9.25748721703421,1.7582829696936204,0.25,True,True,no population gap,satterthwaite,2.4761904761904745,2.158750785320159,inf,3.35625,2.362663359155066,inf,0.0,8,0.00625,0.9875,not read,False
human_split_half | seed=090,bjw_score | sex,-1.1484848484848484,bjw_score,sex,90,29,13,33,10,-0.1224078441802033,-20.0,20.0,True,False,undetermined,-4.752574518402446,2.455604821432749,3.138125570112948,0.25,True,True,no population gap,satterthwaite,0.1405835543766578,1.685836336958297,inf,-1.1484848484848484,1.442960229025177,inf,0.0,8,0.00625,0.9875,not read,False
human_split_half | seed=090,bjw_score | education,1.064814814814813,bjw_score,education,90,14,28,27,16,-1.5763975155279548,-20.0,20.0,True,False,undetermined,-2.7406972572705155,4.870326886900141,3.5738722068279665,0.25,True,True,no population gap,satterthwaite,-1.6785714285714306,1.555255773722248,inf,1.064814814814813,1.5236032046949235,inf,0.0,8,0.00625,0.9875,not read,False
human_split_half | seed=090,bjw_score | age,-0.9385964912280684,bjw_score,age,90,20,22,19,24,1.1283772302463908,-20.0,20.0,True,False,undetermined,-4.676838582704274,2.799645600248138,3.9827999853111056,0.25,True,True,no population gap,satterthwaite,-1.0590909090909086,1.575165354252005,inf,-0.9385964912280684,1.4966704933818675,inf,0.0,8,0.00625,0.9875,not read,False
human_split_half | seed=090,gut_diff | political_identity,0.8187500000000001,gut_diff,political_identity,90,6,21,5,32,0.5816066884769175,-20.0,20.0,True,False,undetermined,-1.6739452065818328,3.311445206581833,3.0445132294129253,0.25,True,True,no population gap,satterthwaite,0.4761904761904763,1.1462609141250213,inf,0.8187500000000001,0.9979940499819804,inf,0.0,8,0.00625,0.9875,not read,False
human_split_half | seed=090,gut_diff | sex,-0.4212121212121212,gut_diff,sex,90,29,13,33,10,0.1385416865446638,-20.0,20.0,True,False,undetermined,-2.0200097334492613,1.177585491025019,3.7957065614263032,0.25,True,True,no population gap,satterthwaite,-0.0583554376657826,0.7937684586378227,inf,-0.4212121212121212,0.6401065400715615,inf,0.0,8,0.00625,0.9875,not read,False
human_split_half | seed=090,gut_diff | education,-0.4351851851851852,gut_diff,education,90,14,28,27,16,-0.3282674772036477,-20.0,20.0,True,False,undetermined,-1.575674096092634,0.7053037257222637,2.620697922936265,0.25,True,True,no population gap,satterthwaite,0.142857142857143,0.7462522164096718,inf,-0.4351851851851852,0.4566146491358838,inf,0.0,8,0.00625,0.9875,not read,False
human_split_half | seed=090,gut_diff | age,-0.4298245614035089,gut_diff,age,90,20,22,19,24,0.4018552875695729,-20.0,20.0,True,False,undetermined,-1.5496069164254176,0.6899577936183999,2.6052079280101545,0.25,True,True,no population gap,satterthwaite,-0.1727272727272726,0.6804563053092241,inf,-0.4298245614035089,0.4483244179376116,inf,0.0,8,0.00625,0.9875,not read,False
human_split_half | seed=091,bjw_score | political_identity,2.464285714285716,bjw_score,political_identity,91,7,25,4,28,1.423768115942027,-20.0,20.0,True,False,undetermined,-5.077832877788896,10.006404306360327,3.0605698634505654,0.25,True,True,no population gap,satterthwaite,3.5085714285714253,1.77452083141663,inf,2.464285714285716,3.0196188684738936,inf,0.0,8,0.00625,0.9875,not read,False
human_split_half | seed=091,bjw_score | sex,-2.166666666666668,bjw_score,sex,91,31,11,31,12,-0.4601849763140095,-20.0,20.0,True,False,undetermined,-6.444938863442348,2.111605530109012,1.9745871677426203,0.25,True,True,no population gap,satterthwaite,0.9970674486803546,1.5113430859570844,inf,-2.166666666666668,1.7128809753039875,inf,0.0,8,0.00625,0.9875,not read,False
human_split_half | seed=091,bjw_score | education,-0.716450216450216,bjw_score,education,91,20,22,21,22,1.306948640483386,-20.0,20.0,True,False,undetermined,-4.997466962010068,3.564566529109636,5.975316424316172,0.25,True,True,no population gap,satterthwaite,-0.9363636363636374,1.4761700315419215,inf,-0.716450216450216,1.71397980333128,inf,0.0,8,0.00625,0.9875,not read,False
human_split_half | seed=091,bjw_score | age,0.3289473684210513,bjw_score,age,91,15,27,24,19,-7.836444444444469,-20.0,20.0,True,False,undetermined,-3.9948704889386377,4.65276522578074,13.144406286373506,0.25,True,True,no population gap,satterthwaite,-2.577777777777776,1.4459314739019629,inf,0.3289473684210513,1.731115975774691,inf,0.0,8,0.00625,0.9875,not read,False
human_split_half | seed=091,gut_diff | political_identity,0.3928571428571428,gut_diff,political_identity,91,7,25,4,28,2.443636363636364,-20.0,20.0,True,False,undetermined,-2.099905686217973,2.8856199719322584,6.345214474009386,0.25,True,True,no population gap,satterthwaite,0.96,1.0024881576208144,inf,0.3928571428571428,0.9980211238278974,inf,0.0,8,0.00625,0.9875,not read,False
human_split_half | seed=091,gut_diff | sex,0.2634408602150536,gut_diff,sex,91,31,11,31,12,-3.0055658627087216,-20.0,20.0,True,False,undetermined,-1.1195420057168373,1.6464237261469448,5.249690062516977,0.25,True,True,no population gap,satterthwaite,-0.7917888563049854,0.88774218086369,inf,0.2634408602150536,0.5537013381269738,inf,0.0,8,0.00625,0.9875,not read,False
human_split_half | seed=091,gut_diff | education,-0.8831168831168832,gut_diff,education,91,20,22,21,22,-0.5558823529411764,-20.0,20.0,True,False,undetermined,-2.176901129785294,0.4106673635515276,1.465020396962759,0.25,True,True,no population gap,satterthwaite,0.4909090909090908,0.6274624184615868,inf,-0.8831168831168832,0.517989113440815,inf,0.0,8,0.00625,0.9875,not read,False
human_split_half | seed=091,gut_diff | age,-0.9956140350877192,gut_diff,age,91,15,27,24,19,-0.5059226627508565,-20.0,20.0,True,False,undetermined,-2.3818702275894617,0.390642157414023,1.3923630479753182,0.25,True,True,no population gap,satterthwaite,0.5037037037037037,0.7114310217748651,inf,-0.9956140350877192,0.5550118715735555,inf,0.0,8,0.00625,0.9875,not read,False
human_split_half | seed=092,bjw_score | political_identity,5.666666666666668,bjw_score,political_identity,92,8,28,3,25,0.3371848739495796,-0.7040322364651856,1.912071038153732,False,False,undetermined,1.900294475016456,9.43303885831688,0.6646539161735667,0.25,False,True,reference too imprecise,satterthwaite,1.9107142857142847,2.1102625361759744,inf,5.666666666666668,1.507932870155782,inf,0.0,8,0.00625,0.9875,not read,False
human_split_half | seed=092,bjw_score | sex,-0.5589743589743605,bjw_score,sex,92,32,10,30,13,1.4088302752293564,-20.0,20.0,True,False,undetermined,-4.459087846957155,3.3411391290084347,6.977267249143513,0.25,True,True,no population gap,satterthwaite,-0.7875000000000014,1.6272093672797163,inf,-0.5589743589743605,1.561478533349728,inf,0.0,8,0.00625,0.9875,not read,False
human_split_half | seed=092,bjw_score | education,-1.1074561403508767,bjw_score,education,92,22,20,19,24,0.5171557155715586,-20.0,20.0,True,False,undetermined,-4.263941193005146,2.0490289123033927,2.8502122455650447,0.25,True,True,no population gap,satterthwaite,-0.5727272727272741,1.8414702815852693,inf,-1.1074561403508767,1.263753905045511,inf,0.0,8,0.00625,0.9875,not read,False
human_split_half | seed=092,bjw_score | age,0.6499999999999986,bjw_score,age,92,19,23,20,23,-3.9183242386903774,-20.0,20.0,True,False,undetermined,-2.524978700813139,3.824978700813136,4.884582616635607,0.25,True,True,no population gap,satterthwaite,-2.5469107551487404,1.7295108700995876,inf,0.6499999999999986,1.271158159996649,inf,0.0,8,0.00625,0.9875,not read,False
human_split_half | seed=092,gut_diff | political_identity,1.0266666666666668,gut_diff,political_identity,92,8,28,3,25,0.4000463821892394,-20.0,20.0,True,False,undetermined,-2.9768206737141614,5.030154007047495,3.899500656215092,0.25,True,True,no population gap,satterthwaite,0.4107142857142858,0.8159517212087223,inf,1.0266666666666668,1.602866060129796,inf,0.0,8,0.00625,0.9875,not read,False
human_split_half | seed=092,gut_diff | sex,-0.2256410256410256,gut_diff,sex,92,32,10,30,13,2.077414772727273,-20.0,20.0,True,False,undetermined,-2.050923457863984,1.5996414065819329,8.089319870079022,0.25,True,True,no population gap,satterthwaite,-0.46875,0.6127824645241975,inf,-0.2256410256410256,0.7307836923203662,inf,0.0,8,0.00625,0.9875,not read,False
human_split_half | seed=092,gut_diff | education,-0.0153508771929824,gut_diff,education,92,22,20,19,24,38.19740259740262,-20.0,20.0,True,False,undetermined,-1.3336955271262736,1.3029937727403087,85.88073719565443,0.25,True,True,no population gap,satterthwaite,-0.5863636363636364,0.6079324705649037,inf,-0.0153508771929824,0.5278222997280065,inf,0.0,8,0.00625,0.9875,not read,False
human_split_half | seed=092,gut_diff | age,-0.158695652173913,gut_diff,age,92,19,23,20,23,2.552271088680605,-20.0,20.0,True,False,undetermined,-1.442840588942368,1.125449284594542,8.091872204294372,0.25,True,True,no population gap,satterthwaite,-0.4050343249427917,0.5791852917484501,inf,-0.158695652173913,0.5141298474139508,inf,0.0,8,0.00625,0.9875,not read,False
human_split_half | seed=093,bjw_score | political_identity,3.5771428571428565,bjw_score,political_identity,93,4,28,7,25,0.5690894568690094,-20.0,20.0,True,False,undetermined,-1.43058652008264,8.584872234368353,1.3999243466684697,0.25,True,True,no population gap,satterthwaite,2.0357142857142847,2.693637812386843,inf,3.5771428571428565,2.004931894278485,inf,0.0,8,0.00625,0.9875,not read,False
human_split_half | seed=093,bjw_score | sex,-0.6625615763546797,bjw_score,sex,93,33,9,29,14,0.5945702376929152,-20.0,20.0,True,False,undetermined,-4.301155792099605,2.976032639390246,5.491707254990484,0.25,True,True,no population gap,satterthwaite,-0.3939393939393945,2.1078207967298206,inf,-0.6625615763546797,1.4567747264182314,inf,0.0,8,0.00625,0.9875,not read,False
human_split_half | seed=093,bjw_score | education,-1.375,bjw_score,education,93,22,20,19,24,0.1057851239669441,-20.0,20.0,True,False,undetermined,-5.260181064385876,2.510181064385875,2.825586228644273,0.25,True,True,no population gap,satterthwaite,-0.1454545454545481,1.5529939784962088,inf,-1.375,1.555500076833188,inf,0.0,8,0.00625,0.9875,not read,False
human_split_half | seed=093,bjw_score | age,0.2280701754385958,bjw_score,age,93,20,22,19,24,-8.988461538461566,-20.0,20.0,True,False,undetermined,-3.72553782326535,4.181678174142542,17.33505045585581,0.25,True,True,no population gap,satterthwaite,-2.0500000000000007,1.5063099361525931,inf,0.2280701754385958,1.5828959947647616,inf,0.0,8,0.00625,0.9875,not read,False
human_split_half | seed=093,gut_diff | political_identity,0.2971428571428571,gut_diff,political_identity,93,4,28,7,25,3.7259615384615374,-20.0,20.0,True,False,undetermined,-2.1156116287911124,2.7098973430768267,8.119846827662398,0.25,True,True,no population gap,satterthwaite,1.1071428571428572,1.197132910491161,inf,0.2971428571428571,0.9659883866553196,inf,0.0,8,0.00625,0.9875,not read,False
human_split_half | seed=093,gut_diff | sex,-0.1600985221674875,gut_diff,sex,93,33,9,29,14,0.3785547785547785,-20.0,20.0,True,False,undetermined,-1.754318627697464,1.434121583362489,9.957744043771864,0.25,True,True,no population gap,satterthwaite,-0.0606060606060605,0.8394682340654357,inf,-0.1600985221674875,0.6382738553352009,inf,0.0,8,0.00625,0.9875,not read,False
human_split_half | seed=093,gut_diff | education,-1.1469298245614032,gut_diff,education,93,22,20,19,24,-0.780740483226143,-20.0,20.0,True,True,reversed to attenuated,-2.502425581644748,0.2085659325219411,1.1818471610516352,0.25,True,True,no population gap,satterthwaite,0.8954545454545454,0.5234006024903204,inf,-1.1469298245614032,0.5426963941572401,inf,0.0,8,0.00625,0.9875,not read,False
human_split_half | seed=093,gut_diff | age,-0.8640350877192984,gut_diff,age,93,20,22,19,24,-0.3998154130133826,-20.0,20.0,True,False,undetermined,-2.259838248831599,0.5317680733930026,1.6154473133685512,0.25,True,True,no population gap,satterthwaite,0.3454545454545455,0.5432084693991398,inf,-0.8640350877192984,0.5588341671528725,inf,0.0,8,0.00625,0.9875,not read,False
human_split_half | seed=094,bjw_score | political_identity,2.125,bjw_score,political_identity,94,3,29,8,24,2.3367139959432044,-20.0,20.0,True,True,undetermined,-3.260441291873093,7.510441291873093,2.534325313822632,0.25,True,True,no population gap,satterthwaite,4.96551724137931,1.2551794271716794,inf,2.125,2.156155454395372,inf,0.0,8,0.00625,0.9875,not read,False
human_split_half | seed=094,bjw_score | sex,2.25897435897436,bjw_score,sex,94,32,10,30,13,-1.740280930760498,-20.0,20.0,True,True,reversed,-1.9054042305518253,6.423352948500545,1.843482008984349,0.25,True,True,no population gap,satterthwaite,-3.931249999999999,1.2758129653089567,inf,2.25897435897436,1.6672816809875974,inf,0.0,8,0.00625,0.9875,not read,False
human_split_half | seed=094,bjw_score | education,-2.1195652173913047,bjw_score,education,94,21,21,20,23,-0.2695970695970686,-20.0,20.0,True,False,undetermined,-6.333569816591131,2.094439381808522,1.988145759622482,0.25,True,True,no population gap,satterthwaite,0.5714285714285694,1.3791683081391022,inf,-2.1195652173913047,1.687150320461798,inf,0.0,8,0.00625,0.9875,not read,False
human_split_half | seed=094,bjw_score | age,-0.230952380952381,bjw_score,age,94,24,18,15,28,5.352233676975942,-20.0,20.0,True,False,undetermined,-4.464265359756402,4.00236059785164,18.32980877420297,0.25,True,True,no population gap,satterthwaite,-1.2361111111111107,1.3528433567018212,inf,-0.230952380952381,1.6948807673727957,inf,0.0,8,0.00625,0.9875,not read,False
human_split_half | seed=094,gut_diff | political_identity,0.4583333333333332,gut_diff,political_identity,94,3,29,8,24,2.90909090909091,-20.0,20.0,True,False,undetermined,-1.8766605433038817,2.793327209970548,5.094532094481197,0.25,True,True,no population gap,satterthwaite,1.3333333333333337,1.3470400537706209,inf,0.4583333333333332,0.9348555689741916,inf,0.0,8,0.00625,0.9875,not read,False
human_split_half | seed=094,gut_diff | sex,0.4641025641025641,gut_diff,sex,94,32,10,30,13,-2.3432320441988947,-20.0,20.0,True,False,undetermined,-1.454375488709828,2.382580616914956,4.13373724086648,0.25,True,True,no population gap,satterthwaite,-1.0875,0.6611230367187428,inf,0.4641025641025641,0.7680961862775288,inf,0.0,8,0.00625,0.9875,not read,False
human_split_half | seed=094,gut_diff | education,0.1999999999999999,gut_diff,education,94,21,21,20,23,-3.095238095238096,-20.0,20.0,True,False,undetermined,-1.52519720466049,1.92519720466049,8.625986023302453,0.25,True,True,no population gap,satterthwaite,-0.6190476190476191,0.4437186098429516,inf,0.1999999999999999,0.6907128239146758,inf,0.0,8,0.00625,0.9875,not read,False
human_split_half | seed=094,gut_diff | age,0.3690476190476189,gut_diff,age,94,24,18,15,28,-2.5591397849462374,-20.0,20.0,True,False,undetermined,-1.3833334183343124,2.12142865642955,4.748387327099428,0.25,True,True,no population gap,satterthwaite,-0.9444444444444444,0.4371010176620524,inf,0.3690476190476189,0.7015963459915308,inf,0.0,8,0.00625,0.9875,not read,False
human_split_half | seed=095,bjw_score | political_identity,2.714285714285716,bjw_score,political_identity,95,7,25,4,28,1.2399999999999984,-20.0,20.0,True,False,undetermined,-4.655600852098533,10.084172280669964,2.715221366562617,0.25,True,True,no population gap,satterthwaite,3.365714285714283,1.99171054887514,inf,2.714285714285716,2.950662769709204,inf,0.0,8,0.00625,0.9875,not read,False
human_split_half | seed=095,bjw_score | sex,-3.045698924731184,bjw_score,sex,95,31,11,31,12,-0.6383695739388591,-20.0,20.0,True,False,undetermined,-7.014573170641732,0.923175321179364,1.30310787244371,0.25,True,True,no population gap,satterthwaite,1.9442815249266872,1.5569306535657927,inf,-3.045698924731184,1.589008103392208,inf,0.0,8,0.00625,0.9875,not read,False
human_split_half | seed=095,bjw_score | education,-0.3593073593073583,bjw_score,education,95,19,23,22,21,3.8403407681067656,-20.0,20.0,True,False,undetermined,-4.267940597547527,3.5493258789328106,10.878244313656404,0.25,True,True,no population gap,satterthwaite,-1.3798627002288342,1.6032184554187494,inf,-0.3593073593073583,1.5648895641254683,inf,0.0,8,0.00625,0.9875,not read,False
human_split_half | seed=095,bjw_score | age,-0.3852813852813845,bjw_score,age,95,18,24,21,22,4.109550561797757,-20.0,20.0,True,False,undetermined,-4.148204646642934,3.3776418760801645,9.76668846488224,0.25,True,True,no population gap,satterthwaite,-1.583333333333332,1.5580603339138548,inf,-0.3852813852813845,1.5065520306942224,inf,0.0,8,0.00625,0.9875,not read,False
human_split_half | seed=095,gut_diff | political_identity,1.6785714285714286,gut_diff,political_identity,95,7,25,4,28,0.0408510638297872,-20.0,20.0,True,False,undetermined,-1.824311248768748,5.181454105911604,2.086823722670743,0.25,True,True,no population gap,satterthwaite,0.0685714285714285,0.874376811824001,inf,1.6785714285714286,1.4024402424090268,inf,0.0,8,0.00625,0.9875,not read,False
human_split_half | seed=095,gut_diff | sex,0.4811827956989246,gut_diff,sex,95,31,11,31,12,-2.145251396648045,-20.0,20.0,True,False,undetermined,-0.9921989249718404,1.9545645163696896,3.062000000500137,0.25,True,True,no population gap,satterthwaite,-1.032258064516129,0.819408640658906,inf,0.4811827956989246,0.5898940980425731,inf,0.0,8,0.00625,0.9875,not read,False
human_split_half | seed=095,gut_diff | education,-0.2294372294372294,gut_diff,education,95,19,23,22,21,0.6383144078407667,-20.0,20.0,True,False,undetermined,-1.449209177476169,0.9903347186017104,5.31636452824519,0.25,True,True,no population gap,satterthwaite,-0.1464530892448512,0.6845895491831038,inf,-0.2294372294372294,0.4883569973831967,inf,0.0,8,0.00625,0.9875,not read,False
human_split_half | seed=095,gut_diff | age,-0.1428571428571429,gut_diff,age,95,18,24,21,22,2.916666666666666,-20.0,20.0,True,False,undetermined,-1.3237143284741435,1.038000042759858,8.266000299319003,0.25,True,True,no population gap,satterthwaite,-0.4166666666666667,0.692029071309574,inf,-0.1428571428571429,0.4727767927713329,inf,0.0,8,0.00625,0.9875,not read,False
human_split_half | seed=096,bjw_score | political_identity,2.6875,bjw_score,political_identity,96,7,21,4,32,1.4883720930232558,-20.0,20.0,True,False,undetermined,-5.346737432277333,10.721737432277331,2.9894836957311006,0.25,True,True,no population gap,satterthwaite,4.0,1.7585888334924809,inf,2.6875,3.21664723885369,inf,0.0,8,0.00625,0.9875,not read,False
human_split_half | seed=096,bjw_score | sex,0.6586021505376358,bjw_score,sex,96,31,11,31,12,-3.063450834879397,-20.0,20.0,True,False,undetermined,-3.3156245429738944,4.632828844049167,6.034336040760351,0.25,True,True,no population gap,satterthwaite,-2.0175953079178868,1.6223164221826234,inf,0.6586021505376358,1.5911510492463643,inf,0.0,8,0.00625,0.9875,not read,False
human_split_half | seed=096,bjw_score | education,-0.7186147186147203,bjw_score,education,96,20,22,21,22,1.296686746987951,-20.0,20.0,True,False,undetermined,-4.538064146801606,3.100834709572165,5.315016975368485,0.25,True,True,no population gap,satterthwaite,-0.9318181818181834,1.578274813424928,inf,-0.7186147186147203,1.52918326856519,inf,0.0,8,0.00625,0.9875,not read,False
human_split_half | seed=096,bjw_score | age,-2.0904977375565608,bjw_score,age,96,22,20,17,26,-0.1261117670208571,-20.0,20.0,True,False,undetermined,-5.824934423923544,1.643938948810422,1.7863863802751154,0.25,True,True,no population gap,satterthwaite,0.2636363636363619,1.6044153924372342,inf,-2.0904977375565608,1.495146933001622,inf,0.0,8,0.00625,0.9875,not read,False
human_split_half | seed=096,gut_diff | political_identity,0.84375,gut_diff,political_identity,96,7,21,4,32,1.1851851851851851,-20.0,20.0,True,False,undetermined,-2.5483189803711754,4.235818980371175,4.020229902662134,0.25,True,True,no population gap,satterthwaite,1.0,0.900621775535724,inf,0.84375,1.358074043950604,inf,0.0,8,0.00625,0.9875,not read,False
human_split_half | seed=096,gut_diff | sex,-0.4731182795698925,gut_diff,sex,96,31,11,31,12,-0.043388429752066,-20.0,20.0,True,False,undetermined,-2.3943346358533297,1.448098076713545,4.060752753053629,0.25,True,True,no population gap,satterthwaite,0.0205278592375366,0.6822836875792841,inf,-0.4731182795698925,0.7691925138846637,inf,0.0,8,0.00625,0.9875,not read,False
human_split_half | seed=096,gut_diff | education,-0.0779220779220777,gut_diff,education,96,20,22,21,22,4.491666666666678,-20.0,20.0,True,False,undetermined,-1.705477245792925,1.5496330899487696,20.886957987675927,0.25,True,True,no population gap,satterthwaite,-0.35,0.4750002432824741,inf,-0.0779220779220777,0.6516201295945345,inf,0.0,8,0.00625,0.9875,not read,False
human_split_half | seed=096,gut_diff | age,0.1425339366515838,gut_diff,age,96,22,20,17,26,-4.241414141414136,-20.0,20.0,True,False,undetermined,-1.5174040882982027,1.8024719616013705,11.645914397266743,0.25,True,True,no population gap,satterthwaite,-0.6045454545454545,0.4748734136991486,inf,0.1425339366515838,0.6645851718511507,inf,0.0,8,0.00625,0.9875,not read,False
human_split_half | seed=097,bjw_score | political_identity,3.9333333333333336,bjw_score,political_identity,97,8,23,3,30,0.7986366985998523,-0.661952593408402,7.205249233516577,False,False,undetermined,0.5136135224503353,7.353053144216332,0.8694202909024571,0.25,False,True,reference too imprecise,satterthwaite,3.141304347826086,2.1140214845871297,inf,3.9333333333333336,1.3691445367469135,inf,0.0,8,0.00625,0.9875,not read,False
human_split_half | seed=097,bjw_score | sex,-1.2876344086021518,bjw_score,sex,97,31,11,31,12,-0.038717024103246,-20.0,20.0,True,False,undetermined,-4.7085513058081405,2.133282488603837,2.656745481754961,0.25,True,True,no population gap,satterthwaite,0.0498533724340184,1.9743862196350803,inf,-1.2876344086021518,1.3696238111582033,inf,0.0,8,0.00625,0.9875,not read,False
human_split_half | seed=097,bjw_score | education,0.1206140350877191,bjw_score,education,97,17,25,24,19,-15.78198930481284,-20.0,20.0,True,False,undetermined,-3.170520419512967,3.411748489688405,27.28649656905299,0.25,True,True,no population gap,satterthwaite,-1.9035294117647048,1.779471645625371,inf,0.1206140350877191,1.3176631441780513,inf,0.0,8,0.00625,0.9875,not read,False
human_split_half | seed=097,bjw_score | age,-0.4891774891774894,bjw_score,age,97,18,24,21,22,2.896017699115045,-20.0,20.0,True,False,undetermined,-3.79425358403134,2.815898605676361,6.756394494789727,0.25,True,True,no population gap,satterthwaite,-1.416666666666668,1.792133585987727,inf,-0.4891774891774894,1.3232449232832175,inf,0.0,8,0.00625,0.9875,not read,False
human_split_half | seed=097,gut_diff | political_identity,2.2333333333333334,gut_diff,political_identity,97,8,23,3,30,-0.0462362102530823,-20.0,20.0,True,False,undetermined,-1.3376376759204731,5.80430434258714,1.5989422429494655,0.25,True,True,no population gap,satterthwaite,-0.1032608695652173,0.8729664458602097,inf,2.2333333333333334,1.4297005949557715,inf,0.0,8,0.00625,0.9875,not read,False
human_split_half | seed=097,gut_diff | sex,-0.7903225806451613,gut_diff,sex,97,31,11,31,12,-0.4081632653061224,-20.0,20.0,True,False,undetermined,-2.347494553983936,0.7668493926936133,1.9702992315715109,0.25,True,True,no population gap,satterthwaite,0.3225806451612902,0.8404088886232398,inf,-0.7903225806451613,0.623440988728751,inf,0.0,8,0.00625,0.9875,not read,False
human_split_half | seed=097,gut_diff | education,-0.3135964912280703,gut_diff,education,97,17,25,24,19,0.0150061703002877,-20.0,20.0,True,False,undetermined,-1.5649919010792646,0.9377989186231238,3.990463684560449,0.25,True,True,no population gap,satterthwaite,-0.0047058823529411,0.6876286544774405,inf,-0.3135964912280703,0.5010180024852765,inf,0.0,8,0.00625,0.9875,not read,False
human_split_half | seed=097,gut_diff | age,-0.7012987012987013,gut_diff,age,97,18,24,21,22,-0.2376543209876541,-20.0,20.0,True,False,undetermined,-1.8497283956961896,0.447130993098787,1.6375756753445667,0.25,True,True,no population gap,satterthwaite,0.1666666666666665,0.6625822387997723,inf,-0.7012987012987013,0.4597938804571979,inf,0.0,8,0.00625,0.9875,not read,False
human_split_half | seed=098,bjw_score | political_identity,4.0,bjw_score,political_identity,98,3,29,8,24,0.6235632183908049,-3.892775886121565,14.65392832793501,False,False,undetermined,0.2389183076404282,7.761081692359571,0.940270423089893,0.25,False,True,reference too imprecise,satterthwaite,2.4942528735632195,4.237030642086005,inf,4.0,1.5058147263893271,inf,0.0,8,0.00625,0.9875,not read,False
human_split_half | seed=098,bjw_score | sex,0.0461538461538459,bjw_score,sex,98,32,10,30,13,-33.58333333333347,-20.0,20.0,True,False,undetermined,-4.1208430817824935,4.2131507740901855,90.284933438621,0.25,True,True,no population gap,satterthwaite,-1.5500000000000007,1.4914928792376874,inf,0.0461538461538459,1.668329978487939,inf,0.0,8,0.00625,0.9875,not read,False
human_split_half | seed=098,bjw_score | education,-2.87280701754386,bjw_score,education,98,17,25,24,19,-0.4979757521329139,-20.0,20.0,True,False,undetermined,-6.593586226043763,0.8479721909560447,1.2951719992946231,0.25,True,True,no population gap,satterthwaite,1.4305882352941168,1.581331072350319,inf,-2.87280701754386,1.489678923269379,inf,0.0,8,0.00625,0.9875,not read,False
human_split_half | seed=098,bjw_score | age,-2.0826086956521763,bjw_score,age,98,16,26,23,20,-0.1985305925806975,-20.0,20.0,True,False,undetermined,-5.690698377070914,1.525480985766562,1.7324856507856137,0.25,True,True,no population gap,satterthwaite,0.4134615384615401,1.5374834670301776,inf,-2.0826086956521763,1.4445617034723766,inf,0.0,8,0.00625,0.9875,not read,False
human_split_half | seed=098,gut_diff | political_identity,0.2916666666666667,gut_diff,political_identity,98,3,29,8,24,6.620689655172413,-20.0,20.0,True,False,undetermined,-1.7005506308759375,2.283883964209271,6.830459305860356,0.25,True,True,no population gap,satterthwaite,1.9310344827586208,1.4798755696140775,inf,0.2916666666666667,0.797618980438886,inf,0.0,8,0.00625,0.9875,not read,False
human_split_half | seed=098,gut_diff | sex,0.0230769230769232,gut_diff,sex,98,32,10,30,13,-24.37499999999985,-20.0,20.0,True,False,undetermined,-1.587005461550721,1.6331593077045674,69.7702366671975,0.25,True,True,no population gap,satterthwaite,-0.5625,0.8242951630747752,inf,0.0230769230769232,0.6446245957373272,inf,0.0,8,0.00625,0.9875,not read,False
human_split_half | seed=098,gut_diff | education,0.0723684210526316,gut_diff,education,98,17,25,24,19,-7.120427807486626,-20.0,20.0,True,False,undetermined,-1.102997612106791,1.2477344542120543,16.241421549112008,0.25,True,True,no population gap,satterthwaite,-0.5152941176470589,0.6328129851328772,inf,0.0723684210526316,0.4705783140059639,inf,0.0,8,0.00625,0.9875,not read,False
human_split_half | seed=098,gut_diff | age,0.1739130434782609,gut_diff,age,98,16,26,23,20,-4.727163461538458,-20.0,20.0,True,False,undetermined,-1.0250423205935202,1.372868407550042,6.893993343412737,0.25,True,True,no population gap,satterthwaite,-0.8221153846153846,0.5703120295389745,inf,0.1739130434782609,0.480022714521289,inf,0.0,8,0.00625,0.9875,not read,False
human_split_half | seed=099,bjw_score | political_identity,-1.8965517241379324,bjw_score,political_identity,99,8,24,3,29,-2.4166666666666643,-20.0,20.0,True,True,reversed to attenuated,-9.253031780811012,5.459928332535148,3.87887130260944,0.25,True,True,no population gap,satterthwaite,4.583333333333332,1.178136457771771,inf,-1.8965517241379324,2.9452952394602416,inf,0.0,8,0.00625,0.9875,not read,False
human_split_half | seed=099,bjw_score | sex,-2.218181818181815,bjw_score,sex,99,29,13,33,10,-0.4292951254511479,-20.0,20.0,True,False,undetermined,-6.965400762179807,2.529037125816177,2.14013968786795,0.25,True,True,no population gap,satterthwaite,0.9522546419098176,1.4539328093343842,inf,-2.218181818181815,1.900631993659752,inf,0.0,8,0.00625,0.9875,not read,False
human_split_half | seed=099,bjw_score | education,-0.4978354978354993,bjw_score,education,99,19,23,22,21,1.9811163068351367,-20.0,20.0,True,False,undetermined,-4.704131391928349,3.70846039625735,8.449168274221265,0.25,True,True,no population gap,satterthwaite,-0.9862700228832963,1.4407323171695186,inf,-0.4978354978354993,1.6840640057733771,inf,0.0,8,0.00625,0.9875,not read,False
human_split_half | seed=099,bjw_score | age,2.2012987012987004,bjw_score,age,99,17,25,22,21,-1.796800277633177,-20.0,20.0,True,True,reversed,-1.8861509519551536,6.288748354552554,1.8568355356964417,0.25,True,True,no population gap,satterthwaite,-3.955294117647057,1.2771251658888871,inf,2.2012987012987004,1.6364818381233317,inf,0.0,8,0.00625,0.9875,not read,False
human_split_half | seed=099,gut_diff | political_identity,0.8735632183908046,gut_diff,political_identity,99,8,24,3,29,0.5246710526315789,-20.0,20.0,True,False,undetermined,-3.1654208611382497,4.9125472979198594,4.623573880513523,0.25,True,True,no population gap,satterthwaite,0.4583333333333332,0.8395815200805055,inf,0.8735632183908046,1.6170777994431915,inf,0.0,8,0.00625,0.9875,not read,False
human_split_half | seed=099,gut_diff | sex,0.409090909090909,gut_diff,sex,99,29,13,33,10,-1.7312113174182142,-20.0,20.0,True,False,undetermined,-1.21706890176853,2.035250719950348,3.9750573154341846,0.25,True,True,no population gap,satterthwaite,-0.7082228116710876,0.7291726231310375,inf,0.409090909090909,0.6510614740512057,inf,0.0,8,0.00625,0.9875,not read,False
human_split_half | seed=099,gut_diff | education,-0.5497835497835499,gut_diff,education,99,19,23,22,21,-0.3870880556406418,-20.0,20.0,True,False,undetermined,-2.01569984541094,0.9161327458438404,2.666351687322261,0.25,True,True,no population gap,satterthwaite,0.2128146453089243,0.5873130635361354,inf,-0.5497835497835499,0.5869051847754388,inf,0.0,8,0.00625,0.9875,not read,False
human_split_half | seed=099,gut_diff | age,-0.0844155844155843,gut_diff,age,99,17,25,22,21,4.766334841628961,-20.0,20.0,True,False,undetermined,-1.5563888887599735,1.3875577199288052,17.43722222069508,0.25,True,True,no population gap,satterthwaite,-0.4023529411764706,0.5814452047552855,inf,-0.0844155844155843,0.5893302139744733,inf,0.0,8,0.00625,0.9875,not read,False
human_split_half | seed=100,bjw_score | political_identity,3.5555555555555536,bjw_score,political_identity,100,5,26,6,27,0.6490384615384616,-1.9575476563834888,4.780800119820159,False,False,undetermined,0.9422359484171872,6.16887516269392,0.734996139507666,0.25,False,True,reference too imprecise,satterthwaite,2.3076923076923066,3.0940634321110245,inf,3.5555555555555536,1.0462881349227304,inf,0.0,8,0.00625,0.9875,not read,False
human_split_half | seed=100,bjw_score | sex,-0.4247311827956999,bjw_score,sex,100,31,11,31,12,1.9677790563866475,-20.0,20.0,True,False,undetermined,-4.163202246617464,3.313739881026064,8.801969846466411,0.25,True,True,no population gap,satterthwaite,-0.8357771260997069,1.792093312129172,inf,-0.4247311827956999,1.4967621664584128,inf,0.0,8,0.00625,0.9875,not read,False
human_split_half | seed=100,bjw_score | education,1.3095238095238102,bjw_score,education,100,19,23,22,21,-2.3957561888912013,-20.0,20.0,True,False,undetermined,-1.9851540864181487,4.604201705465769,2.515935847810222,0.25,True,True,no population gap,satterthwaite,-3.1372997711670507,1.5841559645732326,inf,1.3095238095238102,1.3190818227897456,inf,0.0,8,0.00625,0.9875,not read,False
human_split_half | seed=100,bjw_score | age,-0.3355555555555582,bjw_score,age,100,14,28,25,18,6.705298013244978,-20.0,20.0,True,False,undetermined,-3.780683370238312,3.109572259127195,10.266937196074348,0.25,True,True,no population gap,satterthwaite,-2.25,1.7831740359346426,inf,-0.3355555555555582,1.379317074707881,inf,0.0,8,0.00625,0.9875,not read,False
human_split_half | seed=100,gut_diff | political_identity,0.6481481481481481,gut_diff,political_identity,100,5,26,6,27,1.2936263736263738,-20.0,20.0,True,False,undetermined,-1.7393888131571786,3.0356851094534747,3.6836284545853615,0.25,True,True,no population gap,satterthwaite,0.8384615384615385,1.2404144231515548,inf,0.6481481481481481,0.9558921103563932,inf,0.0,8,0.00625,0.9875,not read,False
human_split_half | seed=100,gut_diff | sex,-0.75,gut_diff,sex,100,31,11,31,12,-0.4066471163245356,-20.0,20.0,True,False,undetermined,-2.5642268634781766,1.0642268634781769,2.418969151304236,0.25,True,True,no population gap,satterthwaite,0.3049853372434017,0.6803771108275977,inf,-0.75,0.7263574023362055,inf,0.0,8,0.00625,0.9875,not read,False
human_split_half | seed=100,gut_diff | education,0.2229437229437227,gut_diff,education,100,19,23,22,21,-3.058718979804939,-20.0,20.0,True,False,undetermined,-1.0641243729076004,1.510011818795046,5.773062721197202,0.25,True,True,no population gap,satterthwaite,-0.6819221967963387,0.6266968038836159,inf,0.2229437229437227,0.5153001851929743,inf,0.0,8,0.00625,0.9875,not read,False
human_split_half | seed=100,gut_diff | age,-0.1177777777777777,gut_diff,age,100,14,28,25,18,5.76145552560647,-20.0,20.0,True,False,undetermined,-1.3885027974086537,1.152947241853098,10.789174694979137,0.25,True,True,no population gap,satterthwaite,-0.6785714285714286,0.6080228816130872,inf,-0.1177777777777777,0.5087569492677227,inf,0.0,8,0.00625,0.9875,not read,False
human_split_half | seed=101,bjw_score | political_identity,2.678571428571427,bjw_score,political_identity,101,4,25,7,28,1.4746666666666672,-20.0,20.0,True,True,undetermined,-2.9391505114337706,8.296293368576624,2.0972828576019418,0.25,True,True,no population gap,satterthwaite,3.9499999999999993,1.31686108465119,inf,2.678571428571427,2.2491530676413487,inf,0.0,8,0.00625,0.9875,not read,False
human_split_half | seed=101,bjw_score | sex,-1.870967741935484,bjw_score,sex,101,31,11,31,12,-0.3181818181818193,-20.0,20.0,True,False,undetermined,-6.228793217782492,2.486857733911524,2.329182581918228,0.25,True,True,no population gap,satterthwaite,0.5953079178885652,1.4786665440052276,inf,-1.870967741935484,1.7447315196305089,inf,0.0,8,0.00625,0.9875,not read,False
human_split_half | seed=101,bjw_score | education,-1.4264069264069263,bjw_score,education,101,19,23,22,21,0.011229829538549,-20.0,20.0,True,False,undetermined,-5.2646819696724965,2.411868116858644,2.690869605445666,0.25,True,True,no population gap,satterthwaite,-0.0160183066361554,1.518432841858767,inf,-1.4264069264069263,1.5367204322690278,inf,0.0,8,0.00625,0.9875,not read,False
human_split_half | seed=101,bjw_score | age,-2.245652173913044,bjw_score,age,101,19,23,20,23,-0.2068578998318653,-20.0,20.0,True,False,undetermined,-6.057350025377552,1.5660456775514642,1.6973678719009424,0.25,True,True,no population gap,satterthwaite,0.464530892448515,1.4891730711105953,inf,-2.245652173913044,1.5260797894769786,inf,0.0,8,0.00625,0.9875,not read,False
human_split_half | seed=101,gut_diff | political_identity,1.0,gut_diff,political_identity,101,4,25,7,28,0.3400000000000001,-20.0,20.0,True,False,undetermined,-1.5468783317960595,3.5468783317960595,2.5468783317960595,0.25,True,True,no population gap,satterthwaite,0.3400000000000001,1.0262376772113673,inf,1.0,1.0196872102329593,inf,0.0,8,0.00625,0.9875,not read,False
human_split_half | seed=101,gut_diff | sex,-0.8091397849462365,gut_diff,sex,101,31,11,31,12,-0.4312896405919662,-20.0,20.0,True,False,undetermined,-2.750651106024009,1.1323715361315367,2.399475785518045,0.25,True,True,no population gap,satterthwaite,0.3489736070381232,0.6398500692204321,inf,-0.8091397849462365,0.7773179574029329,inf,0.0,8,0.00625,0.9875,not read,False
human_split_half | seed=101,gut_diff | education,0.4653679653679654,gut_diff,education,101,19,23,22,21,-1.8931403331382044,-20.0,20.0,True,False,undetermined,-0.8764834361893925,1.807219366925324,2.883420221020927,0.25,True,True,no population gap,satterthwaite,-0.8810068649885584,0.5975272410580648,inf,0.4653679653679654,0.5372336381833777,inf,0.0,8,0.00625,0.9875,not read,False
human_split_half | seed=101,gut_diff | age,0.467391304347826,gut_diff,age,101,19,23,20,23,-2.296205630354957,-20.0,20.0,True,False,undetermined,-0.896264812229875,1.8310474209255272,2.917589830817407,0.25,True,True,no population gap,satterthwaite,-1.0732265446224256,0.579702169019322,inf,0.467391304347826,0.5459635365658179,inf,0.0,8,0.00625,0.9875,not read,False
human_split_half | seed=102,bjw_score | political_identity,2.297777777777778,bjw_score,political_identity,102,2,28,9,25,2.3780740536059684,-20.0,20.0,True,True,undetermined,-2.422960893633869,7.018516449189425,2.054480079434469,0.25,True,True,no population gap,satterthwaite,5.464285714285715,1.4469370705058069,inf,2.297777777777778,1.8900301541675857,inf,0.0,8,0.00625,0.9875,not read,False
human_split_half | seed=102,bjw_score | sex,-0.7661290322580641,bjw_score,sex,102,31,11,31,12,0.6354066985645908,-20.0,20.0,True,False,undetermined,-4.875751578382829,3.343493513866701,5.364138902310223,0.25,True,True,no population gap,satterthwaite,-0.4868035190615813,1.610952132560305,inf,-0.7661290322580641,1.6453591429368637,inf,0.0,8,0.00625,0.9875,not read,False
human_split_half | seed=102,bjw_score | education,-1.8688888888888897,bjw_score,education,102,23,19,18,25,-0.1959093048756921,-20.0,20.0,True,False,undetermined,-5.6656035452455615,1.9278257674677817,2.031535785208682,0.25,True,True,no population gap,satterthwaite,0.3661327231121269,1.579954626524562,inf,-1.8688888888888897,1.5200810056995409,inf,0.0,8,0.00625,0.9875,not read,False
human_split_half | seed=102,bjw_score | age,-2.4422222222222203,bjw_score,age,102,21,21,18,25,-0.2729754322111002,-20.0,20.0,True,False,undetermined,-6.361328585835722,1.4768841413912814,1.6047296302330092,0.25,True,True,no population gap,satterthwaite,0.6666666666666643,1.5635026564514485,inf,-2.4422222222222203,1.569082662736042,inf,0.0,8,0.00625,0.9875,not read,False
human_split_half | seed=102,gut_diff | political_identity,0.5066666666666668,gut_diff,political_identity,102,2,28,9,25,2.960526315789473,-20.0,20.0,True,False,undetermined,-1.4873980795013215,2.5007314128346554,3.9356541042789233,0.25,True,True,no population gap,satterthwaite,1.5,1.9076810155967192,inf,0.5066666666666668,0.7983586387536741,inf,0.0,8,0.00625,0.9875,not read,False
human_split_half | seed=102,gut_diff | sex,-0.0241935483870967,gut_diff,sex,102,31,11,31,12,19.27272727272729,-20.0,20.0,True,False,undetermined,-1.456261062037218,1.4078739652630246,59.1921238975384,0.25,True,True,no population gap,satterthwaite,-0.4662756598240469,0.87020310877806,inf,-0.0241935483870967,0.5733532338898051,inf,0.0,8,0.00625,0.9875,not read,False
human_split_half | seed=102,gut_diff | education,-0.2088888888888889,gut_diff,education,102,23,19,18,25,0.6244218316373729,-20.0,20.0,True,False,undetermined,-1.5769725188078672,1.1591947410300891,6.549336526207874,0.25,True,True,no population gap,satterthwaite,-0.1304347826086956,0.5776075150634957,inf,-0.2088888888888889,0.5477361688391673,inf,0.0,8,0.00625,0.9875,not read,False
human_split_half | seed=102,gut_diff | age,-0.2088888888888889,gut_diff,age,102,21,21,18,25,1.5957446808510645,-20.0,20.0,True,False,undetermined,-1.6237071255869884,1.2059293478092106,6.77306602674622,0.25,True,True,no population gap,satterthwaite,-0.3333333333333335,0.5785811863267164,inf,-0.2088888888888889,0.5664471846788327,inf,0.0,8,0.00625,0.9875,not read,False
human_split_half | seed=103,bjw_score | political_identity,1.5229885057471255,bjw_score,political_identity,103,5,24,6,29,3.1790566037735863,-20.0,20.0,True,False,undetermined,-3.3346044447710232,6.380581456265275,3.189513861849654,0.25,True,True,no population gap,satterthwaite,4.841666666666667,2.5317788539600623,inf,1.5229885057471255,1.9448221543697084,inf,0.0,8,0.00625,0.9875,not read,False
human_split_half | seed=103,bjw_score | sex,0.7624434389140298,bjw_score,sex,103,36,6,26,17,-3.606824925816011,-20.0,20.0,True,False,undetermined,-2.8851797691214087,4.410066646949469,4.7841230206280665,0.25,True,True,no population gap,satterthwaite,-2.75,2.599960267279753,inf,0.7624434389140298,1.4603896411336257,inf,0.0,8,0.00625,0.9875,not read,False
human_split_half | seed=103,bjw_score | education,-1.3874458874458888,bjw_score,education,103,19,23,22,21,0.2457473127300365,-20.0,20.0,True,False,undetermined,-5.165130611046263,2.3902388361544853,2.722761844467038,0.25,True,True,no population gap,satterthwaite,-0.3409610983981679,1.583491750117208,inf,-1.3874458874458888,1.512462039845956,inf,0.0,8,0.00625,0.9875,not read,False
human_split_half | seed=103,bjw_score | age,-0.3065217391304351,bjw_score,age,103,19,23,20,23,5.188503172825675,-20.0,20.0,True,False,undetermined,-3.970270096446192,3.3572266181853214,11.952654215356356,0.25,True,True,no population gap,satterthwaite,-1.5903890160183067,1.609273283013058,inf,-0.3065217391304351,1.4668456262032543,inf,0.0,8,0.00625,0.9875,not read,False
human_split_half | seed=103,gut_diff | political_identity,-0.2126436781609195,gut_diff,political_identity,103,5,24,6,29,-8.895945945945945,-20.0,20.0,True,False,undetermined,-2.547475985227278,2.1221886289054392,10.980022200798553,0.25,True,True,no population gap,satterthwaite,1.8916666666666664,1.104786137012309,inf,-0.2126436781609195,0.9347908817753928,inf,0.0,8,0.00625,0.9875,not read,False
human_split_half | seed=103,gut_diff | sex,-0.1764705882352941,gut_diff,sex,103,36,6,26,17,2.675925925925926,-20.0,20.0,True,False,undetermined,-1.830322630108852,1.4773814536382637,9.371828237283491,0.25,True,True,no population gap,satterthwaite,-0.4722222222222223,1.005765799810478,inf,-0.1764705882352941,0.6621485422614882,inf,0.0,8,0.00625,0.9875,not read,False
human_split_half | seed=103,gut_diff | education,0.3225108225108225,gut_diff,education,103,19,23,22,21,-2.327277195030178,-20.0,20.0,True,False,undetermined,-1.3213961329334598,1.9664177779551049,5.097214855135962,0.25,True,True,no population gap,satterthwaite,-0.7505720823798626,0.4675986638742481,inf,0.3225108225108225,0.6581668532620603,inf,0.0,8,0.00625,0.9875,not read,False
human_split_half | seed=103,gut_diff | age,0.2434782608695651,gut_diff,age,103,19,23,20,23,-3.4774436090225573,-20.0,20.0,True,False,undetermined,-1.345798554349207,1.832755076088337,6.527386919648531,0.25,True,True,no population gap,satterthwaite,-0.8466819221967963,0.4711944634330516,inf,0.2434782608695651,0.6362947227461506,inf,0.0,8,0.00625,0.9875,not read,False
human_split_half | seed=104,bjw_score | political_identity,1.26923076923077,bjw_score,political_identity,104,7,27,4,26,3.172358505691836,-20.0,20.0,True,False,undetermined,-4.3588795212218425,6.897341059683383,4.434268713689934,0.25,True,True,no population gap,satterthwaite,4.026455026455025,2.067393381666534,inf,1.26923076923077,2.253312225130108,inf,0.0,8,0.00625,0.9875,not read,False
human_split_half | seed=104,bjw_score | sex,0.6846590909090899,bjw_score,sex,104,30,12,32,11,-2.799446749654224,-20.0,20.0,True,False,undetermined,-3.9328792400177175,5.302197421835897,6.744288350565305,0.25,True,True,no population gap,satterthwaite,-1.916666666666668,1.4446653167754149,inf,0.6846590909090899,1.848712095911592,inf,0.0,8,0.00625,0.9875,not read,False
human_split_half | seed=104,bjw_score | education,-0.1929824561403528,bjw_score,education,104,17,25,24,19,7.925133689839502,-20.0,20.0,True,False,undetermined,-4.023148483105366,3.63718357082466,19.847223957909414,0.25,True,True,no population gap,satterthwaite,-1.529411764705884,1.5443755442298075,inf,-0.1929824561403528,1.533473846004572,inf,0.0,8,0.00625,0.9875,not read,False
human_split_half | seed=104,bjw_score | age,-0.0899122807017533,bjw_score,age,104,20,22,19,24,19.766740576496893,-20.0,20.0,True,False,undetermined,-3.957374788717449,3.777550227313944,43.01372935744334,0.25,True,True,no population gap,satterthwaite,-1.7772727272727271,1.5778097386042471,inf,-0.0899122807017533,1.5484061434132426,inf,0.0,8,0.00625,0.9875,not read,False
human_split_half | seed=104,gut_diff | political_identity,-0.7307692307692308,gut_diff,political_identity,104,7,27,4,26,-2.251740462266778,-20.0,20.0,True,False,undetermined,-2.271204422576753,0.8096659610382915,2.1079639466839777,0.25,True,True,no population gap,satterthwaite,1.6455026455026456,0.9832492451610894,inf,-0.7307692307692308,0.6167401260079762,inf,0.0,8,0.00625,0.9875,not read,False
human_split_half | seed=104,gut_diff | sex,-0.3636363636363635,gut_diff,sex,104,30,12,32,11,0.3666666666666667,-20.0,20.0,True,False,undetermined,-2.3836103544449614,1.6563376271722343,5.554928474723647,0.25,True,True,no population gap,satterthwaite,-0.1333333333333333,0.7071862706102379,inf,-0.3636363636363635,0.808731857237258,inf,0.0,8,0.00625,0.9875,not read,False
human_split_half | seed=104,gut_diff | education,-0.0219298245614036,gut_diff,education,104,17,25,24,19,18.99105882352925,-20.0,20.0,True,False,undetermined,-1.2253349646926148,1.1814753155698074,54.87527438998278,0.25,True,True,no population gap,satterthwaite,-0.4164705882352941,0.648706644339184,inf,-0.0219298245614036,0.481804260062572,inf,0.0,8,0.00625,0.9875,not read,False
human_split_half | seed=104,gut_diff | age,-0.5438596491228069,gut_diff,age,104,20,22,19,24,0.0752199413489733,-20.0,20.0,True,False,undetermined,-1.8386959849231967,0.7509766866775829,2.3808281013103945,0.25,True,True,no population gap,satterthwaite,-0.0409090909090907,0.6690506331264185,inf,-0.5438596491228069,0.5184103356949411,inf,0.0,8,0.00625,0.9875,not read,False
human_split_half | seed=105,bjw_score | political_identity,2.03846153846154,bjw_score,political_identity,105,3,27,8,26,2.180293501048216,-20.0,20.0,True,True,undetermined,-3.4956406851223027,7.572563762045383,2.714842600248676,0.25,True,True,no population gap,satterthwaite,4.444444444444443,0.7955425057827984,inf,2.03846153846154,2.2156744541191893,inf,0.0,8,0.00625,0.9875,not read,False
human_split_half | seed=105,bjw_score | sex,-0.579487179487181,bjw_score,sex,105,32,10,30,13,1.229535398230083,-20.0,20.0,True,False,undetermined,-4.4161125933372425,3.2571382343628805,6.620725271688142,0.25,True,True,no population gap,satterthwaite,-0.7124999999999986,1.917590277143392,inf,-0.579487179487181,1.5360599743289611,inf,0.0,8,0.00625,0.9875,not read,False
human_split_half | seed=105,bjw_score | education,0.2911111111111104,bjw_score,education,105,23,19,18,25,-6.673712159589164,-20.0,20.0,True,False,undetermined,-3.8261240323882975,4.408346254610519,14.143174157059072,0.25,True,True,no population gap,satterthwaite,-1.94279176201373,1.4496069246558594,inf,0.2911111111111104,1.6484069792165428,inf,0.0,8,0.00625,0.9875,not read,False
human_split_half | seed=105,bjw_score | age,-1.5244444444444412,bjw_score,age,105,21,21,18,25,0.2186588921282819,-20.0,20.0,True,False,undetermined,-5.634578748808685,2.5856898599198024,2.6961522404721774,0.25,True,True,no population gap,satterthwaite,-0.3333333333333357,1.4885184635769413,inf,-1.5244444444444412,1.6455640342836595,inf,0.0,8,0.00625,0.9875,not read,False
human_split_half | seed=105,gut_diff | political_identity,0.6346153846153846,gut_diff,political_identity,105,3,27,8,26,1.517396184062851,-20.0,20.0,True,False,undetermined,-1.7774134119941016,3.046644181224871,3.800772649202827,0.25,True,True,no population gap,satterthwaite,0.962962962962963,1.1425017509870632,inf,0.6346153846153846,0.9656978442632704,inf,0.0,8,0.00625,0.9875,not read,False
human_split_half | seed=105,gut_diff | sex,0.2333333333333334,gut_diff,sex,105,32,10,30,13,-3.375,-20.0,20.0,True,False,undetermined,-1.407459265674319,1.8741259323409856,7.031968281461365,0.25,True,True,no population gap,satterthwaite,-0.7875000000000001,0.8823626036731488,inf,0.2333333333333334,0.6569199662840323,inf,0.0,8,0.00625,0.9875,not read,False
human_split_half | seed=105,gut_diff | education,-0.3755555555555556,gut_diff,education,105,23,19,18,25,-0.0,-20.0,20.0,True,False,undetermined,-1.9144778824682005,1.163366771357089,4.097722172252603,0.25,True,True,no population gap,satterthwaite,0.0,0.5235031470226806,inf,-0.3755555555555556,0.6161344241317389,inf,0.0,8,0.00625,0.9875,not read,False
human_split_half | seed=105,gut_diff | age,-0.7577777777777778,gut_diff,age,105,21,21,18,25,-0.2513615416841224,-20.0,20.0,True,False,undetermined,-2.2422157198700376,0.726660164314482,1.9589357007082608,0.25,True,True,no population gap,satterthwaite,0.1904761904761905,0.5187380299999177,inf,-0.7577777777777778,0.5943206493372521,inf,0.0,8,0.00625,0.9875,not read,False
human_split_half | seed=106,bjw_score | political_identity,3.4074074074074066,bjw_score,political_identity,106,5,26,6,27,0.8172240802675579,-20.0,20.0,True,False,undetermined,-0.9320043547324052,7.746819169547218,1.2735230171497276,0.25,True,True,no population gap,satterthwaite,2.784615384615382,2.6308125423099824,inf,3.4074074074074066,1.7373592678328038,inf,0.0,8,0.00625,0.9875,not read,False
human_split_half | seed=106,bjw_score | sex,0.7386363636363633,bjw_score,sex,106,30,12,32,11,-2.414358974358977,-20.0,20.0,True,False,undetermined,-2.9885403802795745,4.465813107552301,5.046023899455426,0.25,True,True,no population gap,satterthwaite,-1.783333333333335,1.5706871059101917,inf,0.7386363636363633,1.4922402882781822,inf,0.0,8,0.00625,0.9875,not read,False
human_split_half | seed=106,bjw_score | education,1.5735930735930737,bjw_score,education,106,19,23,22,21,-1.9064649243466296,-20.0,20.0,True,False,undetermined,-2.025715430357716,5.172901577543863,2.287318471561574,0.25,True,True,no population gap,satterthwaite,-3.0,1.4598922745243508,inf,1.5735930735930737,1.4410460057481986,inf,0.0,8,0.00625,0.9875,not read,False
human_split_half | seed=106,bjw_score | age,-0.867391304347823,bjw_score,age,106,16,26,23,20,0.2660497397339503,-20.0,20.0,True,False,undetermined,-4.625106720646988,2.8903241119513425,4.332203236836146,0.25,True,True,no population gap,satterthwaite,-0.2307692307692299,1.6635193372671933,inf,-0.867391304347823,1.504466978991245,inf,0.0,8,0.00625,0.9875,not read,False
human_split_half | seed=106,gut_diff | political_identity,0.6851851851851851,gut_diff,political_identity,106,5,26,6,27,1.167567567567568,-20.0,20.0,True,False,undetermined,-1.7431667574581815,3.113537127828552,3.5440812135876163,0.25,True,True,no population gap,satterthwaite,0.8,1.1730745595231118,inf,0.6851851851851851,0.9722331007903362,inf,0.0,8,0.00625,0.9875,not read,False
human_split_half | seed=106,gut_diff | sex,-0.7613636363636365,gut_diff,sex,106,30,12,32,11,-0.328358208955224,-20.0,20.0,True,False,undetermined,-2.626792249141632,1.104064976414359,2.4501151929024414,0.25,True,True,no population gap,satterthwaite,0.2500000000000001,0.6989108430991685,inf,-0.7613636363636365,0.7468569166831516,inf,0.0,8,0.00625,0.9875,not read,False
human_split_half | seed=106,gut_diff | education,0.8809523809523809,gut_diff,education,106,19,23,22,21,-1.506586678211392,-20.0,20.0,True,True,reversed or missing,-0.4909837820334521,2.252888543938214,1.5573329417677024,0.25,True,True,no population gap,satterthwaite,-1.3272311212814645,0.5520508922616235,inf,0.8809523809523809,0.5492785977201344,inf,0.0,8,0.00625,0.9875,not read,False
human_split_half | seed=106,gut_diff | age,0.1304347826086955,gut_diff,age,106,16,26,23,20,-5.8237179487179525,-20.0,20.0,True,False,undetermined,-1.2864902894836645,1.5473598547010556,10.863092219374767,0.25,True,True,no population gap,satterthwaite,-0.7596153846153846,0.5263718195650806,inf,0.1304347826086955,0.5672906930155968,inf,0.0,8,0.00625,0.9875,not read,False
human_split_half | seed=107,bjw_score | political_identity,4.066666666666666,bjw_score,political_identity,107,6,23,5,30,0.5416963649322878,-20.0,20.0,True,False,undetermined,-2.7099674701732663,10.8433008035066,1.6663854434852294,0.25,True,True,no population gap,satterthwaite,2.202898550724637,1.7115531091552452,inf,4.066666666666666,2.7131438009803874,inf,0.0,8,0.00625,0.9875,not read,False
human_split_half | seed=107,bjw_score | sex,-0.9623655913978482,bjw_score,sex,107,31,11,31,12,0.34128999492128,-20.0,20.0,True,False,undetermined,-5.452058241696322,3.5273270589006254,4.66526722321518,0.25,True,True,no population gap,satterthwaite,-0.3284457478005862,1.5909836733130371,inf,-0.9623655913978482,1.7975268454060025,inf,0.0,8,0.00625,0.9875,not read,False
human_split_half | seed=107,bjw_score | education,-1.94736842105263,bjw_score,education,107,22,20,19,24,-0.1143734643734644,-20.0,20.0,True,False,undetermined,-6.157049780324711,2.262312938219451,2.1617282655721515,0.25,True,True,no population gap,satterthwaite,0.2227272727272726,1.4624203686051809,inf,-1.94736842105263,1.6854194358702352,inf,0.0,8,0.00625,0.9875,not read,False
human_split_half | seed=107,bjw_score | age,-2.273755656108598,bjw_score,age,107,22,20,17,26,-0.0979556761646313,-20.0,20.0,True,False,undetermined,-6.384818744019298,1.8373074318021017,1.8080496366731629,0.25,True,True,no population gap,satterthwaite,0.2227272727272726,1.4410127773889445,inf,-2.273755656108598,1.6459358889936284,inf,0.0,8,0.00625,0.9875,not read,False
human_split_half | seed=107,gut_diff | political_identity,0.4000000000000001,gut_diff,political_identity,107,6,23,5,30,2.9528985507246364,-20.0,20.0,True,False,undetermined,-2.592512625495001,3.3925126254950007,7.481281563737499,0.25,True,True,no population gap,satterthwaite,1.181159420289855,0.942447439988306,inf,0.4000000000000001,1.1981046807705331,inf,0.0,8,0.00625,0.9875,not read,False
human_split_half | seed=107,gut_diff | sex,-0.8198924731182797,gut_diff,sex,107,31,11,31,12,-0.4757078986587182,-20.0,20.0,True,False,undetermined,-2.7883644153346463,1.1485794690980868,2.4008903688671746,0.25,True,True,no population gap,satterthwaite,0.3900293255131964,0.6002466663515832,inf,-0.8198924731182797,0.7881121128251799,inf,0.0,8,0.00625,0.9875,not read,False
human_split_half | seed=107,gut_diff | education,-0.6776315789473685,gut_diff,education,107,22,20,19,24,-0.516504854368932,-20.0,20.0,True,False,undetermined,-2.27069521205788,0.9154320541631428,2.350928856629104,0.25,True,True,no population gap,satterthwaite,0.35,0.4775433440421281,inf,-0.6776315789473685,0.6378108414093318,inf,0.0,8,0.00625,0.9875,not read,False
human_split_half | seed=107,gut_diff | age,-0.5384615384615385,gut_diff,age,107,22,20,17,26,-0.1181818181818181,-20.0,20.0,True,False,undetermined,-2.096800086980508,1.019877010057431,2.8940573043923714,0.25,True,True,no population gap,satterthwaite,0.0636363636363636,0.5017737678592209,inf,-0.5384615384615385,0.6239080474712788,inf,0.0,8,0.00625,0.9875,not read,False
human_split_half | seed=108,bjw_score | political_identity,0.2342857142857148,bjw_score,political_identity,108,4,28,7,25,29.26829268292676,-20.0,20.0,True,True,kept or steepened,-4.876098478468389,5.344669907039819,21.81261545687721,0.25,True,True,no population gap,satterthwaite,6.857142857142858,1.4926939757028128,inf,0.2342857142857148,2.046031542093042,inf,0.0,8,0.00625,0.9875,not read,False
human_split_half | seed=108,bjw_score | sex,-0.7364532019704448,bjw_score,sex,108,33,9,29,14,0.3154623154623141,-20.0,20.0,True,False,undetermined,-4.451357299996594,2.978450896055704,5.044317939125797,0.25,True,True,no population gap,satterthwaite,-0.2323232323232318,1.8808373678832355,inf,-0.7364532019704448,1.4873267202080849,inf,0.0,8,0.00625,0.9875,not read,False
human_split_half | seed=108,bjw_score | education,-0.9066666666666664,bjw_score,education,108,23,19,18,25,0.567875891775474,-20.0,20.0,True,False,undetermined,-4.634950531669549,2.8216171983362166,4.1120777922825935,0.25,True,True,no population gap,satterthwaite,-0.5148741418764295,1.5774506362501328,inf,-0.9066666666666664,1.4926835435363717,inf,0.0,8,0.00625,0.9875,not read,False
human_split_half | seed=108,bjw_score | age,-0.4869565217391276,bjw_score,age,108,19,23,20,23,2.8900375939849767,-20.0,20.0,True,False,undetermined,-4.2133040091435605,3.2393909656653053,7.6523207330627185,0.25,True,True,no population gap,satterthwaite,-1.4073226544622417,1.639262400808141,inf,-0.4869565217391276,1.4919082809544608,inf,0.0,8,0.00625,0.9875,not read,False
human_split_half | seed=108,gut_diff | political_identity,1.0857142857142856,gut_diff,political_identity,108,4,28,7,25,0.0328947368421052,-20.0,20.0,True,False,undetermined,-1.4293873529764378,3.6008159244050093,2.316540983004614,0.25,True,True,no population gap,satterthwaite,0.0357142857142857,1.0333676699286578,inf,1.0857142857142856,1.0069648563071796,inf,0.0,8,0.00625,0.9875,not read,False
human_split_half | seed=108,gut_diff | sex,-0.1502463054187193,gut_diff,sex,108,33,9,29,14,1.7479715184633209,-20.0,20.0,True,False,undetermined,-1.7084132228855984,1.4079206120481598,10.370750303140206,0.25,True,True,no population gap,satterthwaite,-0.2626262626262626,0.959325606298848,inf,-0.1502463054187193,0.6238393319827882,inf,0.0,8,0.00625,0.9875,not read,False
human_split_half | seed=108,gut_diff | education,-0.4399999999999999,gut_diff,education,108,23,19,18,25,-0.2600374453921367,-20.0,20.0,True,False,undetermined,-1.983276287029702,1.1032762870297022,3.507446106885687,0.25,True,True,no population gap,satterthwaite,0.1144164759725401,0.5184537238227901,inf,-0.4399999999999999,0.6178776080874864,inf,0.0,8,0.00625,0.9875,not read,False
human_split_half | seed=108,gut_diff | age,-0.4782608695652173,gut_diff,age,108,19,23,20,23,0.2392344497607657,-20.0,20.0,True,False,undetermined,-2.005187683105454,1.0486659439750192,3.192665155584132,0.25,True,True,no population gap,satterthwaite,-0.1144164759725401,0.5227123532563155,inf,-0.4782608695652173,0.6113318109038831,inf,0.0,8,0.00625,0.9875,not read,False
human_split_half | seed=109,bjw_score | political_identity,2.2833333333333314,bjw_score,political_identity,109,6,29,5,24,1.5957714573370254,-20.0,20.0,True,False,undetermined,-3.948235556460605,8.514902223127269,2.729154258303916,0.25,True,True,no population gap,satterthwaite,3.6436781609195386,2.0175745346754805,inf,2.2833333333333314,2.4949174121433035,inf,0.0,8,0.00625,0.9875,not read,False
human_split_half | seed=109,bjw_score | sex,0.0358974358974357,bjw_score,sex,109,32,10,30,13,-32.03571428571436,-20.0,20.0,True,False,undetermined,-4.332013672601249,4.403808544396121,121.67752373674952,0.25,True,True,no population gap,satterthwaite,-1.1499999999999986,1.346370030780102,inf,0.0358974358974357,1.7487694787641006,inf,0.0,8,0.00625,0.9875,not read,False
human_split_half | seed=109,bjw_score | education,-0.3903508771929829,bjw_score,education,109,17,25,24,19,4.78604097818903,-20.0,20.0,True,False,undetermined,-4.2348166465911925,3.4541148922052267,9.848743768795403,0.25,True,True,no population gap,satterthwaite,-1.8682352941176497,1.4953256143867546,inf,-0.3903508771929829,1.5391989975702038,inf,0.0,8,0.00625,0.9875,not read,False
human_split_half | seed=109,bjw_score | age,-0.4069264069264058,bjw_score,age,109,18,24,21,22,4.164007092198589,-20.0,20.0,True,False,undetermined,-4.28313358657853,3.4692807727257184,9.525572962762162,0.25,True,True,no population gap,satterthwaite,-1.6944444444444429,1.470205728647742,inf,-0.4069264069264058,1.5519072253903563,inf,0.0,8,0.00625,0.9875,not read,False
human_split_half | seed=109,gut_diff | political_identity,0.3916666666666668,gut_diff,political_identity,109,6,29,5,24,2.641232575201759,-20.0,20.0,True,False,undetermined,-2.291639607312674,3.074972940646007,6.850994742074909,0.25,True,True,no population gap,satterthwaite,1.0344827586206895,1.0315785478856292,inf,0.3916666666666668,1.0743085190037596,inf,0.0,8,0.00625,0.9875,not read,False
human_split_half | seed=109,gut_diff | sex,-0.2769230769230768,gut_diff,sex,109,32,10,30,13,1.0156250000000004,-20.0,20.0,True,False,undetermined,-2.084713916195529,1.5308677623493756,6.528133586261636,0.25,True,True,no population gap,satterthwaite,-0.28125,0.7118956463119942,inf,-0.2769230769230768,0.7237806276684109,inf,0.0,8,0.00625,0.9875,not read,False
human_split_half | seed=109,gut_diff | education,0.3574561403508772,gut_diff,education,109,17,25,24,19,-1.8957488271382168,-20.0,20.0,True,False,undetermined,-1.0547843386825495,1.7696966193843044,3.950807720486152,0.25,True,True,no population gap,satterthwaite,-0.6776470588235295,0.5292449077198581,inf,0.3574561403508772,0.5654151343885101,inf,0.0,8,0.00625,0.9875,not read,False
human_split_half | seed=109,gut_diff | age,0.0411255411255411,gut_diff,age,109,18,24,21,22,-14.521929824561408,-20.0,20.0,True,False,undetermined,-1.3569308494215755,1.439181931672658,33.99484486488253,0.25,True,True,no population gap,satterthwaite,-0.5972222222222223,0.529756281035814,inf,0.0411255411255411,0.5597362868999048,inf,0.0,8,0.00625,0.9875,not read,False
human_split_half | seed=110,bjw_score | political_identity,2.3850000000000016,bjw_score,political_identity,110,3,28,8,25,1.991614255765198,-20.0,20.0,True,True,undetermined,-2.9975759764797143,7.767575976479717,2.2568452731571123,0.25,True,True,no population gap,satterthwaite,4.75,1.2743090921968805,inf,2.3850000000000016,2.155008275347423,inf,0.0,8,0.00625,0.9875,not read,False
human_split_half | seed=110,bjw_score | sex,-1.4212121212121218,bjw_score,sex,110,29,13,33,10,-0.0578577367048784,-20.0,20.0,True,False,undetermined,-5.226631547851634,2.38420730542739,2.677587229831638,0.25,True,True,no population gap,satterthwaite,0.0822281167108727,1.6994202077289289,inf,-1.4212121212121218,1.523566112473043,inf,0.0,8,0.00625,0.9875,not read,False
human_split_half | seed=110,bjw_score | education,-0.2043478260869555,bjw_score,education,110,21,21,20,23,7.223910840932143,-20.0,20.0,True,False,undetermined,-4.412973266603223,4.004277614429312,20.595401091888213,0.25,True,True,no population gap,satterthwaite,-1.4761904761904745,1.4761546867638338,inf,-0.2043478260869555,1.6849966803593397,inf,0.0,8,0.00625,0.9875,not read,False
human_split_half | seed=110,bjw_score | age,0.5679824561403528,bjw_score,age,110,20,22,19,24,-4.353527553527538,-20.0,20.0,True,False,undetermined,-3.542943221554201,4.678908133834907,7.237768760728611,0.25,True,True,no population gap,satterthwaite,-2.4727272727272727,1.4657652054609622,inf,0.5679824561403528,1.6458808744143256,inf,0.0,8,0.00625,0.9875,not read,False
human_split_half | seed=110,gut_diff | political_identity,1.25,gut_diff,political_identity,110,3,28,8,25,-0.3809523809523809,-20.0,20.0,True,False,undetermined,-1.0618868624971365,3.5618868624971363,1.849509489997709,0.25,True,True,no population gap,satterthwaite,-0.4761904761904761,0.7194631410389395,inf,1.25,0.9256042724002028,inf,0.0,8,0.00625,0.9875,not read,False
human_split_half | seed=110,gut_diff | sex,-0.1575757575757574,gut_diff,sex,110,29,13,33,10,2.508161599673537,-20.0,20.0,True,False,undetermined,-1.887987787155376,1.5728362720038604,10.981460956947585,0.25,True,True,no population gap,satterthwaite,-0.3952254641909813,0.7437863063737871,inf,-0.1575757575757574,0.6928006701251734,inf,0.0,8,0.00625,0.9875,not read,False
human_split_half | seed=110,gut_diff | education,-0.5217391304347827,gut_diff,education,110,21,21,20,23,-0.2738095238095236,-20.0,20.0,True,False,undetermined,-2.0254432843541395,0.981965023484574,2.882099628345433,0.25,True,True,no population gap,satterthwaite,0.1428571428571428,0.5315266277070355,inf,-0.5217391304347827,0.602034213642413,inf,0.0,8,0.00625,0.9875,not read,False
human_split_half | seed=110,gut_diff | age,-0.1228070175438595,gut_diff,age,110,20,22,19,24,3.590259740259741,-20.0,20.0,True,False,undetermined,-1.6176019909086854,1.3719879558209662,12.171901925970731,0.25,True,True,no population gap,satterthwaite,-0.4409090909090908,0.548203533970961,inf,-0.1228070175438595,0.5984672676475076,inf,0.0,8,0.00625,0.9875,not read,False
human_split_half | seed=111,bjw_score | political_identity,4.535714285714285,bjw_score,political_identity,111,8,25,3,28,0.578740157480315,-0.6729544750157517,2.934532590532771,False,False,undetermined,1.3665579364862357,7.704870634942334,0.6987116360502788,0.25,False,True,reference too imprecise,satterthwaite,2.625,2.106544212929499,inf,4.535714285714285,1.2688270798776362,inf,0.0,8,0.00625,0.9875,not read,False
human_split_half | seed=111,bjw_score | sex,-1.88440860215054,bjw_score,sex,111,31,11,31,12,-0.3672675398780955,-20.0,20.0,True,False,undetermined,-5.066854196793978,1.2980369924928987,1.6888299018649895,0.25,True,True,no population gap,satterthwaite,0.6920821114369495,1.960194424409207,inf,-1.88440860215054,1.2741476613182752,inf,0.0,8,0.00625,0.9875,not read,False
human_split_half | seed=111,bjw_score | education,1.4804347826086968,bjw_score,education,111,21,21,20,23,-2.1229284665408,-20.0,20.0,True,False,undetermined,-2.005233113198466,4.96610267841586,2.354489327564308,0.25,True,True,no population gap,satterthwaite,-3.1428571428571423,1.6190635400166429,inf,1.4804347826086968,1.3955480040413664,inf,0.0,8,0.00625,0.9875,not read,False
human_split_half | seed=111,bjw_score | age,-1.2149321266968336,bjw_score,age,111,22,20,17,26,0.4901134247502975,-20.0,20.0,True,False,undetermined,-4.884223733765625,2.454359480371957,3.020161806935576,0.25,True,True,no population gap,satterthwaite,-0.5954545454545475,1.7205273510134589,inf,-1.2149321266968336,1.4690649630305108,inf,0.0,8,0.00625,0.9875,not read,False
human_split_half | seed=111,gut_diff | political_identity,1.261904761904762,gut_diff,political_identity,111,8,25,3,28,0.43188679245283,-20.0,20.0,True,False,undetermined,-2.2027474431813587,4.726556966990883,2.7455734455399448,0.25,True,True,no population gap,satterthwaite,0.5449999999999999,0.9105473086715646,inf,1.261904761904762,1.3871340053140122,inf,0.0,8,0.00625,0.9875,not read,False
human_split_half | seed=111,gut_diff | sex,-0.435483870967742,gut_diff,sex,111,31,11,31,12,0.074074074074074,-20.0,20.0,True,False,undetermined,-2.1957757016586714,1.3248079597231874,4.042151611216208,0.25,True,True,no population gap,satterthwaite,-0.032258064516129,0.7430460206832927,inf,-0.435483870967742,0.7047635702202175,inf,0.0,8,0.00625,0.9875,not read,False
human_split_half | seed=111,gut_diff | education,-0.3478260869565217,gut_diff,education,111,21,21,20,23,0.136904761904762,-20.0,20.0,True,False,undetermined,-1.561367239714087,0.8657150658010435,3.488930814178,0.25,True,True,no population gap,satterthwaite,-0.0476190476190476,0.6696863317460625,inf,-0.3478260869565217,0.4858623896986918,inf,0.0,8,0.00625,0.9875,not read,False
human_split_half | seed=111,gut_diff | age,-0.6968325791855203,gut_diff,age,111,22,20,17,26,-0.2087367178276268,-20.0,20.0,True,False,undetermined,-1.843434044779,0.4497688864079592,1.6454475577672665,0.25,True,True,no population gap,satterthwaite,0.1454545454545454,0.6780293722294328,inf,-0.6968325791855203,0.4590619171334875,inf,0.0,8,0.00625,0.9875,not read,False
human_split_half | seed=112,bjw_score | political_identity,2.2820512820512846,bjw_score,political_identity,112,8,27,3,26,2.0003121098626693,-20.0,20.0,True,True,undetermined,-1.605882094594055,6.169984658696624,1.7037011425749222,0.25,True,True,no population gap,satterthwaite,4.564814814814815,1.9606140525692253,inf,2.2820512820512846,1.5566020131033689,inf,0.0,8,0.00625,0.9875,not read,False
human_split_half | seed=112,bjw_score | sex,0.0878787878787896,bjw_score,sex,112,29,13,33,10,-20.28354523003709,-20.0,20.0,True,False,undetermined,-3.938544493479381,4.1143020692369605,45.81792009821274,0.25,True,True,no population gap,satterthwaite,-1.7824933687002655,1.6236963238872757,inf,0.0878787878787896,1.6120488645760378,inf,0.0,8,0.00625,0.9875,not read,False
human_split_half | seed=112,bjw_score | education,-0.9956521739130436,bjw_score,education,112,18,24,23,20,1.2694080543425523,-20.0,20.0,True,False,undetermined,-4.617852552081919,2.626548204255832,3.6380178470691753,0.25,True,True,no population gap,satterthwaite,-1.2638888888888893,1.4673519031193163,inf,-0.9956521739130436,1.450211167297939,inf,0.0,8,0.00625,0.9875,not read,False
human_split_half | seed=112,bjw_score | age,0.2873303167420822,bjw_score,age,112,22,20,17,26,-4.983178239083744,-20.0,20.0,True,False,undetermined,-3.2946218925601185,3.869282526044283,12.466321862295816,0.25,True,True,no population gap,satterthwaite,-1.4318181818181834,1.5363663717508362,inf,0.2873303167420822,1.4340971101338094,inf,0.0,8,0.00625,0.9875,not read,False
human_split_half | seed=112,gut_diff | political_identity,-1.4230769230769231,gut_diff,political_identity,112,8,27,3,26,-1.2362362362362362,-6.917164449342853,0.2618578842170813,False,False,reversed to attenuated,-2.5512602133261506,-0.2948936328276956,0.7927774472021598,0.25,False,True,reversed to attenuated,satterthwaite,1.7592592592592593,0.8453098793074275,inf,-1.4230769230769231,0.4516878790414843,inf,0.0,8,0.00625,0.9875,not kept,False
human_split_half | seed=112,gut_diff | sex,-0.6121212121212121,gut_diff,sex,112,29,13,33,10,-0.1993329306405445,-20.0,20.0,True,False,undetermined,-2.797098284696052,1.5728558604536278,3.5695169997509764,0.25,True,True,no population gap,satterthwaite,0.1220159151193636,0.5764266318155634,inf,-0.6121212121212121,0.874793722080016,inf,0.0,8,0.00625,0.9875,not read,False
human_split_half | seed=112,gut_diff | education,0.3369565217391304,gut_diff,education,112,18,24,23,20,-2.102150537634409,-20.0,20.0,True,False,undetermined,-1.2831778589076976,1.9570909023859584,4.808140742564781,0.25,True,True,no population gap,satterthwaite,-0.7083333333333334,0.5131319228052307,inf,0.3369565217391304,0.6486490878577836,inf,0.0,8,0.00625,0.9875,not read,False
human_split_half | seed=112,gut_diff | age,-0.1764705882352941,gut_diff,age,112,22,20,17,26,2.8333333333333326,-20.0,20.0,True,False,undetermined,-1.7129214610607653,1.359980284590177,8.706554946011002,0.25,True,True,no population gap,satterthwaite,-0.5,0.5219362250512004,inf,-0.1764705882352941,0.6151449343347953,inf,0.0,8,0.00625,0.9875,not read,False
human_split_half | seed=113,bjw_score | political_identity,4.313333333333333,bjw_score,political_identity,113,5,28,6,25,0.3957827334952533,-20.0,20.0,True,False,undetermined,-1.0322728552924554,9.65893952195912,1.2393213729426096,0.25,True,True,no population gap,satterthwaite,1.707142857142859,2.241733516474916,inf,4.313333333333333,2.1402067752643426,inf,0.0,8,0.00625,0.9875,not read,False
human_split_half | seed=113,bjw_score | sex,-2.114285714285714,bjw_score,sex,113,27,15,35,8,-0.1891891891891902,-20.0,20.0,True,False,undetermined,-7.278918024222747,3.05034659565132,2.442731497943192,0.25,True,True,no population gap,satterthwaite,0.4000000000000021,1.4728268684477022,inf,-2.114285714285714,2.067750723013492,inf,0.0,8,0.00625,0.9875,not read,False
human_split_half | seed=113,bjw_score | education,-0.8804347826086953,bjw_score,education,113,18,24,23,20,0.8203017832647456,-20.0,20.0,True,False,undetermined,-4.899617942946937,3.138748377729546,4.564998157421214,0.25,True,True,no population gap,satterthwaite,-0.7222222222222214,1.5915279376895652,inf,-0.8804347826086953,1.60915015570864,inf,0.0,8,0.00625,0.9875,not read,False
human_split_half | seed=113,bjw_score | age,-0.3195652173913039,bjw_score,age,113,16,26,23,20,4.8593668236525485,-20.0,20.0,True,False,undetermined,-4.237782338380043,3.598651903597436,12.26108758948859,0.25,True,True,no population gap,satterthwaite,-1.5528846153846168,1.5385050914103884,inf,-0.3195652173913039,1.5687266389244827,inf,0.0,8,0.00625,0.9875,not read,False
human_split_half | seed=113,gut_diff | political_identity,1.5666666666666664,gut_diff,political_identity,113,5,28,6,25,-0.0638297872340426,-20.0,20.0,True,False,undetermined,-0.9992593716029404,4.132592704936274,1.6378251308103875,0.25,True,True,no population gap,satterthwaite,-0.1,1.0704305714680968,inf,1.5666666666666664,1.0273132921045856,inf,0.0,8,0.00625,0.9875,not read,False
human_split_half | seed=113,gut_diff | sex,0.5964285714285714,gut_diff,sex,113,27,15,35,8,-1.1053448658239078,-20.0,20.0,True,False,undetermined,-0.8296187501021036,2.0224758929592466,2.3909775450813715,0.25,True,True,no population gap,satterthwaite,-0.6592592592592592,0.7315646209782898,inf,0.5964285714285714,0.5709429448584419,inf,0.0,8,0.00625,0.9875,not read,False
human_split_half | seed=113,gut_diff | education,0.0195652173913043,gut_diff,education,113,18,24,23,20,-17.746913580246908,-20.0,20.0,True,False,undetermined,-1.1555839125761902,1.194714347358799,60.06317775389417,0.25,True,True,no population gap,satterthwaite,-0.3472222222222221,0.6723594937845828,inf,0.0195652173913043,0.4704914730258093,inf,0.0,8,0.00625,0.9875,not read,False
human_split_half | seed=113,gut_diff | age,-0.3543478260869566,gut_diff,age,113,16,26,23,20,0.2713544124587072,-20.0,20.0,True,False,undetermined,-1.487820414100722,0.7791247619268089,3.1987569968486627,0.25,True,True,no population gap,satterthwaite,-0.0961538461538462,0.6753299296111154,inf,-0.3543478260869566,0.4538055417559846,inf,0.0,8,0.00625,0.9875,not read,False
human_split_half | seed=114,bjw_score | political_identity,3.333333333333332,bjw_score,political_identity,114,9,23,2,30,1.0246376811594209,-0.3637153830968754,7.436213516936332,False,False,undetermined,0.5241276140890077,6.142539052577657,0.8427617157732976,0.25,False,True,reference too imprecise,satterthwaite,3.415458937198068,1.807115208631336,inf,3.333333333333332,1.124714560199138,inf,0.0,8,0.00625,0.9875,not read,False
human_split_half | seed=114,bjw_score | sex,-1.6805555555555571,bjw_score,sex,114,35,7,27,16,-0.3230224321133418,-20.0,20.0,True,False,undetermined,-5.755257042552052,2.3941459314409377,2.424615760857416,0.25,True,True,no population gap,satterthwaite,0.5428571428571445,1.7378135233209602,inf,-1.6805555555555571,1.6313778871711924,inf,0.0,8,0.00625,0.9875,not read,False
human_split_half | seed=114,bjw_score | education,0.5239130434782631,bjw_score,education,114,21,21,20,23,-4.271883027069729,-20.0,20.0,True,False,undetermined,-3.669288125537209,4.717114212493735,8.003620488577216,0.25,True,True,no population gap,satterthwaite,-2.238095238095237,1.3332119468213115,inf,0.5239130434782631,1.678821303946509,inf,0.0,8,0.00625,0.9875,not read,False
human_split_half | seed=114,bjw_score | age,-0.5022222222222226,bjw_score,age,114,21,21,18,25,2.939317319848288,-20.0,20.0,True,False,undetermined,-4.692691378987256,3.6882469345428106,8.343854515682583,0.25,True,True,no population gap,satterthwaite,-1.4761904761904745,1.3777856941711326,inf,-0.5022222222222226,1.6777274951393928,inf,0.0,8,0.00625,0.9875,not read,False
human_split_half | seed=114,gut_diff | political_identity,-1.2333333333333334,gut_diff,political_identity,114,9,23,2,30,-1.0967489228358795,-7.067312416888766,0.608666549103046,False,False,reversed to attenuated,-2.235584999892504,-0.2310816667741624,0.8126364863993277,0.25,False,True,reversed to attenuated,satterthwaite,1.352657004830918,0.805914748999012,inf,-1.2333333333333334,0.4012689546517726,inf,0.0,8,0.00625,0.9875,not kept,False
human_split_half | seed=114,gut_diff | sex,-0.2245370370370371,gut_diff,sex,114,35,7,27,16,1.6541973490427095,-20.0,20.0,True,False,undetermined,-1.9149190956876407,1.4658450216135672,7.528299477701658,0.25,True,True,no population gap,satterthwaite,-0.3714285714285714,0.8782789938313719,inf,-0.2245370370370371,0.6767739723152597,inf,0.0,8,0.00625,0.9875,not read,False
human_split_half | seed=114,gut_diff | education,0.0065217391304348,gut_diff,education,114,21,21,20,23,-65.71428571428497,-20.0,20.0,True,False,undetermined,-1.5538451051253488,1.5668885833862185,239.2562494525508,0.25,True,True,no population gap,satterthwaite,-0.4285714285714285,0.53861253239987,inf,0.0065217391304348,0.6247201110848323,inf,0.0,8,0.00625,0.9875,not read,False
human_split_half | seed=114,gut_diff | age,-0.4622222222222222,gut_diff,age,114,21,21,18,25,0.3090659340659339,-20.0,20.0,True,False,undetermined,-1.9408302777388384,1.0163858332943945,3.198911658569603,0.25,True,True,no population gap,satterthwaite,-0.1428571428571428,0.5380857892248005,inf,-0.4622222222222222,0.5919865524532051,inf,0.0,8,0.00625,0.9875,not read,False
human_split_half | seed=115,bjw_score | political_identity,2.620000000000001,bjw_score,political_identity,115,7,28,4,25,1.1995637949836415,-20.0,20.0,True,False,undetermined,-4.27975927834412,9.519759278344122,2.6334959077649307,0.25,True,True,no population gap,satterthwaite,3.1428571428571423,1.8708286001957488,inf,2.620000000000001,2.7624391012240417,inf,0.0,8,0.00625,0.9875,not read,False
human_split_half | seed=115,bjw_score | sex,0.5128205128205146,bjw_score,sex,115,32,10,30,13,-3.875624999999988,-20.0,20.0,True,False,undetermined,-4.090819174195147,5.116460199836176,8.977097389680509,0.25,True,True,no population gap,satterthwaite,-1.9875000000000007,1.3271884132247278,inf,0.5128205128205146,1.843147531142696,inf,0.0,8,0.00625,0.9875,not read,False
human_split_half | seed=115,bjw_score | education,-1.166666666666668,bjw_score,education,115,23,19,18,25,0.3765936580581904,-20.0,20.0,True,False,undetermined,-5.492530911107611,3.159197577774276,3.707883638092233,0.25,True,True,no population gap,satterthwaite,-0.4393592677345559,1.3992074698074848,inf,-1.166666666666668,1.7319352825738774,inf,0.0,8,0.00625,0.9875,not read,False
human_split_half | seed=115,bjw_score | age,-1.576754385964911,bjw_score,age,115,20,22,19,24,0.1643191301049454,-20.0,20.0,True,False,undetermined,-5.930213280305327,2.776704508375505,2.761025390569168,0.25,True,True,no population gap,satterthwaite,-0.2590909090909115,1.377447061522377,inf,-1.576754385964911,1.7429832824810838,inf,0.0,8,0.00625,0.9875,not read,False
human_split_half | seed=115,gut_diff | political_identity,1.02,gut_diff,political_identity,115,7,28,4,25,0.7002801120448179,-20.0,20.0,True,False,undetermined,-2.694773734451428,4.734773734451428,3.641935033775909,0.25,True,True,no population gap,satterthwaite,0.7142857142857143,0.7769484829901981,inf,1.02,1.4872745268747154,inf,0.0,8,0.00625,0.9875,not read,False
human_split_half | seed=115,gut_diff | sex,-0.6461538461538463,gut_diff,sex,115,32,10,30,13,-0.5319940476190474,-20.0,20.0,True,False,undetermined,-2.6794375379348097,1.3871298456271168,3.1467485706133944,0.25,True,True,no population gap,satterthwaite,0.34375,0.5081370070097898,inf,-0.6461538461538463,0.8140606284172991,inf,0.0,8,0.00625,0.9875,not read,False
human_split_half | seed=115,gut_diff | education,-0.011111111111111,gut_diff,education,115,23,19,18,25,21.83066361556072,-20.0,20.0,True,False,undetermined,-1.7303195553029815,1.7080973330807594,154.72875997726888,0.25,True,True,no population gap,satterthwaite,-0.2425629290617849,0.4211923393452754,inf,-0.011111111111111,0.6883151190935375,inf,0.0,8,0.00625,0.9875,not read,False
human_split_half | seed=115,gut_diff | age,-0.0482456140350877,gut_diff,age,115,20,22,19,24,10.363636363636354,-20.0,20.0,True,False,undetermined,-1.7273737056613514,1.630882477591176,34.80374589916253,0.25,True,True,no population gap,satterthwaite,-0.5,0.4189541588192461,inf,-0.0482456140350877,0.6722682501157187,inf,0.0,8,0.00625,0.9875,not read,False
human_split_half | seed=116,bjw_score | political_identity,4.444444444444443,bjw_score,political_identity,116,5,26,6,27,0.3115384615384613,-20.0,20.0,True,False,undetermined,-1.2575229867809483,10.146411875669834,1.2829426720257135,0.25,True,True,no population gap,satterthwaite,1.3846153846153832,1.8838110598007325,inf,4.444444444444443,2.282882221030645,inf,0.0,8,0.00625,0.9875,not read,False
human_split_half | seed=116,bjw_score | sex,-1.2357954545454533,bjw_score,sex,116,30,12,32,11,0.0809195402298834,-20.0,20.0,True,False,undetermined,-6.291259500472379,3.8196685913814727,4.090858262451218,0.25,True,True,no population gap,satterthwaite,-0.0999999999999978,1.322278032073407,inf,-1.2357954545454533,2.024043302370457,inf,0.0,8,0.00625,0.9875,not read,False
human_split_half | seed=116,bjw_score | education,-2.24780701754386,bjw_score,education,116,17,25,24,19,-0.2438978479196567,-20.0,20.0,True,False,undetermined,-6.527441286189359,2.03182725110164,1.90391534292912,0.25,True,True,no population gap,satterthwaite,0.5482352941176494,1.4658292608019354,inf,-2.24780701754386,1.713426304559702,inf,0.0,8,0.00625,0.9875,not read,False
human_split_half | seed=116,bjw_score | age,-0.0714285714285729,bjw_score,age,116,17,25,22,21,26.91294117647001,-20.0,20.0,True,False,undetermined,-4.391820905284218,4.248963762427072,60.48549267397775,0.25,True,True,no population gap,satterthwaite,-1.9223529411764704,1.379008628444954,inf,-0.0714285714285729,1.729744507628051,inf,0.0,8,0.00625,0.9875,not read,False
human_split_half | seed=116,gut_diff | political_identity,1.4074074074074072,gut_diff,political_identity,116,5,26,6,27,-0.0601214574898784,-20.0,20.0,True,False,undetermined,-1.1947290508914503,4.009543865706265,1.848886430896557,0.25,True,True,no population gap,satterthwaite,-0.0846153846153845,0.8606845295870987,inf,1.4074074074074072,1.0418107660200169,inf,0.0,8,0.00625,0.9875,not read,False
human_split_half | seed=116,gut_diff | sex,-0.8806818181818181,gut_diff,sex,116,30,12,32,11,-0.3974193548387098,-20.0,20.0,True,False,undetermined,-2.9407163003999086,1.179352664036272,2.339135928196025,0.25,True,True,no population gap,satterthwaite,0.3500000000000001,0.5768612805533608,inf,-0.8806818181818181,0.824770774454438,inf,0.0,8,0.00625,0.9875,not read,False
human_split_half | seed=116,gut_diff | education,-0.1798245614035087,gut_diff,education,116,17,25,24,19,1.6486657101865143,-20.0,20.0,True,False,undetermined,-1.9010107690895424,1.541361646282525,9.571474520790629,0.25,True,True,no population gap,satterthwaite,-0.2964705882352942,0.4877390546038025,inf,-0.1798245614035087,0.689106951241421,inf,0.0,8,0.00625,0.9875,not read,False
human_split_half | seed=116,gut_diff | age,0.038961038961039,gut_diff,age,116,17,25,22,21,-17.755294117647004,-20.0,20.0,True,False,undetermined,-1.666768764029815,1.7446908419518932,43.78039827676511,0.25,True,True,no population gap,satterthwaite,-0.691764705882353,0.433613093120812,inf,0.038961038961039,0.6829187097431532,inf,0.0,8,0.00625,0.9875,not read,False
human_split_half | seed=117,bjw_score | political_identity,2.2538461538461547,bjw_score,political_identity,117,6,27,5,26,1.6350650992289204,-20.0,20.0,True,False,undetermined,-3.270269442351558,7.777961750043867,2.450972790121851,0.25,True,True,no population gap,satterthwaite,3.6851851851851833,2.159084384775677,inf,2.2538461538461547,2.2116761334723534,inf,0.0,8,0.00625,0.9875,not read,False
human_split_half | seed=117,bjw_score | sex,0.3763440860215077,bjw_score,sex,117,31,11,31,12,-4.550649350649318,-20.0,20.0,True,False,undetermined,-3.616051726407472,4.368739898450487,10.608366015882652,0.25,True,True,no population gap,satterthwaite,-1.7126099706744853,1.7060439158542016,inf,0.3763440860215077,1.5984253732492155,inf,0.0,8,0.00625,0.9875,not read,False
human_split_half | seed=117,bjw_score | education,-2.075757575757578,bjw_score,education,117,19,23,22,21,-0.2028428736073765,-20.0,20.0,True,False,undetermined,-5.915186654528887,1.7636715030137315,1.84965196495552,0.25,True,True,no population gap,satterthwaite,0.4210526315789487,1.5654130229621213,inf,-2.075757575757578,1.5371824705339363,inf,0.0,8,0.00625,0.9875,not read,False
human_split_half | seed=117,bjw_score | age,-1.17763157894737,bjw_score,age,117,20,22,19,24,0.5519553072625679,-20.0,20.0,True,False,undetermined,-5.086483842574332,2.731220684679592,3.319248849560321,0.25,True,True,no population gap,satterthwaite,-0.6499999999999986,1.575787178224374,inf,-1.17763157894737,1.5649772547633922,inf,0.0,8,0.00625,0.9875,not read,False
human_split_half | seed=117,gut_diff | political_identity,0.6153846153846154,gut_diff,political_identity,117,6,27,5,26,1.4444444444444444,-20.0,20.0,True,False,undetermined,-2.621896880096949,3.852666110866181,5.260582430157543,0.25,True,True,no population gap,satterthwaite,0.888888888888889,0.8103020475084504,inf,0.6153846153846154,1.2961021716881556,inf,0.0,8,0.00625,0.9875,not read,False
human_split_half | seed=117,gut_diff | sex,-1.013440860215054,gut_diff,sex,117,31,11,31,12,-0.5758379551483,-20.0,20.0,True,False,undetermined,-3.187536004467745,1.160654284037637,2.145260991145891,0.25,True,True,no population gap,satterthwaite,0.5835777126099708,0.4873887417087946,inf,-1.013440860215054,0.8704369520709273,inf,0.0,8,0.00625,0.9875,not read,False
human_split_half | seed=117,gut_diff | education,-0.474025974025974,gut_diff,education,117,19,23,22,21,-0.091721262656343,-20.0,20.0,True,False,undetermined,-2.2306836434894874,1.2826316954375392,3.705825768457274,0.25,True,True,no population gap,satterthwaite,0.0434782608695651,0.423702393105389,inf,-0.474025974025974,0.7033085703180795,inf,0.0,8,0.00625,0.9875,not read,False
human_split_half | seed=117,gut_diff | age,-0.3333333333333332,gut_diff,age,117,20,22,19,24,0.7227272727272727,-20.0,20.0,True,False,undetermined,-2.0725176112027266,1.40585094453606,5.217552833608181,0.25,True,True,no population gap,satterthwaite,-0.2409090909090908,0.4177824570220124,inf,-0.3333333333333332,0.6963127928969605,inf,0.0,8,0.00625,0.9875,not read,False
human_split_half | seed=118,bjw_score | political_identity,5.291666666666664,bjw_score,political_identity,118,5,29,6,24,0.037795275590551,-1.4761231713335954,1.6396478453118153,False,False,undetermined,1.4112393690505631,9.172093964282766,0.7333090956124919,0.25,False,True,reference too imprecise,satterthwaite,0.1999999999999993,2.2423687186864574,inf,5.291666666666664,1.55359682330315,inf,0.0,8,0.00625,0.9875,not read,False
human_split_half | seed=118,bjw_score | sex,1.5295698924731198,bjw_score,sex,118,31,11,31,12,-1.888480587953344,-20.0,20.0,True,True,undetermined,-3.3044630403085824,6.363602825254822,3.1603870843493698,0.25,True,True,no population gap,satterthwaite,-2.8885630498533708,1.1975983543888735,inf,1.5295698924731198,1.935389489896186,inf,0.0,8,0.00625,0.9875,not read,False
human_split_half | seed=118,bjw_score | education,-1.9458874458874469,bjw_score,education,118,20,22,21,22,-0.1518353726362631,-20.0,20.0,True,False,undetermined,-6.331808248831476,2.440033357056582,2.2539437274306344,0.25,True,True,no population gap,satterthwaite,0.2954545454545467,1.2897886082030203,inf,-1.9458874458874469,1.7559799743958926,inf,0.0,8,0.00625,0.9875,not read,False
human_split_half | seed=118,bjw_score | age,-1.9632034632034632,bjw_score,age,118,17,25,22,21,0.1066683961346397,-20.0,20.0,True,False,undetermined,-6.316383789934234,2.389976863527308,2.217386230374439,0.25,True,True,no population gap,satterthwaite,-0.2094117647058837,1.2797376916451038,inf,-1.9632034632034632,1.7428717530745963,inf,0.0,8,0.00625,0.9875,not read,False
human_split_half | seed=118,gut_diff | political_identity,0.6666666666666665,gut_diff,political_identity,118,5,29,6,24,1.013793103448276,-20.0,20.0,True,False,undetermined,-2.0577332105581467,3.39106654389148,4.0865998158372205,0.25,True,True,no population gap,satterthwaite,0.6758620689655171,1.0268546276215842,inf,0.6666666666666665,1.0907610605832572,inf,0.0,8,0.00625,0.9875,not read,False
human_split_half | seed=118,gut_diff | sex,-0.454301075268817,gut_diff,sex,118,31,11,31,12,0.0129101667563205,-20.0,20.0,True,False,undetermined,-2.452755381278588,1.5441532307409538,4.398964507903166,0.25,True,True,no population gap,satterthwaite,-0.0058651026392961,0.6214254642446726,inf,-0.454301075268817,0.8001160756808088,inf,0.0,8,0.00625,0.9875,not read,False
human_split_half | seed=118,gut_diff | education,-0.3138528138528138,gut_diff,education,118,20,22,21,22,0.3331034482758623,-20.0,20.0,True,False,undetermined,-1.9547586496396063,1.327053021933979,5.22826549057585,0.25,True,True,no population gap,satterthwaite,-0.1045454545454546,0.4948594337145757,inf,-0.3138528138528138,0.6569653026057465,inf,0.0,8,0.00625,0.9875,not read,False
human_split_half | seed=118,gut_diff | age,-0.6168831168831168,gut_diff,age,118,17,25,22,21,0.0610278637770899,-20.0,20.0,True,False,undetermined,-2.2552123120166443,1.021446078250411,2.655817853163824,0.25,True,True,no population gap,satterthwaite,-0.0376470588235294,0.5004794031871835,inf,-0.6168831168831168,0.6559336995304446,inf,0.0,8,0.00625,0.9875,not read,False
human_split_half | seed=119,bjw_score | political_identity,1.764285714285716,bjw_score,political_identity,119,6,25,5,28,2.4410256410256395,-20.0,20.0,True,False,undetermined,-3.7774901835783226,7.306061612149755,3.141087553445201,0.25,True,True,no population gap,satterthwaite,4.306666666666668,2.1847554492574988,inf,1.764285714285716,2.218746743604448,inf,0.0,8,0.00625,0.9875,not read,False
human_split_half | seed=119,bjw_score | sex,-1.8974358974358976,bjw_score,sex,119,32,10,30,13,-0.5402027027027019,-20.0,20.0,True,False,undetermined,-6.169850992657804,2.3749791977860086,2.2516782258601933,0.25,True,True,no population gap,satterthwaite,1.0249999999999986,1.335711420372155,inf,-1.8974358974358976,1.7105359824282556,inf,0.0,8,0.00625,0.9875,not read,False
human_split_half | seed=119,bjw_score | education,-0.8706140350877192,bjw_score,education,119,22,20,19,24,0.6996107167391806,-20.0,20.0,True,False,undetermined,-4.726595618685097,2.9853675485096582,4.4290367811597084,0.25,True,True,no population gap,satterthwaite,-0.6090909090909093,1.553672685114567,inf,-0.8706140350877192,1.5438095548582036,inf,0.0,8,0.00625,0.9875,not read,False
human_split_half | seed=119,bjw_score | age,-0.0311111111111124,bjw_score,age,119,21,21,18,25,53.57142857142635,-20.0,20.0,True,False,undetermined,-4.088313030301883,4.026090808079658,130.41006168826928,0.25,True,True,no population gap,satterthwaite,-1.666666666666668,1.5015765566494772,inf,-0.0311111111111124,1.6243716296467046,inf,0.0,8,0.00625,0.9875,not read,False
human_split_half | seed=119,gut_diff | political_identity,-0.0642857142857142,gut_diff,political_identity,119,6,25,5,28,-23.748148148148147,-20.0,20.0,True,False,undetermined,-2.794883241509978,2.666311812938549,42.475961534599655,0.25,True,True,no population gap,satterthwaite,1.5266666666666664,0.9933523614474729,inf,-0.0642857142857142,1.0932423979754062,inf,0.0,8,0.00625,0.9875,not read,False
human_split_half | seed=119,gut_diff | sex,-0.4717948717948719,gut_diff,sex,119,32,10,30,13,-0.1457201086956521,-20.0,20.0,True,False,undetermined,-2.3986069173824265,1.4550171737926827,4.084003792277968,0.25,True,True,no population gap,satterthwaite,0.0687499999999999,0.6012063754603298,inf,-0.4717948717948719,0.7714328458018236,inf,0.0,8,0.00625,0.9875,not read,False
human_split_half | seed=119,gut_diff | education,-0.2807017543859649,gut_diff,education,119,22,20,19,24,0.3238636363636364,-20.0,20.0,True,False,undetermined,-1.854213011563024,1.2928095027910942,5.6056338536932735,0.25,True,True,no population gap,satterthwaite,-0.0909090909090909,0.4983330280321459,inf,-0.2807017543859649,0.6299827063075862,inf,0.0,8,0.00625,0.9875,not read,False
human_split_half | seed=119,gut_diff | age,-0.3600000000000001,gut_diff,age,119,21,21,18,25,0.5291005291005292,-20.0,20.0,True,False,undetermined,-1.968365093540788,1.248365093540787,4.467680815391074,0.25,True,True,no population gap,satterthwaite,-0.1904761904761905,0.5060882491442631,inf,-0.3600000000000001,0.643937048265721,inf,0.0,8,0.00625,0.9875,not read,False
human_split_half | seed=120,bjw_score | political_identity,2.0344827586206904,bjw_score,political_identity,120,8,24,3,29,1.5564971751412429,-20.0,20.0,True,False,undetermined,-6.752871477304232,10.821836994545611,4.319208014268181,0.25,True,True,no population gap,satterthwaite,3.166666666666668,1.721337534590674,inf,2.0344827586206904,3.5181707010873264,inf,0.0,8,0.00625,0.9875,not read,False
human_split_half | seed=120,bjw_score | sex,0.6761363636363633,bjw_score,sex,120,30,12,32,11,-2.7607843137254924,-20.0,20.0,True,False,undetermined,-3.782002063375039,5.1342747906477655,6.59354927020174,0.25,True,True,no population gap,satterthwaite,-1.8666666666666671,1.4483786377721,inf,0.6761363636363633,1.7848935611564278,inf,0.0,8,0.00625,0.9875,not read,False
human_split_half | seed=120,bjw_score | education,-0.2214912280701746,bjw_score,education,120,17,25,24,19,5.948980780431001,-20.0,20.0,True,False,undetermined,-4.651160524139821,4.208178067999472,19.99929900007689,0.25,True,True,no population gap,satterthwaite,-1.3176470588235285,1.4234707233943638,inf,-0.2214912280701746,1.7734954474949542,inf,0.0,8,0.00625,0.9875,not read,False
human_split_half | seed=120,bjw_score | age,0.6929824561403528,bjw_score,age,120,20,22,19,24,-3.765017261219784,-20.0,20.0,True,False,undetermined,-3.5290574252352176,4.915022337515923,6.092563879453338,0.25,True,True,no population gap,satterthwaite,-2.6090909090909093,1.361123361270386,inf,0.6929824561403528,1.6903673859819404,inf,0.0,8,0.00625,0.9875,not read,False
human_split_half | seed=120,gut_diff | political_identity,0.5977011494252875,gut_diff,political_identity,120,8,24,3,29,1.3245192307692306,-20.0,20.0,True,False,undetermined,-3.3620087341659795,4.557411033016555,6.624899228316156,0.25,True,True,no population gap,satterthwaite,0.7916666666666667,0.8199012716230225,inf,0.5977011494252875,1.5853389909221507,inf,0.0,8,0.00625,0.9875,not read,False
human_split_half | seed=120,gut_diff | sex,-0.8806818181818181,gut_diff,sex,120,30,12,32,11,-0.3974193548387098,-20.0,20.0,True,False,undetermined,-2.8916750007175747,1.1303113643539386,2.28345032339544,0.25,True,True,no population gap,satterthwaite,0.3500000000000001,0.6029982037455489,inf,-0.8806818181818181,0.805136233834662,inf,0.0,8,0.00625,0.9875,not read,False
human_split_half | seed=120,gut_diff | education,-0.9342105263157894,gut_diff,education,120,17,25,24,19,-0.5289146644573323,-20.0,20.0,True,False,undetermined,-2.4778099876925155,0.6093889350609367,1.6523036487976224,0.25,True,True,no population gap,satterthwaite,0.4941176470588235,0.5761669299919708,inf,-0.9342105263157894,0.6180069965801449,inf,0.0,8,0.00625,0.9875,not read,False
human_split_half | seed=120,gut_diff | age,-0.3859649122807017,gut_diff,age,120,20,22,19,24,0.4946280991735535,-20.0,20.0,True,False,undetermined,-1.8799140548293884,1.1079842302679852,3.870686414785234,0.25,True,True,no population gap,satterthwaite,-0.1909090909090908,0.5537059767775906,inf,-0.3859649122807017,0.598128624511528,inf,0.0,8,0.00625,0.9875,not read,False
human_split_half | seed=121,bjw_score | political_identity,4.70779220779221,bjw_score,political_identity,121,4,31,7,22,-0.1181979977753055,-2.1025591801555183,1.6609503141607225,False,False,undetermined,1.498563331059826,7.917021084524594,0.681684478643844,0.25,False,True,reference too imprecise,satterthwaite,-0.5564516129032242,2.5867022141834948,inf,4.70779220779221,1.2848708159555442,inf,0.0,8,0.00625,0.9875,not read,False
human_split_half | seed=121,bjw_score | sex,-0.9857954545454533,bjw_score,sex,121,30,12,32,11,0.5241114313160457,-20.0,20.0,True,False,undetermined,-5.429567657100521,3.457976748009614,4.507803502303706,0.25,True,True,no population gap,satterthwaite,-0.5166666666666693,1.34829130445097,inf,-0.9857954545454533,1.7791417923520143,inf,0.0,8,0.00625,0.9875,not read,False
human_split_half | seed=121,bjw_score | education,-1.0673913043478258,bjw_score,education,121,21,21,20,23,0.356900397633594,-20.0,20.0,True,False,undetermined,-4.68864796614426,2.5538653574486085,3.3926233491371898,0.25,True,True,no population gap,satterthwaite,-0.3809523809523796,1.5737732104041728,inf,-1.0673913043478258,1.4498333339703504,inf,0.0,8,0.00625,0.9875,not read,False
human_split_half | seed=121,bjw_score | age,-1.3630434782608702,bjw_score,age,121,16,26,23,20,1.0193534535639792,-20.0,20.0,True,False,undetermined,-4.875456175110891,2.1493692185891504,2.5768896978484985,0.25,True,True,no population gap,satterthwaite,-1.3894230769230766,1.5150124221660135,inf,-1.3630434782608702,1.406255752119931,inf,0.0,8,0.00625,0.9875,not read,False
human_split_half | seed=121,gut_diff | political_identity,1.051948051948052,gut_diff,political_identity,121,4,31,7,22,0.1763241736360016,-20.0,20.0,True,False,undetermined,-1.199928690031081,3.303824793927185,2.1406729522517685,0.25,True,True,no population gap,satterthwaite,0.185483870967742,1.257235957352283,inf,1.051948051948052,0.901578172836352,inf,0.0,8,0.00625,0.9875,not read,False
human_split_half | seed=121,gut_diff | sex,-0.9090909090909092,gut_diff,sex,121,30,12,32,11,-0.4033333333333334,-20.0,20.0,True,False,undetermined,-2.7973642983914377,0.9791824802096194,2.0771007282305813,0.25,True,True,no population gap,satterthwaite,0.3666666666666668,0.6322876217078428,inf,-0.9090909090909092,0.7560032218481219,inf,0.0,8,0.00625,0.9875,not read,False
human_split_half | seed=121,gut_diff | education,-0.1543478260869566,gut_diff,education,121,21,21,20,23,1.5425888665325278,-20.0,20.0,True,False,undetermined,-1.445747574406416,1.1370519222325026,8.366815270802125,0.25,True,True,no population gap,satterthwaite,-0.2380952380952381,0.6418796818270798,inf,-0.1543478260869566,0.5170344378919706,inf,0.0,8,0.00625,0.9875,not read,False
human_split_half | seed=121,gut_diff | age,-0.3130434782608695,gut_diff,age,121,16,26,23,20,1.2439903846153846,-20.0,20.0,True,False,undetermined,-1.6006003743259136,0.9745134178041746,4.113028973541113,0.25,True,True,no population gap,satterthwaite,-0.3894230769230768,0.6016315217781704,inf,-0.3130434782608695,0.5154958848932968,inf,0.0,8,0.00625,0.9875,not read,False
human_split_half | seed=122,bjw_score | political_identity,1.177142857142858,bjw_score,political_identity,122,4,28,7,25,5.006067961165045,-20.0,20.0,True,True,undetermined,-4.056360242558266,6.4106459568439815,4.44593709926066,0.25,True,True,no population gap,satterthwaite,5.892857142857142,1.609034048118044,inf,1.177142857142858,2.0953243462228746,inf,0.0,8,0.00625,0.9875,not read,False
human_split_half | seed=122,bjw_score | sex,-0.8897849462365564,bjw_score,sex,122,31,11,31,12,0.4251579236473516,-20.0,20.0,True,False,undetermined,-5.7828022294054655,4.003232336932353,5.499100994981389,0.25,True,True,no population gap,satterthwaite,-0.3782991202346046,1.334702867277343,inf,-0.8897849462365564,1.9590049044775804,inf,0.0,8,0.00625,0.9875,not read,False
human_split_half | seed=122,bjw_score | education,-1.0434782608695663,bjw_score,education,122,18,24,23,20,0.5989583333333327,-20.0,20.0,True,False,undetermined,-5.10737343089883,3.0204169091596977,3.894566204611374,0.25,True,True,no population gap,satterthwaite,-0.625,1.5045338698818511,inf,-1.0434782608695663,1.6270513894882672,inf,0.0,8,0.00625,0.9875,not read,False
human_split_half | seed=122,bjw_score | age,-1.4288888888888884,bjw_score,age,122,21,21,18,25,0.2999333481448582,-20.0,20.0,True,False,undetermined,-5.622909948988866,2.765132171211089,2.935162483740265,0.25,True,True,no population gap,satterthwaite,-0.4285714285714306,1.4912943588624763,inf,-1.4288888888888884,1.6791495616580052,inf,0.0,8,0.00625,0.9875,not read,False
human_split_half | seed=122,gut_diff | political_identity,0.8457142857142856,gut_diff,political_identity,122,4,28,7,25,0.2956081081081081,-20.0,20.0,True,False,undetermined,-1.5921197060385237,3.2835482774670948,2.882573976734741,0.25,True,True,no population gap,satterthwaite,0.25,1.014989135898105,inf,0.8457142857142856,0.976029404713846,inf,0.0,8,0.00625,0.9875,not read,False
human_split_half | seed=122,gut_diff | sex,-0.8655913978494623,gut_diff,sex,122,31,11,31,12,-0.4946357989836251,-20.0,20.0,True,False,undetermined,-2.913217851503018,1.182035055804093,2.365580871922741,0.25,True,True,no population gap,satterthwaite,0.4281524926686216,0.5124644503806878,inf,-0.8655913978494623,0.8198030035666395,inf,0.0,8,0.00625,0.9875,not read,False
human_split_half | seed=122,gut_diff | education,0.2978260869565217,gut_diff,education,122,18,24,23,20,-2.6581508515815093,-20.0,20.0,True,False,undetermined,-1.451802566469711,2.0474547403827543,5.874665551650125,0.25,True,True,no population gap,satterthwaite,-0.7916666666666667,0.4425124143621452,inf,0.2978260869565217,0.7004943810165108,inf,0.0,8,0.00625,0.9875,not read,False
human_split_half | seed=122,gut_diff | age,-0.0733333333333332,gut_diff,age,122,21,21,18,25,6.4935064935065006,-20.0,20.0,True,False,undetermined,-1.764570669867418,1.6179040032007517,23.06232731637391,0.25,True,True,no population gap,satterthwaite,-0.4761904761904761,0.4577788362997483,inf,-0.0733333333333332,0.6771163977496012,inf,0.0,8,0.00625,0.9875,not read,False
human_split_half | seed=123,bjw_score | political_identity,1.7333333333333307,bjw_score,political_identity,123,5,28,6,25,2.579670329670334,-20.0,20.0,True,True,undetermined,-5.153890277472266,8.620556944138928,3.973398237003235,0.25,True,True,no population gap,satterthwaite,4.471428571428572,1.104316051563419,inf,1.7333333333333307,2.75742022784435,inf,0.0,8,0.00625,0.9875,not read,False
human_split_half | seed=123,bjw_score | sex,-0.4969696969696962,bjw_score,sex,123,29,13,33,10,1.5798667270492377,-20.0,20.0,True,False,undetermined,-4.075235002306752,3.08129560836736,7.200167992446527,0.25,True,True,no population gap,satterthwaite,-0.7851458885941653,1.7179240849709672,inf,-0.4969696969696962,1.4326209937557004,inf,0.0,8,0.00625,0.9875,not read,False
human_split_half | seed=123,bjw_score | education,-1.0630434782608695,bjw_score,education,123,21,21,20,23,0.5375401694420113,-20.0,20.0,True,False,undetermined,-5.073202457168091,2.947115500646352,3.772337689769575,0.25,True,True,no population gap,satterthwaite,-0.571428571428573,1.513366054592538,inf,-1.0630434782608695,1.6055371671048446,inf,0.0,8,0.00625,0.9875,not read,False
human_split_half | seed=123,bjw_score | age,-1.25,bjw_score,age,123,19,23,20,23,0.4796338672768854,-20.0,20.0,True,False,undetermined,-5.208164598511596,2.708164598511596,3.1665316788092768,0.25,True,True,no population gap,satterthwaite,-0.5995423340961068,1.5384308295366518,inf,-1.25,1.5847203090588544,inf,0.0,8,0.00625,0.9875,not read,False
human_split_half | seed=123,gut_diff | political_identity,1.92,gut_diff,political_identity,123,5,28,6,25,-0.3497023809523809,-20.0,20.0,True,False,undetermined,-0.7818945896256375,4.621894589625637,1.4072367654300195,0.25,True,True,no population gap,satterthwaite,-0.6714285714285714,0.5248439545685876,inf,1.92,1.0817506757364432,inf,0.0,8,0.00625,0.9875,not read,False
human_split_half | seed=123,gut_diff | sex,-0.5787878787878789,gut_diff,sex,123,29,13,33,10,0.0458288777479967,-20.0,20.0,True,False,undetermined,-2.46782218964216,1.3102464320664018,3.2637765580204845,0.25,True,True,no population gap,satterthwaite,-0.026525198938992,0.6901731334022186,inf,-0.5787878787878789,0.7563078700783357,inf,0.0,8,0.00625,0.9875,not read,False
human_split_half | seed=123,gut_diff | education,-0.8521739130434782,gut_diff,education,123,21,21,20,23,-0.5587949465500486,-20.0,20.0,True,False,undetermined,-2.4016106474272725,0.697262821340316,1.818216576062616,0.25,True,True,no population gap,satterthwaite,0.4761904761904761,0.4931295172905166,inf,-0.8521739130434782,0.6203440507509848,inf,0.0,8,0.00625,0.9875,not read,False
human_split_half | seed=123,gut_diff | age,-0.384782608695652,gut_diff,age,123,19,23,20,23,0.5471305382099317,-20.0,20.0,True,False,undetermined,-1.9566040922477408,1.187038874856437,4.084959787762493,0.25,True,True,no population gap,satterthwaite,-0.2105263157894736,0.5123647980546758,inf,-0.384782608695652,0.6293061759323186,inf,0.0,8,0.00625,0.9875,not read,False
human_split_half | seed=124,bjw_score | political_identity,3.553333333333331,bjw_score,political_identity,124,5,28,6,25,0.6714017689627452,-20.0,20.0,True,False,undetermined,-1.9950304915091293,9.101697158175792,1.561453234008198,0.25,True,True,no population gap,satterthwaite,2.385714285714286,2.194479577827863,inf,3.553333333333331,2.221384335199609,inf,0.0,8,0.00625,0.9875,not read,False
human_split_half | seed=124,bjw_score | sex,-0.1538461538461533,bjw_score,sex,124,36,6,26,17,4.694444444444456,-20.0,20.0,True,False,undetermined,-4.119945018108917,3.8122527104166095,25.779642617708056,0.25,True,True,no population gap,satterthwaite,-0.7222222222222214,1.8601066646316933,inf,-0.1538461538461533,1.5878969308896074,inf,0.0,8,0.00625,0.9875,not read,False
human_split_half | seed=124,bjw_score | education,-2.756578947368421,bjw_score,education,124,22,20,19,24,-0.4715990453460623,-20.0,20.0,True,False,undetermined,-6.690484591663226,1.1773266969263831,1.4270970356391652,0.25,True,True,no population gap,satterthwaite,1.3000000000000007,1.4296519295801964,inf,-2.756578947368421,1.5750078131615552,inf,0.0,8,0.00625,0.9875,not read,False
human_split_half | seed=124,bjw_score | age,0.3608695652173921,bjw_score,age,124,19,23,20,23,-6.322130627774245,-20.0,20.0,True,False,undetermined,-3.583666700665345,4.3054058311001295,10.930642664494307,0.25,True,True,no population gap,satterthwaite,-2.2814645308924497,1.435754256553031,inf,0.3608695652173921,1.5792639681316267,inf,0.0,8,0.00625,0.9875,not read,False
human_split_half | seed=124,gut_diff | political_identity,0.3933333333333333,gut_diff,political_identity,124,5,28,6,25,2.6694915254237293,-20.0,20.0,True,False,undetermined,-2.194995123759308,2.981661790425973,6.580496077354171,0.25,True,True,no population gap,satterthwaite,1.05,1.1370026979026544,inf,0.3933333333333333,1.0362824916407174,inf,0.0,8,0.00625,0.9875,not read,False
human_split_half | seed=124,gut_diff | sex,-0.2194570135746607,gut_diff,sex,124,36,6,26,17,-0.2531500572737681,-20.0,20.0,True,False,undetermined,-1.8974694295600327,1.458555402410712,7.646200905830251,0.25,True,True,no population gap,satterthwaite,0.0555555555555554,0.8136521196791058,inf,-0.2194570135746607,0.6718215698924892,inf,0.0,8,0.00625,0.9875,not read,False
human_split_half | seed=124,gut_diff | education,-1.0657894736842106,gut_diff,education,124,22,20,19,24,-0.6823793490460157,-20.0,20.0,True,False,undetermined,-2.6059757408146784,0.4743967934462572,1.4451130407643895,0.25,True,True,no population gap,satterthwaite,0.7272727272727273,0.495208460371675,inf,-1.0657894736842106,0.616640464667136,inf,0.0,8,0.00625,0.9875,not read,False
human_split_half | seed=124,gut_diff | age,-0.5217391304347827,gut_diff,age,124,19,23,20,23,0.1359649122807017,-20.0,20.0,True,False,undetermined,-2.0964333605675907,1.0529550996980253,3.0181639410878813,0.25,True,True,no population gap,satterthwaite,-0.0709382151029748,0.4937005310102236,inf,-0.5217391304347827,0.6304563301858725,inf,0.0,8,0.00625,0.9875,not read,False
human_split_half | seed=125,bjw_score | political_identity,1.7200000000000024,bjw_score,political_identity,125,6,28,5,25,2.422480620155036,-20.0,20.0,True,False,undetermined,-4.239367363665234,7.679367363665238,3.464748467247225,0.25,True,True,no population gap,satterthwaite,4.166666666666668,2.0542240679088244,inf,1.7200000000000024,2.385936778347737,inf,0.0,8,0.00625,0.9875,not read,False
human_split_half | seed=125,bjw_score | sex,0.0198863636363633,bjw_score,sex,125,30,12,32,11,-66.20952380952487,-20.0,20.0,True,False,undetermined,-4.436860027789166,4.4766327550618925,224.110675683116,0.25,True,True,no population gap,satterthwaite,-1.3166666666666664,1.4900330191076363,inf,0.0198863636363633,1.784336235403806,inf,0.0,8,0.00625,0.9875,not read,False
human_split_half | seed=125,bjw_score | education,0.9369565217391304,bjw_score,education,125,18,24,23,20,-2.96468161897396,-20.0,20.0,True,False,undetermined,-3.044435138758737,4.918348182236998,4.24928112257313,0.25,True,True,no population gap,satterthwaite,-2.777777777777775,1.331537425533352,inf,0.9369565217391304,1.594019668884177,inf,0.0,8,0.00625,0.9875,not read,False
human_split_half | seed=125,bjw_score | age,-1.6847826086956523,bjw_score,age,125,19,23,20,23,0.0977928692699471,-20.0,20.0,True,False,undetermined,-5.853088575775949,2.483523358384645,2.474091283686369,0.25,True,True,no population gap,satterthwaite,-0.1647597254004544,1.4407545382795564,inf,-1.6847826086956523,1.6688540751658696,inf,0.0,8,0.00625,0.9875,not read,False
human_split_half | seed=125,gut_diff | political_identity,0.96,gut_diff,political_identity,125,6,28,5,25,0.6076388888888888,-20.0,20.0,True,False,undetermined,-2.154031492905808,4.074031492905808,3.2437828051102167,0.25,True,True,no population gap,satterthwaite,0.5833333333333333,0.8495813073406827,inf,0.96,1.246756881134346,inf,0.0,8,0.00625,0.9875,not read,False
human_split_half | seed=125,gut_diff | sex,-0.7528409090909092,gut_diff,sex,125,30,12,32,11,-0.2656603773584906,-20.0,20.0,True,False,undetermined,-2.820012752954937,1.3143309347731185,2.745828260528821,0.25,True,True,no population gap,satterthwaite,0.2,0.5803979289266405,inf,-0.7528409090909092,0.8276283418122149,inf,0.0,8,0.00625,0.9875,not read,False
human_split_half | seed=125,gut_diff | education,-0.0956521739130433,gut_diff,education,125,18,24,23,20,4.646464646464652,-20.0,20.0,True,False,undetermined,-1.7897314959235622,1.5984271480974754,17.710829275564535,0.25,True,True,no population gap,satterthwaite,-0.4444444444444444,0.4634510469363323,inf,-0.0956521739130433,0.6782542362579465,inf,0.0,8,0.00625,0.9875,not read,False
human_split_half | seed=125,gut_diff | age,-0.3717391304347828,gut_diff,age,125,19,23,20,23,0.6155740227762383,-20.0,20.0,True,False,undetermined,-2.054373975345277,1.3108957144757118,4.526386132507761,0.25,True,True,no population gap,satterthwaite,-0.22883295194508,0.4722062105500198,inf,-0.3717391304347828,0.6736722400231797,inf,0.0,8,0.00625,0.9875,not read,False
human_split_half | seed=126,bjw_score | political_identity,3.048387096774192,bjw_score,political_identity,126,9,22,2,31,1.071936294158517,-0.7473655631335782,4.628219477332196,False,False,undetermined,1.0089794570179418,5.087794736530443,0.6690120299729502,0.25,False,True,reference too imprecise,satterthwaite,3.267676767676768,2.134911406638391,inf,3.048387096774192,0.8165124579171908,inf,0.0,8,0.00625,0.9875,not read,False
human_split_half | seed=126,bjw_score | sex,-0.8004926108374377,bjw_score,sex,126,33,9,29,14,0.3406993006992974,-20.0,20.0,True,False,undetermined,-4.515551729384358,2.914566507709482,4.640966160400156,0.25,True,True,no population gap,satterthwaite,-0.2727272727272698,1.85612170696962,inf,-0.8004926108374377,1.4873887853803314,inf,0.0,8,0.00625,0.9875,not read,False
human_split_half | seed=126,bjw_score | education,-2.714285714285716,bjw_score,education,126,20,22,21,22,-0.4086124401913875,-20.0,20.0,True,False,undetermined,-6.0963797261765125,0.6678082976050819,1.246034635959767,0.25,True,True,no population gap,satterthwaite,1.1090909090909091,1.7126899640432525,inf,-2.714285714285716,1.3540803911502577,inf,0.0,8,0.00625,0.9875,not read,False
human_split_half | seed=126,bjw_score | age,-0.7719298245614041,bjw_score,age,126,15,27,24,19,1.8520202020202017,-20.0,20.0,True,False,undetermined,-4.270828864132589,2.726969215009781,4.532664664899031,0.25,True,True,no population gap,satterthwaite,-1.4296296296296305,1.6627418303928203,inf,-0.7719298245614041,1.4008453234713891,inf,0.0,8,0.00625,0.9875,not read,False
human_split_half | seed=126,gut_diff | political_identity,-0.6451612903225806,gut_diff,political_identity,126,9,22,2,31,-0.8376262626262627,-9.352763635487912,4.005021557889664,False,False,undetermined,-1.1798036437250723,-0.1105189369200886,0.8286956477738626,0.25,False,True,reference too imprecise,satterthwaite,0.5404040404040404,0.9108876139215412,inf,-0.6451612903225806,0.214053401376625,inf,0.0,8,0.00625,0.9875,not read,False
human_split_half | seed=126,gut_diff | sex,0.3990147783251231,gut_diff,sex,126,33,9,29,14,-3.442823294675146,-20.0,20.0,True,False,undetermined,-0.4755235851700242,1.2735531418202706,2.191744293697715,0.25,True,True,no population gap,satterthwaite,-1.3737373737373737,1.0340521517738428,inf,0.3990147783251231,0.3501367038154501,inf,0.0,8,0.00625,0.9875,not read,False
human_split_half | seed=126,gut_diff | education,-0.525974025974026,gut_diff,education,126,20,22,21,22,-0.2679012345679011,-20.0,20.0,True,False,undetermined,-1.3827383944526597,0.3307903425046077,1.6289100338976492,0.25,True,True,no population gap,satterthwaite,0.1409090909090908,0.7230247767050324,inf,-0.525974025974026,0.3430205745654508,inf,0.0,8,0.00625,0.9875,not read,False
human_split_half | seed=126,gut_diff | age,-0.3530701754385965,gut_diff,age,126,15,27,24,19,-0.2517598343685303,-20.0,20.0,True,False,undetermined,-1.2464360079728425,0.5402956570956492,2.530278382829913,0.25,True,True,no population gap,satterthwaite,0.088888888888889,0.7482301429356047,inf,-0.3530701754385965,0.3576746097847105,inf,0.0,8,0.00625,0.9875,not read,False
human_split_half | seed=127,bjw_score | political_identity,3.3846153846153832,bjw_score,political_identity,127,5,27,6,26,0.7769360269360273,-20.0,20.0,True,False,undetermined,-1.803385385879495,8.57261615511026,1.5328184094643964,0.25,True,True,no population gap,satterthwaite,2.6296296296296298,2.3881833014448253,inf,3.3846153846153832,2.077106694225852,inf,0.0,8,0.00625,0.9875,not read,False
human_split_half | seed=127,bjw_score | sex,-0.5053763440860237,bjw_score,sex,127,31,11,31,12,1.5841392649903223,-20.0,20.0,True,False,undetermined,-4.517466690946456,3.506714002774409,7.938817069319544,0.25,True,True,no population gap,satterthwaite,-0.8005865102639298,1.7220449918491048,inf,-0.5053763440860237,1.6063104239878123,inf,0.0,8,0.00625,0.9875,not read,False
human_split_half | seed=127,bjw_score | education,-0.0324675324675318,bjw_score,education,127,20,22,21,22,49.980000000000985,-20.0,20.0,True,False,undetermined,-3.965928880071503,3.900993815136439,121.15060950620456,0.25,True,True,no population gap,satterthwaite,-1.6227272727272748,1.5493398876544304,inf,-0.0324675324675318,1.5748299312236802,inf,0.0,8,0.00625,0.9875,not read,False
human_split_half | seed=127,bjw_score | age,-3.225108225108226,bjw_score,age,127,17,25,22,21,-0.4749498618239239,-20.0,20.0,True,False,undetermined,-6.902398948988443,0.4521824987719918,1.140206922438027,0.25,True,True,no population gap,satterthwaite,1.5317647058823525,1.5748207243460144,inf,-3.225108225108226,1.472267549115579,inf,0.0,8,0.00625,0.9875,not read,False
human_split_half | seed=127,gut_diff | political_identity,1.3333333333333337,gut_diff,political_identity,127,5,27,6,26,0.0388888888888888,-20.0,20.0,True,False,undetermined,-1.372211037124842,4.038877703791509,2.0291582778436315,0.25,True,True,no population gap,satterthwaite,0.0518518518518518,0.8795298093749363,inf,1.3333333333333337,1.08321192922022,inf,0.0,8,0.00625,0.9875,not read,False
human_split_half | seed=127,gut_diff | sex,-0.8655913978494623,gut_diff,sex,127,31,11,31,12,-0.4946357989836251,-20.0,20.0,True,False,undetermined,-2.7948386094435387,1.0636558137446142,2.22881975997825,0.25,True,True,no population gap,satterthwaite,0.4281524926686216,0.5881658903943553,inf,-0.8655913978494623,0.7724078070320655,inf,0.0,8,0.00625,0.9875,not read,False
human_split_half | seed=127,gut_diff | education,-0.1298701298701299,gut_diff,education,127,20,22,21,22,2.2399999999999984,-20.0,20.0,True,False,undetermined,-1.5939995038053816,1.3342592440651218,11.273796179301431,0.25,True,True,no population gap,satterthwaite,-0.2909090909090908,0.5629676722414254,inf,-0.1298701298701299,0.5861897594752139,inf,0.0,8,0.00625,0.9875,not read,False
human_split_half | seed=127,gut_diff | age,-0.0562770562770562,gut_diff,age,127,17,25,22,21,10.87058823529412,-20.0,20.0,True,False,undetermined,-1.474901728595508,1.3623476160413954,25.20786917735096,0.25,True,True,no population gap,satterthwaite,-0.6117647058823529,0.500077527979254,inf,-0.0562770562770562,0.567971157642202,inf,0.0,8,0.00625,0.9875,not read,False
human_split_half | seed=128,bjw_score | political_identity,-6.241379310344829,bjw_score,political_identity,128,9,24,2,29,-0.9724524248004904,-1.827528798992972,-0.4534638320078402,False,False,reversed,-8.637148623048278,-3.845609997641381,0.3838525418143645,0.25,False,True,reversed,satterthwaite,6.069444444444443,1.221756802561442,inf,-6.241379310344829,0.9591880759806672,inf,0.0,8,0.00625,0.9875,not kept,False
human_split_half | seed=128,bjw_score | sex,-0.6619318181818166,bjw_score,sex,128,30,12,32,11,0.9316165951359114,-20.0,20.0,True,False,undetermined,-4.0763637108036,2.752500074439966,5.158283374261247,0.25,True,True,no population gap,satterthwaite,-0.6166666666666671,1.8515120277340704,inf,-0.6619318181818166,1.3670274263406554,inf,0.0,8,0.00625,0.9875,not read,False
human_split_half | seed=128,bjw_score | education,-1.1695652173913054,bjw_score,education,128,21,21,20,23,0.4071517082669511,-20.0,20.0,True,False,undetermined,-4.747544854195196,2.4084144194125856,3.0592390946650343,0.25,True,True,no population gap,satterthwaite,-0.476190476190478,1.6385128792477015,inf,-1.1695652173913054,1.4325066213704951,inf,0.0,8,0.00625,0.9875,not read,False
human_split_half | seed=128,bjw_score | age,-0.2061403508771953,bjw_score,age,128,20,22,19,24,8.114506769825825,-20.0,20.0,True,False,undetermined,-3.622014987658575,3.209734285904184,16.57062589757757,0.25,True,True,no population gap,satterthwaite,-1.672727272727272,1.6310905941184604,inf,-0.2061403508771953,1.3676050541561708,inf,0.0,8,0.00625,0.9875,not read,False
human_split_half | seed=128,gut_diff | political_identity,1.362068965517241,gut_diff,political_identity,128,9,24,2,29,0.489451476793249,-20.0,20.0,True,False,undetermined,-3.4113563586562528,6.135494289690735,3.5045401114185144,0.25,True,True,no population gap,satterthwaite,0.6666666666666667,0.836317472962711,inf,1.362068965517241,1.911124175542904,inf,0.0,8,0.00625,0.9875,not read,False
human_split_half | seed=128,gut_diff | sex,0.1534090909090909,gut_diff,sex,128,30,12,32,11,-4.019753086419752,-20.0,20.0,True,False,undetermined,-1.3550855147305287,1.6619036965487108,9.83315002194715,0.25,True,True,no population gap,satterthwaite,-0.6166666666666666,0.8033007481701113,inf,0.1534090909090909,0.603952154632922,inf,0.0,8,0.00625,0.9875,not read,False
human_split_half | seed=128,gut_diff | education,-0.323913043478261,gut_diff,education,128,21,21,20,23,0.2940236497283472,-20.0,20.0,True,False,undetermined,-1.7670169702715497,1.1191908833150277,4.455220176677265,0.25,True,True,no population gap,satterthwaite,-0.0952380952380951,0.6062240961806373,inf,-0.323913043478261,0.5777718545943907,inf,0.0,8,0.00625,0.9875,not read,False
human_split_half | seed=128,gut_diff | age,-0.0416666666666667,gut_diff,age,128,20,22,19,24,13.418181818181797,-20.0,20.0,True,False,undetermined,-1.437174724294749,1.3538413909614155,33.49219338307392,0.25,True,True,no population gap,satterthwaite,-0.5590909090909092,0.5940361204499537,inf,-0.0416666666666667,0.558716017320273,inf,0.0,8,0.00625,0.9875,not read,False
human_split_half | seed=129,bjw_score | political_identity,1.053333333333331,bjw_score,political_identity,129,5,28,6,25,4.821428571428579,-20.0,20.0,True,False,undetermined,-3.4866232486260635,5.593289915292726,4.310085362619688,0.25,True,True,no population gap,satterthwaite,5.078571428571426,2.6430014657050527,inf,1.053333333333331,1.8176508880863296,inf,0.0,8,0.00625,0.9875,not read,False
human_split_half | seed=129,bjw_score | sex,-1.1606060606060635,bjw_score,sex,129,29,13,33,10,0.4388085129959599,-20.0,20.0,True,False,undetermined,-5.410253038189224,3.0890409169770967,3.6615757248105454,0.25,True,True,no population gap,satterthwaite,-0.5092838196286458,1.5544998370023415,inf,-1.1606060606060635,1.7014203689859215,inf,0.0,8,0.00625,0.9875,not read,False
human_split_half | seed=129,bjw_score | education,1.3398268398268378,bjw_score,education,129,19,23,22,21,-2.4286754675548936,-20.0,20.0,True,False,undetermined,-2.467657857435278,5.147311537088953,2.841773715888692,0.25,True,True,no population gap,satterthwaite,-3.2540045766590406,1.5309867196228262,inf,1.3398268398268378,1.5243929796277274,inf,0.0,8,0.00625,0.9875,not read,False
human_split_half | seed=129,bjw_score | age,0.2630434782608724,bjw_score,age,129,19,23,20,23,-8.351457155284818,-20.0,20.0,True,False,undetermined,-3.4428125699829764,3.968899526504721,14.0883783652244,0.25,True,True,no population gap,satterthwaite,-2.196796338672769,1.5586409626186415,inf,0.2630434782608724,1.483704175493098,inf,0.0,8,0.00625,0.9875,not read,False
human_split_half | seed=129,gut_diff | political_identity,-0.2933333333333333,gut_diff,political_identity,129,5,28,6,25,-6.891233766233766,-20.0,20.0,True,False,undetermined,-2.083880955813781,1.4972142891471143,6.104139622092435,0.25,True,True,no population gap,satterthwaite,2.021428571428572,1.087609561479078,inf,-0.2933333333333333,0.7168770047483156,inf,0.0,8,0.00625,0.9875,not read,False
human_split_half | seed=129,gut_diff | sex,0.6303030303030303,gut_diff,sex,129,29,13,33,10,-1.4644970414201186,-20.0,20.0,True,False,undetermined,-0.5942593279259037,1.854865388531964,1.942815279882444,0.25,True,True,no population gap,satterthwaite,-0.9230769230769232,0.7968990691634489,inf,0.6303030303030303,0.4902749217463374,inf,0.0,8,0.00625,0.9875,not read,False
human_split_half | seed=129,gut_diff | education,0.145021645021645,gut_diff,education,129,19,23,22,21,-3.597663854639844,-20.0,20.0,True,False,undetermined,-0.8556564230004873,1.1456997130437774,6.900198021286941,0.25,True,True,no population gap,satterthwaite,-0.5217391304347827,0.7062921890357063,inf,0.145021645021645,0.4006389370014485,inf,0.0,8,0.00625,0.9875,not read,False
human_split_half | seed=129,gut_diff | age,-0.7173913043478262,gut_diff,age,129,19,23,20,23,-0.2105263157894736,-20.0,20.0,True,False,undetermined,-1.660576807120273,0.2257941984246202,1.3147434281070465,0.25,True,True,no population gap,satterthwaite,0.1510297482837528,0.7216723027825109,inf,-0.7173913043478262,0.3776207846473677,inf,0.0,8,0.00625,0.9875,not read,False
human_split_half | seed=130,bjw_score | political_identity,5.7435897435897445,bjw_score,political_identity,130,5,27,6,26,-0.0064484126984128,-1.3971822632132669,1.378974292433159,False,False,undetermined,2.6415544676607405,8.84562501951875,0.5400864989340676,0.25,False,True,reference too imprecise,satterthwaite,-0.037037037037038,2.68635902322478,inf,5.7435897435897445,1.2419539862061848,inf,0.0,8,0.00625,0.9875,not read,False
human_split_half | seed=130,bjw_score | sex,-0.6278409090909101,bjw_score,sex,130,30,12,32,11,1.0618401206636447,-20.0,20.0,True,False,undetermined,-5.335659227846559,4.079977409664739,7.498425557475049,0.25,True,True,no population gap,satterthwaite,-0.6666666666666643,1.4696986623963997,inf,-0.6278409090909101,1.8848572653842688,inf,0.0,8,0.00625,0.9875,not read,False
human_split_half | seed=130,bjw_score | education,-1.2934782608695663,bjw_score,education,130,21,21,20,23,0.2577030812324946,-20.0,20.0,True,False,undetermined,-5.020161701496738,2.433205179757605,2.8811334162831885,0.25,True,True,no population gap,satterthwaite,-0.3333333333333357,1.6260784193111932,inf,-1.2934782608695663,1.4920427856931386,inf,0.0,8,0.00625,0.9875,not read,False
human_split_half | seed=130,bjw_score | age,-0.1866666666666674,bjw_score,age,130,21,21,18,25,8.928571428571379,-20.0,20.0,True,False,undetermined,-4.133820035646228,3.760486702312893,21.14546447667613,0.25,True,True,no population gap,satterthwaite,-1.6666666666666643,1.6148785240905468,inf,-0.1866666666666674,1.5803117710527073,inf,0.0,8,0.00625,0.9875,not read,False
human_split_half | seed=130,gut_diff | political_identity,0.6666666666666667,gut_diff,political_identity,130,5,27,6,26,1.2777777777777777,-20.0,20.0,True,False,undetermined,-1.476599381274818,2.809932714608151,3.214899071912227,0.25,True,True,no population gap,satterthwaite,0.8518518518518519,1.265159130611026,inf,0.6666666666666667,0.8580939850673137,inf,0.0,8,0.00625,0.9875,not read,False
human_split_half | seed=130,gut_diff | sex,-0.6107954545454546,gut_diff,sex,130,30,12,32,11,-0.1910077519379845,-20.0,20.0,True,False,undetermined,-2.443444900050498,1.221853990959589,3.000430720082676,0.25,True,True,no population gap,satterthwaite,0.1166666666666667,0.7088829059367435,inf,-0.6107954545454546,0.7337332047205369,inf,0.0,8,0.00625,0.9875,not read,False
human_split_half | seed=130,gut_diff | education,0.3739130434782608,gut_diff,education,130,21,21,20,23,-2.1650055370985606,-20.0,20.0,True,False,undetermined,-0.9703272156050368,1.7181533025615583,3.5950611580134706,0.25,True,True,no population gap,satterthwaite,-0.8095238095238095,0.6075025105625791,inf,0.3739130434782608,0.5381900590048433,inf,0.0,8,0.00625,0.9875,not read,False
human_split_half | seed=130,gut_diff | age,0.5733333333333333,gut_diff,age,130,21,21,18,25,-2.0764119601328908,-20.0,20.0,True,False,undetermined,-0.8427566241975757,1.9894232908642424,2.469924344530656,0.25,True,True,no population gap,satterthwaite,-1.1904761904761905,0.6100114884430798,inf,0.5733333333333333,0.566956340319294,inf,0.0,8,0.00625,0.9875,not read,False
human_split_half | seed=131,bjw_score | political_identity,3.425925925925928,bjw_score,political_identity,131,5,26,6,27,0.7207484407484405,-20.0,20.0,True,False,undetermined,-2.2878788367352074,9.13973068858706,1.6678132820740603,0.25,True,True,no population gap,satterthwaite,2.4692307692307693,2.136961498321558,inf,3.425925925925928,2.287621503358201,inf,0.0,8,0.00625,0.9875,not read,False
human_split_half | seed=131,bjw_score | sex,0.0645161290322597,bjw_score,sex,131,31,11,31,12,-20.77272727272672,-20.0,20.0,True,False,undetermined,-4.388425025153848,4.517457283218367,69.02058788988283,0.25,True,True,no population gap,satterthwaite,-1.3401759530791786,1.487503305977276,inf,0.0645161290322597,1.7828127422331668,inf,0.0,8,0.00625,0.9875,not read,False
human_split_half | seed=131,bjw_score | education,-2.517391304347825,bjw_score,education,131,21,21,20,23,-0.3972366148531953,-20.0,20.0,True,False,undetermined,-6.265110992869944,1.2303283841742938,1.488731482487198,0.25,True,True,no population gap,satterthwaite,1.0,1.6528389311992466,inf,-2.517391304347825,1.5004650148440073,inf,0.0,8,0.00625,0.9875,not read,False
human_split_half | seed=131,bjw_score | age,-1.0216450216450212,bjw_score,age,131,18,24,21,22,0.9788135593220344,-20.0,20.0,True,False,undetermined,-4.74760644217784,2.7043163988877974,3.6470215599283113,0.25,True,True,no population gap,satterthwaite,-1.0,1.6100720187522526,inf,-1.0216450216450212,1.4917537123414395,inf,0.0,8,0.00625,0.9875,not read,False
human_split_half | seed=131,gut_diff | political_identity,1.1296296296296295,gut_diff,political_identity,131,5,26,6,27,0.2519546027742748,-20.0,20.0,True,False,undetermined,-1.4380728857666212,3.697332145025881,2.273048128383566,0.25,True,True,no population gap,satterthwaite,0.2846153846153845,1.078948982757464,inf,1.1296296296296295,1.028024535740646,inf,0.0,8,0.00625,0.9875,not read,False
human_split_half | seed=131,gut_diff | sex,-0.5967741935483871,gut_diff,sex,131,31,11,31,12,-0.2162162162162164,-20.0,20.0,True,False,undetermined,-2.490298288497999,1.296749901401225,3.172932267212864,0.25,True,True,no population gap,satterthwaite,0.1290322580645162,0.6903124832275751,inf,-0.5967741935483871,0.7581054335353572,inf,0.0,8,0.00625,0.9875,not read,False
human_split_half | seed=131,gut_diff | education,-0.0369565217391303,gut_diff,education,131,21,21,20,23,10.30812324929975,-20.0,20.0,True,False,undetermined,-1.557520606710015,1.4836075632317542,41.14467524038876,0.25,True,True,no population gap,satterthwaite,-0.380952380952381,0.5912805274147216,inf,-0.0369565217391303,0.6087843814238982,inf,0.0,8,0.00625,0.9875,not read,False
human_split_half | seed=131,gut_diff | age,-0.0432900432900431,gut_diff,age,131,18,24,21,22,12.833333333333371,-20.0,20.0,True,False,undetermined,-1.5141658574601091,1.4275857708800228,33.97723130732863,0.25,True,True,no population gap,satterthwaite,-0.5555555555555555,0.5490908704908711,inf,-0.0432900432900431,0.5888908146203138,inf,0.0,8,0.00625,0.9875,not read,False
human_split_half | seed=132,bjw_score | political_identity,0.8666666666666671,bjw_score,political_identity,132,8,23,3,30,4.308110367892976,-20.0,20.0,True,False,undetermined,-6.3818383197056265,8.11517165303896,8.363659599660334,0.25,True,True,no population gap,satterthwaite,3.733695652173914,1.9883850449274645,inf,0.8666666666666671,2.9020655347526465,inf,0.0,8,0.00625,0.9875,not read,False
human_split_half | seed=132,bjw_score | sex,0.407692307692308,bjw_score,sex,132,32,10,30,13,-5.043632075471691,-20.0,20.0,True,False,undetermined,-2.81143531467382,3.626819930058436,7.895973413350874,0.25,True,True,no population gap,satterthwaite,-2.0562499999999986,1.915939496147351,inf,0.407692307692308,1.2888339516083418,inf,0.0,8,0.00625,0.9875,not read,False
human_split_half | seed=132,bjw_score | education,0.3246753246753258,bjw_score,education,132,20,22,21,22,-6.075999999999979,-20.0,20.0,True,False,undetermined,-2.8281868540067614,3.477537503357413,9.710815510340796,0.25,True,True,no population gap,satterthwaite,-1.9727272727272729,1.787886088687276,inf,0.3246753246753258,1.2623034241930888,inf,0.0,8,0.00625,0.9875,not read,False
human_split_half | seed=132,bjw_score | age,0.7017543859649109,bjw_score,age,132,20,22,19,24,-3.7632954545454615,-20.0,20.0,True,False,undetermined,-2.413959624868969,3.817468396798791,4.439892465438287,0.25,True,True,no population gap,satterthwaite,-2.6409090909090907,1.7307400989693968,inf,0.7017543859649109,1.2474305065646714,inf,0.0,8,0.00625,0.9875,not read,False
human_split_half | seed=132,gut_diff | political_identity,-0.1666666666666667,gut_diff,political_identity,132,8,23,3,30,-5.152173913043476,-20.0,20.0,True,False,undetermined,-1.8954546810651984,1.562121347731865,10.372728086391186,0.25,True,True,no population gap,satterthwaite,0.8586956521739131,0.9881826892455804,inf,-0.1666666666666667,0.6921504672910985,inf,0.0,8,0.00625,0.9875,not read,False
human_split_half | seed=132,gut_diff | sex,-0.6512820512820513,gut_diff,sex,132,32,10,30,13,-0.278297244094488,-20.0,20.0,True,False,undetermined,-2.4742120371857923,1.17164793462169,2.7989869862301537,0.25,True,True,no population gap,satterthwaite,0.1812499999999999,0.6564976756513919,inf,-0.6512820512820513,0.7298418493612745,inf,0.0,8,0.00625,0.9875,not read,False
human_split_half | seed=132,gut_diff | education,-0.1428571428571429,gut_diff,education,132,20,22,21,22,1.845454545454544,-20.0,20.0,True,False,undetermined,-1.456940066220484,1.1712257805061983,9.198580463543388,0.25,True,True,no population gap,satterthwaite,-0.2636363636363634,0.6429121074571968,inf,-0.1428571428571429,0.5261160430832994,inf,0.0,8,0.00625,0.9875,not read,False
human_split_half | seed=132,gut_diff | age,-0.1578947368421053,gut_diff,age,132,20,22,19,24,2.878787878787878,-20.0,20.0,True,False,undetermined,-1.5043431209883515,1.188553647304141,8.527506432926224,0.25,True,True,no population gap,satterthwaite,-0.4545454545454546,0.6266587078420165,inf,-0.1578947368421053,0.539074120429048,inf,0.0,8,0.00625,0.9875,not read,False
human_split_half | seed=133,bjw_score | political_identity,-2.73076923076923,bjw_score,political_identity,133,8,27,3,26,-2.003912363067293,-20.0,20.0,True,True,reversed or missing,-10.089626652567912,4.628088191029453,2.694792858686842,0.25,True,True,no population gap,satterthwaite,5.472222222222221,1.214337461723915,inf,-2.73076923076923,2.946247059098568,inf,0.0,8,0.00625,0.9875,not read,False
human_split_half | seed=133,bjw_score | sex,1.663398692810457,bjw_score,sex,133,28,14,34,9,-1.352652259332024,-20.0,20.0,True,False,undetermined,-2.384219302811249,5.711016688432163,2.43334205630696,0.25,True,True,no population gap,satterthwaite,-2.25,1.5462655178185705,inf,1.663398692810457,1.6205345385044927,inf,0.0,8,0.00625,0.9875,not read,False
human_split_half | seed=133,bjw_score | education,-1.5865800865800883,bjw_score,education,133,19,23,22,21,-0.0259614574130325,-20.0,20.0,True,False,undetermined,-5.383274524845594,2.2101143516854167,2.393005225755336,0.25,True,True,no population gap,satterthwaite,0.0411899313501145,1.578290375583467,inf,-1.5865800865800883,1.520072911033722,inf,0.0,8,0.00625,0.9875,not read,False
human_split_half | seed=133,bjw_score | age,-2.335526315789473,bjw_score,age,133,20,22,19,24,-0.1926760563380279,-20.0,20.0,True,False,undetermined,-5.957197645549696,1.286145013970751,1.550687442601561,0.25,True,True,no population gap,satterthwaite,0.4499999999999993,1.6206542426839543,inf,-2.335526315789473,1.449999353530017,inf,0.0,8,0.00625,0.9875,not read,False
human_split_half | seed=133,gut_diff | political_identity,0.3205128205128205,gut_diff,political_identity,133,8,27,3,26,3.307777777777778,-20.0,20.0,True,False,undetermined,-3.6664800595764513,4.307505700602092,12.439417785878527,0.25,True,True,no population gap,satterthwaite,1.0601851851851851,0.8188154971775108,inf,0.3205128205128205,1.5962622149484147,inf,0.0,8,0.00625,0.9875,not read,False
human_split_half | seed=133,gut_diff | sex,-1.0294117647058822,gut_diff,sex,133,28,14,34,9,-0.2775510204081632,-20.0,20.0,True,False,undetermined,-3.6267199399224,1.567896410510635,2.5230993702103315,0.25,True,True,no population gap,satterthwaite,0.2857142857142857,0.4779069065935833,inf,-1.0294117647058822,1.039877678583141,inf,0.0,8,0.00625,0.9875,not read,False
human_split_half | seed=133,gut_diff | education,-0.2878787878787878,gut_diff,education,133,19,23,22,21,0.5166807178128386,-20.0,20.0,True,False,undetermined,-2.034707278029285,1.458949702271709,6.067930544733306,0.25,True,True,no population gap,satterthwaite,-0.148741418764302,0.4657898919119059,inf,-0.2878787878787878,0.6993732867564572,inf,0.0,8,0.00625,0.9875,not read,False
human_split_half | seed=133,gut_diff | age,-0.3333333333333332,gut_diff,age,133,20,22,19,24,0.7227272727272727,-20.0,20.0,True,False,undetermined,-2.0418131756370315,1.375146508970365,5.125439526911096,0.25,True,True,no population gap,satterthwaite,-0.2409090909090908,0.4596350325152681,inf,-0.3333333333333332,0.6840197359994673,inf,0.0,8,0.00625,0.9875,not read,False
human_split_half | seed=134,bjw_score | political_identity,3.414141414141416,bjw_score,political_identity,134,2,31,9,22,1.3558408093147545,-20.0,20.0,True,True,undetermined,-1.1441504570542185,7.972433285337049,1.3351209918590756,0.25,True,True,no population gap,satterthwaite,4.629032258064516,1.4824317771865458,inf,3.414141414141416,1.824991741277746,inf,0.0,8,0.00625,0.9875,not read,False
human_split_half | seed=134,bjw_score | sex,-1.9027777777777783,bjw_score,sex,134,35,7,27,16,-0.3753910323253392,-20.0,20.0,True,False,undetermined,-5.291130940362102,1.4855753848065445,1.7807403482194974,0.25,True,True,no population gap,satterthwaite,0.7142857142857153,2.281178208929697,inf,-1.9027777777777783,1.3565863514191208,inf,0.0,8,0.00625,0.9875,not read,False
human_split_half | seed=134,bjw_score | education,-1.0652173913043477,bjw_score,education,134,18,24,23,20,0.3520408163265306,-20.0,20.0,True,False,undetermined,-4.500003211532733,2.3695684289240377,3.224492810826648,0.25,True,True,no population gap,satterthwaite,-0.375,1.7252420113356894,inf,-1.0652173913043477,1.3751764766503434,inf,0.0,8,0.00625,0.9875,not read,False
human_split_half | seed=134,bjw_score | age,-1.904761904761905,bjw_score,age,134,17,25,22,21,-0.1568823529411755,-20.0,20.0,True,False,undetermined,-5.340541969135319,1.5310181596115084,1.8037845337960416,0.25,True,True,no population gap,satterthwaite,0.2988235294117629,1.6841473989810978,inf,-1.904761904761905,1.3755745396539338,inf,0.0,8,0.00625,0.9875,not read,False
human_split_half | seed=134,gut_diff | political_identity,0.8181818181818181,gut_diff,political_identity,134,2,31,9,22,0.0,-20.0,20.0,True,False,undetermined,-1.3688492235281329,3.0052128598917687,2.6730379398677178,0.25,True,True,no population gap,satterthwaite,0.0,0.8598266756957097,inf,0.8181818181818181,0.8756160644868514,inf,0.0,8,0.00625,0.9875,not read,False
human_split_half | seed=134,gut_diff | sex,-0.525462962962963,gut_diff,sex,134,35,7,27,16,-0.815607300188798,-20.0,20.0,True,False,undetermined,-2.19896649499478,1.148040569068853,3.184817294439404,0.25,True,True,no population gap,satterthwaite,0.4285714285714286,0.6915229178425358,inf,-0.525462962962963,0.6700163594737317,inf,0.0,8,0.00625,0.9875,not read,False
human_split_half | seed=134,gut_diff | education,0.1543478260869566,gut_diff,education,134,18,24,23,20,-4.229264475743346,-20.0,20.0,True,False,undetermined,-1.2479531238224617,1.556648775996375,9.085330098004675,0.25,True,True,no population gap,satterthwaite,-0.6527777777777777,0.5564347803439089,inf,0.1543478260869566,0.5614356703532798,inf,0.0,8,0.00625,0.9875,not read,False
human_split_half | seed=134,gut_diff | age,0.2683982683982682,gut_diff,age,134,17,25,22,21,-3.603074003795069,-20.0,20.0,True,False,undetermined,-1.151214979133174,1.6880115159297104,5.289204196447797,0.25,True,True,no population gap,satterthwaite,-0.9670588235294116,0.5153692896012401,inf,0.2683982683982682,0.5683669509898681,inf,0.0,8,0.00625,0.9875,not read,False
human_split_half | seed=135,bjw_score | political_identity,2.5,bjw_score,political_identity,135,7,21,4,32,1.238095238095238,-20.0,20.0,True,False,undetermined,-4.195276440446886,9.195276440446886,2.6781105761787543,0.25,True,True,no population gap,satterthwaite,3.095238095238095,1.987619685367121,inf,2.5,2.6805708266728545,inf,0.0,8,0.00625,0.9875,not read,False
human_split_half | seed=135,bjw_score | sex,-1.4153846153846177,bjw_score,sex,135,32,10,30,13,0.0088315217391299,-20.0,20.0,True,False,undetermined,-5.26882076273249,2.438051531963255,2.722536408452297,0.25,True,True,no population gap,satterthwaite,-0.0124999999999992,1.818691072642935,inf,-1.4153846153846177,1.5427904450107954,inf,0.0,8,0.00625,0.9875,not read,False
human_split_half | seed=135,bjw_score | education,-1.609649122807017,bjw_score,education,135,17,25,24,19,-0.2923545439974345,-20.0,20.0,True,False,undetermined,-5.56597519394357,2.346676948329536,2.457881046918622,0.25,True,True,no population gap,satterthwaite,0.470588235294116,1.4983562377646409,inf,-1.609649122807017,1.583984222522411,inf,0.0,8,0.00625,0.9875,not read,False
human_split_half | seed=135,bjw_score | age,1.1739130434782616,bjw_score,age,135,16,26,23,20,-2.326210826210824,-20.0,20.0,True,False,undetermined,-2.7611846708364154,5.109010757792939,3.352120275156945,0.25,True,True,no population gap,satterthwaite,-2.73076923076923,1.5869619582626864,inf,1.1739130434782616,1.575485079208304,inf,0.0,8,0.00625,0.9875,not read,False
human_split_half | seed=135,gut_diff | political_identity,0.0625,gut_diff,political_identity,135,7,21,4,32,15.999999999999996,-20.0,20.0,True,False,undetermined,-2.568781042006761,2.693781042006761,42.10049667210818,0.25,True,True,no population gap,satterthwaite,0.9999999999999998,0.9504710506618697,inf,0.0625,1.053479308990248,inf,0.0,8,0.00625,0.9875,not read,False
human_split_half | seed=135,gut_diff | sex,-0.4641025641025641,gut_diff,sex,135,32,10,30,13,0.1077348066298343,-20.0,20.0,True,False,undetermined,-2.2994381765048355,1.3712330482997075,3.954590546060143,0.25,True,True,no population gap,satterthwaite,-0.05,0.7447457268244633,inf,-0.4641025641025641,0.7348086585400065,inf,0.0,8,0.00625,0.9875,not read,False
human_split_half | seed=135,gut_diff | education,-0.3552631578947369,gut_diff,education,135,17,25,24,19,-0.152331154684096,-20.0,20.0,True,False,undetermined,-1.950112501085504,1.2395861852960302,4.489205558611046,0.25,True,True,no population gap,satterthwaite,0.0541176470588236,0.5484504482395758,inf,-0.3552631578947369,0.638525781619584,inf,0.0,8,0.00625,0.9875,not read,False
human_split_half | seed=135,gut_diff | age,-0.1739130434782608,gut_diff,age,135,16,26,23,20,1.8521634615384608,-20.0,20.0,True,False,undetermined,-1.7488365147242844,1.4010104277677624,9.055809959664634,0.25,True,True,no population gap,satterthwaite,-0.3221153846153846,0.5367953970456216,inf,-0.1739130434782608,0.6305481108682424,inf,0.0,8,0.00625,0.9875,not read,False
human_split_half | seed=136,bjw_score | political_identity,1.565517241379311,bjw_score,political_identity,136,6,24,5,29,2.9010646108663702,-20.0,20.0,True,False,undetermined,-4.090885346183967,7.221919828942589,3.613120595580066,0.25,True,True,no population gap,satterthwaite,4.541666666666664,2.196735860644289,inf,1.565517241379311,2.264639540279674,inf,0.0,8,0.00625,0.9875,not read,False
human_split_half | seed=136,bjw_score | sex,-1.2250000000000014,bjw_score,sex,136,27,15,35,8,0.3809523809523791,-20.0,20.0,True,False,undetermined,-5.456513808993323,3.0065138089933203,3.45429698693332,0.25,True,True,no population gap,satterthwaite,-0.466666666666665,1.5501525362275037,inf,-1.2250000000000014,1.694160438324445,inf,0.0,8,0.00625,0.9875,not read,False
human_split_half | seed=136,bjw_score | education,0.2619047619047627,bjw_score,education,136,20,22,21,22,-7.41074380165287,-20.0,20.0,True,False,undetermined,-3.6562953595463146,4.18010488335584,14.960400463722246,0.25,True,True,no population gap,satterthwaite,-1.940909090909092,1.526518067891144,inf,0.2619047619047627,1.568719832862757,inf,0.0,8,0.00625,0.9875,not read,False
human_split_half | seed=136,bjw_score | age,-2.400452488687783,bjw_score,age,136,22,20,17,26,-0.2518464570302447,-20.0,20.0,True,False,undetermined,-6.326742224467896,1.5258372470923294,1.635645676922535,0.25,True,True,no population gap,satterthwaite,0.6045454545454518,1.4961189676321751,inf,-2.400452488687783,1.571958651209143,inf,0.0,8,0.00625,0.9875,not read,False
human_split_half | seed=136,gut_diff | political_identity,1.1241379310344826,gut_diff,political_identity,136,6,24,5,29,0.4447852760736196,-20.0,20.0,True,False,undetermined,-1.818167259285265,4.06644312135423,2.617388052738426,0.25,True,True,no population gap,satterthwaite,0.4999999999999999,0.8862063048810456,inf,1.1241379310344826,1.1780032574447072,inf,0.0,8,0.00625,0.9875,not read,False
human_split_half | seed=136,gut_diff | sex,-0.5785714285714285,gut_diff,sex,136,27,15,35,8,0.3200731595793325,-20.0,20.0,True,False,undetermined,-2.484134661338163,1.3269918041953055,3.29356608132522,0.25,True,True,no population gap,satterthwaite,-0.1851851851851852,0.6435259030597289,inf,-0.5785714285714285,0.7629255125713645,inf,0.0,8,0.00625,0.9875,not read,False
human_split_half | seed=136,gut_diff | education,-0.3593073593073592,gut_diff,education,136,20,22,21,22,0.1644578313253012,-20.0,20.0,True,False,undetermined,-1.858780901263204,1.1401661826484857,4.173233592672291,0.25,True,True,no population gap,satterthwaite,-0.059090909090909,0.5619867772027195,inf,-0.3593073593073592,0.6003404142736738,inf,0.0,8,0.00625,0.9875,not read,False
human_split_half | seed=136,gut_diff | age,-1.1425339366515836,gut_diff,age,136,22,20,17,26,-0.552997299729973,-20.0,20.0,True,False,undetermined,-2.52542635126573,0.2403584779625627,1.2103731628900054,0.25,True,True,no population gap,satterthwaite,0.6318181818181818,0.5655635034788916,inf,-1.1425339366515836,0.5536651243625778,inf,0.0,8,0.00625,0.9875,not read,False
human_split_half | seed=137,bjw_score | political_identity,3.2407407407407405,bjw_score,political_identity,137,5,26,6,27,0.8877362637362639,-20.0,20.0,True,False,undetermined,-1.5111188040481522,7.992600285529633,1.466288088106287,0.25,True,True,no population gap,satterthwaite,2.8769230769230774,2.654764359442488,inf,3.2407407407407405,1.9024899392141992,inf,0.0,8,0.00625,0.9875,not read,False
human_split_half | seed=137,bjw_score | sex,-2.05665024630542,bjw_score,sex,137,33,9,29,14,-0.5451642170205041,-20.0,20.0,True,False,undetermined,-6.201862511231866,2.088562018621026,2.0155163827067497,0.25,True,True,no population gap,satterthwaite,1.121212121212121,1.3627941286300091,inf,-2.05665024630542,1.6596081082780032,inf,0.0,8,0.00625,0.9875,not read,False
human_split_half | seed=137,bjw_score | education,-0.779220779220779,bjw_score,education,137,20,22,21,22,1.0966666666666631,-20.0,20.0,True,False,undetermined,-4.595754364195521,3.037312805753963,4.897884767384253,0.25,True,True,no population gap,satterthwaite,-0.8545454545454518,1.5859199851506245,inf,-0.779220779220779,1.5280158598227511,inf,0.0,8,0.00625,0.9875,not read,False
human_split_half | seed=137,bjw_score | age,0.3376623376623371,bjw_score,age,137,18,24,21,22,-6.58119658119659,-20.0,20.0,True,False,undetermined,-3.473639652940586,4.14896432826526,11.287317433708676,0.25,True,True,no population gap,satterthwaite,-2.222222222222221,1.549851118568585,inf,0.3376623376623371,1.5259212996690634,inf,0.0,8,0.00625,0.9875,not read,False
human_split_half | seed=137,gut_diff | political_identity,0.3148148148148149,gut_diff,political_identity,137,5,26,6,27,3.9339366515837098,-20.0,20.0,True,False,undetermined,-2.249646250358955,2.879275879988585,8.145935148199033,0.25,True,True,no population gap,satterthwaite,1.2384615384615385,1.0787905257997317,inf,0.3148148148148149,1.0267267645463152,inf,0.0,8,0.00625,0.9875,not read,False
human_split_half | seed=137,gut_diff | sex,-0.3891625615763547,gut_diff,sex,137,33,9,29,14,0.2595576013297537,-20.0,20.0,True,False,undetermined,-1.9951998001969324,1.216874677044223,4.126905815695914,0.25,True,True,no population gap,satterthwaite,-0.1010101010101012,0.8102513638643736,inf,-0.3891625615763547,0.6430050509026033,inf,0.0,8,0.00625,0.9875,not read,False
human_split_half | seed=137,gut_diff | education,0.5129870129870131,gut_diff,education,137,20,22,21,22,-1.8341772151898728,-20.0,20.0,True,False,undetermined,-0.7995304300535087,1.8255044560275349,2.558578306686586,0.25,True,True,no population gap,satterthwaite,-0.9409090909090908,0.6173970819811041,inf,0.5129870129870131,0.5254892757017869,inf,0.0,8,0.00625,0.9875,not read,False
human_split_half | seed=137,gut_diff | age,0.4199134199134199,gut_diff,age,137,18,24,21,22,-2.447594501718213,-20.0,20.0,True,False,undetermined,-0.8635031140107948,1.7033299538376347,3.0563837044999342,0.25,True,True,no population gap,satterthwaite,-1.0277777777777777,0.5932938215747023,inf,0.4199134199134199,0.5138382186168873,inf,0.0,8,0.00625,0.9875,not read,False
human_split_half | seed=138,bjw_score | political_identity,-1.583333333333332,bjw_score,political_identity,138,7,23,4,30,-3.848316443282121,-20.0,20.0,True,True,reversed or missing,-7.976875744738685,4.81020907807202,4.038026786150752,0.25,True,True,no population gap,satterthwaite,6.093167701863354,1.4217727428299969,inf,-1.583333333333332,2.55976633968005,inf,0.0,8,0.00625,0.9875,not read,False
human_split_half | seed=138,bjw_score | sex,0.5727272727272741,bjw_score,sex,138,29,13,33,10,-2.788093132920714,-20.0,20.0,True,False,undetermined,-3.438838466303441,4.584293011757989,7.004321131640914,0.25,True,True,no population gap,satterthwaite,-1.5968169761273217,1.6751836966476832,inf,0.5727272727272741,1.606100388083202,inf,0.0,8,0.00625,0.9875,not read,False
human_split_half | seed=138,bjw_score | education,-1.234782608695653,bjw_score,education,138,18,24,23,20,0.2362089201877942,-20.0,20.0,True,False,undetermined,-4.894348934111447,2.4247837167201407,2.963733291709972,0.25,True,True,no population gap,satterthwaite,-0.2916666666666678,1.6259897737745257,inf,-1.234782608695653,1.4651712767111955,inf,0.0,8,0.00625,0.9875,not read,False
human_split_half | seed=138,bjw_score | age,-1.575757575757578,bjw_score,age,138,18,24,21,22,0.1233974358974347,-20.0,20.0,True,False,undetermined,-5.150681994759113,1.999166843243957,2.268702035135586,0.25,True,True,no population gap,satterthwaite,-0.1944444444444428,1.7218755692228227,inf,-1.575757575757578,1.4312834115772968,inf,0.0,8,0.00625,0.9875,not read,False
human_split_half | seed=138,gut_diff | political_identity,1.0166666666666666,gut_diff,political_identity,138,7,23,4,30,0.3299053049587618,-20.0,20.0,True,False,undetermined,-1.927914287365418,3.9612476206987512,2.896309135113526,0.25,True,True,no population gap,satterthwaite,0.3354037267080745,0.9984405983744852,inf,1.0166666666666666,1.1789143991832078,inf,0.0,8,0.00625,0.9875,not read,False
human_split_half | seed=138,gut_diff | sex,0.009090909090909,gut_diff,sex,138,29,13,33,10,-44.05835543766604,-20.0,20.0,True,False,undetermined,-1.982757412325477,2.000939230507295,219.1033153558037,0.25,True,True,no population gap,satterthwaite,-0.4005305039787799,0.6864248213007821,inf,0.009090909090909,0.7974712544041991,inf,0.0,8,0.00625,0.9875,not read,False
human_split_half | seed=138,gut_diff | education,0.1999999999999999,gut_diff,education,138,18,24,23,20,-2.7777777777777786,-20.0,20.0,True,False,undetermined,-1.0303805804269217,1.4303805804269216,6.151902902134609,0.25,True,True,no population gap,satterthwaite,-0.5555555555555556,0.6147666892930264,inf,0.1999999999999999,0.4926043485931227,inf,0.0,8,0.00625,0.9875,not read,False
human_split_half | seed=138,gut_diff | age,-0.0974025974025974,gut_diff,age,138,18,24,21,22,4.70555555555555,-20.0,20.0,True,False,undetermined,-1.3839759938058105,1.1891707990006155,13.208820203072976,0.25,True,True,no population gap,satterthwaite,-0.4583333333333332,0.6116852978212021,inf,-0.0974025974025974,0.5151021236311597,inf,0.0,8,0.00625,0.9875,not read,False
human_split_half | seed=139,bjw_score | political_identity,0.6000000000000014,bjw_score,political_identity,139,5,28,6,25,9.309523809523789,-20.0,20.0,True,True,undetermined,-5.847670654448501,7.047670654448504,10.746117757414146,0.25,True,True,no population gap,satterthwaite,5.585714285714285,1.3445085159370418,inf,0.6000000000000014,2.581437526895561,inf,0.0,8,0.00625,0.9875,not read,False
human_split_half | seed=139,bjw_score | sex,-0.3725490196078453,bjw_score,sex,139,28,14,34,9,3.834586466165396,-20.0,20.0,True,False,undetermined,-5.911791536144747,5.1666934969290566,14.868493070704227,0.25,True,True,no population gap,satterthwaite,-1.4285714285714306,1.3270508379454429,inf,-0.3725490196078453,2.2177324601556965,inf,0.0,8,0.00625,0.9875,not read,False
human_split_half | seed=139,bjw_score | education,-1.2857142857142847,bjw_score,education,139,20,22,21,22,0.304040404040404,-20.0,20.0,True,False,undetermined,-5.343680949377861,2.772252377949292,3.1561962939605617,0.25,True,True,no population gap,satterthwaite,-0.3909090909090906,1.375620355135569,inf,-1.2857142857142847,1.624677808449312,inf,0.0,8,0.00625,0.9875,not read,False
human_split_half | seed=139,bjw_score | age,-1.878787878787879,bjw_score,age,139,17,25,22,21,0.2041366223908914,-20.0,20.0,True,False,undetermined,-6.024205550116636,2.2666297925408783,2.2064319863524027,0.25,True,True,no population gap,satterthwaite,-0.3835294117647052,1.358160149481531,inf,-1.878787878787879,1.6596903463176933,inf,0.0,8,0.00625,0.9875,not read,False
human_split_half | seed=139,gut_diff | political_identity,0.4266666666666667,gut_diff,political_identity,139,5,28,6,25,2.511160714285713,-20.0,20.0,True,False,undetermined,-2.4621870231147307,3.315520356448064,6.770750835425149,0.25,True,True,no population gap,satterthwaite,1.0714285714285714,0.9111391363185736,inf,0.4266666666666667,1.1566030159073426,inf,0.0,8,0.00625,0.9875,not read,False
human_split_half | seed=139,gut_diff | sex,-1.3333333333333337,gut_diff,sex,139,28,14,34,9,-0.3482142857142857,-20.0,20.0,True,False,undetermined,-3.746996899697171,1.0803302330305042,1.8102476747728784,0.25,True,True,no population gap,satterthwaite,0.4642857142857144,0.5055150471615949,inf,-1.3333333333333337,0.9663523528785336,inf,0.0,8,0.00625,0.9875,not read,False
human_split_half | seed=139,gut_diff | education,-0.3593073593073592,gut_diff,education,139,20,22,21,22,0.1644578313253012,-20.0,20.0,True,False,undetermined,-2.0474195424031443,1.3288048237884258,4.698239931266583,0.25,True,True,no population gap,satterthwaite,-0.059090909090909,0.4675335335507126,inf,-0.3593073593073592,0.6758651880034323,inf,0.0,8,0.00625,0.9875,not read,False
human_split_half | seed=139,gut_diff | age,-0.5714285714285714,gut_diff,age,139,17,25,22,21,0.1688235294117648,-20.0,20.0,True,False,undetermined,-2.242793420686399,1.099936277829256,2.924888486201198,0.25,True,True,no population gap,satterthwaite,-0.0964705882352942,0.4497970878422843,inf,-0.5714285714285714,0.6691601004824181,inf,0.0,8,0.00625,0.9875,not read,False
human_split_half | seed=140,bjw_score | political_identity,3.541666666666668,bjw_score,political_identity,140,3,29,8,24,0.4868154158215012,-20.0,20.0,True,False,undetermined,-0.8937112617714646,7.9770445951048,1.2523420033237076,0.25,True,True,no population gap,satterthwaite,1.724137931034484,3.492346017603491,inf,3.541666666666668,1.775780998139991,inf,0.0,8,0.00625,0.9875,not read,False
human_split_half | seed=140,bjw_score | sex,1.5935960591133025,bjw_score,sex,140,33,9,29,14,-2.0980438074719365,-20.0,20.0,True,False,undetermined,-2.0434863849828777,5.230678503209482,2.282311394595127,0.25,True,True,no population gap,satterthwaite,-3.343434343434346,1.9093150123129627,inf,1.5935960591133025,1.4561694622421717,inf,0.0,8,0.00625,0.9875,not read,False
human_split_half | seed=140,bjw_score | education,-0.0865800865800885,bjw_score,education,140,19,23,22,21,19.584782608695203,-20.0,20.0,True,False,undetermined,-3.768129357653395,3.594969184493218,42.52189408089573,0.25,True,True,no population gap,satterthwaite,-1.695652173913043,1.5628097403580232,inf,-0.0865800865800885,1.473972532841246,inf,0.0,8,0.00625,0.9875,not read,False
human_split_half | seed=140,bjw_score | age,-1.0173160173160165,bjw_score,age,140,17,25,22,21,1.047739674593243,-20.0,20.0,True,False,undetermined,-4.784656577323353,2.75002454269132,3.703215614305088,0.25,True,True,no population gap,satterthwaite,-1.065882352941177,1.6951347324750892,inf,-1.0173160173160165,1.5083205733358775,inf,0.0,8,0.00625,0.9875,not read,False
human_split_half | seed=140,gut_diff | political_identity,1.0,gut_diff,political_identity,140,3,29,8,24,0.4252873563218391,-20.0,20.0,True,False,undetermined,-1.0956782352828198,3.09567823528282,2.09567823528282,0.25,True,True,no population gap,satterthwaite,0.4252873563218391,1.5831647791992949,inf,1.0,0.8390413733562615,inf,0.0,8,0.00625,0.9875,not read,False
human_split_half | seed=140,gut_diff | sex,-0.3201970443349754,gut_diff,sex,140,33,9,29,14,0.5047397047397051,-20.0,20.0,True,False,undetermined,-2.0171833258352314,1.3767892371652803,5.299818694531568,0.25,True,True,no population gap,satterthwaite,-0.1616161616161617,0.8007001597851459,inf,-0.3201970443349754,0.6794180882470048,inf,0.0,8,0.00625,0.9875,not read,False
human_split_half | seed=140,gut_diff | education,-0.515151515151515,gut_diff,education,140,19,23,22,21,-0.2221025710055191,-20.0,20.0,True,False,undetermined,-1.8108554411634807,0.7805524108604515,2.515189974023229,0.25,True,True,no population gap,satterthwaite,0.1144164759725401,0.6245187957964832,inf,-0.515151515151515,0.5187576905848169,inf,0.0,8,0.00625,0.9875,not read,False
human_split_half | seed=140,gut_diff | age,-0.1428571428571428,gut_diff,age,140,17,25,22,21,3.1952941176470606,-20.0,20.0,True,False,undetermined,-1.5270367909570122,1.2413225052427266,9.68925753669909,0.25,True,True,no population gap,satterthwaite,-0.4564705882352942,0.6023850832674055,inf,-0.1428571428571428,0.5541804907644937,inf,0.0,8,0.00625,0.9875,not read,False
human_split_half | seed=141,bjw_score | political_identity,5.057692307692307,bjw_score,political_identity,141,7,27,4,26,0.3650994829702051,-0.8708423992153934,2.123589647099206,False,False,undetermined,1.7911830882755462,8.324201527109068,0.6458497315957095,0.25,False,True,reference too imprecise,satterthwaite,1.8465608465608447,2.228552603071257,inf,5.057692307692307,1.3078040013000638,inf,0.0,8,0.00625,0.9875,not read,False
human_split_half | seed=141,bjw_score | sex,-0.4537037037037024,bjw_score,sex,141,35,7,27,16,2.141107871720123,-20.0,20.0,True,False,undetermined,-4.224104072866301,3.3166966654588963,8.310270201419629,0.25,True,True,no population gap,satterthwaite,-0.9714285714285716,1.833650364974596,inf,-0.4537037037037024,1.50954562135738,inf,0.0,8,0.00625,0.9875,not read,False
human_split_half | seed=141,bjw_score | education,-1.4310344827586192,bjw_score,education,141,27,15,14,29,0.2174029451137904,-20.0,20.0,True,False,undetermined,-5.159455708335386,2.297386742818148,2.605402784137984,0.25,True,True,no population gap,satterthwaite,-0.3111111111111135,1.850418987650525,inf,-1.4310344827586192,1.492738538240528,inf,0.0,8,0.00625,0.9875,not read,False
human_split_half | seed=141,bjw_score | age,-2.1535087719298254,bjw_score,age,141,20,22,19,24,-0.1477504165895196,-20.0,20.0,True,False,undetermined,-5.715751115481,1.4087335716213492,1.65415734079362,0.25,True,True,no population gap,satterthwaite,0.3181818181818165,1.6479768467596156,inf,-2.1535087719298254,1.4262059212337268,inf,0.0,8,0.00625,0.9875,not read,False
human_split_half | seed=141,gut_diff | political_identity,0.5192307692307692,gut_diff,political_identity,141,7,27,4,26,1.7934548304918678,-20.0,20.0,True,False,undetermined,-2.460334932826456,3.498796471287994,5.738422833591693,0.25,True,True,no population gap,satterthwaite,0.9312169312169312,0.986810974846461,inf,0.5192307692307692,1.192921153910789,inf,0.0,8,0.00625,0.9875,not read,False
human_split_half | seed=141,gut_diff | sex,-0.2268518518518518,gut_diff,sex,141,35,7,27,16,0.3778425655976677,-20.0,20.0,True,False,undetermined,-1.8045550227887248,1.3508513190850209,6.954773161680908,0.25,True,True,no population gap,satterthwaite,-0.0857142857142857,0.7735610168704545,inf,-0.2268518518518518,0.6316610121747798,inf,0.0,8,0.00625,0.9875,not read,False
human_split_half | seed=141,gut_diff | education,0.396551724137931,gut_diff,education,141,27,15,14,29,-1.5877616747181962,-20.0,20.0,True,False,undetermined,-1.0933001940101763,1.8864036422860384,3.7570178805474015,0.25,True,True,no population gap,satterthwaite,-0.6296296296296295,0.7643126489044452,inf,0.396551724137931,0.5964882291826398,inf,0.0,8,0.00625,0.9875,not read,False
human_split_half | seed=141,gut_diff | age,-0.6052631578947368,gut_diff,age,141,20,22,19,24,-0.067588932806324,-20.0,20.0,True,False,undetermined,-1.8814728479350336,0.6709465321455602,2.108520357457882,0.25,True,True,no population gap,satterthwaite,0.0409090909090908,0.6353784218219333,inf,-0.6052631578947368,0.5109528328319314,inf,0.0,8,0.00625,0.9875,not read,False
human_split_half | seed=142,bjw_score | political_identity,3.466666666666665,bjw_score,political_identity,142,7,23,4,30,1.073220258002867,-20.0,20.0,True,True,undetermined,-0.6383417738046262,7.571675107137956,1.18413705013595,0.25,True,True,no population gap,satterthwaite,3.720496894409937,2.208297576291458,inf,3.466666666666665,1.6435118051733069,inf,0.0,8,0.00625,0.9875,not read,False
human_split_half | seed=142,bjw_score | sex,-1.374358974358973,bjw_score,sex,142,32,10,30,13,-0.4092817164179108,-20.0,20.0,True,False,undetermined,-5.159996042069089,2.4112780933511435,2.754474732102513,0.25,True,True,no population gap,satterthwaite,0.5625,1.6324960671215898,inf,-1.374358974358973,1.5156458996632238,inf,0.0,8,0.00625,0.9875,not read,False
human_split_half | seed=142,bjw_score | education,-0.7748917748917741,bjw_score,education,142,20,22,21,22,1.1790502793296107,-20.0,20.0,True,False,undetermined,-4.728447438152488,3.17866388836894,5.1020746268895305,0.25,True,True,no population gap,satterthwaite,-0.913636363636364,1.4923694474430498,inf,-0.7748917748917741,1.582875041356254,inf,0.0,8,0.00625,0.9875,not read,False
human_split_half | seed=142,bjw_score | age,-1.1907894736842088,bjw_score,age,142,20,22,19,24,0.4466097438473161,-20.0,20.0,True,False,undetermined,-5.037797238231377,2.656218290862959,3.230636354757847,0.25,True,True,no population gap,satterthwaite,-0.5318181818181849,1.5106706008404658,inf,-1.1907894736842088,1.5402167297129243,inf,0.0,8,0.00625,0.9875,not read,False
human_split_half | seed=142,gut_diff | political_identity,1.0666666666666669,gut_diff,political_identity,142,7,23,4,30,0.7686335403726708,-20.0,20.0,True,False,undetermined,-1.5010176185059578,3.6343509518392914,2.4072040173493354,0.25,True,True,no population gap,satterthwaite,0.8198757763975155,0.9970574204174264,inf,1.0666666666666669,1.0280172369523062,inf,0.0,8,0.00625,0.9875,not read,False
human_split_half | seed=142,gut_diff | sex,0.1256410256410256,gut_diff,sex,142,32,10,30,13,-4.576530612244897,-20.0,20.0,True,False,undetermined,-1.472942665288685,1.7242247165707365,12.723421213522188,0.25,True,True,no population gap,satterthwaite,-0.575,0.8613238904067645,inf,0.1256410256410256,0.6400208929409315,inf,0.0,8,0.00625,0.9875,not read,False
human_split_half | seed=142,gut_diff | education,-0.5865800865800865,gut_diff,education,142,20,22,21,22,-0.2867158671586716,-20.0,20.0,True,False,undetermined,-2.0825531663625627,0.9093929932023896,2.5503304902564725,0.25,True,True,no population gap,satterthwaite,0.1681818181818182,0.5561212243552509,inf,-0.5865800865800865,0.5989389431222933,inf,0.0,8,0.00625,0.9875,not read,False
human_split_half | seed=142,gut_diff | age,-1.0855263157894737,gut_diff,age,142,20,22,19,24,-0.5066666666666667,-20.0,20.0,True,False,undetermined,-2.5017630437711995,0.3307104121922524,1.3046544403225595,0.25,True,True,no population gap,satterthwaite,0.55,0.5468032712239089,inf,-1.0855263157894737,0.567015102431983,inf,0.0,8,0.00625,0.9875,not read,False
human_split_half | seed=143,bjw_score | political_identity,3.179487179487179,bjw_score,political_identity,143,5,27,6,26,0.9016129032258068,-20.0,20.0,True,False,undetermined,-2.104544053355273,8.46351841232963,1.6619130490391585,0.25,True,True,no population gap,satterthwaite,2.866666666666667,2.575590391906983,inf,3.179487179487179,2.115554166579007,inf,0.0,8,0.00625,0.9875,not read,False
human_split_half | seed=143,bjw_score | sex,-0.6013071895424851,bjw_score,sex,143,28,14,34,9,1.0690993788819845,-20.0,20.0,True,False,undetermined,-3.73252478596512,2.529910406880149,5.207351002746325,0.25,True,True,no population gap,satterthwaite,-0.6428571428571423,1.7504985767952002,inf,-0.6013071895424851,1.2536376377574898,inf,0.0,8,0.00625,0.9875,not read,False
human_split_half | seed=143,bjw_score | education,1.5216450216450212,bjw_score,education,143,19,23,22,21,-2.1159203283736585,-20.0,20.0,True,False,undetermined,-2.040556149755945,5.083846193045988,2.3410198309918164,0.25,True,True,no population gap,satterthwaite,-3.219679633867276,1.630978327538129,inf,1.5216450216450212,1.4261894372444992,inf,0.0,8,0.00625,0.9875,not read,False
human_split_half | seed=143,bjw_score | age,-0.2847826086956537,bjw_score,age,143,19,23,20,23,5.5685014061871865,-20.0,20.0,True,False,undetermined,-3.8022806199056274,3.23271540251432,12.351519734019686,0.25,True,True,no population gap,satterthwaite,-1.5858123569794031,1.6998824014720146,inf,-0.2847826086956537,1.408291746516727,inf,0.0,8,0.00625,0.9875,not read,False
human_split_half | seed=143,gut_diff | political_identity,1.6153846153846154,gut_diff,political_identity,143,5,27,6,26,-0.1604938271604938,-20.0,20.0,True,False,undetermined,-0.7536642390474464,3.984433469816677,1.4665540527436574,0.25,True,True,no population gap,satterthwaite,-0.2592592592592593,1.113180843140937,inf,1.6153846153846154,0.9484900739557012,inf,0.0,8,0.00625,0.9875,not read,False
human_split_half | seed=143,gut_diff | sex,-0.5261437908496733,gut_diff,sex,143,28,14,34,9,0.1357586512866015,-20.0,20.0,True,False,undetermined,-2.25129522486201,1.1990076431626635,3.2788592472532607,0.25,True,True,no population gap,satterthwaite,-0.0714285714285714,0.7683338083854536,inf,-0.5261437908496733,0.6906944988365034,inf,0.0,8,0.00625,0.9875,not read,False
human_split_half | seed=143,gut_diff | education,-0.2857142857142858,gut_diff,education,143,19,23,22,21,0.4885583524027458,-20.0,20.0,True,False,undetermined,-1.4883018758037163,0.9168733043751448,4.209056565313006,0.25,True,True,no population gap,satterthwaite,-0.1395881006864988,0.6479904867962981,inf,-0.2857142857142858,0.4814769396284069,inf,0.0,8,0.00625,0.9875,not read,False
human_split_half | seed=143,gut_diff | age,-0.3543478260869566,gut_diff,age,143,19,23,20,23,0.6651598320955759,-20.0,20.0,True,False,undetermined,-1.5964465949232385,0.8877509427493253,3.5053094089858257,0.25,True,True,no population gap,satterthwaite,-0.2356979405034324,0.6617814742803602,inf,-0.3543478260869566,0.4972959299297539,inf,0.0,8,0.00625,0.9875,not read,False
human_split_half | seed=144,bjw_score | political_identity,0.4351851851851869,bjw_score,political_identity,144,7,26,4,27,9.898527004909942,-20.0,20.0,True,True,undetermined,-7.537104121318617,8.40747449168899,18.319303087285263,0.25,True,True,no population gap,satterthwaite,4.307692307692307,1.392843362810442,inf,0.4351851851851869,3.191845225046998,inf,0.0,8,0.00625,0.9875,not read,False
human_split_half | seed=144,bjw_score | sex,-1.9052287581699328,bjw_score,sex,144,28,14,34,9,-0.393653516295026,-20.0,20.0,True,False,undetermined,-5.606608986558248,1.796151470218382,1.942748456066596,0.25,True,True,no population gap,satterthwaite,0.75,1.6816502683821588,inf,-1.9052287581699328,1.4819122028633038,inf,0.0,8,0.00625,0.9875,not read,False
human_split_half | seed=144,bjw_score | education,-1.4869565217391276,bjw_score,education,144,18,24,23,20,-0.140107212475633,-20.0,20.0,True,False,undetermined,-5.11769368827188,2.143780644793624,2.441723825446007,0.25,True,True,no population gap,satterthwaite,0.2083333333333321,1.58596642721358,inf,-1.4869565217391276,1.4536290195771138,inf,0.0,8,0.00625,0.9875,not read,False
human_split_half | seed=144,bjw_score | age,-1.0369565217391283,bjw_score,age,144,19,23,20,23,0.7480966567361803,-20.0,20.0,True,False,undetermined,-4.493425393680337,2.4195123502020808,3.3332823502997053,0.25,True,True,no population gap,satterthwaite,-0.7757437070938202,1.648033699247166,inf,-1.0369565217391283,1.3838576650033003,inf,0.0,8,0.00625,0.9875,not read,False
human_split_half | seed=144,gut_diff | political_identity,2.4074074074074074,gut_diff,political_identity,144,7,26,4,27,-0.1803043110735418,-20.0,20.0,True,False,undetermined,-0.6886124361939503,5.503427251008765,1.286039011957487,0.25,True,True,no population gap,satterthwaite,-0.4340659340659341,0.8475504020919739,inf,2.4074074074074074,1.2395456028405778,inf,0.0,8,0.00625,0.9875,not read,False
human_split_half | seed=144,gut_diff | sex,0.2973856209150326,gut_diff,sex,144,28,14,34,9,-1.6813186813186816,-20.0,20.0,True,False,undetermined,-1.5301977834427518,2.1249690252728173,6.145500238829475,0.25,True,True,no population gap,satterthwaite,-0.5,0.7289573303189895,inf,0.2973856209150326,0.7317049266909653,inf,0.0,8,0.00625,0.9875,not read,False
human_split_half | seed=144,gut_diff | education,-0.4847826086956522,gut_diff,education,144,18,24,23,20,-0.4297458893871447,-20.0,20.0,True,False,undetermined,-1.7682782548588074,0.7987130374675028,2.647569494327584,0.25,True,True,no population gap,satterthwaite,0.2083333333333332,0.646731601086344,inf,-0.4847826086956522,0.5138698925830965,inf,0.0,8,0.00625,0.9875,not read,False
human_split_half | seed=144,gut_diff | age,0.017391304347826,gut_diff,age,144,19,23,20,23,-34.4736842105263,-20.0,20.0,True,False,undetermined,-1.2209343803349544,1.2557169890306064,71.20372686925982,0.25,True,True,no population gap,satterthwaite,-0.5995423340961099,0.6468479054286617,inf,0.017391304347826,0.4957853098084759,inf,0.0,8,0.00625,0.9875,not read,False
human_split_half | seed=145,bjw_score | political_identity,1.9642857142857155,bjw_score,political_identity,145,4,25,7,28,2.372363636363635,-20.0,20.0,True,True,undetermined,-3.772072892498424,7.700644321069855,2.920328017999197,0.25,True,True,no population gap,satterthwaite,4.66,1.3638917828957755,inf,1.9642857142857155,2.2966513286571573,inf,0.0,8,0.00625,0.9875,not read,False
human_split_half | seed=145,bjw_score | sex,-0.1704545454545467,bjw_score,sex,145,30,12,32,11,6.453333333333293,-20.0,20.0,True,False,undetermined,-4.221870191362506,3.880961100453413,23.76830512265985,0.25,True,True,no population gap,satterthwaite,-1.1000000000000014,1.7175672087020228,inf,-0.1704545454545467,1.6220549941059583,inf,0.0,8,0.00625,0.9875,not read,False
human_split_half | seed=145,bjw_score | education,-0.8530701754385959,bjw_score,education,145,17,25,24,19,0.9819204597005886,-20.0,20.0,True,False,undetermined,-4.572206865095721,2.866066514218529,4.359707790446402,0.25,True,True,no population gap,satterthwaite,-0.8376470588235279,1.4958898662773266,inf,-0.8530701754385959,1.48902131217126,inf,0.0,8,0.00625,0.9875,not read,False
human_split_half | seed=145,bjw_score | age,-1.9740259740259736,bjw_score,age,145,17,25,22,21,-0.0762848297213612,-20.0,20.0,True,False,undetermined,-5.7166592233607325,1.768607275308785,1.895939211834056,0.25,True,True,no population gap,satterthwaite,0.1505882352941157,1.6390284512999178,inf,-1.9740259740259736,1.4984285701029183,inf,0.0,8,0.00625,0.9875,not read,False
human_split_half | seed=145,gut_diff | political_identity,0.3571428571428572,gut_diff,political_identity,145,4,25,7,28,3.724,-20.0,20.0,True,False,undetermined,-1.7937789298569538,2.508064644142668,6.02258100359947,0.25,True,True,no population gap,satterthwaite,1.33,1.387063661349116,inf,0.3571428571428572,0.8611590938733363,inf,0.0,8,0.00625,0.9875,not read,False
human_split_half | seed=145,gut_diff | sex,-1.0284090909090908,gut_diff,sex,145,30,12,32,11,-0.4537753222836096,-20.0,20.0,True,False,undetermined,-2.900528905720229,0.8437107239020476,1.8204037978274048,0.25,True,True,no population gap,satterthwaite,0.4666666666666667,0.6649357861363107,inf,-1.0284090909090908,0.7495358562497185,inf,0.0,8,0.00625,0.9875,not read,False
human_split_half | seed=145,gut_diff | education,-0.3596491228070175,gut_diff,education,145,17,25,24,19,0.595351506456241,-20.0,20.0,True,False,undetermined,-1.7545172562434057,1.0352190106293706,3.878413834432884,0.25,True,True,no population gap,satterthwaite,-0.2141176470588235,0.5655586856527277,inf,-0.3596491228070175,0.5584598124966491,inf,0.0,8,0.00625,0.9875,not read,False
human_split_half | seed=145,gut_diff | age,-0.3874458874458872,gut_diff,age,145,17,25,22,21,0.8077029247453174,-20.0,20.0,True,False,undetermined,-1.8100015857470304,1.035109810855256,3.671624204553791,0.25,True,True,no population gap,satterthwaite,-0.3129411764705881,0.5674465441973238,inf,-0.3874458874458872,0.5695450125325601,inf,0.0,8,0.00625,0.9875,not read,False
human_split_half | seed=146,bjw_score | political_identity,2.342592592592592,bjw_score,political_identity,146,7,26,4,27,1.2923598140989443,-20.0,20.0,True,False,undetermined,-3.531927291527074,8.217112476712257,2.507700187687447,0.25,True,True,no population gap,satterthwaite,3.0274725274725256,2.090940584668024,inf,2.342592592592592,2.351966608421282,inf,0.0,8,0.00625,0.9875,not read,False
human_split_half | seed=146,bjw_score | sex,0.1820512820512831,bjw_score,sex,146,32,10,30,13,-10.745598591549234,-20.0,20.0,True,False,undetermined,-2.990379453368463,3.354482017471029,17.426027983291455,0.25,True,True,no population gap,satterthwaite,-1.9562500000000007,1.84492834162002,inf,0.1820512820512831,1.2701380375623257,inf,0.0,8,0.00625,0.9875,not read,False
human_split_half | seed=146,bjw_score | education,-0.2099567099567103,bjw_score,education,146,19,23,22,21,5.896388213923413,-20.0,20.0,True,False,undetermined,-3.2841773508281205,2.8642639309147,14.642164289511223,0.25,True,True,no population gap,satterthwaite,-1.2379862700228834,1.7537630126777428,inf,-0.2099567099567103,1.2308179113998454,inf,0.0,8,0.00625,0.9875,not read,False
human_split_half | seed=146,bjw_score | age,1.1861471861471848,bjw_score,age,146,17,25,22,21,-2.3546328896522137,-20.0,20.0,True,False,undetermined,-1.859449691422776,4.231744063717146,2.5676382434987657,0.25,True,True,no population gap,satterthwaite,-2.7929411764705883,1.8318287767173087,inf,1.1861471861471848,1.2193578879731903,inf,0.0,8,0.00625,0.9875,not read,False
human_split_half | seed=146,gut_diff | political_identity,1.3611111111111112,gut_diff,political_identity,146,7,26,4,27,0.2220228750840996,-20.0,20.0,True,False,undetermined,-2.0322374713096494,4.754459693531872,2.493072427900967,0.25,True,True,no population gap,satterthwaite,0.3021978021978022,0.9294676751185992,inf,1.3611111111111112,1.3585863549738124,inf,0.0,8,0.00625,0.9875,not read,False
human_split_half | seed=146,gut_diff | sex,-0.2666666666666667,gut_diff,sex,146,32,10,30,13,1.1953125,-20.0,20.0,True,False,undetermined,-2.018207443220963,1.4848741098876297,6.56827791207861,0.25,True,True,no population gap,satterthwaite,-0.3187500000000001,0.7372461583356578,inf,-0.2666666666666667,0.7012599328977043,inf,0.0,8,0.00625,0.9875,not read,False
human_split_half | seed=146,gut_diff | education,0.7532467532467533,gut_diff,education,146,19,23,22,21,-1.5037875798942637,-20.0,20.0,True,False,undetermined,-0.5543769576212916,2.060870464114798,1.735983202359301,0.25,True,True,no population gap,satterthwaite,-1.1327231121281467,0.5626711853731765,inf,0.7532467532467533,0.5235299845788925,inf,0.0,8,0.00625,0.9875,not read,False
human_split_half | seed=146,gut_diff | age,1.0324675324675323,gut_diff,age,146,17,25,22,21,-1.538290788013319,-20.0,20.0,True,True,reversed,-0.2448624227542517,2.309797487689316,1.2371623465670112,0.25,True,True,no population gap,satterthwaite,-1.5882352941176472,0.4773268877452808,inf,1.0324675324675323,0.5114013505578747,inf,0.0,8,0.00625,0.9875,not read,False
human_split_half | seed=147,bjw_score | political_identity,5.399999999999999,bjw_score,political_identity,147,7,23,4,30,0.2219921785139177,-1.1385492452458683,2.023390384006433,False,False,undetermined,1.5883776063786992,9.211622393621298,0.7058559988187594,0.25,False,True,reference too imprecise,satterthwaite,1.1987577639751557,2.373477442232168,inf,5.399999999999999,1.5260495786119088,inf,0.0,8,0.00625,0.9875,not read,False
human_split_half | seed=147,bjw_score | sex,-0.94334975369458,bjw_score,sex,147,33,9,29,14,0.7709470685972032,-20.0,20.0,True,False,undetermined,-4.471409577686934,2.584710070297774,3.7399276463208815,0.25,True,True,no population gap,satterthwaite,-0.7272727272727302,1.972796214314892,inf,-0.94334975369458,1.4125203526800507,inf,0.0,8,0.00625,0.9875,not read,False
human_split_half | seed=147,bjw_score | education,-0.122171945701357,bjw_score,education,147,24,18,17,26,16.93878600823053,-20.0,20.0,True,False,undetermined,-3.734509012740433,3.490165121337719,29.567647845023654,0.25,True,True,no population gap,satterthwaite,-2.0694444444444464,1.7748194641212451,inf,-0.122171945701357,1.4462622184675047,inf,0.0,8,0.00625,0.9875,not read,False
human_split_half | seed=147,bjw_score | age,0.1060606060606055,bjw_score,age,147,17,25,22,21,-16.416806722689167,-20.0,20.0,True,False,undetermined,-3.3597665843918025,3.5718877965130136,32.677799224265726,0.25,True,True,no population gap,satterthwaite,-1.7411764705882362,1.7765098193850597,inf,0.1060606060606055,1.387604431221389,inf,0.0,8,0.00625,0.9875,not read,False
human_split_half | seed=147,gut_diff | political_identity,0.8333333333333333,gut_diff,political_identity,147,7,23,4,30,0.9093167701863354,-20.0,20.0,True,False,undetermined,-2.2083047648430494,3.874971431509716,3.6499657178116593,0.25,True,True,no population gap,satterthwaite,0.7577639751552794,1.0155877557068056,inf,0.8333333333333333,1.2177729215201918,inf,0.0,8,0.00625,0.9875,not read,False
human_split_half | seed=147,gut_diff | sex,-0.5024630541871922,gut_diff,sex,147,33,9,29,14,-0.3819568231332937,-20.0,20.0,True,False,undetermined,-2.12056681038104,1.1156407020066554,3.220343750072069,0.25,True,True,no population gap,satterthwaite,0.1919191919191919,0.8154816680838749,inf,-0.5024630541871922,0.647836091902052,inf,0.0,8,0.00625,0.9875,not read,False
human_split_half | seed=147,gut_diff | education,-0.1900452488687782,gut_diff,education,147,24,18,17,26,0.6577380952380952,-20.0,20.0,True,False,undetermined,-1.6940719003127007,1.3139814025751442,7.9140449992644495,0.25,True,True,no population gap,satterthwaite,-0.125,0.7047661109567082,inf,-0.1900452488687782,0.6021633311573826,inf,0.0,8,0.00625,0.9875,not read,False
human_split_half | seed=147,gut_diff | age,-0.1969696969696968,gut_diff,age,147,17,25,22,21,2.401085972850681,-20.0,20.0,True,False,undetermined,-1.483902484535036,1.0899630905956423,6.53365876763942,0.25,True,True,no population gap,satterthwaite,-0.4729411764705883,0.5777564672694725,inf,-0.1969696969696968,0.5152460121581127,inf,0.0,8,0.00625,0.9875,not read,False
human_split_half | seed=148,bjw_score | political_identity,1.8461538461538467,bjw_score,political_identity,148,6,27,5,26,2.09645061728395,-20.0,20.0,True,True,undetermined,-4.791114823807918,8.483422516115612,3.595187196229288,0.25,True,True,no population gap,satterthwaite,3.87037037037037,1.5025261387171716,inf,1.8461538461538467,2.65734640290696,inf,0.0,8,0.00625,0.9875,not read,False
human_split_half | seed=148,bjw_score | sex,-0.4642857142857153,bjw_score,sex,148,27,15,35,8,0.0478632478632475,-20.0,20.0,True,False,undetermined,-3.729144901351093,2.8005734727796625,7.0320044029100295,0.25,True,True,no population gap,satterthwaite,-0.0222222222222221,1.7558252840240758,inf,-0.4642857142857153,1.3071433820375846,inf,0.0,8,0.00625,0.9875,not read,False
human_split_half | seed=148,bjw_score | education,0.2391304347826093,bjw_score,education,148,21,21,20,23,-8.56277056277054,-20.0,20.0,True,False,undetermined,-3.112701253917566,3.5909621234827847,14.016750698200696,0.25,True,True,no population gap,satterthwaite,-2.0476190476190474,1.6657202170083707,inf,0.2391304347826093,1.3419643416616855,inf,0.0,8,0.00625,0.9875,not read,False
human_split_half | seed=148,bjw_score | age,-0.3837719298245616,bjw_score,age,148,20,22,19,24,4.240207792207784,-20.0,20.0,True,False,undetermined,-3.646478205281881,2.878934345632757,8.50168035204878,0.25,True,True,no population gap,satterthwaite,-1.6272727272727252,1.6908736716572637,inf,-0.3837719298245616,1.3062814262841067,inf,0.0,8,0.00625,0.9875,not read,False
human_split_half | seed=148,gut_diff | political_identity,0.9923076923076924,gut_diff,political_identity,148,6,27,5,26,0.5038759689922481,-20.0,20.0,True,False,undetermined,-1.8862718914063552,3.87088727602174,2.900894154130436,0.25,True,True,no population gap,satterthwaite,0.5,1.0294713108713789,inf,0.9923076923076924,1.1524895981509218,inf,0.0,8,0.00625,0.9875,not read,False
human_split_half | seed=148,gut_diff | sex,0.2321428571428571,gut_diff,sex,148,27,15,35,8,-1.6273504273504276,-20.0,20.0,True,False,undetermined,-1.7924242440053169,2.256709958291032,8.721212128022906,0.25,True,True,no population gap,satterthwaite,-0.3777777777777777,0.6985359503618465,inf,0.2321428571428571,0.8105707891603043,inf,0.0,8,0.00625,0.9875,not read,False
human_split_half | seed=148,gut_diff | education,0.4413043478260869,gut_diff,education,148,21,21,20,23,-2.050199390100868,-20.0,20.0,True,False,undetermined,-0.8080268414581953,1.6906355371103692,2.830996783599851,0.25,True,True,no population gap,satterthwaite,-0.9047619047619048,0.6355558061944271,inf,0.4413043478260869,0.5001915557387232,inf,0.0,8,0.00625,0.9875,not read,False
human_split_half | seed=148,gut_diff | age,0.6162280701754387,gut_diff,age,148,20,22,19,24,-2.0358460045292786,-20.0,20.0,True,False,undetermined,-0.5974556614234404,1.8299118017743177,1.969536589356188,0.25,True,True,no population gap,satterthwaite,-1.2545454545454546,0.6126254118859121,inf,0.6162280701754387,0.4859194736273281,inf,0.0,8,0.00625,0.9875,not read,False
human_split_half | seed=149,bjw_score | political_identity,2.219999999999999,bjw_score,political_identity,149,7,28,4,25,1.5765765765765771,-20.0,20.0,True,False,undetermined,-4.588524138706427,9.028524138706423,3.0669027651830763,0.25,True,True,no population gap,satterthwaite,3.5,1.9037489829005667,inf,2.219999999999999,2.725911520047139,inf,0.0,8,0.00625,0.9875,not read,False
human_split_half | seed=149,bjw_score | sex,-1.378787878787879,bjw_score,sex,149,29,13,33,10,0.0288570845600011,-20.0,20.0,True,False,undetermined,-6.366374100723063,3.6087983431473054,3.617370226898045,0.25,True,True,no population gap,satterthwaite,-0.0397877984084864,1.5126927056022064,inf,-1.378787878787879,1.9968672303458408,inf,0.0,8,0.00625,0.9875,not read,False
human_split_half | seed=149,bjw_score | education,0.9057017543859622,bjw_score,education,149,22,20,19,24,-2.830552498349116,-20.0,20.0,True,False,undetermined,-2.730228445707997,4.5416319544799215,4.014489518747822,0.25,True,True,no population gap,satterthwaite,-2.5636363636363626,1.6498448392900182,inf,0.9057017543859622,1.4557081412369772,inf,0.0,8,0.00625,0.9875,not read,False
human_split_half | seed=149,bjw_score | age,-0.2443438914027176,bjw_score,age,149,22,20,17,26,6.585353535353464,-20.0,20.0,True,False,undetermined,-4.180544780286116,3.69185699748068,16.109266600800396,0.25,True,True,no population gap,satterthwaite,-1.6090909090909091,1.655438410496579,inf,-0.2443438914027176,1.5759267544090136,inf,0.0,8,0.00625,0.9875,not read,False
human_split_half | seed=149,gut_diff | political_identity,2.8,gut_diff,political_identity,149,7,28,4,25,-0.1403061224489796,-1.1503026394886315,0.6173422785967982,False,False,reversed to attenuated,0.8733154714596101,4.72668452854039,0.6881016173358535,0.25,False,True,reversed to attenuated,satterthwaite,-0.3928571428571429,0.7032890419847019,inf,2.8,0.7713817921254632,inf,0.0,8,0.00625,0.9875,not kept,False
human_split_half | seed=149,gut_diff | sex,-0.9303030303030302,gut_diff,sex,149,29,13,33,10,-0.3221904457443039,-20.0,20.0,True,False,undetermined,-3.2924482711984666,1.4318422105924062,2.539113776858287,0.25,True,True,no population gap,satterthwaite,0.2997347480106099,0.5340275438641565,inf,-0.9303030303030302,0.9457260917348764,inf,0.0,8,0.00625,0.9875,not read,False
human_split_half | seed=149,gut_diff | education,0.986842105263158,gut_diff,education,149,22,20,19,24,-1.400242424242424,-20.0,20.0,True,True,reversed or missing,-0.4887445970398509,2.462428807566167,1.4952611916670489,0.25,True,True,no population gap,satterthwaite,-1.3818181818181818,0.5350247443548521,inf,0.986842105263158,0.5907769009394088,inf,0.0,8,0.00625,0.9875,not read,False
human_split_half | seed=149,gut_diff | age,0.1787330316742081,gut_diff,age,149,22,20,17,26,-3.992750287686997,-20.0,20.0,True,False,undetermined,-1.395921595726447,1.7533876590748634,8.810092978621386,0.25,True,True,no population gap,satterthwaite,-0.7136363636363637,0.5693302348993583,inf,0.1787330316742081,0.6304404745405665,inf,0.0,8,0.00625,0.9875,not read,False
human_split_half | seed=150,bjw_score | political_identity,2.3999999999999986,bjw_score,political_identity,150,4,28,7,25,1.5922619047619064,-20.0,20.0,True,False,undetermined,-1.8503100624572435,6.65031006245724,1.7709625260238515,0.25,True,True,no population gap,satterthwaite,3.821428571428573,3.1335904155505427,inf,2.3999999999999986,1.7016858465931397,inf,0.0,8,0.00625,0.9875,not read,False
human_split_half | seed=150,bjw_score | sex,-2.571428571428573,bjw_score,sex,150,33,9,29,14,-0.8563411896745233,-20.0,20.0,True,False,undetermined,-6.360508723642406,1.21765158078526,1.4735311703053786,0.25,True,True,no population gap,satterthwaite,2.202020202020204,1.4662604812578584,inf,-2.571428571428573,1.5170243986627088,inf,0.0,8,0.00625,0.9875,not read,False
human_split_half | seed=150,bjw_score | education,-0.2402597402597379,bjw_score,education,150,20,22,21,22,5.97837837837844,-20.0,20.0,True,False,undetermined,-4.0395300757128805,3.559010595193405,15.813179234048366,0.25,True,True,no population gap,satterthwaite,-1.4363636363636374,1.5314723313650809,inf,-0.2402597402597379,1.5211042164495785,inf,0.0,8,0.00625,0.9875,not read,False
human_split_half | seed=150,bjw_score | age,-0.4434782608695649,bjw_score,age,150,19,23,20,23,3.271413828689373,-20.0,20.0,True,False,undetermined,-4.179298967160953,3.2923424454218235,8.423909435755098,0.25,True,True,no population gap,satterthwaite,-1.4508009153318078,1.5023452783241564,inf,-0.4434782608695649,1.495701049544217,inf,0.0,8,0.00625,0.9875,not read,False
human_split_half | seed=150,gut_diff | political_identity,0.8400000000000001,gut_diff,political_identity,150,4,28,7,25,0.5952380952380952,-20.0,20.0,True,False,undetermined,-1.6288809418020158,3.308880941802016,2.939143978335733,0.25,True,True,no population gap,satterthwaite,0.5,1.021105827643582,inf,0.8400000000000001,0.9884595932653316,inf,0.0,8,0.00625,0.9875,not read,False
human_split_half | seed=150,gut_diff | sex,0.0,gut_diff,sex,150,33,9,29,14,-636363636363.6365,-20.0,20.0,True,False,undetermined,-1.450499301325154,1.4504993013271543,1450499301326.1543,0.25,True,True,no population gap,satterthwaite,-0.6363636363636365,0.9567176710915352,inf,1e-12,0.5807327219165167,inf,0.0,8,0.00625,0.9875,not read,False
human_split_half | seed=150,gut_diff | education,0.3722943722943722,gut_diff,education,150,20,22,21,22,-2.136627906976744,-20.0,20.0,True,False,undetermined,-0.923413739579719,1.6680024841684635,3.480332253987385,0.25,True,True,no population gap,satterthwaite,-0.7954545454545454,0.6232133327987829,inf,0.3722943722943722,0.5187593664678063,inf,0.0,8,0.00625,0.9875,not read,False
human_split_half | seed=150,gut_diff | age,-0.0934782608695652,gut_diff,age,150,19,23,20,23,5.312117503059974,-20.0,20.0,True,False,undetermined,-1.3963806585489305,1.2094241368098,13.938025649593207,0.25,True,True,no population gap,satterthwaite,-0.4965675057208237,0.6342533628342669,inf,-0.0934782608695652,0.5216397244067053,inf,0.0,8,0.00625,0.9875,not read,False
human_split_half | seed=151,bjw_score | political_identity,1.5799999999999983,bjw_score,political_identity,151,5,28,6,25,3.0786618444846323,-20.0,20.0,True,True,undetermined,-4.3965673956159295,7.556567395615926,3.782637592161984,0.25,True,True,no population gap,satterthwaite,4.864285714285714,1.501739054015432,inf,1.5799999999999983,2.392823111462578,inf,0.0,8,0.00625,0.9875,not read,False
human_split_half | seed=151,bjw_score | sex,-0.655913978494624,bjw_score,sex,151,31,11,31,12,1.0372578241430686,-20.0,20.0,True,False,undetermined,-4.777658978601956,3.465831021612708,6.283971885409535,0.25,True,True,no population gap,satterthwaite,-0.6803519061583572,1.637721554649209,inf,-0.655913978494624,1.650212579054459,inf,0.0,8,0.00625,0.9875,not read,False
human_split_half | seed=151,bjw_score | education,0.4869565217391276,bjw_score,education,151,18,24,23,20,-4.021577380952409,-20.0,20.0,True,False,undetermined,-3.08526589848387,4.059178941962125,7.33581389867227,0.25,True,True,no population gap,satterthwaite,-1.958333333333336,1.5873404369841917,inf,0.4869565217391276,1.4302016191877105,inf,0.0,8,0.00625,0.9875,not read,False
human_split_half | seed=151,bjw_score | age,0.8441558441558463,bjw_score,age,151,17,25,22,21,-3.066063348416284,-20.0,20.0,True,False,undetermined,-2.6865646459483097,4.374876334260002,4.182545811354143,0.25,True,True,no population gap,satterthwaite,-2.5882352941176485,1.626178996365855,inf,0.8441558441558463,1.4135855968148152,inf,0.0,8,0.00625,0.9875,not read,False
human_split_half | seed=151,gut_diff | political_identity,0.92,gut_diff,political_identity,151,5,28,6,25,0.5745341614906834,-20.0,20.0,True,False,undetermined,-1.7375283200447331,3.577528320044733,2.888617739179058,0.25,True,True,no population gap,satterthwaite,0.5285714285714287,1.06115924143814,inf,0.92,1.063987865046742,inf,0.0,8,0.00625,0.9875,not read,False
human_split_half | seed=151,gut_diff | sex,-1.521505376344086,gut_diff,sex,151,31,11,31,12,-0.7324124638612272,-20.0,20.0,True,True,reversed or missing,-3.37490809261349,0.3318973399253178,1.218137474297205,0.25,True,True,no population gap,satterthwaite,1.1143695014662758,0.5446794103796545,inf,-1.521505376344086,0.742042139036216,inf,0.0,8,0.00625,0.9875,not read,False
human_split_half | seed=151,gut_diff | education,-0.4304347826086957,gut_diff,education,151,18,24,23,20,-0.0645342312008981,-20.0,20.0,True,False,undetermined,-1.904344205886508,1.0434746406691169,3.4242340136757248,0.25,True,True,no population gap,satterthwaite,0.0277777777777779,0.5707213048475324,inf,-0.4304347826086957,0.5901053729953241,inf,0.0,8,0.00625,0.9875,not read,False
human_split_half | seed=151,gut_diff | age,0.0432900432900431,gut_diff,age,151,17,25,22,21,-15.110117647058871,-20.0,20.0,True,False,undetermined,-1.4470439395258503,1.5336240261059368,34.42671500304725,0.25,True,True,no population gap,satterthwaite,-0.6541176470588236,0.5196809517451182,inf,0.0432900432900431,0.5966812321895404,inf,0.0,8,0.00625,0.9875,not read,False
human_split_half | seed=152,bjw_score | political_identity,6.555555555555557,bjw_score,political_identity,152,5,26,6,27,-0.1560625814863105,-1.2749547795786158,0.8646413526160155,False,False,undetermined,3.348685011558094,9.76242609955302,0.4891836423046976,0.25,False,True,reference too imprecise,satterthwaite,-1.0230769230769248,2.438131517481021,inf,6.555555555555557,1.283926616267145,inf,0.0,8,0.00625,0.9875,not read,False
human_split_half | seed=152,bjw_score | sex,-0.4901960784313743,bjw_score,sex,152,28,14,34,9,1.4571428571428535,-20.0,20.0,True,False,undetermined,-5.962915243267295,4.982523086404546,11.164347096265235,0.25,True,True,no population gap,satterthwaite,-0.7142857142857153,1.3847723551729332,inf,-0.4901960784313743,2.191098674762625,inf,0.0,8,0.00625,0.9875,not read,False
human_split_half | seed=152,bjw_score | education,-1.9239130434782616,bjw_score,education,152,21,21,20,23,-0.1485068603712684,-20.0,20.0,True,False,undetermined,-5.755770562879475,1.907944475922951,1.99169995358707,0.25,True,True,no population gap,satterthwaite,0.2857142857142882,1.5598498547767492,inf,-1.9239130434782616,1.5341510645359269,inf,0.0,8,0.00625,0.9875,not read,False
human_split_half | seed=152,bjw_score | age,-1.0108225108225106,bjw_score,age,152,18,24,21,22,0.8106709493219115,-20.0,20.0,True,False,undetermined,-4.875179965576289,2.853534943931268,3.8229831779362873,0.25,True,True,no population gap,satterthwaite,-0.8194444444444429,1.532790286036516,inf,-1.0108225108225106,1.54716298112365,inf,0.0,8,0.00625,0.9875,not read,False
human_split_half | seed=152,gut_diff | political_identity,1.0555555555555554,gut_diff,political_identity,152,5,26,6,27,0.3425101214574897,-20.0,20.0,True,False,undetermined,-1.5058645626779072,3.616975673789018,2.426608533063281,0.25,True,True,no population gap,satterthwaite,0.3615384615384613,1.0604313271362475,inf,1.0555555555555554,1.025509268341916,inf,0.0,8,0.00625,0.9875,not read,False
human_split_half | seed=152,gut_diff | sex,-0.6143790849673203,gut_diff,sex,152,28,14,34,9,-0.058130699088146,-20.0,20.0,True,False,undetermined,-2.881878680699128,1.6531205107644875,3.690717427095389,0.25,True,True,no population gap,satterthwaite,0.0357142857142858,0.6600126226757752,inf,-0.6143790849673203,0.9078330551210934,inf,0.0,8,0.00625,0.9875,not read,False
human_split_half | seed=152,gut_diff | education,0.1499999999999999,gut_diff,education,152,21,21,20,23,-3.809523809523812,-20.0,20.0,True,False,undetermined,-1.1771539224175631,1.4771539224175632,8.847692816117094,0.25,True,True,no population gap,satterthwaite,-0.5714285714285714,0.6336586626467624,inf,0.1499999999999999,0.5313492457825261,inf,0.0,8,0.00625,0.9875,not read,False
human_split_half | seed=152,gut_diff | age,-0.0432900432900431,gut_diff,age,152,18,24,21,22,12.833333333333371,-20.0,20.0,True,False,undetermined,-1.3724180596633742,1.2858379730832878,30.70285717822404,0.25,True,True,no population gap,satterthwaite,-0.5555555555555555,0.6110516791045797,inf,-0.0432900432900431,0.5321396087666405,inf,0.0,8,0.00625,0.9875,not read,False
human_split_half | seed=153,bjw_score | political_identity,2.5128205128205146,bjw_score,political_identity,153,5,27,6,26,1.36485260770975,-20.0,20.0,True,False,undetermined,-2.6294801703615978,7.655121196002627,2.046425782082676,0.25,True,True,no population gap,satterthwaite,3.4296296296296305,2.3735753073893457,inf,2.5128205128205146,2.058809866317903,inf,0.0,8,0.00625,0.9875,not read,False
human_split_half | seed=153,bjw_score | sex,-1.7980295566502456,bjw_score,sex,153,33,9,29,14,-0.6853742908537429,-20.0,20.0,True,False,undetermined,-4.802984475122093,1.206925361821602,1.6712488998624255,0.25,True,True,no population gap,satterthwaite,1.2323232323232318,2.2183055521313064,inf,-1.7980295566502456,1.2030861700140791,inf,0.0,8,0.00625,0.9875,not read,False
human_split_half | seed=153,bjw_score | education,-0.9122807017543836,bjw_score,education,153,22,20,19,24,0.6128496503496516,-20.0,20.0,True,False,undetermined,-4.19151456259734,2.366953159088573,3.594544809000943,0.25,True,True,no population gap,satterthwaite,-0.5590909090909086,1.8553499063023249,inf,-0.9122807017543836,1.3128985336752883,inf,0.0,8,0.00625,0.9875,not read,False
human_split_half | seed=153,bjw_score | age,0.0307017543859622,bjw_score,age,153,20,22,19,24,-59.51688311688834,-20.0,20.0,True,False,undetermined,-3.243971294592861,3.3053748033647854,106.66077930960526,0.25,True,True,no population gap,satterthwaite,-1.827272727272728,1.7594888481454116,inf,0.0307017543859622,1.3110725330108373,inf,0.0,8,0.00625,0.9875,not read,False
human_split_half | seed=153,gut_diff | political_identity,1.3589743589743588,gut_diff,political_identity,153,5,27,6,26,0.0490566037735849,-20.0,20.0,True,False,undetermined,-1.1371160964670437,3.855064814415761,1.83674580683424,0.25,True,True,no population gap,satterthwaite,0.0666666666666666,1.0877021368786155,inf,1.3589743589743588,0.9993533971460908,inf,0.0,8,0.00625,0.9875,not read,False
human_split_half | seed=153,gut_diff | sex,-0.1453201970443349,gut_diff,sex,153,33,9,29,14,2.50231124807396,-20.0,20.0,True,False,undetermined,-1.61626918660868,1.32562879252001,10.122123555307189,0.25,True,True,no population gap,satterthwaite,-0.3636363636363635,0.923000840317602,inf,-0.1453201970443349,0.5889201116671019,inf,0.0,8,0.00625,0.9875,not read,False
human_split_half | seed=153,gut_diff | education,-0.2083333333333332,gut_diff,education,153,22,20,19,24,0.938181818181818,-20.0,20.0,True,False,undetermined,-1.3808019041669823,0.9641352375003158,5.627849140001517,0.25,True,True,no population gap,satterthwaite,-0.1954545454545453,0.6515251416806876,inf,-0.2083333333333332,0.4694182643723249,inf,0.0,8,0.00625,0.9875,not read,False
human_split_half | seed=153,gut_diff | age,-0.6798245614035089,gut_diff,age,153,20,22,19,24,-0.1470967741935485,-20.0,20.0,True,False,undetermined,-1.8259608628424453,0.4663117400354274,1.685929527277919,0.25,True,True,no population gap,satterthwaite,0.1,0.6550474977252889,inf,-0.6798245614035089,0.4588756805421573,inf,0.0,8,0.00625,0.9875,not read,False
human_split_half | seed=154,bjw_score | political_identity,1.9137931034482776,bjw_score,political_identity,154,7,24,4,29,1.6950879450879424,-20.0,20.0,True,True,undetermined,-7.455217235589108,11.282803442485664,4.895518915893405,0.25,True,True,no population gap,satterthwaite,3.244047619047617,1.2605738295284306,inf,1.9137931034482776,3.7510468780499937,inf,0.0,8,0.00625,0.9875,not read,False
human_split_half | seed=154,bjw_score | sex,-1.53494623655914,bjw_score,sex,154,31,11,31,12,-0.1738576659767545,-20.0,20.0,True,False,undetermined,-6.0732483230677055,3.003355849949425,2.9566521474276466,0.25,True,True,no population gap,satterthwaite,0.2668621700879754,1.3794320009144556,inf,-1.53494623655914,1.8169884819440585,inf,0.0,8,0.00625,0.9875,not read,False
human_split_half | seed=154,bjw_score | education,-2.881578947368421,bjw_score,education,154,22,20,19,24,-0.386467413864674,-20.0,20.0,True,False,undetermined,-6.80125471667467,1.0380968219378277,1.360252778389383,0.25,True,True,no population gap,satterthwaite,1.113636363636363,1.4809597186517347,inf,-2.881578947368421,1.5693106342473149,inf,0.0,8,0.00625,0.9875,not read,False
human_split_half | seed=154,bjw_score | age,-0.7127192982456165,bjw_score,age,154,20,22,19,24,1.6964475524475489,-20.0,20.0,True,False,undetermined,-4.951178279838651,3.5257396833474184,5.946883986481284,0.25,True,True,no population gap,satterthwaite,-1.2090909090909108,1.400662946672797,inf,-0.7127192982456165,1.6969410594418246,inf,0.0,8,0.00625,0.9875,not read,False
human_split_half | seed=154,gut_diff | political_identity,1.353448275862069,gut_diff,political_identity,154,7,24,4,29,0.2067030633909614,-20.0,20.0,True,False,undetermined,-2.0295527136328047,4.736449265356942,2.49954213236564,0.25,True,True,no population gap,satterthwaite,0.2797619047619046,0.935893148366186,inf,1.353448275862069,1.3544435154704495,inf,0.0,8,0.00625,0.9875,not read,False
human_split_half | seed=154,gut_diff | sex,-0.0833333333333332,gut_diff,sex,154,31,11,31,12,5.067448680351911,-20.0,20.0,True,False,undetermined,-2.011905215949175,1.8452385492825083,23.142862591390124,0.25,True,True,no population gap,satterthwaite,-0.4222873900293256,0.6597430893264149,inf,-0.0833333333333332,0.7721374272839603,inf,0.0,8,0.00625,0.9875,not read,False
human_split_half | seed=154,gut_diff | education,-0.1359649122807017,gut_diff,education,154,22,20,19,24,2.2064516129032263,-20.0,20.0,True,False,undetermined,-1.6258792274422595,1.353949402880856,10.95807947925275,0.25,True,True,no population gap,satterthwaite,-0.3,0.5851856208269058,inf,-0.1359649122807017,0.5965132109164656,inf,0.0,8,0.00625,0.9875,not read,False
human_split_half | seed=154,gut_diff | age,0.1469298245614035,gut_diff,age,154,20,22,19,24,-5.104477611940296,-20.0,20.0,True,False,undetermined,-1.3446201811408889,1.6384798302636965,10.15144481492903,0.25,True,True,no population gap,satterthwaite,-0.75,0.5581267634202955,inf,0.1469298245614035,0.597168088184635,inf,0.0,8,0.00625,0.9875,not read,False
human_split_half | seed=155,bjw_score | political_identity,3.140000000000001,bjw_score,political_identity,155,3,28,8,25,0.8037609948437978,-20.0,20.0,True,False,undetermined,-1.1354126572303205,7.415412657230322,1.3615963876529682,0.25,True,True,no population gap,satterthwaite,2.523809523809525,3.859480823802981,inf,3.140000000000001,1.7117361087176433,inf,0.0,8,0.00625,0.9875,not read,False
human_split_half | seed=155,bjw_score | sex,1.666666666666668,bjw_score,sex,155,31,11,31,12,-1.856304985337242,-20.0,20.0,True,False,undetermined,-2.044759649544914,5.3780929828782496,2.2268557897269474,0.25,True,True,no population gap,satterthwaite,-3.093841642228739,1.7164091483942536,inf,1.666666666666668,1.485934329534364,inf,0.0,8,0.00625,0.9875,not read,False
human_split_half | seed=155,bjw_score | education,-0.3466666666666675,bjw_score,education,155,23,19,18,25,3.610719943671876,-20.0,20.0,True,False,undetermined,-4.295544043525177,3.6022107101918417,11.39099243324567,0.25,True,True,no population gap,satterthwaite,-1.251716247139587,1.5732160588936248,inf,-0.3466666666666675,1.5810020077093068,inf,0.0,8,0.00625,0.9875,not read,False
human_split_half | seed=155,bjw_score | age,-1.5606060606060588,bjw_score,age,155,17,25,22,21,0.2186179326099366,-20.0,20.0,True,False,undetermined,-5.431350254279328,2.310138133067212,2.480282687208118,0.25,True,True,no population gap,satterthwaite,-0.3411764705882341,1.6731723386993618,inf,-1.5606060606060588,1.5497200235665491,inf,0.0,8,0.00625,0.9875,not read,False
human_split_half | seed=155,gut_diff | political_identity,0.6000000000000001,gut_diff,political_identity,155,3,28,8,25,0.9126984126984125,-20.0,20.0,True,False,undetermined,-1.7676366582150114,2.9676366582150115,3.9460610970250185,0.25,True,True,no population gap,satterthwaite,0.5476190476190476,1.2460366223793882,inf,0.6000000000000001,0.9479246765423704,inf,0.0,8,0.00625,0.9875,not read,False
human_split_half | seed=155,gut_diff | sex,-0.5618279569892475,gut_diff,sex,155,31,11,31,12,-0.2348847324923879,-20.0,20.0,True,False,undetermined,-2.5292110115922632,1.4055550976137683,3.501753570872353,0.25,True,True,no population gap,satterthwaite,0.1319648093841642,0.5993144480801897,inf,-0.5618279569892475,0.787676157656512,inf,0.0,8,0.00625,0.9875,not read,False
human_split_half | seed=155,gut_diff | education,0.0755555555555556,gut_diff,education,155,23,19,18,25,-3.543545564678959,-20.0,20.0,True,False,undetermined,-1.520003449936132,1.671114561047243,21.117692719742912,0.25,True,True,no population gap,satterthwaite,-0.2677345537757437,0.48522232575079,inf,0.0755555555555556,0.6388099073129078,inf,0.0,8,0.00625,0.9875,not read,False
human_split_half | seed=155,gut_diff | age,-0.4891774891774891,gut_diff,age,155,17,25,22,21,0.5916293597084852,-20.0,20.0,True,False,undetermined,-2.0688378966788408,1.0904829183238622,3.2292172932107275,0.25,True,True,no population gap,satterthwaite,-0.2894117647058823,0.4425024343875451,inf,-0.4891774891774891,0.6324446260079509,inf,0.0,8,0.00625,0.9875,not read,False
human_split_half | seed=156,bjw_score | political_identity,2.862068965517242,bjw_score,political_identity,156,5,24,6,29,1.1238955823293175,-20.0,20.0,True,False,undetermined,-3.422950926358637,9.147088857393122,2.195970805595186,0.25,True,True,no population gap,satterthwaite,3.216666666666669,1.466541535528195,inf,2.862068965517242,2.516317454114942,inf,0.0,8,0.00625,0.9875,not read,False
human_split_half | seed=156,bjw_score | sex,-2.701612903225808,bjw_score,sex,156,31,11,31,12,-0.5362279511533242,-20.0,20.0,True,False,undetermined,-6.907060472353919,1.5038346659023034,1.5566432793190612,0.25,True,True,no population gap,satterthwaite,1.4486803519061588,1.5788738539472025,inf,-2.701612903225808,1.683724364061457,inf,0.0,8,0.00625,0.9875,not read,False
human_split_half | seed=156,bjw_score | education,-0.1826086956521742,bjw_score,education,156,18,24,23,20,5.552248677248671,-20.0,20.0,True,False,undetermined,-4.149680008742099,3.78446261743775,21.724438143111456,0.25,True,True,no population gap,satterthwaite,-1.0138888888888893,1.4117002149022058,inf,-0.1826086956521742,1.5882862677571294,inf,0.0,8,0.00625,0.9875,not read,False
human_split_half | seed=156,bjw_score | age,-0.8066666666666684,bjw_score,age,156,21,21,18,25,1.7709563164108562,-20.0,20.0,True,False,undetermined,-4.88928780282717,3.2759544694938327,5.061100582017139,0.25,True,True,no population gap,satterthwaite,-1.428571428571427,1.4003906962892114,inf,-0.8066666666666684,1.6345486569960608,inf,0.0,8,0.00625,0.9875,not read,False
human_split_half | seed=156,gut_diff | political_identity,1.839080459770115,gut_diff,political_identity,156,5,24,6,29,-0.3126562499999999,-20.0,20.0,True,False,undetermined,-0.6593061314595148,4.337467050999745,1.3584977089811112,0.25,True,True,no population gap,satterthwaite,-0.575,0.9522309503405628,inf,1.839080459770115,1.0002726952008834,inf,0.0,8,0.00625,0.9875,not read,False
human_split_half | seed=156,gut_diff | sex,-0.3790322580645161,gut_diff,sex,156,31,11,31,12,0.2940038684719533,-20.0,20.0,True,False,undetermined,-2.0217631426506544,1.263698626521622,4.334013397631513,0.25,True,True,no population gap,satterthwaite,-0.1114369501466274,0.8226952758056199,inf,-0.3790322580645161,0.657695992759065,inf,0.0,8,0.00625,0.9875,not read,False
human_split_half | seed=156,gut_diff | education,0.5173913043478262,gut_diff,education,156,18,24,23,20,-1.7717086834733888,-20.0,20.0,True,False,undetermined,-0.7874593898198732,1.8222419985155256,2.521980333265301,0.25,True,True,no population gap,satterthwaite,-0.9166666666666666,0.6221116581632544,inf,0.5173913043478262,0.5224197589242926,inf,0.0,8,0.00625,0.9875,not read,False
human_split_half | seed=156,gut_diff | age,0.04,gut_diff,age,156,21,21,18,25,-16.66666666666665,-20.0,20.0,True,False,undetermined,-1.1909478309889605,1.2709478309889604,30.77369577472398,0.25,True,True,no population gap,satterthwaite,-0.6666666666666666,0.645716144826933,inf,0.04,0.4928314572601867,inf,0.0,8,0.00625,0.9875,not read,False
human_split_half | seed=157,bjw_score | political_identity,0.7592592592592595,bjw_score,political_identity,157,5,26,6,27,7.466791744840522,-20.0,20.0,True,True,undetermined,-5.274203401183108,6.792721919701627,7.946511796680189,0.25,True,True,no population gap,satterthwaite,5.669230769230769,1.4699119559769778,inf,0.7592592592592595,2.415602124162972,inf,0.0,8,0.00625,0.9875,not read,False
human_split_half | seed=157,bjw_score | sex,-1.1164772727272734,bjw_score,sex,157,30,12,32,11,0.1791348600508898,-20.0,20.0,True,False,undetermined,-5.521422942870888,3.2884683974163416,3.9453966307647614,0.25,True,True,no population gap,satterthwaite,-0.1999999999999993,1.5421108209518009,inf,-1.1164772727272734,1.7635969121654005,inf,0.0,8,0.00625,0.9875,not read,False
human_split_half | seed=157,bjw_score | education,-2.0111111111111093,bjw_score,education,157,16,26,25,18,-0.1649490012749686,-20.0,20.0,True,False,undetermined,-6.334903531546293,2.3126813093240743,2.1499520322605905,0.25,True,True,no population gap,satterthwaite,0.33173076923077,1.63035935633716,inf,-2.0111111111111093,1.7311057916578207,inf,0.0,8,0.00625,0.9875,not read,False
human_split_half | seed=157,bjw_score | age,-0.7630434782608724,bjw_score,age,157,16,26,23,20,1.549967126890197,-20.0,20.0,True,False,undetermined,-4.867674786562464,3.34158783004072,5.379288894070442,0.25,True,True,no population gap,satterthwaite,-1.1826923076923066,1.4802537272931209,inf,-0.7630434782608724,1.6433608137242026,inf,0.0,8,0.00625,0.9875,not read,False
human_split_half | seed=157,gut_diff | political_identity,1.6296296296296298,gut_diff,political_identity,157,5,26,6,27,-0.1604895104895104,-20.0,20.0,True,False,undetermined,-1.1962990309066257,4.455558290165885,1.7340925871472477,0.25,True,True,no population gap,satterthwaite,-0.2615384615384615,0.8868484745181056,inf,1.6296296296296298,1.131409881738441,inf,0.0,8,0.00625,0.9875,not read,False
human_split_half | seed=157,gut_diff | sex,0.1818181818181817,gut_diff,sex,157,30,12,32,11,-3.4833333333333343,-20.0,20.0,True,False,undetermined,-1.4907267471967156,1.85436311083308,9.19899710958194,0.25,True,True,no population gap,satterthwaite,-0.6333333333333333,0.7673803631008622,inf,0.1818181818181817,0.6696325660180963,inf,0.0,8,0.00625,0.9875,not read,False
human_split_half | seed=157,gut_diff | education,-0.5577777777777777,gut_diff,education,157,16,26,25,18,-0.4654459086730003,-20.0,20.0,True,False,undetermined,-2.125185647251077,1.0096300916955212,2.810093789892369,0.25,True,True,no population gap,satterthwaite,0.2596153846153846,0.6421390382953124,inf,-0.5577777777777777,0.6275391084713957,inf,0.0,8,0.00625,0.9875,not read,False
human_split_half | seed=157,gut_diff | age,-0.6478260869565218,gut_diff,age,157,16,26,23,20,-0.2449019101703667,-20.0,20.0,True,False,undetermined,-2.0968866799777737,0.8012345060647301,2.23680494224757,0.25,True,True,no population gap,satterthwaite,0.1586538461538462,0.6279360131476622,inf,-0.6478260869565218,0.5801567099258966,inf,0.0,8,0.00625,0.9875,not read,False
human_split_half | seed=158,bjw_score | political_identity,2.53846153846154,bjw_score,political_identity,158,7,27,4,26,1.3360590027256676,-20.0,20.0,True,False,undetermined,-5.268788727271201,10.34571180419428,3.0755834380159266,0.25,True,True,no population gap,satterthwaite,3.391534391534389,1.758848330389756,inf,2.53846153846154,3.125768963388794,inf,0.0,8,0.00625,0.9875,not read,False
human_split_half | seed=158,bjw_score | sex,-1.77840909090909,bjw_score,sex,158,30,12,32,11,-0.2155484558040467,-20.0,20.0,True,False,undetermined,-6.049171545051022,2.4923533632328425,2.4014510924248578,0.25,True,True,no population gap,satterthwaite,0.3833333333333328,1.4920621491349726,inf,-1.77840909090909,1.7098743187157348,inf,0.0,8,0.00625,0.9875,not read,False
human_split_half | seed=158,bjw_score | education,-0.941558441558442,bjw_score,education,158,20,22,21,22,0.7579310344827594,-20.0,20.0,True,False,undetermined,-5.10466506818951,3.221548185072626,4.421506348284029,0.25,True,True,no population gap,satterthwaite,-0.7136363636363647,1.4288926461384344,inf,-0.941558441558442,1.6667724284332646,inf,0.0,8,0.00625,0.9875,not read,False
human_split_half | seed=158,bjw_score | age,1.0671296296296298,bjw_score,age,158,23,19,16,27,-2.4810455829283664,-20.0,20.0,True,False,undetermined,-3.268634873486091,5.402894132745351,4.063015759969612,0.25,True,True,no population gap,satterthwaite,-2.6475972540045767,1.383024370169899,inf,1.0671296296296298,1.7358990239990713,inf,0.0,8,0.00625,0.9875,not read,False
human_split_half | seed=158,gut_diff | political_identity,0.6538461538461539,gut_diff,political_identity,158,7,27,4,26,1.0762527233115469,-20.0,20.0,True,False,undetermined,-1.9887815834876257,3.296473891179933,4.041665951216369,0.25,True,True,no population gap,satterthwaite,0.7037037037037037,1.0059893317558934,inf,0.6538461538461539,1.0580221565848609,inf,0.0,8,0.00625,0.9875,not read,False
human_split_half | seed=158,gut_diff | sex,0.3011363636363636,gut_diff,sex,158,30,12,32,11,-2.435220125786163,-20.0,20.0,True,False,undetermined,-1.2882428226848073,1.8905155499575343,5.277938430047661,0.25,True,True,no population gap,satterthwaite,-0.7333333333333332,0.7744317915086779,inf,0.3011363636363636,0.6363357088044598,inf,0.0,8,0.00625,0.9875,not read,False
human_split_half | seed=158,gut_diff | education,-0.9372294372294372,gut_diff,education,158,20,22,21,22,-0.591685912240185,-20.0,20.0,True,False,undetermined,-2.36209274340924,0.487633868950365,1.5202929502426528,0.25,True,True,no population gap,satterthwaite,0.5545454545454547,0.5406163413464089,inf,-0.9372294372294372,0.5704689036390668,inf,0.0,8,0.00625,0.9875,not read,False
human_split_half | seed=158,gut_diff | age,-0.6736111111111112,gut_diff,age,158,23,19,16,27,0.1596640637901342,-20.0,20.0,True,False,undetermined,-1.9816773363631948,0.6344551141409724,1.9418715096525776,0.25,True,True,no population gap,satterthwaite,-0.1075514874141876,0.5442789690715546,inf,-0.6736111111111112,0.5237071529391221,inf,0.0,8,0.00625,0.9875,not read,False
human_split_half | seed=159,bjw_score | political_identity,-0.1034482758620676,bjw_score,political_identity,159,9,24,2,29,-44.17129629629689,-20.0,20.0,True,True,undetermined,-11.665600439752955,11.45870388802882,111.76747091761337,0.25,True,True,no population gap,satterthwaite,4.569444444444446,1.7078271178792097,inf,-0.1034482758620676,4.629109501266485,inf,0.0,8,0.00625,0.9875,not read,False
human_split_half | seed=159,bjw_score | sex,0.916666666666668,bjw_score,sex,159,31,11,31,12,-2.4825379898693627,-20.0,20.0,True,False,undetermined,-2.324766434577955,4.15809976791129,3.536108837721402,0.25,True,True,no population gap,satterthwaite,-2.275659824046919,1.952772442899416,inf,0.916666666666668,1.2977643395450449,inf,0.0,8,0.00625,0.9875,not read,False
human_split_half | seed=159,bjw_score | education,-0.7099567099567103,bjw_score,education,159,20,22,21,22,1.3381097560975592,-20.0,20.0,True,False,undetermined,-4.337162428476309,2.917249008562888,5.10905195718309,0.25,True,True,no population gap,satterthwaite,-0.9499999999999992,1.6871177787125804,inf,-0.7099567099567103,1.4522151427037433,inf,0.0,8,0.00625,0.9875,not read,False
human_split_half | seed=159,bjw_score | age,-0.8961038961038987,bjw_score,age,159,18,24,21,22,1.177938808373589,-20.0,20.0,True,False,undetermined,-4.513490584354175,2.7212827921463774,4.036793840511166,0.25,True,True,no population gap,satterthwaite,-1.0555555555555571,1.7215819108286776,inf,-0.8961038961038987,1.4482839224889723,inf,0.0,8,0.00625,0.9875,not read,False
human_split_half | seed=159,gut_diff | political_identity,1.5,gut_diff,political_identity,159,9,24,2,29,0.3333333333333333,-20.0,20.0,True,False,undetermined,-3.290986433781333,6.290986433781333,3.193990955854222,0.25,True,True,no population gap,satterthwaite,0.5,0.8550530694021942,inf,1.5,1.9181550724024268,inf,0.0,8,0.00625,0.9875,not read,False
human_split_half | seed=159,gut_diff | sex,-0.185483870967742,gut_diff,sex,159,31,11,31,12,1.6442687747035565,-20.0,20.0,True,False,undetermined,-1.817946451679432,1.4469787097439482,8.801102609054327,0.25,True,True,no population gap,satterthwaite,-0.3049853372434017,0.8241538747723903,inf,-0.185483870967742,0.6535848980118824,inf,0.0,8,0.00625,0.9875,not read,False
human_split_half | seed=159,gut_diff | education,-0.2272727272727273,gut_diff,education,159,20,22,21,22,0.8200000000000006,-20.0,20.0,True,False,undetermined,-1.4852575758571078,1.0307121213116532,5.535133333771274,0.25,True,True,no population gap,satterthwaite,-0.1863636363636365,0.6584967941702431,inf,-0.2272727272727273,0.5036561993378547,inf,0.0,8,0.00625,0.9875,not read,False
human_split_half | seed=159,gut_diff | age,-0.0411255411255411,gut_diff,age,159,18,24,21,22,13.84649122807018,-20.0,20.0,True,False,undetermined,-1.2693572537944209,1.1871061715433384,29.865423750159074,0.25,True,True,no population gap,satterthwaite,-0.5694444444444445,0.6420241586039132,inf,-0.0411255411255411,0.4917440118656072,inf,0.0,8,0.00625,0.9875,not read,False
human_split_half | seed=160,bjw_score | political_identity,2.151724137931037,bjw_score,political_identity,160,6,24,5,29,1.7815170940170917,-20.0,20.0,True,False,undetermined,-3.58005936778353,7.883507643645604,2.663809642078882,0.25,True,True,no population gap,satterthwaite,3.833333333333332,2.1098259561265587,inf,2.151724137931037,2.2948196070598104,inf,0.0,8,0.00625,0.9875,not read,False
human_split_half | seed=160,bjw_score | sex,-0.3387096774193558,bjw_score,sex,160,31,11,31,12,2.900432900432897,-20.0,20.0,True,False,undetermined,-4.48437869056608,3.806959335727369,12.239594229290292,0.25,True,True,no population gap,satterthwaite,-0.9824046920821132,1.6554538586016871,inf,-0.3387096774193558,1.659790975403103,inf,0.0,8,0.00625,0.9875,not read,False
human_split_half | seed=160,bjw_score | education,-1.013333333333332,bjw_score,education,160,23,19,18,25,0.7203721546429014,-20.0,20.0,True,False,undetermined,-5.155278915707813,3.128612249041149,4.087446298395875,0.25,True,True,no population gap,satterthwaite,-0.7299771167048057,1.446693576444704,inf,-1.013333333333332,1.658300234879991,inf,0.0,8,0.00625,0.9875,not read,False
human_split_half | seed=160,bjw_score | age,-2.3311111111111096,bjw_score,age,160,14,28,25,18,-0.2910935584910795,-20.0,20.0,True,False,undetermined,-6.879646880024723,2.2174246578025034,1.9512307874271944,0.25,True,True,no population gap,satterthwaite,0.678571428571427,1.5939081656150833,inf,-2.3311111111111096,1.821085715381454,inf,0.0,8,0.00625,0.9875,not read,False
human_split_half | seed=160,gut_diff | political_identity,0.3517241379310345,gut_diff,political_identity,160,6,24,5,29,3.4354575163398686,-20.0,20.0,True,False,undetermined,-2.6686351338110343,3.3720834096731034,8.587295968678431,0.25,True,True,no population gap,satterthwaite,1.2083333333333333,0.9553142927880584,inf,0.3517241379310345,1.2092535718155142,inf,0.0,8,0.00625,0.9875,not read,False
human_split_half | seed=160,gut_diff | sex,-0.1451612903225807,gut_diff,sex,160,31,11,31,12,2.222222222222221,-20.0,20.0,True,False,undetermined,-1.9451505296503,1.6548279490051383,12.39992587092428,0.25,True,True,no population gap,satterthwaite,-0.3225806451612903,0.728017803057271,inf,-0.1451612903225807,0.7206571209096925,inf,0.0,8,0.00625,0.9875,not read,False
human_split_half | seed=160,gut_diff | education,0.7533333333333332,gut_diff,education,160,23,19,18,25,-1.34262165610255,-20.0,20.0,True,False,undetermined,-0.8723762041711041,2.3790428708377704,2.158021509961643,0.25,True,True,no population gap,satterthwaite,-1.011441647597254,0.5181427038908347,inf,0.7533333333333332,0.6508811992514746,inf,0.0,8,0.00625,0.9875,not read,False
human_split_half | seed=160,gut_diff | age,-0.4666666666666668,gut_diff,age,160,14,28,25,18,1.0714285714285712,-20.0,20.0,True,False,undetermined,-2.1521468299386743,1.2188134966053406,3.6117432070114432,0.25,True,True,no population gap,satterthwaite,-0.5,0.4387322933404733,inf,-0.4666666666666668,0.6748114129102605,inf,0.0,8,0.00625,0.9875,not read,False
human_split_half | seed=161,bjw_score | political_identity,5.0,bjw_score,political_identity,161,5,28,6,25,0.1471428571428568,-1.7027131613153283,2.2812204433714,False,False,undetermined,1.4953544222068058,8.504645577793195,0.7009291155586388,0.25,False,True,reference too imprecise,satterthwaite,0.735714285714284,2.829304981303588,inf,5.0,1.403146050386744,inf,0.0,8,0.00625,0.9875,not read,False
human_split_half | seed=161,bjw_score | sex,0.3210227272727266,bjw_score,sex,161,30,12,32,11,-4.932153392330401,-20.0,20.0,True,False,undetermined,-4.155067992436576,4.79711344698203,13.943220649005998,0.25,True,True,no population gap,satterthwaite,-1.5833333333333357,1.5137040860186215,inf,0.3210227272727266,1.79208107499636,inf,0.0,8,0.00625,0.9875,not read,False
human_split_half | seed=161,bjw_score | education,-1.7043478260869556,bjw_score,education,161,21,21,20,23,-0.0558794946550046,-20.0,20.0,True,False,undetermined,-5.970646000353829,2.561950348179918,2.5031851532688303,0.25,True,True,no population gap,satterthwaite,0.0952380952380949,1.3862309828415846,inf,-1.7043478260869556,1.708086966318619,inf,0.0,8,0.00625,0.9875,not read,False
human_split_half | seed=161,bjw_score | age,-3.2688888888888883,bjw_score,age,161,21,21,18,25,-0.4370204914052633,-20.0,20.0,True,False,undetermined,-7.255233154659191,0.7174553768814138,1.219479890956245,0.25,True,True,no population gap,satterthwaite,1.428571428571427,1.3861724941707811,inf,-3.2688888888888883,1.596002530880601,inf,0.0,8,0.00625,0.9875,not read,False
human_split_half | seed=161,gut_diff | political_identity,0.5133333333333332,gut_diff,political_identity,161,5,28,6,25,1.836734693877552,-20.0,20.0,True,False,undetermined,-2.087380681349236,3.1140473480159017,5.066326002628381,0.25,True,True,no population gap,satterthwaite,0.942857142857143,1.1348135092241058,inf,0.5133333333333332,1.041241265881475,inf,0.0,8,0.00625,0.9875,not read,False
human_split_half | seed=161,gut_diff | sex,-0.6022727272727273,gut_diff,sex,161,30,12,32,11,-0.110691823899371,-20.0,20.0,True,False,undetermined,-2.7665238394009206,1.5619783848554665,3.59347354466568,0.25,True,True,no population gap,satterthwaite,0.0666666666666666,0.587862235888008,inf,-0.6022727272727273,0.8664957219268891,inf,0.0,8,0.00625,0.9875,not read,False
human_split_half | seed=161,gut_diff | education,-0.241304347826087,gut_diff,education,161,21,21,20,23,0.5920205920205917,-20.0,20.0,True,False,undetermined,-1.928177996213708,1.445569300561533,6.990647551876624,0.25,True,True,no population gap,satterthwaite,-0.1428571428571428,0.4800569747657254,inf,-0.241304347826087,0.6753693190074231,inf,0.0,8,0.00625,0.9875,not read,False
human_split_half | seed=161,gut_diff | age,-0.5755555555555556,gut_diff,age,161,21,21,18,25,-0.0827357970215113,-20.0,20.0,True,False,undetermined,-2.242493187550052,1.0913820764389404,2.896223684932522,0.25,True,True,no population gap,satterthwaite,0.0476190476190476,0.4714186785429299,inf,-0.5755555555555556,0.667387586749044,inf,0.0,8,0.00625,0.9875,not read,False
human_split_half | seed=162,bjw_score | political_identity,3.488095238095241,bjw_score,political_identity,162,5,25,6,28,0.6765870307167229,-2.2727805248935384,20.0,True,False,undetermined,0.0428610003423659,6.933329475848115,0.9877122046800044,0.25,False,True,reference too imprecise,satterthwaite,2.3599999999999994,2.671482105214753,inf,3.488095238095241,1.379359683042218,inf,0.0,8,0.00625,0.9875,not read,False
human_split_half | seed=162,bjw_score | sex,-0.4333333333333335,bjw_score,sex,162,34,8,28,15,-0.6957013574660615,-20.0,20.0,True,False,undetermined,-4.363919161809596,3.4972524951429285,9.070582681099062,0.25,True,True,no population gap,satterthwaite,0.3014705882352935,1.7519348979670928,inf,-0.4333333333333335,1.5736786669325284,inf,0.0,8,0.00625,0.9875,not read,False
human_split_half | seed=162,bjw_score | education,-0.6951754385964897,bjw_score,education,162,22,20,19,24,0.7715514769142531,-20.0,20.0,True,False,undetermined,-4.67482406820168,3.2844731910087006,5.724668060252274,0.25,True,True,no population gap,satterthwaite,-0.5363636363636353,1.4022493664175726,inf,-0.6951754385964897,1.5933218160318776,inf,0.0,8,0.00625,0.9875,not read,False
human_split_half | seed=162,bjw_score | age,-1.07236842105263,bjw_score,age,162,20,22,19,24,0.5679866146123825,-20.0,20.0,True,False,undetermined,-5.022830519060278,2.8780936769550176,3.683866496301616,0.25,True,True,no population gap,satterthwaite,-0.6090909090909093,1.4675584355874938,inf,-1.07236842105263,1.5816364784915928,inf,0.0,8,0.00625,0.9875,not read,False
human_split_half | seed=162,gut_diff | political_identity,0.2857142857142858,gut_diff,political_identity,162,5,25,6,28,4.48,-20.0,20.0,True,False,undetermined,-2.2493440617912954,2.8207726332198666,8.87270421626953,0.25,True,True,no population gap,satterthwaite,1.2800000000000002,1.0907830266816314,inf,0.2857142857142858,1.0149548731379023,inf,0.0,8,0.00625,0.9875,not read,False
human_split_half | seed=162,gut_diff | sex,0.2142857142857142,gut_diff,sex,162,34,8,28,15,-4.186274509803924,-20.0,20.0,True,False,undetermined,-1.2591469650094558,1.6877183935808842,6.876019170044129,0.25,True,True,no population gap,satterthwaite,-0.8970588235294118,1.117848923039104,inf,0.2142857142857142,0.5899145002176233,inf,0.0,8,0.00625,0.9875,not read,False
human_split_half | seed=162,gut_diff | education,-0.5328947368421053,gut_diff,education,162,22,20,19,24,-0.264421997755331,-20.0,20.0,True,False,undetermined,-1.908550825798757,0.8427613521145461,2.581478092856926,0.25,True,True,no population gap,satterthwaite,0.1409090909090908,0.5586261326348034,inf,-0.5328947368421053,0.5507679350347999,inf,0.0,8,0.00625,0.9875,not read,False
human_split_half | seed=162,gut_diff | age,-0.9100877192982456,gut_diff,age,162,20,22,19,24,-0.3695947426067907,-20.0,20.0,True,False,undetermined,-2.299513308615301,0.4793378700188095,1.5266941415146438,0.25,True,True,no population gap,satterthwaite,0.3363636363636363,0.564716093200412,inf,-0.9100877192982456,0.5562807949282289,inf,0.0,8,0.00625,0.9875,not read,False
human_split_half | seed=163,bjw_score | political_identity,3.1724137931034484,bjw_score,political_identity,163,5,24,6,29,0.8983695652173918,-20.0,20.0,True,False,undetermined,-1.2711649560326723,7.615992542239569,1.4006933013581249,0.25,True,True,no population gap,satterthwaite,2.8500000000000014,2.8013744188893224,inf,3.1724137931034484,1.779064339897921,inf,0.0,8,0.00625,0.9875,not read,False
human_split_half | seed=163,bjw_score | sex,-2.1499999999999986,bjw_score,sex,163,27,15,35,8,-0.2962962962962976,-20.0,20.0,True,False,undetermined,-7.052786702218226,2.752786702218229,2.28036590800848,0.25,True,True,no population gap,satterthwaite,0.6370370370370395,1.6055733153719447,inf,-2.1499999999999986,1.96291626197418,inf,0.0,8,0.00625,0.9875,not read,False
human_split_half | seed=163,bjw_score | education,-0.1861471861471848,bjw_score,education,163,19,23,22,21,7.425043903996639,-20.0,20.0,True,False,undetermined,-3.536984848925018,3.164690476630649,18.001011630271744,0.25,True,True,no population gap,satterthwaite,-1.3821510297482824,1.7658457989200769,inf,-0.1861471861471848,1.341566366027358,inf,0.0,8,0.00625,0.9875,not read,False
human_split_half | seed=163,bjw_score | age,0.6515151515151487,bjw_score,age,163,18,24,21,22,-3.8158914728682327,-20.0,20.0,True,False,undetermined,-2.7293860198124364,4.032416322842733,5.189290169944688,0.25,True,True,no population gap,satterthwaite,-2.4861111111111107,1.6941674821252142,inf,0.6515151515151487,1.353602816603029,inf,0.0,8,0.00625,0.9875,not read,False
human_split_half | seed=163,gut_diff | political_identity,2.045977011494253,gut_diff,political_identity,163,5,24,6,29,-0.4032303370786517,-20.0,20.0,True,False,undetermined,-0.3651454300821113,4.457099453070617,1.1784699573996835,0.25,True,True,no population gap,satterthwaite,-0.825,0.9602812569410488,inf,2.045977011494253,0.9653349692002308,inf,0.0,8,0.00625,0.9875,not read,False
human_split_half | seed=163,gut_diff | sex,-0.0571428571428571,gut_diff,sex,163,27,15,35,8,5.055555555555552,-20.0,20.0,True,False,undetermined,-1.7398966867726628,1.6256109724869483,29.44819201852159,0.25,True,True,no population gap,satterthwaite,-0.2888888888888887,0.756505914561985,inf,-0.0571428571428571,0.6737198776331039,inf,0.0,8,0.00625,0.9875,not read,False
human_split_half | seed=163,gut_diff | education,-0.0909090909090909,gut_diff,education,163,19,23,22,21,3.247139588100686,-20.0,20.0,True,False,undetermined,-1.103494133002557,0.921675951184375,11.138435463028122,0.25,True,True,no population gap,satterthwaite,-0.2951945080091533,0.7142649964262039,inf,-0.0909090909090909,0.4054061019741671,inf,0.0,8,0.00625,0.9875,not read,False
human_split_half | seed=163,gut_diff | age,-0.1883116883116883,gut_diff,age,163,18,24,21,22,1.991379310344828,-20.0,20.0,True,False,undetermined,-1.2079762353810963,0.8313528587577196,5.414770353403062,0.25,True,True,no population gap,satterthwaite,-0.375,0.7016224153533075,inf,-0.1883116883116883,0.4082405054038974,inf,0.0,8,0.00625,0.9875,not read,False
human_split_half | seed=164,bjw_score | political_identity,1.5399999999999991,bjw_score,political_identity,164,7,28,4,25,2.6669758812615973,-20.0,20.0,True,False,undetermined,-5.337249397471087,8.417249397471085,4.465746361994214,0.25,True,True,no population gap,satterthwaite,4.107142857142858,1.96107612433121,inf,1.5399999999999991,2.753426877379837,inf,0.0,8,0.00625,0.9875,not read,False
human_split_half | seed=164,bjw_score | sex,-0.8399014778325125,bjw_score,sex,164,33,9,29,14,0.1683699161705032,-20.0,20.0,True,False,undetermined,-4.762936157805192,3.083133202140167,4.670827214278321,0.25,True,True,no population gap,satterthwaite,-0.1414141414141418,1.721132080424738,inf,-0.8399014778325125,1.5706554327813145,inf,0.0,8,0.00625,0.9875,not read,False
human_split_half | seed=164,bjw_score | education,-1.0733333333333306,bjw_score,education,164,23,19,18,25,0.358173316087952,-20.0,20.0,True,False,undetermined,-4.597615514934569,2.4509488482679083,3.28349271577756,0.25,True,True,no population gap,satterthwaite,-0.3844393592677342,1.5983099279246529,inf,-1.0733333333333306,1.4110079075887545,inf,0.0,8,0.00625,0.9875,not read,False
human_split_half | seed=164,bjw_score | age,0.2043478260869555,bjw_score,age,164,19,23,20,23,-10.347144456886946,-20.0,20.0,True,False,undetermined,-3.5462191936063707,3.954914845780282,18.35383860700998,0.25,True,True,no population gap,satterthwaite,-2.11441647597254,1.6104588724385351,inf,0.2043478260869555,1.501604993594594,inf,0.0,8,0.00625,0.9875,not read,False
human_split_half | seed=164,gut_diff | political_identity,0.29,gut_diff,political_identity,164,7,28,4,25,3.325123152709359,-20.0,20.0,True,False,undetermined,-3.02298034922403,3.60298034922403,11.424070169738034,0.25,True,True,no population gap,satterthwaite,0.9642857142857142,0.8876453448620973,inf,0.29,1.3264095295335747,inf,0.0,8,0.00625,0.9875,not read,False
human_split_half | seed=164,gut_diff | sex,-0.1428571428571428,gut_diff,sex,164,33,9,29,14,2.8989898989899,-20.0,20.0,True,False,undetermined,-1.646262012324997,1.360547726610711,10.523834086274984,0.25,True,True,no population gap,satterthwaite,-0.4141414141414141,1.014734009184706,inf,-0.1428571428571428,0.6019143898865591,inf,0.0,8,0.00625,0.9875,not read,False
human_split_half | seed=164,gut_diff | education,-1.4177777777777778,gut_diff,education,164,23,19,18,25,-0.6956450004662741,-5.853308374134127,0.3716117486872622,False,False,reversed to attenuated,-2.642489594446898,-0.1930659611086578,0.8638249490612915,0.25,False,True,reversed to attenuated,satterthwaite,0.9862700228832952,0.5777566619719516,inf,-1.4177777777777778,0.4903347600425043,inf,0.0,8,0.00625,0.9875,not kept,False
human_split_half | seed=164,gut_diff | age,-1.0217391304347827,gut_diff,age,164,19,23,20,23,-0.4456886898096305,-20.0,20.0,True,False,undetermined,-2.353200772201607,0.3097225113320416,1.3031326706654025,0.25,True,True,no population gap,satterthwaite,0.4553775743707094,0.5950455661406822,inf,-1.0217391304347827,0.5330739164394934,inf,0.0,8,0.00625,0.9875,not read,False
human_split_half | seed=165,bjw_score | political_identity,3.25,bjw_score,political_identity,165,7,27,4,26,0.8026048026048034,-20.0,20.0,True,False,undetermined,-3.964679240193808,10.464679240193808,2.219901304675018,0.25,True,True,no population gap,satterthwaite,2.608465608465611,1.8662504865962248,inf,3.25,2.888522806651275,inf,0.0,8,0.00625,0.9875,not read,False
human_split_half | seed=165,bjw_score | sex,-0.420512820512819,bjw_score,sex,165,32,10,30,13,2.645579268292694,-20.0,20.0,True,False,undetermined,-3.970417245251213,3.129391604225575,8.441845888097431,0.25,True,True,no population gap,satterthwaite,-1.1125000000000007,1.892852034478848,inf,-0.420512820512819,1.4212662200092034,inf,0.0,8,0.00625,0.9875,not read,False
human_split_half | seed=165,bjw_score | education,-2.5311111111111124,bjw_score,education,165,23,19,18,25,-0.2314447415634164,-20.0,20.0,True,False,undetermined,-6.172275495594537,1.1100532733723123,1.4385636286369976,0.25,True,True,no population gap,satterthwaite,0.5858123569794031,1.6936846628432676,inf,-2.5311111111111124,1.457803738349453,inf,0.0,8,0.00625,0.9875,not read,False
human_split_half | seed=165,bjw_score | age,-2.2239130434782624,bjw_score,age,165,16,26,23,20,-0.3523761185051507,-20.0,20.0,True,False,undetermined,-5.66053596988969,1.212709882933165,1.5453045416903768,0.25,True,True,no population gap,satterthwaite,0.7836538461538467,1.604961845549057,inf,-2.2239130434782624,1.3759119941877542,inf,0.0,8,0.00625,0.9875,not read,False
human_split_half | seed=165,gut_diff | political_identity,-0.0384615384615385,gut_diff,political_identity,165,7,27,4,26,-30.539682539682467,-20.0,20.0,True,False,undetermined,-2.5804797770765004,2.503556700153423,66.09247420398886,0.25,True,True,no population gap,satterthwaite,1.1746031746031744,0.9877828077054752,inf,-0.0384615384615385,1.0177413870676215,inf,0.0,8,0.00625,0.9875,not read,False
human_split_half | seed=165,gut_diff | sex,0.2179487179487179,gut_diff,sex,165,32,10,30,13,-4.186764705882354,-20.0,20.0,True,False,undetermined,-1.3516384266516313,1.7875358625490674,7.2016351340486615,0.25,True,True,no population gap,satterthwaite,-0.9125,0.7349495967545783,inf,0.2179487179487179,0.6284116193200254,inf,0.0,8,0.00625,0.9875,not read,False
human_split_half | seed=165,gut_diff | education,0.1133333333333334,gut_diff,education,165,23,19,18,25,-6.198680845335844,-20.0,20.0,True,False,undetermined,-1.2358857419071736,1.4625524085738402,11.904874193298584,0.25,True,True,no population gap,satterthwaite,-0.702517162471396,0.6498139523039737,inf,0.1133333333333334,0.5401834149866453,inf,0.0,8,0.00625,0.9875,not read,False
human_split_half | seed=165,gut_diff | age,-0.1543478260869565,gut_diff,age,165,16,26,23,20,1.619718309859155,-20.0,20.0,True,False,undetermined,-1.4248452549565491,1.116149602782636,8.231391792676233,0.25,True,True,no population gap,satterthwaite,-0.25,0.624972784248376,inf,-0.1543478260869565,0.5086658293325651,inf,0.0,8,0.00625,0.9875,not read,False
human_split_half | seed=166,bjw_score | political_identity,1.78125,bjw_score,political_identity,166,7,21,4,32,2.3525480367585625,-20.0,20.0,True,False,undetermined,-5.118972236354939,8.681472236354939,3.873808974795755,0.25,True,True,no population gap,satterthwaite,4.19047619047619,1.9688012767793848,inf,1.78125,2.7626244545472107,inf,0.0,8,0.00625,0.9875,not read,False
human_split_half | seed=166,bjw_score | sex,-1.1862745098039191,bjw_score,sex,166,28,14,34,9,0.210743801652893,-20.0,20.0,True,False,undetermined,-5.4136742095352535,3.041125189927415,3.563593135310719,0.25,True,True,no population gap,satterthwaite,-0.25,1.6706003174370965,inf,-1.1862745098039191,1.6925132828464715,inf,0.0,8,0.00625,0.9875,not read,False
human_split_half | seed=166,bjw_score | education,-0.2510822510822521,bjw_score,education,166,19,23,22,21,5.623254162392468,-20.0,20.0,True,False,undetermined,-4.182666838796454,3.68050233663195,15.658552409689255,0.25,True,True,no population gap,satterthwaite,-1.411899313501145,1.5790198144382015,inf,-0.2510822510822521,1.574078537632403,inf,0.0,8,0.00625,0.9875,not read,False
human_split_half | seed=166,bjw_score | age,-0.264705882352942,bjw_score,age,166,22,20,17,26,6.095959595959576,-20.0,20.0,True,False,undetermined,-3.926026599473148,3.396614834767264,13.83165604245407,0.25,True,True,no population gap,satterthwaite,-1.613636363636363,1.6118938246577668,inf,-0.264705882352942,1.4658736780628403,inf,0.0,8,0.00625,0.9875,not read,False
human_split_half | seed=166,gut_diff | political_identity,0.84375,gut_diff,political_identity,166,7,21,4,32,0.6208112874779543,-20.0,20.0,True,False,undetermined,-2.184822000565576,3.872322000565576,3.5894186673369792,0.25,True,True,no population gap,satterthwaite,0.523809523809524,0.9975390579702113,inf,0.84375,1.2125416811994187,inf,0.0,8,0.00625,0.9875,not read,False
human_split_half | seed=166,gut_diff | sex,-0.5620915032679739,gut_diff,sex,166,28,14,34,9,-0.0635382059800666,-20.0,20.0,True,False,undetermined,-2.524192804989464,1.4000097984535158,3.4907151065510225,0.25,True,True,no population gap,satterthwaite,0.0357142857142858,0.6893794161258288,inf,-0.5620915032679739,0.7855615156676639,inf,0.0,8,0.00625,0.9875,not read,False
human_split_half | seed=166,gut_diff | education,-0.9307359307359307,gut_diff,education,166,19,23,22,21,-0.6023628332712467,-20.0,20.0,True,False,undetermined,-2.3983523067809207,0.5368804453090588,1.5768343389134538,0.25,True,True,no population gap,satterthwaite,0.5606407322654462,0.6037697903671569,inf,-0.9307359307359307,0.5875858416550986,inf,0.0,8,0.00625,0.9875,not read,False
human_split_half | seed=166,gut_diff | age,-0.1945701357466063,gut_diff,age,166,22,20,17,26,2.2894291754756866,-20.0,20.0,True,False,undetermined,-1.515327105105325,1.1261868336121124,6.788076516936672,0.25,True,True,no population gap,satterthwaite,-0.4454545454545453,0.5853384549317265,inf,-0.1945701357466063,0.5287881139305917,inf,0.0,8,0.00625,0.9875,not read,False
human_split_half | seed=167,bjw_score | political_identity,0.2333333333333307,bjw_score,political_identity,167,5,28,6,25,26.877551020408468,-20.0,20.0,True,True,kept or steepened,-5.229187493359772,5.695854160026434,23.4108035429707,0.25,True,True,no population gap,satterthwaite,6.271428571428572,1.251804005689939,inf,0.2333333333333307,2.187015592017746,inf,0.0,8,0.00625,0.9875,not read,False
human_split_half | seed=167,bjw_score | sex,1.7418300653594765,bjw_score,sex,167,28,14,34,9,-1.4557759313856875,-20.0,20.0,True,False,undetermined,-2.5464122901180497,6.030072420837002,2.4619177500490124,0.25,True,True,no population gap,satterthwaite,-2.5357142857142847,1.4797221634195254,inf,1.7418300653594765,1.7168727024255168,inf,0.0,8,0.00625,0.9875,not read,False
human_split_half | seed=167,bjw_score | education,-1.1406926406926416,bjw_score,education,167,20,22,21,22,0.4343453510436434,-20.0,20.0,True,False,undetermined,-5.327679634864965,3.0462943534796816,3.67056544840154,0.25,True,True,no population gap,satterthwaite,-0.495454545454546,1.4405561996921217,inf,-1.1406926406926416,1.6763333505446512,inf,0.0,8,0.00625,0.9875,not read,False
human_split_half | seed=167,bjw_score | age,-2.128260869565217,bjw_score,age,167,19,23,20,23,-0.1408526423310567,-20.0,20.0,True,False,undetermined,-6.176551378049866,1.920029638919432,1.9021589723216945,0.25,True,True,no population gap,satterthwaite,0.2997711670480534,1.5232237066132857,inf,-2.128260869565217,1.6208037907716697,inf,0.0,8,0.00625,0.9875,not read,False
human_split_half | seed=167,gut_diff | political_identity,-0.3533333333333333,gut_diff,political_identity,167,5,28,6,25,-5.43800539083558,-20.0,20.0,True,False,undetermined,-2.785274526396382,2.078607859729715,6.882852433197308,0.25,True,True,no population gap,satterthwaite,1.921428571428572,1.0981792338013014,inf,-0.3533333333333333,0.9736701198664268,inf,0.0,8,0.00625,0.9875,not read,False
human_split_half | seed=167,gut_diff | sex,-0.607843137254902,gut_diff,sex,167,28,14,34,9,0.0587557603686635,-20.0,20.0,True,False,undetermined,-2.980917620419881,1.7652313459100777,3.904090278755288,0.25,True,True,no population gap,satterthwaite,-0.0357142857142857,0.5677252673441652,inf,-0.607843137254902,0.9501018047089358,inf,0.0,8,0.00625,0.9875,not read,False
human_split_half | seed=167,gut_diff | education,0.474025974025974,gut_diff,education,167,20,22,21,22,-1.9178082191780823,-20.0,20.0,True,False,undetermined,-1.1447930439213854,2.092844991973333,3.415042859779361,0.25,True,True,no population gap,satterthwaite,-0.9090909090909092,0.4684868969450056,inf,0.474025974025974,0.6481224594339908,inf,0.0,8,0.00625,0.9875,not read,False
human_split_half | seed=167,gut_diff | age,-0.0673913043478262,gut_diff,age,167,19,23,20,23,7.911714770797944,-20.0,20.0,True,False,undetermined,-1.6597817370718522,1.5249991283761997,23.62901932429194,0.25,True,True,no population gap,satterthwaite,-0.5331807780320367,0.4832734376599513,inf,-0.0673913043478262,0.6375413138800999,inf,0.0,8,0.00625,0.9875,not read,False
human_split_half | seed=168,bjw_score | political_identity,1.2946859903381664,bjw_score,political_identity,168,2,30,9,23,5.432462686567156,-20.0,20.0,True,True,undetermined,-3.281778486230184,5.871150466906517,3.534806517349429,0.25,True,True,no population gap,satterthwaite,7.033333333333335,2.127724836712704,inf,1.2946859903381664,1.832267461143839,inf,0.0,8,0.00625,0.9875,not read,False
human_split_half | seed=168,bjw_score | sex,-0.1111111111111107,bjw_score,sex,168,26,16,36,7,13.543269230769289,-20.0,20.0,True,False,undetermined,-4.03653380800791,3.814311585785688,35.32880427207132,0.25,True,True,no population gap,satterthwaite,-1.5048076923076934,1.6716104495599238,inf,-0.1111111111111107,1.571611517053164,inf,0.0,8,0.00625,0.9875,not read,False
human_split_half | seed=168,bjw_score | education,-0.4610389610389589,bjw_score,education,168,19,23,22,21,2.8638927385825386,-20.0,20.0,True,False,undetermined,-4.012987628285076,3.090909706207158,7.704226686702881,0.25,True,True,no population gap,satterthwaite,-1.3203661327231124,1.6927756059440906,inf,-0.4610389610389589,1.422084668190931,inf,0.0,8,0.00625,0.9875,not read,False
human_split_half | seed=168,bjw_score | age,0.1600000000000001,bjw_score,age,168,21,21,18,25,-11.60714285714285,-20.0,20.0,True,False,undetermined,-3.226713185365976,3.546713185365976,21.16695740853733,0.25,True,True,no population gap,satterthwaite,-1.8571428571428577,1.7051085545607043,inf,0.1600000000000001,1.3559297579047211,inf,0.0,8,0.00625,0.9875,not read,False
human_split_half | seed=168,gut_diff | political_identity,0.5603864734299515,gut_diff,political_identity,168,2,30,9,23,1.84396551724138,-20.0,20.0,True,False,undetermined,-1.6141418100100058,2.734914756869909,3.88040822993165,0.25,True,True,no population gap,satterthwaite,1.0333333333333332,1.549624937516343,inf,0.5603864734299515,0.8706103669074321,inf,0.0,8,0.00625,0.9875,not read,False
human_split_half | seed=168,gut_diff | sex,-0.5158730158730158,gut_diff,sex,168,26,16,36,7,0.3168639053254438,-20.0,20.0,True,False,undetermined,-3.230249147894916,2.198503116148884,5.261713732842453,0.25,True,True,no population gap,satterthwaite,-0.1634615384615384,0.5761704971002494,inf,-0.5158730158730158,1.0867478791703715,inf,0.0,8,0.00625,0.9875,not read,False
human_split_half | seed=168,gut_diff | education,-0.0064935064935063,gut_diff,education,168,19,23,22,21,65.89931350114584,-20.0,20.0,True,False,undetermined,-1.6277780981758383,1.6147910851888256,249.67782711908544,0.25,True,True,no population gap,satterthwaite,-0.4279176201372998,0.5395634366382048,inf,-0.0064935064935063,0.6491095949292561,inf,0.0,8,0.00625,0.9875,not read,False
human_split_half | seed=168,gut_diff | age,-0.4311111111111112,gut_diff,age,168,21,21,18,25,0.3313696612665687,-20.0,20.0,True,False,undetermined,-1.934020714495696,1.0717984922734738,3.4861305233147584,0.25,True,True,no population gap,satterthwaite,-0.142857142857143,0.5198699747938604,inf,-0.4311111111111112,0.6017161014624648,inf,0.0,8,0.00625,0.9875,not read,False
human_split_half | seed=169,bjw_score | political_identity,4.46875,bjw_score,political_identity,169,7,21,4,32,0.4475524475524475,-20.0,20.0,True,False,undetermined,-3.6008838302423154,12.538383830242315,1.8057921857884904,0.25,True,True,no population gap,satterthwaite,2.0,1.8203772994288816,inf,4.46875,3.2308188048223543,inf,0.0,8,0.00625,0.9875,not read,False
human_split_half | seed=169,bjw_score | sex,-0.28409090909091,bjw_score,sex,169,30,12,32,11,3.109333333333321,-20.0,20.0,True,False,undetermined,-3.861691368122679,3.293509549940859,12.593153615791785,0.25,True,True,no population gap,satterthwaite,-0.8833333333333329,1.7324605767979648,inf,-0.28409090909091,1.4323548109287438,inf,0.0,8,0.00625,0.9875,not read,False
human_split_half | seed=169,bjw_score | education,-0.4329004329004355,bjw_score,education,169,20,22,21,22,2.729999999999987,-20.0,20.0,True,False,undetermined,-3.951429111396577,3.0856282455957054,8.127801247326035,0.25,True,True,no population gap,satterthwaite,-1.1818181818181834,1.6757584672853456,inf,-0.4329004329004355,1.4087043921608435,inf,0.0,8,0.00625,0.9875,not read,False
human_split_half | seed=169,bjw_score | age,-0.8619909502262466,bjw_score,age,169,22,20,17,26,1.6188737771414925,-20.0,20.0,True,False,undetermined,-4.537120302437085,2.813138401984592,4.263535888916499,0.25,True,True,no population gap,satterthwaite,-1.3954545454545482,1.7186893785030792,inf,-0.8619909502262466,1.4714022062288332,inf,0.0,8,0.00625,0.9875,not read,False
human_split_half | seed=169,gut_diff | political_identity,1.65625,gut_diff,political_identity,169,7,21,4,32,-0.1437556154537287,-20.0,20.0,True,False,undetermined,-1.622886206843435,4.935386206843435,1.9798558229998096,0.25,True,True,no population gap,satterthwaite,-0.2380952380952381,0.96518633102102,inf,1.65625,1.3128594361914796,inf,0.0,8,0.00625,0.9875,not read,False
human_split_half | seed=169,gut_diff | sex,-0.5227272727272727,gut_diff,sex,169,30,12,32,11,-0.0956521739130435,-20.0,20.0,True,False,undetermined,-2.361445983078192,1.3159914376236466,3.517548837193063,0.25,True,True,no population gap,satterthwaite,0.05,0.7371358924168159,inf,-0.5227272727272727,0.7361631408747669,inf,0.0,8,0.00625,0.9875,not read,False
human_split_half | seed=169,gut_diff | education,-0.7965367965367965,gut_diff,education,169,20,22,21,22,-0.5135869565217392,-20.0,20.0,True,False,undetermined,-1.9763343474156576,0.3832607543420646,1.4811588818098749,0.25,True,True,no population gap,satterthwaite,0.4090909090909091,0.6359489921774875,inf,-0.7965367965367965,0.4723525495020292,inf,0.0,8,0.00625,0.9875,not read,False
human_split_half | seed=169,gut_diff | age,-0.1968325791855204,gut_diff,age,169,22,20,17,26,2.5633228840125386,-20.0,20.0,True,False,undetermined,-1.414133137862437,1.020467979491396,6.184446516496516,0.25,True,True,no population gap,satterthwaite,-0.5045454545454546,0.6696260081344111,inf,-0.1968325791855204,0.4873675335000972,inf,0.0,8,0.00625,0.9875,not read,False
human_split_half | seed=170,bjw_score | political_identity,3.5989010989010985,bjw_score,political_identity,170,4,27,7,26,0.5917444161718972,-20.0,20.0,True,False,undetermined,-1.2997822246670214,8.497584422469219,1.3611608624265616,0.25,True,True,no population gap,satterthwaite,2.1296296296296298,2.712939987630018,inf,3.5989010989010985,1.9612734026840355,inf,0.0,8,0.00625,0.9875,not read,False
human_split_half | seed=170,bjw_score | sex,-0.3107142857142868,bjw_score,sex,170,27,15,35,8,2.860791826309059,-20.0,20.0,True,False,undetermined,-4.489075367711727,3.867646796283153,13.447598884589413,0.25,True,True,no population gap,satterthwaite,-0.8888888888888893,1.590619828289059,inf,-0.3107142857142868,1.6728798159915816,inf,0.0,8,0.00625,0.9875,not read,False
human_split_half | seed=170,bjw_score | education,-1.2272727272727266,bjw_score,education,170,19,23,22,21,0.3244342740910265,-20.0,20.0,True,False,undetermined,-5.3456385463120535,2.8910930917666,3.355705482180194,0.25,True,True,no population gap,satterthwaite,-0.3981693363844414,1.5199706625084306,inf,-1.2272727272727266,1.6488596649112557,inf,0.0,8,0.00625,0.9875,not read,False
human_split_half | seed=170,bjw_score | age,-1.101809954751129,bjw_score,age,170,22,20,17,26,0.7302034720925906,-20.0,20.0,True,False,undetermined,-5.124380865066131,2.920760955563873,3.650875446322863,0.25,True,True,no population gap,satterthwaite,-0.8045454545454547,1.5219659995654171,inf,-1.101809954751129,1.6105065005640826,inf,0.0,8,0.00625,0.9875,not read,False
human_split_half | seed=170,gut_diff | political_identity,-0.1813186813186814,gut_diff,political_identity,170,4,27,7,26,-13.175084175084166,-20.0,20.0,True,False,undetermined,-1.9450981310900943,1.5824607684527314,9.727510904799908,0.25,True,True,no population gap,satterthwaite,2.388888888888889,1.2350007234069753,inf,-0.1813186813186814,0.706159899415113,inf,0.0,8,0.00625,0.9875,not read,False
human_split_half | seed=170,gut_diff | sex,0.3178571428571428,gut_diff,sex,170,27,15,35,8,-1.5380774032459428,-20.0,20.0,True,False,undetermined,-1.263273944802373,1.898988230516659,4.974344994883872,0.25,True,True,no population gap,satterthwaite,-0.4888888888888889,0.7156639769451959,inf,0.3178571428571428,0.6330334384882732,inf,0.0,8,0.00625,0.9875,not read,False
human_split_half | seed=170,gut_diff | education,-0.1341991341991341,gut_diff,education,170,19,23,22,21,1.7392780689451546,-20.0,20.0,True,False,undetermined,-1.5139467791593786,1.2455485107611106,10.281345354381186,0.25,True,True,no population gap,satterthwaite,-0.2334096109839816,0.6372542273442162,inf,-0.1341991341991341,0.5524060609219811,inf,0.0,8,0.00625,0.9875,not read,False
human_split_half | seed=170,gut_diff | age,-0.5859728506787331,gut_diff,age,170,22,20,17,26,0.2094419094419095,-20.0,20.0,True,False,undetermined,-1.7232341053732352,0.5512884040157692,1.940808782142741,0.25,True,True,no population gap,satterthwaite,-0.1227272727272728,0.616571974612222,inf,-0.5859728506787331,0.4553224006141219,inf,0.0,8,0.00625,0.9875,not read,False
human_split_half | seed=171,bjw_score | political_identity,4.281609195402297,bjw_score,political_identity,171,5,24,6,29,0.3542281879194638,-20.0,20.0,True,False,undetermined,-1.1004360238214126,9.663654414626006,1.2570145881139945,0.25,True,True,no population gap,satterthwaite,1.5166666666666693,2.34583550457861,inf,4.281609195402297,2.1547957774126254,inf,0.0,8,0.00625,0.9875,not read,False
human_split_half | seed=171,bjw_score | sex,-1.2515151515151537,bjw_score,sex,171,29,13,33,10,0.0296722564402294,-20.0,20.0,True,False,undetermined,-6.539948680006777,4.03691837697647,4.225624853274171,0.25,True,True,no population gap,satterthwaite,-0.0371352785145902,1.367123067578632,inf,-1.2515151515151537,2.1173167025090054,inf,0.0,8,0.00625,0.9875,not read,False
human_split_half | seed=171,bjw_score | education,-1.42173913043478,bjw_score,education,171,18,24,23,20,0.068382602786272,-20.0,20.0,True,False,undetermined,-5.290756153902495,2.447277893032936,2.721326958402374,0.25,True,True,no population gap,satterthwaite,-0.0972222222222214,1.5664752285121073,inf,-1.42173913043478,1.5490285208172765,inf,0.0,8,0.00625,0.9875,not read,False
human_split_half | seed=171,bjw_score | age,0.5519480519480524,bjw_score,age,171,17,25,22,21,-4.35676124567474,-20.0,20.0,True,False,undetermined,-3.305083896711818,4.408980000607922,6.988034354042583,0.25,True,True,no population gap,satterthwaite,-2.4047058823529426,1.4641944249096686,inf,0.5519480519480524,1.5442300868510077,inf,0.0,8,0.00625,0.9875,not read,False
human_split_half | seed=171,gut_diff | political_identity,1.8045977011494247,gut_diff,political_identity,171,5,24,6,29,-0.2955414012738853,-20.0,20.0,True,False,undetermined,-0.7146830424645783,4.323878444763428,1.3960345521937472,0.25,True,True,no population gap,satterthwaite,-0.5333333333333332,0.8959584428119907,inf,1.8045977011494247,1.0086380339330163,inf,0.0,8,0.00625,0.9875,not read,False
human_split_half | seed=171,gut_diff | sex,-1.3515151515151516,gut_diff,sex,171,29,13,33,10,-0.4945819604857798,-20.0,20.0,True,False,undetermined,-3.484440064146293,0.7814097611159898,1.5781731416329072,0.25,True,True,no population gap,satterthwaite,0.6684350132625995,0.5602815368255623,inf,-1.3515151515151516,0.8539537309830876,inf,0.0,8,0.00625,0.9875,not read,False
human_split_half | seed=171,gut_diff | education,-0.7239130434782609,gut_diff,education,171,18,24,23,20,-0.402902902902903,-20.0,20.0,True,False,undetermined,-2.137234807450961,0.6894087204944394,1.9523363706529795,0.25,True,True,no population gap,satterthwaite,0.2916666666666667,0.5545638029999975,inf,-0.7239130434782609,0.5658480456938636,inf,0.0,8,0.00625,0.9875,not read,False
human_split_half | seed=171,gut_diff | age,-0.3333333333333332,gut_diff,age,171,17,25,22,21,0.889411764705883,-20.0,20.0,True,False,undetermined,-1.7905836846086498,1.1239170179419833,4.371751053825951,0.25,True,True,no population gap,satterthwaite,-0.2964705882352942,0.5397056383955423,inf,-0.3333333333333332,0.5834356226412443,inf,0.0,8,0.00625,0.9875,not read,False
human_split_half | seed=172,bjw_score | political_identity,-1.3076923076923066,bjw_score,political_identity,172,9,27,2,26,-3.370370370370374,-20.0,20.0,True,True,undetermined,-10.143075370885594,7.527690755500981,6.756469401265461,0.25,True,True,no population gap,satterthwaite,4.407407407407408,1.5990430376034217,inf,-1.3076923076923066,3.537399880697764,inf,0.0,8,0.00625,0.9875,not read,False
human_split_half | seed=172,bjw_score | sex,-0.0179487179487161,bjw_score,sex,172,32,10,30,13,78.34821428572232,-20.0,20.0,True,False,undetermined,-3.9157184495447166,3.879821013647285,217.1614564746565,0.25,True,True,no population gap,satterthwaite,-1.40625,1.7085790424908796,inf,-0.0179487179487161,1.5605401695568133,inf,0.0,8,0.00625,0.9875,not read,False
human_split_half | seed=172,bjw_score | education,1.2272727272727266,bjw_score,education,172,20,22,21,22,-2.3777777777777787,-20.0,20.0,True,False,undetermined,-2.3796574883002943,4.834202942845748,2.938980175652093,0.25,True,True,no population gap,satterthwaite,-2.918181818181818,1.507298483169836,inf,1.2272727272727266,1.4440974910760402,inf,0.0,8,0.00625,0.9875,not read,False
human_split_half | seed=172,bjw_score | age,-1.3203463203463208,bjw_score,age,172,17,25,22,21,0.3956181292189012,-20.0,20.0,True,False,undetermined,-5.041444477392526,2.400751836699884,2.8182743418940097,0.25,True,True,no population gap,satterthwaite,-0.5223529411764716,1.6047724454676586,inf,-1.3203463203463208,1.4898066198889326,inf,0.0,8,0.00625,0.9875,not read,False
human_split_half | seed=172,gut_diff | political_identity,-1.1153846153846154,gut_diff,political_identity,172,9,27,2,26,-1.0625798212005109,-5.809210734233964,1.0030319838239723,False,False,undetermined,-1.948441475482696,-0.2823277552865345,0.7468785642258656,0.25,False,True,reference too imprecise,satterthwaite,1.1851851851851851,0.8596248994759045,inf,-1.1153846153846154,0.3335288596372812,inf,0.0,8,0.00625,0.9875,not read,False
human_split_half | seed=172,gut_diff | sex,-1.0923076923076924,gut_diff,sex,172,32,10,30,13,-0.6465669014084506,-20.0,20.0,True,False,undetermined,-2.725886570115793,0.541271185500408,1.4955299585567114,0.25,True,True,no population gap,satterthwaite,0.70625,0.76499990565573,inf,-1.0923076923076924,0.65403182704568,inf,0.0,8,0.00625,0.9875,not read,False
human_split_half | seed=172,gut_diff | education,0.4155844155844155,gut_diff,education,172,20,22,21,22,-2.0125000000000006,-20.0,20.0,True,False,undetermined,-0.8698444757644368,1.7010133069332678,3.0930632698081766,0.25,True,True,no population gap,satterthwaite,-0.8363636363636364,0.6216842719141342,inf,0.4155844155844155,0.5146439010488679,inf,0.0,8,0.00625,0.9875,not read,False
human_split_half | seed=172,gut_diff | age,-0.3225108225108226,gut_diff,age,172,17,25,22,21,0.6274299249901302,-20.0,20.0,True,False,undetermined,-1.5996723563285389,0.9546507113068936,3.960057910226743,0.25,True,True,no population gap,satterthwaite,-0.2023529411764706,0.6317711029097051,inf,-0.3225108225108226,0.5113339201080125,inf,0.0,8,0.00625,0.9875,not read,False
human_split_half | seed=173,bjw_score | political_identity,6.280000000000001,bjw_score,political_identity,173,6,28,5,25,0.0417045799211399,-1.0451697765878247,1.170692330298675,False,False,undetermined,2.642450753493716,9.917549246506288,0.5792275870232938,0.25,False,True,reference too imprecise,satterthwaite,0.2619047619047592,2.269568184298076,inf,6.280000000000001,1.4563563547377212,inf,0.0,8,0.00625,0.9875,not read,False
human_split_half | seed=173,bjw_score | sex,0.4464285714285729,bjw_score,sex,173,27,15,35,8,-3.335111111111096,-20.0,20.0,True,False,undetermined,-3.2418153359110327,4.134672478768179,8.261666352440688,0.25,True,True,no population gap,satterthwaite,-1.4888888888888872,1.612838765933892,inf,0.4464285714285729,1.476652847363021,inf,0.0,8,0.00625,0.9875,not read,False
human_split_half | seed=173,bjw_score | education,-1.9413043478260867,bjw_score,education,173,21,21,20,23,-0.1717058603956694,-20.0,20.0,True,False,undetermined,-5.860748683152746,1.978139987500572,2.018974685610597,0.25,True,True,no population gap,satterthwaite,0.3333333333333321,1.5041734281614736,inf,-1.9413043478260867,1.5692179756126032,inf,0.0,8,0.00625,0.9875,not read,False
human_split_half | seed=173,bjw_score | age,-3.2324561403508767,bjw_score,age,173,20,22,19,24,-0.4373257678549404,-20.0,20.0,True,False,undetermined,-6.983647714113931,0.5187354334121776,1.1604771761437944,0.25,True,True,no population gap,satterthwaite,1.413636363636364,1.5525773396839058,inf,-3.2324561403508767,1.5018550447215169,inf,0.0,8,0.00625,0.9875,not read,False
human_split_half | seed=173,gut_diff | political_identity,1.4,gut_diff,political_identity,173,6,28,5,25,0.1275510204081632,-20.0,20.0,True,False,undetermined,-1.3366277630322674,4.136627763032267,1.95473411645162,0.25,True,True,no population gap,satterthwaite,0.1785714285714286,1.0041251716213158,inf,1.4,1.0956567081728528,inf,0.0,8,0.00625,0.9875,not read,False
human_split_half | seed=173,gut_diff | sex,-0.825,gut_diff,sex,173,27,15,35,8,-0.2783389450056117,-20.0,20.0,True,False,undetermined,-3.133536268058421,1.4835362680584214,2.798225779464753,0.25,True,True,no population gap,satterthwaite,0.2296296296296296,0.6091606799187792,inf,-0.825,0.924262803413176,inf,0.0,8,0.00625,0.9875,not read,False
human_split_half | seed=173,gut_diff | education,-1.315217391304348,gut_diff,education,173,21,21,20,23,-0.6879181424635971,-20.0,20.0,True,True,reversed to attenuated,-2.705460051792034,0.0750252691833386,1.057044006321216,0.25,True,True,no population gap,satterthwaite,0.9047619047619048,0.529516665551265,inf,-1.315217391304348,0.556607923637968,inf,0.0,8,0.00625,0.9875,not read,False
human_split_half | seed=173,gut_diff | age,-0.4824561403508772,gut_diff,age,173,20,22,19,24,0.2543801652892563,-20.0,20.0,True,False,undetermined,-1.944014370356928,0.9791020896551736,3.0294116040125414,0.25,True,True,no population gap,satterthwaite,-0.1227272727272728,0.5521907306576648,inf,-0.4824561403508772,0.5851603571093673,inf,0.0,8,0.00625,0.9875,not read,False
human_split_half | seed=174,bjw_score | political_identity,3.208333333333332,bjw_score,political_identity,174,5,29,6,24,0.8318853560232883,-20.0,20.0,True,False,undetermined,-2.171552613855672,8.588219280522335,1.6768475679550148,0.25,True,True,no population gap,satterthwaite,2.668965517241382,2.352640090182898,inf,3.208333333333332,2.1539312751512822,inf,0.0,8,0.00625,0.9875,not read,False
human_split_half | seed=174,bjw_score | sex,-0.2090909090909107,bjw_score,sex,174,29,13,33,10,6.2034367431668285,-20.0,20.0,True,False,undetermined,-3.525107976384918,3.1069261582030965,15.859212060971211,0.25,True,True,no population gap,satterthwaite,-1.297082228116711,1.8330738197295395,inf,-0.2090909090909107,1.3276253326358984,inf,0.0,8,0.00625,0.9875,not read,False
human_split_half | seed=174,bjw_score | education,-1.8500000000000008,bjw_score,education,174,21,21,20,23,-0.1801801801801813,-20.0,20.0,True,False,undetermined,-4.961536301693207,1.2615363016932042,1.6819115144287584,0.25,True,True,no population gap,satterthwaite,0.3333333333333357,1.7839934258845254,inf,-1.8500000000000008,1.2457578877647717,inf,0.0,8,0.00625,0.9875,not read,False
human_split_half | seed=174,bjw_score | age,-2.113425925925928,bjw_score,age,174,23,19,16,27,-0.3280757730317976,-20.0,20.0,True,False,undetermined,-5.364418238218084,1.1375663863662298,1.5382570415226844,0.25,True,True,no population gap,satterthwaite,0.6933638443935912,1.7897998433404276,inf,-2.113425925925928,1.3015915365977655,inf,0.0,8,0.00625,0.9875,not read,False
human_split_half | seed=174,gut_diff | political_identity,1.4166666666666667,gut_diff,political_identity,174,5,29,6,24,-0.04868154158215,-20.0,20.0,True,False,undetermined,-0.9505798623005636,3.7839131956338967,1.670997549859221,0.25,True,True,no population gap,satterthwaite,-0.0689655172413792,1.1114298660802913,inf,1.4166666666666667,0.947768481486119,inf,0.0,8,0.00625,0.9875,not read,False
human_split_half | seed=174,gut_diff | sex,-0.8303030303030303,gut_diff,sex,174,29,13,33,10,-0.2683498228426493,-20.0,20.0,True,False,undetermined,-2.8116513558361422,1.1510452952300814,2.386295428561777,0.25,True,True,no population gap,satterthwaite,0.222811671087533,0.6708376277087165,inf,-0.8303030303030303,0.7932673977157946,inf,0.0,8,0.00625,0.9875,not read,False
human_split_half | seed=174,gut_diff | education,-0.5847826086956521,gut_diff,education,174,21,21,20,23,-0.3257213666135601,-20.0,20.0,True,False,undetermined,-1.9525395103780032,0.7829742929866988,2.3389151478582955,0.25,True,True,no population gap,satterthwaite,0.1904761904761905,0.5970228996888785,inf,-0.5847826086956521,0.547605357484753,inf,0.0,8,0.00625,0.9875,not read,False
human_split_half | seed=174,gut_diff | age,-0.4583333333333332,gut_diff,age,174,23,19,16,27,0.2096941959642186,-20.0,20.0,True,False,undetermined,-1.7948971141172383,0.8782304474505718,2.916139158073975,0.25,True,True,no population gap,satterthwaite,-0.0961098398169335,0.6082486119622368,inf,-0.4583333333333332,0.5351166468815397,inf,0.0,8,0.00625,0.9875,not read,False
human_split_half | seed=175,bjw_score | political_identity,2.094827586206897,bjw_score,political_identity,175,7,24,4,29,1.2161473642955123,-20.0,20.0,True,False,undetermined,-6.838834132381368,11.028489304795162,4.264628639326085,0.25,True,True,no population gap,satterthwaite,2.5476190476190474,1.316910547914005,inf,2.094827586206897,3.576747456392313,inf,0.0,8,0.00625,0.9875,not read,False
human_split_half | seed=175,bjw_score | sex,-1.8641025641025628,bjw_score,sex,175,32,10,30,13,-0.1441712517193952,-20.0,20.0,True,False,undetermined,-6.283834772222744,2.5556296440176185,2.370970510545904,0.25,True,True,no population gap,satterthwaite,0.2687500000000007,1.4086236919685602,inf,-1.8641025641025628,1.7695169608265768,inf,0.0,8,0.00625,0.9875,not read,False
human_split_half | seed=175,bjw_score | education,-2.892543859649121,bjw_score,education,175,22,20,19,24,-0.2671445309807709,-20.0,20.0,True,False,undetermined,-6.411519231681197,0.6264315123829536,1.2165676797927425,0.25,True,True,no population gap,satterthwaite,0.7727272727272734,1.5111241358570582,inf,-2.892543859649121,1.408883233717505,inf,0.0,8,0.00625,0.9875,not read,False
human_split_half | seed=175,bjw_score | age,0.3135964912280684,bjw_score,age,175,20,22,19,24,-7.638652256834126,-20.0,20.0,True,False,undetermined,-3.6008308935090447,4.228023875965182,12.482369842238697,0.25,True,True,no population gap,satterthwaite,-2.395454545454548,1.4403918605188517,inf,0.3135964912280684,1.567209351844964,inf,0.0,8,0.00625,0.9875,not read,False
human_split_half | seed=175,gut_diff | political_identity,1.387931034482759,gut_diff,political_identity,175,7,24,4,29,0.1715468796214138,-20.0,20.0,True,False,undetermined,-1.90195554107781,4.677817610043327,2.370353060652335,0.25,True,True,no population gap,satterthwaite,0.2380952380952381,0.9137479944104692,inf,1.387931034482759,1.317163534015587,inf,0.0,8,0.00625,0.9875,not read,False
human_split_half | seed=175,gut_diff | sex,-0.1102564102564102,gut_diff,sex,175,32,10,30,13,3.968023255813955,-20.0,20.0,True,False,undetermined,-1.7738391853029492,1.5533263647901283,15.088308889956988,0.25,True,True,no population gap,satterthwaite,-0.4375,0.8143718581586953,inf,-0.1102564102564102,0.6660444111920159,inf,0.0,8,0.00625,0.9875,not read,False
human_split_half | seed=175,gut_diff | education,-0.1885964912280701,gut_diff,education,175,22,20,19,24,1.3496828752642716,-20.0,20.0,True,False,undetermined,-1.505933275756671,1.128740293300531,6.9849485319190965,0.25,True,True,no population gap,satterthwaite,-0.2545454545454546,0.6873312272241846,inf,-0.1885964912280701,0.5274187832152747,inf,0.0,8,0.00625,0.9875,not read,False
human_split_half | seed=175,gut_diff | age,0.0942982456140349,gut_diff,age,175,20,22,19,24,-7.423255813953495,-20.0,20.0,True,False,undetermined,-1.2247041166356865,1.4133006078637562,13.9875599345552,0.25,True,True,no population gap,satterthwaite,-0.7,0.6358271487840104,inf,0.0942982456140349,0.5280856263379603,inf,0.0,8,0.00625,0.9875,not read,False
human_split_half | seed=176,bjw_score | political_identity,5.247252747252745,bjw_score,political_identity,176,4,27,7,26,0.0176459181694782,-2.6668603766798595,2.872201830590562,False,False,undetermined,0.4721634560025824,10.022342038502906,0.9100170167618116,0.25,False,True,reference too imprecise,satterthwaite,0.0925925925925916,2.410729821553756,inf,5.247252747252745,1.91179037381596,inf,0.0,8,0.00625,0.9875,not read,False
human_split_half | seed=176,bjw_score | sex,-1.8878787878787904,bjw_score,sex,176,29,13,33,10,-0.3639018865675195,-20.0,20.0,True,False,undetermined,-7.161850844703969,3.3860932689463885,2.7935967556216803,0.25,True,True,no population gap,satterthwaite,0.6870026525198938,1.3951433074644497,inf,-1.8878787878787904,2.1115267998209486,inf,0.0,8,0.00625,0.9875,not read,False
human_split_half | seed=176,bjw_score | education,-1.4264069264069263,bjw_score,education,176,19,23,22,21,0.011229829538549,-20.0,20.0,True,False,undetermined,-5.083590175921204,2.230776323107352,2.5639129913135,0.25,True,True,no population gap,satterthwaite,-0.0160183066361554,1.6798322753828443,inf,-1.4264069264069263,1.464217170664019,inf,0.0,8,0.00625,0.9875,not read,False
human_split_half | seed=176,bjw_score | age,-1.2155555555555573,bjw_score,age,176,21,21,18,25,0.7443196657090616,-20.0,20.0,True,False,undetermined,-5.0338934098249375,2.602782298713823,3.1412285821228862,0.25,True,True,no population gap,satterthwaite,-0.9047619047619052,1.6162827180005146,inf,-1.2155555555555573,1.5287382305385369,inf,0.0,8,0.00625,0.9875,not read,False
human_split_half | seed=176,gut_diff | political_identity,1.7032967032967037,gut_diff,political_identity,176,4,27,7,26,-0.5870967741935483,-20.0,20.0,True,True,reversed or missing,-0.5371280389278277,3.9437214455212346,1.3153461389834342,0.25,True,True,no population gap,satterthwaite,-1.0,0.3733583292472884,inf,1.7032967032967037,0.8969931647754747,inf,0.0,8,0.00625,0.9875,not read,False
human_split_half | seed=176,gut_diff | sex,-0.5484848484848484,gut_diff,sex,176,29,13,33,10,0.111229977871243,-20.0,20.0,True,False,undetermined,-3.009084943466759,1.9121152464970623,4.486176968751551,0.25,True,True,no population gap,satterthwaite,-0.0610079575596818,0.5570615117133039,inf,-0.5484848484848484,0.985144211652106,inf,0.0,8,0.00625,0.9875,not read,False
human_split_half | seed=176,gut_diff | education,0.3593073593073592,gut_diff,education,176,19,23,22,21,-2.337321827355188,-20.0,20.0,True,False,undetermined,-1.130492608715939,1.8491073273306573,4.146310754378096,0.25,True,True,no population gap,satterthwaite,-0.839816933638444,0.5269568425179376,inf,0.3593073593073592,0.5964674300430904,inf,0.0,8,0.00625,0.9875,not read,False
human_split_half | seed=176,gut_diff | age,0.2844444444444445,gut_diff,age,176,21,21,18,25,-2.845982142857143,-20.0,20.0,True,False,undetermined,-1.2821049420163055,1.8509938309051943,5.507400186776073,0.25,True,True,no population gap,satterthwaite,-0.8095238095238096,0.5542419680946458,inf,0.2844444444444445,0.6271953998076681,inf,0.0,8,0.00625,0.9875,not read,False
human_split_half | seed=177,bjw_score | political_identity,5.1321839080459775,bjw_score,political_identity,177,5,24,6,29,0.0974244120940649,-1.583976607525535,1.898198211933588,False,False,undetermined,1.9689096723133488,8.295458143778607,0.616360265417108,0.25,False,True,reference too imprecise,satterthwaite,0.5,2.8128052380875563,inf,5.1321839080459775,1.2664720730343415,inf,0.0,8,0.00625,0.9875,not read,False
human_split_half | seed=177,bjw_score | sex,0.5358974358974358,bjw_score,sex,177,32,10,30,13,-3.69706937799043,-20.0,20.0,True,False,undetermined,-3.0877349401508303,4.159529811945702,6.76180204142978,0.25,True,True,no population gap,satterthwaite,-1.9812499999999995,1.7940680738656336,inf,0.5358974358974358,1.450784492652537,inf,0.0,8,0.00625,0.9875,not read,False
human_split_half | seed=177,bjw_score | education,-1.461038961038959,bjw_score,education,177,20,22,21,22,0.1182222222222218,-20.0,20.0,True,False,undetermined,-5.012412010908921,2.090334088831003,2.430717554133222,0.25,True,True,no population gap,satterthwaite,-0.1727272727272719,1.6665672501877555,inf,-1.461038961038959,1.4218542097237457,inf,0.0,8,0.00625,0.9875,not read,False
human_split_half | seed=177,bjw_score | age,-3.5086580086580064,bjw_score,age,177,18,24,21,22,-0.4868908081431225,-14.951499411700624,1.0798693924465608,False,False,undetermined,-6.891922299047383,-0.1253937182686288,0.964261629956751,0.25,False,True,reference too imprecise,satterthwaite,1.7083333333333357,1.6445089716541408,inf,-3.5086580086580064,1.3545489325809634,inf,0.0,8,0.00625,0.9875,not read,False
human_split_half | seed=177,gut_diff | political_identity,1.0862068965517242,gut_diff,political_identity,177,5,24,6,29,0.3068783068783069,-20.0,20.0,True,False,undetermined,-1.3704205863451446,3.542834379448593,2.261657047746324,0.25,True,True,no population gap,satterthwaite,0.3333333333333333,1.10125804268634,inf,1.0862068965517242,0.9835537070395524,inf,0.0,8,0.00625,0.9875,not read,False
human_split_half | seed=177,gut_diff | sex,-0.3487179487179488,gut_diff,sex,177,32,10,30,13,0.0537683823529412,-20.0,20.0,True,False,undetermined,-2.2544887263572653,1.5570528289213676,5.465077965289215,0.25,True,True,no population gap,satterthwaite,-0.01875,0.5671798494880751,inf,-0.3487179487179488,0.763008606784967,inf,0.0,8,0.00625,0.9875,not read,False
human_split_half | seed=177,gut_diff | education,0.0173160173160173,gut_diff,education,177,20,22,21,22,-25.98749999999988,-20.0,20.0,True,False,undetermined,-1.4324154150417672,1.467047449673802,83.72199021866167,0.25,True,True,no population gap,satterthwaite,-0.4499999999999999,0.5731220877647419,inf,0.0173160173160173,0.5804252921675545,inf,0.0,8,0.00625,0.9875,not read,False
human_split_half | seed=177,gut_diff | age,-0.3549783549783549,gut_diff,age,177,18,24,21,22,0.8607723577235771,-20.0,20.0,True,False,undetermined,-1.8076607228510373,1.0977040128943276,4.092312524129143,0.25,True,True,no population gap,satterthwaite,-0.3055555555555554,0.5496340039699578,inf,-0.3549783549783549,0.581606750726135,inf,0.0,8,0.00625,0.9875,not read,False
human_split_half | seed=178,bjw_score | political_identity,1.7586206896551708,bjw_score,political_identity,178,8,24,3,29,1.5163398692810477,-20.0,20.0,True,False,undetermined,-5.686668274872041,9.203909654182382,4.233595685711555,0.25,True,True,no population gap,satterthwaite,2.666666666666668,1.7800041657583765,inf,1.7586206896551708,2.980851436379061,inf,0.0,8,0.00625,0.9875,not read,False
human_split_half | seed=178,bjw_score | sex,-0.6102150537634436,bjw_score,sex,178,31,11,31,12,1.3263916700039975,-20.0,20.0,True,False,undetermined,-4.315106770841331,3.094676663314444,6.071452505519683,0.25,True,True,no population gap,satterthwaite,-0.8093841642228732,1.7342197482316517,inf,-0.6102150537634436,1.4833180886729764,inf,0.0,8,0.00625,0.9875,not read,False
human_split_half | seed=178,bjw_score | education,-0.5108225108225106,bjw_score,education,178,19,23,22,21,1.5589341814373758,-20.0,20.0,True,False,undetermined,-4.186541045506278,3.164896023861257,7.195686283999582,0.25,True,True,no population gap,satterthwaite,-0.7963386727688757,1.5309246807072736,inf,-0.5108225108225106,1.4716380957193675,inf,0.0,8,0.00625,0.9875,not read,False
human_split_half | seed=178,bjw_score | age,-0.0500000000000007,bjw_score,age,178,19,23,20,23,35.14874141876376,-20.0,20.0,True,False,undetermined,-3.670398554390136,3.570398554390134,72.40797108780167,0.25,True,True,no population gap,satterthwaite,-1.757437070938213,1.513165837309858,inf,-0.0500000000000007,1.4494897756871432,inf,0.0,8,0.00625,0.9875,not read,False
human_split_half | seed=178,gut_diff | political_identity,-1.103448275862069,gut_diff,political_identity,178,8,24,3,29,-1.3216145833333333,-20.0,0.7204445426098199,True,False,reversed to attenuated,-2.1387276411484875,-0.0681689105756504,0.9382219247908168,0.25,False,True,reversed to attenuated,satterthwaite,1.4583333333333333,0.8512947280806318,inf,-1.103448275862069,0.41449217052163,inf,0.0,8,0.00625,0.9875,not kept,False
human_split_half | seed=178,gut_diff | sex,-0.2069892473118278,gut_diff,sex,178,31,11,31,12,1.515938606847699,-20.0,20.0,True,False,undetermined,-2.070575680432089,1.6565971858084336,9.003300689879708,0.25,True,True,no population gap,satterthwaite,-0.3137829912023462,0.6720754041037466,inf,-0.2069892473118278,0.7461193678915616,inf,0.0,8,0.00625,0.9875,not read,False
human_split_half | seed=178,gut_diff | education,-0.3614718614718614,gut_diff,education,178,19,23,22,21,-0.0822976472683923,-20.0,20.0,True,False,undetermined,-2.0038017821958776,1.280858059252155,4.543451636973028,0.25,True,True,no population gap,satterthwaite,0.0297482837528604,0.5247738395784003,inf,-0.3614718614718614,0.6575354598757832,inf,0.0,8,0.00625,0.9875,not read,False
human_split_half | seed=178,gut_diff | age,-0.1260869565217391,gut_diff,age,178,19,23,20,23,3.575317604355716,-20.0,20.0,True,False,undetermined,-1.703266790476491,1.451092877433013,12.508667648606648,0.25,True,True,no population gap,satterthwaite,-0.4508009153318077,0.5075507248482006,inf,-0.1260869565217391,0.6314514850761948,inf,0.0,8,0.00625,0.9875,not read,False
human_split_half | seed=179,bjw_score | political_identity,5.903225806451612,bjw_score,political_identity,179,7,22,4,31,0.2133986232346892,-0.8349510864164649,1.5570357548940676,False,False,undetermined,2.128218400211409,9.678233212691817,0.6394821289259361,0.25,False,True,reference too imprecise,satterthwaite,1.259740259740262,2.132292623643645,inf,5.903225806451612,1.5113901290931655,inf,0.0,8,0.00625,0.9875,not read,False
human_split_half | seed=179,bjw_score | sex,-0.9431818181818166,bjw_score,sex,179,30,12,32,11,0.3357429718875505,-20.0,20.0,True,False,undetermined,-5.241316875697484,3.3549532393338506,4.557058856161197,0.25,True,True,no population gap,satterthwaite,-0.3166666666666664,1.6088381129478115,inf,-0.9431818181818166,1.7208334184192895,inf,0.0,8,0.00625,0.9875,not read,False
human_split_half | seed=179,bjw_score | education,1.3642533936651589,bjw_score,education,179,24,18,17,26,-2.3924359683066143,-20.0,20.0,True,False,undetermined,-2.594730805033745,5.323237592364063,2.901941983125896,0.25,True,True,no population gap,satterthwaite,-3.2638888888888893,1.578164292250815,inf,1.3642533936651589,1.5850484503045783,inf,0.0,8,0.00625,0.9875,not read,False
human_split_half | seed=179,bjw_score | age,-1.995670995670995,bjw_score,age,179,18,24,21,22,-0.1252711496746204,-20.0,20.0,True,False,undetermined,-5.726880719808278,1.7355387284662882,1.869651727279204,0.25,True,True,no population gap,satterthwaite,0.25,1.5945135278582196,inf,-1.995670995670995,1.4938549623281705,inf,0.0,8,0.00625,0.9875,not read,False
human_split_half | seed=179,gut_diff | political_identity,1.9596774193548387,gut_diff,political_identity,179,7,22,4,31,0.1159745604190048,-20.0,20.0,True,False,undetermined,-0.8883051023074564,4.807659941017134,1.453291492535492,0.25,True,True,no population gap,satterthwaite,0.2272727272727273,0.9046096576185304,inf,1.9596774193548387,1.1402395301145447,inf,0.0,8,0.00625,0.9875,not read,False
human_split_half | seed=179,gut_diff | sex,-1.1193181818181817,gut_diff,sex,179,30,12,32,11,-0.4913705583756346,-20.0,20.0,True,False,undetermined,-3.029771985790055,0.7911356221536916,1.706801368015481,0.25,True,True,no population gap,satterthwaite,0.55,0.5993495127674582,inf,-1.1193181818181817,0.7648835381457928,inf,0.0,8,0.00625,0.9875,not read,False
human_split_half | seed=179,gut_diff | education,0.6877828054298643,gut_diff,education,179,24,18,17,26,-1.332785087719298,-20.0,20.0,True,False,undetermined,-0.7469085350427489,2.122474145902477,2.0859656989766284,0.25,True,True,no population gap,satterthwaite,-0.9166666666666664,0.637125682463574,inf,0.6877828054298643,0.5744037287718572,inf,0.0,8,0.00625,0.9875,not read,False
human_split_half | seed=179,gut_diff | age,-0.0303030303030302,gut_diff,age,179,18,24,21,22,21.08333333333335,-20.0,20.0,True,False,undetermined,-1.398750899877095,1.3381448392710344,45.158779695944176,0.25,True,True,no population gap,satterthwaite,-0.6388888888888888,0.5747122626440024,inf,-0.0303030303030302,0.5478819985449348,inf,0.0,8,0.00625,0.9875,not read,False
human_split_half | seed=180,bjw_score | political_identity,3.641379310344828,bjw_score,political_identity,180,6,24,5,29,0.7437657828282824,-1.3753288835388062,5.196149877151888,False,False,undetermined,0.7957922242647832,6.486966396424872,0.7814585747757697,0.25,False,True,reference too imprecise,satterthwaite,2.708333333333332,2.662574444686556,inf,3.641379310344828,1.139280475653378,inf,0.0,8,0.00625,0.9875,not read,False
human_split_half | seed=180,bjw_score | sex,0.0512820512820511,bjw_score,sex,180,32,10,30,13,-27.056250000000084,-20.0,20.0,True,False,undetermined,-4.1288861520639575,4.23145025462806,81.51327996524746,0.25,True,True,no population gap,satterthwaite,-1.3874999999999993,1.5240613133113523,inf,0.0512820512820511,1.6736033285769574,inf,0.0,8,0.00625,0.9875,not read,False
human_split_half | seed=180,bjw_score | education,0.5466666666666669,bjw_score,education,180,16,26,25,18,-4.669910881801127,-20.0,20.0,True,False,undetermined,-3.1680962684196867,4.26142960175302,6.7952980519872295,0.25,True,True,no population gap,satterthwaite,-2.5528846153846168,1.5909545180748372,inf,0.5466666666666669,1.4872702031603442,inf,0.0,8,0.00625,0.9875,not read,False
human_split_half | seed=180,bjw_score | age,0.495670995670995,bjw_score,age,180,18,24,21,22,-5.015647743813688,-20.0,20.0,True,False,undetermined,-3.119890502454305,4.111232493796296,7.294276908881619,0.25,True,True,no population gap,satterthwaite,-2.4861111111111107,1.5453650793008484,inf,0.495670995670995,1.4475531757534703,inf,0.0,8,0.00625,0.9875,not read,False
human_split_half | seed=180,gut_diff | political_identity,-0.7724137931034482,gut_diff,political_identity,180,6,24,5,29,-2.643229166666667,-20.0,20.0,True,False,undetermined,-2.0734435602110404,0.5286159740041442,1.6843688949160796,0.25,True,True,no population gap,satterthwaite,2.0416666666666665,1.0456513532309286,inf,-0.7724137931034482,0.5208899840599878,inf,0.0,8,0.00625,0.9875,not read,False
human_split_half | seed=180,gut_diff | sex,-0.5512820512820512,gut_diff,sex,180,32,10,30,13,-0.158720930232558,-20.0,20.0,True,False,undetermined,-2.274300036418361,1.1717359338542592,3.1254744846658657,0.25,True,True,no population gap,satterthwaite,0.0874999999999999,0.7297104627264476,inf,-0.5512820512820512,0.6898403353276262,inf,0.0,8,0.00625,0.9875,not read,False
human_split_half | seed=180,gut_diff | education,0.0,gut_diff,education,180,16,26,25,18,-370192307692.3077,-20.0,20.0,True,False,undetermined,-1.356831143953571,1.3568311439555711,1356831143954.571,0.25,True,True,no population gap,satterthwaite,-0.3701923076923077,0.6309069636658005,inf,1e-12,0.5432310396078309,inf,0.0,8,0.00625,0.9875,not read,False
human_split_half | seed=180,gut_diff | age,0.0,gut_diff,age,180,18,24,21,22,-583333333333.3334,-20.0,20.0,True,False,undetermined,-1.33474624464576,1.3347462446477605,1334746244646.7605,0.25,True,True,no population gap,satterthwaite,-0.5833333333333334,0.6052317730849421,inf,1e-12,0.534388964553709,inf,0.0,8,0.00625,0.9875,not read,False
human_split_half | seed=181,bjw_score | political_identity,2.285,bjw_score,political_identity,181,3,28,8,25,1.7297072001667186,-20.0,20.0,True,True,undetermined,-3.110508983484361,7.680508983484361,2.3612730781113176,0.25,True,True,no population gap,satterthwaite,3.952380952380953,0.8891979981002994,inf,2.285,2.160186230520174,inf,0.0,8,0.00625,0.9875,not read,False
human_split_half | seed=181,bjw_score | sex,-0.9886363636363632,bjw_score,sex,181,30,12,32,11,0.3540229885057487,-20.0,20.0,True,False,undetermined,-5.869977730531945,3.892705003259218,4.9374487389288655,0.25,True,True,no population gap,satterthwaite,-0.3500000000000014,1.33062834054862,inf,-0.9886363636363632,1.954330247528708,inf,0.0,8,0.00625,0.9875,not read,False
human_split_half | seed=181,bjw_score | education,-0.9760869565217368,bjw_score,education,181,18,24,23,20,0.7968324672110889,-20.0,20.0,True,False,undetermined,-5.120977428107914,3.1688035150644405,4.2464356724491,0.25,True,True,no population gap,satterthwaite,-0.7777777777777786,1.5279109032977654,inf,-0.9760869565217368,1.6594792726955123,inf,0.0,8,0.00625,0.9875,not read,False
human_split_half | seed=181,bjw_score | age,-1.937229437229437,bjw_score,age,181,17,25,22,21,-0.0085021360499503,-20.0,20.0,True,False,undetermined,-6.004221630985491,2.129762756526617,2.099385914542232,0.25,True,True,no population gap,satterthwaite,0.0164705882352933,1.3759091050651886,inf,-1.937229437229437,1.6282913370132706,inf,0.0,8,0.00625,0.9875,not read,False
human_split_half | seed=181,gut_diff | political_identity,1.1,gut_diff,political_identity,181,3,28,8,25,-0.7142857142857142,-20.0,20.0,True,True,undetermined,-1.2418612329029712,3.4418612329029714,2.1289647571845194,0.25,True,True,no population gap,satterthwaite,-0.7857142857142857,0.2621884089582616,inf,1.1,0.9376050349635487,inf,0.0,8,0.00625,0.9875,not read,False
human_split_half | seed=181,gut_diff | sex,-0.8693181818181817,gut_diff,sex,181,30,12,32,11,-0.3259259259259259,-20.0,20.0,True,False,undetermined,-2.951121196626186,1.2124848329898228,2.3947537948118227,0.25,True,True,no population gap,satterthwaite,0.2833333333333332,0.5142187985929345,inf,-0.8693181818181817,0.8334861865690881,inf,0.0,8,0.00625,0.9875,not read,False
human_split_half | seed=181,gut_diff | education,-0.1217391304347828,gut_diff,education,181,18,24,23,20,4.1071428571428505,-20.0,20.0,True,False,undetermined,-1.8423844742809952,1.5989062134114296,14.133872467308151,0.25,True,True,no population gap,satterthwaite,-0.5,0.4241843190475236,inf,-0.1217391304347828,0.6888904069593255,inf,0.0,8,0.00625,0.9875,not read,False
human_split_half | seed=181,gut_diff | age,-0.6298701298701299,gut_diff,age,181,17,25,22,21,0.2390782292298363,-20.0,20.0,True,False,undetermined,-2.309342976408072,1.049602716667812,2.666379570792196,0.25,True,True,no population gap,satterthwaite,-0.1505882352941177,0.4172367681731686,inf,-0.6298701298701299,0.6724062787642467,inf,0.0,8,0.00625,0.9875,not read,False
human_split_half | seed=182,bjw_score | political_identity,0.3846153846153832,bjw_score,political_identity,182,5,27,6,26,15.58074074074079,-20.0,20.0,True,True,undetermined,-5.278465888197689,6.047696657428456,14.724011309314042,0.25,True,True,no population gap,satterthwaite,5.99259259259259,1.6899568357242525,inf,0.3846153846153832,2.2673134685334766,inf,0.0,8,0.00625,0.9875,not read,False
human_split_half | seed=182,bjw_score | sex,0.5482954545454533,bjw_score,sex,182,30,12,32,11,-3.404490500863566,-20.0,20.0,True,False,undetermined,-3.641308293685719,4.737899202776625,7.641142587447544,0.25,True,True,no population gap,satterthwaite,-1.8666666666666671,1.7115401989139158,inf,0.5482954545454533,1.677381013722284,inf,0.0,8,0.00625,0.9875,not read,False
human_split_half | seed=182,bjw_score | education,-0.8347826086956509,bjw_score,education,182,18,24,23,20,1.2811053240740784,-20.0,20.0,True,False,undetermined,-4.136239305273207,2.4666740878819056,3.954870001108538,0.25,True,True,no population gap,satterthwaite,-1.0694444444444464,1.7887802879710175,inf,-0.8347826086956509,1.321795833986332,inf,0.0,8,0.00625,0.9875,not read,False
human_split_half | seed=182,bjw_score | age,-0.6710526315789487,bjw_score,age,182,20,22,19,24,1.6595365418894794,-20.0,20.0,True,False,undetermined,-4.090224246121807,2.748118982963909,5.095236131475621,0.25,True,True,no population gap,satterthwaite,-1.113636363636363,1.7475340018681351,inf,-0.6710526315789487,1.3689250567702853,inf,0.0,8,0.00625,0.9875,not read,False
human_split_half | seed=182,gut_diff | political_identity,0.141025641025641,gut_diff,political_identity,182,5,27,6,26,11.030303030303026,-20.0,20.0,True,False,undetermined,-2.135745205944351,2.417796487995633,16.1443750966963,0.25,True,True,no population gap,satterthwaite,1.5555555555555556,0.9967656007140676,inf,0.141025641025641,0.9115449624361812,inf,0.0,8,0.00625,0.9875,not read,False
human_split_half | seed=182,gut_diff | sex,0.1136363636363636,gut_diff,sex,182,30,12,32,11,-4.693333333333332,-20.0,20.0,True,False,undetermined,-1.349211048815341,1.5764837760880686,12.873057229575002,0.25,True,True,no population gap,satterthwaite,-0.5333333333333332,0.7991305931749686,inf,0.1136363636363636,0.5856765038114217,inf,0.0,8,0.00625,0.9875,not read,False
human_split_half | seed=182,gut_diff | education,-0.2413043478260869,gut_diff,education,182,18,24,23,20,0.0575575575575573,-20.0,20.0,True,False,undetermined,-1.4661295964919026,0.9835209008397288,5.075852381858337,0.25,True,True,no population gap,satterthwaite,-0.0138888888888888,0.6409099139286836,inf,-0.2413043478260869,0.4903801745229755,inf,0.0,8,0.00625,0.9875,not read,False
human_split_half | seed=182,gut_diff | age,-0.0657894736842105,gut_diff,age,182,20,22,19,24,8.774545454545459,-20.0,20.0,True,False,undetermined,-1.3014000414448486,1.1698210940764278,18.781280629961707,0.25,True,True,no population gap,satterthwaite,-0.5772727272727274,0.6356057428857697,inf,-0.0657894736842105,0.4946982653410461,inf,0.0,8,0.00625,0.9875,not read,False
human_split_half | seed=183,bjw_score | political_identity,3.1185185185185205,bjw_score,political_identity,183,6,26,5,27,0.9619952494061752,-20.0,20.0,True,False,undetermined,-3.352770795892047,9.589807832929088,2.0751165259986366,0.25,True,True,no population gap,satterthwaite,3.0,1.7998276484896492,inf,3.1185185185185205,2.59089366980804,inf,0.0,8,0.00625,0.9875,not read,False
human_split_half | seed=183,bjw_score | sex,-2.287581699346404,bjw_score,sex,183,28,14,34,9,-0.2810204081632652,-20.0,20.0,True,False,undetermined,-6.283824731368541,1.7086613326757325,1.746929096855392,0.25,True,True,no population gap,satterthwaite,0.6428571428571423,1.4885301262786983,inf,-2.287581699346404,1.599965674788211,inf,0.0,8,0.00625,0.9875,not read,False
human_split_half | seed=183,bjw_score | education,-0.7521739130434781,bjw_score,education,183,21,21,20,23,1.2028626479493538,-20.0,20.0,True,False,undetermined,-4.974836974788741,3.470489148701785,5.613945110990813,0.25,True,True,no population gap,satterthwaite,-0.9047619047619052,1.372923237192059,inf,-0.7521739130434781,1.690616887124068,inf,0.0,8,0.00625,0.9875,not read,False
human_split_half | seed=183,bjw_score | age,-3.1038961038961013,bjw_score,age,183,18,24,21,22,-0.4385169688516971,-20.0,20.0,True,False,undetermined,-7.157087462978253,0.9492952551860504,1.305839893930234,0.25,True,True,no population gap,satterthwaite,1.3611111111111107,1.4010555935960345,inf,-3.1038961038961013,1.6227659318803156,inf,0.0,8,0.00625,0.9875,not read,False
human_split_half | seed=183,gut_diff | political_identity,1.6148148148148147,gut_diff,political_identity,183,6,26,5,27,0.0238179251940719,-20.0,20.0,True,False,undetermined,-1.4785985496305418,4.708228179260171,1.915645890826253,0.25,True,True,no population gap,satterthwaite,0.0384615384615384,0.7689499930800762,inf,1.6148148148148147,1.2385020533997064,inf,0.0,8,0.00625,0.9875,not read,False
human_split_half | seed=183,gut_diff | sex,-0.3790849673202614,gut_diff,sex,183,28,14,34,9,0.6594827586206897,-20.0,20.0,True,False,undetermined,-2.2176159861498568,1.459446051509334,4.849918032429795,0.25,True,True,no population gap,satterthwaite,-0.25,0.6675322096986045,inf,-0.3790849673202614,0.7360879952969928,inf,0.0,8,0.00625,0.9875,not read,False
human_split_half | seed=183,gut_diff | education,-0.1978260869565218,gut_diff,education,183,21,21,20,23,0.962846677132391,-20.0,20.0,True,False,undetermined,-1.7050199812228326,1.309367807309789,7.618782322664865,0.25,True,True,no population gap,satterthwaite,-0.1904761904761904,0.5454766471598674,inf,-0.1978260869565218,0.6034313921233786,inf,0.0,8,0.00625,0.9875,not read,False
human_split_half | seed=183,gut_diff | age,-0.6861471861471861,gut_diff,age,183,18,24,21,22,-0.1012092534174552,-20.0,20.0,True,False,undetermined,-2.1644934554571647,0.7921990831627924,2.154561439814543,0.25,True,True,no population gap,satterthwaite,0.0694444444444444,0.5747704235517602,inf,-0.6861471861471861,0.5918817417744257,inf,0.0,8,0.00625,0.9875,not read,False
human_split_half | seed=184,bjw_score | political_identity,1.3928571428571423,bjw_score,political_identity,184,7,25,4,28,3.3805128205128203,-20.0,20.0,True,True,undetermined,-6.292107583516177,9.077821869230462,5.517410572780847,0.25,True,True,no population gap,satterthwaite,4.708571428571426,1.718844384292087,inf,1.3928571428571423,3.076809812523779,inf,0.0,8,0.00625,0.9875,not read,False
human_split_half | seed=184,bjw_score | sex,-0.7785714285714285,bjw_score,sex,184,27,15,35,8,1.4651715936119587,-20.0,20.0,True,False,undetermined,-4.792088723754133,3.234945866611276,5.154976342436502,0.25,True,True,no population gap,satterthwaite,-1.140740740740739,1.5317375083172935,inf,-0.7785714285714285,1.6068817276640497,inf,0.0,8,0.00625,0.9875,not read,False
human_split_half | seed=184,bjw_score | education,0.2380952380952372,bjw_score,education,184,20,22,21,22,-8.151818181818212,-20.0,20.0,True,False,undetermined,-3.773488027557086,4.24967850374756,16.848649715739818,0.25,True,True,no population gap,satterthwaite,-1.940909090909092,1.3873152793218906,inf,0.2380952380952372,1.6061074051721889,inf,0.0,8,0.00625,0.9875,not read,False
human_split_half | seed=184,bjw_score | age,-3.225877192982459,bjw_score,age,184,20,22,19,24,-0.4635807428465482,-20.0,20.0,True,False,undetermined,-7.050500465915747,0.5987460799508293,1.1856072144511067,0.25,True,True,no population gap,satterthwaite,1.495454545454546,1.446774866653441,inf,-3.225877192982459,1.5312547076479976,inf,0.0,8,0.00625,0.9875,not read,False
human_split_half | seed=184,gut_diff | political_identity,1.75,gut_diff,political_identity,184,7,25,4,28,0.2285714285714286,-20.0,20.0,True,False,undetermined,-1.1975543446912655,4.697554344691266,1.6843167683950089,0.25,True,True,no population gap,satterthwaite,0.4,0.7748121842440426,inf,1.75,1.1801048480508831,inf,0.0,8,0.00625,0.9875,not read,False
human_split_half | seed=184,gut_diff | sex,-0.0321428571428572,gut_diff,sex,184,27,15,35,8,18.897119341563723,-20.0,20.0,True,False,undetermined,-1.6278451359444035,1.5635594216586892,49.64407089604794,0.25,True,True,no population gap,satterthwaite,-0.6074074074074074,0.664279582388411,inf,-0.0321428571428572,0.6388672692841519,inf,0.0,8,0.00625,0.9875,not read,False
human_split_half | seed=184,gut_diff | education,0.2489177489177489,gut_diff,education,184,20,22,21,22,-2.7573913043478258,-20.0,20.0,True,False,undetermined,-1.2741374801896388,1.7719729780251368,6.118708833457504,0.25,True,True,no population gap,satterthwaite,-0.6863636363636365,0.5384591628201431,inf,0.2489177489177489,0.6097817544758916,inf,0.0,8,0.00625,0.9875,not read,False
human_split_half | seed=184,gut_diff | age,-0.5307017543859649,gut_diff,age,184,20,22,19,24,0.0342599549211119,-20.0,20.0,True,False,undetermined,-1.9481464790994725,0.8867429703275427,2.6708875804518986,0.25,True,True,no population gap,satterthwaite,-0.0181818181818181,0.5439189780870928,inf,-0.5307017543859649,0.5674987450159349,inf,0.0,8,0.00625,0.9875,not read,False
human_split_half | seed=185,bjw_score | political_identity,0.9310344827586192,bjw_score,political_identity,185,4,24,7,29,6.7129629629629735,-20.0,20.0,True,True,kept or steepened,-4.651920859425983,6.513989824943222,5.996507589753842,0.25,True,True,no population gap,satterthwaite,6.25,1.1587901894026666,inf,0.9310344827586192,2.235233653157197,inf,0.0,8,0.00625,0.9875,not read,False
human_split_half | seed=185,bjw_score | sex,-0.8398692810457504,bjw_score,sex,185,28,14,34,9,0.722901612006672,-20.0,20.0,True,False,undetermined,-5.51296038712804,3.83322182503654,5.56406956599682,0.25,True,True,no population gap,satterthwaite,-0.6071428571428577,1.4842167475588277,inf,-0.8398692810457504,1.8709536194315024,inf,0.0,8,0.00625,0.9875,not read,False
human_split_half | seed=185,bjw_score | education,-0.1601731601731622,bjw_score,education,185,20,22,21,22,9.393243243243122,-20.0,20.0,True,False,undetermined,-4.397120866938445,4.07677454659212,26.45229514223697,0.25,True,True,no population gap,satterthwaite,-1.504545454545454,1.3864406250040815,inf,-0.1601731601731622,1.6963359941767242,inf,0.0,8,0.00625,0.9875,not read,False
human_split_half | seed=185,bjw_score | age,-1.0497835497835482,bjw_score,age,185,17,25,22,21,0.8517161916312934,-20.0,20.0,True,False,undetermined,-5.303293773466014,3.2037266738989176,4.051797367714025,0.25,True,True,no population gap,satterthwaite,-0.8941176470588239,1.5053734403602843,inf,-1.0497835497835482,1.7029670870164866,inf,0.0,8,0.00625,0.9875,not read,False
human_split_half | seed=185,gut_diff | political_identity,0.1921182266009851,gut_diff,political_identity,185,4,24,7,29,8.024572649572654,-20.0,20.0,True,False,undetermined,-2.126684037158708,2.510920490360678,12.069663065210715,0.25,True,True,no population gap,satterthwaite,1.5416666666666663,1.3161700762015538,inf,0.1921182266009851,0.9283729740429254,inf,0.0,8,0.00625,0.9875,not read,False
human_split_half | seed=185,gut_diff | sex,-0.6013071895424835,gut_diff,sex,185,28,14,34,9,0.1781832298136647,-20.0,20.0,True,False,undetermined,-2.8206211957411105,1.6180068166561432,3.69081568422163,0.25,True,True,no population gap,satterthwaite,-0.1071428571428572,0.6288714493720041,inf,-0.6013071895424835,0.8885411130007682,inf,0.0,8,0.00625,0.9875,not read,False
human_split_half | seed=185,gut_diff | education,-0.0324675324675323,gut_diff,education,185,20,22,21,22,12.180000000000057,-20.0,20.0,True,False,undetermined,-1.588509585167856,1.5235745202327913,47.92609522317019,0.25,True,True,no population gap,satterthwaite,-0.3954545454545454,0.5278939052531355,inf,-0.0324675324675323,0.6229886052720217,inf,0.0,8,0.00625,0.9875,not read,False
human_split_half | seed=185,gut_diff | age,-0.2467532467532467,gut_diff,age,185,17,25,22,21,1.8308359133126937,-20.0,20.0,True,False,undetermined,-1.7942842044141225,1.300777710907629,6.271572828415129,0.25,True,True,no population gap,satterthwaite,-0.4517647058823529,0.4927492185400902,inf,-0.2467532467532467,0.6195810397639034,inf,0.0,8,0.00625,0.9875,not read,False
human_split_half | seed=186,bjw_score | political_identity,4.87912087912088,bjw_score,political_identity,186,4,27,7,26,-0.1157615949282612,-1.979036599429314,1.6003895896773108,False,False,undetermined,1.8377750361965488,7.92046672204521,0.6233389002389955,0.25,False,True,reference too imprecise,satterthwaite,-0.5648148148148131,2.727831452512219,inf,4.87912087912088,1.217655912027072,inf,0.0,8,0.00625,0.9875,not read,False
human_split_half | seed=186,bjw_score | sex,0.921182266009854,bjw_score,sex,186,33,9,29,14,-2.620698968292547,-20.0,20.0,True,False,undetermined,-2.762996703421184,4.605361235440892,3.999402838473257,0.25,True,True,no population gap,satterthwaite,-2.414141414141416,1.8788011239979223,inf,0.921182266009854,1.4750253784949516,inf,0.0,8,0.00625,0.9875,not read,False
human_split_half | seed=186,bjw_score | education,0.8706140350877192,bjw_score,education,186,17,25,24,19,-3.40260186694325,-20.0,20.0,True,False,undetermined,-2.481653649810491,4.22288171998593,3.850463638069481,0.25,True,True,no population gap,satterthwaite,-2.9623529411764693,1.5804096683174338,inf,0.8706140350877192,1.3421389003523367,inf,0.0,8,0.00625,0.9875,not read,False
human_split_half | seed=186,bjw_score | age,-0.7955555555555556,bjw_score,age,186,21,21,18,25,1.1372705506783722,-20.0,20.0,True,False,undetermined,-4.329830857198853,2.738719746087741,4.442524820501351,0.25,True,True,no population gap,satterthwaite,-0.9047619047619052,1.7146354882805408,inf,-0.7955555555555556,1.415008827683757,inf,0.0,8,0.00625,0.9875,not read,False
human_split_half | seed=186,gut_diff | political_identity,0.989010989010989,gut_diff,political_identity,186,4,27,7,26,0.2527777777777777,-20.0,20.0,True,False,undetermined,-1.31750330647803,3.295525284500008,2.332142232105564,0.25,True,True,no population gap,satterthwaite,0.25,1.2984207681384812,inf,0.989010989010989,0.9234532713901022,inf,0.0,8,0.00625,0.9875,not read,False
human_split_half | seed=186,gut_diff | sex,-0.5714285714285714,gut_diff,sex,186,33,9,29,14,-0.4419191919191919,-20.0,20.0,True,False,undetermined,-2.4492461198084508,1.3063889769513075,3.2861807096647886,0.25,True,True,no population gap,satterthwaite,0.2525252525252525,0.5592728717486398,inf,-0.5714285714285714,0.7518170433699776,inf,0.0,8,0.00625,0.9875,not read,False
human_split_half | seed=186,gut_diff | education,-0.2324561403508773,gut_diff,education,186,17,25,24,19,1.1033074361820197,-20.0,20.0,True,False,undetermined,-1.8256679358343408,1.360755655132586,6.853816780570365,0.25,True,True,no population gap,satterthwaite,-0.2564705882352942,0.497213591322899,inf,-0.2324561403508773,0.6378701608023514,inf,0.0,8,0.00625,0.9875,not read,False
human_split_half | seed=186,gut_diff | age,-0.0333333333333332,gut_diff,age,186,21,21,18,25,15.71428571428577,-20.0,20.0,True,False,undetermined,-1.6121441404730168,1.5454774738063504,47.364324214190674,0.25,True,True,no population gap,satterthwaite,-0.5238095238095238,0.532665741485263,inf,-0.0333333333333332,0.6321044736686002,inf,0.0,8,0.00625,0.9875,not read,False
human_split_half | seed=187,bjw_score | political_identity,2.1923076923076934,bjw_score,political_identity,187,4,27,7,26,1.8456790123456788,-20.0,20.0,True,False,undetermined,-2.17359226844048,6.558207653055867,1.9914631399903937,0.25,True,True,no population gap,satterthwaite,4.046296296296298,3.198988110586034,inf,2.1923076923076934,1.7479642806462778,inf,0.0,8,0.00625,0.9875,not read,False
human_split_half | seed=187,bjw_score | sex,-2.488636363636364,bjw_score,sex,187,30,12,32,11,-0.4420091324200919,-20.0,20.0,True,False,undetermined,-6.598251641478381,1.6209789142056543,1.6513522577630029,0.25,True,True,no population gap,satterthwaite,1.1000000000000014,1.5335043595534283,inf,-2.488636363636364,1.6453562329529567,inf,0.0,8,0.00625,0.9875,not read,False
human_split_half | seed=187,bjw_score | education,1.512987012987011,bjw_score,education,187,20,22,21,22,-2.1270386266094423,-20.0,20.0,True,False,undetermined,-2.156840609933483,5.182814635907506,2.425551304419557,0.25,True,True,no population gap,satterthwaite,-3.218181818181815,1.6036138446155448,inf,1.512987012987011,1.4692795663359146,inf,0.0,8,0.00625,0.9875,not read,False
human_split_half | seed=187,bjw_score | age,-2.164502164502167,bjw_score,age,187,17,25,22,21,-0.1434917647058813,-20.0,20.0,True,False,undetermined,-5.836657382458968,1.5076530534546335,1.69653571069604,0.25,True,True,no population gap,satterthwaite,0.3105882352941158,1.6169437483064737,inf,-2.164502164502167,1.4702114596499738,inf,0.0,8,0.00625,0.9875,not read,False
human_split_half | seed=187,gut_diff | political_identity,0.7527472527472526,gut_diff,political_identity,187,4,27,7,26,1.082454717491214,-20.0,20.0,True,False,undetermined,-1.5597388070441172,3.065233312538622,3.0720617728615283,0.25,True,True,no population gap,satterthwaite,0.8148148148148149,1.2097579260370122,inf,0.7527472527472526,0.9258441714993112,inf,0.0,8,0.00625,0.9875,not read,False
human_split_half | seed=187,gut_diff | sex,-0.6988636363636365,gut_diff,sex,187,30,12,32,11,-0.2623306233062332,-20.0,20.0,True,False,undetermined,-2.287361703946776,0.8896344312195035,2.2729728446718096,0.25,True,True,no population gap,satterthwaite,0.1833333333333334,0.7833384988730684,inf,-0.6988636363636365,0.6359829375328014,inf,0.0,8,0.00625,0.9875,not read,False
human_split_half | seed=187,gut_diff | education,0.145021645021645,gut_diff,education,187,20,22,21,22,-3.917910447761193,-20.0,20.0,True,False,undetermined,-1.071772345155513,1.361815635198803,8.390430200923088,0.25,True,True,no population gap,satterthwaite,-0.5681818181818181,0.6613663423355274,inf,0.145021645021645,0.4871647199562142,inf,0.0,8,0.00625,0.9875,not read,False
human_split_half | seed=187,gut_diff | age,-0.7034632034632036,gut_diff,age,187,17,25,22,21,-0.1672398190045249,-20.0,20.0,True,False,undetermined,-1.85997231096224,0.4530459040358323,1.6440221774293984,0.25,True,True,no population gap,satterthwaite,0.1176470588235294,0.649806272044044,inf,-0.7034632034632036,0.4630286145640395,inf,0.0,8,0.00625,0.9875,not read,False
human_split_half | seed=188,bjw_score | political_identity,3.133333333333333,bjw_score,political_identity,188,5,23,6,30,0.9074930619796492,-20.0,20.0,True,False,undetermined,-1.7385568431418834,8.005223509808548,1.5548585669601755,0.25,True,True,no population gap,satterthwaite,2.843478260869567,2.5532626153808144,inf,3.133333333333333,1.9505462984201825,inf,0.0,8,0.00625,0.9875,not read,False
human_split_half | seed=188,bjw_score | sex,-0.8969696969696948,bjw_score,sex,188,29,13,33,10,0.1212452505555955,-20.0,20.0,True,False,undetermined,-5.441552361298755,3.6476129673593656,5.066595537934438,0.25,True,True,no population gap,satterthwaite,-0.1087533156498672,1.504358044012311,inf,-0.8969696969696948,1.8195030209373344,inf,0.0,8,0.00625,0.9875,not read,False
human_split_half | seed=188,bjw_score | education,0.0679824561403528,bjw_score,education,188,17,25,24,19,-17.824667931688285,-20.0,20.0,True,False,undetermined,-3.9607474542341903,4.096712366514896,59.26131739131417,0.25,True,True,no population gap,satterthwaite,-1.2117647058823522,1.4710315989153913,inf,0.0679824561403528,1.6129723637779367,inf,0.0,8,0.00625,0.9875,not read,False
human_split_half | seed=188,bjw_score | age,-0.1206140350877191,bjw_score,age,188,15,27,24,19,9.150707070707057,-20.0,20.0,True,False,undetermined,-4.063483988853147,3.822255918677708,32.68997634394612,0.25,True,True,no population gap,satterthwaite,-1.103703703703701,1.5429814822922483,inf,-0.1206140350877191,1.5785968309806035,inf,0.0,8,0.00625,0.9875,not read,False
human_split_half | seed=188,gut_diff | political_identity,0.4666666666666665,gut_diff,political_identity,188,5,23,6,30,2.2919254658385104,-20.0,20.0,True,False,undetermined,-2.1804801998944434,3.113813533227776,5.672457571202379,0.25,True,True,no population gap,satterthwaite,1.0695652173913046,1.0775062520421474,inf,0.4666666666666665,1.0598314688778625,inf,0.0,8,0.00625,0.9875,not read,False
human_split_half | seed=188,gut_diff | sex,-0.3212121212121211,gut_diff,sex,188,29,13,33,10,0.421150092587959,-20.0,20.0,True,False,undetermined,-2.5790355444837405,1.936611302059498,7.0290729215059855,0.25,True,True,no population gap,satterthwaite,-0.1352785145888595,0.5731365976835827,inf,-0.3212121212121211,0.9039590305245966,inf,0.0,8,0.00625,0.9875,not read,False
human_split_half | seed=188,gut_diff | education,0.4824561403508772,gut_diff,education,188,17,25,24,19,-1.7703529411764705,-20.0,20.0,True,False,undetermined,-1.1277567138488234,2.092668994550578,3.337532097795743,0.25,True,True,no population gap,satterthwaite,-0.8541176470588235,0.4509999702355224,inf,0.4824561403508772,0.6446768315085809,inf,0.0,8,0.00625,0.9875,not read,False
human_split_half | seed=188,gut_diff | age,0.1052631578947368,gut_diff,age,188,15,27,24,19,-6.122222222222222,-20.0,20.0,True,False,undetermined,-1.512348798892659,1.7228751146821324,15.36731358948026,0.25,True,True,no population gap,satterthwaite,-0.6444444444444444,0.4571354836703458,inf,0.1052631578947368,0.6476391914225519,inf,0.0,8,0.00625,0.9875,not read,False
human_split_half | seed=189,bjw_score | political_identity,3.273809523809525,bjw_score,political_identity,189,5,25,6,28,0.8308363636363639,-20.0,20.0,True,False,undetermined,-2.247478109715625,8.795097157334677,1.686502404422227,0.25,True,True,no population gap,satterthwaite,2.7200000000000024,2.369480970640635,inf,3.273809523809525,2.2105439092383854,inf,0.0,8,0.00625,0.9875,not read,False
human_split_half | seed=189,bjw_score | sex,-1.7523809523809497,bjw_score,sex,189,34,8,28,15,-0.5119085677749375,-20.0,20.0,True,False,undetermined,-5.485266023162469,1.9805041184005696,2.1301789806090223,0.25,True,True,no population gap,satterthwaite,0.897058823529413,1.7534473268096793,inf,-1.7523809523809497,1.4945257166097972,inf,0.0,8,0.00625,0.9875,not read,False
human_split_half | seed=189,bjw_score | education,-1.80222222222222,bjw_score,education,189,23,19,18,25,-0.055867971005086,-20.0,20.0,True,False,undetermined,-5.379721479382425,1.7752770349379854,1.985048909645,0.25,True,True,no population gap,satterthwaite,0.1006864988558327,1.7555860956281617,inf,-1.80222222222222,1.4323142929924149,inf,0.0,8,0.00625,0.9875,not read,False
human_split_half | seed=189,bjw_score | age,-0.8891304347826079,bjw_score,age,189,19,23,20,23,1.0860893063955774,-20.0,20.0,True,False,undetermined,-4.456554034376346,2.6782931648111297,4.012261261156774,0.25,True,True,no population gap,satterthwaite,-0.9656750572082408,1.625077949702113,inf,-0.8891304347826079,1.428280327558358,inf,0.0,8,0.00625,0.9875,not read,False
human_split_half | seed=189,gut_diff | political_identity,1.0238095238095235,gut_diff,political_identity,189,5,25,6,28,0.3906976744186046,-20.0,20.0,True,False,undetermined,-1.6295934027132888,3.677212450332336,2.5916958817199567,0.25,True,True,no population gap,satterthwaite,0.3999999999999999,1.0537726563118055,inf,1.0238095238095235,1.062336191718274,inf,0.0,8,0.00625,0.9875,not read,False
human_split_half | seed=189,gut_diff | sex,-0.7738095238095238,gut_diff,sex,189,34,8,28,15,-0.7981900452488688,-20.0,20.0,True,False,undetermined,-2.5377320868597155,0.9901130392406676,2.279530696864863,0.25,True,True,no population gap,satterthwaite,0.6176470588235294,0.5587395959150055,inf,-0.7738095238095238,0.7062171973151199,inf,0.0,8,0.00625,0.9875,not read,False
human_split_half | seed=189,gut_diff | education,0.0066666666666668,gut_diff,education,189,23,19,18,25,-57.66590389015885,-20.0,20.0,True,False,undetermined,-1.5852466544321535,1.5985799877654874,238.7869981648176,0.25,True,True,no population gap,satterthwaite,-0.3844393592677345,0.6139080792612248,inf,0.0066666666666668,0.6373502939102798,inf,0.0,8,0.00625,0.9875,not read,False
human_split_half | seed=189,gut_diff | age,-0.3978260869565218,gut_diff,age,189,19,23,20,23,0.4831751509922344,-20.0,20.0,True,False,undetermined,-1.9007608737128536,1.1051086997998103,3.7778688628847688,0.25,True,True,no population gap,satterthwaite,-0.1922196796338672,0.5437839103400554,inf,-0.3978260869565218,0.6017261840650613,inf,0.0,8,0.00625,0.9875,not read,False
human_split_half | seed=190,bjw_score | political_identity,2.673333333333332,bjw_score,political_identity,190,5,28,6,25,1.4161026006412545,-20.0,20.0,True,True,undetermined,-3.5742398561176065,8.920906522784271,2.3369974524130703,0.25,True,True,no population gap,satterthwaite,3.7857142857142847,1.3429638788734666,inf,2.673333333333332,2.501325012956128,inf,0.0,8,0.00625,0.9875,not read,False
human_split_half | seed=190,bjw_score | sex,0.2512315270935943,bjw_score,sex,190,33,9,29,14,-8.805109922757053,-20.0,20.0,True,False,undetermined,-3.5003206664262403,4.002783720613429,14.932648927147682,0.25,True,True,no population gap,satterthwaite,-2.2121212121212146,1.8136443441848773,inf,0.2512315270935943,1.5019994251377915,inf,0.0,8,0.00625,0.9875,not read,False
human_split_half | seed=190,bjw_score | education,-2.3999999999999986,bjw_score,education,190,21,21,20,23,-0.2976190476190467,-20.0,20.0,True,False,undetermined,-6.066855295348594,1.2668552953485963,1.5278563730619157,0.25,True,True,no population gap,satterthwaite,0.7142857142857117,1.6445166500153696,inf,-2.3999999999999986,1.4680895430937946,inf,0.0,8,0.00625,0.9875,not read,False
human_split_half | seed=190,bjw_score | age,-1.2619047619047628,bjw_score,age,190,18,24,21,22,0.3632075471698101,-20.0,20.0,True,False,undetermined,-4.986805530502787,2.462996006693262,2.9518081562474894,0.25,True,True,no population gap,satterthwaite,-0.4583333333333321,1.5887922229329066,inf,-1.2619047619047628,1.4913290618196944,inf,0.0,8,0.00625,0.9875,not read,False
human_split_half | seed=190,gut_diff | political_identity,0.4199999999999999,gut_diff,political_identity,190,5,28,6,25,2.6870748299319738,-20.0,20.0,True,False,undetermined,-2.1146767174124155,2.954676717412416,6.034944565267657,0.25,True,True,no population gap,satterthwaite,1.1285714285714288,1.1052704058151015,inf,0.4199999999999999,1.0148020808666018,inf,0.0,8,0.00625,0.9875,not read,False
human_split_half | seed=190,gut_diff | sex,-0.2167487684729065,gut_diff,sex,190,33,9,29,14,1.16505968778696,-20.0,20.0,True,False,undetermined,-1.95046638590584,1.5169688489600268,7.998742644065572,0.25,True,True,no population gap,satterthwaite,-0.2525252525252526,0.7369054694546592,inf,-0.2167487684729065,0.6941241199398923,inf,0.0,8,0.00625,0.9875,not read,False
human_split_half | seed=190,gut_diff | education,0.3934782608695653,gut_diff,education,190,21,21,20,23,-2.05735332807156,-20.0,20.0,True,False,undetermined,-0.9681339535670904,1.7550904753062209,3.4604509317174665,0.25,True,True,no population gap,satterthwaite,-0.8095238095238095,0.6193363444921005,inf,0.3934782608695653,0.5451452246558327,inf,0.0,8,0.00625,0.9875,not read,False
human_split_half | seed=190,gut_diff | age,0.2857142857142858,gut_diff,age,190,18,24,21,22,-3.2083333333333326,-20.0,20.0,True,False,undetermined,-1.0527233256673985,1.62415189709597,4.684531639835893,0.25,True,True,no population gap,satterthwaite,-0.9166666666666669,0.5735522484805441,inf,0.2857142857142858,0.535866867679622,inf,0.0,8,0.00625,0.9875,not read,False
human_split_half | seed=191,bjw_score | political_identity,3.3999999999999986,bjw_score,political_identity,191,6,22,5,31,0.9269162210338676,-1.2873925279683194,6.136837239144769,False,False,undetermined,0.727758457469009,6.072241542530988,0.7859533948620561,0.25,False,True,reference too imprecise,satterthwaite,3.1515151515151487,2.681129903290455,inf,3.3999999999999986,1.0698785605712382,inf,0.0,8,0.00625,0.9875,not read,False
human_split_half | seed=191,bjw_score | sex,-0.5641025641025621,bjw_score,sex,191,32,10,30,13,1.041477272727274,-20.0,20.0,True,False,undetermined,-3.758548917342472,2.630343789137348,5.662882171652587,0.25,True,True,no population gap,satterthwaite,-0.5874999999999986,2.064744230019368,inf,-0.5641025641025621,1.2789523745631697,inf,0.0,8,0.00625,0.9875,not read,False
human_split_half | seed=191,bjw_score | education,1.046052631578949,bjw_score,education,191,22,20,19,24,-2.459462550028586,-20.0,20.0,True,False,undetermined,-2.3420498641194865,4.434155127277384,3.2389407506047894,0.25,True,True,no population gap,satterthwaite,-2.572727272727274,1.744769054648575,inf,1.046052631578949,1.356485992554554,inf,0.0,8,0.00625,0.9875,not read,False
human_split_half | seed=191,bjw_score | age,-0.995475113122172,bjw_score,age,191,22,20,17,26,0.6666528925619839,-20.0,20.0,True,False,undetermined,-4.395791531146167,2.404841304901823,3.415772401742286,0.25,True,True,no population gap,satterthwaite,-0.663636363636364,1.8186110566947715,inf,-0.995475113122172,1.361376049620362,inf,0.0,8,0.00625,0.9875,not read,False
human_split_half | seed=191,gut_diff | political_identity,1.3290322580645162,gut_diff,political_identity,191,6,22,5,31,0.102603706972639,-20.0,20.0,True,False,undetermined,-1.3362031470870148,3.994267663216047,2.005395571837317,0.25,True,True,no population gap,satterthwaite,0.1363636363636364,1.1184964449541457,inf,1.3290322580645162,1.0670735311398043,inf,0.0,8,0.00625,0.9875,not read,False
human_split_half | seed=191,gut_diff | sex,-0.0769230769230768,gut_diff,sex,191,32,10,30,13,6.093750000000004,-20.0,20.0,True,False,undetermined,-1.36865221117031,1.2148060573241564,16.792478745214044,0.25,True,True,no population gap,satterthwaite,-0.46875,0.9866795727928404,inf,-0.0769230769230768,0.5171663132994404,inf,0.0,8,0.00625,0.9875,not read,False
human_split_half | seed=191,gut_diff | education,-0.0416666666666667,gut_diff,education,191,22,20,19,24,9.490909090909076,-20.0,20.0,True,False,undetermined,-1.2097389401564456,1.126405606823112,28.03373456375464,0.25,True,True,no population gap,satterthwaite,-0.3954545454545455,0.6963930752920446,inf,-0.0416666666666667,0.4676581299685882,inf,0.0,8,0.00625,0.9875,not read,False
human_split_half | seed=191,gut_diff | age,-0.8167420814479639,gut_diff,age,191,22,20,17,26,-0.2170486023671618,-20.0,20.0,True,False,undetermined,-1.8904218338830647,0.2569376709871368,1.3145885057515636,0.25,True,True,no population gap,satterthwaite,0.1772727272727272,0.7076956074950619,inf,-0.8167420814479639,0.4298664360115297,inf,0.0,8,0.00625,0.9875,not read,False
human_split_half | seed=192,bjw_score | political_identity,1.4010989010989017,bjw_score,political_identity,192,4,27,7,26,3.832970225127087,-20.0,20.0,True,True,undetermined,-3.97019156002732,6.772389362225122,3.8336269173528312,0.25,True,True,no population gap,satterthwaite,5.37037037037037,1.7155839428871964,inf,1.4010989010989017,2.150489922223452,inf,0.0,8,0.00625,0.9875,not read,False
human_split_half | seed=192,bjw_score | sex,-0.6505681818181834,bjw_score,sex,192,30,12,32,11,1.0503639010189203,-20.0,20.0,True,False,undetermined,-4.013620822269887,2.712484458633521,5.169408425497803,0.25,True,True,no population gap,satterthwaite,-0.6833333333333336,1.924557982257969,inf,-0.6505681818181834,1.346456845620289,inf,0.0,8,0.00625,0.9875,not read,False
human_split_half | seed=192,bjw_score | education,-0.8619909502262466,bjw_score,education,192,24,18,17,26,0.7089530475357224,-20.0,20.0,True,False,undetermined,-4.390236016125249,2.666254115672756,4.093134695872323,0.25,True,True,no population gap,satterthwaite,-0.6111111111111107,1.6811869120000826,inf,-0.8619909502262466,1.4125945175118175,inf,0.0,8,0.00625,0.9875,not read,False
human_split_half | seed=192,bjw_score | age,-1.583333333333332,bjw_score,age,192,24,18,15,28,0.0789473684210527,-20.0,20.0,True,False,undetermined,-4.973100880394126,1.8064342137274625,2.1409058191962926,0.25,True,True,no population gap,satterthwaite,-0.125,1.7219187176114708,inf,-1.583333333333332,1.3571526249403192,inf,0.0,8,0.00625,0.9875,not read,False
human_split_half | seed=192,gut_diff | political_identity,0.4835164835164833,gut_diff,political_identity,192,4,27,7,26,2.221380471380472,-20.0,20.0,True,False,undetermined,-1.927016503970954,2.894049471003921,4.98542049684902,0.25,True,True,no population gap,satterthwaite,1.074074074074074,1.2018501717343892,inf,0.4835164835164833,0.9650989709634896,inf,0.0,8,0.00625,0.9875,not read,False
human_split_half | seed=192,gut_diff | sex,-0.4517045454545454,gut_diff,sex,192,30,12,32,11,0.1475890985324947,-20.0,20.0,True,False,undetermined,-2.302779840184007,1.399370749274916,4.097978010973399,0.25,True,True,no population gap,satterthwaite,-0.0666666666666666,0.7286976169569809,inf,-0.4517045454545454,0.7411103151844554,inf,0.0,8,0.00625,0.9875,not read,False
human_split_half | seed=192,gut_diff | education,-0.3461538461538462,gut_diff,education,192,24,18,17,26,-0.0401234567901236,-20.0,20.0,True,False,undetermined,-1.7497433207574349,1.0574356284497424,4.054814037743699,0.25,True,True,no population gap,satterthwaite,0.0138888888888889,0.5721065132962664,inf,-0.3461538461538462,0.561951553713043,inf,0.0,8,0.00625,0.9875,not read,False
human_split_half | seed=192,gut_diff | age,-0.0142857142857142,gut_diff,age,192,24,18,15,28,33.05555555555568,-20.0,20.0,True,False,undetermined,-1.4515096274044212,1.4229381988329928,100.60567391830983,0.25,True,True,no population gap,satterthwaite,-0.4722222222222223,0.5974383768133311,inf,-0.0142857142857142,0.5754176884510329,inf,0.0,8,0.00625,0.9875,not read,False
human_split_half | seed=193,bjw_score | political_identity,3.44334975369458,bjw_score,political_identity,193,4,24,7,29,0.6413328564616118,-20.0,20.0,True,False,undetermined,-1.418073183018631,8.304772690407791,1.4118295510054109,0.25,True,True,no population gap,satterthwaite,2.208333333333332,2.7126603992820706,inf,3.44334975369458,1.9463555562168704,inf,0.0,8,0.00625,0.9875,not read,False
human_split_half | seed=193,bjw_score | sex,-0.1846153846153839,bjw_score,sex,193,32,10,30,13,6.770833333333357,-20.0,20.0,True,False,undetermined,-4.208385172506139,3.839154403275371,21.795419684408333,0.25,True,True,no population gap,satterthwaite,-1.25,1.732770980599693,inf,-0.1846153846153839,1.610986492134692,inf,0.0,8,0.00625,0.9875,not read,False
human_split_half | seed=193,bjw_score | education,-0.945652173913043,bjw_score,education,193,21,21,20,23,0.7553366174055843,-20.0,20.0,True,False,undetermined,-4.904793026500311,3.013488678674225,4.186677683195733,0.25,True,True,no population gap,satterthwaite,-0.7142857142857153,1.5741055276149687,inf,-0.945652173913043,1.5851111694240605,inf,0.0,8,0.00625,0.9875,not read,False
human_split_half | seed=193,bjw_score | age,-1.7785087719298254,bjw_score,age,193,20,22,19,24,0.051115345813249,-20.0,20.0,True,False,undetermined,-5.726360839054352,2.169343295194701,2.2197540599368475,0.25,True,True,no population gap,satterthwaite,-0.0909090909090899,1.574783789155622,inf,-1.7785087719298254,1.5805915070547536,inf,0.0,8,0.00625,0.9875,not read,False
human_split_half | seed=193,gut_diff | political_identity,0.2266009852216748,gut_diff,political_identity,193,4,24,7,29,6.6195652173913055,-20.0,20.0,True,False,undetermined,-2.075468673108796,2.5286706435521453,10.159133492197514,0.25,True,True,no population gap,satterthwaite,1.5,1.3386568186066845,inf,0.2266009852216748,0.9216737832975156,inf,0.0,8,0.00625,0.9875,not read,False
human_split_half | seed=193,gut_diff | sex,-0.9102564102564104,gut_diff,sex,193,32,10,30,13,-0.7415492957746479,-20.0,20.0,True,False,undetermined,-2.76529019139808,0.9447773708852591,2.0379244356204254,0.25,True,True,no population gap,satterthwaite,0.675,0.5472807527248277,inf,-0.9102564102564104,0.7426951643372467,inf,0.0,8,0.00625,0.9875,not read,False
human_split_half | seed=193,gut_diff | education,-1.2,gut_diff,education,193,21,21,20,23,-0.7142857142857143,-20.0,20.0,True,True,reversed to attenuated,-2.7239446963522824,0.3239446963522825,1.269953913626902,0.25,True,True,no population gap,satterthwaite,0.8571428571428571,0.4638744827549048,inf,-1.2,0.610137868218043,inf,0.0,8,0.00625,0.9875,not read,False
human_split_half | seed=193,gut_diff | age,-0.8859649122807017,gut_diff,age,193,20,22,19,24,-0.4001800180018002,-20.0,20.0,True,False,undetermined,-2.4635505057236893,0.6916206811622857,1.7806411648762432,0.25,True,True,no population gap,satterthwaite,0.3545454545454546,0.4866127408185734,inf,-0.8859649122807017,0.6316139379721257,inf,0.0,8,0.00625,0.9875,not read,False
human_split_half | seed=194,bjw_score | political_identity,0.821428571428573,bjw_score,political_identity,194,7,25,4,28,6.0104347826086855,-20.0,20.0,True,False,undetermined,-5.962968033861037,7.605825176718183,8.259265432526465,0.25,True,True,no population gap,satterthwaite,4.937142857142858,2.009137793232807,inf,0.821428571428573,2.7162516407618,inf,0.0,8,0.00625,0.9875,not read,False
human_split_half | seed=194,bjw_score | sex,-0.8091397849462361,bjw_score,sex,194,31,11,31,12,0.5110238598610701,-20.0,20.0,True,False,undetermined,-4.7813967489920985,3.1631171790996264,4.909234520349043,0.25,True,True,no population gap,satterthwaite,-0.4134897360703817,1.7063984930024942,inf,-0.8091397849462361,1.5903624336620683,inf,0.0,8,0.00625,0.9875,not read,False
human_split_half | seed=194,bjw_score | education,-1.1466666666666685,bjw_score,education,194,23,19,18,25,0.173620350167634,-20.0,20.0,True,False,undetermined,-4.974410892800892,2.6810775594675547,3.338149034419376,0.25,True,True,no population gap,satterthwaite,-0.1990846681922207,1.5930918354775472,inf,-1.1466666666666685,1.5325042357557987,inf,0.0,8,0.00625,0.9875,not read,False
human_split_half | seed=194,bjw_score | age,-0.6967592592592595,bjw_score,age,194,23,19,16,27,1.113359739084818,-20.0,20.0,True,False,undetermined,-4.563777220051858,3.1702587015333386,5.550005844061135,0.25,True,True,no population gap,satterthwaite,-0.7757437070938202,1.5717356447700224,inf,-0.6967592592592595,1.548228161170401,inf,0.0,8,0.00625,0.9875,not read,False
human_split_half | seed=194,gut_diff | political_identity,-0.75,gut_diff,political_identity,194,7,25,4,28,-2.2552380952380955,-20.0,20.0,True,False,undetermined,-2.292103536271749,0.7921035362717488,2.056138048362332,0.25,True,True,no population gap,satterthwaite,1.6914285714285715,1.0060694337404936,inf,-0.75,0.6174080768445736,inf,0.0,8,0.00625,0.9875,not read,False
human_split_half | seed=194,gut_diff | sex,0.2446236559139786,gut_diff,sex,194,31,11,31,12,-3.128871128871128,-20.0,20.0,True,False,undetermined,-1.3040338414135024,1.7932811532414594,6.330775703360688,0.25,True,True,no population gap,satterthwaite,-0.7653958944281526,0.8178275785287338,inf,0.2446236559139786,0.6200320695895203,inf,0.0,8,0.00625,0.9875,not read,False
human_split_half | seed=194,gut_diff | education,-0.1599999999999999,gut_diff,education,194,23,19,18,25,1.5875286041189938,-20.0,20.0,True,False,undetermined,-1.5022081453208571,1.1822081453208573,8.388800908255362,0.25,True,True,no population gap,satterthwaite,-0.2540045766590388,0.5924228089588041,inf,-0.1599999999999999,0.5373764667780653,inf,0.0,8,0.00625,0.9875,not read,False
human_split_half | seed=194,gut_diff | age,-0.5462962962962963,gut_diff,age,194,23,19,16,27,0.1130977776053991,-20.0,20.0,True,False,undetermined,-1.7858786492436192,0.6932860566510266,2.269066002005269,0.25,True,True,no population gap,satterthwaite,-0.0617848970251717,0.6212104324353421,inf,-0.5462962962962963,0.4962884388904042,inf,0.0,8,0.00625,0.9875,not read,False
human_split_half | seed=195,bjw_score | political_identity,0.4354838709677402,bjw_score,political_identity,195,7,22,4,31,11.928811928811976,-20.0,20.0,True,True,undetermined,-5.523065410760018,6.394033152695498,13.68259464693046,0.25,True,True,no population gap,satterthwaite,5.194805194805195,2.048312756031234,inf,0.4354838709677402,2.3856092449598427,inf,0.0,8,0.00625,0.9875,not read,False
human_split_half | seed=195,bjw_score | sex,-0.2903225806451601,bjw_score,sex,195,31,11,31,12,3.393939393939404,-20.0,20.0,True,False,undetermined,-3.6881381173555225,3.1074929560652023,11.703586848669072,0.25,True,True,no population gap,satterthwaite,-0.9853372434017588,1.9433781424256893,inf,-0.2903225806451601,1.3603747781194877,inf,0.0,8,0.00625,0.9875,not read,False
human_split_half | seed=195,bjw_score | education,-0.57826086956522,bjw_score,education,195,18,24,23,20,2.1856725146198737,-20.0,20.0,True,False,undetermined,-4.425398040471428,3.2688763013409883,6.652943979762585,0.25,True,True,no population gap,satterthwaite,-1.2638888888888893,1.6512827951329834,inf,-0.57826086956522,1.5402685398082827,inf,0.0,8,0.00625,0.9875,not read,False
human_split_half | seed=195,bjw_score | age,-1.2662337662337677,bjw_score,age,195,18,24,21,22,0.5374643874643881,-20.0,20.0,True,False,undetermined,-5.007566209638841,2.4750986771713057,2.954693314278875,0.25,True,True,no population gap,satterthwaite,-0.6805555555555571,1.648008702377285,inf,-1.2662337662337677,1.497907769736079,inf,0.0,8,0.00625,0.9875,not read,False
human_split_half | seed=195,gut_diff | political_identity,-0.6935483870967742,gut_diff,political_identity,195,7,22,4,31,-2.39685895499849,-20.0,20.0,True,False,undetermined,-2.258727013419583,0.8716302392260349,2.2567691821398643,0.25,True,True,no population gap,satterthwaite,1.6623376623376624,0.9844358069169664,inf,-0.6935483870967742,0.6266465920521088,inf,0.0,8,0.00625,0.9875,not read,False
human_split_half | seed=195,gut_diff | sex,-0.0376344086021505,gut_diff,sex,195,31,11,31,12,12.233766233766245,-20.0,20.0,True,False,undetermined,-1.7699108648141653,1.6946420476098645,46.029060122205,0.25,True,True,no population gap,satterthwaite,-0.4604105571847506,0.7813465363309336,inf,-0.0376344086021505,0.6935471258815158,inf,0.0,8,0.00625,0.9875,not read,False
human_split_half | seed=195,gut_diff | education,-0.8608695652173914,gut_diff,education,195,18,24,23,20,-0.5162738496071827,-20.0,20.0,True,False,undetermined,-2.3654858963714336,0.6437467659366507,1.7477866473001498,0.25,True,True,no population gap,satterthwaite,0.4444444444444443,0.6139013343952225,inf,-0.8608695652173914,0.6023994197255079,inf,0.0,8,0.00625,0.9875,not read,False
human_split_half | seed=195,gut_diff | age,-0.7380952380952381,gut_diff,age,195,18,24,21,22,-0.2069892473118279,-20.0,20.0,True,False,undetermined,-2.1576475947015643,0.6814571185110878,1.9232644831440544,0.25,True,True,no population gap,satterthwaite,0.1527777777777778,0.595482665489188,inf,-0.7380952380952381,0.5683425722448039,inf,0.0,8,0.00625,0.9875,not read,False
human_split_half | seed=196,bjw_score | political_identity,3.796296296296294,bjw_score,political_identity,196,5,26,6,27,0.5633020637898698,-20.0,20.0,True,False,undetermined,-1.996125811313428,9.588718403906014,1.5258087502971958,0.25,True,True,no population gap,satterthwaite,2.138461538461541,2.1637866411008155,inf,3.796296296296294,2.319097330116684,inf,0.0,8,0.00625,0.9875,not read,False
human_split_half | seed=196,bjw_score | sex,1.812807881773402,bjw_score,sex,196,33,9,29,14,-2.0839371980676296,-20.0,20.0,True,True,reversed,-2.4411150171084275,6.066730780655232,2.346593338241875,0.25,True,True,no population gap,satterthwaite,-3.7777777777777786,1.1254297036905387,inf,1.812807881773402,1.7031323087381205,inf,0.0,8,0.00625,0.9875,not read,False
human_split_half | seed=196,bjw_score | education,-2.73076923076923,bjw_score,education,196,24,18,17,26,-0.4475743348982797,-20.0,20.0,True,False,undetermined,-6.7306095702973625,1.269071108758903,1.4647302651793168,0.25,True,True,no population gap,satterthwaite,1.222222222222225,1.3986443284205516,inf,-2.73076923076923,1.6014059196594894,inf,0.0,8,0.00625,0.9875,not read,False
human_split_half | seed=196,bjw_score | age,-1.497826086956522,bjw_score,age,196,19,23,20,23,0.2383316782522356,-20.0,20.0,True,False,undetermined,-5.732254582187311,2.736602408274268,2.827049503347116,0.25,True,True,no population gap,satterthwaite,-0.3569794050343269,1.461491057243226,inf,-1.497826086956522,1.6953273838518712,inf,0.0,8,0.00625,0.9875,not read,False
human_split_half | seed=196,gut_diff | political_identity,1.4259259259259258,gut_diff,political_identity,196,5,26,6,27,-0.0539460539460539,-20.0,20.0,True,False,undetermined,-1.0405925257935114,3.892444377645363,1.7297661869201248,0.25,True,True,no population gap,satterthwaite,-0.0769230769230768,0.9963846936728624,inf,1.4259259259259258,0.9875137291102076,inf,0.0,8,0.00625,0.9875,not read,False
human_split_half | seed=196,gut_diff | sex,0.3448275862068966,gut_diff,sex,196,33,9,29,14,-2.724242424242424,-20.0,20.0,True,False,undetermined,-1.3598480065416307,2.049503178955424,4.943559218970729,0.25,True,True,no population gap,satterthwaite,-0.9393939393939394,0.8197712538241034,inf,0.3448275862068966,0.6824966382654635,inf,0.0,8,0.00625,0.9875,not read,False
human_split_half | seed=196,gut_diff | education,-0.2873303167420815,gut_diff,education,196,24,18,17,26,0.0966754155730533,-20.0,20.0,True,False,undetermined,-1.957231614145569,1.382570980661406,5.811782468128671,0.25,True,True,no population gap,satterthwaite,-0.0277777777777777,0.5222104735708543,inf,-0.2873303167420815,0.6685741419429968,inf,0.0,8,0.00625,0.9875,not read,False
human_split_half | seed=196,gut_diff | age,-0.0608695652173914,gut_diff,age,196,19,23,20,23,8.909774436090215,-20.0,20.0,True,False,undetermined,-1.6518130092787628,1.53007387884398,26.13692800957964,0.25,True,True,no population gap,satterthwaite,-0.54233409610984,0.4620665620221239,inf,-0.0608695652173914,0.6369619867036737,inf,0.0,8,0.00625,0.9875,not read,False
human_split_half | seed=197,bjw_score | political_identity,2.606666666666669,bjw_score,political_identity,197,5,28,6,25,1.318048958713918,-20.0,20.0,True,False,undetermined,-2.595566840802772,7.80890017413611,1.995741754783672,0.25,True,True,no population gap,satterthwaite,3.435714285714284,2.388807537244383,inf,2.606666666666669,2.0828050189861624,inf,0.0,8,0.00625,0.9875,not read,False
human_split_half | seed=197,bjw_score | sex,-2.204433497536943,bjw_score,sex,197,33,9,29,14,-0.6552451893234034,-20.0,20.0,True,False,undetermined,-5.77114706830552,1.3622800732316338,1.6179728600358034,0.25,True,True,no population gap,satterthwaite,1.4444444444444464,1.783888445369305,inf,-2.204433497536943,1.4279960551206548,inf,0.0,8,0.00625,0.9875,not read,False
human_split_half | seed=197,bjw_score | education,0.3399122807017534,bjw_score,education,197,22,20,19,24,-5.857126099706755,-20.0,20.0,True,False,undetermined,-3.2563785511692416,3.936203112572749,10.580055608601151,0.25,True,True,no population gap,satterthwaite,-1.9909090909090883,1.6346159938700542,inf,0.3399122807017534,1.4398378280405997,inf,0.0,8,0.00625,0.9875,not read,False
human_split_half | seed=197,bjw_score | age,0.4393939393939412,bjw_score,age,197,18,24,21,22,-5.405172413793081,-20.0,20.0,True,False,undetermined,-3.0761305111883943,3.9549183899762768,8.000848749601143,0.25,True,True,no population gap,satterthwaite,-2.375,1.6572396933707825,inf,0.4393939393939412,1.4075015970598417,inf,0.0,8,0.00625,0.9875,not read,False
human_split_half | seed=197,gut_diff | political_identity,1.2333333333333334,gut_diff,political_identity,197,5,28,6,25,0.2432432432432432,-20.0,20.0,True,False,undetermined,-1.136947906403941,3.603614573070608,1.9218496538410328,0.25,True,True,no population gap,satterthwaite,0.3,1.1843571600112262,inf,1.2333333333333334,0.948983480930866,inf,0.0,8,0.00625,0.9875,not read,False
human_split_half | seed=197,gut_diff | sex,0.0763546798029556,gut_diff,sex,197,33,9,29,14,-11.11241446725318,-20.0,20.0,True,False,undetermined,-1.2675717888458236,1.4202811484517346,17.601101492625954,0.25,True,True,no population gap,satterthwaite,-0.8484848484848484,0.9873911319481582,inf,0.0763546798029556,0.5380644275254054,inf,0.0,8,0.00625,0.9875,not read,False
human_split_half | seed=197,gut_diff | education,0.2916666666666666,gut_diff,education,197,22,20,19,24,-2.7272727272727275,-20.0,20.0,True,False,undetermined,-0.9924823657974944,1.5758156991308274,4.402796682734267,0.25,True,True,no population gap,satterthwaite,-0.7954545454545454,0.6266357027714551,inf,0.2916666666666666,0.5141314871972402,inf,0.0,8,0.00625,0.9875,not read,False
human_split_half | seed=197,gut_diff | age,-0.4264069264069263,gut_diff,age,197,18,24,21,22,0.2280033840947549,-20.0,20.0,True,False,undetermined,-1.6839565394827567,0.831142686668904,2.949177265182912,0.25,True,True,no population gap,satterthwaite,-0.0972222222222223,0.6327447554751426,inf,-0.4264069264069263,0.5034819452025207,inf,0.0,8,0.00625,0.9875,not read,False
human_split_half | seed=198,bjw_score | political_identity,2.41346153846154,bjw_score,political_identity,198,3,27,8,26,2.133097240666961,-20.0,20.0,True,True,undetermined,-2.3400202342455056,7.166943311168586,1.969570136898536,0.25,True,True,no population gap,satterthwaite,5.148148148148149,1.9390937445352736,inf,2.41346153846154,1.903139426486352,inf,0.0,8,0.00625,0.9875,not read,False
human_split_half | seed=198,bjw_score | sex,-2.591397849462364,bjw_score,sex,198,31,11,31,12,-0.5545077329309699,-20.0,20.0,True,False,undetermined,-6.311722810900003,1.1289271119752748,1.435644072256019,0.25,True,True,no population gap,satterthwaite,1.4369501466275665,1.7412885392893638,inf,-2.591397849462364,1.4894970575265616,inf,0.0,8,0.00625,0.9875,not read,False
human_split_half | seed=198,bjw_score | education,-1.021929824561404,bjw_score,education,198,22,20,19,24,0.5915723761217293,-20.0,20.0,True,False,undetermined,-4.701836867495375,2.657977218372567,3.6009390806392485,0.25,True,True,no population gap,satterthwaite,-0.6045454545454518,1.673923478494673,inf,-1.021929824561404,1.4733150381313262,inf,0.0,8,0.00625,0.9875,not read,False
human_split_half | seed=198,bjw_score | age,0.958333333333332,bjw_score,age,198,20,22,19,24,-2.9549407114624544,-20.0,20.0,True,False,undetermined,-2.7167146402386213,4.633381306905285,3.8348326680750864,0.25,True,True,no population gap,satterthwaite,-2.831818181818182,1.555231814952731,inf,0.958333333333332,1.4713696248698336,inf,0.0,8,0.00625,0.9875,not read,False
human_split_half | seed=198,gut_diff | political_identity,1.0192307692307692,gut_diff,political_identity,198,3,27,8,26,0.5814116002795248,-20.0,20.0,True,False,undetermined,-1.2120372532784771,3.250498791740016,2.189168625858129,0.25,True,True,no population gap,satterthwaite,0.5925925925925926,1.1751066175392626,inf,1.0192307692307692,0.8933271121553721,inf,0.0,8,0.00625,0.9875,not read,False
human_split_half | seed=198,gut_diff | sex,0.217741935483871,gut_diff,sex,198,31,11,31,12,-3.4612794612794606,-20.0,20.0,True,False,undetermined,-1.2743475564597078,1.7098314274274498,6.852559148185324,0.25,True,True,no population gap,satterthwaite,-0.7536656891495601,0.8001857385973589,inf,0.217741935483871,0.5973840809211032,inf,0.0,8,0.00625,0.9875,not read,False
human_split_half | seed=198,gut_diff | education,-0.2105263157894736,gut_diff,education,198,22,20,19,24,1.2522727272727263,-20.0,20.0,True,False,undetermined,-1.35400790413473,0.9329552725557826,5.431537544639967,0.25,True,True,no population gap,satterthwaite,-0.2636363636363634,0.7066781577156166,inf,-0.2105263157894736,0.4578128198021413,inf,0.0,8,0.00625,0.9875,not read,False
human_split_half | seed=198,gut_diff | age,0.3552631578947369,gut_diff,age,198,20,22,19,24,-2.75084175084175,-20.0,20.0,True,False,undetermined,-0.8024055505936951,1.512931866383169,3.258623031300771,0.25,True,True,no population gap,satterthwaite,-0.9772727272727272,0.6648065565689951,inf,0.3552631578947369,0.4634928810675073,inf,0.0,8,0.00625,0.9875,not read,False
human_split_half | seed=199,bjw_score | political_identity,3.846153846153847,bjw_score,political_identity,199,4,27,7,26,0.6379629629629625,-20.0,20.0,True,False,undetermined,-0.3401448974424337,8.032452589750127,1.0884376733350327,0.25,True,True,no population gap,satterthwaite,2.4537037037037024,3.2911137723347617,inf,3.846153846153847,1.6760577974092443,inf,0.0,8,0.00625,0.9875,not read,False
human_split_half | seed=199,bjw_score | sex,0.2615384615384606,bjw_score,sex,199,32,10,30,13,-7.551470588235326,-20.0,20.0,True,False,undetermined,-3.431294041733158,3.9543709648100793,14.119653688979769,0.25,True,True,no population gap,satterthwaite,-1.9750000000000008,1.6876113686663123,inf,0.2615384615384606,1.4784899718641749,inf,0.0,8,0.00625,0.9875,not read,False
human_split_half | seed=199,bjw_score | education,-0.3347826086956509,bjw_score,education,199,18,24,23,20,3.111471861471877,-20.0,20.0,True,False,undetermined,-4.1823891426767705,3.512823925285469,11.492850685917675,0.25,True,True,no population gap,satterthwaite,-1.041666666666668,1.5537231029588607,inf,-0.3347826086956509,1.5404564575106985,inf,0.0,8,0.00625,0.9875,not read,False
human_split_half | seed=199,bjw_score | age,-0.9177489177489164,bjw_score,age,199,17,25,22,21,0.7127413984461702,-20.0,20.0,True,False,undetermined,-4.823874193370562,2.9883763578727294,4.25620254088963,0.25,True,True,no population gap,satterthwaite,-0.6541176470588219,1.5226434752903295,inf,-0.9177489177489164,1.5638854575005372,inf,0.0,8,0.00625,0.9875,not read,False
human_split_half | seed=199,gut_diff | political_identity,-0.2967032967032966,gut_diff,political_identity,199,4,27,7,26,-8.425925925925927,-20.0,20.0,True,False,undetermined,-2.029495684688757,1.436089091282164,5.840152122469517,0.25,True,True,no population gap,satterthwaite,2.5,1.2387320931536443,inf,-0.2967032967032966,0.6937536881755083,inf,0.0,8,0.00625,0.9875,not read,False
human_split_half | seed=199,gut_diff | sex,-0.4615384615384614,gut_diff,sex,199,32,10,30,13,-0.0677083333333333,-20.0,20.0,True,False,undetermined,-2.17006989033878,1.246992967261857,3.701818095734024,0.25,True,True,no population gap,satterthwaite,0.03125,0.7607768454079636,inf,-0.4615384615384614,0.6840403895541219,inf,0.0,8,0.00625,0.9875,not read,False
human_split_half | seed=199,gut_diff | education,0.2608695652173913,gut_diff,education,199,18,24,23,20,-2.7685185185185177,-20.0,20.0,True,False,undetermined,-0.9810073229816132,1.502746453416396,4.760528071429516,0.25,True,True,no population gap,satterthwaite,-0.7222222222222221,0.5983912134777424,inf,0.2608695652173913,0.4972070961424444,inf,0.0,8,0.00625,0.9875,not read,False
human_split_half | seed=199,gut_diff | age,0.0865800865800865,gut_diff,age,199,17,25,22,21,-8.451882352941182,-20.0,20.0,True,False,undetermined,-1.1844675713004147,1.3576277444605878,14.680600448519796,0.25,True,True,no population gap,satterthwaite,-0.731764705882353,0.6069031189835291,inf,0.0865800865800865,0.5088861231244272,inf,0.0,8,0.00625,0.9875,not read,False
