family,contrast,n_questions,ratio,ci_lo,ci_hi,ci_unbounded,ci_split,reading,pop_ci_lo,pop_ci_hi,k_rel_halfwidth,k_max,no_population_gap,stop_population,verdict,df_rule,g,se_g,df_g,gamma,se_gamma,df_gamma,cov,family_size,alpha_one_sided,interval_level,label,certifiable
rep_000,Republican - Democrat,98,0.998954656974304,0.9753731121429976,1.0248363093870956,False,False,kept,0.1517356577949606,0.2316745096063513,0.2084943452418136,0.25,False,False,kept,single df,0.191504686128419,0.0153932030811696,97,0.1917050837006559,0.0157042377448494,97,0.0002401241656616,8,0.00625,0.9875,kept,False
rep_000,Female - Male,97,0.972325504329485,0.859223142412717,1.0814245724491818,False,False,kept,0.043581295023332,0.0667273707259402,0.2098300758638356,0.25,False,False,kept,single df,0.0536279645282868,0.0051792028042121,96,0.0551543328746361,0.0045462206303031,96,2.09943935221212e-05,8,0.00625,0.9875,kept,False
rep_000,Black - White,98,1.0340099258703703,0.9710235027906764,1.0983838929602303,False,False,kept,0.0753351407907121,0.1188299511582823,0.2240094237897092,0.25,False,False,kept,single df,0.1003843161663967,0.0090378744047004,97,0.0970825459744972,0.0085446916887306,97,7.453610216642818e-05,8,0.00625,0.9875,kept,False
rep_000,Hispanic - White,98,0.953448900180048,0.8463816144411213,1.0602391254342185,False,False,kept,0.061975313619109,0.0945355882614301,0.2080383810398941,0.25,False,False,kept,single df,0.0746125736320937,0.0069119980854568,97,0.0782554509402695,0.0063965679070179,97,3.913668823223697e-05,8,0.00625,0.9875,kept,False
rep_000,Asian - White,98,0.9666764553038246,0.8160142304174554,1.1135542258772078,False,False,kept,0.0741412438044412,0.1073081658489468,0.1827888120874155,0.25,False,False,kept,single df,0.0877014360703544,0.0084465747076285,97,0.090724704826694,0.0065157456887263,97,4.336423387069433e-05,8,0.00625,0.9875,kept,True
rep_001,Republican - Democrat,98,1.000912965161827,0.9761968924011614,1.0267453271512657,False,False,kept,0.1517356577949606,0.2316745096063513,0.2084943452418136,0.25,False,False,kept,single df,0.1918801037634198,0.015635698575452,97,0.1917050837006559,0.0157042377448494,97,0.0002438193023074,8,0.00625,0.9875,kept,False
rep_001,Female - Male,97,0.8950837442624002,0.6440663731692826,1.1428550850031196,False,False,attenuated or kept,0.043581295023332,0.0667273707259402,0.2098300758638356,0.25,False,False,attenuated or kept,single df,0.0493677467817241,0.0067655728875898,96,0.0551543328746361,0.0045462206303031,96,1.9228038086036e-05,8,0.00625,0.9875,unresolved,False
rep_001,Black - White,98,1.0100946503173374,0.951086273957871,1.073025869454934,False,False,kept,0.0753351407907121,0.1188299511582823,0.2240094237897092,0.25,False,False,kept,single df,0.0980625603280266,0.0086109916001723,97,0.0970825459744972,0.0085446916887306,97,7.103814114985543e-05,8,0.00625,0.9875,kept,False
rep_001,Hispanic - White,98,1.0072272740254675,0.8976882405335019,1.1154563802632684,False,False,kept,0.061975313619109,0.0945355882614301,0.2080383810398941,0.25,False,False,kept,single df,0.0788210245282014,0.0073092891402861,97,0.0782554509402695,0.0063965679070179,97,4.180418466886793e-05,8,0.00625,0.9875,kept,False
rep_001,Asian - White,98,0.957264832960548,0.8088418591712044,1.0987256049310403,False,False,kept,0.0741412438044412,0.1073081658489468,0.1827888120874155,0.25,False,False,kept,single df,0.0868475694113203,0.0085367923339052,97,0.090724704826694,0.0065157456887263,97,4.491612524222848e-05,8,0.00625,0.9875,kept,True
rep_002,Republican - Democrat,98,0.9805586505210468,0.9539358913989232,1.0047252519685006,False,False,kept,0.1517356577949606,0.2316745096063513,0.2084943452418136,0.25,False,False,kept,single df,0.1879780781715395,0.0159275977902809,97,0.1917050837006559,0.0157042377448494,97,0.0002484929356757,8,0.00625,0.9875,kept,False
rep_002,Female - Male,97,0.9910626553021228,0.8757515079776236,1.1000496597664384,False,False,kept,0.043581295023332,0.0667273707259402,0.2098300758638356,0.25,False,False,kept,single df,0.054661399590154,0.0053621521744415,96,0.0551543328746361,0.0045462206303031,96,2.190240288999605e-05,8,0.00625,0.9875,kept,False
rep_002,Black - White,98,1.0031886381900668,0.9221605944177595,1.0862324641989545,False,False,kept,0.0753351407907121,0.1188299511582823,0.2240094237897092,0.25,False,False,kept,single df,0.0973921070881804,0.0089433009501493,97,0.0970825459744972,0.0085446916887306,97,7.185167982991227e-05,8,0.00625,0.9875,kept,False
rep_002,Hispanic - White,98,1.079968621130255,0.9541143610652456,1.219625705812085,False,False,kept,0.061975313619109,0.0945355882614301,0.2080383810398941,0.25,False,False,kept,single df,0.0845134314478892,0.0070807135923508,97,0.0782554509402695,0.0063965679070179,97,3.794599480294374e-05,8,0.00625,0.9875,kept,False
rep_002,Asian - White,98,0.9563298063367368,0.8213911375249512,1.0859443931862776,False,False,kept,0.0741412438044412,0.1073081658489468,0.1827888120874155,0.25,False,False,kept,single df,0.0867627393968699,0.0081585959136433,97,0.090724704826694,0.0065157456887263,97,4.387045598258245e-05,8,0.00625,0.9875,kept,True
rep_003,Republican - Democrat,98,0.9974176764808752,0.9636984367604308,1.0294878151142584,False,False,kept,0.1517356577949606,0.2316745096063513,0.2084943452418136,0.25,False,False,kept,single df,0.1912100391542799,0.0161290320425314,97,0.1917050837006559,0.0157042377448494,97,0.0002504608933434,8,0.00625,0.9875,kept,False
rep_003,Female - Male,97,1.0121026148230672,0.9082026778908824,1.1165612432207446,False,False,kept,0.043581295023332,0.0667273707259402,0.2098300758638356,0.25,False,False,kept,single df,0.0558218445212411,0.0050782020275411,96,0.0551543328746361,0.0045462206303031,96,2.079290222373385e-05,8,0.00625,0.9875,kept,False
rep_003,Black - White,98,1.0013953999380525,0.9451204850829794,1.058183452545178,False,False,kept,0.0753351407907121,0.1188299511582823,0.2240094237897092,0.25,False,False,kept,single df,0.097218014953136,0.0087705172933565,97,0.0970825459744972,0.0085446916887306,97,7.275906387202698e-05,8,0.00625,0.9875,kept,False
rep_003,Hispanic - White,98,1.0063113095730942,0.8969880505336368,1.1180885555128903,False,False,kept,0.061975313619109,0.0945355882614301,0.2080383810398941,0.25,False,False,kept,single df,0.0787493453169357,0.0070889391757388,97,0.0782554509402695,0.0063965679070179,97,4.006454189954848e-05,8,0.00625,0.9875,kept,False
rep_003,Asian - White,98,0.9761044660313336,0.8360852088709665,1.1204034503694202,False,False,kept,0.0741412438044412,0.1073081658489468,0.1827888120874155,0.25,False,False,kept,single df,0.0885567895607105,0.0077546669455679,97,0.090724704826694,0.0065157456887263,97,3.881226914995584e-05,8,0.00625,0.9875,kept,True
rep_004,Republican - Democrat,98,0.9847264351618538,0.953966816835909,1.0122862436591529,False,False,kept,0.1517356577949606,0.2316745096063513,0.2084943452418136,0.25,False,False,kept,single df,0.1887770636749517,0.016150756993359,97,0.1917050837006559,0.0157042377448494,97,0.000251538633281,8,0.00625,0.9875,kept,False
rep_004,Female - Male,97,0.9795927880886552,0.8793450126796013,1.0812312834414992,False,False,kept,0.043581295023332,0.0667273707259402,0.2098300758638356,0.25,False,False,kept,single df,0.0540287867158345,0.0048779304009311,96,0.0551543328746361,0.0045462206303031,96,1.993429620960549e-05,8,0.00625,0.9875,kept,False
rep_004,Black - White,98,1.024523229784324,0.9576161107831104,1.094934109066183,False,False,kept,0.0753351407907121,0.1188299511582823,0.2240094237897092,0.25,False,False,kept,single df,0.099463323557477,0.0088422990749768,97,0.0970825459744972,0.0085446916887306,97,7.238117866693682e-05,8,0.00625,0.9875,kept,False
rep_004,Hispanic - White,98,1.0427597195476053,0.9275046503253196,1.166360059007561,False,False,kept,0.061975313619109,0.0945355882614301,0.2080383810398941,0.25,False,False,kept,single df,0.0816016320755468,0.0070358989793889,97,0.0782554509402695,0.0063965679070179,97,3.889163697231996e-05,8,0.00625,0.9875,kept,False
rep_004,Asian - White,98,1.0757360045801077,0.9469255827921954,1.2105468316270138,False,False,kept,0.0741412438044412,0.1073081658489468,0.1827888120874155,0.25,False,False,kept,single df,0.0975958314869774,0.0079075364885481,97,0.090724704826694,0.0065157456887263,97,4.198544839495725e-05,8,0.00625,0.9875,kept,True
rep_005,Republican - Democrat,98,1.0070977852780298,0.9821202206375216,1.033216674303681,False,False,kept,0.1517356577949606,0.2316745096063513,0.2084943452418136,0.25,False,False,kept,single df,0.1930657652214699,0.0157301980833059,97,0.1917050837006559,0.0157042377448494,97,0.0002452766913215,8,0.00625,0.9875,kept,False
rep_005,Female - Male,97,1.0392186222347664,0.9575749995274052,1.1221026640763534,False,False,kept,0.043581295023332,0.0667273707259402,0.2098300758638356,0.25,False,False,kept,single df,0.057317409820257,0.004977880832745,96,0.0551543328746361,0.0045462206303031,96,2.120037443157484e-05,8,0.00625,0.9875,kept,False
rep_005,Black - White,98,0.9747939464825682,0.9089248459158804,1.0366963976267265,False,False,kept,0.0753351407907121,0.1188299511582823,0.2240094237897092,0.25,False,False,kept,single df,0.0946354781250555,0.0089641552968397,97,0.0970825459744972,0.0085446916887306,97,7.391233080696501e-05,8,0.00625,0.9875,kept,False
rep_005,Hispanic - White,98,0.9777750371752932,0.8452642893096582,1.1114876479922933,False,False,kept,0.061975313619109,0.0945355882614301,0.2080383810398941,0.25,False,False,kept,single df,0.0765162264522914,0.0073539331538298,97,0.0782554509402695,0.0063965679070179,97,3.946320087213162e-05,8,0.00625,0.9875,kept,False
rep_005,Asian - White,98,0.9494763879358132,0.7462675916914125,1.1506174472335895,False,False,attenuated or kept,0.0741412438044412,0.1073081658489468,0.1827888120874155,0.25,False,False,attenuated or kept,single df,0.0861409650353923,0.0095334052573789,97,0.090724704826694,0.0065157456887263,97,4.157976635987214e-05,8,0.00625,0.9875,unresolved,True
rep_006,Republican - Democrat,98,1.013992878097841,0.9914722153733594,1.0378782196813514,False,False,kept,0.1517356577949606,0.2316745096063513,0.2084943452418136,0.25,False,False,kept,single df,0.1943875895676157,0.0157791947714884,97,0.1917050837006559,0.0157042377448494,97,0.0002463711303561,8,0.00625,0.9875,kept,False
rep_006,Female - Male,97,1.046857820096556,0.94372128886124,1.14930281616523,False,False,kept,0.043581295023332,0.0667273707259402,0.2098300758638356,0.25,False,False,kept,single df,0.0577387446820214,0.005264672625216,96,0.0551543328746361,0.0045462206303031,96,2.1791750492237422e-05,8,0.00625,0.9875,kept,False
rep_006,Black - White,98,0.9944075039031384,0.9240597277574452,1.0620182907225768,False,False,kept,0.0753351407907121,0.1188299511582823,0.2240094237897092,0.25,False,False,kept,single df,0.0965396122150614,0.009084700036378,97,0.0970825459744972,0.0085446916887306,97,7.449466889856498e-05,8,0.00625,0.9875,kept,False
rep_006,Hispanic - White,98,1.0026444569347066,0.8789995980050106,1.124096116590584,False,False,kept,0.061975313619109,0.0945355882614301,0.2080383810398941,0.25,False,False,kept,single df,0.0784623941101871,0.0075302011915734,97,0.0782554509402695,0.0063965679070179,97,4.201611825163729e-05,8,0.00625,0.9875,kept,False
rep_006,Asian - White,98,0.922502924602694,0.7672880606529375,1.0731187498683934,False,False,kept,0.0741412438044412,0.1073081658489468,0.1827888120874155,0.25,False,False,kept,single df,0.0836938055363414,0.0083697783304293,97,0.090724704826694,0.0065157456887263,97,4.198908712261233e-05,8,0.00625,0.9875,kept,True
rep_007,Republican - Democrat,98,1.0062929177796731,0.98336212314677,1.0300469533180896,False,False,kept,0.1517356577949606,0.2316745096063513,0.2084943452418136,0.25,False,False,kept,single df,0.1929114680303295,0.0157542724845755,97,0.1917050837006559,0.0157042377448494,97,0.0002459412801109,8,0.00625,0.9875,kept,False
rep_007,Female - Male,97,0.9792371578502403,0.917399005663093,1.041179148052075,False,False,kept,0.043581295023332,0.0667273707259402,0.2098300758638356,0.25,False,False,kept,single df,0.0540091721672847,0.0046359518317506,96,0.0551543328746361,0.0045462206303031,96,2.021569409052057e-05,8,0.00625,0.9875,kept,False
rep_007,Black - White,98,0.968190514042431,0.8963687264081978,1.0325610657518252,False,False,kept,0.0753351407907121,0.1188299511582823,0.2240094237897092,0.25,False,False,kept,single df,0.0939944000915964,0.0092086790790228,97,0.0970825459744972,0.0085446916887306,97,7.583801518881847e-05,8,0.00625,0.9875,kept,False
rep_007,Hispanic - White,98,0.9470153581162613,0.8373298069970867,1.0466332325216827,False,False,kept,0.061975313619109,0.0945355882614301,0.2080383810398941,0.25,False,False,kept,single df,0.0741091138967489,0.0074297552848815,97,0.0782554509402695,0.0063965679070179,97,4.330108980170309e-05,8,0.00625,0.9875,kept,False
rep_007,Asian - White,98,1.0315516632232,0.9159909605929408,1.1530341136413271,False,False,kept,0.0741412438044412,0.1073081658489468,0.1827888120874155,0.25,False,False,kept,single df,0.0935872201594101,0.0074105278574686,97,0.090724704826694,0.0065157456887263,97,4.015790846473884e-05,8,0.00625,0.9875,kept,True
rep_008,Republican - Democrat,98,1.003144844207727,0.9814741527071816,1.0261010029716922,False,False,kept,0.1517356577949606,0.2316745096063513,0.2084943452418136,0.25,False,False,kept,single df,0.1923079663227238,0.0156166095703771,97,0.1917050837006559,0.0157042377448494,97,0.0002439106875305,8,0.00625,0.9875,kept,False
rep_008,Female - Male,97,1.0059020243217476,0.8933977041116853,1.1252549540748114,False,False,kept,0.043581295023332,0.0667273707259402,0.2098300758638356,0.25,False,False,kept,single df,0.055479855088712,0.0048833479140925,96,0.0551543328746361,0.0045462206303031,96,1.925342795216908e-05,8,0.00625,0.9875,kept,False
rep_008,Black - White,98,1.002745448428355,0.9447104895054268,1.065245024851698,False,False,kept,0.0753351407907121,0.1188299511582823,0.2240094237897092,0.25,False,False,kept,single df,0.0973490810977635,0.0084993481409494,97,0.0970825459744972,0.0085446916887306,97,7.012720238613835e-05,8,0.00625,0.9875,kept,False
rep_008,Hispanic - White,98,1.035871886498807,0.9256277253580604,1.1579337004585104,False,False,kept,0.061975313619109,0.0945355882614301,0.2080383810398941,0.25,False,False,kept,single df,0.0810626215943118,0.0067084391842811,97,0.0782554509402695,0.0063965679070179,97,3.703948885689574e-05,8,0.00625,0.9875,kept,False
rep_008,Asian - White,98,0.9911873838869132,0.874435321176258,1.1101609921649591,False,False,kept,0.0741412438044412,0.1073081658489468,0.1827888120874155,0.25,False,False,kept,single df,0.0899251828310832,0.0074877071493893,97,0.090724704826694,0.0065157456887263,97,4.0716547092786345e-05,8,0.00625,0.9875,kept,True
rep_009,Republican - Democrat,98,0.9967065986117452,0.971047443008142,1.023567445298737,False,False,kept,0.1517356577949606,0.2316745096063513,0.2084943452418136,0.25,False,False,kept,single df,0.1910737219118607,0.0155641169349128,97,0.1917050837006559,0.0157042377448494,97,0.0002425501858331,8,0.00625,0.9875,kept,False
rep_009,Female - Male,97,0.9824830213060676,0.871977020594245,1.0910542893716386,False,False,kept,0.043581295023332,0.0667273707259402,0.2098300758638356,0.25,False,False,kept,single df,0.054188195600793,0.0051173692840526,96,0.0551543328746361,0.0045462206303031,96,2.074019055325089e-05,8,0.00625,0.9875,kept,False
rep_009,Black - White,98,0.9544844671437808,0.8769902344388955,1.0226355938420806,False,False,kept,0.0753351407907121,0.1188299511582823,0.2240094237897092,0.25,False,False,kept,single df,0.0926637821634296,0.0092811435818226,97,0.0970825459744972,0.0085446916887306,97,7.61445749412109e-05,8,0.00625,0.9875,kept,False
rep_009,Hispanic - White,98,0.9811978111864798,0.8470399960214328,1.1152349369274133,False,False,kept,0.061975313619109,0.0945355882614301,0.2080383810398941,0.25,False,False,kept,single df,0.0767840771760034,0.0074674789457727,97,0.0782554509402695,0.0063965679070179,97,4.02013488140103e-05,8,0.00625,0.9875,kept,False
rep_009,Asian - White,98,0.937760898748271,0.8005594269884675,1.0742870223831902,False,False,kept,0.0741412438044412,0.1073081658489468,0.1827888120874155,0.25,False,False,kept,single df,0.0850780807369522,0.0078178471890933,97,0.090724704826694,0.0065157456887263,97,4.022731712038949e-05,8,0.00625,0.9875,kept,True
rep_010,Republican - Democrat,98,1.0088257899197288,0.979564661016284,1.03865439747549,False,False,kept,0.1517356577949606,0.2316745096063513,0.2084943452418136,0.25,False,False,kept,single df,0.193397032495942,0.0158941945516141,97,0.1917050837006559,0.0157042377448494,97,0.0002472599301288,8,0.00625,0.9875,kept,False
rep_010,Female - Male,97,1.0503942381263915,0.947973272527588,1.1520583249344325,False,False,kept,0.043581295023332,0.0667273707259402,0.2098300758638356,0.25,False,False,kept,single df,0.0579337934592228,0.0052757158887145,96,0.0551543328746361,0.0045462206303031,96,2.187950328818704e-05,8,0.00625,0.9875,kept,False
rep_010,Black - White,98,1.001204044221236,0.9342876082940148,1.0687247906687969,False,False,kept,0.0753351407907121,0.1188299511582823,0.2240094237897092,0.25,False,False,kept,single df,0.0971994376529607,0.0088654189904729,97,0.0970825459744972,0.0085446916887306,97,7.268209323227621e-05,8,0.00625,0.9875,kept,False
rep_010,Hispanic - White,98,1.0200713211961046,0.9067986112563148,1.1288681269397538,False,False,kept,0.061975313619109,0.0945355882614301,0.2080383810398941,0.25,False,False,kept,single df,0.0798261412314377,0.0076059823748076,97,0.0782554509402695,0.0063965679070179,97,4.376147107144666e-05,8,0.00625,0.9875,kept,False
rep_010,Asian - White,98,1.0068568524421693,0.9014473105897448,1.1110301069923656,False,False,kept,0.0741412438044412,0.1073081658489468,0.1827888120874155,0.25,False,False,kept,single df,0.09134679074055,0.0076193640349339,97,0.090724704826694,0.0065157456887263,97,4.350525571618192e-05,8,0.00625,0.9875,kept,True
rep_011,Republican - Democrat,98,1.0019469825867169,0.9780444133525537,1.0251887298546003,False,False,kept,0.1517356577949606,0.2316745096063513,0.2084943452418136,0.25,False,False,kept,single df,0.1920783301604062,0.0159434087054122,97,0.1917050837006559,0.0157042377448494,97,0.0002488963282763,8,0.00625,0.9875,kept,False
rep_011,Female - Male,97,0.9951221082507395,0.9283228053479204,1.060540440705826,False,False,kept,0.043581295023332,0.0667273707259402,0.2098300758638356,0.25,False,False,kept,single df,0.054885296009371,0.0048004890566188,96,0.0551543328746361,0.0045462206303031,96,2.0877164648294632e-05,8,0.00625,0.9875,kept,False
rep_011,Black - White,98,0.980033799619244,0.9052347942421596,1.049878819276828,False,False,kept,0.0753351407907121,0.1188299511582823,0.2240094237897092,0.25,False,False,kept,single df,0.0951441764080964,0.0091681438566795,97,0.0970825459744972,0.0085446916887306,97,7.49771406704743e-05,8,0.00625,0.9875,kept,False
rep_011,Hispanic - White,98,0.9588592786951844,0.8372341437575234,1.0827495168680124,False,False,kept,0.061975313619109,0.0945355882614301,0.2080383810398941,0.25,False,False,kept,single df,0.0750359652425532,0.0070201790119144,97,0.0782554509402695,0.0063965679070179,97,3.820841013259072e-05,8,0.00625,0.9875,kept,False
rep_011,Asian - White,98,1.0891953855640495,0.9466580051394236,1.2357954726412284,False,False,kept,0.0741412438044412,0.1073081658489468,0.1827888120874155,0.25,False,False,kept,single df,0.0988169298538956,0.008402137575985,97,0.090724704826694,0.0065157456887263,97,4.3746810314835485e-05,8,0.00625,0.9875,kept,True
rep_012,Republican - Democrat,98,0.993873419760313,0.9675700227719036,1.019869537129953,False,False,kept,0.1517356577949606,0.2316745096063513,0.2084943452418136,0.25,False,False,kept,single df,0.190530587123008,0.0157790534383531,97,0.1917050837006559,0.0157042377448494,97,0.0002459458995368,8,0.00625,0.9875,kept,False
rep_012,Female - Male,97,0.8873654781192424,0.620363715378551,1.1478883949427667,False,False,attenuated or kept,0.043581295023332,0.0667273707259402,0.2098300758638356,0.25,False,False,attenuated or kept,single df,0.0489420509616493,0.0070760087256868,96,0.0551543328746361,0.0045462206303031,96,1.9793888953044847e-05,8,0.00625,0.9875,unresolved,False
rep_012,Black - White,98,1.0180291208393195,0.9571837054256296,1.0826018432904645,False,False,kept,0.0753351407907121,0.1188299511582823,0.2240094237897092,0.25,False,False,kept,single df,0.0988328589272602,0.0087094182904148,97,0.0970825459744972,0.0085446916887306,97,7.175256391384512e-05,8,0.00625,0.9875,kept,False
rep_012,Hispanic - White,98,1.005615135644291,0.9116286290100648,1.099781014128693,False,False,kept,0.061975313619109,0.0945355882614301,0.2080383810398941,0.25,False,False,kept,single df,0.0786948659122043,0.007015592155418,97,0.0782554509402695,0.0063965679070179,97,4.1064712516199584e-05,8,0.00625,0.9875,kept,False
rep_012,Asian - White,98,0.9366018061093024,0.7836839504431111,1.0883533910893703,False,False,kept,0.0741412438044412,0.1073081658489468,0.1827888120874155,0.25,False,False,kept,single df,0.084972922399415,0.0081905541956097,97,0.090724704826694,0.0065157456887263,97,4.047958445999413e-05,8,0.00625,0.9875,kept,True
rep_013,Republican - Democrat,98,0.9986871535438736,0.977449030863762,1.0204411899671604,False,False,kept,0.1517356577949606,0.2316745096063513,0.2084943452418136,0.25,False,False,kept,single df,0.1914534043608981,0.0156744100088747,97,0.1917050837006559,0.0157042377448494,97,0.0002448994245881,8,0.00625,0.9875,kept,False
rep_013,Female - Male,97,0.957684585475726,0.7094149086455062,1.205114128145918,False,False,attenuated or kept,0.043581295023332,0.0667273707259402,0.2098300758638356,0.25,False,False,attenuated or kept,single df,0.0528204544162361,0.0068471736248481,96,0.0551543328746361,0.0045462206303031,96,1.9982049554321136e-05,8,0.00625,0.9875,unresolved,False
rep_013,Black - White,98,0.9551482107395888,0.879508144903884,1.0234130388787293,False,False,kept,0.0753351407907121,0.1188299511582823,0.2240094237897092,0.25,False,False,kept,single df,0.0927282200815849,0.009136761861143,97,0.0970825459744972,0.0085446916887306,97,7.483325974619608e-05,8,0.00625,0.9875,kept,False
rep_013,Hispanic - White,98,0.990893958988319,0.8789874318124524,1.1016279320999478,False,False,kept,0.061975313619109,0.0945355882614301,0.2080383810398941,0.25,False,False,kept,single df,0.0775428535946198,0.0072410764250951,97,0.0782554509402695,0.0063965679070179,97,4.107376477819688e-05,8,0.00625,0.9875,kept,False
rep_013,Asian - White,98,1.102038325667387,0.9794988551404956,1.2275464174210404,False,False,kept,0.0741412438044412,0.1073081658489468,0.1827888120874155,0.25,False,False,kept,single df,0.0999821018038778,0.0081506030500494,97,0.090724704826694,0.0065157456887263,97,4.49639366910677e-05,8,0.00625,0.9875,kept,True
rep_014,Republican - Democrat,98,1.0068386567810037,0.9832061667474186,1.031388898081664,False,False,kept,0.1517356577949606,0.2316745096063513,0.2084943452418136,0.25,False,False,kept,single df,0.1930160889712583,0.0157525167842091,97,0.1917050837006559,0.0157042377448494,97,0.000245819427537,8,0.00625,0.9875,kept,False
rep_014,Female - Male,97,0.9966312989696244,0.8900499762117264,1.1082910442571794,False,False,kept,0.043581295023332,0.0667273707259402,0.2098300758638356,0.25,False,False,kept,single df,0.0549685344166516,0.004857817163986,96,0.0551543328746361,0.0045462206303031,96,1.94590106239265e-05,8,0.00625,0.9875,kept,False
rep_014,Black - White,98,0.9871115964373588,0.9168892389548092,1.056443929788044,False,False,kept,0.0753351407907121,0.1188299511582823,0.2240094237897092,0.25,False,False,kept,single df,0.0958313069430892,0.0088929426612866,97,0.0970825459744972,0.0085446916887306,97,7.268574838174221e-05,8,0.00625,0.9875,kept,False
rep_014,Hispanic - White,98,0.9128793820027166,0.7820698906086206,1.0270537814423055,False,False,kept,0.061975313619109,0.0945355882614301,0.2080383810398941,0.25,False,False,kept,single df,0.0714377876926972,0.0078320305763022,97,0.0782554509402695,0.0063965679070179,97,4.487437942222759e-05,8,0.00625,0.9875,kept,False
rep_014,Asian - White,98,0.9864102729047834,0.847083431393425,1.116604650696249,False,False,kept,0.0741412438044412,0.1073081658489468,0.1827888120874155,0.25,False,False,kept,single df,0.0894917808473052,0.0086401432888841,97,0.090724704826694,0.0065157456887263,97,4.748625547907958e-05,8,0.00625,0.9875,kept,True
rep_015,Republican - Democrat,98,0.9996906731982774,0.9739116549045548,1.0258640647548276,False,False,kept,0.1517356577949606,0.2316745096063513,0.2084943452418136,0.25,False,False,kept,single df,0.1916457841802409,0.0157477809132065,97,0.1917050837006559,0.0157042377448494,97,0.0002454767036309,8,0.00625,0.9875,kept,False
rep_015,Female - Male,97,1.0965735846857914,0.8487923456658014,1.3511422893833511,False,False,kept or steepened,0.043581295023332,0.0667273707259402,0.2098300758638356,0.25,False,False,kept or steepened,single df,0.0604807845112931,0.0070582680509947,96,0.0551543328746361,0.0045462206303031,96,2.114115816828893e-05,8,0.00625,0.9875,unresolved,False
rep_015,Black - White,98,1.011300431632249,0.9439963300987966,1.0815376181241514,False,False,kept,0.0753351407907121,0.1188299511582823,0.2240094237897092,0.25,False,False,kept,single df,0.0981796206479667,0.008780939687785,97,0.0970825459744972,0.0085446916887306,97,7.181008959229676e-05,8,0.00625,0.9875,kept,False
rep_015,Hispanic - White,98,0.9911385239208944,0.8954831706237601,1.085586898122392,False,False,kept,0.061975313619109,0.0945355882614301,0.2080383810398941,0.25,False,False,kept,single df,0.0775619921337027,0.0070318932990884,97,0.0782554509402695,0.0063965679070179,97,4.109933954198376e-05,8,0.00625,0.9875,kept,False
rep_015,Asian - White,98,1.0433863119292086,0.9124999147839062,1.1723749404353672,False,False,kept,0.0741412438044412,0.1073081658489468,0.1827888120874155,0.25,False,False,kept,single df,0.0946609151699904,0.0083298470935259,97,0.090724704826694,0.0065157456887263,97,4.546232883927693e-05,8,0.00625,0.9875,kept,True
rep_016,Republican - Democrat,98,0.9995310077116032,0.9692128758798938,1.02945023857983,False,False,kept,0.1517356577949606,0.2316745096063513,0.2084943452418136,0.25,False,False,kept,single df,0.1916151754947538,0.0159209978715802,97,0.1917050837006559,0.0157042377448494,97,0.0002475897966715,8,0.00625,0.9875,kept,False
rep_016,Female - Male,97,0.993638627850987,0.8928053087625852,1.0992162152460307,False,False,kept,0.043581295023332,0.0667273707259402,0.2098300758638356,0.25,False,False,kept,single df,0.05480347563759,0.0048029020104413,96,0.0551543328746361,0.0045462206303031,96,1.947213461341441e-05,8,0.00625,0.9875,kept,False
rep_016,Black - White,98,0.979975105763549,0.9149647643443548,1.0392803681713754,False,False,kept,0.0753351407907121,0.1188299511582823,0.2240094237897092,0.25,False,False,kept,single df,0.0951384782591525,0.0091198411728094,97,0.0970825459744972,0.0085446916887306,97,7.54918528846471e-05,8,0.00625,0.9875,kept,False
rep_016,Hispanic - White,98,1.0164280281930806,0.9011522314914984,1.1365161891928293,False,False,kept,0.061975313619109,0.0945355882614301,0.2080383810398941,0.25,False,False,kept,single df,0.0795410336945785,0.0070970480488836,97,0.0782554509402695,0.0063965679070179,97,3.941194297906769e-05,8,0.00625,0.9875,kept,False
rep_016,Asian - White,98,1.123652492439465,0.9658579857526354,1.2837057404030197,False,False,kept or steepened,0.0741412438044412,0.1073081658489468,0.1827888120874155,0.25,False,False,kept or steepened,single df,0.1019430407043495,0.0090280174913569,97,0.090724704826694,0.0065157456887263,97,4.631750361625772e-05,8,0.00625,0.9875,unresolved,True
rep_017,Republican - Democrat,98,0.9953068719443604,0.9716191181075684,1.018040828720462,False,False,kept,0.1517356577949606,0.2316745096063513,0.2084943452418136,0.25,False,False,kept,single df,0.1908053871939317,0.0158867190481924,97,0.1917050837006559,0.0157042377448494,97,0.0002480536823198,8,0.00625,0.9875,kept,False
rep_017,Female - Male,97,1.005954811700196,0.9386873518445517,1.0765266849733577,False,False,kept,0.043581295023332,0.0667273707259402,0.2098300758638356,0.25,False,False,kept,single df,0.0554827665413545,0.004642588649352,96,0.0551543328746361,0.0045462206303031,96,2.0049758872404912e-05,8,0.00625,0.9875,kept,False
rep_017,Black - White,98,1.0067564177520794,0.9475133785516284,1.0660905147335764,False,False,kept,0.0753351407907121,0.1188299511582823,0.2240094237897092,0.25,False,False,kept,single df,0.0977384762115363,0.0088731523928387,97,0.0970825459744972,0.0085446916887306,97,7.34421340123249e-05,8,0.00625,0.9875,kept,False
rep_017,Hispanic - White,98,0.9958562447913912,0.8752146247957482,1.1180205090522644,False,False,kept,0.061975313619109,0.0945355882614301,0.2080383810398941,0.25,False,False,kept,single df,0.0779311795078337,0.0072481939632788,97,0.0782554509402695,0.0063965679070179,97,4.005794522484582e-05,8,0.00625,0.9875,kept,False
rep_017,Asian - White,98,0.9280405797898332,0.7333135731530417,1.1291218474124936,False,False,attenuated or kept,0.0741412438044412,0.1073081658489468,0.1827888120874155,0.25,False,False,attenuated or kept,single df,0.0841962076686266,0.0087984931771383,97,0.090724704826694,0.0065157456887263,97,3.549774419298002e-05,8,0.00625,0.9875,unresolved,True
rep_018,Republican - Democrat,98,0.9861683826441688,0.9586486222905336,1.0122307902528676,False,False,kept,0.1517356577949606,0.2316745096063513,0.2084943452418136,0.25,False,False,kept,single df,0.1890534923377409,0.0158599972964968,97,0.1917050837006559,0.0157042377448494,97,0.0002471662678748,8,0.00625,0.9875,kept,False
rep_018,Female - Male,97,0.9743611348846778,0.9083341200712608,1.0424856328102237,False,False,kept,0.043581295023332,0.0667273707259402,0.2098300758638356,0.25,False,False,kept,single df,0.0537402383735377,0.0045522850363677,96,0.0551543328746361,0.0045462206303031,96,1.966758560359019e-05,8,0.00625,0.9875,kept,False
rep_018,Black - White,98,0.957851347861314,0.8849962255362243,1.0260991252771985,False,False,kept,0.0753351407907121,0.1188299511582823,0.2240094237897092,0.25,False,False,kept,single df,0.0929906475154801,0.008941874874446,97,0.0970825459744972,0.0085446916887306,97,7.311803576423603e-05,8,0.00625,0.9875,kept,False
rep_018,Hispanic - White,98,0.9951346323435604,0.8938620330292184,1.099447148905957,False,False,kept,0.061975313619109,0.0945355882614301,0.2080383810398941,0.25,False,False,kept,single df,0.0778747094003246,0.0068802293341857,97,0.0782554509402695,0.0063965679070179,97,3.9342259200548215e-05,8,0.00625,0.9875,kept,False
rep_018,Asian - White,98,1.00662926649818,0.8825982131375667,1.1393534681720208,False,False,kept,0.0741412438044412,0.1073081658489468,0.1827888120874155,0.25,False,False,kept,single df,0.0913261430729589,0.0072450367709228,97,0.090724704826694,0.0065157456887263,97,3.73979068220415e-05,8,0.00625,0.9875,kept,True
rep_019,Republican - Democrat,98,1.015595036380504,0.9879950243958674,1.0440989630389208,False,False,kept,0.1517356577949606,0.2316745096063513,0.2084943452418136,0.25,False,False,kept,single df,0.1946947314552952,0.0159267919701709,97,0.1917050837006559,0.0157042377448494,97,0.0002480164970824,8,0.00625,0.9875,kept,False
rep_019,Female - Male,97,1.0568316113473202,0.9476762941018932,1.1680602598147865,False,False,kept,0.043581295023332,0.0667273707259402,0.2098300758638356,0.25,False,False,kept,single df,0.0582888424846882,0.0052487352744864,96,0.0551543328746361,0.0045462206303031,96,2.137751462872496e-05,8,0.00625,0.9875,kept,False
rep_019,Black - White,98,1.00759622208776,0.9387833788966128,1.0810686520205803,False,False,kept,0.0753351407907121,0.1188299511582823,0.2240094237897092,0.25,False,False,kept,single df,0.0978200065545647,0.0086385128122875,97,0.0970825459744972,0.0085446916887306,97,7.034664419656165e-05,8,0.00625,0.9875,kept,False
rep_019,Hispanic - White,98,0.9843776034638996,0.8402952173348948,1.1214217766592176,False,False,kept,0.061975313619109,0.0945355882614301,0.2080383810398941,0.25,False,False,kept,single df,0.0770329132545693,0.0079858175658661,97,0.0782554509402695,0.0063965679070179,97,4.345978384695468e-05,8,0.00625,0.9875,kept,False
rep_019,Asian - White,98,1.0022128612098138,0.8569552806860785,1.1357978881721325,False,False,kept,0.0741412438044412,0.1073081658489468,0.1827888120874155,0.25,False,False,kept,single df,0.0909254660067768,0.0089912963582609,97,0.090724704826694,0.0065157456887263,97,4.971702782069965e-05,8,0.00625,0.9875,kept,True
rep_020,Republican - Democrat,98,0.996550669276898,0.9667456390768764,1.023823030098877,False,False,kept,0.1517356577949606,0.2316745096063513,0.2084943452418136,0.25,False,False,kept,single df,0.1910438294656724,0.0162182836026759,97,0.1917050837006559,0.0157042377448494,97,0.0002526445434981,8,0.00625,0.9875,kept,False
rep_020,Female - Male,97,0.964838506378062,0.8607315470971597,1.0720013629158238,False,False,kept,0.043581295023332,0.0667273707259402,0.2098300758638356,0.25,False,False,kept,single df,0.0532150241510423,0.0047878595864344,96,0.0551543328746361,0.0045462206303031,96,1.925572363476913e-05,8,0.00625,0.9875,kept,False
rep_020,Black - White,98,0.9820350195908112,0.9140833937072972,1.0508673777220163,False,False,kept,0.0753351407907121,0.1188299511582823,0.2240094237897092,0.25,False,False,kept,single df,0.0953384599379912,0.0086994604789663,97,0.0970825459744972,0.0085446916887306,97,7.109152457926703e-05,8,0.00625,0.9875,kept,False
rep_020,Hispanic - White,98,0.9213783797174202,0.8023769357320395,1.030923690103824,False,False,kept,0.061975313619109,0.0945355882614301,0.2080383810398941,0.25,False,False,kept,single df,0.0721028805914016,0.0073760553426127,97,0.0782554509402695,0.0063965679070179,97,4.197556531790624e-05,8,0.00625,0.9875,kept,False
rep_020,Asian - White,98,0.9416962434309204,0.8009839804592136,1.0801747072544678,False,False,kept,0.0741412438044412,0.1073081658489468,0.1827888120874155,0.25,False,False,kept,single df,0.0854351137216768,0.0080102816526622,97,0.090724704826694,0.0065157456887263,97,4.135143991514183e-05,8,0.00625,0.9875,kept,True
rep_021,Republican - Democrat,98,0.9918639314210564,0.966429221093106,1.016533430991572,False,False,kept,0.1517356577949606,0.2316745096063513,0.2084943452418136,0.25,False,False,kept,single df,0.1901453579927353,0.0158161402278419,97,0.1917050837006559,0.0157042377448494,97,0.0002466928636496,8,0.00625,0.9875,kept,False
rep_021,Female - Male,97,1.030535332770055,0.9235865700418132,1.1429960374583328,False,False,kept,0.043581295023332,0.0667273707259402,0.2098300758638356,0.25,False,False,kept,single df,0.0568384887826735,0.0049797581305225,96,0.0551543328746361,0.0045462206303031,96,2.006247107617557e-05,8,0.00625,0.9875,kept,False
rep_021,Black - White,98,1.0041676410561966,0.9389009990857402,1.0729005021542388,False,False,kept,0.0753351407907121,0.1188299511582823,0.2240094237897092,0.25,False,False,kept,single df,0.0974871511789406,0.0086608832341792,97,0.0970825459744972,0.0085446916887306,97,7.092092192980856e-05,8,0.00625,0.9875,kept,False
rep_021,Hispanic - White,98,0.9846977446563644,0.8808803296111669,1.0915861441539798,False,False,kept,0.061975313619109,0.0945355882614301,0.2080383810398941,0.25,False,False,kept,single df,0.0770579660479502,0.0068538377066734,97,0.0782554509402695,0.0063965679070179,97,3.89011730526821e-05,8,0.00625,0.9875,kept,False
rep_021,Asian - White,98,1.0043617102292317,0.8746599119481836,1.1369447799064816,False,False,kept,0.0741412438044412,0.1073081658489468,0.1827888120874155,0.25,False,False,kept,single df,0.0911204196997806,0.0077712545626505,97,0.090724704826694,0.0065157456887263,97,4.0870723369422725e-05,8,0.00625,0.9875,kept,True
rep_022,Republican - Democrat,98,0.9795845181765096,0.956975325675372,1.0006321419035322,False,False,kept,0.1517356577949606,0.2316745096063513,0.2084943452418136,0.25,False,False,kept,single df,0.1877913320488945,0.0157333969448277,97,0.1917050837006559,0.0157042377448494,97,0.0002458253146877,8,0.00625,0.9875,kept,False
rep_022,Female - Male,97,1.0126717072393696,0.9066861512664576,1.114678172100472,False,False,kept,0.043581295023332,0.0667273707259402,0.2098300758638356,0.25,False,False,kept,single df,0.0558532324338062,0.0052777938657738,96,0.0551543328746361,0.0045462206303031,96,2.182284321495184e-05,8,0.00625,0.9875,kept,False
rep_022,Black - White,98,0.9934017746864388,0.9125468965750132,1.0696337112769148,False,False,kept,0.0753351407907121,0.1188299511582823,0.2240094237897092,0.25,False,False,kept,single df,0.0964419734621433,0.0093228873430325,97,0.0970825459744972,0.0085446916887306,97,7.572441194974182e-05,8,0.00625,0.9875,kept,False
rep_022,Hispanic - White,98,1.094975897508953,0.973571043776418,1.2285037014932798,False,False,kept,0.061975313619109,0.0945355882614301,0.2080383810398941,0.25,False,False,kept,single df,0.0856878326282895,0.0071911948964763,97,0.0782554509402695,0.0063965679070179,97,3.93197278731409e-05,8,0.00625,0.9875,kept,False
rep_022,Asian - White,98,1.0309101041754836,0.8882335586487613,1.17337693422599,False,False,kept,0.0741412438044412,0.1073081658489468,0.1827888120874155,0.25,False,False,kept,single df,0.0935290149041771,0.0083875454615218,97,0.090724704826694,0.0065157456887263,97,4.389601525986006e-05,8,0.00625,0.9875,kept,True
rep_023,Republican - Democrat,98,0.992663083301827,0.9673282376903272,1.0159865173657263,False,False,kept,0.1517356577949606,0.2316745096063513,0.2084943452418136,0.25,False,False,kept,single df,0.1902985594709279,0.016033077268674,97,0.1917050837006559,0.0157042377448494,97,0.000250271394095,8,0.00625,0.9875,kept,False
rep_023,Female - Male,97,0.8645376503336635,0.5868525111117565,1.1265422875785582,False,False,attenuated or kept,0.043581295023332,0.0667273707259402,0.2098300758638356,0.25,False,False,attenuated or kept,single df,0.0476829973491586,0.00736074388143,96,0.0551543328746361,0.0045462206303031,96,2.138673049696989e-05,8,0.00625,0.9875,unresolved,False
rep_023,Black - White,98,1.028947140188848,0.971167369351002,1.0883548376700636,False,False,kept,0.0753351407907121,0.1188299511582823,0.2240094237897092,0.25,False,False,kept,single df,0.0998928080427112,0.0089290953568345,97,0.0970825459744972,0.0085446916887306,97,7.400035742497979e-05,8,0.00625,0.9875,kept,False
rep_023,Hispanic - White,98,1.0351075369733111,0.908483886583844,1.1682385077081645,False,False,kept,0.061975313619109,0.0945355882614301,0.2080383810398941,0.25,False,False,kept,single df,0.0810028070775182,0.0072797124263436,97,0.0782554509402695,0.0063965679070179,97,3.940972070870554e-05,8,0.00625,0.9875,kept,False
rep_023,Asian - White,98,0.9624022514441468,0.8371222567884352,1.0915171402065793,False,False,kept,0.0741412438044412,0.1073081658489468,0.1827888120874155,0.25,False,False,kept,single df,0.087313660186816,0.0073929980455511,97,0.090724704826694,0.0065157456887263,97,3.850371532590862e-05,8,0.00625,0.9875,kept,True
rep_024,Republican - Democrat,98,1.0099636877205054,0.9892704022260804,1.0308345875828286,False,False,kept,0.1517356577949606,0.2316745096063513,0.2084943452418136,0.25,False,False,kept,single df,0.1936151732890826,0.015903848685434,97,0.1917050837006559,0.0157042377448494,97,0.0002485984197173,8,0.00625,0.9875,kept,False
rep_024,Female - Male,97,1.0587279278176125,0.9327597385375248,1.1813657865178897,False,False,kept,0.043581295023332,0.0667273707259402,0.2098300758638356,0.25,False,False,kept,single df,0.0583934325545263,0.0056286649180865,96,0.0551543328746361,0.0045462206303031,96,2.262917116227281e-05,8,0.00625,0.9875,kept,False
rep_024,Black - White,98,1.001393063931752,0.9300439904909517,1.0705883638128335,False,False,kept,0.0753351407907121,0.1188299511582823,0.2240094237897092,0.25,False,False,kept,single df,0.0972177881676969,0.0091114648848649,97,0.0970825459744972,0.0085446916887306,97,7.460170094988733e-05,8,0.00625,0.9875,kept,False
rep_024,Hispanic - White,98,0.9920314140887624,0.8702584139080356,1.1122972644279685,False,False,kept,0.061975313619109,0.0945355882614301,0.2080383810398941,0.25,False,False,kept,single df,0.0776318656564293,0.0074070852298871,97,0.0782554509402695,0.0063965679070179,97,4.127162013790581e-05,8,0.00625,0.9875,kept,False
rep_024,Asian - White,98,0.906013793161816,0.7757786243715666,1.0339616242764005,False,False,kept,0.0741412438044412,0.1073081658489468,0.1827888120874155,0.25,False,False,kept,single df,0.0821978339535191,0.0076066305647541,97,0.090724704826694,0.0065157456887263,97,3.9869421682209306e-05,8,0.00625,0.9875,kept,True
rep_025,Republican - Democrat,98,1.0006032138375534,0.9765622561411544,1.0238731056717278,False,False,kept,0.1517356577949606,0.2316745096063513,0.2084943452418136,0.25,False,False,kept,single df,0.1918207228598735,0.0159418809212207,97,0.1917050837006559,0.0157042377448494,97,0.0002488640596646,8,0.00625,0.9875,kept,False
rep_025,Female - Male,97,1.1361453338812832,0.8746303917689962,1.4090115284941982,False,False,kept or steepened,0.043581295023332,0.0667273707259402,0.2098300758638356,0.25,False,False,kept or steepened,single df,0.0626633379388529,0.0072742076891983,96,0.0551543328746361,0.0045462206303031,96,2.0935018206858776e-05,8,0.00625,0.9875,unresolved,False
rep_025,Black - White,98,1.0379670890551536,0.9741605449150128,1.106687865919616,False,False,kept,0.0753351407907121,0.1188299511582823,0.2240094237897092,0.25,False,False,kept,single df,0.100768487643212,0.0088131507227014,97,0.0970825459744972,0.0085446916887306,97,7.23881168341975e-05,8,0.00625,0.9875,kept,False
rep_025,Hispanic - White,98,0.9544648969880212,0.829311380820812,1.0831345452154038,False,False,kept,0.061975313619109,0.0945355882614301,0.2080383810398941,0.25,False,False,kept,single df,0.0746920809204555,0.0069860071425508,97,0.0782554509402695,0.0063965679070179,97,3.746285310050336e-05,8,0.00625,0.9875,kept,False
rep_025,Asian - White,98,0.9804610927103934,0.8426839616608861,1.1200617369703276,False,False,kept,0.0741412438044412,0.1073081658489468,0.1827888120874155,0.25,False,False,kept,single df,0.0889520432302083,0.0078891837434928,97,0.090724704826694,0.0065157456887263,97,4.050559550984639e-05,8,0.00625,0.9875,kept,True
rep_026,Republican - Democrat,98,0.9946599512287396,0.9692278829228734,1.01896523725636,False,False,kept,0.1517356577949606,0.2316745096063513,0.2084943452418136,0.25,False,False,kept,single df,0.1906813692039959,0.0159195732865951,97,0.1917050837006559,0.0157042377448494,97,0.0002483635148166,8,0.00625,0.9875,kept,False
rep_026,Female - Male,97,1.039430716244605,0.972210228538863,1.1065569800434625,False,False,kept,0.043581295023332,0.0667273707259402,0.2098300758638356,0.25,False,False,kept,single df,0.0573291077238764,0.0049395373751071,96,0.0551543328746361,0.0045462206303031,96,2.150422265290104e-05,8,0.00625,0.9875,kept,False
rep_026,Black - White,98,0.9763413092925832,0.9107322013269136,1.0394881384856058,False,False,kept,0.0753351407907121,0.1188299511582823,0.2240094237897092,0.25,False,False,kept,single df,0.094785700046198,0.0088682443523977,97,0.0970825459744972,0.0085446916887306,97,7.298580220497597e-05,8,0.00625,0.9875,kept,False
rep_026,Hispanic - White,98,1.044622941314301,0.9476413048291658,1.1545393874590244,False,False,kept,0.061975313619109,0.0945355882614301,0.2080383810398941,0.25,False,False,kept,single df,0.0817474393351013,0.0064861004723818,97,0.0782554509402695,0.0063965679070179,97,3.689233286032613e-05,8,0.00625,0.9875,kept,False
rep_026,Asian - White,98,0.9627994902121386,0.79415893906629,1.1266811476532133,False,False,kept,0.0741412438044412,0.1073081658489468,0.1827888120874155,0.25,False,False,kept,single df,0.0873496995567878,0.0088840561674451,97,0.090724704826694,0.0065157456887263,97,4.379804276912333e-05,8,0.00625,0.9875,kept,True
rep_027,Republican - Democrat,98,0.9865577957106184,0.9639780218906806,1.0079857159023358,False,False,kept,0.1517356577949606,0.2316745096063513,0.2084943452418136,0.25,False,False,kept,single df,0.1891281448022387,0.0157743422605109,97,0.1917050837006559,0.0157042377448494,97,0.000246433364842,8,0.00625,0.9875,kept,False
rep_027,Female - Male,97,1.073297931946065,0.964602249055196,1.1814454390836635,False,False,kept,0.043581295023332,0.0667273707259402,0.2098300758638356,0.25,False,False,kept,single df,0.0591970314122118,0.0054174031031324,96,0.0551543328746361,0.0045462206303031,96,2.230605124093609e-05,8,0.00625,0.9875,kept,False
rep_027,Black - White,98,1.0000402682576444,0.9438511466033448,1.0620125929472235,False,False,kept,0.0753351407907121,0.1188299511582823,0.2240094237897092,0.25,False,False,kept,single df,0.0970864553194713,0.0083568735742271,97,0.0970825459744972,0.0085446916887306,97,6.901856371157997e-05,8,0.00625,0.9875,kept,False
rep_027,Hispanic - White,98,1.0092259817508886,0.8966308698037043,1.1276331646216773,False,False,kept,0.061975313619109,0.0945355882614301,0.2080383810398941,0.25,False,False,kept,single df,0.078977434302552,0.0069589960168236,97,0.0782554509402695,0.0063965679070179,97,3.866516342837229e-05,8,0.00625,0.9875,kept,False
rep_027,Asian - White,98,1.015779996208312,0.8958053486009893,1.1325104152555017,False,False,kept,0.0741412438044412,0.1073081658489468,0.1827888120874155,0.25,False,False,kept,single df,0.0921563403248595,0.0080655725927554,97,0.090724704826694,0.0065157456887263,97,4.5117168104739264e-05,8,0.00625,0.9875,kept,True
rep_028,Republican - Democrat,98,1.0014352564463358,0.9767707649306168,1.025573765127373,False,False,kept,0.1517356577949606,0.2316745096063513,0.2084943452418136,0.25,False,False,kept,single df,0.1919802296578326,0.0159192006021752,97,0.1917050837006559,0.0157042377448494,97,0.0002484042523067,8,0.00625,0.9875,kept,False
rep_028,Female - Male,97,0.918147808140452,0.6640647272144637,1.172732974012457,False,False,attenuated or kept,0.043581295023332,0.0667273707259402,0.2098300758638356,0.25,False,False,attenuated or kept,single df,0.050639829838296,0.0068003237815997,96,0.0551543328746361,0.0045462206303031,96,1.88637340767845e-05,8,0.00625,0.9875,unresolved,False
rep_028,Black - White,98,1.029626531665008,0.9698579697567746,1.0941523264692847,False,False,kept,0.0753351407907121,0.1188299511582823,0.2240094237897092,0.25,False,False,kept,single df,0.0999587650969302,0.0087156524728769,97,0.0970825459744972,0.0085446916887306,97,7.188764332078896e-05,8,0.00625,0.9875,kept,False
rep_028,Hispanic - White,98,0.9903618259756992,0.8961234777467204,1.0774801405764032,False,False,kept,0.061975313619109,0.0945355882614301,0.2080383810398941,0.25,False,False,kept,single df,0.0775012112857571,0.007344010029848,97,0.0782554509402695,0.0063965679070179,97,4.374163677424965e-05,8,0.00625,0.9875,kept,False
rep_028,Asian - White,98,1.0024135511535182,0.8810100373078589,1.121616564212751,False,False,kept,0.0741412438044412,0.1073081658489468,0.1827888120874155,0.25,False,False,kept,single df,0.0909436735426811,0.0079462864551205,97,0.090724704826694,0.0065157456887263,97,4.390874109349204e-05,8,0.00625,0.9875,kept,True
rep_029,Republican - Democrat,98,0.9993585773378942,0.9717547814383772,1.0275063614058773,False,False,kept,0.1517356577949606,0.2316745096063513,0.2084943452418136,0.25,False,False,kept,single df,0.1915821197155295,0.0157344567684549,97,0.1917050837006559,0.0157042377448494,97,0.0002449888360505,8,0.00625,0.9875,kept,False
rep_029,Female - Male,97,1.0860792474035337,1.0197991113188107,1.1540040098123483,False,False,kept,0.043581295023332,0.0667273707259402,0.2098300758638356,0.25,False,False,kept,single df,0.0599019763395288,0.0050594684040817,96,0.0551543328746361,0.0045462206303031,96,2.207820031928212e-05,8,0.00625,0.9875,kept,False
rep_029,Black - White,98,0.9898085515603946,0.9175409067727408,1.0565232353827925,False,False,kept,0.0753351407907121,0.1188299511582823,0.2240094237897092,0.25,False,False,kept,single df,0.0960931342128125,0.0092622873346138,97,0.0970825459744972,0.0085446916887306,97,7.6104698062295e-05,8,0.00625,0.9875,kept,False
rep_029,Hispanic - White,98,0.9908868793293736,0.8660161269103818,1.114313566076408,False,False,kept,0.061975313619109,0.0945355882614301,0.2080383810398941,0.25,False,False,kept,single df,0.0775422995727166,0.0074436486383287,97,0.0782554509402695,0.0063965679070179,97,4.119626153611492e-05,8,0.00625,0.9875,kept,False
rep_029,Asian - White,98,0.9563569368168802,0.85288824257709,1.0519763966283988,False,False,kept,0.0741412438044412,0.1073081658489468,0.1827888120874155,0.25,False,False,kept,single df,0.0867652008016727,0.0077589423956714,97,0.090724704826694,0.0065157456887263,97,4.542230910623047e-05,8,0.00625,0.9875,kept,True
rep_030,Republican - Democrat,98,0.9898351940328292,0.9624615254973422,1.0160532445213764,False,False,kept,0.1517356577949606,0.2316745096063513,0.2084943452418136,0.25,False,False,kept,single df,0.1897564387219185,0.0158662252402548,97,0.1917050837006559,0.0157042377448494,97,0.0002472518612945,8,0.00625,0.9875,kept,False
rep_030,Female - Male,97,0.9583360262167728,0.8896509136743213,1.0208825224255562,False,False,kept,0.043581295023332,0.0667273707259402,0.2098300758638356,0.25,False,False,kept,single df,0.0528563841957159,0.0048527928046473,96,0.0551543328746361,0.0045462206303031,96,2.118437684188528e-05,8,0.00625,0.9875,kept,False
rep_030,Black - White,98,0.9600901966379338,0.8968711813637918,1.019854850539886,False,False,kept,0.0753351407907121,0.1188299511582823,0.2240094237897092,0.25,False,False,kept,single df,0.0932080006547663,0.0087809503663335,97,0.0970825459744972,0.0085446916887306,97,7.248479856183097e-05,8,0.00625,0.9875,kept,False
rep_030,Hispanic - White,98,0.917357242280218,0.8146304284378072,1.0194569837563758,False,False,kept,0.061975313619109,0.0945355882614301,0.2080383810398941,0.25,False,False,kept,single df,0.0717882046679605,0.0066662857974354,97,0.0782554509402695,0.0063965679070179,97,3.781824585584164e-05,8,0.00625,0.9875,kept,False
rep_030,Asian - White,98,1.0165612612350283,0.8394364590757044,1.187763177023974,False,False,kept,0.0741412438044412,0.1073081658489468,0.1827888120874155,0.25,False,False,kept,single df,0.0922272203637997,0.0094080805661229,97,0.090724704826694,0.0065157456887263,97,4.679530591298313e-05,8,0.00625,0.9875,kept,True
rep_031,Republican - Democrat,98,1.0133293156668213,0.9851204285117802,1.0433426298619302,False,False,kept,0.1517356577949606,0.2316745096063513,0.2084943452418136,0.25,False,False,kept,single df,0.1942603812762364,0.0157452629008044,97,0.1917050837006559,0.0157042377448494,97,0.0002450142678571,8,0.00625,0.9875,kept,False
rep_031,Female - Male,97,1.008842488359029,0.9072456506752732,1.108652314303127,False,False,kept,0.043581295023332,0.0667273707259402,0.2098300758638356,0.25,False,False,kept,single df,0.0556420344210301,0.0051375896114079,96,0.0551543328746361,0.0045462206303031,96,2.12518459020006e-05,8,0.00625,0.9875,kept,False
rep_031,Black - White,98,1.0312087052350714,0.9713886313277932,1.0952902765567814,False,False,kept,0.0753351407907121,0.1188299511582823,0.2240094237897092,0.25,False,False,kept,single df,0.1001123665352855,0.008767246130443,97,0.0970825459744972,0.0085446916887306,97,7.234570858920877e-05,8,0.00625,0.9875,kept,False
rep_031,Hispanic - White,98,1.007747212896955,0.8984168893943902,1.1204640560796988,False,False,kept,0.061975313619109,0.0945355882614301,0.2080383810398941,0.25,False,False,kept,single df,0.078861712579051,0.0070435679436494,97,0.0782554509402695,0.0063965679070179,97,3.970157161121244e-05,8,0.00625,0.9875,kept,False
rep_031,Asian - White,98,0.9719972626420808,0.8634098287735602,1.072965898726908,False,False,kept,0.0741412438044412,0.1073081658489468,0.1827888120874155,0.25,False,False,kept,single df,0.0881841647455574,0.0079165564699518,97,0.090724704826694,0.0065157456887263,97,4.5944806614775535e-05,8,0.00625,0.9875,kept,True
rep_032,Republican - Democrat,98,0.995818292762287,0.9730175847447936,1.018341778781343,False,False,kept,0.1517356577949606,0.2316745096063513,0.2084943452418136,0.25,False,False,kept,single df,0.1909034291646385,0.0157749758400305,97,0.1917050837006559,0.0157042377448494,97,0.0002463439917678,8,0.00625,0.9875,kept,False
rep_032,Female - Male,97,0.937936460946528,0.8309615577099287,1.041559407865265,False,False,kept,0.043581295023332,0.0667273707259402,0.2098300758638356,0.25,False,False,kept,single df,0.0517312597823029,0.0049565714402157,96,0.0551543328746361,0.0045462206303031,96,2.013749072755529e-05,8,0.00625,0.9875,kept,False
rep_032,Black - White,98,0.994915741706005,0.9252007995272662,1.0624931498540244,False,False,kept,0.0753351407907121,0.1188299511582823,0.2240094237897092,0.25,False,False,kept,single df,0.0965889532349242,0.0090399638961878,97,0.0970825459744972,0.0085446916887306,97,7.411755893611256e-05,8,0.00625,0.9875,kept,False
rep_032,Hispanic - White,98,1.0464941527039449,0.9087029174415314,1.1967923903416493,False,False,kept,0.061975313619109,0.0945355882614301,0.2080383810398941,0.25,False,False,kept,single df,0.0818938718262025,0.007190439918232,97,0.0782554509402695,0.0063965679070179,97,3.716236394409459e-05,8,0.00625,0.9875,kept,False
rep_032,Asian - White,98,1.03424733660298,0.898620908142173,1.1610042348057787,False,False,kept,0.0741412438044412,0.1073081658489468,0.1827888120874155,0.25,False,False,kept,single df,0.0938317843310998,0.0088200974677651,97,0.090724704826694,0.0065157456887263,97,4.935570726069453e-05,8,0.00625,0.9875,kept,True
rep_033,Republican - Democrat,98,0.9876191893021764,0.96179593347499,1.011818083370938,False,False,kept,0.1517356577949606,0.2316745096063513,0.2084943452418136,0.25,False,False,kept,single df,0.1893316193495477,0.0158950062420395,97,0.1917050837006559,0.0157042377448494,97,0.0002479772325324,8,0.00625,0.9875,kept,False
rep_033,Female - Male,97,1.0983772301888146,0.8491019418125343,1.3562018018782631,False,False,kept or steepened,0.043581295023332,0.0667273707259402,0.2098300758638356,0.25,False,False,kept or steepened,single df,0.0605802633757547,0.0070400258598067,96,0.0551543328746361,0.0045462206303031,96,2.0783122883950026e-05,8,0.00625,0.9875,unresolved,False
rep_033,Black - White,98,1.03133175978405,0.9674160115314238,1.0984031481670542,False,False,kept,0.0753351407907121,0.1188299511582823,0.2240094237897092,0.25,False,False,kept,single df,0.1001243129841941,0.0088929954035829,97,0.0970825459744972,0.0085446916887306,97,7.311882875649332e-05,8,0.00625,0.9875,kept,False
rep_033,Hispanic - White,98,1.0606875819236827,0.9635853063034548,1.162578411934551,False,False,kept,0.061975313619109,0.0945355882614301,0.2080383810398941,0.25,False,False,kept,single df,0.0830045850301819,0.0070984275658853,97,0.0782554509402695,0.0063965679070179,97,4.123363808302564e-05,8,0.00625,0.9875,kept,False
rep_033,Asian - White,98,0.959820198478968,0.8408879303928832,1.0729015412519642,False,False,kept,0.0741412438044412,0.1073081658489468,0.1827888120874155,0.25,False,False,kept,single df,0.0870794041937032,0.0079074240340134,97,0.090724704826694,0.0065157456887263,97,4.4342175958804354e-05,8,0.00625,0.9875,kept,True
rep_034,Republican - Democrat,98,1.0085179102557824,0.984227139926765,1.033994101983699,False,False,kept,0.1517356577949606,0.2316745096063513,0.2084943452418136,0.25,False,False,kept,single df,0.1933380103991954,0.0157388965144515,97,0.1917050837006559,0.0157042377448494,97,0.0002455072740877,8,0.00625,0.9875,kept,False
rep_034,Female - Male,97,0.970410879496534,0.9020728383984372,1.035522210794138,False,False,kept,0.043581295023332,0.0667273707259402,0.2098300758638356,0.25,False,False,kept,single df,0.0535223646729202,0.0047817414817418,96,0.0551543328746361,0.0045462206303031,96,2.078057340018089e-05,8,0.00625,0.9875,kept,False
rep_034,Black - White,98,1.0014351504896484,0.9369314059654634,1.066741889586875,False,False,kept,0.0753351407907121,0.1188299511582823,0.2240094237897092,0.25,False,False,kept,single df,0.0972218740378888,0.0088278980851316,97,0.0970825459744972,0.0085446916887306,97,7.256167811850013e-05,8,0.00625,0.9875,kept,False
rep_034,Hispanic - White,98,0.9346538074052576,0.8023939680343163,1.0670427864236882,False,False,kept,0.061975313619109,0.0945355882614301,0.2080383810398941,0.25,False,False,kept,single df,0.0731417551715383,0.0071743408549402,97,0.0782554509402695,0.0063965679070179,97,3.818396970796519e-05,8,0.00625,0.9875,kept,False
rep_034,Asian - White,98,0.93115900149511,0.812683775137715,1.0434559237753684,False,False,kept,0.0741412438044412,0.1073081658489468,0.1827888120874155,0.25,False,False,kept,single df,0.084479125557363,0.0077599754283026,97,0.090724704826694,0.0065157456887263,97,4.3326410476085486e-05,8,0.00625,0.9875,kept,True
rep_035,Republican - Democrat,98,1.0075525340324478,0.9782182751094476,1.0371252501351846,False,False,kept,0.1517356577949606,0.2316745096063513,0.2084943452418136,0.25,False,False,kept,single df,0.1931529428694984,0.015930043663343,97,0.1917050837006559,0.0157042377448494,97,0.000247838682679,8,0.00625,0.9875,kept,False
rep_035,Female - Male,97,0.876652322091447,0.603632557335423,1.140631039470949,False,False,attenuated or kept,0.043581295023332,0.0667273707259402,0.2098300758638356,0.25,False,False,attenuated or kept,single df,0.0483511739879544,0.0071960485043142,96,0.0551543328746361,0.0045462206303031,96,2.014736996840525e-05,8,0.00625,0.9875,unresolved,False
rep_035,Black - White,98,0.9907850408138396,0.9261049804452688,1.052992494845599,False,False,kept,0.0753351407907121,0.1188299511582823,0.2240094237897092,0.25,False,False,kept,single df,0.0961879342756537,0.0089787784327056,97,0.0970825459744972,0.0085446916887306,97,7.404750064542424e-05,8,0.00625,0.9875,kept,False
rep_035,Hispanic - White,98,0.9614556886787192,0.8236166302936714,1.0892893664961896,False,False,kept,0.061975313619109,0.0945355882614301,0.2080383810398941,0.25,False,False,kept,single df,0.0752391484766406,0.0079031972359676,97,0.0782554509402695,0.0063965679070179,97,4.386375918157597e-05,8,0.00625,0.9875,kept,False
rep_035,Asian - White,98,1.0180799486128145,0.8968253898138348,1.1374410991758257,False,False,kept,0.0741412438044412,0.1073081658489468,0.1827888120874155,0.25,False,False,kept,single df,0.0923650028278734,0.0080092086512163,97,0.090724704826694,0.0065157456887263,97,4.43852709229616e-05,8,0.00625,0.9875,kept,True
rep_036,Republican - Democrat,98,1.027767960837007,1.0030316029575148,1.055326529780508,False,False,kept,0.1517356577949606,0.2316745096063513,0.2084943452418136,0.25,False,False,kept,single df,0.1970283429571109,0.0157628763101717,97,0.1917050837006559,0.0157042377448494,97,0.0002458135159396,8,0.00625,0.9875,kept,False
rep_036,Female - Male,97,0.9826396766648312,0.9128191584016389,1.0474044917792389,False,False,kept,0.043581295023332,0.0667273707259402,0.2098300758638356,0.25,False,False,kept,single df,0.0541968358225969,0.0049209112820879,96,0.0551543328746361,0.0045462206303031,96,2.144370567898569e-05,8,0.00625,0.9875,kept,False
rep_036,Black - White,98,0.9588328044318676,0.9003194950963107,1.013663963125028,False,False,kept,0.0753351407907121,0.1188299511582823,0.2240094237897092,0.25,False,False,kept,single df,0.0930859298181129,0.0087428346677778,97,0.0970825459744972,0.0085446916887306,97,7.255039413590106e-05,8,0.00625,0.9875,kept,False
rep_036,Hispanic - White,98,0.9963138770735254,0.8440508181543851,1.1449391186367317,False,False,kept,0.061975313619109,0.0945355882614301,0.2080383810398941,0.25,False,False,kept,single df,0.077966991728437,0.0080225506332454,97,0.0782554509402695,0.0063965679070179,97,4.241039928171695e-05,8,0.00625,0.9875,kept,False
rep_036,Asian - White,98,0.9373370682343144,0.8303528241923089,1.0337365446126765,False,False,kept,0.0741412438044412,0.1073081658489468,0.1827888120874155,0.25,False,False,kept,single df,0.0850396288386769,0.0078837371374206,97,0.090724704826694,0.0065157456887263,97,4.629471825297762e-05,8,0.00625,0.9875,kept,True
rep_037,Republican - Democrat,98,1.0040349799523751,0.9709397634143252,1.0364297381743386,False,False,kept,0.1517356577949606,0.2316745096063513,0.2084943452418136,0.25,False,False,kept,single df,0.1924786098701565,0.0160702226692698,97,0.1917050837006559,0.0157042377448494,97,0.0002495188258933,8,0.00625,0.9875,kept,False
rep_037,Female - Male,97,0.9195943083674908,0.6634896867919182,1.1700522540343392,False,False,attenuated or kept,0.043581295023332,0.0667273707259402,0.2098300758638356,0.25,False,False,attenuated or kept,single df,0.0507196105933213,0.0069708729579815,96,0.0551543328746361,0.0045462206303031,96,2.027327764454429e-05,8,0.00625,0.9875,unresolved,False
rep_037,Black - White,98,1.054653079322783,0.99495938901041,1.1221749773674743,False,False,kept,0.0753351407907121,0.1188299511582823,0.2240094237897092,0.25,False,False,kept,single df,0.1023884060604991,0.0086816497978251,97,0.0970825459744972,0.0085446916887306,97,7.159286423887487e-05,8,0.00625,0.9875,kept,False
rep_037,Hispanic - White,98,0.9756143953936725,0.8528788250073533,1.102098543635632,False,False,kept,0.061975313619109,0.0945355882614301,0.2080383810398941,0.25,False,False,kept,single df,0.0763471444553502,0.0070482707057696,97,0.0782554509402695,0.0063965679070179,97,3.822308809842564e-05,8,0.00625,0.9875,kept,False
rep_037,Asian - White,98,0.971800516610573,0.8710070889039481,1.0721322622540734,False,False,kept,0.0741412438044412,0.1073081658489468,0.1827888120874155,0.25,False,False,kept,single df,0.088166315019923,0.0072846342199979,97,0.090724704826694,0.0065157456887263,97,4.154125435225897e-05,8,0.00625,0.9875,kept,True
rep_038,Republican - Democrat,98,1.000267469960899,0.9772863057326084,1.0236791204713351,False,False,kept,0.1517356577949606,0.2316745096063513,0.2084943452418136,0.25,False,False,kept,single df,0.1917563590518975,0.0157269833834547,97,0.1917050837006559,0.0157042377448494,97,0.0002455209659625,8,0.00625,0.9875,kept,False
rep_038,Female - Male,97,0.8790578099681686,0.6292317025788386,1.1277692825113794,False,False,attenuated or kept,0.043581295023332,0.0667273707259402,0.2098300758638356,0.25,False,False,attenuated or kept,single df,0.048483847067033,0.0066553839496553,96,0.0551543328746361,0.0045462206303031,96,1.841857369968619e-05,8,0.00625,0.9875,unresolved,False
rep_038,Black - White,98,0.9857787064560772,0.9122440546323588,1.052344900234608,False,False,kept,0.0753351407907121,0.1188299511582823,0.2240094237897092,0.25,False,False,kept,single df,0.0957019065902025,0.0093385151674288,97,0.0970825459744972,0.0085446916887306,97,7.678856557160609e-05,8,0.00625,0.9875,kept,False
rep_038,Hispanic - White,98,0.9661825462526322,0.8446940748489338,1.0879918803899178,False,False,kept,0.061975313619109,0.0945355882614301,0.2080383810398941,0.25,False,False,kept,single df,0.0756090508476176,0.0071623872401231,97,0.0782554509402695,0.0063965679070179,97,3.938729868957176e-05,8,0.00625,0.9875,kept,False
rep_038,Asian - White,98,1.0176009719055028,0.8742701134204129,1.161339353739888,False,False,kept,0.0741412438044412,0.1073081658489468,0.1827888120874155,0.25,False,False,kept,single df,0.0923215478074837,0.0082919779802965,97,0.090724704826694,0.0065157456887263,97,4.29519291960622e-05,8,0.00625,0.9875,kept,True
rep_039,Republican - Democrat,98,0.9913387377588344,0.9612105582314784,1.0198909846031747,False,False,kept,0.1517356577949606,0.2316745096063513,0.2084943452418136,0.25,False,False,kept,single df,0.19004467569776,0.0159848656100074,97,0.1917050837006559,0.0157042377448494,97,0.0002487631515906,8,0.00625,0.9875,kept,False
rep_039,Female - Male,97,0.9394386583815952,0.6747369099339753,1.195037727463413,False,False,attenuated or kept,0.043581295023332,0.0667273707259402,0.2098300758638356,0.25,False,False,attenuated or kept,single df,0.05181411247968,0.0072415311469453,96,0.0551543328746361,0.0045462206303031,96,2.145887449511724e-05,8,0.00625,0.9875,unresolved,False
rep_039,Black - White,98,1.0477885389621828,0.97053282173812,1.1280283128718258,False,False,kept,0.0753351407907121,0.1188299511582823,0.2240094237897092,0.25,False,False,kept,single df,0.1017219790053474,0.0091870903615443,97,0.0970825459744972,0.0085446916887306,97,7.443892945688248e-05,8,0.00625,0.9875,kept,False
rep_039,Hispanic - White,98,0.995370961661871,0.8918633931479465,1.0959587980973982,False,False,kept,0.061975313619109,0.0945355882614301,0.2080383810398941,0.25,False,False,kept,single df,0.0778932034576995,0.0072514591740988,97,0.0782554509402695,0.0063965679070179,97,4.2047077228192346e-05,8,0.00625,0.9875,kept,False
rep_039,Asian - White,98,1.0658384493486042,0.9552424207354206,1.1852339425458536,False,False,kept,0.0741412438044412,0.1073081658489468,0.1827888120874155,0.25,False,False,kept,single df,0.0966978787100934,0.007275179929375,97,0.090724704826694,0.0065157456887263,97,3.984634019907929e-05,8,0.00625,0.9875,kept,True
rep_040,Republican - Democrat,98,0.98959601120277,0.9636673188851856,1.01270395229914,False,False,kept,0.1517356577949606,0.2316745096063513,0.2084943452418136,0.25,False,False,kept,single df,0.1897105861574623,0.0161219712451488,97,0.1917050837006559,0.0157042377448494,97,0.0002517110455366,8,0.00625,0.9875,kept,False
rep_040,Female - Male,97,0.9366444073169684,0.821820119631359,1.043356376498457,False,False,kept,0.043581295023332,0.0667273707259402,0.2098300758638356,0.25,False,False,kept,single df,0.0516599974263263,0.0052000649567424,96,0.0551543328746361,0.0045462206303031,96,2.1178907309406032e-05,8,0.00625,0.9875,kept,False
rep_040,Black - White,98,1.00636683554173,0.9376840063009864,1.0742087434038703,False,False,kept,0.0753351407907121,0.1188299511582823,0.2240094237897092,0.25,False,False,kept,single df,0.0977006545786893,0.009030691641751,97,0.0970825459744972,0.0085446916887306,97,7.405767771657055e-05,8,0.00625,0.9875,kept,False
rep_040,Hispanic - White,98,0.9843577390965176,0.86447613657154,1.1001899829622597,False,False,kept,0.061975313619109,0.0945355882614301,0.2080383810398941,0.25,False,False,kept,single df,0.0770313587595422,0.0074706635803856,97,0.0782554509402695,0.0063965679070179,97,4.210731341028853e-05,8,0.00625,0.9875,kept,False
rep_040,Asian - White,98,0.9036331349378186,0.7092481122550159,1.0850842082051966,False,False,attenuated or kept,0.0741412438044412,0.1073081658489468,0.1827888120874155,0.25,False,False,attenuated or kept,single df,0.0819818494388538,0.0096094659969961,97,0.090724704826694,0.0065157456887263,97,4.630645704844137e-05,8,0.00625,0.9875,unresolved,True
rep_041,Republican - Democrat,98,0.9897048301065976,0.965665720916784,1.0128920905739092,False,False,kept,0.1517356577949606,0.2316745096063513,0.2084943452418136,0.25,False,False,kept,single df,0.1897314472945288,0.0157851605572117,97,0.1917050837006559,0.0157042377448494,97,0.0002463954628755,8,0.00625,0.9875,kept,False
rep_041,Female - Male,97,0.9838852810334808,0.8677071176417692,1.0999921017622003,False,False,kept,0.043581295023332,0.0667273707259402,0.2098300758638356,0.25,False,False,kept,single df,0.0542655363005755,0.0051080498367211,96,0.0551543328746361,0.0045462206303031,96,2.035106877087762e-05,8,0.00625,0.9875,kept,False
rep_041,Black - White,98,1.019125634581459,0.958431075244304,1.081211732639657,False,False,kept,0.0753351407907121,0.1188299511582823,0.2240094237897092,0.25,False,False,kept,single df,0.0989393112730431,0.0088926426459991,97,0.0970825459744972,0.0085446916887306,97,7.3446613618632e-05,8,0.00625,0.9875,kept,False
rep_041,Hispanic - White,98,1.0142416442570703,0.8855072227688083,1.145299361405545,False,False,kept,0.061975313619109,0.0945355882614301,0.2080383810398941,0.25,False,False,kept,single df,0.0793699372337375,0.0074309051641135,97,0.0782554509402695,0.0063965679070179,97,4.044812296928151e-05,8,0.00625,0.9875,kept,False
rep_041,Asian - White,98,1.0825050393856928,0.9342397980855685,1.2354839385608258,False,False,kept,0.0741412438044412,0.1073081658489468,0.1827888120874155,0.25,False,False,kept,single df,0.0982099501716758,0.0084462950617019,97,0.090724704826694,0.0065157456887263,97,4.306302157787087e-05,8,0.00625,0.9875,kept,True
rep_042,Republican - Democrat,98,0.9978985990508836,0.9713183031177852,1.0261218137994106,False,False,kept,0.1517356577949606,0.2316745096063513,0.2084943452418136,0.25,False,False,kept,single df,0.1913022344558169,0.0155164974335656,97,0.1917050837006559,0.0157042377448494,97,0.0002416469333565,8,0.00625,0.9875,kept,False
rep_042,Female - Male,97,0.9881859055292508,0.9228104761528912,1.0597742322806545,False,False,kept,0.043581295023332,0.0667273707259402,0.2098300758638356,0.25,False,False,kept,single df,0.054502734375584,0.0044190214614443,96,0.0551543328746361,0.0045462206303031,96,1.9029908919791465e-05,8,0.00625,0.9875,kept,False
rep_042,Black - White,98,1.0041694602516649,0.9377016603963556,1.0685911649273196,False,False,kept,0.0753351407907121,0.1188299511582823,0.2240094237897092,0.25,False,False,kept,single df,0.0974873277910683,0.009076282595729,97,0.0970825459744972,0.0085446916887306,97,7.473000589394202e-05,8,0.00625,0.9875,kept,False
rep_042,Hispanic - White,98,1.023849166835636,0.8877031667067189,1.1605132200144912,False,False,kept,0.061975313619109,0.0945355882614301,0.2080383810398941,0.25,False,False,kept,single df,0.080121778245542,0.0076967505412522,97,0.0782554509402695,0.0063965679070179,97,4.165761489681021e-05,8,0.00625,0.9875,kept,False
rep_042,Asian - White,98,1.0165014004865522,0.8896004552528205,1.1450076118436991,False,False,kept,0.0741412438044412,0.1073081658489468,0.1827888120874155,0.25,False,False,kept,single df,0.0922217895150635,0.0078671797554398,97,0.090724704826694,0.0065157456887263,97,4.216971066491222e-05,8,0.00625,0.9875,kept,True
rep_043,Republican - Democrat,98,1.0067192531835651,0.9847691133576612,1.029400801267961,False,False,kept,0.1517356577949606,0.2316745096063513,0.2084943452418136,0.25,False,False,kept,single df,0.1929931986946172,0.015768778994969,97,0.1917050837006559,0.0157042377448494,97,0.0002462956029613,8,0.00625,0.9875,kept,False
rep_043,Female - Male,97,0.9951700330361604,0.9251517097463882,1.061938955625623,False,False,kept,0.043581295023332,0.0667273707259402,0.2098300758638356,0.25,False,False,kept,single df,0.054887939268939,0.0049008217245304,96,0.0551543328746361,0.0045462206303031,96,2.1297389947057032e-05,8,0.00625,0.9875,kept,False
rep_043,Black - White,98,1.024769245679048,0.9548602073575004,1.094217545632253,False,False,kept,0.0753351407907121,0.1188299511582823,0.2240094237897092,0.25,False,False,kept,single df,0.099487207406887,0.0091670900628387,97,0.0970825459744972,0.0085446916887306,97,7.51385675395967e-05,8,0.00625,0.9875,kept,False
rep_043,Hispanic - White,98,0.9612479427437796,0.8284669224179234,1.0899887987512755,False,False,kept,0.061975313619109,0.0945355882614301,0.2080383810398941,0.25,False,False,kept,single df,0.0752228912248209,0.0075352626948228,97,0.0782554509402695,0.0063965679070179,97,4.115759312939928e-05,8,0.00625,0.9875,kept,False
rep_043,Asian - White,98,1.0101231590431643,0.8746035384039497,1.1527222642117525,False,False,kept,0.0741412438044412,0.1073081658489468,0.1827888120874155,0.25,False,False,kept,single df,0.0916431254427988,0.0076335307045771,97,0.090724704826694,0.0065157456887263,97,3.85371940612899e-05,8,0.00625,0.9875,kept,True
rep_044,Republican - Democrat,98,0.9971318134995636,0.9705746292199604,1.0223220333303136,False,False,kept,0.1517356577949606,0.2316745096063513,0.2084943452418136,0.25,False,False,kept,single df,0.1911552377675207,0.0160074290027112,97,0.1917050837006559,0.0157042377448494,97,0.0002496248433974,8,0.00625,0.9875,kept,False
rep_044,Female - Male,97,1.1495230382823212,0.8894406043470985,1.4235502232249997,False,False,kept or steepened,0.043581295023332,0.0667273707259402,0.2098300758638356,0.25,False,False,kept or steepened,single df,0.0634011763004862,0.0072180428736726,96,0.0551543328746361,0.0045462206303031,96,2.0629586031136167e-05,8,0.00625,0.9875,unresolved,False
rep_044,Black - White,98,1.014687705383202,0.9591795234994024,1.0753006992028644,False,False,kept,0.0753351407907121,0.1188299511582823,0.2240094237897092,0.25,False,False,kept,single df,0.0985084658076218,0.0085242940058158,97,0.0970825459744972,0.0085446916887306,97,7.055675992404873e-05,8,0.00625,0.9875,kept,False
rep_044,Hispanic - White,98,0.9474270194389368,0.8371531965057195,1.0545064931520878,False,False,kept,0.061975313619109,0.0945355882614301,0.2080383810398941,0.25,False,False,kept,single df,0.0741413286391895,0.0070812625481701,97,0.0782554509402695,0.0063965679070179,97,4.020958985910928e-05,8,0.00625,0.9875,kept,False
rep_044,Asian - White,98,1.018385953971364,0.888362098274938,1.147741981729977,False,False,kept,0.0741412438044412,0.1073081658489468,0.1827888120874155,0.25,False,False,kept,single df,0.0923927650737032,0.0080946507582356,97,0.090724704826694,0.0065157456887263,97,4.364563099168935e-05,8,0.00625,0.9875,kept,True
rep_045,Republican - Democrat,98,0.9968996488702092,0.9711488894763176,1.0223354952588912,False,False,kept,0.1517356577949606,0.2316745096063513,0.2084943452418136,0.25,False,False,kept,single df,0.191110730627818,0.015822591485916,97,0.1917050837006559,0.0157042377448494,97,0.0002467129499205,8,0.00625,0.9875,kept,False
rep_045,Female - Male,97,1.120356762159774,0.8575979326725771,1.391889363658512,False,False,kept or steepened,0.043581295023332,0.0667273707259402,0.2098300758638356,0.25,False,False,kept or steepened,single df,0.0617925297985097,0.0073177262858322,96,0.0551543328746361,0.0045462206303031,96,2.1187028190642348e-05,8,0.00625,0.9875,unresolved,False
rep_045,Black - White,98,0.9640213697035218,0.9025878124806702,1.0193205418036244,False,False,kept,0.0753351407907121,0.1188299511582823,0.2240094237897092,0.25,False,False,kept,single df,0.0935896489446399,0.0089844317108798,97,0.0970825459744972,0.0085446916887306,97,7.462368860161821e-05,8,0.00625,0.9875,kept,False
rep_045,Hispanic - White,98,0.9349832287287928,0.7993047673195404,1.0647440168510511,False,False,kept,0.061975313619109,0.0945355882614301,0.2080383810398941,0.25,False,False,kept,single df,0.0731675341857608,0.0075297213717394,97,0.0782554509402695,0.0063965679070179,97,4.093201493019898e-05,8,0.00625,0.9875,kept,False
rep_045,Asian - White,98,1.1016926579417028,0.9597544545904884,1.2427275233191708,False,False,kept,0.0741412438044412,0.1073081658489468,0.1827888120874155,0.25,False,False,kept,single df,0.099950741201497,0.0087941733816723,97,0.090724704826694,0.0065157456887263,97,4.732703946234911e-05,8,0.00625,0.9875,kept,True
rep_046,Republican - Democrat,98,0.999139470561874,0.9712522892542452,1.0277648732357,False,False,kept,0.1517356577949606,0.2316745096063513,0.2084943452418136,0.25,False,False,kept,single df,0.1915401158326931,0.0157012163951378,97,0.1917050837006559,0.0157042377448494,97,0.0002444077669155,8,0.00625,0.9875,kept,False
rep_046,Female - Male,97,1.0165353285915777,0.9055176825717608,1.129684882973103,False,False,kept,0.043581295023332,0.0667273707259402,0.2098300758638356,0.25,False,False,kept,single df,0.0560663278919675,0.0051011615294659,96,0.0551543328746361,0.0045462206303031,96,2.053152271395989e-05,8,0.00625,0.9875,kept,False
rep_046,Black - White,98,1.0131957593301384,0.9447513808835486,1.0821246027122555,False,False,kept,0.0753351407907121,0.1188299511582823,0.2240094237897092,0.25,False,False,kept,single df,0.0983636238863338,0.0089884867678283,97,0.0970825459744972,0.0085446916887306,97,7.364044144762209e-05,8,0.00625,0.9875,kept,False
rep_046,Hispanic - White,98,0.9374629495044182,0.8199660452594935,1.0530658354629825,False,False,kept,0.061975313619109,0.0945355882614301,0.2080383810398941,0.25,False,False,kept,single df,0.0733615858532634,0.0070604417114076,97,0.0782554509402695,0.0063965679070179,97,3.921384698626322e-05,8,0.00625,0.9875,kept,False
rep_046,Asian - White,98,1.0861649690134003,0.94279858840885,1.222681869854503,False,False,kept,0.0741412438044412,0.1073081658489468,0.1827888120874155,0.25,False,False,kept,single df,0.098541996206836,0.0091248100466218,97,0.090724704826694,0.0065157456887263,97,5.031935018162803e-05,8,0.00625,0.9875,kept,True
rep_047,Republican - Democrat,98,0.9839902247233618,0.954750885930246,1.0103888941362222,False,False,kept,0.1517356577949606,0.2316745096063513,0.2084943452418136,0.25,False,False,kept,single df,0.1886359283912193,0.0160669634188285,97,0.1917050837006559,0.0157042377448494,97,0.000250382575123,8,0.00625,0.9875,kept,False
rep_047,Female - Male,97,1.0086916261861625,0.8929985099385573,1.1180693424643997,False,False,kept,0.043581295023332,0.0667273707259402,0.2098300758638356,0.25,False,False,kept,single df,0.0556337137185296,0.005437494077981,96,0.0551543328746361,0.0045462206303031,96,2.226479889829225e-05,8,0.00625,0.9875,kept,False
rep_047,Black - White,98,0.960521979991694,0.8985187348745882,1.0187003477105974,False,False,kept,0.0753351407907121,0.1188299511582823,0.2240094237897092,0.25,False,False,kept,single df,0.0932499192820587,0.0087990448415363,97,0.0970825459744972,0.0085446916887306,97,7.277234649515486e-05,8,0.00625,0.9875,kept,False
rep_047,Hispanic - White,98,0.9926686518064316,0.9004275945463982,1.089270086547671,False,False,kept,0.061975313619109,0.0945355882614301,0.2080383810398941,0.25,False,False,kept,single df,0.0776817329813817,0.0066680423790427,97,0.0782554509402695,0.0063965679070179,97,3.864420563313573e-05,8,0.00625,0.9875,kept,False
rep_047,Asian - White,98,0.9977901632476704,0.8504533526537237,1.1506039192116384,False,False,kept,0.0741412438044412,0.1073081658489468,0.1827888120874155,0.25,False,False,kept,single df,0.0905242180396237,0.0079503898098772,97,0.090724704826694,0.0065157456887263,97,3.899772002120948e-05,8,0.00625,0.9875,kept,True
rep_048,Republican - Democrat,98,1.008414460090564,0.9879223309904802,1.0291961761090718,False,False,kept,0.1517356577949606,0.2316745096063513,0.2084943452418136,0.25,False,False,kept,single df,0.1933181784766134,0.0158592955992164,97,0.1917050837006559,0.0157042377448494,97,0.0002479125181112,8,0.00625,0.9875,kept,False
rep_048,Female - Male,97,1.0072369343512793,0.9349231836426144,1.074015254548052,False,False,kept,0.043581295023332,0.0667273707259402,0.2098300758638356,0.25,False,False,kept,single df,0.0555534811608384,0.0050633414790937,96,0.0551543328746361,0.0045462206303031,96,2.2059725104477272e-05,8,0.00625,0.9875,kept,False
rep_048,Black - White,98,0.9864441765961038,0.9250062794897932,1.0414720062526424,False,False,kept,0.0753351407907121,0.1188299511582823,0.2240094237897092,0.25,False,False,kept,single df,0.0957665121256663,0.0091900153956484,97,0.0970825459744972,0.0085446916887306,97,7.645131069356821e-05,8,0.00625,0.9875,kept,False
rep_048,Hispanic - White,98,1.0215525172072668,0.908769083465651,1.1373984021393373,False,False,kept,0.061975313619109,0.0945355882614301,0.2080383810398941,0.25,False,False,kept,single df,0.0799420528932221,0.0071893314604017,97,0.0782554509402695,0.0063965679070179,97,4.041298493138163e-05,8,0.00625,0.9875,kept,False
rep_048,Asian - White,98,0.9754921852182802,0.8459557825419319,1.0982694708393577,False,False,kept,0.0741412438044412,0.1073081658489468,0.1827888120874155,0.25,False,False,kept,single df,0.0885012405646752,0.008248098134513,97,0.090724704826694,0.0065157456887263,97,4.556525165374409e-05,8,0.00625,0.9875,kept,True
rep_049,Republican - Democrat,98,1.0163008691933784,0.9925983703164764,1.042903732789776,False,False,kept,0.1517356577949606,0.2316745096063513,0.2084943452418136,0.25,False,False,kept,single df,0.194830043193766,0.0155613167576645,97,0.1917050837006559,0.0157042377448494,97,0.0002427734043199,8,0.00625,0.9875,kept,False
rep_049,Female - Male,97,1.010296085390818,0.8942402743326088,1.131696910225134,False,False,kept,0.043581295023332,0.0667273707259402,0.2098300758638356,0.25,False,False,kept,single df,0.055722206595587,0.0049995257329059,96,0.0551543328746361,0.0045462206303031,96,1.968161886634348e-05,8,0.00625,0.9875,kept,False
rep_049,Black - White,98,0.971755571474594,0.9033137796197326,1.0366310923510065,False,False,kept,0.0753351407907121,0.1188299511582823,0.2240094237897092,0.25,False,False,kept,single df,0.0943405049436561,0.0089370698423393,97,0.0970825459744972,0.0085446916887306,97,7.341383642321458e-05,8,0.00625,0.9875,kept,False
rep_049,Hispanic - White,98,1.0491861644960807,0.9346137510017848,1.1664549549464307,False,False,kept,0.061975313619109,0.0945355882614301,0.2080383810398941,0.25,False,False,kept,single df,0.0821045364229326,0.0073914499576238,97,0.0782554509402695,0.0063965679070179,97,4.170919622450223e-05,8,0.00625,0.9875,kept,False
rep_049,Asian - White,98,1.0017140573172076,0.8709149635792907,1.128717875844882,False,False,kept,0.0741412438044412,0.1073081658489468,0.1827888120874155,0.25,False,False,kept,single df,0.0908802121708537,0.008226352574163,97,0.090724704826694,0.0065157456887263,97,4.4858398362957926e-05,8,0.00625,0.9875,kept,True
rep_050,Republican - Democrat,98,0.9997536839495452,0.9682203256760746,1.0303113419427845,False,False,kept,0.1517356577949606,0.2316745096063513,0.2084943452418136,0.25,False,False,kept,single df,0.1916578636615867,0.0160319810279853,97,0.1917050837006559,0.0157042377448494,97,0.0002492098010012,8,0.00625,0.9875,kept,False
rep_050,Female - Male,97,1.1017109334250217,0.8366707805612795,1.3755744928657634,False,False,kept or steepened,0.043581295023332,0.0667273707259402,0.2098300758638356,0.25,False,False,kept or steepened,single df,0.0607641315537497,0.0073004718314093,96,0.0551543328746361,0.0045462206303031,96,2.0790517018945844e-05,8,0.00625,0.9875,unresolved,False
rep_050,Black - White,98,1.0059114191569063,0.941183068469251,1.0726514797246165,False,False,kept,0.0753351407907121,0.1188299511582823,0.2240094237897092,0.25,False,False,kept,single df,0.0976564415965721,0.0087778728355133,97,0.0970825459744972,0.0085446916887306,97,7.20532888051327e-05,8,0.00625,0.9875,kept,False
rep_050,Hispanic - White,98,0.9067286007492786,0.7555876147593158,1.0467941591749577,False,False,kept,0.061975313619109,0.0945355882614301,0.2080383810398941,0.25,False,False,kept,single df,0.0709564555320744,0.0078657266306545,97,0.0782554509402695,0.0063965679070179,97,4.210845147137076e-05,8,0.00625,0.9875,kept,False
rep_050,Asian - White,98,1.0136319913972962,0.8864659935460802,1.145742223855296,False,False,kept,0.0741412438044412,0.1073081658489468,0.1827888120874155,0.25,False,False,kept,single df,0.0919614632224137,0.0076222539018217,97,0.090724704826694,0.0065157456887263,97,3.999742268522893e-05,8,0.00625,0.9875,kept,True
rep_051,Republican - Democrat,98,1.003682114513994,0.9780667572366918,1.029890639601776,False,False,kept,0.1517356577949606,0.2316745096063513,0.2084943452418136,0.25,False,False,kept,single df,0.1924109637717566,0.0157751384081147,97,0.1917050837006559,0.0157042377448494,97,0.0002459216760815,8,0.00625,0.9875,kept,False
rep_051,Female - Male,97,0.8732495247466926,0.6056577409888173,1.1380248065517795,False,False,attenuated or kept,0.043581295023332,0.0667273707259402,0.2098300758638356,0.25,False,False,attenuated or kept,single df,0.0481634949704969,0.006975645657357,96,0.0551543328746361,0.0045462206303031,96,1.8680389017400776e-05,8,0.00625,0.9875,unresolved,False
rep_051,Black - White,98,1.0276036363719403,0.96645890608512,1.0914007880163026,False,False,kept,0.0753351407907121,0.1188299511582823,0.2240094237897092,0.25,False,False,kept,single df,0.0997623772716394,0.0088725588108555,97,0.0970825459744972,0.0085446916887306,97,7.319435079250524e-05,8,0.00625,0.9875,kept,False
rep_051,Hispanic - White,98,1.0535447099836155,0.9468453574333754,1.169517259011804,False,False,kept,0.061975313619109,0.0945355882614301,0.2080383810398941,0.25,False,False,kept,single df,0.0824456163655033,0.0069116365794787,97,0.0782554509402695,0.0063965679070179,97,3.891327791730268e-05,8,0.00625,0.9875,kept,False
rep_051,Asian - White,98,1.0089967540777487,0.8843370658796681,1.1301440721484637,False,False,kept,0.0741412438044412,0.1073081658489468,0.1827888120874155,0.25,False,False,kept,single df,0.0915409326847961,0.0081316405439668,97,0.090724704826694,0.0065157456887263,97,4.49938522398965e-05,8,0.00625,0.9875,kept,True
rep_052,Republican - Democrat,98,0.9986470314825092,0.9769816916581948,1.0216981521336177,False,False,kept,0.1517356577949606,0.2316745096063513,0.2084943452418136,0.25,False,False,kept,single df,0.191445712757766,0.0155292049938647,97,0.1917050837006559,0.0157042377448494,97,0.0002425292322723,8,0.00625,0.9875,kept,False
rep_052,Female - Male,97,1.0195390643559503,0.9048970988059252,1.1321905388395348,False,False,kept,0.043581295023332,0.0667273707259402,0.2098300758638356,0.25,False,False,kept,single df,0.0562319969341831,0.0053094145162222,96,0.0551543328746361,0.0045462206303031,96,2.151858033955198e-05,8,0.00625,0.9875,kept,False
rep_052,Black - White,98,0.9771051754227634,0.9033736180068354,1.0426992038948488,False,False,kept,0.0753351407907121,0.1188299511582823,0.2240094237897092,0.25,False,False,kept,single df,0.0948598581148996,0.0093476734372493,97,0.0970825459744972,0.0085446916887306,97,7.696311152028299e-05,8,0.00625,0.9875,kept,False
rep_052,Hispanic - White,98,1.0016466594400797,0.8775727797855513,1.1256736708146573,False,False,kept,0.061975313619109,0.0945355882614301,0.2080383810398941,0.25,False,False,kept,single df,0.078384311017298,0.0074169926212683,97,0.0782554509402695,0.0063965679070179,97,4.100465120930012e-05,8,0.00625,0.9875,kept,False
rep_052,Asian - White,98,1.075434812728281,0.9299058650323888,1.2252301286264022,False,False,kept,0.0741412438044412,0.1073081658489468,0.1827888120874155,0.25,False,False,kept,single df,0.0975685059451242,0.0083809751439905,97,0.090724704826694,0.0065157456887263,97,4.3037537020116616e-05,8,0.00625,0.9875,kept,True
rep_053,Republican - Democrat,98,0.9982068271942776,0.9715425887207644,1.0241577488286628,False,False,kept,0.1517356577949606,0.2316745096063513,0.2084943452418136,0.25,False,False,kept,single df,0.1913613233578452,0.0159172429703154,97,0.1917050837006559,0.0157042377448494,97,0.0002481163592066,8,0.00625,0.9875,kept,False
rep_053,Female - Male,97,1.0072244159411303,0.9151532414419792,1.0970266825852355,False,False,kept,0.043581295023332,0.0667273707259402,0.2098300758638356,0.25,False,False,kept,single df,0.055552790716278,0.0050698894251532,96,0.0551543328746361,0.0045462206303031,96,2.132653030657909e-05,8,0.00625,0.9875,kept,False
rep_053,Black - White,98,0.9717870552642086,0.8934593799944516,1.0455938417493795,False,False,kept,0.0753351407907121,0.1188299511582823,0.2240094237897092,0.25,False,False,kept,single df,0.0943435614701088,0.0091110373054215,97,0.0970825459744972,0.0085446916887306,97,7.407576596186965e-05,8,0.00625,0.9875,kept,False
rep_053,Hispanic - White,98,0.9514585918744698,0.8461510504682356,1.0540307143289007,False,False,kept,0.061975313619109,0.0945355882614301,0.2080383810398941,0.25,False,False,kept,single df,0.0744568211581305,0.0070116993508886,97,0.0782554509402695,0.0063965679070179,97,4.016700272504974e-05,8,0.00625,0.9875,kept,False
rep_053,Asian - White,98,1.0242045440102303,0.9182421662771184,1.1422720173841885,False,False,kept,0.0741412438044412,0.1073081658489468,0.1827888120874155,0.25,False,False,kept,single df,0.0929206549374869,0.0066838114342757,97,0.090724704826694,0.0065157456887263,97,3.604878036606636e-05,8,0.00625,0.9875,kept,True
rep_054,Republican - Democrat,98,1.012471338669212,0.9900334810120508,1.0373060572055774,False,False,kept,0.1517356577949606,0.2316745096063513,0.2084943452418136,0.25,False,False,kept,single df,0.1940959027240964,0.0155777853808255,97,0.1917050837006559,0.0157042377448494,97,0.0002431951609832,8,0.00625,0.9875,kept,False
rep_054,Female - Male,97,1.0161345412172806,0.914178726109201,1.118131802124762,False,False,kept,0.043581295023332,0.0667273707259402,0.2098300758638356,0.25,False,False,kept,single df,0.0560442227317135,0.0050978677686604,96,0.0551543328746361,0.0045462206303031,96,2.099229315731108e-05,8,0.00625,0.9875,kept,False
rep_054,Black - White,98,1.0103764835705464,0.9517282937115924,1.0641829851717386,False,False,kept,0.0753351407907121,0.1188299511582823,0.2240094237897092,0.25,False,False,kept,single df,0.0980899214177884,0.0092550751796754,97,0.0970825459744972,0.0085446916887306,97,7.711491694562907e-05,8,0.00625,0.9875,kept,False
rep_054,Hispanic - White,98,1.0018682126580731,0.8922606108729311,1.111418061256109,False,False,kept,0.061975313619109,0.0945355882614301,0.2080383810398941,0.25,False,False,kept,single df,0.0784016487642794,0.0072098406411178,97,0.0782554509402695,0.0063965679070179,97,4.101863880975853e-05,8,0.00625,0.9875,kept,False
rep_054,Asian - White,98,1.0776399589990755,0.9794498679341052,1.1798202144822691,False,False,kept,0.0741412438044412,0.1073081658489468,0.1827888120874155,0.25,False,False,kept,single df,0.0977685671896418,0.0075063113350324,97,0.090724704826694,0.0065157456887263,97,4.330077368628178e-05,8,0.00625,0.9875,kept,True
rep_055,Republican - Democrat,98,0.9873573106866418,0.9612603941088244,1.011594867656461,False,False,kept,0.1517356577949606,0.2316745096063513,0.2084943452418136,0.25,False,False,kept,single df,0.1892814158876372,0.0159317901412909,97,0.1917050837006559,0.0157042377448494,97,0.0002485502903709,8,0.00625,0.9875,kept,False
rep_055,Female - Male,97,0.9539661125221882,0.8896304394841849,1.0116914134329844,False,False,kept,0.043581295023332,0.0667273707259402,0.2098300758638356,0.25,False,False,kept,single df,0.0526153645211713,0.0048275800559421,96,0.0551543328746361,0.0045462206303031,96,2.119991058928225e-05,8,0.00625,0.9875,kept,False
rep_055,Black - White,98,0.950803507455958,0.8708962452714916,1.0280365011011452,False,False,kept,0.0753351407907121,0.1188299511582823,0.2240094237897092,0.25,False,False,kept,single df,0.0923064252253062,0.0088344459929563,97,0.0970825459744972,0.0085446916887306,97,7.126772514357205e-05,8,0.00625,0.9875,kept,False
rep_055,Hispanic - White,98,1.0593957800412506,0.923769690116728,1.1973018764725234,False,False,kept,0.061975313619109,0.0945355882614301,0.2080383810398941,0.25,False,False,kept,single df,0.0829034944913467,0.0077880073082219,97,0.0782554509402695,0.0063965679070179,97,4.23152300171491e-05,8,0.00625,0.9875,kept,False
rep_055,Asian - White,98,0.9835452284301232,0.8647663674206669,1.1113944811203371,False,False,kept,0.0741412438044412,0.1073081658489468,0.1827888120874155,0.25,False,False,kept,single df,0.0892318505330263,0.0069830889113948,97,0.090724704826694,0.0065157456887263,97,3.6186209402939374e-05,8,0.00625,0.9875,kept,True
rep_056,Republican - Democrat,98,0.9948826541081895,0.9654482889232376,1.0235781501263712,False,False,kept,0.1517356577949606,0.2316745096063513,0.2084943452418136,0.25,False,False,kept,single df,0.1907240624781412,0.015895856833993,97,0.1917050837006559,0.0157042377448494,97,0.0002473658750754,8,0.00625,0.9875,kept,False
rep_056,Female - Male,97,1.0502729906476074,0.9826640984937745,1.1191346312606572,False,False,kept,0.043581295023332,0.0667273707259402,0.2098300758638356,0.25,False,False,kept,single df,0.0579271061354177,0.0049292260482919,96,0.0551543328746361,0.0045462206303031,96,2.142608103657062e-05,8,0.00625,0.9875,kept,False
rep_056,Black - White,98,0.9613012859720244,0.8807113839148324,1.0335585937720042,False,False,kept,0.0753351407907121,0.1188299511582823,0.2240094237897092,0.25,False,False,kept,single df,0.0933255762907223,0.0093052439103902,97,0.0970825459744972,0.0085446916887306,97,7.594402987647311e-05,8,0.00625,0.9875,kept,False
rep_056,Hispanic - White,98,0.9971797937410172,0.898946205369136,1.0953418046140215,False,False,kept,0.061975313619109,0.0945355882614301,0.2080383810398941,0.25,False,False,kept,single df,0.0780347544277283,0.0070336167585731,97,0.0782554509402695,0.0063965679070179,97,4.083305888759615e-05,8,0.00625,0.9875,kept,False
rep_056,Asian - White,98,1.0157972511525568,0.8885172102124606,1.1359935781391597,False,False,kept,0.0741412438044412,0.1073081658489468,0.1827888120874155,0.25,False,False,kept,single df,0.0921579057745829,0.008451885054376,97,0.090724704826694,0.0065157456887263,97,4.747573650540583e-05,8,0.00625,0.9875,kept,True
rep_057,Republican - Democrat,98,1.0213189999318837,0.9939966761642798,1.051772654372068,False,False,kept,0.1517356577949606,0.2316745096063513,0.2084943452418136,0.25,False,False,kept,single df,0.195792044367012,0.0156336417851822,97,0.1917050837006559,0.0157042377448494,97,0.0002433842881919,8,0.00625,0.9875,kept,False
rep_057,Female - Male,97,1.016211933086372,0.949347957254321,1.0844103671282477,False,False,kept,0.043581295023332,0.0667273707259402,0.2098300758638356,0.25,False,False,kept,single df,0.0560484912286232,0.0047729944599139,96,0.0551543328746361,0.0045462206303031,96,2.070376906623069e-05,8,0.00625,0.9875,kept,False
rep_057,Black - White,98,1.0166006866199926,0.9535128709655412,1.081063065513666,False,False,kept,0.0753351407907121,0.1188299511582823,0.2240094237897092,0.25,False,False,kept,single df,0.0986941828964909,0.0088963494799087,97,0.0970825459744972,0.0085446916887306,97,7.327399261320272e-05,8,0.00625,0.9875,kept,False
rep_057,Hispanic - White,98,0.9849409350972792,0.8788736175770194,1.0962809513744531,False,False,kept,0.061975313619109,0.0945355882614301,0.2080383810398941,0.25,False,False,kept,single df,0.0770769970255683,0.0067584912665743,97,0.0782554509402695,0.0063965679070179,97,3.791543622863705e-05,8,0.00625,0.9875,kept,False
rep_057,Asian - White,98,1.0796220295470884,0.9351618633136052,1.217552002120173,False,False,kept,0.0741412438044412,0.1073081658489468,0.1827888120874155,0.25,False,False,kept,single df,0.0979483899550559,0.0090893477753128,97,0.090724704826694,0.0065157456887263,97,4.98454958171061e-05,8,0.00625,0.9875,kept,True
rep_058,Republican - Democrat,98,0.9894080703889896,0.9625776673191286,1.0152335942067294,False,False,kept,0.1517356577949606,0.2316745096063513,0.2084943452418136,0.25,False,False,kept,single df,0.1896745569480258,0.0158297858592259,97,0.1917050837006559,0.0157042377448494,97,0.0002467375081083,8,0.00625,0.9875,kept,False
rep_058,Female - Male,97,0.898535370834,0.6367502564511417,1.1498252851920323,False,False,attenuated or kept,0.043581295023332,0.0667273707259402,0.2098300758638356,0.25,False,False,attenuated or kept,single df,0.049558118942613,0.0071020842159684,96,0.0551543328746361,0.0045462206303031,96,2.092593146203661e-05,8,0.00625,0.9875,unresolved,False
rep_058,Black - White,98,1.0761894573436028,1.0112173867572976,1.1481794680560666,False,False,kept,0.0753351407907121,0.1188299511582823,0.2240094237897092,0.25,False,False,kept,single df,0.1044792124698295,0.008977050448089,97,0.0970825459744972,0.0085446916887306,97,7.372515940096446e-05,8,0.00625,0.9875,kept,False
rep_058,Hispanic - White,98,0.9619290006442603,0.8276249497940437,1.0955048513420538,False,False,kept,0.061975313619109,0.0945355882614301,0.2080383810398941,0.25,False,False,kept,single df,0.0752761877179394,0.0073972574885243,97,0.0782554509402695,0.0063965679070179,97,3.968768082356119e-05,8,0.00625,0.9875,kept,False
rep_058,Asian - White,98,1.1168673092121248,0.9614264280595062,1.2756376528954505,False,False,kept or steepened,0.0741412438044412,0.1073081658489468,0.1827888120874155,0.25,False,False,kept or steepened,single df,0.101327456958854,0.0088714239135258,97,0.090724704826694,0.0065157456887263,97,4.537190694187581e-05,8,0.00625,0.9875,unresolved,True
rep_059,Republican - Democrat,98,1.0158270441311958,0.989701613351277,1.043878657550762,False,False,kept,0.1517356577949606,0.2316745096063513,0.2084943452418136,0.25,False,False,kept,single df,0.1947392085205608,0.01574325662577,97,0.1917050837006559,0.0157042377448494,97,0.0002452998937157,8,0.00625,0.9875,kept,False
rep_059,Female - Male,97,1.082571002372169,0.83617395895664,1.338460253089519,False,False,kept or steepened,0.043581295023332,0.0667273707259402,0.2098300758638356,0.25,False,False,kept or steepened,single df,0.0597084814252631,0.0069213462042663,96,0.0551543328746361,0.0045462206303031,96,2.0244866369271325e-05,8,0.00625,0.9875,unresolved,False
rep_059,Black - White,98,0.950186003000426,0.8762593181138635,1.0177270109225165,False,False,kept,0.0753351407907121,0.1188299511582823,0.2240094237897092,0.25,False,False,kept,single df,0.0922464763206126,0.0090113550260585,97,0.0970825459744972,0.0085446916887306,97,7.378718419947443e-05,8,0.00625,0.9875,kept,False
rep_059,Hispanic - White,98,1.0334499121590512,0.9259906229187266,1.1521629425242434,False,False,kept,0.061975313619109,0.0945355882614301,0.2080383810398941,0.25,False,False,kept,single df,0.0808730889001885,0.0066871628874266,97,0.0782554509402695,0.0063965679070179,97,3.719541047157204e-05,8,0.00625,0.9875,kept,False
rep_059,Asian - White,98,0.9525626151796198,0.8334303200436366,1.0727953215983903,False,False,kept,0.0741412438044412,0.1073081658489468,0.1827888120874155,0.25,False,False,kept,single df,0.0864209620911147,0.0074045567782405,97,0.090724704826694,0.0065157456887263,97,3.976522564234911e-05,8,0.00625,0.9875,kept,True
rep_060,Republican - Democrat,98,0.9838268004874068,0.9597154495182032,1.0067679225482806,False,False,kept,0.1517356577949606,0.2316745096063513,0.2084943452418136,0.25,False,False,kept,single df,0.1886045991343868,0.0157467425458538,97,0.1917050837006559,0.0157042377448494,97,0.0002458096978639,8,0.00625,0.9875,kept,False
rep_060,Female - Male,97,1.0739650323053844,0.9802803258756906,1.173146678116378,False,False,kept,0.043581295023332,0.0667273707259402,0.2098300758638356,0.25,False,False,kept,single df,0.0592338248874905,0.0050357862385447,96,0.0551543328746361,0.0045462206303031,96,2.096344765517515e-05,8,0.00625,0.9875,kept,False
rep_060,Black - White,98,0.9783383001661836,0.9091975009352344,1.0431515055064449,False,False,kept,0.0753351407907121,0.1188299511582823,0.2240094237897092,0.25,False,False,kept,single df,0.0949795730044949,0.0090513515806326,97,0.0970825459744972,0.0085446916887306,97,7.442051912022921e-05,8,0.00625,0.9875,kept,False
rep_060,Hispanic - White,98,1.0380825923092891,0.9335404805238686,1.1487771022794562,False,False,kept,0.061975313619109,0.0945355882614301,0.2080383810398941,0.25,False,False,kept,single df,0.0812356213744074,0.0069844071850172,97,0.0782554509402695,0.0063965679070179,97,3.969195572388193e-05,8,0.00625,0.9875,kept,False
rep_060,Asian - White,98,1.1113497394910945,0.9563741278376898,1.2742380030083342,False,False,kept or steepened,0.0741412438044412,0.1073081658489468,0.1827888120874155,0.25,False,False,kept or steepened,single df,0.1008268770745528,0.0085229081131827,97,0.090724704826694,0.0065157456887263,97,4.232311288458228e-05,8,0.00625,0.9875,unresolved,True
rep_061,Republican - Democrat,98,1.00956764272622,0.9828045535283076,1.0372468144302405,False,False,kept,0.1517356577949606,0.2316745096063513,0.2084943452418136,0.25,False,False,kept,single df,0.1935392494503039,0.0158229569509081,97,0.1917050837006559,0.0157042377448494,97,0.0002464969864805,8,0.00625,0.9875,kept,False
rep_061,Female - Male,97,1.1052810705541916,0.8560323647695538,1.3594150521650017,False,False,kept or steepened,0.043581295023332,0.0667273707259402,0.2098300758638356,0.25,False,False,kept or steepened,single df,0.06096104008538,0.0071590079416945,96,0.0551543328746361,0.0045462206303031,96,2.1747935245946897e-05,8,0.00625,0.9875,unresolved,False
rep_061,Black - White,98,0.940260328995946,0.8695131380004508,1.0007463255397553,False,False,kept,0.0753351407907121,0.1188299511582823,0.2240094237897092,0.25,False,False,kept,single df,0.0912828666177448,0.0091540325010155,97,0.0970825459744972,0.0085446916887306,97,7.574043508472906e-05,8,0.00625,0.9875,kept,False
rep_061,Hispanic - White,98,0.9488724808625684,0.8286490339247309,1.0633996709906297,False,False,kept,0.061975313619109,0.0945355882614301,0.2080383810398941,0.25,False,False,kept,single df,0.0742544438747126,0.0073607926142508,97,0.0782554509402695,0.0063965679070179,97,4.140017692212812e-05,8,0.00625,0.9875,kept,False
rep_061,Asian - White,98,1.020316275082754,0.9099969510411858,1.134158557664985,False,False,kept,0.0741412438044412,0.1073081658489468,0.1827888120874155,0.25,False,False,kept,single df,0.0925678928867548,0.0074301896778137,97,0.090724704826694,0.0065157456887263,97,4.115401210346644e-05,8,0.00625,0.9875,kept,True
rep_062,Republican - Democrat,98,1.000002362083552,0.972800372518876,1.0272461530612669,False,False,kept,0.1517356577949606,0.2316745096063513,0.2084943452418136,0.25,False,False,kept,single df,0.1917055365240809,0.0158246365363215,97,0.1917050837006559,0.0157042377448494,97,0.0002465102417396,8,0.00625,0.9875,kept,False
rep_062,Female - Male,97,0.8742605556575238,0.6079910294441541,1.1312280413038105,False,False,attenuated or kept,0.043581295023332,0.0667273707259402,0.2098300758638356,0.25,False,False,attenuated or kept,single df,0.0482192577058994,0.0070817958291601,96,0.0551543328746361,0.0045462206303031,96,2.015649779760779e-05,8,0.00625,0.9875,unresolved,False
rep_062,Black - White,98,1.033246194074661,0.970430787447584,1.0991522279026675,False,False,kept,0.0753351407907121,0.1188299511582823,0.2240094237897092,0.25,False,False,kept,single df,0.1003101711392275,0.0089025431656829,97,0.0970825459744972,0.0085446916887306,97,7.330352821556401e-05,8,0.00625,0.9875,kept,False
rep_062,Hispanic - White,98,1.057011252915235,0.939226144397278,1.178087334270444,False,False,kept,0.061975313619109,0.0945355882614301,0.2080383810398941,0.25,False,False,kept,single df,0.082716892245821,0.0074475968824604,97,0.0782554509402695,0.0063965679070179,97,4.176047247003957e-05,8,0.00625,0.9875,kept,False
rep_062,Asian - White,98,0.9168023616520412,0.7854209615550864,1.0337056167673164,False,False,kept,0.0741412438044412,0.1073081658489468,0.1827888120874155,0.25,False,False,kept,single df,0.0831766236452974,0.0084173079892176,97,0.090724704826694,0.0065157456887263,97,4.781384946282232e-05,8,0.00625,0.9875,kept,True
rep_063,Republican - Democrat,98,0.997739186599134,0.973750607936794,1.022348194487574,False,False,kept,0.1517356577949606,0.2316745096063513,0.2084943452418136,0.25,False,False,kept,single df,0.1912716742784114,0.015663764027689,97,0.1917050837006559,0.0157042377448494,97,0.0002443820417528,8,0.00625,0.9875,kept,False
rep_063,Female - Male,97,1.1044943496023596,0.8512659422420613,1.3679102120387383,False,False,kept or steepened,0.043581295023332,0.0667273707259402,0.2098300758638356,0.25,False,False,kept or steepened,single df,0.0609176490161232,0.0070779802834297,96,0.0551543328746361,0.0045462206303031,96,2.0541982427623098e-05,8,0.00625,0.9875,unresolved,False
rep_063,Black - White,98,0.9657206398735936,0.8957913716380872,1.029365008302059,False,False,kept,0.0753351407907121,0.1188299511582823,0.2240094237897092,0.25,False,False,kept,single df,0.093754618419049,0.0090901298832871,97,0.0970825459744972,0.0085446916887306,97,7.48517593626695e-05,8,0.00625,0.9875,kept,False
rep_063,Hispanic - White,98,1.0138327326657857,0.8926620767704372,1.1270045631292058,False,False,kept,0.061975313619109,0.0945355882614301,0.2080383810398941,0.25,False,False,kept,single df,0.0793379376727668,0.0078608929367741,97,0.0782554509402695,0.0063965679070179,97,4.509939269106419e-05,8,0.00625,0.9875,kept,False
rep_063,Asian - White,98,0.9926955519433194,0.8554497443005407,1.1306930142788905,False,False,kept,0.0741412438044412,0.1073081658489468,0.1827888120874155,0.25,False,False,kept,single df,0.0900620109328298,0.008011379815964,97,0.090724704826694,0.0065157456887263,97,4.168323927627284e-05,8,0.00625,0.9875,kept,True
rep_064,Republican - Democrat,98,1.012074998010325,0.9877340395306304,1.038687601364969,False,False,kept,0.1517356577949606,0.2316745096063513,0.2084943452418136,0.25,False,False,kept,single df,0.1940199222049105,0.0156094112964114,97,0.1917050837006559,0.0157042377448494,97,0.000243437175326,8,0.00625,0.9875,kept,False
rep_064,Female - Male,97,1.025027012822634,0.9598423339072067,1.0933544990360575,False,False,kept,0.043581295023332,0.0667273707259402,0.2098300758638356,0.25,False,False,kept,single df,0.0565346810707134,0.0047189677424879,96,0.0551543328746361,0.0045462206303031,96,2.048020632239709e-05,8,0.00625,0.9875,kept,False
rep_064,Black - White,98,0.9963151861222388,0.9295440034573592,1.05896722787551,False,False,kept,0.0753351407907121,0.1188299511582823,0.2240094237897092,0.25,False,False,kept,single df,0.096724814861802,0.0091611991984946,97,0.0970825459744972,0.0085446916887306,97,7.558900431876165e-05,8,0.00625,0.9875,kept,False
rep_064,Hispanic - White,98,1.0515746163017268,0.9229961655644012,1.1923645521593134,False,False,kept,0.061975313619109,0.0945355882614301,0.2080383810398941,0.25,False,False,kept,single df,0.0822914457960325,0.0070713512920156,97,0.0782554509402695,0.0063965679070179,97,3.750387917284884e-05,8,0.00625,0.9875,kept,False
rep_064,Asian - White,98,0.974914932860756,0.8693485295805825,1.0860192730235478,False,False,kept,0.0741412438044412,0.1073081658489468,0.1827888120874155,0.25,False,False,kept,single df,0.0884488695149283,0.006937294648188,97,0.090724704826694,0.0065157456887263,97,3.798909843184679e-05,8,0.00625,0.9875,kept,True
rep_065,Republican - Democrat,98,1.0110782410862826,0.9784515480666184,1.0452368358820896,False,False,kept,0.1517356577949606,0.2316745096063513,0.2084943452418136,0.25,False,False,kept,single df,0.1938288388353578,0.0158038064982613,97,0.1917050837006559,0.0157042377448494,97,0.0002451985709374,8,0.00625,0.9875,kept,False
rep_065,Female - Male,97,1.1158237537755755,0.865582268511007,1.37482626719593,False,False,kept or steepened,0.043581295023332,0.0667273707259402,0.2098300758638356,0.25,False,False,kept or steepened,single df,0.0615425147451641,0.0071015127352985,96,0.0551543328746361,0.0045462206303031,96,2.1096198862066025e-05,8,0.00625,0.9875,unresolved,False
rep_065,Black - White,98,1.0029089088807108,0.9480084250388724,1.0577248030322906,False,False,kept,0.0753351407907121,0.1188299511582823,0.2240094237897092,0.25,False,False,kept,single df,0.0973649502546444,0.0088155168885504,97,0.0970825459744972,0.0085446916887306,97,7.328259118628635e-05,8,0.00625,0.9875,kept,False
rep_065,Hispanic - White,98,1.0244170018560137,0.9035816821674284,1.1468321624554414,False,False,kept,0.061975313619109,0.0945355882614301,0.2080383810398941,0.25,False,False,kept,single df,0.0801662144311213,0.007406327696274,97,0.0782554509402695,0.0063965679070179,97,4.120067328003483e-05,8,0.00625,0.9875,kept,False
rep_065,Asian - White,98,1.0345746710034738,0.9126397320537816,1.1603370644465285,False,False,kept,0.0741412438044412,0.1073081658489468,0.1827888120874155,0.25,False,False,kept,single df,0.0938614816479642,0.0077079373170136,97,0.090724704826694,0.0065157456887263,97,4.157235988544971e-05,8,0.00625,0.9875,kept,True
rep_066,Republican - Democrat,98,0.9819402941916684,0.9583785794423944,1.0047247139546975,False,False,kept,0.1517356577949606,0.2316745096063513,0.2084943452418136,0.25,False,False,kept,single df,0.1882429462870605,0.015647715712701,97,0.1917050837006559,0.0157042377448494,97,0.0002442782549857,8,0.00625,0.9875,kept,False
rep_066,Female - Male,97,0.993154217248258,0.9206007477877513,1.069468174392287,False,False,kept,0.043581295023332,0.0667273707259402,0.2098300758638356,0.25,False,False,kept,single df,0.0547767582939591,0.0046037826089317,96,0.0551543328746361,0.0045462206303031,96,1.9682861558462623e-05,8,0.00625,0.9875,kept,False
rep_066,Black - White,98,1.0196600720292006,0.9566777241751117,1.0835301430924646,False,False,kept,0.0753351407907121,0.1188299511582823,0.2240094237897092,0.25,False,False,kept,single df,0.098991195821134,0.0089565140499146,97,0.0970825459744972,0.0085446916887306,97,7.383376504870262e-05,8,0.00625,0.9875,kept,False
rep_066,Hispanic - White,98,1.0501407514427568,0.929403946134802,1.1778172312874342,False,False,kept,0.061975313619109,0.0945355882614301,0.2080383810398941,0.25,False,False,kept,single df,0.0821792380549064,0.0072438402054497,97,0.0782554509402695,0.0063965679070179,97,3.9829296222375074e-05,8,0.00625,0.9875,kept,False
rep_066,Asian - White,98,1.0179157692001124,0.893465405219107,1.146680438797314,False,False,kept,0.0741412438044412,0.1073081658489468,0.1827888120874155,0.25,False,False,kept,single df,0.0923501076991174,0.0076339865888771,97,0.090724704826694,0.0065157456887263,97,4.056613090603758e-05,8,0.00625,0.9875,kept,True
rep_067,Republican - Democrat,98,1.0140290302299475,0.990002515494126,1.0393698360547563,False,False,kept,0.1517356577949606,0.2316745096063513,0.2084943452418136,0.25,False,False,kept,single df,0.1943945201151271,0.0158007292833084,97,0.1917050837006559,0.0157042377448494,97,0.0002465167684784,8,0.00625,0.9875,kept,False
rep_067,Female - Male,97,0.9808844377033664,0.9025285644346096,1.0564190520129575,False,False,kept,0.043581295023332,0.0667273707259402,0.2098300758638356,0.25,False,False,kept,single df,0.0541000267886417,0.0048768190540839,96,0.0551543328746361,0.0045462206303031,96,2.090606789987016e-05,8,0.00625,0.9875,kept,False
rep_067,Black - White,98,1.0193483032403814,0.954195964086988,1.0852187989780606,False,False,kept,0.0753351407907121,0.1188299511582823,0.2240094237897092,0.25,False,False,kept,single df,0.09896092851336,0.0089879719523495,97,0.0970825459744972,0.0085446916887306,97,7.392817101420471e-05,8,0.00625,0.9875,kept,False
rep_067,Hispanic - White,98,0.9659479120559932,0.8511708152533355,1.0826704820740458,False,False,kept,0.061975313619109,0.0945355882614301,0.2080383810398941,0.25,False,False,kept,single df,0.0755906894427536,0.006970973231181,97,0.0782554509402695,0.0063965679070179,97,3.864299637892384e-05,8,0.00625,0.9875,kept,False
rep_067,Asian - White,98,0.970390888085444,0.8332646664282031,1.1031646987653232,False,False,kept,0.0741412438044412,0.1073081658489468,0.1827888120874155,0.25,False,False,kept,single df,0.0880384268880654,0.0082174847509515,97,0.090724704826694,0.0065157456887263,97,4.3870713249276886e-05,8,0.00625,0.9875,kept,True
rep_068,Republican - Democrat,98,0.991641076421406,0.9648128777631628,1.0157101319426198,False,False,kept,0.1517356577949606,0.2316745096063513,0.2084943452418136,0.25,False,False,kept,single df,0.1901026355563742,0.0161514615170468,97,0.1917050837006559,0.0157042377448494,97,0.0002520482384543,8,0.00625,0.9875,kept,False
rep_068,Female - Male,97,1.0198647080411791,0.9424532783349592,1.099758118517444,False,False,kept,0.043581295023332,0.0667273707259402,0.2098300758638356,0.25,False,False,kept,single df,0.0562499575943968,0.0048100817356047,96,0.0551543328746361,0.0045462206303031,96,2.0521786161560583e-05,8,0.00625,0.9875,kept,False
rep_068,Black - White,98,0.9968919452730662,0.9172122309215128,1.074518219576367,False,False,kept,0.0753351407907121,0.1188299511582823,0.2240094237897092,0.25,False,False,kept,single df,0.0967808081085784,0.0091616305126062,97,0.0970825459744972,0.0085446916887306,97,7.420373697249421e-05,8,0.00625,0.9875,kept,False
rep_068,Hispanic - White,98,1.0191983257832693,0.9224399935649856,1.120176247681714,False,False,kept,0.061975313619109,0.0945355882614301,0.2080383810398941,0.25,False,False,kept,single df,0.0797578245817375,0.0068883596218508,97,0.0782554509402695,0.0063965679070179,97,3.9793364770811806e-05,8,0.00625,0.9875,kept,False
rep_068,Asian - White,98,1.0518839160262443,0.9055099520989184,1.2006259998743696,False,False,kept,0.0741412438044412,0.1073081658489468,0.1827888120874155,0.25,False,False,kept,single df,0.095431857793428,0.0084056924389874,97,0.090724704826694,0.0065157456887263,97,4.320340322648844e-05,8,0.00625,0.9875,kept,True
rep_069,Republican - Democrat,98,0.9963420412512448,0.9744472960853648,1.0166481937219924,False,False,kept,0.1517356577949606,0.2316745096063513,0.2084943452418136,0.25,False,False,kept,single df,0.1910038344125523,0.0159945082142613,97,0.1917050837006559,0.0157042377448494,97,0.0002500314333999,8,0.00625,0.9875,kept,False
rep_069,Female - Male,97,1.1116440358423352,0.846868450903627,1.3917951689765526,False,False,kept or steepened,0.043581295023332,0.0667273707259402,0.2098300758638356,0.25,False,False,kept or steepened,single df,0.0613119851909521,0.0071524783898876,96,0.0551543328746361,0.0045462206303031,96,1.9525658667882697e-05,8,0.00625,0.9875,unresolved,False
rep_069,Black - White,98,0.998468688715938,0.9385363499678944,1.0578151948675552,False,False,kept,0.0753351407907121,0.1188299511582823,0.2240094237897092,0.25,False,False,kept,single df,0.096933882376361,0.0088607040565743,97,0.0970825459744972,0.0085446916887306,97,7.330475648484306e-05,8,0.00625,0.9875,kept,False
rep_069,Hispanic - White,98,1.0157610371290455,0.8760218039939265,1.1470466943435418,False,False,kept,0.061975313619109,0.0945355882614301,0.2080383810398941,0.25,False,False,kept,single df,0.0794888380080893,0.0081593861884836,97,0.0782554509402695,0.0063965679070179,97,4.538394439796362e-05,8,0.00625,0.9875,kept,False
rep_069,Asian - White,98,0.9262390021438706,0.7544315751821564,1.0920502607417084,False,False,kept,0.0741412438044412,0.1073081658489468,0.1827888120874155,0.25,False,False,kept,single df,0.0840327600684743,0.0088449299823738,97,0.090724704826694,0.0065157456887263,97,4.300568227506611e-05,8,0.00625,0.9875,kept,True
rep_070,Republican - Democrat,98,0.9960260435188756,0.9701347263090876,1.0209964576096515,False,False,kept,0.1517356577949606,0.2316745096063513,0.2084943452418136,0.25,False,False,kept,single df,0.1909432560408192,0.01591078419978,97,0.1917050837006559,0.0157042377448494,97,0.0002481417922115,8,0.00625,0.9875,kept,False
rep_070,Female - Male,97,1.0189712967927456,0.9037987283862438,1.129624709630161,False,False,kept,0.043581295023332,0.0667273707259402,0.2098300758638356,0.25,False,False,kept,single df,0.0562006820930067,0.0054078915055131,96,0.0551543328746361,0.0045462206303031,96,2.207422252384304e-05,8,0.00625,0.9875,kept,False
rep_070,Black - White,98,0.9570164474260014,0.8896448768530334,1.023189973338577,False,False,kept,0.0753351407907121,0.1188299511582823,0.2240094237897092,0.25,False,False,kept,single df,0.0929095932555848,0.0086380383423311,97,0.0970825459744972,0.0085446916887306,97,7.070128764542044e-05,8,0.00625,0.9875,kept,False
rep_070,Hispanic - White,98,0.9688622495866236,0.84123145894555,1.092499416187109,False,False,kept,0.061975313619109,0.0945355882614301,0.2080383810398941,0.25,False,False,kept,single df,0.0758187522404052,0.0074953109830781,97,0.0782554509402695,0.0063965679070179,97,4.144809368897391e-05,8,0.00625,0.9875,kept,False
rep_070,Asian - White,98,0.947842443423892,0.811855049901627,1.0914346453723014,False,False,kept,0.0741412438044412,0.1073081658489468,0.1827888120874155,0.25,False,False,kept,single df,0.085992725901845,0.0072987301417742,97,0.090724704826694,0.0065157456887263,97,3.557046741859149e-05,8,0.00625,0.9875,kept,True
rep_071,Republican - Democrat,98,1.0198104255379845,0.997106232883332,1.0442758873877651,False,False,kept,0.1517356577949606,0.2316745096063513,0.2084943452418136,0.25,False,False,kept,single df,0.1955028429865608,0.0158037432170972,97,0.1917050837006559,0.0157042377448494,97,0.0002467297636494,8,0.00625,0.9875,kept,False
rep_071,Female - Male,97,1.1963859091705529,0.9374297895568288,1.467380153516586,False,False,kept or steepened,0.043581295023332,0.0667273707259402,0.2098300758638356,0.25,False,False,kept or steepened,single df,0.0659858666809168,0.0073899755920186,96,0.0551543328746361,0.0045462206303031,96,2.20259586983019e-05,8,0.00625,0.9875,unresolved,False
rep_071,Black - White,98,1.0090264512626348,0.9382224999120032,1.080385960954903,False,False,kept,0.0753351407907121,0.1188299511582823,0.2240094237897092,0.25,False,False,kept,single df,0.0979588568441885,0.0089746072940946,97,0.0970825459744972,0.0085446916887306,97,7.328690814907125e-05,8,0.00625,0.9875,kept,False
rep_071,Hispanic - White,98,1.0477274716316969,0.9421930871753822,1.161984814421659,False,False,kept,0.061975313619109,0.0945355882614301,0.2080383810398941,0.25,False,False,kept,single df,0.0819903857550469,0.0068960043333888,97,0.0782554509402695,0.0063965679070179,97,3.892409500821867e-05,8,0.00625,0.9875,kept,False
rep_071,Asian - White,98,0.8907474542920122,0.7775003090148014,0.994642262745924,False,False,kept,0.0741412438044412,0.1073081658489468,0.1827888120874155,0.25,False,False,kept,single df,0.0808127998657719,0.0076398626070131,97,0.090724704826694,0.0065157456887263,97,4.3559920597866135e-05,8,0.00625,0.9875,kept,True
rep_072,Republican - Democrat,98,0.9924850218441208,0.9674704932895108,1.016896125428223,False,False,kept,0.1517356577949606,0.2316745096063513,0.2084943452418136,0.25,False,False,kept,single df,0.1902644241842745,0.0157953826640583,97,0.1917050837006559,0.0157042377448494,97,0.0002464070493407,8,0.00625,0.9875,kept,False
rep_072,Female - Male,97,1.063383453315098,0.8065790793471865,1.33465690256476,False,False,kept or steepened,0.043581295023332,0.0667273707259402,0.2098300758638356,0.25,False,False,kept or steepened,single df,0.058650204957521,0.006908602642176,96,0.0551543328746361,0.0045462206303031,96,1.873159570696223e-05,8,0.00625,0.9875,unresolved,False
rep_072,Black - White,98,0.981132654687918,0.921074767107264,1.0452353737139193,False,False,kept,0.0753351407907121,0.1188299511582823,0.2240094237897092,0.25,False,False,kept,single df,0.0952508560558203,0.0083736914992938,97,0.0970825459744972,0.0085446916887306,97,6.883928210557777e-05,8,0.00625,0.9875,kept,False
rep_072,Hispanic - White,98,0.9258982269090986,0.7891837282553994,1.0605378289873986,False,False,kept,0.061975313619109,0.0945355882614301,0.2080383810398941,0.25,False,False,kept,single df,0.0724565832715675,0.0073118476615446,97,0.0782554509402695,0.0063965679070179,97,3.882246293854309e-05,8,0.00625,0.9875,kept,False
rep_072,Asian - White,98,1.0067651721148947,0.8667130151154865,1.1347581971740672,False,False,kept,0.0741412438044412,0.1073081658489468,0.1827888120874155,0.25,False,False,kept,single df,0.0913384730699196,0.0089419800301215,97,0.090724704826694,0.0065157456887263,97,5.014769448970872e-05,8,0.00625,0.9875,kept,True
rep_073,Republican - Democrat,98,1.0111963318326704,0.9853122421056189,1.038445298995645,False,False,kept,0.1517356577949606,0.2316745096063513,0.2084943452418136,0.25,False,False,kept,single df,0.1938514774317783,0.0157643363903989,97,0.1917050837006559,0.0157042377448494,97,0.0002456808986755,8,0.00625,0.9875,kept,False
rep_073,Female - Male,97,0.9346491124130252,0.6790957910515958,1.1832302844516809,False,False,attenuated or kept,0.043581295023332,0.0667273707259402,0.2098300758638356,0.25,False,False,attenuated or kept,single df,0.0515499482670112,0.0070346942837601,96,0.0551543328746361,0.0045462206303031,96,2.088183934471767e-05,8,0.00625,0.9875,unresolved,False
rep_073,Black - White,98,0.999381110505606,0.9252422321621284,1.0664341158571122,False,False,kept,0.0753351407907121,0.1188299511582823,0.2240094237897092,0.25,False,False,kept,single df,0.0970224626067046,0.0094645665451931,97,0.0970825459744972,0.0085446916887306,97,7.786283346968285e-05,8,0.00625,0.9875,kept,False
rep_073,Hispanic - White,98,0.9472058295546046,0.8214732372121284,1.059436831579144,False,False,kept,0.061975313619109,0.0945355882614301,0.2080383810398941,0.25,False,False,kept,single df,0.0741240193250477,0.0078128018835548,97,0.0782554509402695,0.0063965679070179,97,4.486181119734221e-05,8,0.00625,0.9875,kept,False
rep_073,Asian - White,98,0.9763084894193408,0.8218705330533113,1.126996348721011,False,False,kept,0.0741412438044412,0.1073081658489468,0.1827888120874155,0.25,False,False,kept,single df,0.0885752995223652,0.0085759294405362,97,0.090724704826694,0.0065157456887263,97,4.375206246251381e-05,8,0.00625,0.9875,kept,True
rep_074,Republican - Democrat,98,1.0152258847814877,0.9933555543175316,1.0407088861131846,False,False,kept,0.1517356577949606,0.2316745096063513,0.2084943452418136,0.25,False,False,kept,single df,0.1946239632171076,0.0154049047588934,97,0.1917050837006559,0.0157042377448494,97,0.0002405755168926,8,0.00625,0.9875,kept,False
rep_074,Female - Male,97,0.8945510897686969,0.6143802412813829,1.1568097835372613,False,False,attenuated or kept,0.043581295023332,0.0667273707259402,0.2098300758638356,0.25,False,False,attenuated or kept,single df,0.0493383685784712,0.0075301403500945,96,0.0551543328746361,0.0045462206303031,96,2.250778587181939e-05,8,0.00625,0.9875,unresolved,False
rep_074,Black - White,98,0.9886986425503016,0.9161902224547736,1.0618024906328287,False,False,kept,0.0753351407907121,0.1188299511582823,0.2240094237897092,0.25,False,False,kept,single df,0.0959853814203126,0.0088251134249285,97,0.0970825459744972,0.0085446916887306,97,7.177518963310767e-05,8,0.00625,0.9875,kept,False
rep_074,Hispanic - White,98,0.95848587184803,0.8464731626959964,1.0678631050600254,False,False,kept,0.061975313619109,0.0945355882614301,0.2080383810398941,0.25,False,False,kept,single df,0.075006744121345,0.0071383002505726,97,0.0782554509402695,0.0063965679070179,97,4.040933398264948e-05,8,0.00625,0.9875,kept,False
rep_074,Asian - White,98,1.0988912903033372,0.933677241912322,1.263309831391406,False,False,kept or steepened,0.0741412438044412,0.1073081658489468,0.1827888120874155,0.25,False,False,kept or steepened,single df,0.0996965879493952,0.009257639578438,97,0.090724704826694,0.0065157456887263,97,4.714188852631109e-05,8,0.00625,0.9875,unresolved,True
rep_075,Republican - Democrat,98,0.9998643890517688,0.9704603110586124,1.0280598656228777,False,False,kept,0.1517356577949606,0.2316745096063513,0.2084943452418136,0.25,False,False,kept,single df,0.1916790863924745,0.0160503364515625,97,0.1917050837006559,0.0157042377448494,97,0.0002498690573782,8,0.00625,0.9875,kept,False
rep_075,Female - Male,97,1.1216725090887734,0.8540732943548477,1.395259385181954,False,False,kept or steepened,0.043581295023332,0.0667273707259402,0.2098300758638356,0.25,False,False,kept or steepened,single df,0.0618650989426105,0.0074728721609797,96,0.0551543328746361,0.0045462206303031,96,2.1839364353770267e-05,8,0.00625,0.9875,unresolved,False
rep_075,Black - White,98,0.9713760358114676,0.8945757767449356,1.0430375287849274,False,False,kept,0.0753351407907121,0.1188299511582823,0.2240094237897092,0.25,False,False,kept,single df,0.0943036586551916,0.0091321455523797,97,0.0970825459744972,0.0085446916887306,97,7.447270342375069e-05,8,0.00625,0.9875,kept,False
rep_075,Hispanic - White,98,1.0345353580642924,0.9236141215330756,1.1489210935615537,False,False,kept,0.061975313619109,0.0945355882614301,0.2080383810398941,0.25,False,False,kept,single df,0.0809580309589744,0.0072128309545696,97,0.0782554509402695,0.0063965679070179,97,4.076237274475338e-05,8,0.00625,0.9875,kept,False
rep_075,Asian - White,98,1.057964578227074,0.92277645637632,1.1906038592555694,False,False,kept,0.0741412438044412,0.1073081658489468,0.1827888120874155,0.25,False,False,kept,single df,0.0959835240767491,0.0085354875290941,97,0.090724704826694,0.0065157456887263,97,4.6481073048659296e-05,8,0.00625,0.9875,kept,True
rep_076,Republican - Democrat,98,0.992907780902934,0.9710898772113322,1.0161844856712308,False,False,kept,0.1517356577949606,0.2316745096063513,0.2084943452418136,0.25,False,False,kept,single df,0.1903454692450295,0.0154283115596147,97,0.1917050837006559,0.0157042377448494,97,0.000240915667458,8,0.00625,0.9875,kept,False
rep_076,Female - Male,97,0.8677258374477318,0.6103183624055012,1.1195494567116566,False,False,attenuated or kept,0.043581295023332,0.0667273707259402,0.2098300758638356,0.25,False,False,attenuated or kept,single df,0.0478588396825146,0.0068429022463779,96,0.0551543328746361,0.0045462206303031,96,1.9187158298677285e-05,8,0.00625,0.9875,unresolved,False
rep_076,Black - White,98,1.0196320305063398,0.9491176324428762,1.091995311025427,False,False,kept,0.0753351407907121,0.1188299511582823,0.2240094237897092,0.25,False,False,kept,single df,0.0989884734787017,0.0089639898770792,97,0.0970825459744972,0.0085446916887306,97,7.316756676961415e-05,8,0.00625,0.9875,kept,False
rep_076,Hispanic - White,98,1.0334254793466475,0.9262149371322598,1.1515911015928328,False,False,kept,0.061975313619109,0.0945355882614301,0.2080383810398941,0.25,False,False,kept,single df,0.0808711768994361,0.0067019174958287,97,0.0782554509402695,0.0063965679070179,97,3.732947509175909e-05,8,0.00625,0.9875,kept,False
rep_076,Asian - White,98,0.9620276242769378,0.766135771761958,1.1547158411906822,False,False,kept,0.0741412438044412,0.1073081658489468,0.1827888120874155,0.25,False,False,kept,single df,0.0872796722476509,0.0094571185281352,97,0.090724704826694,0.0065157456887263,97,4.281018605928214e-05,8,0.00625,0.9875,kept,True
rep_077,Republican - Democrat,98,1.0137592289379136,0.9848286961104912,1.042653854783095,False,False,kept,0.1517356577949606,0.2316745096063513,0.2084943452418136,0.25,False,False,kept,single df,0.1943427978358551,0.0160683061761534,97,0.1917050837006559,0.0157042377448494,97,0.0002501138566124,8,0.00625,0.9875,kept,False
rep_077,Female - Male,97,0.9402249621513872,0.8743405100404494,1.0049117972637354,False,False,kept,0.043581295023332,0.0667273707259402,0.2098300758638356,0.25,False,False,kept,single df,0.0518574805395397,0.0045485098466497,96,0.0551543328746361,0.0045462206303031,96,1.9701403240223096e-05,8,0.00625,0.9875,kept,False
rep_077,Black - White,98,1.0209202619973234,0.959768429989122,1.0852224367735326,False,False,kept,0.0753351407907121,0.1188299511582823,0.2240094237897092,0.25,False,False,kept,single df,0.0991135382716509,0.0087799763115064,97,0.0970825459744972,0.0085446916887306,97,7.236232744153303e-05,8,0.00625,0.9875,kept,False
rep_077,Hispanic - White,98,0.9646104703689652,0.8624048604691265,1.0638694351005524,False,False,kept,0.061975313619109,0.0945355882614301,0.2080383810398941,0.25,False,False,kept,single df,0.0754860273404289,0.0070581715466753,97,0.0782554509402695,0.0063965679070179,97,4.0800649454713074e-05,8,0.00625,0.9875,kept,False
rep_077,Asian - White,98,0.9779150224742612,0.8378640194932974,1.1124873440091816,False,False,kept,0.0741412438044412,0.1073081658489468,0.1827888120874155,0.25,False,False,kept,single df,0.0887210517595672,0.0083862205651336,97,0.090724704826694,0.0065157456887263,97,4.488179493877902e-05,8,0.00625,0.9875,kept,True
rep_078,Republican - Democrat,98,1.0060433021867112,0.9845683959355528,1.02758214578879,False,False,kept,0.1517356577949606,0.2316745096063513,0.2084943452418136,0.25,False,False,kept,single df,0.1928636154521878,0.0158673876544169,97,0.1917050837006559,0.0157042377448494,97,0.0002479400133605,8,0.00625,0.9875,kept,False
rep_078,Female - Male,97,0.923623436634219,0.8469791392462931,0.9995588080053808,False,False,kept,0.043581295023332,0.0667273707259402,0.2098300758638356,0.25,False,False,kept,single df,0.0509418344749391,0.0045317954857661,96,0.0551543328746361,0.0045462206303031,96,1.924862934332701e-05,8,0.00625,0.9875,kept,False
rep_078,Black - White,98,0.9734424249922702,0.900783103598266,1.0442772444081718,False,False,kept,0.0753351407907121,0.1188299511582823,0.2240094237897092,0.25,False,False,kept,single df,0.0945042689778381,0.0088742585349539,97,0.0970825459744972,0.0085446916887306,97,7.233345252238577e-05,8,0.00625,0.9875,kept,False
rep_078,Hispanic - White,98,1.0721308083555243,0.9503875051725978,1.196060074992349,False,False,kept,0.061975313619109,0.0945355882614301,0.2080383810398941,0.25,False,False,kept,single df,0.0839000798748173,0.0076523209449153,97,0.0782554509402695,0.0063965679070179,97,4.2878826811585206e-05,8,0.00625,0.9875,kept,False
rep_078,Asian - White,98,0.9782304269791352,0.8397565252729011,1.1143156379254655,False,False,kept,0.0741412438044412,0.1073081658489468,0.1827888120874155,0.25,False,False,kept,single df,0.0887496667401729,0.0081634017028455,97,0.090724704826694,0.0065157456887263,97,4.29976158102977e-05,8,0.00625,0.9875,kept,True
rep_079,Republican - Democrat,98,0.9918852723829612,0.9701283430569064,1.0139064252214414,False,False,kept,0.1517356577949606,0.2316745096063513,0.2084943452418136,0.25,False,False,kept,single df,0.1901494491636235,0.0156145624574304,97,0.1917050837006559,0.0157042377448494,97,0.0002439048599411,8,0.00625,0.9875,kept,False
rep_079,Female - Male,97,1.136559257227029,0.8693603206448537,1.4133324280115804,False,False,kept or steepened,0.043581295023332,0.0667273707259402,0.2098300758638356,0.25,False,False,kept or steepened,single df,0.0626861676048487,0.007416350892085,96,0.0551543328746361,0.0045462206303031,96,2.1342297170176345e-05,8,0.00625,0.9875,unresolved,False
rep_079,Black - White,98,1.0206102352119175,0.9718482879547994,1.073674990222809,False,False,kept,0.0753351407907121,0.1188299511582823,0.2240094237897092,0.25,False,False,kept,single df,0.0990834400820034,0.0085766735820988,97,0.0970825459744972,0.0085446916887306,97,7.154335067183139e-05,8,0.00625,0.9875,kept,False
rep_079,Hispanic - White,98,1.0718319835986905,0.9587087791939808,1.202014556792968,False,False,kept,0.061975313619109,0.0945355882614301,0.2080383810398941,0.25,False,False,kept,single df,0.0838766952087191,0.0066171884305967,97,0.0782554509402695,0.0063965679070179,97,3.614035969031002e-05,8,0.00625,0.9875,kept,False
rep_079,Asian - White,98,0.912344860379084,0.7615436688791636,1.060200384079608,False,False,kept,0.0741412438044412,0.1073081658489468,0.1827888120874155,0.25,False,False,kept,single df,0.0827722181580438,0.0081255225421012,97,0.090724704826694,0.0065157456887263,97,4.054248865014692e-05,8,0.00625,0.9875,kept,True
rep_080,Republican - Democrat,98,0.9973310752898406,0.971102391803458,1.0259472576566595,False,False,kept,0.1517356577949606,0.2316745096063513,0.2084943452418136,0.25,False,False,kept,single df,0.1911934372657041,0.0153772451743675,97,0.1917050837006559,0.0157042377448494,97,0.0002394866253958,8,0.00625,0.9875,kept,False
rep_080,Female - Male,97,0.9070047605827954,0.634143584500706,1.1729752837801588,False,False,attenuated or kept,0.043581295023332,0.0667273707259402,0.2098300758638356,0.25,False,False,attenuated or kept,single df,0.0500252424840631,0.0072370603623736,96,0.0551543328746361,0.0045462206303031,96,2.0292196494050416e-05,8,0.00625,0.9875,unresolved,False
rep_080,Black - White,98,1.015620290139104,0.9637692290984032,1.0676111131648818,False,False,kept,0.0753351407907121,0.1188299511582823,0.2240094237897092,0.25,False,False,kept,single df,0.0985990035100617,0.0088791804349052,97,0.0970825459744972,0.0085446916887306,97,7.405564680862446e-05,8,0.00625,0.9875,kept,False
rep_080,Hispanic - White,98,1.02864584774623,0.9078226031717956,1.1496561524073898,False,False,kept,0.061975313619109,0.0945355882614301,0.2080383810398941,0.25,False,False,kept,single df,0.0804971446732171,0.007506252853522,97,0.0782554509402695,0.0063965679070179,97,4.20035621257583e-05,8,0.00625,0.9875,kept,False
rep_080,Asian - White,98,0.989392518368154,0.8564364016715342,1.1204032502015733,False,False,kept,0.0741412438044412,0.1073081658489468,0.1827888120874155,0.25,False,False,kept,single df,0.0897623441866902,0.0080818757448883,97,0.090724704826694,0.0065157456887263,97,4.319926669246063e-05,8,0.00625,0.9875,kept,True
rep_081,Republican - Democrat,98,1.00730076366196,0.983319912724999,1.0323420183889254,False,False,kept,0.1517356577949606,0.2316745096063513,0.2084943452418136,0.25,False,False,kept,single df,0.1931046772095507,0.0157384732689589,97,0.1917050837006559,0.0157042377448494,97,0.0002455463204141,8,0.00625,0.9875,kept,False
rep_081,Female - Male,97,1.0144367805450036,0.912052907169696,1.1242868852970622,False,False,kept,0.043581295023332,0.0667273707259402,0.2098300758638356,0.25,False,False,kept,single df,0.0559505838744533,0.004787213203199,96,0.0551543328746361,0.0045462206303031,96,1.929124453702796e-05,8,0.00625,0.9875,kept,False
rep_081,Black - White,98,0.9880531653958152,0.9219167249815848,1.0521236977030282,False,False,kept,0.0753351407907121,0.1188299511582823,0.2240094237897092,0.25,False,False,kept,single df,0.0959227168547867,0.0089417327273858,97,0.0970825459744972,0.0085446916887306,97,7.356701742958585e-05,8,0.00625,0.9875,kept,False
rep_081,Hispanic - White,98,1.0709248557419755,0.9630779699245732,1.1772175745367044,False,False,kept,0.061975313619109,0.0945355882614301,0.2080383810398941,0.25,False,False,kept,single df,0.0838057075092314,0.0076680779215909,97,0.0782554509402695,0.0063965679070179,97,4.4520893293287343e-05,8,0.00625,0.9875,kept,False
rep_081,Asian - White,98,0.9247530096297742,0.7519790433911756,1.0856227283772035,False,False,kept,0.0741412438044412,0.1073081658489468,0.1827888120874155,0.25,False,False,kept,single df,0.0838979438362582,0.0091631659801307,97,0.090724704826694,0.0065157456887263,97,4.657075804057479e-05,8,0.00625,0.9875,kept,True
rep_082,Republican - Democrat,98,1.0110753709989042,0.987196530856834,1.0354135248881613,False,False,kept,0.1517356577949606,0.2316745096063513,0.2084943452418136,0.25,False,False,kept,single df,0.1938282886250167,0.0158981094867995,97,0.1917050837006559,0.0157042377448494,97,0.0002481082233971,8,0.00625,0.9875,kept,False
rep_082,Female - Male,97,0.9952978345535544,0.923833924935652,1.071789525591864,False,False,kept,0.043581295023332,0.0667273707259402,0.2098300758638356,0.25,False,False,kept,single df,0.0548949880763712,0.0045477081112251,96,0.0551543328746361,0.0045462206303031,96,1.9442813173278647e-05,8,0.00625,0.9875,kept,False
rep_082,Black - White,98,0.9839441308190336,0.9265922067992522,1.0409696126921462,False,False,kept,0.0753351407907121,0.1188299511582823,0.2240094237897092,0.25,False,False,kept,single df,0.0955238013165755,0.0086976851801367,97,0.0970825459744972,0.0085446916887306,97,7.206505693746701e-05,8,0.00625,0.9875,kept,False
rep_082,Hispanic - White,98,1.116787970131182,0.9948960635327698,1.2500241744883138,False,False,kept or steepened,0.061975313619109,0.0945355882614301,0.2080383810398941,0.25,False,False,kept or steepened,single df,0.0873947462072839,0.0073662220924249,97,0.0782554509402695,0.0063965679070179,97,4.056432452921097e-05,8,0.00625,0.9875,unresolved,False
rep_082,Asian - White,98,0.9883127971728816,0.8826174523713249,1.0883241031538686,False,False,kept,0.0741412438044412,0.1073081658489468,0.1827888120874155,0.25,False,False,kept,single df,0.089664386799954,0.0078326856542414,97,0.090724704826694,0.0065157456887263,97,4.54493422435432e-05,8,0.00625,0.9875,kept,True
rep_083,Republican - Democrat,98,1.027749224357245,0.9962086769961312,1.0630650923973983,False,False,kept,0.1517356577949606,0.2316745096063513,0.2084943452418136,0.25,False,False,kept,single df,0.1970247510786899,0.0156680747547774,97,0.1917050837006559,0.0157042377448494,97,0.0002432227275225,8,0.00625,0.9875,kept,False
rep_083,Female - Male,97,0.8988966988412911,0.6256282765374653,1.1665003950289037,False,False,attenuated or kept,0.043581295023332,0.0667273707259402,0.2098300758638356,0.25,False,False,attenuated or kept,single df,0.0495780477478041,0.0071973400896338,96,0.0551543328746361,0.0045462206303031,96,1.9849546996157817e-05,8,0.00625,0.9875,unresolved,False
rep_083,Black - White,98,1.024259114847767,0.9500444503072232,1.0996700847106866,False,False,kept,0.0753351407907121,0.1188299511582823,0.2240094237897092,0.25,False,False,kept,single df,0.0994376826070062,0.0090905518241855,97,0.0970825459744972,0.0085446916887306,97,7.395632225021795e-05,8,0.00625,0.9875,kept,False
rep_083,Hispanic - White,98,0.9631958850615694,0.8418361637869537,1.0809165017259506,False,False,kept,0.061975313619109,0.0945355882614301,0.2080383810398941,0.25,False,False,kept,single df,0.0753753283293051,0.0073519882571101,97,0.0782554509402695,0.0063965679070179,97,4.105592297685888e-05,8,0.00625,0.9875,kept,False
rep_083,Asian - White,98,0.9341685788989026,0.7866114926839886,1.0797246304604078,False,False,kept,0.0741412438044412,0.1073081658489468,0.1827888120874155,0.25,False,False,kept,single df,0.0847521685789752,0.0081070484851113,97,0.090724704826694,0.0065157456887263,97,4.08889122020332e-05,8,0.00625,0.9875,kept,True
rep_084,Republican - Democrat,98,1.005099630552144,0.9796100962795216,1.028320789130495,False,False,kept,0.1517356577949606,0.2316745096063513,0.2084943452418136,0.25,False,False,kept,single df,0.1926827088024971,0.0162705184777941,97,0.1917050837006559,0.0157042377448494,97,0.0002540357802208,8,0.00625,0.9875,kept,False
rep_084,Female - Male,97,0.995007548015024,0.9198261971921112,1.0678072598862318,False,False,kept,0.043581295023332,0.0667273707259402,0.2098300758638356,0.25,False,False,kept,single df,0.0548789775159961,0.0048971247440034,96,0.0551543328746361,0.0045462206303031,96,2.1099324976054668e-05,8,0.00625,0.9875,kept,False
rep_084,Black - White,98,0.9790748698682068,0.9094684949562096,1.0482547568345693,False,False,kept,0.0753351407907121,0.1188299511582823,0.2240094237897092,0.25,False,False,kept,single df,0.095051081066455,0.0087874886006204,97,0.0970825459744972,0.0085446916887306,97,7.177867423835559e-05,8,0.00625,0.9875,kept,False
rep_084,Hispanic - White,98,0.9531100746935738,0.8358277673741885,1.076717013411892,False,False,kept,0.061975313619109,0.0945355882614301,0.2080383810398941,0.25,False,False,kept,single df,0.0745860586908596,0.0066954244107703,97,0.0782554509402695,0.0063965679070179,97,3.613732381828136e-05,8,0.00625,0.9875,kept,False
rep_084,Asian - White,98,1.0438882113594972,0.889971782349484,1.20610215284521,False,False,kept,0.0741412438044412,0.1073081658489468,0.1827888120874155,0.25,False,False,kept,single df,0.094706449847656,0.0081418675125714,97,0.090724704826694,0.0065157456887263,97,3.922269393869981e-05,8,0.00625,0.9875,kept,True
rep_085,Republican - Democrat,98,1.0067225388360967,0.9848104375757418,1.0297798821345163,False,False,kept,0.1517356577949606,0.2316745096063513,0.2084943452418136,0.25,False,False,kept,single df,0.1929938285709108,0.0156982522475248,97,0.1917050837006559,0.0157042377448494,97,0.0002451735167279,8,0.00625,0.9875,kept,False
rep_085,Female - Male,97,0.9919321522600386,0.8771609681217613,1.1044724858395256,False,False,kept,0.043581295023332,0.0667273707259402,0.2098300758638356,0.25,False,False,kept,single df,0.0547093561148044,0.0052081966331615,96,0.0551543328746361,0.0045462206303031,96,2.100192871198977e-05,8,0.00625,0.9875,kept,False
rep_085,Black - White,98,0.9721976283906336,0.8995111534848468,1.0423339192356975,False,False,kept,0.0753351407907121,0.1188299511582823,0.2240094237897092,0.25,False,False,kept,single df,0.0943834209545308,0.0089151546197006,97,0.0970825459744972,0.0085446916887306,97,7.274400641420602e-05,8,0.00625,0.9875,kept,False
rep_085,Hispanic - White,98,0.9771698229683856,0.8633614353679514,1.0850531091168707,False,False,kept,0.061975313619109,0.0945355882614301,0.2080383810398941,0.25,False,False,kept,single df,0.0764688651416144,0.0074438506683468,97,0.0782554509402695,0.0063965679070179,97,4.2661484295919045e-05,8,0.00625,0.9875,kept,False
rep_085,Asian - White,98,0.927940597863299,0.7466959233084705,1.105658531630749,False,False,attenuated or kept,0.0741412438044412,0.1073081658489468,0.1827888120874155,0.25,False,False,attenuated or kept,single df,0.0841871368378538,0.0089519408562022,97,0.090724704826694,0.0065157456887263,97,4.156144289052682e-05,8,0.00625,0.9875,unresolved,True
rep_086,Republican - Democrat,98,0.9996634672051962,0.9807677393526286,1.0195094164193166,False,False,kept,0.1517356577949606,0.2316745096063513,0.2084943452418136,0.25,False,False,kept,single df,0.1916405686530601,0.015599271187389,97,0.1917050837006559,0.0157042377448494,97,0.0002439617558093,8,0.00625,0.9875,kept,False
rep_086,Female - Male,97,1.0103233832620897,0.9100822601420294,1.1216871091390337,False,False,kept,0.043581295023332,0.0667273707259402,0.2098300758638356,0.25,False,False,kept,single df,0.0557237121914658,0.0045895268319044,96,0.0551543328746361,0.0045462206303031,96,1.8385818768106423e-05,8,0.00625,0.9875,kept,False
rep_086,Black - White,98,1.0279987925081306,0.9705133157841171,1.0897688393407516,False,False,kept,0.0753351407907121,0.1188299511582823,0.2240094237897092,0.25,False,False,kept,single df,0.0998007400353982,0.0087165213726371,97,0.0970825459744972,0.0085446916887306,97,7.20954042355108e-05,8,0.00625,0.9875,kept,False
rep_086,Hispanic - White,98,1.0780052182167223,0.9452400291219228,1.22361899708739,False,False,kept,0.061975313619109,0.0945355882614301,0.2080383810398941,0.25,False,False,kept,single df,0.0843597844675133,0.0072461228010564,97,0.0782554509402695,0.0063965679070179,97,3.829719625722939e-05,8,0.00625,0.9875,kept,False
rep_086,Asian - White,98,0.9458048429494512,0.8241623269483405,1.0624600151906582,False,False,kept,0.0741412438044412,0.1073081658489468,0.1827888120874155,0.25,False,False,kept,single df,0.0858078652002467,0.0078230386869154,97,0.090724704826694,0.0065157456887263,97,4.321682765401463e-05,8,0.00625,0.9875,kept,True
rep_087,Republican - Democrat,98,0.9890056186038158,0.9647324471928872,1.0121417255780525,False,False,kept,0.1517356577949606,0.2316745096063513,0.2084943452418136,0.25,False,False,kept,single df,0.1895974048948635,0.015823411615262,97,0.1917050837006559,0.0157042377448494,97,0.0002469969254796,8,0.00625,0.9875,kept,False
rep_087,Female - Male,97,1.1301168253675364,0.8692307444367978,1.3965527849073696,False,False,kept or steepened,0.043581295023332,0.0667273707259402,0.2098300758638356,0.25,False,False,kept or steepened,single df,0.0623308395735481,0.0074009975195781,96,0.0551543328746361,0.0045462206303031,96,2.2112121363763905e-05,8,0.00625,0.9875,unresolved,False
rep_087,Black - White,98,1.0026244421288588,0.9316046766589012,1.0713184624053476,False,False,kept,0.0753351407907121,0.1188299511582823,0.2240094237897092,0.25,False,False,kept,single df,0.0973373334981295,0.0091301820202915,97,0.0970825459744972,0.0085446916887306,97,7.481043662248158e-05,8,0.00625,0.9875,kept,False
rep_087,Hispanic - White,98,1.034327888552134,0.9295980323186755,1.1452893983241903,False,False,kept,0.061975313619109,0.0945355882614301,0.2080383810398941,0.25,False,False,kept,single df,0.0809417953387441,0.0069609195721141,97,0.0782554509402695,0.0063965679070179,97,3.950248609750834e-05,8,0.00625,0.9875,kept,False
rep_087,Asian - White,98,1.060558304599409,0.8932732399645907,1.2308047758733376,False,False,kept,0.0741412438044412,0.1073081658489468,0.1827888120874155,0.25,False,False,kept,single df,0.0962188391362804,0.0088811055057373,97,0.090724704826694,0.0065157456887263,97,4.320733530049089e-05,8,0.00625,0.9875,kept,True
rep_088,Republican - Democrat,98,1.0109030608888123,0.9817042506861255,1.0418049139354015,False,False,kept,0.1517356577949606,0.2316745096063513,0.2084943452418136,0.25,False,False,kept,single df,0.1937952559009391,0.0157348035071761,97,0.1917050837006559,0.0157042377448494,97,0.0002446909932946,8,0.00625,0.9875,kept,False
rep_088,Female - Male,97,0.8983295156850324,0.62902101590665,1.1573962737935872,False,False,attenuated or kept,0.043581295023332,0.0667273707259402,0.2098300758638356,0.25,False,False,attenuated or kept,single df,0.0495467651392029,0.007219215094169,96,0.0551543328746361,0.0045462206303031,96,2.086480632489805e-05,8,0.00625,0.9875,unresolved,False
rep_088,Black - White,98,1.04872318907638,0.976527235212097,1.1254949957637257,False,False,kept,0.0753351407907121,0.1188299511582823,0.2240094237897092,0.25,False,False,kept,single df,0.101812717218029,0.0090181896392701,97,0.0970825459744972,0.0085446916887306,97,7.340725553367524e-05,8,0.00625,0.9875,kept,False
rep_088,Hispanic - White,98,0.9712138218908508,0.8610421496882619,1.0842951129285834,False,False,kept,0.061975313619109,0.0945355882614301,0.2080383810398941,0.25,False,False,kept,single df,0.0760027755914911,0.0068779798907965,97,0.0782554509402695,0.0063965679070179,97,3.842243858695737e-05,8,0.00625,0.9875,kept,False
rep_088,Asian - White,98,0.9866124683878762,0.8752039436528077,1.1026728891432105,False,False,kept,0.0741412438044412,0.1073081658489468,0.1827888120874155,0.25,False,False,kept,single df,0.0895101249728261,0.0071812015313424,97,0.090724704826694,0.0065157456887263,97,3.902983613090066e-05,8,0.00625,0.9875,kept,True
rep_089,Republican - Democrat,98,1.0049259861607571,0.9820364941223996,1.0284199407445942,False,False,kept,0.1517356577949606,0.2316745096063513,0.2084943452418136,0.25,False,False,kept,single df,0.1926494202899122,0.015769612445984,97,0.1917050837006559,0.0157042377448494,97,0.0002461977964088,8,0.00625,0.9875,kept,False
rep_089,Female - Male,97,0.9536681334403764,0.8484908316583103,1.0539084390372675,False,False,kept,0.043581295023332,0.0667273707259402,0.2098300758638356,0.25,False,False,kept,single df,0.0525989296837034,0.0050637338809892,96,0.0551543328746361,0.0045462206303031,96,2.0818283048541985e-05,8,0.00625,0.9875,kept,False
rep_089,Black - White,98,1.0281874802514652,0.9797494819482174,1.08176092277667,False,False,kept,0.0753351407907121,0.1188299511582823,0.2240094237897092,0.25,False,False,kept,single df,0.0998190583219153,0.0085717500412223,97,0.0970825459744972,0.0085446916887306,97,7.152123560640168e-05,8,0.00625,0.9875,kept,False
rep_089,Hispanic - White,98,1.020687691362108,0.8931490490039917,1.1487951128954286,False,False,kept,0.061975313619109,0.0945355882614301,0.2080383810398941,0.25,False,False,kept,single df,0.0798743755567244,0.0075418278904919,97,0.0782554509402695,0.0063965679070179,97,4.150531969725639e-05,8,0.00625,0.9875,kept,False
rep_089,Asian - White,98,1.0035153088027065,0.8993588276141871,1.1028205690609385,False,False,kept,0.0741412438044412,0.1073081658489468,0.1827888120874155,0.25,False,False,kept,single df,0.0910436301801942,0.0078381663944719,97,0.090724704826694,0.0065157456887263,97,4.55833288192553e-05,8,0.00625,0.9875,kept,True
rep_090,Republican - Democrat,98,0.9866629540640084,0.9533612648614224,1.017438382536766,False,False,kept,0.1517356577949606,0.2316745096063513,0.2084943452418136,0.25,False,False,kept,single df,0.1891483041931771,0.0160989737770525,97,0.1917050837006559,0.0157042377448494,97,0.0002501886154614,8,0.00625,0.9875,kept,False
rep_090,Female - Male,97,1.1133140739858003,0.8570503610206454,1.3788204890457725,False,False,kept or steepened,0.043581295023332,0.0667273707259402,0.2098300758638356,0.25,False,False,kept or steepened,single df,0.0614040950306301,0.0071786476392575,96,0.0551543328746361,0.0045462206303031,96,2.093625142269662e-05,8,0.00625,0.9875,unresolved,False
rep_090,Black - White,98,1.0197411810696926,0.9556089436565628,1.088224720994988,False,False,kept,0.0753351407907121,0.1188299511582823,0.2240094237897092,0.25,False,False,kept,single df,0.0989990700932865,0.0087097888209459,97,0.0970825459744972,0.0085446916887306,97,7.144639013540229e-05,8,0.00625,0.9875,kept,False
rep_090,Hispanic - White,98,1.0122033516472968,0.891733164973275,1.1347784921793946,False,False,kept,0.061975313619109,0.0945355882614301,0.2080383810398941,0.25,False,False,kept,single df,0.0792104297264114,0.0073040833667545,97,0.0782554509402695,0.0063965679070179,97,4.04634653283943e-05,8,0.00625,0.9875,kept,False
rep_090,Asian - White,98,0.9053634733695172,0.7981245107302898,1.0081946289097778,False,False,kept,0.0741412438044412,0.1073081658489468,0.1827888120874155,0.25,False,False,kept,single df,0.0821388338823199,0.0072969156317735,97,0.090724704826694,0.0065157456887263,97,4.114399700861971e-05,8,0.00625,0.9875,kept,True
rep_091,Republican - Democrat,98,1.0008106123806169,0.9700915523737964,1.029034292015614,False,False,kept,0.1517356577949606,0.2316745096063513,0.2084943452418136,0.25,False,False,kept,single df,0.1918604822149309,0.0162874505652707,97,0.1917050837006559,0.0157042377448494,97,0.0002535939638133,8,0.00625,0.9875,kept,False
rep_091,Female - Male,97,0.984018180790131,0.8775519325666115,1.0919043549301748,False,False,kept,0.043581295023332,0.0667273707259402,0.2098300758638356,0.25,False,False,kept,single df,0.0542728662979927,0.004953814180185,96,0.0551543328746361,0.0045462206303031,96,2.001920758600114e-05,8,0.00625,0.9875,kept,False
rep_091,Black - White,98,1.0488342886693582,0.995204018789217,1.1081643260046177,False,False,kept,0.0753351407907121,0.1188299511582823,0.2240094237897092,0.25,False,False,kept,single df,0.101823503049372,0.0087437121983591,97,0.0970825459744972,0.0085446916887306,97,7.263875393415819e-05,8,0.00625,0.9875,kept,False
rep_091,Hispanic - White,98,0.9891490941416632,0.893390651286054,1.078406977671659,False,False,kept,0.061975313619109,0.0945355882614301,0.2080383810398941,0.25,False,False,kept,single df,0.077406308409215,0.0073197897142436,97,0.0782554509402695,0.0063965679070179,97,4.341186999841516e-05,8,0.00625,0.9875,kept,False
rep_091,Asian - White,98,0.9184089157615029,0.8128197862902133,1.0181258848929104,False,False,kept,0.0741412438044412,0.1073081658489468,0.1827888120874155,0.25,False,False,kept,single df,0.0833223777926664,0.0074407818079687,97,0.090724704826694,0.0065157456887263,97,4.259710283129282e-05,8,0.00625,0.9875,kept,True
rep_092,Republican - Democrat,98,0.995818234175598,0.9672920550310562,1.022665234338339,False,False,kept,0.1517356577949606,0.2316745096063513,0.2084943452418136,0.25,False,False,kept,single df,0.1909034179332724,0.0160560048167152,97,0.1917050837006559,0.0157042377448494,97,0.0002501480473084,8,0.00625,0.9875,kept,False
rep_092,Female - Male,97,1.0738541525659004,0.8256102302483049,1.3263274736457409,False,False,kept or steepened,0.043581295023332,0.0667273707259402,0.2098300758638356,0.25,False,False,kept or steepened,single df,0.0592277093894299,0.0070655037887453,96,0.0551543328746361,0.0045462206303031,96,2.124556430334873e-05,8,0.00625,0.9875,unresolved,False
rep_092,Black - White,98,0.9740483929646222,0.887088779437444,1.062602933520392,False,False,kept,0.0753351407907121,0.1188299511582823,0.2240094237897092,0.25,False,False,kept,single df,0.094563097891373,0.0088185368012514,97,0.0970825459744972,0.0085446916887306,97,7.001490587121881e-05,8,0.00625,0.9875,kept,False
rep_092,Hispanic - White,98,1.0512638480963126,0.957323175157621,1.1486361045677966,False,False,kept,0.061975313619109,0.0945355882614301,0.2080383810398941,0.25,False,False,kept,single df,0.08226712648998,0.0070872505537967,97,0.0782554509402695,0.0063965679070179,97,4.146172243326802e-05,8,0.00625,0.9875,kept,False
rep_092,Asian - White,98,1.0440742650359658,0.9169619512516006,1.1716162256731513,False,False,kept,0.0741412438044412,0.1073081658489468,0.1827888120874155,0.25,False,False,kept,single df,0.0947233295125355,0.0081018908232312,97,0.090724704826694,0.0065157456887263,97,4.406226522847036e-05,8,0.00625,0.9875,kept,True
rep_093,Republican - Democrat,98,1.010874194773502,0.9803641208840228,1.0431505851050842,False,False,kept,0.1517356577949606,0.2316745096063513,0.2084943452418136,0.25,False,False,kept,single df,0.1937897221198874,0.0157375439474275,97,0.1917050837006559,0.0157042377448494,97,0.0002445121876669,8,0.00625,0.9875,kept,False
rep_093,Female - Male,97,1.0547484857392395,0.9488692006599656,1.1573285957180617,False,False,kept,0.043581295023332,0.0667273707259402,0.2098300758638356,0.25,False,False,kept,single df,0.0581739490814804,0.0054248262923137,96,0.0551543328746361,0.0045462206303031,96,2.253993296134216e-05,8,0.00625,0.9875,kept,False
rep_093,Black - White,98,1.0424945076958214,0.9720153657597306,1.1171599094861029,False,False,kept,0.0753351407907121,0.1188299511582823,0.2240094237897092,0.25,False,False,kept,single df,0.1012080209715404,0.0089771983910689,97,0.0970825459744972,0.0085446916887306,97,7.32216932072364e-05,8,0.00625,0.9875,kept,False
rep_093,Hispanic - White,98,1.0243180007615988,0.9157027573926396,1.1303694500291532,False,False,kept,0.061975313619109,0.0945355882614301,0.2080383810398941,0.25,False,False,kept,single df,0.0801584670558343,0.0074648432650505,97,0.0782554509402695,0.0063965679070179,97,4.3070509828907945e-05,8,0.00625,0.9875,kept,False
rep_093,Asian - White,98,1.0191464834805355,0.8983384201364707,1.1286995439397158,False,False,kept,0.0741412438044412,0.1073081658489468,0.1827888120874155,0.25,False,False,kept,single df,0.0924617638889348,0.0086278323943547,97,0.090724704826694,0.0065157456887263,97,5.017952504445583e-05,8,0.00625,0.9875,kept,True
rep_094,Republican - Democrat,98,1.007377080326978,0.9822212297792792,1.03314560368867,False,False,kept,0.1517356577949606,0.2316745096063513,0.2084943452418136,0.25,False,False,kept,single df,0.1931193075022058,0.0158254115445239,97,0.1917050837006559,0.0157042377448494,97,0.0002467800150671,8,0.00625,0.9875,kept,False
rep_094,Female - Male,97,1.1168654280106785,0.8503460104478313,1.392190052292811,False,False,kept or steepened,0.043581295023332,0.0667273707259402,0.2098300758638356,0.25,False,False,kept or steepened,single df,0.0615999675926739,0.0073686798086309,96,0.0551543328746361,0.0045462206303031,96,2.110781561122465e-05,8,0.00625,0.9875,unresolved,False
rep_094,Black - White,98,1.0154896528878674,0.9445527295717004,1.08453682200511,False,False,kept,0.0753351407907121,0.1188299511582823,0.2240094237897092,0.25,False,False,kept,single df,0.0985863209131126,0.0092039179006654,97,0.0970825459744972,0.0085446916887306,97,7.544848306578774e-05,8,0.00625,0.9875,kept,False
rep_094,Hispanic - White,98,1.0361232658407404,0.920598057656548,1.1449379437724612,False,False,kept,0.061975313619109,0.0945355882614301,0.2080383810398941,0.25,False,False,kept,single df,0.0810822933980719,0.0078475535100544,97,0.0782554509402695,0.0063965679070179,97,4.5428824733062327e-05,8,0.00625,0.9875,kept,False
rep_094,Asian - White,98,1.0268413633020856,0.9064741421625712,1.147164940306474,False,False,kept,0.0741412438044412,0.1073081658489468,0.1827888120874155,0.25,False,False,kept,single df,0.0931598795894218,0.0079125069677712,97,0.090724704826694,0.0065157456887263,97,4.3621292351890975e-05,8,0.00625,0.9875,kept,True
rep_095,Republican - Democrat,98,1.0038573358778895,0.9767306061610652,1.033570729479942,False,False,kept,0.1517356577949606,0.2316745096063513,0.2084943452418136,0.25,False,False,kept,single df,0.1924445545979883,0.0154535453289766,97,0.1917050837006559,0.0157042377448494,97,0.0002405557375922,8,0.00625,0.9875,kept,False
rep_095,Female - Male,97,1.159728441515345,0.8988086390563172,1.4305970776693382,False,False,kept or steepened,0.043581295023332,0.0667273707259402,0.2098300758638356,0.25,False,False,kept or steepened,single df,0.0639640485075203,0.0073713036976891,96,0.0551543328746361,0.0045462206303031,96,2.1737108785072908e-05,8,0.00625,0.9875,unresolved,False
rep_095,Black - White,98,0.9756605599823694,0.9032257592719424,1.041584985457904,False,False,kept,0.0753351407907121,0.1188299511582823,0.2240094237897092,0.25,False,False,kept,single df,0.0947196111699921,0.0092129446992258,97,0.0970825459744972,0.0085446916887306,97,7.573329153124516e-05,8,0.00625,0.9875,kept,False
rep_095,Hispanic - White,98,1.0062039649795285,0.8776653377121633,1.1374934669474033,False,False,kept,0.061975313619109,0.0945355882614301,0.2080383810398941,0.25,False,False,kept,single df,0.0787409450173602,0.0073610722883088,97,0.0782554509402695,0.0063965679070179,97,3.992588740539766e-05,8,0.00625,0.9875,kept,False
rep_095,Asian - White,98,0.9299471381383472,0.7320066159631021,1.1276490480777095,False,False,attenuated or kept,0.0741412438044412,0.1073081658489468,0.1827888120874155,0.25,False,False,attenuated or kept,single df,0.0843691796120304,0.0092223218215831,97,0.090724704826694,0.0065157456887263,97,3.9627383963994793e-05,8,0.00625,0.9875,unresolved,True
rep_096,Republican - Democrat,98,0.9949330114226668,0.9675368788735252,1.022353761565005,False,False,kept,0.1517356577949606,0.2316745096063513,0.2084943452418136,0.25,False,False,kept,single df,0.190733716231328,0.0157503637646258,97,0.1917050837006559,0.0157042377448494,97,0.0002453066494257,8,0.00625,0.9875,kept,False
rep_096,Female - Male,97,1.086994826856572,0.8340058339329918,1.3450254398082673,False,False,kept or steepened,0.043581295023332,0.0667273707259402,0.2098300758638356,0.25,False,False,kept or steepened,single df,0.0599524745134548,0.0071593023222794,96,0.0551543328746361,0.0045462206303031,96,2.1334912718850022e-05,8,0.00625,0.9875,unresolved,False
rep_096,Black - White,98,1.045694843481994,0.9870576699169656,1.106906368908227,False,False,kept,0.0753351407907121,0.1188299511582823,0.2240094237897092,0.25,False,False,kept,single df,0.1015187177176353,0.0090042631907111,97,0.0970825459744972,0.0085446916887306,97,7.456916679266874e-05,8,0.00625,0.9875,kept,False
rep_096,Hispanic - White,98,1.014184354237847,0.9078482394059644,1.11298099861123,False,False,kept,0.061975313619109,0.0945355882614301,0.2080383810398941,0.25,False,False,kept,single df,0.0793654539774488,0.0076487230258173,97,0.0782554509402695,0.0063965679070179,97,4.49060443238717e-05,8,0.00625,0.9875,kept,False
rep_096,Asian - White,98,0.950976374417076,0.7333555123194228,1.164921337268637,False,False,attenuated or kept,0.0741412438044412,0.1073081658489468,0.1827888120874155,0.25,False,False,attenuated or kept,single df,0.0862770508661489,0.0099935791920527,97,0.090724704826694,0.0065157456887263,97,4.263102396024185e-05,8,0.00625,0.9875,unresolved,True
rep_097,Republican - Democrat,98,1.009734802166126,0.986678453505433,1.0335591185885982,False,False,kept,0.1517356577949606,0.2316745096063513,0.2084943452418136,0.25,False,False,kept,single df,0.1935712947647224,0.0158183716301809,97,0.1917050837006559,0.0157042377448494,97,0.0002469401063948,8,0.00625,0.9875,kept,False
rep_097,Female - Male,97,0.9753042577585368,0.871086682009973,1.0757756415351558,False,False,kept,0.043581295023332,0.0667273707259402,0.2098300758638356,0.25,False,False,kept,single df,0.0537922556864642,0.0050988608030553,96,0.0551543328746361,0.0045462206303031,96,2.099827074884332e-05,8,0.00625,0.9875,kept,False
rep_097,Black - White,98,1.010928268039445,0.948763131137844,1.0697028884568902,False,False,kept,0.0753351407907121,0.1188299511582823,0.2240094237897092,0.25,False,False,kept,single df,0.0981434900588582,0.0091870816341549,97,0.0970825459744972,0.0085446916887306,97,7.615245928398514e-05,8,0.00625,0.9875,kept,False
rep_097,Hispanic - White,98,1.0035044045510206,0.8708200262376815,1.1356718312246268,False,False,kept,0.061975313619109,0.0945355882614301,0.2080383810398941,0.25,False,False,kept,single df,0.0785296896986868,0.00758510154703,97,0.0782554509402695,0.0063965679070179,97,4.129324992985039e-05,8,0.00625,0.9875,kept,False
rep_097,Asian - White,98,0.9305902710526396,0.7945896225603659,1.0713675314962174,False,False,kept,0.0741412438044412,0.1073081658489468,0.1827888120874155,0.25,False,False,kept,single df,0.0844275276558439,0.0074041476488214,97,0.090724704826694,0.0065157456887263,97,3.6574828690375726e-05,8,0.00625,0.9875,kept,True
rep_098,Republican - Democrat,98,1.009527953506255,0.9816619337454506,1.040766964962386,False,False,kept,0.1517356577949606,0.2316745096063513,0.2084943452418136,0.25,False,False,kept,single df,0.1935316408250685,0.0154139615146976,97,0.1917050837006559,0.0157042377448494,97,0.0002398206209652,8,0.00625,0.9875,kept,False
rep_098,Female - Male,97,1.104818075992162,0.853339122184742,1.3628158445362384,False,False,kept or steepened,0.043581295023332,0.0667273707259402,0.2098300758638356,0.25,False,False,kept or steepened,single df,0.0609355039291867,0.0071492480629897,96,0.0551543328746361,0.0045462206303031,96,2.137183570158104e-05,8,0.00625,0.9875,unresolved,False
rep_098,Black - White,98,0.9987648197169536,0.9327502837863132,1.058061262520775,False,False,kept,0.0753351407907121,0.1188299511582823,0.2240094237897092,0.25,False,False,kept,single df,0.0969626315278816,0.0093548892805902,97,0.0970825459744972,0.0085446916887306,97,7.756370498287454e-05,8,0.00625,0.9875,kept,False
rep_098,Hispanic - White,98,1.0045028666812883,0.902447659891908,1.116450743007482,False,False,kept,0.061975313619109,0.0945355882614301,0.2080383810398941,0.25,False,False,kept,single df,0.0786078248029377,0.0065292355423484,97,0.0782554509402695,0.0063965679070179,97,3.662653190548081e-05,8,0.00625,0.9875,kept,False
rep_098,Asian - White,98,0.917531645382137,0.7771401264573637,1.0550907899674675,False,False,kept,0.0741412438044412,0.1073081658489468,0.1827888120874155,0.25,False,False,kept,single df,0.0832427876964453,0.007915326599292,97,0.090724704826694,0.0065157456887263,97,4.069311956022344e-05,8,0.00625,0.9875,kept,True
rep_099,Republican - Democrat,98,0.9849340995959824,0.9606588640314524,1.0078352957314618,False,False,kept,0.1517356577949606,0.2316745096063513,0.2084943452418136,0.25,False,False,kept,single df,0.188816874002678,0.0157990218606194,97,0.1917050837006559,0.0157042377448494,97,0.000246635802838,8,0.00625,0.9875,kept,False
rep_099,Female - Male,97,1.0049978440735443,0.9275101308227848,1.0787921605190338,False,False,kept,0.043581295023332,0.0667273707259402,0.2098300758638356,0.25,False,False,kept,single df,0.0554299856303239,0.0050106890504719,96,0.0551543328746361,0.0045462206303031,96,2.160013533612456e-05,8,0.00625,0.9875,kept,False
rep_099,Black - White,98,0.9711168293589296,0.9164240395660712,1.022457570928608,False,False,kept,0.0753351407907121,0.1188299511582823,0.2240094237897092,0.25,False,False,kept,single df,0.0942784942328462,0.0087883022408149,97,0.0970825459744972,0.0085446916887306,97,7.321917507156341e-05,8,0.00625,0.9875,kept,False
rep_099,Hispanic - White,98,1.0101762452240306,0.9062980454772572,1.118857089745175,False,False,kept,0.061975313619109,0.0945355882614301,0.2080383810398941,0.25,False,False,kept,single df,0.0790517975991548,0.0068975400226519,97,0.0782554509402695,0.0063965679070179,97,3.916054000735363e-05,8,0.00625,0.9875,kept,False
rep_099,Asian - White,98,1.0274625948892044,0.9145878152944744,1.142252415245094,False,False,kept,0.0741412438044412,0.1073081658489468,0.1827888120874155,0.25,False,False,kept,single df,0.0932162406417922,0.0076364808685072,97,0.090724704826694,0.0065157456887263,97,4.244483429678202e-05,8,0.00625,0.9875,kept,True
rep_100,Republican - Democrat,98,0.9969410996974116,0.9716638801869668,1.0208908907980516,False,False,kept,0.1517356577949606,0.2316745096063513,0.2084943452418136,0.25,False,False,kept,single df,0.1911186769621163,0.0159869806837743,97,0.1917050837006559,0.0157042377448494,97,0.0002494705318857,8,0.00625,0.9875,kept,False
rep_100,Female - Male,97,0.870036145754246,0.6116227157002561,1.1217379940443315,False,False,attenuated or kept,0.043581295023332,0.0667273707259402,0.2098300758638356,0.25,False,False,attenuated or kept,single df,0.0479862631958951,0.0068886820114095,96,0.0551543328746361,0.0045462206303031,96,1.948794501849785e-05,8,0.00625,0.9875,unresolved,False
rep_100,Black - White,98,0.9962485479248674,0.9352928299019312,1.0587343667277729,False,False,kept,0.0753351407907121,0.1188299511582823,0.2240094237897092,0.25,False,False,kept,single df,0.096718345455942,0.0086960982232228,97,0.0970825459744972,0.0085446916887306,97,7.168057242474572e-05,8,0.00625,0.9875,kept,False
rep_100,Hispanic - White,98,0.940701995548636,0.8196862929009409,1.0603358493696642,False,False,kept,0.061975313619109,0.0945355882614301,0.2080383810398941,0.25,False,False,kept,single df,0.0736150588620699,0.0071047629083887,97,0.0782554509402695,0.0063965679070179,97,3.911475627443833e-05,8,0.00625,0.9875,kept,False
rep_100,Asian - White,98,0.9512996526608272,0.8189637789650966,1.083560619711476,False,False,kept,0.0741412438044412,0.1073081658489468,0.1827888120874155,0.25,False,False,kept,single df,0.0863063801893901,0.0077462965362747,97,0.090724704826694,0.0065157456887263,97,4.0433371788475546e-05,8,0.00625,0.9875,kept,True
rep_101,Republican - Democrat,98,1.0024213776566575,0.9777014653852536,1.027071984025884,False,False,kept,0.1517356577949606,0.2316745096063513,0.2084943452418136,0.25,False,False,kept,single df,0.1921692741069964,0.0158588386580733,97,0.1917050837006559,0.0157042377448494,97,0.0002474083054004,8,0.00625,0.9875,kept,False
rep_101,Female - Male,97,1.0830689188613778,0.8382272689920249,1.341664830509396,False,False,kept or steepened,0.043581295023332,0.0667273707259402,0.2098300758638356,0.25,False,False,kept or steepened,single df,0.0597359436770527,0.0067803008524097,96,0.0551543328746361,0.0045462206303031,96,1.9298845788727704e-05,8,0.00625,0.9875,unresolved,False
rep_101,Black - White,98,1.0436942722901073,0.9743970506740616,1.1217157109757423,False,False,kept,0.0753351407907121,0.1188299511582823,0.2240094237897092,0.25,False,False,kept,single df,0.1013244971729237,0.0086266998740984,97,0.0970825459744972,0.0085446916887306,97,7.017360947609556e-05,8,0.00625,0.9875,kept,False
rep_101,Hispanic - White,98,1.0022794961081118,0.8849235351822118,1.1199316797147945,False,False,kept,0.061975313619109,0.0945355882614301,0.2080383810398941,0.25,False,False,kept,single df,0.0784338339361264,0.0073022200178685,97,0.0782554509402695,0.0063965679070179,97,4.087538745114131e-05,8,0.00625,0.9875,kept,False
rep_101,Asian - White,98,1.036455313661132,0.9275834621128796,1.1411510991784024,False,False,kept,0.0741412438044412,0.1073081658489468,0.1827888120874155,0.25,False,False,kept,single df,0.0940321023979648,0.0080574446647764,97,0.090724704826694,0.0065157456887263,97,4.65671808047266e-05,8,0.00625,0.9875,kept,True
rep_102,Republican - Democrat,98,0.9780504458409918,0.9518299688544368,1.001032499181201,False,False,kept,0.1517356577949606,0.2316745096063513,0.2084943452418136,0.25,False,False,kept,single df,0.1874972425834112,0.0160116860374214,97,0.1917050837006559,0.0157042377448494,97,0.0002499969549421,8,0.00625,0.9875,kept,False
rep_102,Female - Male,97,1.1151321292385414,0.859270066281296,1.3774035973943874,False,False,kept or steepened,0.043581295023332,0.0667273707259402,0.2098300758638356,0.25,False,False,kept or steepened,single df,0.0615043686552242,0.0072531186950215,96,0.0551543328746361,0.0045462206303031,96,2.160955691413344e-05,8,0.00625,0.9875,unresolved,False
rep_102,Black - White,98,1.0098319704886995,0.9482475365374956,1.0722928984803797,False,False,kept,0.0753351407907121,0.1188299511582823,0.2240094237897092,0.25,False,False,kept,single df,0.0980370587014863,0.008862688989422,97,0.0970825459744972,0.0085446916887306,97,7.312395733386666e-05,8,0.00625,0.9875,kept,False
rep_102,Hispanic - White,98,1.014237154935738,0.8852595261994115,1.1570296854382631,False,False,kept,0.061975313619109,0.0945355882614301,0.2080383810398941,0.25,False,False,kept,single df,0.0793695859198722,0.00678778415207,97,0.0782554509402695,0.0063965679070179,97,3.525105912661974e-05,8,0.00625,0.9875,kept,False
rep_102,Asian - White,98,0.9807412202252376,0.8454726466199178,1.11912115099218,False,False,kept,0.0741412438044412,0.1073081658489468,0.1827888120874155,0.25,False,False,kept,single df,0.0889774577163064,0.0077509822198241,97,0.090724704826694,0.0065157456887263,97,3.972662069938086e-05,8,0.00625,0.9875,kept,True
rep_103,Republican - Democrat,98,1.003271476667352,0.9761857157580676,1.029359547435124,False,False,kept,0.1517356577949606,0.2316745096063513,0.2084943452418136,0.25,False,False,kept,single df,0.1923322424089954,0.0160469935775382,97,0.1917050837006559,0.0157042377448494,97,0.0002501370371753,8,0.00625,0.9875,kept,False
rep_103,Female - Male,97,1.089606269333956,0.8322254676860595,1.3561982153303715,False,False,kept or steepened,0.043581295023332,0.0667273707259402,0.2098300758638356,0.25,False,False,kept or steepened,single df,0.0600965068811354,0.0071292217576525,96,0.0551543328746361,0.0045462206303031,96,2.0453336489707777e-05,8,0.00625,0.9875,unresolved,False
rep_103,Black - White,98,1.016273317423681,0.9520869055961398,1.0807092466283093,False,False,kept,0.0753351407907121,0.1188299511582823,0.2240094237897092,0.25,False,False,kept,single df,0.0986624010614393,0.0089873622840732,97,0.0970825459744972,0.0085446916887306,97,7.402748565727273e-05,8,0.00625,0.9875,kept,False
rep_103,Hispanic - White,98,0.9851124969113731,0.8870894354180403,1.0801271580892364,False,False,kept,0.061975313619109,0.0945355882614301,0.2080383810398941,0.25,False,False,kept,single df,0.0770904226726944,0.0071281984139246,97,0.0782554509402695,0.0063965679070179,97,4.166743973066884e-05,8,0.00625,0.9875,kept,False
rep_103,Asian - White,98,0.974499359682832,0.8693506631301444,1.072029970591711,False,False,kept,0.0741412438044412,0.1073081658489468,0.1827888120874155,0.25,False,False,kept,single df,0.0884111667610273,0.0078759607572667,97,0.090724704826694,0.0065157456887263,97,4.6050595672657705e-05,8,0.00625,0.9875,kept,True
rep_104,Republican - Democrat,98,1.0067131407655208,0.9788818241122,1.0331359768402208,False,False,kept,0.1517356577949606,0.2316745096063513,0.2084943452418136,0.25,False,False,kept,single df,0.1929920269130044,0.0161750133088157,97,0.1917050837006559,0.0157042377448494,97,0.0002521004697322,8,0.00625,0.9875,kept,False
rep_104,Female - Male,97,0.9238562167452452,0.6635684945544833,1.180860346310279,False,False,attenuated or kept,0.043581295023332,0.0667273707259402,0.2098300758638356,0.25,False,False,attenuated or kept,single df,0.0509546733066692,0.0070015240250318,96,0.0551543328746361,0.0045462206303031,96,1.983113920869564e-05,8,0.00625,0.9875,unresolved,False
rep_104,Black - White,98,1.0296789264137092,0.9697489423861728,1.0935086277103727,False,False,kept,0.0753351407907121,0.1188299511582823,0.2240094237897092,0.25,False,False,kept,single df,0.0999638517125298,0.0087833429910897,97,0.0970825459744972,0.0085446916887306,97,7.248400302193495e-05,8,0.00625,0.9875,kept,False
rep_104,Hispanic - White,98,1.0030854750762717,0.8844172967985802,1.1154559028072637,False,False,kept,0.061975313619109,0.0945355882614301,0.2080383810398941,0.25,False,False,kept,single df,0.0784969061837281,0.0076774666613289,97,0.0782554509402695,0.0063965679070179,97,4.389037532598345e-05,8,0.00625,0.9875,kept,False
rep_104,Asian - White,98,1.0693771102772889,0.9615026369260232,1.1854671088345896,False,False,kept,0.0741412438044412,0.1073081658489468,0.1827888120874155,0.25,False,False,kept,single df,0.0970189226783301,0.0072897659916638,97,0.090724704826694,0.0065157456887263,97,4.035517221104852e-05,8,0.00625,0.9875,kept,True
rep_105,Republican - Democrat,98,0.988142108587586,0.9687561967561572,1.007791114049656,False,False,kept,0.1517356577949606,0.2316745096063513,0.2084943452418136,0.25,False,False,kept,single df,0.1894318656349258,0.0155391511471375,97,0.1917050837006559,0.0157042377448494,97,0.0002429847751663,8,0.00625,0.9875,kept,False
rep_105,Female - Male,97,0.914744270852169,0.6643434484004201,1.1625609657721154,False,False,attenuated or kept,0.043581295023332,0.0667273707259402,0.2098300758638356,0.25,False,False,attenuated or kept,single df,0.0504521100097468,0.006797195451916,96,0.0551543328746361,0.0045462206303031,96,1.9485867767799475e-05,8,0.00625,0.9875,unresolved,False
rep_105,Black - White,98,1.0358813723906526,0.9784500229557354,1.0978895913967126,False,False,kept,0.0753351407907121,0.1188299511582823,0.2240094237897092,0.25,False,False,kept,single df,0.1005660009592408,0.0087586936154568,97,0.0970825459744972,0.0085446916887306,97,7.2468949384291e-05,8,0.00625,0.9875,kept,False
rep_105,Hispanic - White,98,0.9816497383940224,0.8567668599819099,1.0947482730616875,False,False,kept,0.061975313619109,0.0945355882614301,0.2080383810398941,0.25,False,False,kept,single df,0.0768194429434218,0.0079161793235468,97,0.0782554509402695,0.0063965679070179,97,4.5494525891471526e-05,8,0.00625,0.9875,kept,False
rep_105,Asian - White,98,0.878828647393775,0.704138894227388,1.053208356820452,False,False,attenuated or kept,0.0741412438044412,0.1073081658489468,0.1827888120874155,0.25,False,False,attenuated or kept,single df,0.079731469628043,0.0083987068846017,97,0.090724704826694,0.0065157456887263,97,3.7501017643219e-05,8,0.00625,0.9875,unresolved,True
rep_106,Republican - Democrat,98,0.9843187951358204,0.9572215790849706,1.0095154317997956,False,False,kept,0.1517356577949606,0.2316745096063513,0.2084943452418136,0.25,False,False,kept,single df,0.1886989170096412,0.0158998916825785,97,0.1917050837006559,0.0157042377448494,97,0.000247912768043,8,0.00625,0.9875,kept,False
rep_106,Female - Male,97,1.089517584311084,0.831586184958438,1.3636061639545598,False,False,kept or steepened,0.043581295023332,0.0667273707259402,0.2098300758638356,0.25,False,False,kept or steepened,single df,0.0600916155178629,0.0069541109407771,96,0.0551543328746361,0.0045462206303031,96,1.889296536282876e-05,8,0.00625,0.9875,unresolved,False
rep_106,Black - White,98,0.9665475022334508,0.8961038919030133,1.0331117402819427,False,False,kept,0.0753351407907121,0.1188299511582823,0.2240094237897092,0.25,False,False,kept,single df,0.0938348923221144,0.0089370358129444,97,0.0970825459744972,0.0085446916887306,97,7.324993584601084e-05,8,0.00625,0.9875,kept,False
rep_106,Hispanic - White,98,0.9201774128636668,0.8036463309536397,1.0246137680499794,False,False,kept,0.061975313619109,0.0945355882614301,0.2080383810398941,0.25,False,False,kept,single df,0.0720088983886968,0.0074644630440108,97,0.0782554509402695,0.0063965679070179,97,4.311968457694867e-05,8,0.00625,0.9875,kept,False
rep_106,Asian - White,98,1.0106601202356684,0.8632685232205033,1.1685901066651894,False,False,kept,0.0741412438044412,0.1073081658489468,0.1827888120874155,0.25,False,False,kept,single df,0.0916918410884921,0.007672889395954,97,0.090724704826694,0.0065157456887263,97,3.643587014408955e-05,8,0.00625,0.9875,kept,True
rep_107,Republican - Democrat,98,0.9926296707132066,0.9634679904821712,1.0221010230884833,False,False,kept,0.1517356577949606,0.2316745096063513,0.2084943452418136,0.25,False,False,kept,single df,0.1902921541078298,0.0156842892071861,97,0.1917050837006559,0.0157042377448494,97,0.0002439651254377,8,0.00625,0.9875,kept,False
rep_107,Female - Male,97,0.9457841567823356,0.6843212450400079,1.2018325479652556,False,False,attenuated or kept,0.043581295023332,0.0667273707259402,0.2098300758638356,0.25,False,False,attenuated or kept,single df,0.05216409421073,0.007129432538169,96,0.0551543328746361,0.0045462206303031,96,2.0762482056858097e-05,8,0.00625,0.9875,unresolved,False
rep_107,Black - White,98,1.029041219194652,0.9840083978710676,1.0774995553312752,False,False,kept,0.0753351407907121,0.1188299511582823,0.2240094237897092,0.25,False,False,kept,single df,0.0999019414721175,0.008686676020159,97,0.0970825459744972,0.0085446916887306,97,7.276511180181441e-05,8,0.00625,0.9875,kept,False
rep_107,Hispanic - White,98,1.016166435359782,0.8856538100648711,1.1502180811988607,False,False,kept,0.061975313619109,0.0945355882614301,0.2080383810398941,0.25,False,False,kept,single df,0.079520562629446,0.00740412406266,97,0.0782554509402695,0.0063965679070179,97,3.997708732055806e-05,8,0.00625,0.9875,kept,False
rep_107,Asian - White,98,1.0070480406735651,0.8751917850197714,1.1421409998982397,False,False,kept,0.0741412438044412,0.1073081658489468,0.1827888120874155,0.25,False,False,kept,single df,0.0913641362364098,0.007805764904906,97,0.090724704826694,0.0065157456887263,97,4.076649974594194e-05,8,0.00625,0.9875,kept,True
rep_108,Republican - Democrat,98,1.0207174329110615,0.9981057187723494,1.0474059385672991,False,False,kept,0.1517356577949606,0.2316745096063513,0.2084943452418136,0.25,False,False,kept,single df,0.1956767209109337,0.015415588694038,97,0.1917050837006559,0.0157042377448494,97,0.000240670514482,8,0.00625,0.9875,kept,False
rep_108,Female - Male,97,1.0622297908582368,0.9764787287425029,1.1487700835853452,False,False,kept,0.043581295023332,0.0667273707259402,0.2098300758638356,0.25,False,False,kept,single df,0.0585865754743503,0.0051258636697526,96,0.0551543328746361,0.0045462206303031,96,2.177720888473829e-05,8,0.00625,0.9875,kept,False
rep_108,Black - White,98,1.0687272957823089,1.0045728775150935,1.1409268815401712,False,False,kept,0.0753351407907121,0.1188299511582823,0.2240094237897092,0.25,False,False,kept,single df,0.1037547668269861,0.0088267357331428,97,0.0970825459744972,0.0085446916887306,97,7.247053058927681e-05,8,0.00625,0.9875,kept,False
rep_108,Hispanic - White,98,1.070800778255678,0.9674634762917548,1.1789240731790696,False,False,kept,0.061975313619109,0.0945355882614301,0.2080383810398941,0.25,False,False,kept,single df,0.0837959977695896,0.007237780340907,97,0.0782554509402695,0.0063965679070179,97,4.1648588806161344e-05,8,0.00625,0.9875,kept,False
rep_108,Asian - White,98,0.9651795277505584,0.8289881893247956,1.1062072634065498,False,False,kept,0.0741412438044412,0.1073081658489468,0.1827888120874155,0.25,False,False,kept,single df,0.0875656277599373,0.0075767001296306,97,0.090724704826694,0.0065157456887263,97,3.800659931094094e-05,8,0.00625,0.9875,kept,True
rep_109,Republican - Democrat,98,1.0016094810503844,0.9812435727394316,1.0226346044488022,False,False,kept,0.1517356577949606,0.2316745096063513,0.2084943452418136,0.25,False,False,kept,single df,0.1920136294001345,0.0156894276113086,97,0.1917050837006559,0.0157042377448494,97,0.0002452313041493,8,0.00625,0.9875,kept,False
rep_109,Female - Male,97,0.9393280305307308,0.6757103881585508,1.2001474957943536,False,False,attenuated or kept,0.043581295023332,0.0667273707259402,0.2098300758638356,0.25,False,False,attenuated or kept,single df,0.0518080108743683,0.0070901846258423,96,0.0551543328746361,0.0045462206303031,96,2.0041995944530195e-05,8,0.00625,0.9875,unresolved,False
rep_109,Black - White,98,0.9415289540686496,0.8658262410452174,1.0104482989785937,False,False,kept,0.0753351407907121,0.1188299511582823,0.2240094237897092,0.25,False,False,kept,single df,0.0914060279696899,0.0089866497472463,97,0.0970825459744972,0.0085446916887306,97,7.342991825097834e-05,8,0.00625,0.9875,kept,False
rep_109,Hispanic - White,98,1.0376708779972743,0.9175950427094952,1.1599800426959426,False,False,kept,0.061975313619109,0.0945355882614301,0.2080383810398941,0.25,False,False,kept,single df,0.0812034024852621,0.0074326367700013,97,0.0782554509402695,0.0063965679070179,97,4.144744107513568e-05,8,0.00625,0.9875,kept,False
rep_109,Asian - White,98,1.02569137430899,0.9172065160440908,1.1290839482168535,False,False,kept,0.0741412438044412,0.1073081658489468,0.1827888120874155,0.25,False,False,kept,single df,0.0930555471774692,0.0080533005642181,97,0.090724704826694,0.0065157456887263,97,4.667284993549934e-05,8,0.00625,0.9875,kept,True
rep_110,Republican - Democrat,98,0.9971405007713928,0.9705853899026076,1.021839511379445,False,False,kept,0.1517356577949606,0.2316745096063513,0.2084943452418136,0.25,False,False,kept,single df,0.1911569031616938,0.0160878184026266,97,0.1917050837006559,0.0157042377448494,97,0.00025095420696,8,0.00625,0.9875,kept,False
rep_110,Female - Male,97,1.014020107595769,0.747136140786277,1.284331877088595,False,False,undetermined,0.043581295023332,0.0667273707259402,0.2098300758638356,0.25,False,False,undetermined,single df,0.0559276025559114,0.0072156787900033,96,0.0551543328746361,0.0045462206303031,96,2.0188767546150736e-05,8,0.00625,0.9875,unresolved,False
rep_110,Black - White,98,0.9692878665452196,0.9047139999343224,1.032608042653998,False,False,kept,0.0753351407907121,0.1188299511582823,0.2240094237897092,0.25,False,False,kept,single df,0.0941009338663986,0.0087135508015673,97,0.0970825459744972,0.0085446916887306,97,7.16356961952878e-05,8,0.00625,0.9875,kept,False
rep_110,Hispanic - White,98,1.006793899693826,0.8948309370845118,1.1191559818582624,False,False,kept,0.061975313619109,0.0945355882614301,0.2080383810398941,0.25,False,False,kept,single df,0.0787871106244528,0.0072449303541588,97,0.0782554509402695,0.0063965679070179,97,4.101356582166705e-05,8,0.00625,0.9875,kept,False
rep_110,Asian - White,98,1.0462136114434175,0.911432847266896,1.1891040750827848,False,False,kept,0.0741412438044412,0.1073081658489468,0.1827888120874155,0.25,False,False,kept,single df,0.0949174210838736,0.0077267572191129,97,0.090724704826694,0.0065157456887263,97,3.943675501993046e-05,8,0.00625,0.9875,kept,True
rep_111,Republican - Democrat,98,0.9818544149453494,0.952048810804345,1.0098261756394884,False,False,kept,0.1517356577949606,0.2316745096063513,0.2084943452418136,0.25,False,False,kept,single df,0.1882264827989568,0.0158760754140188,97,0.1917050837006559,0.0157042377448494,97,0.000247123913707,8,0.00625,0.9875,kept,False
rep_111,Female - Male,97,0.905070680319782,0.6439926314986433,1.163520579118965,False,False,attenuated or kept,0.043581295023332,0.0667273707259402,0.2098300758638356,0.25,False,False,attenuated or kept,single df,0.0499185695774306,0.0069482285658425,96,0.0551543328746361,0.0045462206303031,96,1.9295810499910287e-05,8,0.00625,0.9875,unresolved,False
rep_111,Black - White,98,1.0159633061433846,0.9413862592359584,1.092260126343302,False,False,kept,0.0753351407907121,0.1188299511582823,0.2240094237897092,0.25,False,False,kept,single df,0.0986323043770673,0.0089894492393352,97,0.0970825459744972,0.0085446916887306,97,7.298891983359231e-05,8,0.00625,0.9875,kept,False
rep_111,Hispanic - White,98,0.9495869487212938,0.815733566297152,1.080997116042089,False,False,kept,0.061975313619109,0.0945355882614301,0.2080383810398941,0.25,False,False,kept,single df,0.0743103548791794,0.0074096107213869,97,0.0782554509402695,0.0063965679070179,97,3.99582782843162e-05,8,0.00625,0.9875,kept,False
rep_111,Asian - White,98,0.9898594751730644,0.8331146797614827,1.1442712478525918,False,False,kept,0.0741412438044412,0.1073081658489468,0.1827888120874155,0.25,False,False,kept,single df,0.0898047087049825,0.0086116879001028,97,0.090724704826694,0.0065157456887263,97,4.345714052558678e-05,8,0.00625,0.9875,kept,True
rep_112,Republican - Democrat,98,1.0137258590464795,0.9870893777919212,1.0428252659676278,False,False,kept,0.1517356577949606,0.2316745096063513,0.2084943452418136,0.25,False,False,kept,single df,0.1943364006580248,0.0156235993402032,97,0.1917050837006559,0.0157042377448494,97,0.0002433252944767,8,0.00625,0.9875,kept,False
rep_112,Female - Male,97,0.8570151874125885,0.5893763711844597,1.123613166122043,False,False,attenuated or kept,0.043581295023332,0.0667273707259402,0.2098300758638356,0.25,False,False,attenuated or kept,single df,0.0472681009251725,0.0068992862202507,96,0.0551543328746361,0.0045462206303031,96,1.7946435584803704e-05,8,0.00625,0.9875,unresolved,False
rep_112,Black - White,98,1.0132548242673978,0.9496852246416482,1.0788127403843637,False,False,kept,0.0753351407907121,0.1188299511582823,0.2240094237897092,0.25,False,False,kept,single df,0.0983693580608207,0.0088280943758869,97,0.0970825459744972,0.0085446916887306,97,7.260560829303081e-05,8,0.00625,0.9875,kept,False
rep_112,Hispanic - White,98,0.929534904239748,0.7901116025544171,1.0652363161657723,False,False,kept,0.061975313619109,0.0945355882614301,0.2080383810398941,0.25,False,False,kept,single df,0.0727411730960017,0.0074561702365488,97,0.0782554509402695,0.0063965679070179,97,3.971608571159022e-05,8,0.00625,0.9875,kept,False
rep_112,Asian - White,98,0.9299984690681852,0.8090694572327581,1.045161698900959,False,False,kept,0.0741412438044412,0.1073081658489468,0.1827888120874155,0.25,False,False,kept,single df,0.0843738365954884,0.0077723659684755,97,0.090724704826694,0.0065157456887263,97,4.302380948859892e-05,8,0.00625,0.9875,kept,True
rep_113,Republican - Democrat,98,0.991849065584202,0.9640870350830368,1.017698415411428,False,False,kept,0.1517356577949606,0.2316745096063513,0.2084943452418136,0.25,False,False,kept,single df,0.1901425081362368,0.0160252494065054,97,0.1917050837006559,0.0157042377448494,97,0.0002498027421894,8,0.00625,0.9875,kept,False
rep_113,Female - Male,97,0.9939489267518548,0.8863914448620399,1.104376271381488,False,False,kept,0.043581295023332,0.0667273707259402,0.2098300758638356,0.25,False,False,kept,single df,0.0548205899664591,0.0049465826816672,96,0.0551543328746361,0.0045462206303031,96,1.9899123421918112e-05,8,0.00625,0.9875,kept,False
rep_113,Black - White,98,1.007741970766621,0.9386991781400322,1.0741214976096354,False,False,kept,0.0753351407907121,0.1188299511582823,0.2240094237897092,0.25,False,False,kept,single df,0.0978341562073809,0.0091754761292151,97,0.0970825459744972,0.0085446916887306,97,7.541729954865063e-05,8,0.00625,0.9875,kept,False
rep_113,Hispanic - White,98,0.9391778287008136,0.8309179246969874,1.0502191702551358,False,False,kept,0.061975313619109,0.0945355882614301,0.2080383810398941,0.25,False,False,kept,single df,0.0734957844980854,0.0066783533449235,97,0.0782554509402695,0.0063965679070179,97,3.71696190645952e-05,8,0.00625,0.9875,kept,False
rep_113,Asian - White,98,1.017369876981567,0.912541674550682,1.127504135285338,False,False,kept,0.0741412438044412,0.1073081658489468,0.1827888120874155,0.25,False,False,kept,single df,0.0923005817887227,0.0071758163653443,97,0.090724704826694,0.0065157456887263,97,3.9933919219970485e-05,8,0.00625,0.9875,kept,True
rep_114,Republican - Democrat,98,1.004099328377715,0.9749090940407892,1.032435991864792,False,False,kept,0.1517356577949606,0.2316745096063513,0.2084943452418136,0.25,False,False,kept,single df,0.1924909457904223,0.0160558136150258,97,0.1917050837006559,0.0157042377448494,97,0.0002499501512397,8,0.00625,0.9875,kept,False
rep_114,Female - Male,97,0.9217063742528624,0.8191106792161265,1.017956616891201,False,False,kept,0.043581295023332,0.0667273707259402,0.2098300758638356,0.25,False,False,kept,single df,0.0508361001782163,0.0049612972376939,96,0.0551543328746361,0.0045462206303031,96,2.047372020362339e-05,8,0.00625,0.9875,kept,False
rep_114,Black - White,98,0.994886815943654,0.921114376471314,1.0698012971366209,False,False,kept,0.0753351407907121,0.1188299511582823,0.2240094237897092,0.25,False,False,kept,single df,0.0965861450482709,0.0088506773900906,97,0.0970825459744972,0.0085446916887306,97,7.184929470525314e-05,8,0.00625,0.9875,kept,False
rep_114,Hispanic - White,98,0.9755566264385916,0.8384243475614429,1.107164114000827,False,False,kept,0.061975313619109,0.0945355882614301,0.2080383810398941,0.25,False,False,kept,single df,0.0763426237197201,0.0077549064710297,97,0.0782554509402695,0.0063965679070179,97,4.2414445278441686e-05,8,0.00625,0.9875,kept,False
rep_114,Asian - White,98,1.0720462790553855,0.9506473952766196,1.1947766294958877,False,False,kept,0.0741412438044412,0.1073081658489468,0.1827888120874155,0.25,False,False,kept,single df,0.0972610822278555,0.0080832565595922,97,0.090724704826694,0.0065157456887263,97,4.469600606642809e-05,8,0.00625,0.9875,kept,True
rep_115,Republican - Democrat,98,0.998114070800623,0.9779313435834484,1.018400803702906,False,False,kept,0.1517356577949606,0.2316745096063513,0.2084943452418136,0.25,False,False,kept,single df,0.1913435414856359,0.015727438983735,97,0.1917050837006559,0.0157042377448494,97,0.0002458757604536,8,0.00625,0.9875,kept,False
rep_115,Female - Male,97,0.9824478262439256,0.924099495036514,1.0458104162141977,False,False,kept,0.043581295023332,0.0667273707259402,0.2098300758638356,0.25,False,False,kept,single df,0.0541862544406201,0.0044042435853493,96,0.0551543328746361,0.0045462206303031,96,1.918026182145501e-05,8,0.00625,0.9875,kept,False
rep_115,Black - White,98,0.968053539190028,0.8903421892771309,1.0408139531442038,False,False,kept,0.0753351407907121,0.1188299511582823,0.2240094237897092,0.25,False,False,kept,single df,0.0939811022241906,0.0091026909063926,97,0.0970825459744972,0.0085446916887306,97,7.410033346595091e-05,8,0.00625,0.9875,kept,False
rep_115,Hispanic - White,98,1.0259131932696144,0.9305578660834656,1.1316837978832184,False,False,kept,0.061975313619109,0.0945355882614301,0.2080383810398941,0.25,False,False,kept,single df,0.0802832995648856,0.0065208872171783,97,0.0782554509402695,0.0063965679070179,97,3.72662181801713e-05,8,0.00625,0.9875,kept,False
rep_115,Asian - White,98,1.053902781620307,0.9419737763581348,1.1709983909667832,False,False,kept,0.0741412438044412,0.1073081658489468,0.1827888120874155,0.25,False,False,kept,single df,0.0956150187785341,0.0075209580500143,97,0.090724704826694,0.0065157456887263,97,4.15705591920757e-05,8,0.00625,0.9875,kept,True
rep_116,Republican - Democrat,98,1.0004257133195371,0.9723825448799986,1.0287407259777488,False,False,kept,0.1517356577949606,0.2316745096063513,0.2084943452418136,0.25,False,False,kept,single df,0.1917866951082103,0.0158008337678746,97,0.1917050837006559,0.0157042377448494,97,0.0002459904517925,8,0.00625,0.9875,kept,False
rep_116,Female - Male,97,0.9842823890314512,0.9253714778993734,1.0443924595222989,False,False,kept,0.043581295023332,0.0667273707259402,0.2098300758638356,0.25,False,False,kept,single df,0.0542874385272827,0.0045916181063521,96,0.0551543328746361,0.0045462206303031,96,2.007420344943687e-05,8,0.00625,0.9875,kept,False
rep_116,Black - White,98,0.9951036272392442,0.9434105714720116,1.0460807194388957,False,False,kept,0.0753351407907121,0.1188299511582823,0.2240094237897092,0.25,False,False,kept,single df,0.0966071936408428,0.0087706818851397,97,0.0970825459744972,0.0085446916887306,97,7.314898656798053e-05,8,0.00625,0.9875,kept,False
rep_116,Hispanic - White,98,0.9631645181858683,0.8564905864072528,1.0621017046151644,False,False,kept,0.061975313619109,0.0945355882614301,0.2080383810398941,0.25,False,False,kept,single df,0.0753728737003026,0.0073649761600162,97,0.0782554509402695,0.0063965679070179,97,4.29077267381632e-05,8,0.00625,0.9875,kept,False
rep_116,Asian - White,98,1.0386727136124916,0.9036317842743462,1.1859582278515697,False,False,kept,0.0741412438044412,0.1073081658489468,0.1827888120874155,0.25,False,False,kept,single df,0.0942332753540346,0.0073898676881108,97,0.090724704826694,0.0065157456887263,97,3.65773650253608e-05,8,0.00625,0.9875,kept,True
rep_117,Republican - Democrat,98,0.9924032720973656,0.9638707320422908,1.019312874472984,False,False,kept,0.1517356577949606,0.2316745096063513,0.2084943452418136,0.25,False,False,kept,single df,0.1902487523422303,0.0159936675904334,97,0.1917050837006559,0.0157042377448494,97,0.0002491532336856,8,0.00625,0.9875,kept,False
rep_117,Female - Male,97,0.839105820984432,0.5839710617832956,1.085645288525025,False,False,attenuated or kept,0.043581295023332,0.0667273707259402,0.2098300758638356,0.25,False,False,attenuated or kept,single df,0.0462803217676202,0.0067835168782885,96,0.0551543328746361,0.0045462206303031,96,1.9271336492627665e-05,8,0.00625,0.9875,unresolved,False
rep_117,Black - White,98,0.984671854617533,0.9153114956362632,1.0538704767443376,False,False,kept,0.0753351407907121,0.1188299511582823,0.2240094237897092,0.25,False,False,kept,single df,0.0955944505957001,0.0088115682302983,97,0.0970825459744972,0.0085446916887306,97,7.200437970735776e-05,8,0.00625,0.9875,kept,False
rep_117,Hispanic - White,98,0.9801288006080616,0.8731676965877003,1.0855613539698667,False,False,kept,0.061975313619109,0.0945355882614301,0.2080383810398941,0.25,False,False,kept,single df,0.0767004212711294,0.0071316901468761,97,0.0782554509402695,0.0063965679070179,97,4.079428999020482e-05,8,0.00625,0.9875,kept,False
rep_117,Asian - White,98,0.8950279107363242,0.7800399442677088,1.005412989615474,False,False,kept,0.0741412438044412,0.1073081658489468,0.1827888120874155,0.25,False,False,kept,single df,0.0812011430132056,0.0073931711302488,97,0.090724704826694,0.0065157456887263,97,4.082500062645289e-05,8,0.00625,0.9875,kept,True
rep_118,Republican - Democrat,98,1.0111728925952206,0.9839601431006406,1.040052741329908,False,False,kept,0.1517356577949606,0.2316745096063513,0.2084943452418136,0.25,False,False,kept,single df,0.1938469840108012,0.0157251926430089,97,0.1917050837006559,0.0157042377448494,97,0.0002448550693942,8,0.00625,0.9875,kept,False
rep_118,Female - Male,97,1.0941881512427083,0.84143569482434,1.3533103335654113,False,False,kept or steepened,0.043581295023332,0.0667273707259402,0.2098300758638356,0.25,False,False,kept or steepened,single df,0.060349217521123,0.0071419819972955,96,0.0551543328746361,0.0045462206303031,96,2.118558738501117e-05,8,0.00625,0.9875,unresolved,False
rep_118,Black - White,98,0.9987068647876348,0.9310076975028514,1.0701340408071738,False,False,kept,0.0753351407907121,0.1188299511582823,0.2240094237897092,0.25,False,False,kept,single df,0.0969570051157915,0.0086232433145389,97,0.0970825459744972,0.0085446916887306,97,7.03413272031127e-05,8,0.00625,0.9875,kept,False
rep_118,Hispanic - White,98,0.9905199767334172,0.8840535668492191,1.0999704451674406,False,False,kept,0.061975313619109,0.0945355882614301,0.2080383810398941,0.25,False,False,kept,single df,0.0775135874446188,0.0069289356443139,97,0.0782554509402695,0.0063965679070179,97,3.917870670827433e-05,8,0.00625,0.9875,kept,False
rep_118,Asian - White,98,1.043862977615294,0.917013376933592,1.1752962009976806,False,False,kept,0.0741412438044412,0.1073081658489468,0.1827888120874155,0.25,False,False,kept,single df,0.0947041605236614,0.0078013713970297,97,0.090724704826694,0.0065157456887263,97,4.150232995813279e-05,8,0.00625,0.9875,kept,True
rep_119,Republican - Democrat,98,0.9870942145953282,0.9556332130136208,1.016760780679611,False,False,kept,0.1517356577949606,0.2316745096063513,0.2084943452418136,0.25,False,False,kept,single df,0.1892309790294306,0.0159679630930212,97,0.1917050837006559,0.0157042377448494,97,0.0002483092397242,8,0.00625,0.9875,kept,False
rep_119,Female - Male,97,1.0481861445940222,0.9691410824074712,1.1335584182246143,False,False,kept,0.043581295023332,0.0667273707259402,0.2098300758638356,0.25,False,False,kept,single df,0.0578120075335201,0.0047707519071327,96,0.0551543328746361,0.0045462206303031,96,2.0244351611221663e-05,8,0.00625,0.9875,kept,False
rep_119,Black - White,98,0.9845381023972856,0.9166700207446938,1.0488247531577062,False,False,kept,0.0753351407907121,0.1188299511582823,0.2240094237897092,0.25,False,False,kept,single df,0.0955814655896287,0.0090373632564771,97,0.0970825459744972,0.0085446916887306,97,7.435758679346119e-05,8,0.00625,0.9875,kept,False
rep_119,Hispanic - White,98,1.0274755796690664,0.9142435839389708,1.1528863701587284,False,False,kept,0.061975313619109,0.0945355882614301,0.2080383810398941,0.25,False,False,kept,single df,0.0804055648171176,0.0066873969850071,97,0.0782554509402695,0.0063965679070179,97,3.653262468859487e-05,8,0.00625,0.9875,kept,False
rep_119,Asian - White,98,0.992568418945839,0.8680512881829375,1.1133687082246635,False,False,kept,0.0741412438044412,0.1073081658489468,0.1827888120874155,0.25,False,False,kept,single df,0.0900504768291596,0.0080518116337738,97,0.090724704826694,0.0065157456887263,97,4.4421954505580126e-05,8,0.00625,0.9875,kept,True
rep_120,Republican - Democrat,98,1.0086270703780222,0.9846227579267948,1.0334325079629352,False,False,kept,0.1517356577949606,0.2316745096063513,0.2084943452418136,0.25,False,False,kept,single df,0.1933589369495661,0.0158032583806021,97,0.1917050837006559,0.0157042377448494,97,0.0002465769449551,8,0.00625,0.9875,kept,False
rep_120,Female - Male,97,1.0967730952663994,0.9899672446726224,1.2017191090893615,False,False,kept,0.043581295023332,0.0667273707259402,0.2098300758638356,0.25,False,False,kept,single df,0.060491788384268,0.005550435731903,96,0.0551543328746361,0.0045462206303031,96,2.308554675510848e-05,8,0.00625,0.9875,kept,False
rep_120,Black - White,98,0.9895169255838314,0.9270974616614496,1.0477617974680018,False,False,kept,0.0753351407907121,0.1188299511582823,0.2240094237897092,0.25,False,False,kept,single df,0.0960648224205354,0.0090676383480303,97,0.0970825459744972,0.0085446916887306,97,7.513096752331088e-05,8,0.00625,0.9875,kept,False
rep_120,Hispanic - White,98,1.0121525025050802,0.9078464489946428,1.1147158383683875,False,False,kept,0.061975313619109,0.0945355882614301,0.2080383810398941,0.25,False,False,kept,single df,0.0792064505038573,0.007293005016725,97,0.0782554509402695,0.0063965679070179,97,4.2201427687961806e-05,8,0.00625,0.9875,kept,False
rep_120,Asian - White,98,0.9920358209758244,0.8621533398448884,1.1221871821116978,False,False,kept,0.0741412438044412,0.1073081658489468,0.1827888120874155,0.25,False,False,kept,single df,0.0900021570355387,0.0078877004644308,97,0.090724704826694,0.0065157456887263,97,4.195170336088573e-05,8,0.00625,0.9875,kept,True
rep_121,Republican - Democrat,98,1.009422501757057,0.9851750770800084,1.0334983879172397,False,False,kept,0.1517356577949606,0.2316745096063513,0.2084943452418136,0.25,False,False,kept,single df,0.1935114251886621,0.0159812488999073,97,0.1917050837006559,0.0157042377448494,97,0.0002494123421817,8,0.00625,0.9875,kept,False
rep_121,Female - Male,97,0.9412233207384962,0.8699823828541697,1.011849348498989,False,False,kept,0.043581295023332,0.0667273707259402,0.2098300758638356,0.25,False,False,kept,single df,0.0519125443413814,0.0045637203231253,96,0.0551543328746361,0.0045462206303031,96,1.9591290790441056e-05,8,0.00625,0.9875,kept,False
rep_121,Black - White,98,1.024906252384919,0.9488137579837496,1.1020121387609494,False,False,kept,0.0753351407907121,0.1188299511582823,0.2240094237897092,0.25,False,False,kept,single df,0.0995005083667085,0.0091305474180107,97,0.0970825459744972,0.0085446916887306,97,7.412996209526407e-05,8,0.00625,0.9875,kept,False
rep_121,Hispanic - White,98,0.980686739072181,0.8845454997817511,1.0757681222246,False,False,kept,0.061975313619109,0.0945355882614301,0.2080383810398941,0.25,False,False,kept,single df,0.076744082997236,0.0069684233235007,97,0.0782554509402695,0.0063965679070179,97,4.060515965298624e-05,8,0.00625,0.9875,kept,False
rep_121,Asian - White,98,0.9824103181986814,0.8513372515450504,1.1054066956943325,False,False,kept,0.0741412438044412,0.1073081658489468,0.1827888120874155,0.25,False,False,kept,single df,0.0891288861372739,0.0083976415256604,97,0.090724704826694,0.0065157456887263,97,4.666808431389907e-05,8,0.00625,0.9875,kept,True
rep_122,Republican - Democrat,98,0.9859958363975706,0.961417845399973,1.0075102366854451,False,False,kept,0.1517356577949606,0.2316745096063513,0.2084943452418136,0.25,False,False,kept,single df,0.1890204143450945,0.0160942910621081,97,0.1917050837006559,0.0157042377448494,97,0.0002514820799789,8,0.00625,0.9875,kept,False
rep_122,Female - Male,97,0.9386681308322746,0.8295314636517434,1.0446078788427728,False,False,kept,0.043581295023332,0.0667273707259402,0.2098300758638356,0.25,False,False,kept,single df,0.0517716145467357,0.0049745115254709,96,0.0551543328746361,0.0045462206303031,96,2.0117826033239792e-05,8,0.00625,0.9875,kept,False
rep_122,Black - White,98,0.9810697861883624,0.920423856542036,1.0408534299528225,False,False,kept,0.0753351407907121,0.1188299511582823,0.2240094237897092,0.25,False,False,kept,single df,0.0952447526218218,0.0087437587454881,97,0.0970825459744972,0.0085446916887306,97,7.22254583670453e-05,8,0.00625,0.9875,kept,False
rep_122,Hispanic - White,98,0.9799988460880514,0.867378390980586,1.091529491683487,False,False,kept,0.061975313619109,0.0945355882614301,0.2080383810398941,0.25,False,False,kept,single df,0.0766902516215643,0.0071848694453096,97,0.0782554509402695,0.0063965679070179,97,4.059055966340462e-05,8,0.00625,0.9875,kept,False
rep_122,Asian - White,98,1.0256079522505093,0.9165520091754475,1.1317226906055775,False,False,kept,0.0741412438044412,0.1073081658489468,0.1827888120874155,0.25,False,False,kept,single df,0.0930479787358376,0.0079104600534243,97,0.090724704826694,0.0065157456887263,97,4.5348325846513786e-05,8,0.00625,0.9875,kept,True
rep_123,Republican - Democrat,98,0.9978704098764049,0.9697952347117604,1.0270383708987898,False,False,kept,0.1517356577949606,0.2316745096063513,0.2084943452418136,0.25,False,False,kept,single df,0.191296830447764,0.0156237022211045,97,0.1917050837006559,0.0157042377448494,97,0.0002431327119878,8,0.00625,0.9875,kept,False
rep_123,Female - Male,97,1.0783239083222969,0.8352543248787424,1.333154963599276,False,False,kept or steepened,0.043581295023332,0.0667273707259402,0.2098300758638356,0.25,False,False,kept or steepened,single df,0.0594742357862865,0.0067924818557815,96,0.0551543328746361,0.0045462206303031,96,1.964791370382661e-05,8,0.00625,0.9875,unresolved,False
rep_123,Black - White,98,0.9969249348227996,0.9358971563842182,1.057178830021405,False,False,kept,0.0753351407907121,0.1188299511582823,0.2240094237897092,0.25,False,False,kept,single df,0.0967840108180571,0.0088719431802403,97,0.0970825459744972,0.0085446916887306,97,7.332198531670236e-05,8,0.00625,0.9875,kept,False
rep_123,Hispanic - White,98,0.9646198293078422,0.8478205655873227,1.0755312311609024,False,False,kept,0.061975313619109,0.0945355882614301,0.2080383810398941,0.25,False,False,kept,single df,0.075486759728411,0.0074111940246343,97,0.0782554509402695,0.0063965679070179,97,4.2131146780724816e-05,8,0.00625,0.9875,kept,False
rep_123,Asian - White,98,1.0020052639453338,0.8556344232410243,1.148976072067286,False,False,kept,0.0741412438044412,0.1073081658489468,0.1827888120874155,0.25,False,False,kept,single df,0.0909066318062341,0.008264892100454,97,0.090724704826694,0.0065157456887263,97,4.2171634024551454e-05,8,0.00625,0.9875,kept,True
rep_124,Republican - Democrat,98,1.0022911764319848,0.9814843686269448,1.0244369329166632,False,False,kept,0.1517356577949606,0.2316745096063513,0.2084943452418136,0.25,False,False,kept,single df,0.1921443138703226,0.0155875659262221,97,0.1917050837006559,0.0157042377448494,97,0.0002435550368803,8,0.00625,0.9875,kept,False
rep_124,Female - Male,97,1.0365971296816854,0.9331990841485228,1.141520509486402,False,False,kept,0.043581295023332,0.0667273707259402,0.2098300758638356,0.25,False,False,kept,single df,0.057172823147356,0.0051349329087425,96,0.0551543328746361,0.0045462206303031,96,2.108226439354685e-05,8,0.00625,0.9875,kept,False
rep_124,Black - White,98,0.9702147942808932,0.8991723759849841,1.0366841595966785,False,False,kept,0.0753351407907121,0.1188299511582823,0.2240094237897092,0.25,False,False,kept,single df,0.0941909223709121,0.0090213478697186,97,0.0970825459744972,0.0085446916887306,97,7.399701733632666e-05,8,0.00625,0.9875,kept,False
rep_124,Hispanic - White,98,1.028247403236368,0.9291823652598488,1.130479037192665,False,False,kept,0.061975313619109,0.0945355882614301,0.2080383810398941,0.25,False,False,kept,single df,0.0804659642184231,0.007033871045121,97,0.0782554509402695,0.0063965679070179,97,4.0639815750183096e-05,8,0.00625,0.9875,kept,False
rep_124,Asian - White,98,0.9854148877806936,0.8550653218892322,1.1112804341232925,False,False,kept,0.0741412438044412,0.1073081658489468,0.1827888120874155,0.25,False,False,kept,single df,0.0894014748257333,0.008173314743523,97,0.090724704826694,0.0065157456887263,97,4.458937737642855e-05,8,0.00625,0.9875,kept,True
rep_125,Republican - Democrat,98,1.0117885685654218,0.9894626946370988,1.0348529290557311,False,False,kept,0.1517356577949606,0.2316745096063513,0.2084943452418136,0.25,False,False,kept,single df,0.1939650122242011,0.0158496559193248,97,0.1917050837006559,0.0157042377448494,97,0.0002475266068819,8,0.00625,0.9875,kept,False
rep_125,Female - Male,97,0.964171360504864,0.8955528035283926,1.028831373876988,False,False,kept,0.043581295023332,0.0667273707259402,0.2098300758638356,0.25,False,False,kept,single df,0.053178228165476,0.0047872206893734,96,0.0551543328746361,0.0045462206303031,96,2.081582172048849e-05,8,0.00625,0.9875,kept,False
rep_125,Black - White,98,1.0061410346170905,0.9509542288484512,1.0616733221966632,False,False,kept,0.0753351407907121,0.1188299511582823,0.2240094237897092,0.25,False,False,kept,single df,0.0976787332500419,0.0088128398083042,97,0.0970825459744972,0.0085446916887306,97,7.322139948343267e-05,8,0.00625,0.9875,kept,False
rep_125,Hispanic - White,98,1.0431026767151317,0.9270602670357452,1.168310862979511,False,False,kept,0.061975313619109,0.0945355882614301,0.2080383810398941,0.25,False,False,kept,single df,0.0816284703433448,0.0070009442868816,97,0.0782554509402695,0.0063965679070179,97,3.853460962756391e-05,8,0.00625,0.9875,kept,False
rep_125,Asian - White,98,1.023044165387094,0.883771267009464,1.1559483586162314,False,False,kept,0.0741412438044412,0.1073081658489468,0.1827888120874155,0.25,False,False,kept,single df,0.0928153799294156,0.0086700914760824,97,0.090724704826694,0.0065157456887263,97,4.734431545661368e-05,8,0.00625,0.9875,kept,True
rep_126,Republican - Democrat,98,0.978081689965587,0.9513981359279732,1.0024838316475868,False,False,kept,0.1517356577949606,0.2316745096063513,0.2084943452418136,0.25,False,False,kept,single df,0.1875032322409319,0.0158610664306024,97,0.1917050837006559,0.0157042377448494,97,0.0002474079060891,8,0.00625,0.9875,kept,False
rep_126,Female - Male,97,0.8568974898703142,0.5919559193327374,1.1050008809685192,False,False,attenuated or kept,0.043581295023332,0.0667273707259402,0.2098300758638356,0.25,False,False,attenuated or kept,single df,0.0472616093957474,0.0071518539250855,96,0.0551543328746361,0.0045462206303031,96,2.14885801688056e-05,8,0.00625,0.9875,unresolved,False
rep_126,Black - White,98,0.9587664431072545,0.8846781988068727,1.0270787205691814,False,False,kept,0.0753351407907121,0.1188299511582823,0.2240094237897092,0.25,False,False,kept,single df,0.0930794872917652,0.0090422527063713,97,0.0970825459744972,0.0085446916887306,97,7.399235392258955e-05,8,0.00625,0.9875,kept,False
rep_126,Hispanic - White,98,0.9933404003442646,0.8860770932665601,1.0948700541012266,False,False,kept,0.061975313619109,0.0945355882614301,0.2080383810398941,0.25,False,False,kept,single df,0.0777343009661283,0.0074413894786706,97,0.0782554509402695,0.0063965679070179,97,4.323654184250967e-05,8,0.00625,0.9875,kept,False
rep_126,Asian - White,98,1.060701497042409,0.947893381959697,1.1737898620966258,False,False,kept,0.0741412438044412,0.1073081658489468,0.1827888120874155,0.25,False,False,kept,single df,0.096231830228405,0.0079415983056698,97,0.090724704826694,0.0065157456887263,97,4.48599183277001e-05,8,0.00625,0.9875,kept,True
rep_127,Republican - Democrat,98,1.0066170009207345,0.9850855497203148,1.0297326412276966,False,False,kept,0.1517356577949606,0.2316745096063513,0.2084943452418136,0.25,False,False,kept,single df,0.1929735964160127,0.0156187297198851,97,0.1917050837006559,0.0157042377448494,97,0.0002439564496941,8,0.00625,0.9875,kept,False
rep_127,Female - Male,97,1.0183351081287706,0.9220573623966422,1.1138158134130025,False,False,kept,0.043581295023332,0.0667273707259402,0.2098300758638356,0.25,False,False,kept,single df,0.0561655935316628,0.0050914119241515,96,0.0551543328746361,0.0045462206303031,96,2.1225912672879347e-05,8,0.00625,0.9875,kept,False
rep_127,Black - White,98,0.9949248461766296,0.9343594238091768,1.05608720150128,False,False,kept,0.0753351407907121,0.1188299511582823,0.2240094237897092,0.25,False,False,kept,single df,0.0965898371201122,0.008750490295232,97,0.0970825459744972,0.0085446916887306,97,7.222873577486448e-05,8,0.00625,0.9875,kept,False
rep_127,Hispanic - White,98,0.9994320917935232,0.8862637839716978,1.1097639145012688,False,False,kept,0.061975313619109,0.0945355882614301,0.2080383810398941,0.25,False,False,kept,single df,0.078211009027479,0.007397761915296,97,0.0782554509402695,0.0063965679070179,97,4.217559575739757e-05,8,0.00625,0.9875,kept,False
rep_127,Asian - White,98,0.9156619636651008,0.782885882563571,1.0459121532076616,False,False,kept,0.0741412438044412,0.1073081658489468,0.1827888120874155,0.25,False,False,kept,single df,0.0830731613745473,0.007725098766955,97,0.090724704826694,0.0065157456887263,97,4.042553062845184e-05,8,0.00625,0.9875,kept,True
rep_128,Republican - Democrat,98,0.990137679893592,0.9689854606985988,1.009090495474947,False,False,kept,0.1517356577949606,0.2316745096063513,0.2084943452418136,0.25,False,False,kept,single df,0.1898144267991743,0.015993001621821,97,0.1917050837006559,0.0157042377448494,97,0.0002501586689803,8,0.00625,0.9875,kept,False
rep_128,Female - Male,97,0.8952120333084088,0.6333027380838966,1.1453925190802468,False,False,attenuated or kept,0.043581295023332,0.0667273707259402,0.2098300758638356,0.25,False,False,attenuated or kept,single df,0.0493748224784718,0.007118983745691,96,0.0551543328746361,0.0045462206303031,96,2.113403922533763e-05,8,0.00625,0.9875,unresolved,False
rep_128,Black - White,98,1.019345767923468,0.9580093531050552,1.0828468970224707,False,False,kept,0.0753351407907121,0.1188299511582823,0.2240094237897092,0.25,False,False,kept,single df,0.0989606823783392,0.0088429218934598,97,0.0970825459744972,0.0085446916887306,97,7.292842977041197e-05,8,0.00625,0.9875,kept,False
rep_128,Hispanic - White,98,0.9882996196134096,0.880321733589601,1.0872289647454458,False,False,kept,0.061975313619109,0.0945355882614301,0.2080383810398941,0.25,False,False,kept,single df,0.0773398323969442,0.0075969871694745,97,0.0782554509402695,0.0063965679070179,97,4.452939343533412e-05,8,0.00625,0.9875,kept,False
rep_128,Asian - White,98,0.9899461082810752,0.8546697647472749,1.1107246716844628,False,False,kept,0.0741412438044412,0.1073081658489468,0.1827888120874155,0.25,False,False,kept,single df,0.089812568468135,0.0089050412982993,97,0.090724704826694,0.0065157456887263,97,5.093122095990299e-05,8,0.00625,0.9875,kept,True
rep_129,Republican - Democrat,98,0.9929398869043112,0.9706443901218172,1.0155585819122093,False,False,kept,0.1517356577949606,0.2316745096063513,0.2084943452418136,0.25,False,False,kept,single df,0.1903516241287108,0.0156252411675394,97,0.1917050837006559,0.0157042377448494,97,0.0002440049302434,8,0.00625,0.9875,kept,False
rep_129,Female - Male,97,0.8959227933360423,0.6172190574317369,1.164044555475435,False,False,attenuated or kept,0.043581295023332,0.0667273707259402,0.2098300758638356,0.25,False,False,attenuated or kept,single df,0.0494140239736299,0.0073741660067459,96,0.0551543328746361,0.0045462206303031,96,2.089140451628981e-05,8,0.00625,0.9875,unresolved,False
rep_129,Black - White,98,0.966945822875704,0.9013698408015316,1.0297746058461876,False,False,kept,0.0753351407907121,0.1188299511582823,0.2240094237897092,0.25,False,False,kept,single df,0.0938735623041785,0.0088107748717967,97,0.0970825459744972,0.0085446916887306,97,7.249669819121463e-05,8,0.00625,0.9875,kept,False
rep_129,Hispanic - White,98,1.0131086449933882,0.9155753430699732,1.1119397655600376,False,False,kept,0.061975313619109,0.0945355882614301,0.2080383810398941,0.25,False,False,kept,single df,0.079281273865443,0.0070374027724755,97,0.0782554509402695,0.0063965679070179,97,4.086551932879915e-05,8,0.00625,0.9875,kept,False
rep_129,Asian - White,98,1.0125196289351777,0.865834392556076,1.1639174288084086,False,False,kept,0.0741412438044412,0.1073081658489468,0.1827888120874155,0.25,False,False,kept,single df,0.0918605444663778,0.0080585309640396,97,0.090724704826694,0.0065157456887263,97,4.009246710627472e-05,8,0.00625,0.9875,kept,True
rep_130,Republican - Democrat,98,1.000145075343838,0.9782002882074906,1.0232779294331396,False,False,kept,0.1517356577949606,0.2316745096063513,0.2084943452418136,0.25,False,False,kept,single df,0.1917328953815893,0.015588495761319,97,0.1917050837006559,0.0157042377448494,97,0.0002434351612808,8,0.00625,0.9875,kept,False
rep_130,Female - Male,97,1.010841111885189,0.9265390996155578,1.0995735954463086,False,False,kept,0.043581295023332,0.0667273707259402,0.2098300758638356,0.25,False,False,kept,single df,0.055752267168283,0.0047398068675275,96,0.0551543328746361,0.0045462206303031,96,1.989808682268844e-05,8,0.00625,0.9875,kept,False
rep_130,Black - White,98,0.9803857095486096,0.9050910024147604,1.0515299680276204,False,False,kept,0.0753351407907121,0.1188299511582823,0.2240094237897092,0.25,False,False,kept,single df,0.0951783407199929,0.0091215125674083,97,0.0970825459744972,0.0085446916887306,97,7.444759858197705e-05,8,0.00625,0.9875,kept,False
rep_130,Hispanic - White,98,1.014137902563098,0.9014073719329776,1.1303677607581124,False,False,kept,0.061975313619109,0.0945355882614301,0.2080383810398941,0.25,False,False,kept,single df,0.0793618188806943,0.0071219606827558,97,0.0782554509402695,0.0063965679070179,97,3.991203817189535e-05,8,0.00625,0.9875,kept,False
rep_130,Asian - White,98,0.9517403890235536,0.8043164340521696,1.1014779110093815,False,False,kept,0.0741412438044412,0.1073081658489468,0.1827888120874155,0.25,False,False,kept,single df,0.0863463658658048,0.0079286934356772,97,0.090724704826694,0.0065157456887263,97,3.898531665942794e-05,8,0.00625,0.9875,kept,True
rep_131,Republican - Democrat,98,1.0076655946211668,0.9855371972987864,1.029413419297066,False,False,kept,0.1517356577949606,0.2316745096063513,0.2084943452418136,0.25,False,False,kept,single df,0.193174617159122,0.0159722052674903,97,0.1917050837006559,0.0157042377448494,97,0.0002495462415211,8,0.00625,0.9875,kept,False
rep_131,Female - Male,97,1.010435596176121,0.9377299487851626,1.0802852049661025,False,False,kept,0.043581295023332,0.0667273707259402,0.2098300758638356,0.25,False,False,kept,single df,0.0557299012198792,0.0049674713492803,96,0.0551543328746361,0.0045462206303031,96,2.15246386380804e-05,8,0.00625,0.9875,kept,False
rep_131,Black - White,98,0.958691499083936,0.8887643954841239,1.0231739224902572,False,False,kept,0.0753351407907121,0.1188299511582823,0.2240094237897092,0.25,False,False,kept,single df,0.0930722115351759,0.0089749305960257,97,0.0970825459744972,0.0085446916887306,97,7.375796654462883e-05,8,0.00625,0.9875,kept,False
rep_131,Hispanic - White,98,0.9289621909142832,0.8093680775827572,1.0367430819927503,False,False,kept,0.061975313619109,0.0945355882614301,0.2080383810398941,0.25,False,False,kept,single df,0.072696355156458,0.0075427807293762,97,0.0782554509402695,0.0063965679070179,97,4.3351817737848185e-05,8,0.00625,0.9875,kept,False
rep_131,Asian - White,98,0.9125527213661304,0.7027482258483848,1.1183274321030214,False,False,attenuated or kept,0.0741412438044412,0.1073081658489468,0.1827888120874155,0.25,False,False,attenuated or kept,single df,0.0827910762847385,0.0096382382149968,97,0.090724704826694,0.0065157456887263,97,4.1217071834766856e-05,8,0.00625,0.9875,unresolved,True
rep_132,Republican - Democrat,98,0.9896889046180228,0.9632208819803372,1.0176003946293666,False,False,kept,0.1517356577949606,0.2316745096063513,0.2084943452418136,0.25,False,False,kept,single df,0.1897283942974086,0.0154214095088133,97,0.1917050837006559,0.0157042377448494,97,0.0002401634247332,8,0.00625,0.9875,kept,False
rep_132,Female - Male,97,0.9612643319498596,0.8520824292412613,1.0684644858668229,False,False,kept,0.043581295023332,0.0667273707259402,0.2098300758638356,0.25,False,False,kept,single df,0.0530178929448773,0.0050204784762309,96,0.0551543328746361,0.0045462206303031,96,2.0312189484742947e-05,8,0.00625,0.9875,kept,False
rep_132,Black - White,98,0.9973451090942234,0.9341119288131448,1.0591703951296585,False,False,kept,0.0753351407907121,0.1188299511582823,0.2240094237897092,0.25,False,False,kept,single df,0.0968248024060799,0.0089424733909205,97,0.0970825459744972,0.0085446916887306,97,7.379075790687026e-05,8,0.00625,0.9875,kept,False
rep_132,Hispanic - White,98,0.98909886488838,0.8569518043292685,1.1132054188984013,False,False,kept,0.061975313619109,0.0945355882614301,0.2080383810398941,0.25,False,False,kept,single df,0.0774023776963489,0.0078775301876245,97,0.0782554509402695,0.0063965679070179,97,4.410622931842832e-05,8,0.00625,0.9875,kept,False
rep_132,Asian - White,98,0.9832567367051486,0.84953756918598,1.1173362257304431,False,False,kept,0.0741412438044412,0.1073081658489468,0.1827888120874155,0.25,False,False,kept,single df,0.089205677206433,0.0079139436902181,97,0.090724704826694,0.0065157456887263,97,4.15228334352682e-05,8,0.00625,0.9875,kept,True
rep_133,Republican - Democrat,98,0.9945138383516132,0.9654237700468428,1.022864893424723,False,False,kept,0.1517356577949606,0.2316745096063513,0.2084943452418136,0.25,False,False,kept,single df,0.1906533586226566,0.0158867435193917,97,0.1917050837006559,0.0157042377448494,97,0.0002472753075021,8,0.00625,0.9875,kept,False
rep_133,Female - Male,97,0.8910072582529277,0.636314359536172,1.1357303601738284,False,False,attenuated or kept,0.043581295023332,0.0667273707259402,0.2098300758638356,0.25,False,False,attenuated or kept,single df,0.0491429109153988,0.0069545163782155,96,0.0551543328746361,0.0045462206303031,96,2.065245054749061e-05,8,0.00625,0.9875,unresolved,False
rep_133,Black - White,98,1.0185654562498123,0.943558201739922,1.094902636349658,False,False,kept,0.0753351407907121,0.1188299511582823,0.2240094237897092,0.25,False,False,kept,single df,0.0988849277344071,0.0090437191967529,97,0.0970825459744972,0.0085446916887306,97,7.344828803972822e-05,8,0.00625,0.9875,kept,False
rep_133,Hispanic - White,98,1.0005197920334994,0.9040280228073694,1.1031871416966104,False,False,kept,0.061975313619109,0.0945355882614301,0.2080383810398941,0.25,False,False,kept,single df,0.0782961275002462,0.0066580974123239,97,0.0782554509402695,0.0063965679070179,97,3.814454937289744e-05,8,0.00625,0.9875,kept,False
rep_133,Asian - White,98,1.018239420372176,0.8904006676617906,1.1425610019085213,False,False,kept,0.0741412438044412,0.1073081658489468,0.1827888120874155,0.25,False,False,kept,single df,0.0923794708561697,0.0082423514565769,97,0.090724704826694,0.0065157456887263,97,4.538919743283893e-05,8,0.00625,0.9875,kept,True
rep_134,Republican - Democrat,98,1.015161383297682,0.989441374583768,1.0434140438321695,False,False,kept,0.1517356577949606,0.2316745096063513,0.2084943452418136,0.25,False,False,kept,single df,0.1946115979547558,0.0156252655530252,97,0.1917050837006559,0.0157042377448494,97,0.0002434901329517,8,0.00625,0.9875,kept,False
rep_134,Female - Male,97,0.93633878994575,0.8296820824409868,1.0367369947518792,False,False,kept,0.043581295023332,0.0667273707259402,0.2098300758638356,0.25,False,False,kept,single df,0.0516431413041019,0.0050552408857805,96,0.0551543328746361,0.0045462206303031,96,2.0756635150342896e-05,8,0.00625,0.9875,kept,False
rep_134,Black - White,98,1.009665026532337,0.9472492633905216,1.0747401957363405,False,False,kept,0.0753351407907121,0.1188299511582823,0.2240094237897092,0.25,False,False,kept,single df,0.0980208513571675,0.0087368380642616,97,0.0970825459744972,0.0085446916887306,97,7.187979502956072e-05,8,0.00625,0.9875,kept,False
rep_134,Hispanic - White,98,1.0710477633257738,0.9775101837147804,1.17499607533977,False,False,kept,0.061975313619109,0.0945355882614301,0.2080383810398941,0.25,False,False,kept,single df,0.0838153256976255,0.0067561563577898,97,0.0782554509402695,0.0063965679070179,97,3.911500331271628e-05,8,0.00625,0.9875,kept,False
rep_134,Asian - White,98,1.0308104429128209,0.8973140644895364,1.177914735992185,False,False,kept,0.0741412438044412,0.1073081658489468,0.1827888120874155,0.25,False,False,kept,single df,0.0935199731655394,0.0072112725359179,97,0.090724704826694,0.0065157456887263,97,3.54063491851375e-05,8,0.00625,0.9875,kept,True
rep_135,Republican - Democrat,98,1.0087135927985011,0.9748838677461706,1.0451466348830394,False,False,kept,0.1517356577949606,0.2316745096063513,0.2084943452418136,0.25,False,False,kept,single df,0.193375523737426,0.0156005643983352,97,0.1917050837006559,0.0157042377448494,97,0.0002417082159985,8,0.00625,0.9875,kept,False
rep_135,Female - Male,97,0.8928159995925301,0.6206186964813326,1.1561934273226002,False,False,attenuated or kept,0.043581295023332,0.0667273707259402,0.2098300758638356,0.25,False,False,attenuated or kept,single df,0.0492426708373274,0.0072235955657692,96,0.0551543328746361,0.0045462206303031,96,2.0431816680696788e-05,8,0.00625,0.9875,unresolved,False
rep_135,Black - White,98,0.974706888312643,0.9172344975484176,1.0263832261661836,False,False,kept,0.0753351407907121,0.1188299511582823,0.2240094237897092,0.25,False,False,kept,single df,0.0946270262962713,0.0090153716636609,97,0.0970825459744972,0.0085446916887306,97,7.51700730837446e-05,8,0.00625,0.9875,kept,False
rep_135,Hispanic - White,98,1.00028573447007,0.8977462505173274,1.1097648466238197,False,False,kept,0.061975313619109,0.0945355882614301,0.2080383810398941,0.25,False,False,kept,single df,0.078277811220074,0.0066943622843283,97,0.0782554509402695,0.0063965679070179,97,3.778944526473435e-05,8,0.00625,0.9875,kept,False
rep_135,Asian - White,98,1.0404602772142069,0.8748538252072452,1.212280026024552,False,False,kept,0.0741412438044412,0.1073081658489468,0.1827888120874155,0.25,False,False,kept,single df,0.0943954515341592,0.0085421218475656,97,0.090724704826694,0.0065157456887263,97,4.035708230646364e-05,8,0.00625,0.9875,kept,True
rep_136,Republican - Democrat,98,0.997845174552119,0.9745028342287528,1.0211247824619665,False,False,kept,0.1517356577949606,0.2316745096063513,0.2084943452418136,0.25,False,False,kept,single df,0.1912919927078096,0.0157749801107988,97,0.1917050837006559,0.0157042377448494,97,0.000246261871578,8,0.00625,0.9875,kept,False
rep_136,Female - Male,97,0.9080558429421844,0.651108741740961,1.157857946711229,False,False,attenuated or kept,0.043581295023332,0.0667273707259402,0.2098300758638356,0.25,False,False,attenuated or kept,single df,0.0500832142303915,0.0069826644741172,96,0.0551543328746361,0.0045462206303031,96,2.0370989732465136e-05,8,0.00625,0.9875,unresolved,False
rep_136,Black - White,98,0.9685542783206912,0.897848585014447,1.0358333877894066,False,False,kept,0.0753351407907121,0.1188299511582823,0.2240094237897092,0.25,False,False,kept,single df,0.0940297152538644,0.0089248411957834,97,0.0970825459744972,0.0085446916887306,97,7.308358204493297e-05,8,0.00625,0.9875,kept,False
rep_136,Hispanic - White,98,1.080130719524079,0.978684778932765,1.1840217345057775,False,False,kept,0.061975313619109,0.0945355882614301,0.2080383810398941,0.25,False,False,kept,single df,0.0845261165307946,0.0074080921492118,97,0.0782554509402695,0.0063965679070179,97,4.3088973384188415e-05,8,0.00625,0.9875,kept,False
rep_136,Asian - White,98,0.948433491716882,0.8290283997936949,1.0630550352192605,False,False,kept,0.0741412438044412,0.1073081658489468,0.1827888120874155,0.25,False,False,kept,single df,0.0860463485837649,0.007782751885407,97,0.090724704826694,0.0065157456887263,97,4.320327564956473e-05,8,0.00625,0.9875,kept,True
rep_137,Republican - Democrat,98,0.9887441782489804,0.9657448564052192,1.0104821709178535,False,False,kept,0.1517356577949606,0.2316745096063513,0.2084943452418136,0.25,False,False,kept,single df,0.189547285449757,0.0158298310417518,97,0.1917050837006559,0.0157042377448494,97,0.0002472696281859,8,0.00625,0.9875,kept,False
rep_137,Female - Male,97,1.04028221673001,0.9756553974100716,1.1037337236386442,False,False,kept,0.043581295023332,0.0667273707259402,0.2098300758638356,0.25,False,False,kept,single df,0.0573760716650913,0.0049755049962789,96,0.0551543328746361,0.0045462206303031,96,2.176439412641962e-05,8,0.00625,0.9875,kept,False
rep_137,Black - White,98,0.9809031848406838,0.9126836476545622,1.046156486163919,False,False,kept,0.0753351407907121,0.1188299511582823,0.2240094237897092,0.25,False,False,kept,single df,0.0952285785388264,0.0089678726201922,97,0.0970825459744972,0.0085446916887306,97,7.366710179232222e-05,8,0.00625,0.9875,kept,False
rep_137,Hispanic - White,98,0.9766046739645602,0.8455843935412178,1.1037038691297685,False,False,kept,0.061975313619109,0.0945355882614301,0.2080383810398941,0.25,False,False,kept,single df,0.0764246391514716,0.0075861173480463,97,0.0782554509402695,0.0063965679070179,97,4.17320789417947e-05,8,0.00625,0.9875,kept,False
rep_137,Asian - White,98,1.000967150924739,0.8483269431655669,1.159130529595121,False,False,kept,0.0741412438044412,0.1073081658489468,0.1827888120874155,0.25,False,False,kept,single df,0.0908124493088639,0.0080869262025946,97,0.090724704826694,0.0065157456887263,97,3.910421164888373e-05,8,0.00625,0.9875,kept,True
rep_138,Republican - Democrat,98,0.9919585984920376,0.9685421791004736,1.014562950772608,False,False,kept,0.1517356577949606,0.2316745096063513,0.2084943452418136,0.25,False,False,kept,single df,0.1901635061515014,0.0158087508636669,97,0.1917050837006559,0.0157042377448494,97,0.0002468433507613,8,0.00625,0.9875,kept,False
rep_138,Female - Male,97,0.9825962684904198,0.8612898093563148,1.1013433375837551,False,False,kept,0.043581295023332,0.0667273707259402,0.2098300758638356,0.25,False,False,kept,single df,0.0541944416736959,0.0052485966621142,96,0.0551543328746361,0.0045462206303031,96,2.088269058362692e-05,8,0.00625,0.9875,kept,False
rep_138,Black - White,98,0.9837367943024596,0.9204851891084412,1.0433195606419698,False,False,kept,0.0753351407907121,0.1188299511582823,0.2240094237897092,0.25,False,False,kept,single df,0.095503672559673,0.0089917922477097,97,0.0970825459744972,0.0085446916887306,97,7.435947986388344e-05,8,0.00625,0.9875,kept,False
rep_138,Hispanic - White,98,0.9440298027295884,0.826989681749644,1.0586027832420193,False,False,kept,0.061975313619109,0.0945355882614301,0.2080383810398941,0.25,False,False,kept,single df,0.0738754779136576,0.0071203367559925,97,0.0782554509402695,0.0063965679070179,97,3.974172148109629e-05,8,0.00625,0.9875,kept,False
rep_138,Asian - White,98,1.016071021933124,0.8867179303334877,1.14661845574726,False,False,kept,0.0741412438044412,0.1073081658489468,0.1827888120874155,0.25,False,False,kept,single df,0.09218274354784,0.0079423143123005,97,0.090724704826694,0.0065157456887263,97,4.240378818244335e-05,8,0.00625,0.9875,kept,True
rep_139,Republican - Democrat,98,0.99765976022369,0.9662311267022616,1.0285509331836065,False,False,kept,0.1517356577949606,0.2316745096063513,0.2084943452418136,0.25,False,False,kept,single df,0.1912564478384588,0.015926351984016,97,0.1917050837006559,0.0157042377448494,97,0.0002475042714512,8,0.00625,0.9875,kept,False
rep_139,Female - Male,97,1.035721579249295,0.9717519127556526,1.1047349528078596,False,False,kept,0.043581295023332,0.0667273707259402,0.2098300758638356,0.25,False,False,kept,single df,0.0571245327473594,0.0046699032464714,96,0.0551543328746361,0.0045462206303031,96,2.02747226956708e-05,8,0.00625,0.9875,kept,False
rep_139,Black - White,98,1.0244123839218646,0.9569192193540784,1.0960735388545244,False,False,kept,0.0753351407907121,0.1188299511582823,0.2240094237897092,0.25,False,False,kept,single df,0.0994525623589387,0.0087979253502477,97,0.0970825459744972,0.0085446916887306,97,7.191410962202744e-05,8,0.00625,0.9875,kept,False
rep_139,Hispanic - White,98,1.0249133054454458,0.8990019504089604,1.1524890293460883,False,False,kept,0.061975313619109,0.0945355882614301,0.2080383810398941,0.25,False,False,kept,single df,0.0802050528923156,0.0074810398032017,97,0.0782554509402695,0.0063965679070179,97,4.118275377260246e-05,8,0.00625,0.9875,kept,False
rep_139,Asian - White,98,1.0344987807976571,0.926789767859619,1.1487554390389507,False,False,kept,0.0741412438044412,0.1073081658489468,0.1827888120874155,0.25,False,False,kept,single df,0.0938545965314423,0.0072270559925961,97,0.090724704826694,0.0065157456887263,97,3.9898663224091176e-05,8,0.00625,0.9875,kept,True
rep_140,Republican - Democrat,98,1.0043132211127677,0.9789608114427448,1.030178006463396,False,False,kept,0.1517356577949606,0.2316745096063513,0.2084943452418136,0.25,False,False,kept,single df,0.1925319501150985,0.0157962381043829,97,0.1917050837006559,0.0157042377448494,97,0.0002462965428967,8,0.00625,0.9875,kept,False
rep_140,Female - Male,97,1.010508957460676,0.952850900813956,1.070759079971735,False,False,kept,0.043581295023332,0.0667273707259402,0.2098300758638356,0.25,False,False,kept,single df,0.0557339474125876,0.0046355487320806,96,0.0551543328746361,0.0045462206303031,96,2.0303719685429624e-05,8,0.00625,0.9875,kept,False
rep_140,Black - White,98,0.9562585347378568,0.8747853921136786,1.0300118379717575,False,False,kept,0.0753351407907121,0.1188299511582823,0.2240094237897092,0.25,False,False,kept,single df,0.0928360131621933,0.0092341947572523,97,0.0970825459744972,0.0085446916887306,97,7.515244259279018e-05,8,0.00625,0.9875,kept,False
rep_140,Hispanic - White,98,0.9719047440653212,0.8628244225818357,1.0793583742934665,False,False,kept,0.061975313619109,0.0945355882614301,0.2080383810398941,0.25,False,False,kept,single df,0.076056844017819,0.0071190266539489,97,0.0782554509402695,0.0063965679070179,97,4.050217621456553e-05,8,0.00625,0.9875,kept,False
rep_140,Asian - White,98,0.9832342701067004,0.8253653219879216,1.1415599505121437,False,False,kept,0.0741412438044412,0.1073081658489468,0.1827888120874155,0.25,False,False,kept,single df,0.0892036389309203,0.008437437247497,97,0.090724704826694,0.0065157456887263,97,4.146267355936747e-05,8,0.00625,0.9875,kept,True
rep_141,Republican - Democrat,98,0.9938895712840692,0.9680199650540152,1.019362464366789,False,False,kept,0.1517356577949606,0.2316745096063513,0.2084943452418136,0.25,False,False,kept,single df,0.1905336834522215,0.0157903195706449,97,0.1917050837006559,0.0157042377448494,97,0.0002461925518062,8,0.00625,0.9875,kept,False
rep_141,Female - Male,97,1.102885321881409,0.847629793143151,1.3625540903947924,False,False,kept or steepened,0.043581295023332,0.0667273707259402,0.2098300758638356,0.25,False,False,kept or steepened,single df,0.0608289041655974,0.0072594745351273,96,0.0551543328746361,0.0045462206303031,96,2.1804334160540923e-05,8,0.00625,0.9875,unresolved,False
rep_141,Black - White,98,0.9873297562660016,0.9282833866381696,1.0452410451165983,False,False,kept,0.0753351407907121,0.1188299511582823,0.2240094237897092,0.25,False,False,kept,single df,0.0958524864546832,0.0088004383835663,97,0.0970825459744972,0.0085446916887306,97,7.287100817543e-05,8,0.00625,0.9875,kept,False
rep_141,Hispanic - White,98,0.9898534173522416,0.9024270015162552,1.0786691426807418,False,False,kept,0.061975313619109,0.0945355882614301,0.2080383810398941,0.25,False,False,kept,single df,0.0774614255396665,0.0067726784950173,97,0.0782554509402695,0.0063965679070179,97,3.987263139661866e-05,8,0.00625,0.9875,kept,False
rep_141,Asian - White,98,0.956914756424294,0.796783833914044,1.1125500713357694,False,False,kept,0.0741412438044412,0.1073081658489468,0.1827888120874155,0.25,False,False,kept,single df,0.0868158088209019,0.0086468694999386,97,0.090724704826694,0.0065157456887263,97,4.338652220129824e-05,8,0.00625,0.9875,kept,True
rep_142,Republican - Democrat,98,0.994607836680552,0.9678306123591944,1.0201239160992923,False,False,kept,0.1517356577949606,0.2316745096063513,0.2084943452418136,0.25,False,False,kept,single df,0.1906713785801735,0.0159526025117587,97,0.1917050837006559,0.0157042377448494,97,0.0002487152417025,8,0.00625,0.9875,kept,False
rep_142,Female - Male,97,0.9827140183499854,0.8726812980164266,1.084812726156658,False,False,kept,0.043581295023332,0.0667273707259402,0.2098300758638356,0.25,False,False,kept,single df,0.0542009360886463,0.0053385454171342,96,0.0551543328746361,0.0045462206303031,96,2.209107169967949e-05,8,0.00625,0.9875,kept,False
rep_142,Black - White,98,1.0127014610435574,0.9420173525608532,1.084458958172414,False,False,kept,0.0753351407907121,0.1188299511582823,0.2240094237897092,0.25,False,False,kept,single df,0.0983156361502016,0.0089657994979248,97,0.0970825459744972,0.0085446916887306,97,7.31974117790449e-05,8,0.00625,0.9875,kept,False
rep_142,Hispanic - White,98,1.0236722752591565,0.8963913072715578,1.1497060224629825,False,False,kept,0.061975313619109,0.0945355882614301,0.2080383810398941,0.25,False,False,kept,single df,0.080107935515457,0.0076511499369186,97,0.0782554509402695,0.0063965679070179,97,4.244869175424901e-05,8,0.00625,0.9875,kept,False
rep_142,Asian - White,98,1.102349154922981,0.9430577054829145,1.2727485205938442,False,False,kept or steepened,0.0741412438044412,0.1073081658489468,0.1827888120874155,0.25,False,False,kept or steepened,single df,0.100010301696343,0.0083599254600554,97,0.090724704826694,0.0065157456887263,97,3.9978775198467e-05,8,0.00625,0.9875,unresolved,True
rep_143,Republican - Democrat,98,1.0020326986093273,0.9761817165914898,1.028147224106288,False,False,kept,0.1517356577949606,0.2316745096063513,0.2084943452418136,0.25,False,False,kept,single df,0.1920947623576952,0.0158068711450165,97,0.1917050837006559,0.0157042377448494,97,0.0002464092946854,8,0.00625,0.9875,kept,False
rep_143,Female - Male,97,1.0247212027843633,0.92005656481949,1.1250209381439562,False,False,kept,0.043581295023332,0.0667273707259402,0.2098300758638356,0.25,False,False,kept,single df,0.0565178143220663,0.0053311165069607,96,0.0551543328746361,0.0045462206303031,96,2.2158451299387384e-05,8,0.00625,0.9875,kept,False
rep_143,Black - White,98,0.9939343131044324,0.9283482843161628,1.0631695406088906,False,False,kept,0.0753351407907121,0.1188299511582823,0.2240094237897092,0.25,False,False,kept,single df,0.0964936736475914,0.0085668875051885,97,0.0970825459744972,0.0085446916887306,97,7.00473317168147e-05,8,0.00625,0.9875,kept,False
rep_143,Hispanic - White,98,0.9212729792764272,0.8150195085615289,1.0180527102314858,False,False,kept,0.061975313619109,0.0945355882614301,0.2080383810398941,0.25,False,False,kept,single df,0.0720946324323624,0.0072057019890592,97,0.0782554509402695,0.0063965679070179,97,4.197921482674404e-05,8,0.00625,0.9875,kept,False
rep_143,Asian - White,98,0.9782554537074382,0.8244474414018665,1.124563278913348,False,False,kept,0.0741412438044412,0.1073081658489468,0.1827888120874155,0.25,False,False,kept,single df,0.088751937282711,0.0087908366112229,97,0.090724704826694,0.0065157456887263,97,4.6137658688761496e-05,8,0.00625,0.9875,kept,True
rep_144,Republican - Democrat,98,0.9977511956703572,0.9736337508753958,1.020720125104033,False,False,kept,0.1517356577949606,0.2316745096063513,0.2084943452418136,0.25,False,False,kept,single df,0.1912739764784153,0.0159605779663597,97,0.1917050837006559,0.0157042377448494,97,0.0002491848575977,8,0.00625,0.9875,kept,False
rep_144,Female - Male,97,1.126689958526906,0.8662749606613289,1.3902562145672013,False,False,kept or steepened,0.043581295023332,0.0667273707259402,0.2098300758638356,0.25,False,False,kept or steepened,single df,0.0621418330191029,0.0074461086471006,96,0.0551543328746361,0.0045462206303031,96,2.2579492297612782e-05,8,0.00625,0.9875,unresolved,False
rep_144,Black - White,98,0.9990463583994506,0.9255350896311312,1.0686980467814569,False,False,kept,0.0753351407907121,0.1188299511582823,0.2240094237897092,0.25,False,False,kept,single df,0.0969899640199687,0.0092345723786111,97,0.0970825459744972,0.0085446916887306,97,7.56090584130115e-05,8,0.00625,0.9875,kept,False
rep_144,Hispanic - White,98,0.9502986970355124,0.8467273921448512,1.0534431668043291,False,False,kept,0.061975313619109,0.0945355882614301,0.2080383810398941,0.25,False,False,kept,single df,0.0743660530644646,0.0068541292258905,97,0.0782554509402695,0.0063965679070179,97,3.907552725507586e-05,8,0.00625,0.9875,kept,False
rep_144,Asian - White,98,0.9186434988203472,0.7820021922740811,1.0560387757124212,False,False,kept,0.0741412438044412,0.1073081658489468,0.1827888120874155,0.25,False,False,kept,single df,0.0833436602714374,0.0076180987300244,97,0.090724704826694,0.0065157456887263,97,3.853794161757154e-05,8,0.00625,0.9875,kept,True
rep_145,Republican - Democrat,98,0.993577169355467,0.9634317976066502,1.023997744734716,False,False,kept,0.1517356577949606,0.2316745096063513,0.2084943452418136,0.25,False,False,kept,single df,0.1904737944143506,0.0157148950960301,97,0.1917050837006559,0.0157042377448494,97,0.0002442923273373,8,0.00625,0.9875,kept,False
rep_145,Female - Male,97,1.027424682032971,0.9589432516505172,1.1010885205904926,False,False,kept,0.043581295023332,0.0667273707259402,0.2098300758638356,0.25,False,False,kept,single df,0.0566669229164637,0.0046574327968928,96,0.0551543328746361,0.0045462206303031,96,2.0072119923519032e-05,8,0.00625,0.9875,kept,False
rep_145,Black - White,98,0.9724557902249918,0.9007624016129512,1.0377218033982434,False,False,kept,0.0753351407907121,0.1188299511582823,0.2240094237897092,0.25,False,False,kept,single df,0.0944084839626838,0.0091732959154404,97,0.0970825459744972,0.0085446916887306,97,7.544195367838829e-05,8,0.00625,0.9875,kept,False
rep_145,Hispanic - White,98,0.9306207328612458,0.8167083615386054,1.0431365286527612,False,False,kept,0.061975313619109,0.0945355882614301,0.2080383810398941,0.25,False,False,kept,single df,0.0728261451044209,0.0069428792266844,97,0.0782554509402695,0.0063965679070179,97,3.870893041129677e-05,8,0.00625,0.9875,kept,False
rep_145,Asian - White,98,0.9106748904381344,0.7045679351688238,1.106025233265728,False,False,attenuated or kept,0.0741412438044412,0.1073081658489468,0.1827888120874155,0.25,False,False,attenuated or kept,single df,0.0826207106280817,0.0098331875791874,97,0.090724704826694,0.0065157456887263,97,4.526830727438107e-05,8,0.00625,0.9875,unresolved,True
rep_146,Republican - Democrat,98,0.9973289971985776,0.972485771831973,1.0215493813588403,False,False,kept,0.1517356577949606,0.2316745096063513,0.2084943452418136,0.25,False,False,kept,single df,0.1911930388850446,0.015872736384677,97,0.1917050837006559,0.0157042377448494,97,0.0002476543694904,8,0.00625,0.9875,kept,False
rep_146,Female - Male,97,0.9363204218364076,0.8193250001723784,1.04538636798287,False,False,kept,0.043581295023332,0.0667273707259402,0.2098300758638356,0.25,False,False,kept,single df,0.0516421282232849,0.0052132223728141,96,0.0551543328746361,0.0045462206303031,96,2.1131185180600795e-05,8,0.00625,0.9875,kept,False
rep_146,Black - White,98,1.003560974194552,0.9447070874561152,1.0626223109752255,False,False,kept,0.0753351407907121,0.1188299511582823,0.2240094237897092,0.25,False,False,kept,single df,0.0974282544154538,0.0088345174886062,97,0.0970825459744972,0.0085446916887306,97,7.312840323994478e-05,8,0.00625,0.9875,kept,False
rep_146,Hispanic - White,98,1.0055015503293083,0.899635007813997,1.1207012122099285,False,False,kept,0.061975313619109,0.0945355882614301,0.2080383810398941,0.25,False,False,kept,single df,0.0786859772421601,0.0066264823557448,97,0.0782554509402695,0.0063965679070179,97,3.692044101624787e-05,8,0.00625,0.9875,kept,False
rep_146,Asian - White,98,1.0132466784205605,0.8655516936297579,1.1555094331941056,False,False,kept,0.0741412438044412,0.1073081658489468,0.1827888120874155,0.25,False,False,kept,single df,0.0919265058163335,0.0087266166283211,97,0.090724704826694,0.0065157456887263,97,4.635327242096258e-05,8,0.00625,0.9875,kept,True
rep_147,Republican - Democrat,98,1.007676302117008,0.9777392840053004,1.0382023213982314,False,False,kept,0.1517356577949606,0.2316745096063513,0.2084943452418136,0.25,False,False,kept,single df,0.1931766698405085,0.0158796196003159,97,0.1917050837006559,0.0157042377448494,97,0.0002469180407061,8,0.00625,0.9875,kept,False
rep_147,Female - Male,97,0.939457372788036,0.873106034679403,0.9996429514050444,False,False,kept,0.043581295023332,0.0667273707259402,0.2098300758638356,0.25,False,False,kept,single df,0.0518151446602824,0.0047573879438536,96,0.0551543328746361,0.0045462206303031,96,2.080028085879152e-05,8,0.00625,0.9875,kept,False
rep_147,Black - White,98,1.0012818231760254,0.928419520269463,1.071887473032288,False,False,kept,0.0753351407907121,0.1188299511582823,0.2240094237897092,0.25,False,False,kept,single df,0.0972069886319149,0.0091340721511826,97,0.0970825459744972,0.0085446916887306,97,7.466466771163448e-05,8,0.00625,0.9875,kept,False
rep_147,Hispanic - White,98,0.9851023451436328,0.8583566249635936,1.119078845381382,False,False,kept,0.061975313619109,0.0945355882614301,0.2080383810398941,0.25,False,False,kept,single df,0.077089628241532,0.0069729602646633,97,0.0782554509402695,0.0063965679070179,97,3.703653208455005e-05,8,0.00625,0.9875,kept,False
rep_147,Asian - White,98,1.067034376098999,0.9228039235303972,1.214617522483343,False,False,kept,0.0741412438044412,0.1073081658489468,0.1827888120874155,0.25,False,False,kept,single df,0.0968063788115173,0.0083718161485104,97,0.090724704826694,0.0065157456887263,97,4.324198628312465e-05,8,0.00625,0.9875,kept,True
rep_148,Republican - Democrat,98,0.9995380218855034,0.9708920184143074,1.027299320368435,False,False,kept,0.1517356577949606,0.2316745096063513,0.2084943452418136,0.25,False,False,kept,single df,0.1916165201475485,0.0159846748395121,97,0.1917050837006559,0.0157042377448494,97,0.0002489097071386,8,0.00625,0.9875,kept,False
rep_148,Female - Male,97,1.086557989219548,0.8319880147806661,1.3472819418683624,False,False,kept or steepened,0.043581295023332,0.0667273707259402,0.2098300758638356,0.25,False,False,kept or steepened,single df,0.0599283810250102,0.0071543931631813,96,0.0551543328746361,0.0045462206303031,96,2.107629531765645e-05,8,0.00625,0.9875,unresolved,False
rep_148,Black - White,98,0.9796040223695552,0.9104914950309854,1.044325636316308,False,False,kept,0.0753351407907121,0.1188299511582823,0.2240094237897092,0.25,False,False,kept,single df,0.0951024525384947,0.0090658653665521,97,0.0970825459744972,0.0085446916887306,97,7.455668482950019e-05,8,0.00625,0.9875,kept,False
rep_148,Hispanic - White,98,0.9542695630021008,0.8425293055440753,1.0678494144036192,False,False,kept,0.061975313619109,0.0945355882614301,0.2080383810398941,0.25,False,False,kept,single df,0.0746767949713033,0.0068666321318608,97,0.0782554509402695,0.0063965679070179,97,3.821304617314882e-05,8,0.00625,0.9875,kept,False
rep_148,Asian - White,98,1.052693280983584,0.9061720040047484,1.2052175097380855,False,False,kept,0.0741412438044412,0.1073081658489468,0.1827888120874155,0.25,False,False,kept,single df,0.0955052871902797,0.0081690643509288,97,0.090724704826694,0.0065157456887263,97,4.10056070828033e-05,8,0.00625,0.9875,kept,True
rep_149,Republican - Democrat,98,0.9829249072501391,0.9575424927462002,1.0076711910232643,False,False,kept,0.1517356577949606,0.2316745096063513,0.2084943452418136,0.25,False,False,kept,single df,0.1884317016158474,0.015654860473179,97,0.1917050837006559,0.0157042377448494,97,0.0002441380482122,8,0.00625,0.9875,kept,False
rep_149,Female - Male,97,1.060672751515573,0.9500865787166536,1.1703931796286426,False,False,kept,0.043581295023332,0.0667273707259402,0.2098300758638356,0.25,False,False,kept,single df,0.0585006980081461,0.0053953016231236,96,0.0551543328746361,0.0045462206303031,96,2.211636797707152e-05,8,0.00625,0.9875,kept,False
rep_149,Black - White,98,1.0174054277534994,0.9630950940209,1.0735468949119291,False,False,kept,0.0753351407907121,0.1188299511582823,0.2240094237897092,0.25,False,False,kept,single df,0.0987723092145821,0.0087871828251301,97,0.0970825459744972,0.0085446916887306,97,7.30172629852806e-05,8,0.00625,0.9875,kept,False
rep_149,Hispanic - White,98,1.0377130746261,0.9326577220571453,1.149647871100381,False,False,kept,0.061975313619109,0.0945355882614301,0.2080383810398941,0.25,False,False,kept,single df,0.081206704601479,0.0069454635716924,97,0.0782554509402695,0.0063965679070179,97,3.93480426528249e-05,8,0.00625,0.9875,kept,False
rep_149,Asian - White,98,1.027121242274457,0.8964346241061859,1.1685385785921123,False,False,kept,0.0741412438044412,0.1073081658489468,0.1827888120874155,0.25,False,False,kept,single df,0.0931852715265773,0.0073451309658746,97,0.090724704826694,0.0065157456887263,97,3.701661665347392e-05,8,0.00625,0.9875,kept,True
rep_150,Republican - Democrat,98,0.992120286230032,0.9657748749514576,1.0169024316993074,False,False,kept,0.1517356577949606,0.2316745096063513,0.2084943452418136,0.25,False,False,kept,single df,0.190194502512847,0.0159596859356214,97,0.1917050837006559,0.0157042377448494,97,0.0002489215291899,8,0.00625,0.9875,kept,False
rep_150,Female - Male,97,0.9055714506521712,0.647686176774967,1.1520497826047835,False,False,attenuated or kept,0.043581295023332,0.0667273707259402,0.2098300758638356,0.25,False,False,attenuated or kept,single df,0.0499461892310369,0.0070787711594599,96,0.0551543328746361,0.0045462206303031,96,2.1275928910674155e-05,8,0.00625,0.9875,unresolved,False
rep_150,Black - White,98,0.9947371435467708,0.9256900738619358,1.063591618807098,False,False,kept,0.0753351407907121,0.1188299511582823,0.2240094237897092,0.25,False,False,kept,single df,0.0965716144709194,0.0088927072440844,97,0.0970825459744972,0.0085446916887306,97,7.27605863832556e-05,8,0.00625,0.9875,kept,False
rep_150,Hispanic - White,98,0.8888813376390143,0.7358898747257075,1.0296741305579062,False,False,attenuated or kept,0.061975313619109,0.0945355882614301,0.2080383810398941,0.25,False,False,attenuated or kept,single df,0.069559809909331,0.0078496974329627,97,0.0782554509402695,0.0063965679070179,97,4.1886178375281415e-05,8,0.00625,0.9875,unresolved,False
rep_150,Asian - White,98,0.9561869116520322,0.7868007180128865,1.1272182514986318,False,False,kept,0.0741412438044412,0.1073081658489468,0.1827888120874155,0.25,False,False,kept,single df,0.0867497753187788,0.0085126802805545,97,0.090724704826694,0.0065157456887263,97,3.95845721056319e-05,8,0.00625,0.9875,kept,True
rep_151,Republican - Democrat,98,1.0202842548719142,0.9915913820347272,1.0519856815101296,False,False,kept,0.1517356577949606,0.2316745096063513,0.2084943452418136,0.25,False,False,kept,single df,0.1955936784786817,0.0156527293140089,97,0.1917050837006559,0.0157042377448494,97,0.0002434622389304,8,0.00625,0.9875,kept,False
rep_151,Female - Male,97,1.0588686767178648,0.993268723447988,1.133288990948242,False,False,kept,0.043581295023332,0.0667273707259402,0.2098300758638356,0.25,False,False,kept,single df,0.0584011954662226,0.0046013874849614,96,0.0551543328746361,0.0045462206303031,96,1.9905731399303545e-05,8,0.00625,0.9875,kept,False
rep_151,Black - White,98,1.0197248383372317,0.961076948650864,1.083383072683406,False,False,kept,0.0753351407907121,0.1188299511582823,0.2240094237897092,0.25,False,False,kept,single df,0.098997483499211,0.0086034407564768,97,0.0970825459744972,0.0085446916887306,97,7.098980573951926e-05,8,0.00625,0.9875,kept,False
rep_151,Hispanic - White,98,0.9790678138686028,0.8672981982514049,1.0867125105445543,False,False,kept,0.061975313619109,0.0945355882614301,0.2080383810398941,0.25,False,False,kept,single df,0.0766173932753914,0.0073318364228216,97,0.0782554509402695,0.0063965679070179,97,4.192504123224476e-05,8,0.00625,0.9875,kept,False
rep_151,Asian - White,98,1.0357787792302078,0.9117481347638982,1.1665787173252296,False,False,kept,0.0741412438044412,0.1073081658489468,0.1827888120874155,0.25,False,False,kept,single df,0.0939707240114141,0.0075406313523637,97,0.090724704826694,0.0065157456887263,97,3.981689079257085e-05,8,0.00625,0.9875,kept,True
rep_152,Republican - Democrat,98,1.0039972925238203,0.9793755857376292,1.0293636015210903,False,False,kept,0.1517356577949606,0.2316745096063513,0.2084943452418136,0.25,False,False,kept,single df,0.1924713849985109,0.015745827559533,97,0.1917050837006559,0.0157042377448494,97,0.000245588504161,8,0.00625,0.9875,kept,False
rep_152,Female - Male,97,1.0132908374947518,0.8948806089779047,1.1295676503430017,False,False,kept,0.043581295023332,0.0667273707259402,0.2098300758638356,0.25,False,False,kept,single df,0.0558873801500043,0.0053263413439821,96,0.0551543328746361,0.0045462206303031,96,2.142151037148987e-05,8,0.00625,0.9875,kept,False
rep_152,Black - White,98,1.0095632668128534,0.951973550382086,1.0680359552422292,False,False,kept,0.0753351407907121,0.1188299511582823,0.2240094237897092,0.25,False,False,kept,single df,0.0980109722645224,0.0088225103086592,97,0.0970825459744972,0.0085446916887306,97,7.309986260577823e-05,8,0.00625,0.9875,kept,False
rep_152,Hispanic - White,98,1.0281079512111777,0.8988258264919137,1.157620188260553,False,False,kept,0.061975313619109,0.0945355882614301,0.2080383810398941,0.25,False,False,kept,single df,0.0804550513373073,0.0076274888023385,97,0.0782554509402695,0.0063965679070179,97,4.196208387492199e-05,8,0.00625,0.9875,kept,False
rep_152,Asian - White,98,0.9378868214007786,0.7934624309278332,1.077401963360608,False,False,kept,0.0741412438044412,0.1073081658489468,0.1827888120874155,0.25,False,False,kept,single df,0.0850895050324319,0.0082308759453514,97,0.090724704826694,0.0065157456887263,97,4.283271005837474e-05,8,0.00625,0.9875,kept,True
rep_153,Republican - Democrat,98,1.0009025465079349,0.9737336334128548,1.0289507841177403,False,False,kept,0.1517356577949606,0.2316745096063513,0.2084943452418136,0.25,False,False,kept,single df,0.1918781064545033,0.0156980150301484,97,0.1917050837006559,0.0157042377448494,97,0.0002444597128669,8,0.00625,0.9875,kept,False
rep_153,Female - Male,97,1.0256970457289571,0.9079709052466216,1.14295103647995,False,False,kept,0.043581295023332,0.0667273707259402,0.2098300758638356,0.25,False,False,kept,single df,0.0565716362886657,0.0053062115567899,96,0.0551543328746361,0.0045462206303031,96,2.1305171743915263e-05,8,0.00625,0.9875,kept,False
rep_153,Black - White,98,0.9918274197316984,0.9294863104648992,1.055039448487046,False,False,kept,0.0753351407907121,0.1188299511582823,0.2240094237897092,0.25,False,False,kept,single df,0.0962891310748695,0.0087221249263929,97,0.0970825459744972,0.0085446916887306,97,7.181326542279019e-05,8,0.00625,0.9875,kept,False
rep_153,Hispanic - White,98,0.9551583652360636,0.8046766916388132,1.092683826844131,False,False,kept,0.061975313619109,0.0945355882614301,0.2080383810398941,0.25,False,False,kept,single df,0.0747463485909188,0.0081999881076639,97,0.0782554509402695,0.0063965679070179,97,4.494055987244634e-05,8,0.00625,0.9875,kept,False
rep_153,Asian - White,98,1.0098177626445104,0.8957575325379372,1.1276801280150797,False,False,kept,0.0741412438044412,0.1073081658489468,0.1827888120874155,0.25,False,False,kept,single df,0.0916154184446758,0.0074221468227425,97,0.090724704826694,0.0065157456887263,97,4.053685537054291e-05,8,0.00625,0.9875,kept,True
rep_154,Republican - Democrat,98,1.0018375475246784,0.9799057977433931,1.0240491634413829,False,False,kept,0.1517356577949606,0.2316745096063513,0.2084943452418136,0.25,False,False,kept,single df,0.1920573509026784,0.0157687133260932,97,0.1917050837006559,0.0157042377448494,97,0.0002463168760286,8,0.00625,0.9875,kept,False
rep_154,Female - Male,97,1.0229744436795551,0.8831097911604856,1.1569744414920522,False,False,kept,0.043581295023332,0.0667273707259402,0.2098300758638356,0.25,False,False,kept,single df,0.0564214729889479,0.0057211448795972,96,0.0551543328746361,0.0045462206303031,96,2.245886055861979e-05,8,0.00625,0.9875,kept,False
rep_154,Black - White,98,0.98121819239807,0.9106224168704428,1.04790355337169,False,False,kept,0.0753351407907121,0.1188299511582823,0.2240094237897092,0.25,False,False,kept,single df,0.0952591602744987,0.0090610974142831,97,0.0970825459744972,0.0085446916887306,97,7.434251858059351e-05,8,0.00625,0.9875,kept,False
rep_154,Hispanic - White,98,0.9380853833460482,0.8380463360512471,1.0308637386382788,False,False,kept,0.061975313619109,0.0945355882614301,0.2080383810398941,0.25,False,False,kept,single df,0.0734102946942206,0.0071106630742895,97,0.0782554509402695,0.0063965679070179,97,4.166629993140965e-05,8,0.00625,0.9875,kept,False
rep_154,Asian - White,98,1.0609619616384451,0.943621030092508,1.182108165389566,False,False,kept,0.0741412438044412,0.1073081658489468,0.1827888120874155,0.25,False,False,kept,single df,0.0962554608019982,0.0077646538766429,97,0.090724704826694,0.0065157456887263,97,4.270625296433015e-05,8,0.00625,0.9875,kept,True
rep_155,Republican - Democrat,98,0.9951519003127146,0.9737409731113624,1.0157568693846055,False,False,kept,0.1517356577949606,0.2316745096063513,0.2084943452418136,0.25,False,False,kept,single df,0.1907756783443158,0.0158424837570982,97,0.1917050837006559,0.0157042377448494,97,0.0002476143165916,8,0.00625,0.9875,kept,False
rep_155,Female - Male,97,1.1399637239305982,0.8809717427070701,1.4099423835871985,False,False,kept or steepened,0.043581295023332,0.0667273707259402,0.2098300758638356,0.25,False,False,kept or steepened,single df,0.062873938694678,0.0072537052244696,96,0.0551543328746361,0.0045462206303031,96,2.10957395858092e-05,8,0.00625,0.9875,unresolved,False
rep_155,Black - White,98,0.9871908017856617,0.9216363814868592,1.054506397703175,False,False,kept,0.0753351407907121,0.1188299511582823,0.2240094237897092,0.25,False,False,kept,single df,0.0958389963999572,0.0086515319471341,97,0.0970825459744972,0.0085446916887306,97,7.085958019287162e-05,8,0.00625,0.9875,kept,False
rep_155,Hispanic - White,98,1.000237402723369,0.8740322474796891,1.121309185092839,False,False,kept,0.061975313619109,0.0945355882614301,0.2080383810398941,0.25,False,False,kept,single df,0.0782740289974412,0.0077071198772355,97,0.0782554509402695,0.0063965679070179,97,4.324727369808849e-05,8,0.00625,0.9875,kept,False
rep_155,Asian - White,98,0.908680331098688,0.7777206677187367,1.0467526008757109,False,False,kept,0.0741412438044412,0.1073081658489468,0.1827888120874155,0.25,False,False,kept,single df,0.0824397548207511,0.0070231984281541,97,0.090724704826694,0.0065157456887263,97,3.421010448996354e-05,8,0.00625,0.9875,kept,True
rep_156,Republican - Democrat,98,0.9954419274712566,0.9643739182980946,1.0247340288525606,False,False,kept,0.1517356577949606,0.2316745096063513,0.2084943452418136,0.25,False,False,kept,single df,0.1908312780250195,0.0160907478818944,97,0.1917050837006559,0.0157042377448494,97,0.0002503177053358,8,0.00625,0.9875,kept,False
rep_156,Female - Male,97,1.073019662473507,0.8219818799070173,1.3301373948929762,False,False,kept or steepened,0.043581295023332,0.0667273707259402,0.2098300758638356,0.25,False,False,kept or steepened,single df,0.0591816836450935,0.0070593605315073,96,0.0551543328746361,0.0045462206303031,96,2.081309386876341e-05,8,0.00625,0.9875,unresolved,False
rep_156,Black - White,98,0.9951471807606788,0.927546423741598,1.059274148796775,False,False,kept,0.0753351407907121,0.1188299511582823,0.2240094237897092,0.25,False,False,kept,single df,0.0966114219275899,0.009114448880101,97,0.0970825459744972,0.0085446916887306,97,7.505779480912693e-05,8,0.00625,0.9875,kept,False
rep_156,Hispanic - White,98,1.0792365273974875,0.9731681659425806,1.1853519182976875,False,False,kept,0.061975313619109,0.0945355882614301,0.2080383810398941,0.25,False,False,kept,single df,0.0844561411227009,0.0076020626501803,97,0.0782554509402695,0.0063965679070179,97,4.41368609079459e-05,8,0.00625,0.9875,kept,False
rep_156,Asian - White,98,1.057598242290566,0.9189674873558374,1.2041985213010309,False,False,kept,0.0741412438044412,0.1073081658489468,0.1827888120874155,0.25,False,False,kept,single df,0.095950288357042,0.0078800782123361,97,0.090724704826694,0.0065157456887263,97,4.000617085316481e-05,8,0.00625,0.9875,kept,True
rep_157,Republican - Democrat,98,0.991416466203881,0.9625398778873524,1.01989641525374,False,False,kept,0.1517356577949606,0.2316745096063513,0.2084943452418136,0.25,False,False,kept,single df,0.1900595766358235,0.0157798759542847,97,0.1917050837006559,0.0157042377448494,97,0.0002455824265385,8,0.00625,0.9875,kept,False
rep_157,Female - Male,97,1.1142384834500705,0.8559537771692667,1.378258247771855,False,False,kept or steepened,0.043581295023332,0.0667273707259402,0.2098300758638356,0.25,False,False,kept or steepened,single df,0.0614550802179349,0.0073071258024899,96,0.0551543328746361,0.0045462206303031,96,2.1742395651081328e-05,8,0.00625,0.9875,unresolved,False
rep_157,Black - White,98,1.0548221793962038,0.99654332808006,1.1250662194638754,False,False,kept,0.0753351407907121,0.1188299511582823,0.2240094237897092,0.25,False,False,kept,single df,0.1024048227261513,0.0083337761267152,97,0.0970825459744972,0.0085446916887306,97,6.87466002104375e-05,8,0.00625,0.9875,kept,False
rep_157,Hispanic - White,98,1.043235633803186,0.9339247216973968,1.1499550394486608,False,False,kept,0.061975313619109,0.0945355882614301,0.2080383810398941,0.25,False,False,kept,single df,0.0816388749602262,0.0075846574464275,97,0.0782554509402695,0.0063965679070179,97,4.385707766969514e-05,8,0.00625,0.9875,kept,False
rep_157,Asian - White,98,0.90347350248443,0.7445370891045145,1.053335476584681,False,False,attenuated or kept,0.0741412438044412,0.1073081658489468,0.1827888120874155,0.25,False,False,attenuated or kept,single df,0.0819673668316393,0.0086010415745468,97,0.090724704826694,0.0065157456887263,97,4.392954678358202e-05,8,0.00625,0.9875,unresolved,True
rep_158,Republican - Democrat,98,0.9941772167254068,0.9688995803101856,1.0192176492508014,False,False,kept,0.1517356577949606,0.2316745096063513,0.2084943452418136,0.25,False,False,kept,single df,0.1905888265456293,0.0157630614156268,97,0.1917050837006559,0.0157042377448494,97,0.0002458306794026,8,0.00625,0.9875,kept,False
rep_158,Female - Male,97,0.8421408048636673,0.5779392267864003,1.1010275671361691,False,False,attenuated or kept,0.043581295023332,0.0667273707259402,0.2098300758638356,0.25,False,False,attenuated or kept,single df,0.0464477142787647,0.0068819010903796,96,0.0551543328746361,0.0045462206303031,96,1.859799705198341e-05,8,0.00625,0.9875,unresolved,False
rep_158,Black - White,98,1.009224522427414,0.953705145330253,1.0666632323490886,False,False,kept,0.0753351407907121,0.1188299511582823,0.2240094237897092,0.25,False,False,kept,single df,0.0979780860971494,0.0087232504279973,97,0.0970825459744972,0.0085446916887306,97,7.23590158655518e-05,8,0.00625,0.9875,kept,False
rep_158,Hispanic - White,98,0.942853874269686,0.8040917421786828,1.0745190816746977,False,False,kept,0.061975313619109,0.0945355882614301,0.2080383810398941,0.25,False,False,kept,single df,0.0737834551017545,0.0076778987616432,97,0.0782554509402695,0.0063965679070179,97,4.1787346955055335e-05,8,0.00625,0.9875,kept,False
rep_158,Asian - White,98,0.9558367934936626,0.8328645864705978,1.074328260713221,False,False,kept,0.0741412438044412,0.1073081658489468,0.1827888120874155,0.25,False,False,kept,single df,0.0867180109522062,0.0078704783229736,97,0.090724704826694,0.0065157456887263,97,4.333162700420676e-05,8,0.00625,0.9875,kept,True
rep_159,Republican - Democrat,98,0.9765803430550244,0.95008697440525,1.0009752767527602,False,False,kept,0.1517356577949606,0.2316745096063513,0.2084943452418136,0.25,False,False,kept,single df,0.1872154164057787,0.0158061742948985,97,0.1917050837006559,0.0157042377448494,97,0.0002465411484099,8,0.00625,0.9875,kept,False
rep_159,Female - Male,97,0.9172208752565806,0.6544924210606109,1.1661534671006994,False,False,attenuated or kept,0.043581295023332,0.0667273707259402,0.2098300758638356,0.25,False,False,attenuated or kept,single df,0.0505887054734665,0.0072398803894853,96,0.0551543328746361,0.0045462206303031,96,2.2052722006784063e-05,8,0.00625,0.9875,unresolved,False
rep_159,Black - White,98,0.9875220422106916,0.9264606089440364,1.043537476368473,False,False,kept,0.0753351407907121,0.1188299511582823,0.2240094237897092,0.25,False,False,kept,single df,0.0958711540637488,0.0091002415065958,97,0.0970825459744972,0.0085446916887306,97,7.558745069499866e-05,8,0.00625,0.9875,kept,False
rep_159,Hispanic - White,98,0.9890465040334842,0.8502045697708078,1.1280451588070266,False,False,kept,0.061975313619109,0.0945355882614301,0.2080383810398941,0.25,False,False,kept,single df,0.0773982801740374,0.0075722903688693,97,0.0782554509402695,0.0063965679070179,97,4.039703271986606e-05,8,0.00625,0.9875,kept,False
rep_159,Asian - White,98,0.927467763731946,0.8155177492011303,1.041712930140358,False,False,kept,0.0741412438044412,0.1073081658489468,0.1827888120874155,0.25,False,False,kept,single df,0.0841442391008548,0.0070436892749401,97,0.090724704826694,0.0065157456887263,97,3.796613253664488e-05,8,0.00625,0.9875,kept,True
rep_160,Republican - Democrat,98,1.0135346252722424,0.9893942703772226,1.0400137028595495,False,False,kept,0.1517356577949606,0.2316745096063513,0.2084943452418136,0.25,False,False,kept,single df,0.1942997401713282,0.0156188825733955,97,0.1917050837006559,0.0157042377448494,97,0.0002436151441562,8,0.00625,0.9875,kept,False
rep_160,Female - Male,97,0.9159488473306276,0.6619051930161953,1.1632445445636004,False,False,attenuated or kept,0.043581295023332,0.0667273707259402,0.2098300758638356,0.25,False,False,attenuated or kept,single df,0.0505185476218127,0.0069502555555007,96,0.0551543328746361,0.0045462206303031,96,2.04450361606512e-05,8,0.00625,0.9875,unresolved,False
rep_160,Black - White,98,0.9983848551424728,0.9394786753354516,1.05447582340926,False,False,kept,0.0753351407907121,0.1188299511582823,0.2240094237897092,0.25,False,False,kept,single df,0.0969257435996108,0.0090125789700756,97,0.0970825459744972,0.0085446916887306,97,7.483911302317599e-05,8,0.00625,0.9875,kept,False
rep_160,Hispanic - White,98,1.0384813033154283,0.9448956080399976,1.1312033183957348,False,False,kept,0.061975313619109,0.0945355882614301,0.2080383810398941,0.25,False,False,kept,single df,0.0812668226839877,0.0072653537250543,97,0.0782554509402695,0.0063965679070179,97,4.288116954624842e-05,8,0.00625,0.9875,kept,False
rep_160,Asian - White,98,1.0078312648481855,0.8656806895581202,1.150238646538737,False,False,kept,0.0741412438044412,0.1073081658489468,0.1827888120874155,0.25,False,False,kept,single df,0.0914351940184653,0.0082260263701768,97,0.090724704826694,0.0065157456887263,97,4.262971243767704e-05,8,0.00625,0.9875,kept,True
rep_161,Republican - Democrat,98,0.9962999428211934,0.973582345400817,1.0170756484097438,False,False,kept,0.1517356577949606,0.2316745096063513,0.2084943452418136,0.25,False,False,kept,single df,0.1909957639294956,0.0160580819452611,97,0.1917050837006559,0.0157042377448494,97,0.0002509796928103,8,0.00625,0.9875,kept,False
rep_161,Female - Male,97,0.9032133129107816,0.6368135722025183,1.164762456240538,False,False,attenuated or kept,0.043581295023332,0.0667273707259402,0.2098300758638356,0.25,False,False,attenuated or kept,single df,0.0498161277170841,0.0070777684209248,96,0.0551543328746361,0.0045462206303031,96,1.975609066344229e-05,8,0.00625,0.9875,unresolved,False
rep_161,Black - White,98,1.0098028759752982,0.9441988916886076,1.0755944055563584,False,False,kept,0.0753351407907121,0.1188299511582823,0.2240094237897092,0.25,False,False,kept,single df,0.0980342341320514,0.0089528418400807,97,0.0970825459744972,0.0085446916887306,97,7.359788942126118e-05,8,0.00625,0.9875,kept,False
rep_161,Hispanic - White,98,1.0229425018460403,0.8997673931838883,1.1540317282557877,False,False,kept,0.061975313619109,0.0945355882614301,0.2080383810398941,0.25,False,False,kept,single df,0.0800508267679294,0.0070779320614243,97,0.0782554509402695,0.0063965679070179,97,3.82757753463361e-05,8,0.00625,0.9875,kept,False
rep_161,Asian - White,98,0.8695803963899951,0.7150390865911198,1.0162495790973558,False,False,attenuated or kept,0.0741412438044412,0.1073081658489468,0.1827888120874155,0.25,False,False,attenuated or kept,single df,0.0788924247855619,0.0082673929692834,97,0.090724704826694,0.0065157456887263,97,4.175227455722591e-05,8,0.00625,0.9875,unresolved,True
rep_162,Republican - Democrat,98,1.0024982795842394,0.9744686441423048,1.030361625633076,False,False,kept,0.1517356577949606,0.2316745096063513,0.2084943452418136,0.25,False,False,kept,single df,0.1921840165974602,0.0159059702822002,97,0.1917050837006559,0.0157042377448494,97,0.000247690426189,8,0.00625,0.9875,kept,False
rep_162,Female - Male,97,1.005778023005985,0.8836922378598219,1.127879026989829,False,False,kept,0.043581295023332,0.0667273707259402,0.2098300758638356,0.25,False,False,kept,single df,0.0554730158788655,0.0052526471042119,96,0.0551543328746361,0.0045462206303031,96,2.078412813040952e-05,8,0.00625,0.9875,kept,False
rep_162,Black - White,98,1.0163245853289669,0.944224736406664,1.0924417818098384,False,False,kept,0.0753351407907121,0.1188299511582823,0.2240094237897092,0.25,False,False,kept,single df,0.0986673782802112,0.0087952724699472,97,0.0970825459744972,0.0085446916887306,97,7.142769783702075e-05,8,0.00625,0.9875,kept,False
rep_162,Hispanic - White,98,0.9492258987040276,0.8272163906012042,1.0597807707876103,False,False,kept,0.061975313619109,0.0945355882614301,0.2080383810398941,0.25,False,False,kept,single df,0.0742821007472663,0.007674698595798,97,0.0782554509402695,0.0063965679070179,97,4.401876482307166e-05,8,0.00625,0.9875,kept,False
rep_162,Asian - White,98,1.0669933788780528,0.9059645870601952,1.227248915262301,False,False,kept,0.0741412438044412,0.1073081658489468,0.1827888120874155,0.25,False,False,kept,single df,0.0968026593507482,0.0090023307586584,97,0.090724704826694,0.0065157456887263,97,4.577399963212184e-05,8,0.00625,0.9875,kept,True
rep_163,Republican - Democrat,98,1.005546135763965,0.9817729128359098,1.0303848243169471,False,False,kept,0.1517356577949606,0.2316745096063513,0.2084943452418136,0.25,False,False,kept,single df,0.1927683061215021,0.015708489564858,97,0.1917050837006559,0.0157042377448494,97,0.0002450998538895,8,0.00625,0.9875,kept,False
rep_163,Female - Male,97,1.154663227767126,0.890227303667618,1.4257259946272671,False,False,kept or steepened,0.043581295023332,0.0667273707259402,0.2098300758638356,0.25,False,False,kept or steepened,single df,0.0636846800223698,0.0075025467655789,96,0.0551543328746361,0.0045462206303031,96,2.2377802260469265e-05,8,0.00625,0.9875,unresolved,False
rep_163,Black - White,98,0.9773483449064376,0.9118499612149192,1.0394946739012116,False,False,kept,0.0753351407907121,0.1188299511582823,0.2240094237897092,0.25,False,False,kept,single df,0.094883465627478,0.0089383669191682,97,0.0970825459744972,0.0085446916887306,97,7.36741534377392e-05,8,0.00625,0.9875,kept,False
rep_163,Hispanic - White,98,1.056575110972512,0.9492721874231878,1.1644963066105165,False,False,kept,0.061975313619109,0.0945355882614301,0.2080383810398941,0.25,False,False,kept,single df,0.0826827617614193,0.0074538451937221,97,0.0782554509402695,0.0063965679070179,97,4.295130995019996e-05,8,0.00625,0.9875,kept,False
rep_163,Asian - White,98,0.9813344841168076,0.8419191632650265,1.1199902035219036,False,False,kept,0.0741412438044412,0.1073081658489468,0.1827888120874155,0.25,False,False,kept,single df,0.0890312814077534,0.0080958299077532,97,0.090724704826694,0.0065157456887263,97,4.2128971292182426e-05,8,0.00625,0.9875,kept,True
rep_164,Republican - Democrat,98,0.987033694215546,0.96398025503173,1.0111652132994988,False,False,kept,0.1517356577949606,0.2316745096063513,0.2084943452418136,0.25,False,False,kept,single df,0.1892193769649589,0.015411466814366,97,0.1917050837006559,0.0157042377448494,97,0.0002405000309047,8,0.00625,0.9875,kept,False
rep_164,Female - Male,97,1.0426216319746504,0.7792973022141113,1.3161179582381262,False,False,kept or steepened,0.043581295023332,0.0667273707259402,0.2098300758638356,0.25,False,False,kept or steepened,single df,0.0575051005522262,0.0070729632938705,96,0.0551543328746361,0.0045462206303031,96,1.9266658114907105e-05,8,0.00625,0.9875,unresolved,False
rep_164,Black - White,98,1.0000874121566743,0.9332521510853232,1.0696834938718998,False,False,kept,0.0753351407907121,0.1188299511582823,0.2240094237897092,0.25,False,False,kept,single df,0.0970910321692163,0.0086969551045486,97,0.0970825459744972,0.0085446916887306,97,7.111044017712492e-05,8,0.00625,0.9875,kept,False
rep_164,Hispanic - White,98,0.9540476674164652,0.8603482512425716,1.0588728908618632,False,False,kept,0.061975313619109,0.0945355882614301,0.2080383810398941,0.25,False,False,kept,single df,0.0746594304321878,0.0060436183820058,97,0.0782554509402695,0.0063965679070179,97,3.400443766801612e-05,8,0.00625,0.9875,kept,False
rep_164,Asian - White,98,0.9857407146416916,0.8731918324715313,1.0936484450400945,False,False,kept,0.0741412438044412,0.1073081658489468,0.1827888120874155,0.25,False,False,kept,single df,0.0894310353715219,0.0078605488754649,97,0.090724704826694,0.0065157456887263,97,4.4699705556748734e-05,8,0.00625,0.9875,kept,True
rep_165,Republican - Democrat,98,1.0063996018654302,0.9788998581353762,1.034049186419763,False,False,kept,0.1517356577949606,0.2316745096063513,0.2084943452418136,0.25,False,False,kept,single df,0.1929319199119191,0.0159090447581202,97,0.1917050837006559,0.0157042377448494,97,0.0002477947946066,8,0.00625,0.9875,kept,False
rep_165,Female - Male,97,1.08917631101886,0.839908190416567,1.3480607872966033,False,False,kept or steepened,0.043581295023332,0.0667273707259402,0.2098300758638356,0.25,False,False,kept or steepened,single df,0.0600727928171024,0.0069840848045427,96,0.0551543328746361,0.0045462206303031,96,2.035352952126061e-05,8,0.00625,0.9875,unresolved,False
rep_165,Black - White,98,1.0078028463640507,0.9455574412518736,1.0719128306308006,False,False,kept,0.0753351407907121,0.1188299511582823,0.2240094237897092,0.25,False,False,kept,single df,0.0978400661653671,0.0087791539192448,97,0.0970825459744972,0.0085446916887306,97,7.229305100899476e-05,8,0.00625,0.9875,kept,False
rep_165,Hispanic - White,98,0.9027098284847308,0.7795749186689984,1.0124004706878933,False,False,kept,0.061975313619109,0.0945355882614301,0.2080383810398941,0.25,False,False,kept,single df,0.070641964696286,0.0075189844205936,97,0.0782554509402695,0.0063965679070179,97,4.3015286011555565e-05,8,0.00625,0.9875,kept,False
rep_165,Asian - White,98,1.0066673727144126,0.8871235436172964,1.124993706632632,False,False,kept,0.0741412438044412,0.1073081658489468,0.1827888120874155,0.25,False,False,kept,single df,0.0913296002481787,0.0078677461358909,97,0.090724704826694,0.0065157456887263,97,4.348567108393017e-05,8,0.00625,0.9875,kept,True
rep_166,Republican - Democrat,98,1.009985644765259,0.9781393183994568,1.0433607437205512,False,False,kept,0.1517356577949606,0.2316745096063513,0.2084943452418136,0.25,False,False,kept,single df,0.193619382566185,0.0157785257407998,97,0.1917050837006559,0.0157042377448494,97,0.0002449376021989,8,0.00625,0.9875,kept,False
rep_166,Female - Male,97,0.9577746666056566,0.6841708835501761,1.2248436876869555,False,False,attenuated or kept,0.043581295023332,0.0667273707259402,0.2098300758638356,0.25,False,False,attenuated or kept,single df,0.052825422780862,0.0073864285976843,96,0.0551543328746361,0.0045462206303031,96,2.126166098920621e-05,8,0.00625,0.9875,unresolved,False
rep_166,Black - White,98,1.0196536492927208,0.9562792560065192,1.086368391565419,False,False,kept,0.0753351407907121,0.1188299511582823,0.2240094237897092,0.25,False,False,kept,single df,0.0989905722855244,0.0087775765251805,97,0.0970825459744972,0.0085446916887306,97,7.213855752752302e-05,8,0.00625,0.9875,kept,False
rep_166,Hispanic - White,98,1.036215458248677,0.914793906050369,1.166872130770078,False,False,kept,0.061975313619109,0.0945355882614301,0.2080383810398941,0.25,False,False,kept,single df,0.0810895079565282,0.0070446369053284,97,0.0782554509402695,0.0063965679070179,97,3.822145213248456e-05,8,0.00625,0.9875,kept,False
rep_166,Asian - White,98,1.0598038286832243,0.9154932397849606,1.2161312162853584,False,False,kept,0.0741412438044412,0.1073081658489468,0.1827888120874155,0.25,False,False,kept,single df,0.0961503895314857,0.0077298706184112,97,0.090724704826694,0.0065157456887263,97,3.761436925765538e-05,8,0.00625,0.9875,kept,True
rep_167,Republican - Democrat,98,1.006381689279927,0.9810618297364712,1.031279616789858,False,False,kept,0.1517356577949606,0.2316745096063513,0.2084943452418136,0.25,False,False,kept,single df,0.192928485978216,0.0159845658029812,97,0.1917050837006559,0.0157042377448494,97,0.0002493418253855,8,0.00625,0.9875,kept,False
rep_167,Female - Male,97,1.0547283583233198,0.9456126923438836,1.166763957189114,False,False,kept,0.043581295023332,0.0667273707259402,0.2098300758638356,0.25,False,False,kept,single df,0.0581728389672829,0.0052054022910838,96,0.0551543328746361,0.0045462206303031,96,2.1144085486808306e-05,8,0.00625,0.9875,kept,False
rep_167,Black - White,98,0.9973461117801152,0.9323340638334308,1.0590914455763594,False,False,kept,0.0753351407907121,0.1188299511582823,0.2240094237897092,0.25,False,False,kept,single df,0.096824899749379,0.009092569283748,97,0.0970825459744972,0.0085446916887306,97,7.507525609551645e-05,8,0.00625,0.9875,kept,False
rep_167,Hispanic - White,98,1.0165020108353555,0.8958759344552701,1.137319227286533,False,False,kept,0.061975313619109,0.0945355882614301,0.2080383810398941,0.25,False,False,kept,single df,0.0795468232396115,0.0074352740146638,97,0.0782554509402695,0.0063965679070179,97,4.150483880881297e-05,8,0.00625,0.9875,kept,False
rep_167,Asian - White,98,0.932192859500838,0.7794960510075223,1.0834052793691489,False,False,kept,0.0741412438044412,0.1073081658489468,0.1827888120874155,0.25,False,False,kept,single df,0.0845729220197654,0.0081823568407342,97,0.090724704826694,0.0065157456887263,97,4.048775976572558e-05,8,0.00625,0.9875,kept,True
rep_168,Republican - Democrat,98,1.0016715182408529,0.972794441291602,1.0268168202187975,False,False,kept,0.1517356577949606,0.2316745096063513,0.2084943452418136,0.25,False,False,kept,single df,0.1920255222449258,0.0164825426511852,97,0.1917050837006559,0.0157042377448494,97,0.0002571611160983,8,0.00625,0.9875,kept,False
rep_168,Female - Male,97,1.1180338098872162,0.866702844199492,1.3771920370256023,False,False,kept or steepened,0.043581295023332,0.0667273707259402,0.2098300758638356,0.25,False,False,kept or steepened,single df,0.0616644089156172,0.0071510500550346,96,0.0551543328746361,0.0045462206303031,96,2.135139334729814e-05,8,0.00625,0.9875,unresolved,False
rep_168,Black - White,98,0.9738529284220848,0.909589199614486,1.032318423703145,False,False,kept,0.0753351407907121,0.1188299511582823,0.2240094237897092,0.25,False,False,kept,single df,0.0945441216959358,0.00906859912109,97,0.0970825459744972,0.0085446916887306,97,7.510923075512749e-05,8,0.00625,0.9875,kept,False
rep_168,Hispanic - White,98,0.997733933386511,0.8938980211451677,1.0945364813914291,False,False,kept,0.061975313619109,0.0945355882614301,0.2080383810398941,0.25,False,False,kept,single df,0.0780781188755703,0.0074946100997814,97,0.0782554509402695,0.0063965679070179,97,4.400407978428863e-05,8,0.00625,0.9875,kept,False
rep_168,Asian - White,98,1.0948440448484906,0.9603189281764826,1.2387207340004558,False,False,kept,0.0741412438044412,0.1073081658489468,0.1827888120874155,0.25,False,False,kept,single df,0.0993294028001431,0.0078795290843613,97,0.090724704826694,0.0065157456887263,97,4.073872048068784e-05,8,0.00625,0.9875,kept,True
rep_169,Republican - Democrat,98,0.9901004368265848,0.9605489354060472,1.017595862347973,False,False,kept,0.1517356577949606,0.2316745096063513,0.2084943452418136,0.25,False,False,kept,single df,0.1898072871138964,0.0160381179890919,97,0.1917050837006559,0.0157042377448494,97,0.0002497605785689,8,0.00625,0.9875,kept,False
rep_169,Female - Male,97,0.9746369033071972,0.8578732253081364,1.089281792068025,False,False,kept,0.043581295023332,0.0667273707259402,0.2098300758638356,0.25,False,False,kept,single df,0.0537554481969097,0.0051543105489291,96,0.0551543328746361,0.0045462206303031,96,2.061932429288181e-05,8,0.00625,0.9875,kept,False
rep_169,Black - White,98,0.9901802524225436,0.9252273586539712,1.0568486389306986,False,False,kept,0.0753351407907121,0.1188299511582823,0.2240094237897092,0.25,False,False,kept,single df,0.0961292198788508,0.0086730489294878,97,0.0970825459744972,0.0085446916887306,97,7.110941162194744e-05,8,0.00625,0.9875,kept,False
rep_169,Hispanic - White,98,1.0596142054918176,0.9401020314992954,1.1925113852592757,False,False,kept,0.061975313619109,0.0945355882614301,0.2080383810398941,0.25,False,False,kept,single df,0.0829205874734776,0.0068903802891814,97,0.0782554509402695,0.0063965679070179,97,3.730212323082923e-05,8,0.00625,0.9875,kept,False
rep_169,Asian - White,98,0.9995790541939106,0.8747649286027924,1.123619040593223,False,False,kept,0.0741412438044412,0.1073081658489468,0.1827888120874155,0.25,False,False,kept,single df,0.0906865146426885,0.0078983917825844,97,0.090724704826694,0.0065157456887263,97,4.291247111348485e-05,8,0.00625,0.9875,kept,True
rep_170,Republican - Democrat,98,1.0086655405174874,0.9843146492968328,1.031954957862145,False,False,kept,0.1517356577949606,0.2316745096063513,0.2084943452418136,0.25,False,False,kept,single df,0.1933663118708723,0.0161184306524013,97,0.1917050837006559,0.0157042377448494,97,0.0002516404086138,8,0.00625,0.9875,kept,False
rep_170,Female - Male,97,1.170593096201474,0.906139443983734,1.4383872199844057,False,False,kept or steepened,0.043581295023332,0.0667273707259402,0.2098300758638356,0.25,False,False,kept or steepened,single df,0.064563281288647,0.0076385220858493,96,0.0551543328746361,0.0045462206303031,96,2.3444432367775715e-05,8,0.00625,0.9875,unresolved,False
rep_170,Black - White,98,0.9948336530404904,0.9345629385389664,1.0569344872255386,False,False,kept,0.0753351407907121,0.1188299511582823,0.2240094237897092,0.25,False,False,kept,single df,0.0965809838582804,0.0086553874819842,97,0.0970825459744972,0.0085446916887306,97,7.136995856145441e-05,8,0.00625,0.9875,kept,False
rep_170,Hispanic - White,98,1.0366529755545013,0.9180120208871136,1.1647449107609575,False,False,kept,0.061975313619109,0.0945355882614301,0.2080383810398941,0.25,False,False,kept,single df,0.0811237460705897,0.0069895750220903,97,0.0782554509402695,0.0063965679070179,97,3.814173457582154e-05,8,0.00625,0.9875,kept,False
rep_170,Asian - White,98,1.0178307923201173,0.8641619895247327,1.1692646670512312,False,False,kept,0.0741412438044412,0.1073081658489468,0.1827888120874155,0.25,False,False,kept,single df,0.0923423981967627,0.0086808677821017,97,0.090724704826694,0.0065157456887263,97,4.458442103300097e-05,8,0.00625,0.9875,kept,True
rep_171,Republican - Democrat,98,0.9980387818378716,0.9725914661997472,1.0222747096357392,False,False,kept,0.1517356577949606,0.2316745096063513,0.2084943452418136,0.25,False,False,kept,single df,0.1913291082087299,0.0159863896987372,97,0.1917050837006559,0.0157042377448494,97,0.0002494263811655,8,0.00625,0.9875,kept,False
rep_171,Female - Male,97,0.8609571601457825,0.5960265816423066,1.123346566874428,False,False,attenuated or kept,0.043581295023332,0.0667273707259402,0.2098300758638356,0.25,False,False,attenuated or kept,single df,0.0474855178014819,0.0068918262091165,96,0.0551543328746361,0.0045462206303031,96,1.8364550870587297e-05,8,0.00625,0.9875,unresolved,False
rep_171,Black - White,98,0.9748052373819676,0.914319162429614,1.0350119237329989,False,False,kept,0.0753351407907121,0.1188299511582823,0.2240094237897092,0.25,False,False,kept,single df,0.0946365742743155,0.0086480148934271,97,0.0970825459744972,0.0085446916887306,97,7.136529677486384e-05,8,0.00625,0.9875,kept,False
rep_171,Hispanic - White,98,1.0557268535564956,0.9270022512730772,1.181643516556604,False,False,kept,0.061975313619109,0.0945355882614301,0.2080383810398941,0.25,False,False,kept,single df,0.0826163809948155,0.0079337695833919,97,0.0782554509402695,0.0063965679070179,97,4.446604743058037e-05,8,0.00625,0.9875,kept,False
rep_171,Asian - White,98,0.9316379110000378,0.7779124252117561,1.079806465057152,False,False,kept,0.0741412438044412,0.1073081658489468,0.1827888120874155,0.25,False,False,kept,single df,0.0845225744808363,0.0084369637206767,97,0.090724704826694,0.0065157456887263,97,4.296515652110425e-05,8,0.00625,0.9875,kept,True
rep_172,Republican - Democrat,98,0.9806533937209744,0.9511290992997052,1.0073456795917788,False,False,kept,0.1517356577949606,0.2316745096063513,0.2084943452418136,0.25,False,False,kept,single df,0.1879962409246117,0.016016268801375,97,0.1917050837006559,0.0157042377448494,97,0.0002495361352783,8,0.00625,0.9875,kept,False
rep_172,Female - Male,97,1.073772163399695,0.8181724107976998,1.3344653454014028,False,False,kept or steepened,0.043581295023332,0.0667273707259402,0.2098300758638356,0.25,False,False,kept or steepened,single df,0.0592231873316649,0.0071608490249856,96,0.0551543328746361,0.0045462206303031,96,2.105000021003297e-05,8,0.00625,0.9875,unresolved,False
rep_172,Black - White,98,0.9791687049403676,0.909069529643142,1.0446336380714882,False,False,kept,0.0753351407907121,0.1188299511582823,0.2240094237897092,0.25,False,False,kept,single df,0.0950601908141621,0.00908925444429,97,0.0970825459744972,0.0085446916887306,97,7.469303916032751e-05,8,0.00625,0.9875,kept,False
rep_172,Hispanic - White,98,0.9050492528557548,0.7695292910617316,1.0340893348994058,False,False,kept,0.061975313619109,0.0945355882614301,0.2080383810398941,0.25,False,False,kept,single df,0.0708250374053811,0.0073916252232937,97,0.0782554509402695,0.0063965679070179,97,3.996148210086381e-05,8,0.00625,0.9875,kept,False
rep_172,Asian - White,98,0.980478540799394,0.8739740522062879,1.0871741276188918,False,False,kept,0.0741412438044412,0.1073081658489468,0.1827888120874155,0.25,False,False,kept,single df,0.0889536262029327,0.0073851337088367,97,0.090724704826694,0.0065157456887263,97,4.1508805652198576e-05,8,0.00625,0.9875,kept,True
rep_173,Republican - Democrat,98,0.9884842006191796,0.9635950213447844,1.0129271696441835,False,False,kept,0.1517356577949606,0.2316745096063513,0.2084943452418136,0.25,False,False,kept,single df,0.1894974464164758,0.0157057553337758,97,0.1917050837006559,0.0157042377448494,97,0.0002449937680608,8,0.00625,0.9875,kept,False
rep_173,Female - Male,97,1.0261947730274557,0.950334911900376,1.1040628554992655,False,False,kept,0.043581295023332,0.0667273707259402,0.2098300758638356,0.25,False,False,kept,single df,0.0565990881057679,0.0048467637893072,96,0.0551543328746361,0.0045462206303031,96,2.0758917944979208e-05,8,0.00625,0.9875,kept,False
rep_173,Black - White,98,0.9793331143934126,0.9078584663184894,1.04383837948647,False,False,kept,0.0753351407907121,0.1188299511582823,0.2240094237897092,0.25,False,False,kept,single df,0.095076152102446,0.0092644038027274,97,0.0970825459744972,0.0085446916887306,97,7.631860069779852e-05,8,0.00625,0.9875,kept,False
rep_173,Hispanic - White,98,1.0608647256175003,0.9055688743012562,1.225405748663417,False,False,kept,0.061975313619109,0.0945355882614301,0.2080383810398941,0.25,False,False,kept,single df,0.0830184474898228,0.0077645894484581,97,0.0782554509402695,0.0063965679070179,97,3.922545797764535e-05,8,0.00625,0.9875,kept,False
rep_173,Asian - White,98,1.0070545971157248,0.8528772240035848,1.1544380009554909,False,False,kept,0.0741412438044412,0.1073081658489468,0.1827888120874155,0.25,False,False,kept,single df,0.0913647310676894,0.0089088729406978,97,0.090724704826694,0.0065157456887263,97,4.692663483434533e-05,8,0.00625,0.9875,kept,True
rep_174,Republican - Democrat,98,0.9999170143785692,0.9727705436765584,1.0269930574923571,False,False,kept,0.1517356577949606,0.2316745096063513,0.2084943452418136,0.25,False,False,kept,single df,0.1916891749351536,0.0158414998750571,97,0.1917050837006559,0.0157042377448494,97,0.0002467937151903,8,0.00625,0.9875,kept,False
rep_174,Female - Male,97,1.1216551035858124,0.859654015983504,1.403215736193617,False,False,kept or steepened,0.043581295023332,0.0667273707259402,0.2098300758638356,0.25,False,False,kept or steepened,single df,0.0618641389537063,0.0070186796092513,96,0.0551543328746361,0.0045462206303031,96,1.8793771487284174e-05,8,0.00625,0.9875,unresolved,False
rep_174,Black - White,98,1.018884999764361,0.9593796906925774,1.0826139178151133,False,False,kept,0.0753351407907121,0.1188299511582823,0.2240094237897092,0.25,False,False,kept,single df,0.0989159498323491,0.0086653928287261,97,0.0970825459744972,0.0085446916887306,97,7.147211372162069e-05,8,0.00625,0.9875,kept,False
rep_174,Hispanic - White,98,1.0187797727901993,0.9229568489626452,1.1217322483450227,False,False,kept,0.061975313619109,0.0945355882614301,0.2080383810398941,0.25,False,False,kept,single df,0.0797250705285224,0.0066948118987596,97,0.0782554509402695,0.0063965679070179,97,3.846025920371862e-05,8,0.00625,0.9875,kept,False
rep_174,Asian - White,98,0.9030055957741542,0.7798186039513593,1.026993765060905,False,False,kept,0.0741412438044412,0.1073081658489468,0.1827888120874155,0.25,False,False,kept,single df,0.0819249161334631,0.00724494734064,97,0.090724704826694,0.0065157456887263,97,3.784504536468724e-05,8,0.00625,0.9875,kept,True
rep_175,Republican - Democrat,98,0.9938936867900756,0.9703018440772466,1.0155916005552288,False,False,kept,0.1517356577949606,0.2316745096063513,0.2084943452418136,0.25,False,False,kept,single df,0.1905344724156449,0.0160191610673671,97,0.1917050837006559,0.0157042377448494,97,0.0002502561120422,8,0.00625,0.9875,kept,False
rep_175,Female - Male,97,0.8856809485794611,0.6144094528622052,1.1518862069954603,False,False,attenuated or kept,0.043581295023332,0.0667273707259402,0.2098300758638356,0.25,False,False,attenuated or kept,single df,0.0488491418586751,0.0071156687408145,96,0.0551543328746361,0.0045462206303031,96,1.9442114488925963e-05,8,0.00625,0.9875,unresolved,False
rep_175,Black - White,98,1.03235859331516,0.9611604118672644,1.1059528518365245,False,False,kept,0.0753351407907121,0.1188299511582823,0.2240094237897092,0.25,False,False,kept,single df,0.1002240005976863,0.0090352700318626,97,0.0970825459744972,0.0085446916887306,97,7.371864974988019e-05,8,0.00625,0.9875,kept,False
rep_175,Hispanic - White,98,0.95156142293057,0.8140408996295263,1.0793642381477246,False,False,kept,0.061975313619109,0.0945355882614301,0.2080383810398941,0.25,False,False,kept,single df,0.0744648682487963,0.0078299602785518,97,0.0782554509402695,0.0063965679070179,97,4.332882969636506e-05,8,0.00625,0.9875,kept,False
rep_175,Asian - White,98,1.0458034652585706,0.9038904621696136,1.1812225311972278,False,False,kept,0.0741412438044412,0.1073081658489468,0.1827888120874155,0.25,False,False,kept,single df,0.0948802106923176,0.0088531164451965,97,0.090724704826694,0.0065157456887263,97,4.838746543866465e-05,8,0.00625,0.9875,kept,True
rep_176,Republican - Democrat,98,0.9895321455501124,0.9610638907234536,1.0168024676843423,False,False,kept,0.1517356577949606,0.2316745096063513,0.2084943452418136,0.25,False,False,kept,single df,0.1896983427871739,0.0158786901751022,97,0.1917050837006559,0.0157042377448494,97,0.0002472919390997,8,0.00625,0.9875,kept,False
rep_176,Female - Male,97,0.9845471518392176,0.9192531671436605,1.0454395419490905,False,False,kept,0.043581295023332,0.0667273707259402,0.2098300758638356,0.25,False,False,kept,single df,0.0543020413433151,0.0048747540253451,96,0.0551543328746361,0.0045462206303031,96,2.1336361988372725e-05,8,0.00625,0.9875,kept,False
rep_176,Black - White,98,1.0394961949870454,0.9865029203941226,1.097909493222904,False,False,kept,0.0753351407907121,0.1188299511582823,0.2240094237897092,0.25,False,False,kept,single df,0.1009169371401447,0.0086824395734828,97,0.0970825459744972,0.0085446916887306,97,7.215026334471017e-05,8,0.00625,0.9875,kept,False
rep_176,Hispanic - White,98,0.9727115968915726,0.869607343047334,1.0779542294777065,False,False,kept,0.061975313619109,0.0945355882614301,0.2080383810398941,0.25,False,False,kept,single df,0.0761199846495797,0.006829823561466,97,0.0782554509402695,0.0063965679070179,97,3.883250166665839e-05,8,0.00625,0.9875,kept,False
rep_176,Asian - White,98,1.1218704750238708,0.9684393882856988,1.2789393494667842,False,False,kept or steepened,0.0741412438044412,0.1073081658489468,0.1827888120874155,0.25,False,False,kept or steepened,single df,0.1017813677003237,0.0088328844018171,97,0.090724704826694,0.0065157456887263,97,4.539497293483099e-05,8,0.00625,0.9875,unresolved,True
rep_177,Republican - Democrat,98,0.999961818767242,0.9778798973198684,1.022216388489297,False,False,kept,0.1517356577949606,0.2316745096063513,0.2084943452418136,0.25,False,False,kept,single df,0.1916977641642342,0.0157586235679241,97,0.1917050837006559,0.0157042377448494,97,0.0002461452029558,8,0.00625,0.9875,kept,False
rep_177,Female - Male,97,1.0188413404904206,0.917914374531487,1.117954366266891,False,False,kept,0.043581295023332,0.0667273707259402,0.2098300758638356,0.25,False,False,kept,single df,0.0561935144398491,0.005174227530892,96,0.0551543328746361,0.0045462206303031,96,2.146454555006708e-05,8,0.00625,0.9875,kept,False
rep_177,Black - White,98,1.022438704130738,0.9509024645457792,1.0956011038771163,False,False,kept,0.0753351407907121,0.1188299511582823,0.2240094237897092,0.25,False,False,kept,single df,0.0992609524998777,0.0090144494942854,97,0.0970825459744972,0.0085446916887306,97,7.352638569962892e-05,8,0.00625,0.9875,kept,False
rep_177,Hispanic - White,98,1.0166936840400698,0.905735265619512,1.12961838682753,False,False,kept,0.061975313619109,0.0945355882614301,0.2080383810398941,0.25,False,False,kept,single df,0.0795618227126796,0.0071984958192895,97,0.0782554509402695,0.0063965679070179,97,4.070990301185976e-05,8,0.00625,0.9875,kept,False
rep_177,Asian - White,98,0.992703107464799,0.817216395523725,1.1629144778710072,False,False,kept,0.0741412438044412,0.1073081658489468,0.1827888120874155,0.25,False,False,kept,single df,0.0900626964052858,0.0092171467542809,97,0.090724704826694,0.0065157456887263,97,4.538475077169325e-05,8,0.00625,0.9875,kept,True
rep_178,Republican - Democrat,98,1.0111803201857852,0.9904254626108728,1.033448457920629,False,False,kept,0.1517356577949606,0.2316745096063513,0.2084943452418136,0.25,False,False,kept,single df,0.193848407917672,0.0156962604374338,97,0.1917050837006559,0.0157042377448494,97,0.0002452742738919,8,0.00625,0.9875,kept,False
rep_178,Female - Male,97,1.026716348585156,0.9599813511364078,1.0957703846812907,False,False,kept,0.043581295023332,0.0667273707259402,0.2098300758638356,0.25,False,False,kept,single df,0.0566278552576966,0.0047735473104804,96,0.0551543328746361,0.0045462206303031,96,2.069995734418404e-05,8,0.00625,0.9875,kept,False
rep_178,Black - White,98,0.9671159501678164,0.9015624823593243,1.030928828969009,False,False,kept,0.0753351407907121,0.1188299511582823,0.2240094237897092,0.25,False,False,kept,single df,0.0938900786948366,0.0087404949872836,97,0.0970825459744972,0.0085446916887306,97,7.181356250659274e-05,8,0.00625,0.9875,kept,False
rep_178,Hispanic - White,98,0.9806353753290512,0.8626933198704853,1.096895525733901,False,False,kept,0.061975313619109,0.0945355882614301,0.2080383810398941,0.25,False,False,kept,single df,0.0767400635043554,0.0072966113085027,97,0.0782554509402695,0.0063965679070179,97,4.088436891603847e-05,8,0.00625,0.9875,kept,False
rep_178,Asian - White,98,0.984344556927501,0.8493556782450302,1.1171167269674718,False,False,kept,0.0741412438044412,0.1073081658489468,0.1827888120874155,0.25,False,False,kept,single df,0.0893043693750104,0.0081134954281368,97,0.090724704826694,0.0065157456887263,97,4.315157627140066e-05,8,0.00625,0.9875,kept,True
rep_179,Republican - Democrat,98,0.9758601083393472,0.9484383752830758,1.0009297504714347,False,False,kept,0.1517356577949606,0.2316745096063513,0.2084943452418136,0.25,False,False,kept,single df,0.1870773437493257,0.0158444550925576,97,0.1917050837006559,0.0157042377448494,97,0.0002470517920024,8,0.00625,0.9875,kept,False
rep_179,Female - Male,97,0.9027939342306752,0.6263960576207033,1.166990046882964,False,False,attenuated or kept,0.043581295023332,0.0667273707259402,0.2098300758638356,0.25,False,False,attenuated or kept,single df,0.049792997165761,0.0073863567071372,96,0.0551543328746361,0.0045462206303031,96,2.139686350016101e-05,8,0.00625,0.9875,unresolved,False
rep_179,Black - White,98,1.0608637899115865,0.9990612384270332,1.1298813160733034,False,False,kept,0.0753351407907121,0.1188299511582823,0.2240094237897092,0.25,False,False,kept,single df,0.1029913576567709,0.0088026545768093,97,0.0970825459744972,0.0085446916887306,97,7.247005670906561e-05,8,0.00625,0.9875,kept,False
rep_179,Hispanic - White,98,1.0283338123323795,0.9481407210664122,1.116500231240342,False,False,kept,0.061975313619109,0.0945355882614301,0.2080383810398941,0.25,False,False,kept,single df,0.0804727262011969,0.0064997300289986,97,0.0782554509402695,0.0063965679070179,97,3.846958999190325e-05,8,0.00625,0.9875,kept,False
rep_179,Asian - White,98,0.9803852064508104,0.8804794713983356,1.0824841713271995,False,False,kept,0.0741412438044412,0.1073081658489468,0.1827888120874155,0.25,False,False,kept,single df,0.0889451584717073,0.0071198950381209,97,0.090724704826694,0.0065157456887263,97,4.02753300336147e-05,8,0.00625,0.9875,kept,True
rep_180,Republican - Democrat,98,0.993108324195129,0.9648365152829856,1.0187594300046932,False,False,kept,0.1517356577949606,0.2316745096063513,0.2084943452418136,0.25,False,False,kept,single df,0.1903839144136453,0.01616462353255,97,0.1917050837006559,0.0157042377448494,97,0.0002520344524433,8,0.00625,0.9875,kept,False
rep_180,Female - Male,97,1.1406568186627182,0.8799867367633902,1.4089866132384246,False,False,kept or steepened,0.043581295023332,0.0667273707259402,0.2098300758638356,0.25,False,False,kept or steepened,single df,0.062912165872247,0.0073728500842346,96,0.0551543328746361,0.0045462206303031,96,2.185656272456775e-05,8,0.00625,0.9875,unresolved,False
rep_180,Black - White,98,0.9489910262522064,0.8685777178102427,1.0239999359210874,False,False,kept,0.0753351407907121,0.1188299511582823,0.2240094237897092,0.25,False,False,kept,single df,0.0921304649355151,0.0090098119148608,97,0.0970825459744972,0.0085446916887306,97,7.302188395127825e-05,8,0.00625,0.9875,kept,False
rep_180,Hispanic - White,98,1.0043996708530143,0.9195661907897816,1.0922107026152847,False,False,kept,0.061975313619109,0.0945355882614301,0.2080383810398941,0.25,False,False,kept,single df,0.0785997491668609,0.0067312416757223,97,0.0782554509402695,0.0063965679070179,97,3.974955200773269e-05,8,0.00625,0.9875,kept,False
rep_180,Asian - White,98,1.0020111146962172,0.8516527095495299,1.150698205336832,False,False,kept,0.0741412438044412,0.1073081658489468,0.1827888120874155,0.25,False,False,kept,single df,0.0909071626138809,0.008493579104155,97,0.090724704826694,0.0065157456887263,97,4.35666812985916e-05,8,0.00625,0.9875,kept,True
rep_181,Republican - Democrat,98,1.004633291483768,0.977327474627796,1.0325184851336704,False,False,kept,0.1517356577949606,0.2316745096063513,0.2084943452418136,0.25,False,False,kept,single df,0.1925933092323612,0.0158078182667853,97,0.1917050837006559,0.0157042377448494,97,0.0002461936788218,8,0.00625,0.9875,kept,False
rep_181,Female - Male,97,0.990890372056796,0.9117207440964106,1.067982347826067,False,False,kept,0.043581295023332,0.0667273707259402,0.2098300758638356,0.25,False,False,kept,single df,0.0546518974226925,0.0048944926034411,96,0.0551543328746361,0.0045462206303031,96,2.094602271679093e-05,8,0.00625,0.9875,kept,False
rep_181,Black - White,98,0.9902015923243954,0.926302300467668,1.0506098682516785,False,False,kept,0.0753351407907121,0.1188299511582823,0.2240094237897092,0.25,False,False,kept,single df,0.0961312916108534,0.0090387890920682,97,0.0970825459744972,0.0085446916887306,97,7.470861235126974e-05,8,0.00625,0.9875,kept,False
rep_181,Hispanic - White,98,0.9936289176341544,0.8846950354287578,1.0972192208008555,False,False,kept,0.061975313619109,0.0945355882614301,0.2080383810398941,0.25,False,False,kept,single df,0.0777568790167527,0.0074434607077497,97,0.0782554509402695,0.0063965679070179,97,4.307194249012457e-05,8,0.00625,0.9875,kept,False
rep_181,Asian - White,98,0.9650338394959908,0.8269634177360665,1.1104695024824536,False,False,kept,0.0741412438044412,0.1073081658489468,0.1827888120874155,0.25,False,False,kept,single df,0.087552410236045,0.0074478819575757,97,0.090724704826694,0.0065157456887263,97,3.644744584756296e-05,8,0.00625,0.9875,kept,True
rep_182,Republican - Democrat,98,0.9944036651583852,0.9703170384737276,1.0173285110536954,False,False,kept,0.1517356577949606,0.2316745096063513,0.2084943452418136,0.25,False,False,kept,single df,0.1906322378614273,0.0159102635765928,97,0.1917050837006559,0.0157042377448494,97,0.0002483952737136,8,0.00625,0.9875,kept,False
rep_182,Female - Male,97,0.8759820374792003,0.6046364043314341,1.1395190958480332,False,False,attenuated or kept,0.043581295023332,0.0667273707259402,0.2098300758638356,0.25,False,False,attenuated or kept,single df,0.0483142048873298,0.007142795358104,96,0.0551543328746361,0.0045462206303031,96,1.985697661524545e-05,8,0.00625,0.9875,unresolved,False
rep_182,Black - White,98,0.989659753157786,0.9229241884613502,1.0530753038642375,False,False,kept,0.0753351407907121,0.1188299511582823,0.2240094237897092,0.25,False,False,kept,single df,0.0960786884850503,0.0090498080065106,97,0.0970825459744972,0.0085446916887306,97,7.455089118270456e-05,8,0.00625,0.9875,kept,False
rep_182,Hispanic - White,98,1.0561625342169236,0.9549415261700894,1.1618764449011365,False,False,kept,0.061975313619109,0.0945355882614301,0.2080383810398941,0.25,False,False,kept,single df,0.0826504753813632,0.0071433426195806,97,0.0782554509402695,0.0063965679070179,97,4.11821942578014e-05,8,0.00625,0.9875,kept,False
rep_182,Asian - White,98,0.9311324194523238,0.7781220867382711,1.0873293887471038,False,False,kept,0.0741412438044412,0.1073081658489468,0.1827888120874155,0.25,False,False,kept,single df,0.0844767139093775,0.0079068466698232,97,0.090724704826694,0.0065157456887263,97,3.757425270038454e-05,8,0.00625,0.9875,kept,True
rep_183,Republican - Democrat,98,1.0137663846786709,0.9874154538037636,1.0424322826426216,False,False,kept,0.1517356577949606,0.2316745096063513,0.2084943452418136,0.25,False,False,kept,single df,0.194344169627736,0.0156468363667753,97,0.1917050837006559,0.0157042377448494,97,0.0002437367598279,8,0.00625,0.9875,kept,False
rep_183,Female - Male,97,1.1364621634316543,0.8904859301476978,1.3919707363262743,False,False,kept or steepened,0.043581295023332,0.0667273707259402,0.2098300758638356,0.25,False,False,kept or steepened,single df,0.0626808124613386,0.0070736332509972,96,0.0551543328746361,0.0045462206303031,96,2.1349690651609835e-05,8,0.00625,0.9875,unresolved,False
rep_183,Black - White,98,1.0235239657784418,0.9601890507739896,1.091319468868163,False,False,kept,0.0753351407907121,0.1188299511582823,0.2240094237897092,0.25,False,False,kept,single df,0.0993663124636853,0.0087242038321463,97,0.0970825459744972,0.0085446916887306,97,7.164706270953399e-05,8,0.00625,0.9875,kept,False
rep_183,Hispanic - White,98,1.032998646357427,0.9565800953722424,1.1154882429710524,False,False,kept,0.061975313619109,0.0945355882614301,0.2080383810398941,0.25,False,False,kept,single df,0.0808377748913885,0.0066098599203968,97,0.0782554509402695,0.0063965679070179,97,3.952073086647327e-05,8,0.00625,0.9875,kept,False
rep_183,Asian - White,98,1.030855294040371,0.8941011553400252,1.1630689981054143,False,False,kept,0.0741412438044412,0.1073081658489468,0.1827888120874155,0.25,False,False,kept,single df,0.0935240422708475,0.0085481463031496,97,0.090724704826694,0.0065157456887263,97,4.655319180330974e-05,8,0.00625,0.9875,kept,True
rep_184,Republican - Democrat,98,1.0094882242518846,0.9870442106287644,1.0320352037808334,False,False,kept,0.1517356577949606,0.2316745096063513,0.2084943452418136,0.25,False,False,kept,single df,0.1935240245250341,0.0159219170397376,97,0.1917050837006559,0.0157042377448494,97,0.000248683710583,8,0.00625,0.9875,kept,False
rep_184,Female - Male,97,0.962059792403108,0.8527716191510051,1.0731146721141471,False,False,kept,0.043581295023332,0.0667273707259402,0.2098300758638356,0.25,False,False,kept,single df,0.0530617660355043,0.0048798948016513,96,0.0551543328746361,0.0045462206303031,96,1.9487558984895533e-05,8,0.00625,0.9875,kept,False
rep_184,Black - White,98,0.997542245879474,0.9352514755403122,1.063829429496899,False,False,kept,0.0753351407907121,0.1188299511582823,0.2240094237897092,0.25,False,False,kept,single df,0.0968439409470972,0.008535234239173,97,0.0970825459744972,0.0085446916887306,97,7.007083161823583e-05,8,0.00625,0.9875,kept,False
rep_184,Hispanic - White,98,1.0464134120995856,0.9395420710674393,1.156396526884221,False,False,kept,0.061975313619109,0.0945355882614301,0.2080383810398941,0.25,False,False,kept,single df,0.0818875534337992,0.0072448834313493,97,0.0782554509402695,0.0063965679070179,97,4.1407890044425766e-05,8,0.00625,0.9875,kept,False
rep_184,Asian - White,98,0.9951407522047732,0.8640275399772599,1.127157169810422,False,False,kept,0.0741412438044412,0.1073081658489468,0.1827888120874155,0.25,False,False,kept,single df,0.0902838510047923,0.0078866037941089,97,0.090724704826694,0.0065157456887263,97,4.169398252502589e-05,8,0.00625,0.9875,kept,True
rep_185,Republican - Democrat,98,1.004586698289045,0.9810378816903864,1.028907582890067,False,False,kept,0.1517356577949606,0.2316745096063513,0.2084943452418136,0.25,False,False,kept,single df,0.192584377080067,0.0157413356250806,97,0.1917050837006559,0.0157042377448494,97,0.0002456593395518,8,0.00625,0.9875,kept,False
rep_185,Female - Male,97,1.0667312516409104,0.8149724804110868,1.3229561925963955,False,False,kept or steepened,0.043581295023332,0.0667273707259402,0.2098300758638356,0.25,False,False,kept or steepened,single df,0.05883485054078,0.0070942561169718,96,0.0551543328746361,0.0045462206303031,96,2.1045221104898444e-05,8,0.00625,0.9875,unresolved,False
rep_185,Black - White,98,1.0067297232586268,0.9525601646607792,1.0633596598663997,False,False,kept,0.0753351407907121,0.1188299511582823,0.2240094237897092,0.25,False,False,kept,single df,0.0977358846421485,0.0086495128177643,97,0.0970825459744972,0.0085446916887306,97,7.18030096713344e-05,8,0.00625,0.9875,kept,False
rep_185,Hispanic - White,98,1.0371517407950686,0.9252850339167216,1.1564668706705985,False,False,kept,0.061975313619109,0.0945355882614301,0.2080383810398941,0.25,False,False,kept,single df,0.0811627771694036,0.0070069886281187,97,0.0782554509402695,0.0063965679070179,97,3.9067764116398855e-05,8,0.00625,0.9875,kept,False
rep_185,Asian - White,98,1.0299400410965591,0.8917641788633488,1.1655991558442775,False,False,kept,0.0741412438044412,0.1073081658489468,0.1827888120874155,0.25,False,False,kept,single df,0.0934410062176784,0.0084404555279231,97,0.090724704826694,0.0065157456887263,97,4.52715843697318e-05,8,0.00625,0.9875,kept,True
rep_186,Republican - Democrat,98,0.9948183121431664,0.971447162326864,1.0177255003956278,False,False,kept,0.1517356577949606,0.2316745096063513,0.2084943452418136,0.25,False,False,kept,single df,0.190711727796351,0.0157950615254697,97,0.1917050837006559,0.0157042377448494,97,0.0002466040725893,8,0.00625,0.9875,kept,False
rep_186,Female - Male,97,0.8872525836155939,0.6128887427791716,1.1496842542143162,False,False,attenuated or kept,0.043581295023332,0.0667273707259402,0.2098300758638356,0.25,False,False,attenuated or kept,single df,0.0489358243406154,0.0073029067300479,96,0.0551543328746361,0.0045462206303031,96,2.1015162049365173e-05,8,0.00625,0.9875,unresolved,False
rep_186,Black - White,98,1.0164481464515815,0.9626661625994144,1.0707202127402038,False,False,kept,0.0753351407907121,0.1188299511582823,0.2240094237897092,0.25,False,False,kept,single df,0.0986793739085781,0.0088757367819867,97,0.0970825459744972,0.0085446916887306,97,7.387402230874198e-05,8,0.00625,0.9875,kept,False
rep_186,Hispanic - White,98,0.9462774691521756,0.8342265171209672,1.0600083070266269,False,False,kept,0.061975313619109,0.0945355882614301,0.2080383810398941,0.25,False,False,kept,single df,0.0740513700631205,0.0068356678724049,97,0.0782554509402695,0.0063965679070179,97,3.795826624069864e-05,8,0.00625,0.9875,kept,False
rep_186,Asian - White,98,1.0727197128846993,0.9417943826236264,1.2015658702544656,False,False,kept,0.0741412438044412,0.1073081658489468,0.1827888120874155,0.25,False,False,kept,single df,0.0973221793132403,0.008503662387228,97,0.090724704826694,0.0065157456887263,97,4.6819077394743744e-05,8,0.00625,0.9875,kept,True
rep_187,Republican - Democrat,98,1.0014484936732706,0.978046226625338,1.0233703973289792,False,False,kept,0.1517356577949606,0.2316745096063513,0.2084943452418136,0.25,False,False,kept,single df,0.1919827673015302,0.0160675886844092,97,0.1917050837006559,0.0157042377448494,97,0.0002509971330565,8,0.00625,0.9875,kept,False
rep_187,Female - Male,97,0.8719928083095542,0.6052552684482648,1.1260559898017708,False,False,attenuated or kept,0.043581295023332,0.0667273707259402,0.2098300758638356,0.25,False,False,attenuated or kept,single df,0.0480941816137939,0.0071474800773728,96,0.0551543328746361,0.0045462206303031,96,2.0866301895598164e-05,8,0.00625,0.9875,unresolved,False
rep_187,Black - White,98,0.9968092946149164,0.9462344720702538,1.0465370050374647,False,False,kept,0.0753351407907121,0.1188299511582823,0.2240094237897092,0.25,False,False,kept,single df,0.0967727841722587,0.0087857369007471,97,0.0970825459744972,0.0085446916887306,97,7.336414260850906e-05,8,0.00625,0.9875,kept,False
rep_187,Hispanic - White,98,1.0067503532511002,0.8972457801615937,1.115479098907745,False,False,kept,0.061975313619109,0.0945355882614301,0.2080383810398941,0.25,False,False,kept,single df,0.0787837028779405,0.0072763740459555,97,0.0782554509402695,0.0063965679070179,97,4.154313353090629e-05,8,0.00625,0.9875,kept,False
rep_187,Asian - White,98,0.997651815205223,0.8634483412176853,1.1358927706384847,False,False,kept,0.0741412438044412,0.1073081658489468,0.1827888120874155,0.25,False,False,kept,single df,0.0905116664543093,0.0077520796448393,97,0.090724704826694,0.0065157456887263,97,3.987582420692233e-05,8,0.00625,0.9875,kept,True
rep_188,Republican - Democrat,98,0.9852263577380888,0.9558604221091472,1.0108632226136598,False,False,kept,0.1517356577949606,0.2316745096063513,0.2084943452418136,0.25,False,False,kept,single df,0.1888729013742727,0.0162300149601422,97,0.1917050837006559,0.0157042377448494,97,0.0002530980222875,8,0.00625,0.9875,kept,False
rep_188,Female - Male,97,0.9217804206032548,0.6664940719200082,1.1734587492092254,False,False,attenuated or kept,0.043581295023332,0.0667273707259402,0.2098300758638356,0.25,False,False,attenuated or kept,single df,0.050840184155274,0.0069199962235094,96,0.0551543328746361,0.0045462206303031,96,1.986103080781919e-05,8,0.00625,0.9875,unresolved,False
rep_188,Black - White,98,1.0181229293979148,0.9458620347205862,1.09606010082406,False,False,kept,0.0753351407907121,0.1188299511582823,0.2240094237897092,0.25,False,False,kept,single df,0.0988419661009628,0.0086878358741159,97,0.0970825459744972,0.0085446916887306,97,7.041269549359638e-05,8,0.00625,0.9875,kept,False
rep_188,Hispanic - White,98,1.0185608745019972,0.8987225231882171,1.1396355073267062,False,False,kept,0.061975313619109,0.0945355882614301,0.2080383810398941,0.25,False,False,kept,single df,0.0797079405442691,0.007377896825123,97,0.0782554509402695,0.0063965679070179,97,4.11164322969758e-05,8,0.00625,0.9875,kept,False
rep_188,Asian - White,98,0.925793992798902,0.7984973357589421,1.05006282925306,False,False,kept,0.0741412438044412,0.1073081658489468,0.1827888120874155,0.25,False,False,kept,single df,0.0839923867270069,0.0076980317851319,97,0.090724704826694,0.0065157456887263,97,4.1163920979742805e-05,8,0.00625,0.9875,kept,True
rep_189,Republican - Democrat,98,1.0133773126500645,0.9898000289636484,1.0386434109287384,False,False,kept,0.1517356577949606,0.2316745096063513,0.2084943452418136,0.25,False,False,kept,single df,0.1942695825419264,0.0157229399989656,97,0.1917050837006559,0.0157042377448494,97,0.0002453398078296,8,0.00625,0.9875,kept,False
rep_189,Female - Male,97,0.9872778439252192,0.8765917691447523,1.0947643182616926,False,False,kept,0.043581295023332,0.0667273707259402,0.2098300758638356,0.25,False,False,kept,single df,0.0544526508436046,0.0051867254830625,96,0.0551543328746361,0.0045462206303031,96,2.1123099133862524e-05,8,0.00625,0.9875,kept,False
rep_189,Black - White,98,0.9917099723335884,0.936865520796582,1.0480408251380176,False,False,kept,0.0753351407907121,0.1188299511582823,0.2240094237897092,0.25,False,False,kept,single df,0.0962777289824429,0.0086045698585794,97,0.0970825459744972,0.0085446916887306,97,7.13793989538482e-05,8,0.00625,0.9875,kept,False
rep_189,Hispanic - White,98,0.985266366216048,0.8424640805628193,1.1219765163216486,False,False,kept,0.061975313619109,0.0945355882614301,0.2080383810398941,0.25,False,False,kept,single df,0.0771024637845176,0.0079250025625071,97,0.0782554509402695,0.0063965679070179,97,4.306830139671498e-05,8,0.00625,0.9875,kept,False
rep_189,Asian - White,98,1.0742054056675288,0.9370597234576448,1.217695859810597,False,False,kept,0.0741412438044412,0.1073081658489468,0.1827888120874155,0.25,False,False,kept,single df,0.0974569683524257,0.0080491305768695,97,0.090724704826694,0.0065157456887263,97,4.170899062722711e-05,8,0.00625,0.9875,kept,True
rep_190,Republican - Democrat,98,1.0006819663122772,0.9741953466488178,1.027998381251251,False,False,kept,0.1517356577949606,0.2316745096063513,0.2084943452418136,0.25,False,False,kept,single df,0.1918358201096321,0.0156964889936308,97,0.1917050837006559,0.0157042377448494,97,0.0002445397053335,8,0.00625,0.9875,kept,False
rep_190,Female - Male,97,0.987831914925234,0.91192755210194,1.058950817161089,False,False,kept,0.043581295023332,0.0667273707259402,0.2098300758638356,0.25,False,False,kept,single df,0.0544832102599756,0.0049711230361118,96,0.0551543328746361,0.0045462206303031,96,2.1490382987192462e-05,8,0.00625,0.9875,kept,False
rep_190,Black - White,98,0.9756365440412472,0.9074710133964342,1.0382242771014565,False,False,kept,0.0753351407907121,0.1188299511582823,0.2240094237897092,0.25,False,False,kept,single df,0.0947172796412839,0.0091057138716067,97,0.0970825459744972,0.0085446916887306,97,7.508713674893014e-05,8,0.00625,0.9875,kept,False
rep_190,Hispanic - White,98,0.9203901770451084,0.7666600588608355,1.071577636482458,False,False,kept,0.061975313619109,0.0945355882614301,0.2080383810398941,0.25,False,False,kept,single df,0.0720255483456595,0.0076025693869193,97,0.0782554509402695,0.0063965679070179,97,3.880863247809644e-05,8,0.00625,0.9875,kept,False
rep_190,Asian - White,98,0.8103891388734951,0.6108817006558285,1.0052252696175863,False,False,attenuated or kept,0.0741412438044412,0.1073081658489468,0.1827888120874155,0.25,False,False,attenuated or kept,single df,0.0735223154190566,0.0089595064613608,97,0.090724704826694,0.0065157456887263,97,3.727368327715885e-05,8,0.00625,0.9875,unresolved,True
rep_191,Republican - Democrat,98,0.9975950625885552,0.9705395726576176,1.025340308176312,False,False,kept,0.1517356577949606,0.2316745096063513,0.2084943452418136,0.25,False,False,kept,single df,0.1912440449729001,0.0156773023103617,97,0.1917050837006559,0.0157042377448494,97,0.0002441583871122,8,0.00625,0.9875,kept,False
rep_191,Female - Male,97,1.047523183562887,0.945021146189934,1.1545482185105491,False,False,kept,0.043581295023332,0.0667273707259402,0.2098300758638356,0.25,False,False,kept,single df,0.057775442360126,0.0050473785781114,96,0.0551543328746361,0.0045462206303031,96,2.063547548672631e-05,8,0.00625,0.9875,kept,False
rep_191,Black - White,98,1.0183559190760518,0.9569444606546604,1.0787106990372053,False,False,kept,0.0753351407907121,0.1188299511582823,0.2240094237897092,0.25,False,False,kept,single df,0.0988645853321022,0.0090733750902197,97,0.0970825459744972,0.0085446916887306,97,7.508210763038843e-05,8,0.00625,0.9875,kept,False
rep_191,Hispanic - White,98,0.968199766097392,0.8411044837982897,1.0852356494010074,False,False,kept,0.061975313619109,0.0945355882614301,0.2080383810398941,0.25,False,False,kept,single df,0.0757669092962149,0.0077857487231765,97,0.0782554509402695,0.0063965679070179,97,4.41641292994112e-05,8,0.00625,0.9875,kept,False
rep_191,Asian - White,98,0.994419937552947,0.8659714155831518,1.1163288714100337,False,False,kept,0.0741412438044412,0.1073081658489468,0.1827888120874155,0.25,False,False,kept,single df,0.0902184553082706,0.0083187779684807,97,0.090724704826694,0.0065157456887263,97,4.623401510583009e-05,8,0.00625,0.9875,kept,True
rep_192,Republican - Democrat,98,0.9846095424145368,0.9582091113066816,1.009868894680316,False,False,kept,0.1517356577949606,0.2316745096063513,0.2084943452418136,0.25,False,False,kept,single df,0.1887546547410434,0.0157735925497398,97,0.1917050837006559,0.0157042377448494,97,0.0002459236443034,8,0.00625,0.9875,kept,False
rep_192,Female - Male,97,1.0421108418242626,0.7814061050584672,1.3072314300714578,False,False,kept or steepened,0.043581295023332,0.0667273707259402,0.2098300758638356,0.25,False,False,kept or steepened,single df,0.0574769282622426,0.0071692121268135,96,0.0551543328746361,0.0045462206303031,96,2.054765378142813e-05,8,0.00625,0.9875,unresolved,False
rep_192,Black - White,98,1.0017336453084509,0.9290819105231332,1.0764481509811596,False,False,kept,0.0753351407907121,0.1188299511582823,0.2240094237897092,0.25,False,False,kept,single df,0.0972508526748583,0.008826723823462,97,0.0970825459744972,0.0085446916887306,97,7.171297958165868e-05,8,0.00625,0.9875,kept,False
rep_192,Hispanic - White,98,0.9773561681869808,0.854868742564175,1.0978173239806417,False,False,kept,0.061975313619109,0.0945355882614301,0.2080383810398941,0.25,False,False,kept,single df,0.0764834476707261,0.0073634655470418,97,0.0782554509402695,0.0063965679070179,97,4.090592962622443e-05,8,0.00625,0.9875,kept,False
rep_192,Asian - White,98,1.0681453706979969,0.9341060577025728,1.2106514424189496,False,False,kept,0.0741412438044412,0.1073081658489468,0.1827888120874155,0.25,False,False,kept,single df,0.0969071734685754,0.0077968712586746,97,0.090724704826694,0.0065157456887263,97,4.0148595759971394e-05,8,0.00625,0.9875,kept,True
rep_193,Republican - Democrat,98,0.9936352138763792,0.9652973551065454,1.0193711390821478,False,False,kept,0.1517356577949606,0.2316745096063513,0.2084943452418136,0.25,False,False,kept,single df,0.1904849218440904,0.0161703969994688,97,0.1917050837006559,0.0157042377448494,97,0.0002521134663364,8,0.00625,0.9875,kept,False
rep_193,Female - Male,97,0.8952897975419112,0.6412295702902391,1.1424148856129552,False,False,attenuated or kept,0.043581295023332,0.0667273707259402,0.2098300758638356,0.25,False,False,attenuated or kept,single df,0.0493791115128921,0.0068940347208383,96,0.0551543328746361,0.0045462206303031,96,2.00600519579096e-05,8,0.00625,0.9875,unresolved,False
rep_193,Black - White,98,0.9775813947139028,0.9118623277374228,1.040547374840337,False,False,kept,0.0753351407907121,0.1188299511582823,0.2240094237897092,0.25,False,False,kept,single df,0.0949060906961256,0.0089001651085315,97,0.0970825459744972,0.0085446916887306,97,7.327728833851078e-05,8,0.00625,0.9875,kept,False
rep_193,Hispanic - White,98,1.0137541614889922,0.9050917995719168,1.1208603919174729,False,False,kept,0.061975313619109,0.0945355882614301,0.2080383810398941,0.25,False,False,kept,single df,0.0793317890498959,0.0073486546081299,97,0.0782554509402695,0.0063965679070179,97,4.218258093277458e-05,8,0.00625,0.9875,kept,False
rep_193,Asian - White,98,0.8857453544316933,0.7461731174574102,1.0216190920562318,False,False,attenuated or kept,0.0741412438044412,0.1073081658489468,0.1827888120874155,0.25,False,False,attenuated or kept,single df,0.0803589858324309,0.0077860917149032,97,0.090724704826694,0.0065157456887263,97,3.98755235679155e-05,8,0.00625,0.9875,unresolved,True
rep_194,Republican - Democrat,98,0.9784153398260196,0.946400711698594,1.007004817423439,False,False,kept,0.1517356577949606,0.2316745096063513,0.2084943452418136,0.25,False,False,kept,single df,0.1875671946153528,0.0161010832598586,97,0.1917050837006559,0.0157042377448494,97,0.000250593610936,8,0.00625,0.9875,kept,False
rep_194,Female - Male,97,0.9941807464708796,0.9223583917984328,1.0640304979675297,False,False,kept,0.043581295023332,0.0667273707259402,0.2098300758638356,0.25,False,False,kept,single df,0.0548333758284091,0.0048538284222893,96,0.0551543328746361,0.0045462206303031,96,2.099045788082736e-05,8,0.00625,0.9875,kept,False
rep_194,Black - White,98,0.9618428353720758,0.9001175455317284,1.0209303375726564,False,False,kept,0.0753351407907121,0.1188299511582823,0.2240094237897092,0.25,False,False,kept,single df,0.0933781512852503,0.0087231204292561,97,0.0970825459744972,0.0085446916887306,97,7.204851794298177e-05,8,0.00625,0.9875,kept,False
rep_194,Hispanic - White,98,1.022858183682791,0.9033107612042413,1.137822868983329,False,False,kept,0.061975313619109,0.0945355882614301,0.2080383810398941,0.25,False,False,kept,single df,0.0800442284120419,0.0077122238698572,97,0.0782554509402695,0.0063965679070179,97,4.3923811931433056e-05,8,0.00625,0.9875,kept,False
rep_194,Asian - White,98,1.005485981201938,0.85724238642269,1.1528297240087877,False,False,kept,0.0741412438044412,0.1073081658489468,0.1827888120874155,0.25,False,False,kept,single df,0.0912224188519247,0.0084178782015083,97,0.090724704826694,0.0065157456887263,97,4.324044983231282e-05,8,0.00625,0.9875,kept,True
rep_195,Republican - Democrat,98,1.007448540473863,0.9856192979402462,1.030856203477579,False,False,kept,0.1517356577949606,0.2316745096063513,0.2084943452418136,0.25,False,False,kept,single df,0.1931330067756455,0.0156350278499019,97,0.1917050837006559,0.0157042377448494,97,0.0002441771791602,8,0.00625,0.9875,kept,False
rep_195,Female - Male,97,1.0036319502736135,0.9457215442177982,1.0661494903307611,False,False,kept,0.043581295023332,0.0667273707259402,0.2098300758638356,0.25,False,False,kept,single df,0.0553546506690111,0.0045131165662066,96,0.0551543328746361,0.0045462206303031,96,1.970944775207404e-05,8,0.00625,0.9875,kept,False
rep_195,Black - White,98,0.9708792476769452,0.8976863062414672,1.0375393945300528,False,False,kept,0.0753351407907121,0.1188299511582823,0.2240094237897092,0.25,False,False,kept,single df,0.0942554291982823,0.0091831030296191,97,0.0970825459744972,0.0085446916887306,97,7.539969105660732e-05,8,0.00625,0.9875,kept,False
rep_195,Hispanic - White,98,0.9960062889277216,0.8861996858088621,1.0989791216297085,False,False,kept,0.061975313619109,0.0945355882614301,0.2080383810398941,0.25,False,False,kept,single df,0.0779429212793832,0.00754804756282,97,0.0782554509402695,0.0063965679070179,97,4.384312849002592e-05,8,0.00625,0.9875,kept,False
rep_195,Asian - White,98,0.9616356376587754,0.8018089882728358,1.116716900060558,False,False,kept,0.0741412438044412,0.1073081658489468,0.1827888120874155,0.25,False,False,kept,single df,0.0872441093774221,0.0086779624018574,97,0.090724704826694,0.0065157456887263,97,4.3740336971821714e-05,8,0.00625,0.9875,kept,True
rep_196,Republican - Democrat,98,1.0007340733158627,0.9794954239340626,1.0212254081440917,False,False,kept,0.1517356577949606,0.2316745096063513,0.2084943452418136,0.25,False,False,kept,single df,0.1918458092871158,0.0159187181231826,97,0.1917050837006559,0.0157042377448494,97,0.0002488318858332,8,0.00625,0.9875,kept,False
rep_196,Female - Male,97,0.8936873908818762,0.6331686128271177,1.1456678287120798,False,False,attenuated or kept,0.043581295023332,0.0667273707259402,0.2098300758638356,0.25,False,False,attenuated or kept,single df,0.049290731842564,0.0070278248013071,96,0.0551543328746361,0.0045462206303031,96,2.038665638569933e-05,8,0.00625,0.9875,unresolved,False
rep_196,Black - White,98,1.042143059131616,0.9765240480020608,1.1142818884785974,False,False,kept,0.0753351407907121,0.1188299511582823,0.2240094237897092,0.25,False,False,kept,single df,0.1011739014501482,0.0087434077075546,97,0.0970825459744972,0.0085446916887306,97,7.158356907384021e-05,8,0.00625,0.9875,kept,False
rep_196,Hispanic - White,98,1.041058566449934,0.9351836841180328,1.158341143620425,False,False,kept,0.061975313619109,0.0945355882614301,0.2080383810398941,0.25,False,False,kept,single df,0.0814685075727701,0.0066958543940362,97,0.0782554509402695,0.0063965679070179,97,3.743710388177664e-05,8,0.00625,0.9875,kept,False
rep_196,Asian - White,98,0.9549898107202206,0.8149536585468142,1.0929950392314407,False,False,kept,0.0741412438044412,0.1073081658489468,0.1827888120874155,0.25,False,False,kept,single df,0.0866411686900924,0.0080521542393102,97,0.090724704826694,0.0065157456887263,97,4.17912312903808e-05,8,0.00625,0.9875,kept,True
rep_197,Republican - Democrat,98,1.0114829973841963,0.9889122478566492,1.0362688971580332,False,False,kept,0.1517356577949606,0.2316745096063513,0.2084943452418136,0.25,False,False,kept,single df,0.1939064326753277,0.0155947516789819,97,0.1917050837006559,0.0157042377448494,97,0.0002434444668281,8,0.00625,0.9875,kept,False
rep_197,Female - Male,97,0.9188611644365566,0.6668007346364667,1.1632367639919436,False,False,attenuated or kept,0.043581295023332,0.0667273707259402,0.2098300758638356,0.25,False,False,attenuated or kept,single df,0.0506791745289096,0.006947030646881,96,0.0551543328746361,0.0045462206303031,96,2.071544208289581e-05,8,0.00625,0.9875,unresolved,False
rep_197,Black - White,98,0.9874213211444052,0.9302662046830183,1.0448733461916808,False,False,kept,0.0753351407907121,0.1188299511582823,0.2240094237897092,0.25,False,False,kept,single df,0.0958613758062005,0.0086786714387888,97,0.0970825459744972,0.0085446916887306,97,7.1888203916965e-05,8,0.00625,0.9875,kept,False
rep_197,Hispanic - White,98,1.0320087779727534,0.9326542916970602,1.1292361188057378,False,False,kept,0.061975313619109,0.0945355882614301,0.2080383810398941,0.25,False,False,kept,single df,0.0807603122945743,0.007368851520606,97,0.0782554509402695,0.0063965679070179,97,4.318771948645322e-05,8,0.00625,0.9875,kept,False
rep_197,Asian - White,98,1.008953158063472,0.8873805532149367,1.1331146841850148,False,False,kept,0.0741412438044412,0.1073081658489468,0.1827888120874155,0.25,False,False,kept,single df,0.0915369774492693,0.0076517751677774,97,0.090724704826694,0.0065157456887263,97,4.124518582973388e-05,8,0.00625,0.9875,kept,True
rep_198,Republican - Democrat,98,1.001320149170487,0.9787207152389552,1.024050350246621,False,False,kept,0.1517356577949606,0.2316745096063513,0.2084943452418136,0.25,False,False,kept,single df,0.1919581630078815,0.015790876435137,97,0.1917050837006559,0.0157042377448494,97,0.0002465938388435,8,0.00625,0.9875,kept,False
rep_198,Female - Male,97,0.9075644354916478,0.6544110689172354,1.1538428504952871,False,False,attenuated or kept,0.043581295023332,0.0667273707259402,0.2098300758638356,0.25,False,False,attenuated or kept,single df,0.0500561109802875,0.0069139005020897,96,0.0551543328746361,0.0045462206303031,96,2.0300240892757177e-05,8,0.00625,0.9875,unresolved,False
rep_198,Black - White,98,0.98596966017853,0.9280789486756886,1.0420261036562195,False,False,kept,0.0753351407907121,0.1188299511582823,0.2240094237897092,0.25,False,False,kept,single df,0.0957204448637415,0.0088295780368953,97,0.0970825459744972,0.0085446916887306,97,7.32548361975288e-05,8,0.00625,0.9875,kept,False
rep_198,Hispanic - White,98,0.8559008490815373,0.7105245325235161,0.994394294145109,False,False,attenuated or kept,0.061975313619109,0.0945355882614301,0.2080383810398941,0.25,False,False,attenuated or kept,single df,0.0669789069050353,0.0073152034856933,97,0.0782554509402695,0.0063965679070179,97,3.813276807958235e-05,8,0.00625,0.9875,unresolved,False
rep_198,Asian - White,98,1.0189154992154432,0.8806290019307023,1.152453108248333,False,False,kept,0.0741412438044412,0.1073081658489468,0.1827888120874155,0.25,False,False,kept,single df,0.0924408079096647,0.0085264144208821,97,0.090724704826694,0.0065157456887263,97,4.617430030077495e-05,8,0.00625,0.9875,kept,True
rep_199,Republican - Democrat,98,1.007321473602201,0.9828059663399344,1.0332865528542223,False,False,kept,0.1517356577949606,0.2316745096063513,0.2084943452418136,0.25,False,False,kept,single df,0.193108647410378,0.0156773044187678,97,0.1917050837006559,0.0157042377448494,97,0.000244495458995,8,0.00625,0.9875,kept,False
rep_199,Female - Male,97,1.0811048077079346,0.8178850836077947,1.3552906982148956,False,False,kept or steepened,0.043581295023332,0.0667273707259402,0.2098300758638356,0.25,False,False,kept or steepened,single df,0.0596276144366929,0.0071570680442858,96,0.0551543328746361,0.0045462206303031,96,1.988383877235558e-05,8,0.00625,0.9875,unresolved,False
rep_199,Black - White,98,0.9968570192759056,0.9283051403311944,1.0640569912019664,False,False,kept,0.0753351407907121,0.1188299511582823,0.2240094237897092,0.25,False,False,kept,single df,0.0967774174038533,0.0089878976364265,97,0.0970825459744972,0.0085446916887306,97,7.371643502781706e-05,8,0.00625,0.9875,kept,False
rep_199,Hispanic - White,98,0.9725660963666328,0.8518720580612378,1.085094465961434,False,False,kept,0.061975313619109,0.0945355882614301,0.2080383810398941,0.25,False,False,kept,single df,0.0761085984403885,0.0076268505784682,97,0.0782554509402695,0.0063965679070179,97,4.348637564594876e-05,8,0.00625,0.9875,kept,False
rep_199,Asian - White,98,0.965788973387118,0.7863123509208207,1.1459419188361384,False,False,kept,0.0741412438044412,0.1073081658489468,0.1827888120874155,0.25,False,False,kept,single df,0.0876209195354221,0.0088605503355347,97,0.090724704826694,0.0065157456887263,97,4.058718340490195e-05,8,0.00625,0.9875,kept,True
