family,contrast,n_questions,median_n_a,median_n_b,share_q_model_gap_negative,ratio,ci_lo,ci_hi,ci_unbounded,ci_split,reading,pop_ci_lo,pop_ci_hi,k_rel_halfwidth,k_max,no_population_gap,stop_population,verdict,df_rule,g,se_g,df_g,gamma,se_gamma,df_gamma,cov,family_size,alpha_one_sided,interval_level,label,certifiable
rep_000,Republican - Democrat,383,877.0,1237.0,0.0469973890339425,0.9984639281306344,0.982427197243025,1.0141571555456566,False,False,kept,0.101316575113117,0.1352634087968122,0.1434898807695391,0.25,False,False,kept,single df,0.1181082900258951,0.0067353702913761,382,0.1182899919549646,0.0066520213950462,382,4.454293703148919e-05,9,0.0055555555555555,0.9888888888888888,kept,True
rep_000,Female - Male,384,1858.5,1548.0,0.0729166666666666,0.9930794807447888,0.9522125615268812,1.0341028133209913,False,False,kept,0.0377833623397615,0.053654242926846,0.1735706063255838,0.25,False,False,kept,single df,0.0454024047793547,0.0031642328434352,383,0.0457188026333037,0.0031100039412661,383,9.580836743640128e-06,9,0.0055555555555555,0.9888888888888888,kept,True
rep_000,Black - White,385,341.0,2607.0,0.0389610389610389,1.0119363166531956,0.978592844839178,1.0459037208039226,False,False,kept,0.065661662064632,0.083127565435944,0.1173868811923518,0.25,False,False,kept,single df,0.0752826114173036,0.0035235975385125,384,0.074394613750288,0.0034226027124533,384,1.1592483494050023e-05,9,0.0055555555555555,0.9888888888888888,kept,True
rep_000,Hispanic - White,385,175.0,2607.0,0.1142857142857142,0.960489726612836,0.907945199281646,1.0125483288761985,False,False,kept,0.0487392316228472,0.0610008204491476,0.1117330326967233,0.25,False,False,kept,single df,0.0527020963065543,0.0026054611571167,384,0.0548700260359974,0.0024027699159732,384,5.656152878326458e-06,9,0.0055555555555555,0.9888888888888888,kept,True
rep_000,Asian - White,385,114.0,2607.0,0.1038961038961039,0.9659965650939392,0.9052194217873254,1.0267736451488596,False,False,kept,0.0533186238971322,0.0665580583923153,0.1104421163676844,0.25,False,False,kept,single df,0.0579002316632319,0.0028800024791087,384,0.0599383411447238,0.0025943876735852,384,6.501992708414607e-06,9,0.0055555555555555,0.9888888888888888,kept,True
rep_000,Less than high school - Postgraduate,385,144.0,692.0,0.0649350649350649,0.9933470863297708,0.9477747968384987,1.0396268834431237,False,False,kept,0.0743241000888551,0.0902759569019563,0.0969128267919841,0.25,False,False,kept,single df,0.0817524935107684,0.0033303236696572,384,0.0823000284954057,0.0031259115109307,384,9.341734241562552e-06,9,0.0055555555555555,0.9888888888888888,kept,True
rep_000,"Less than $30,000 - $100,000 or more",385,673.0,833.0,0.0545454545454545,0.9903287308706448,0.9607299456679947,1.0195187047400125,False,False,kept,0.0565221721177537,0.0696021188076135,0.1037068006003678,0.25,False,False,kept,single df,0.0624522544820395,0.0026851306697606,384,0.0630621454626836,0.002563134586728,384,6.62963850544491e-06,9,0.0055555555555555,0.9888888888888888,kept,True
rep_000,18-29 - 65+,380,462.0,781.5,0.0710526315789473,1.0013761422419871,0.9717669000466228,1.030942599282113,False,False,kept,0.0662196552818754,0.0832190824900499,0.1137551578769301,0.25,False,False,kept,single df,0.0748221933657812,0.0034500952432647,379,0.0747193688859627,0.0033309784640319,379,1.1128791796258168e-05,9,0.0055555555555555,0.9888888888888888,kept,True
rep_000,South - Northeast,385,1287.0,554.0,0.1558441558441558,0.981796150305986,0.8989057038387134,1.0648223487571975,False,False,kept,0.0203681887866181,0.025600565542354,0.1138246365844662,0.25,False,False,kept,single df,0.0225659730172732,0.0012465582537598,384,0.022984377164486,0.0010253318420491,384,1.0267312108473457e-06,9,0.0055555555555555,0.9888888888888888,kept,True
rep_001,Republican - Democrat,383,877.0,1237.0,0.0496083550913838,0.9936401942338442,0.9779683529674716,1.0089302760050576,False,False,kept,0.101316575113117,0.1352634087968122,0.1434898807695391,0.25,False,False,kept,single df,0.1175376905820509,0.0067075462465666,382,0.1182899919549646,0.0066520213950462,382,4.436975212866216e-05,9,0.0055555555555555,0.9888888888888888,kept,True
rep_001,Female - Male,384,1858.5,1548.0,0.0911458333333333,1.0150664688057964,0.9351934621131902,1.0957222954112873,False,False,kept,0.0377833623397615,0.053654242926846,0.1735706063255838,0.25,False,False,kept,single df,0.0464076235470168,0.0034240760727324,383,0.0457188026333037,0.0031100039412661,383,9.69597378964321e-06,9,0.0055555555555555,0.9888888888888888,kept,True
rep_001,Black - White,385,341.0,2607.0,0.0493506493506493,1.0036760310395656,0.9749576872624004,1.032615856875084,False,False,kept,0.065661662064632,0.083127565435944,0.1173868811923518,0.25,False,False,kept,single df,0.0746680906596106,0.0035086908468457,384,0.074394613750288,0.0034226027124533,384,1.166442658757953e-05,9,0.0055555555555555,0.9888888888888888,kept,True
rep_001,Hispanic - White,385,175.0,2607.0,0.0857142857142857,1.0350519315476978,0.9782652858739512,1.093726117065096,False,False,kept,0.0487392316228472,0.0610008204491476,0.1117330326967233,0.25,False,False,kept,single df,0.0567933264326316,0.0026104631461929,384,0.0548700260359974,0.0024027699159732,384,5.5446745732570885e-06,9,0.0055555555555555,0.9888888888888888,kept,True
rep_001,Asian - White,385,114.0,2607.0,0.122077922077922,0.9688330140190168,0.902346928465449,1.034015611007569,False,False,kept,0.0533186238971322,0.0665580583923153,0.1104421163676844,0.25,False,False,kept,single df,0.0580702437065428,0.0030607990253071,384,0.0599383411447238,0.0025943876735852,384,6.876328287187442e-06,9,0.0055555555555555,0.9888888888888888,kept,True
rep_001,Less than high school - Postgraduate,385,144.0,692.0,0.0623376623376623,0.9860014646604373,0.9414835002536914,1.0306104123305817,False,False,kept,0.0743241000888551,0.0902759569019563,0.0969128267919841,0.25,False,False,kept,single df,0.0811479486380657,0.0033843601545848,384,0.0823000284954057,0.0031259115109307,384,9.587654622849829e-06,9,0.0055555555555555,0.9888888888888888,kept,True
rep_001,"Less than $30,000 - $100,000 or more",385,673.0,833.0,0.0753246753246753,1.001483230016558,0.9684298790756064,1.034696631491351,False,False,kept,0.0565221721177537,0.0696021188076135,0.1037068006003678,0.25,False,False,kept,single df,0.0631556811297424,0.0026750107449438,384,0.0630621454626836,0.002563134586728,384,6.531046230483368e-06,9,0.0055555555555555,0.9888888888888888,kept,True
rep_001,18-29 - 65+,380,462.0,781.5,0.0657894736842105,0.9995646760800694,0.9697024546319472,1.02925745821436,False,False,kept,0.0662196552818754,0.0832190824900499,0.1137551578769301,0.25,False,False,kept,single df,0.0746868417574045,0.0034611477318991,379,0.0747193688859627,0.0033309784640319,379,1.116228906764181e-05,9,0.0055555555555555,0.9888888888888888,kept,True
rep_001,South - Northeast,385,1287.0,554.0,0.148051948051948,0.961609467943624,0.8756780977545879,1.0462029249033733,False,False,kept,0.0203681887866181,0.025600565542354,0.1138246365844662,0.25,False,False,kept,single df,0.022101994696157,0.0012873965941812,384,0.022984377164486,0.0010253318420491,384,1.0645237425661842e-06,9,0.0055555555555555,0.9888888888888888,kept,True
rep_002,Republican - Democrat,383,877.0,1237.0,0.0287206266318537,1.0066710900182576,0.9920695646577874,1.0219384281032489,False,False,kept,0.101316575113117,0.1352634087968122,0.1434898807695391,0.25,False,False,kept,single df,0.1190791151395551,0.0066257199351755,382,0.1182899919549646,0.0066520213950462,382,4.384384878907372e-05,9,0.0055555555555555,0.9888888888888888,kept,True
rep_002,Female - Male,384,1858.5,1548.0,0.0625,0.976990763051616,0.8954268966009666,1.0575003824513118,False,False,kept,0.0377833623397615,0.053654242926846,0.1735706063255838,0.25,False,False,kept,single df,0.0446668478705176,0.0034055197253032,383,0.0457188026333037,0.0031100039412661,383,9.613709683388129e-06,9,0.0055555555555555,0.9888888888888888,kept,True
rep_002,Black - White,385,341.0,2607.0,0.0493506493506493,0.988922583559972,0.9591908409182088,1.0184208579651397,False,False,kept,0.065661662064632,0.083127565435944,0.1173868811923518,0.25,False,False,kept,single df,0.073570513632881,0.0035192315500763,384,0.074394613750288,0.0034226027124533,384,1.1682315254873784e-05,9,0.0055555555555555,0.9888888888888888,kept,True
rep_002,Hispanic - White,385,175.0,2607.0,0.0987012987012987,0.9963370534757396,0.9436791109975728,1.049662806101184,False,False,kept,0.0487392316228472,0.0610008204491476,0.1117330326967233,0.25,False,False,kept,single df,0.0546690400648428,0.0025902858973233,384,0.0548700260359974,0.0024027699159732,384,5.599670576838668e-06,9,0.0055555555555555,0.9888888888888888,kept,True
rep_002,Asian - White,385,114.0,2607.0,0.122077922077922,0.9988987258013486,0.9305646355449472,1.067233044909895,False,False,kept,0.0533186238971322,0.0665580583923153,0.1104421163676844,0.25,False,False,kept,single df,0.0598723325961111,0.0030432304179662,384,0.0599383411447238,0.0025943876735852,384,6.723372519445633e-06,9,0.0055555555555555,0.9888888888888888,kept,True
rep_002,Less than high school - Postgraduate,385,144.0,692.0,0.0857142857142857,1.018201864944508,0.97017162523073,1.066645657832798,False,False,kept,0.0743241000888551,0.0902759569019563,0.0969128267919841,0.25,False,False,kept,single df,0.0837980424990082,0.0034776837562547,384,0.0823000284954057,0.0031259115109307,384,9.73607390027616e-06,9,0.0055555555555555,0.9888888888888888,kept,True
rep_002,"Less than $30,000 - $100,000 or more",385,673.0,833.0,0.0935064935064935,1.0019185254602312,0.9688912447471671,1.0349056438556403,False,False,kept,0.0565221721177537,0.0696021188076135,0.1037068006003678,0.25,False,False,kept,single df,0.0631831317943306,0.0026976926038513,384,0.0630621454626836,0.002563134586728,384,6.594397441140306e-06,9,0.0055555555555555,0.9888888888888888,kept,True
rep_002,18-29 - 65+,380,462.0,781.5,0.0526315789473684,1.014090791590796,0.9825869184232576,1.0452623302119377,False,False,kept,0.0662196552818754,0.0832190824900499,0.1137551578769301,0.25,False,False,kept,single df,0.0757722239407306,0.0035393028583205,379,0.0747193688859627,0.0033309784640319,379,1.13923947656375e-05,9,0.0055555555555555,0.9888888888888888,kept,True
rep_002,South - Northeast,385,1287.0,554.0,0.1506493506493506,0.9926727206163628,0.9049957640033608,1.0802257632175791,False,False,kept,0.0203681887866181,0.025600565542354,0.1138246365844662,0.25,False,False,kept,single df,0.0228159642115429,0.0012886541453102,384,0.022984377164486,0.0010253318420491,384,1.0485644808048718e-06,9,0.0055555555555555,0.9888888888888888,kept,True
rep_003,Republican - Democrat,383,877.0,1237.0,0.0496083550913838,0.9889391218382576,0.9740413564384705,1.0035504249288771,False,False,kept,0.101316575113117,0.1352634087968122,0.1434898807695391,0.25,False,False,kept,single df,0.1169816007661972,0.0066581089055642,382,0.1182899919549646,0.0066520213950462,382,4.406143746893162e-05,9,0.0055555555555555,0.9888888888888888,kept,True
rep_003,Female - Male,384,1858.5,1548.0,0.0520833333333333,1.0133909913383192,0.9761891322958468,1.0508686959401778,False,False,kept,0.0377833623397615,0.053654242926846,0.1735706063255838,0.25,False,False,kept,single df,0.0463310227233646,0.0032062420633117,383,0.0457188026333037,0.0031100039412661,383,9.758698070008264e-06,9,0.0055555555555555,0.9888888888888888,kept,True
rep_003,Black - White,385,341.0,2607.0,0.0259740259740259,1.0226475540761466,0.9935268194577428,1.0528201024825252,False,False,kept,0.065661662064632,0.083127565435944,0.1173868811923518,0.25,False,False,kept,single df,0.0760794697881717,0.0034764436745787,384,0.074394613750288,0.0034226027124533,384,1.153859070058725e-05,9,0.0055555555555555,0.9888888888888888,kept,True
rep_003,Hispanic - White,385,175.0,2607.0,0.122077922077922,0.9874660883793486,0.9327011870343564,1.0422466360107476,False,False,kept,0.0487392316228472,0.0610008204491476,0.1117330326967233,0.25,False,False,kept,single df,0.0541822899790394,0.0026443283613948,384,0.0548700260359974,0.0024027699159732,384,5.697368578846079e-06,9,0.0055555555555555,0.9888888888888888,kept,True
rep_003,Asian - White,385,114.0,2607.0,0.0961038961038961,0.9880302734366068,0.9248869567976502,1.0516087154852969,False,False,kept,0.0533186238971322,0.0665580583923153,0.1104421163676844,0.25,False,False,kept,single df,0.059220895590558,0.0029196983661011,384,0.0599383411447238,0.0025943876735852,384,6.531689134925161e-06,9,0.0055555555555555,0.9888888888888888,kept,True
rep_003,Less than high school - Postgraduate,385,144.0,692.0,0.0727272727272727,1.0014189424468458,0.9522334701857236,1.0506412817539088,False,False,kept,0.0743241000888551,0.0902759569019563,0.0969128267919841,0.25,False,False,kept,single df,0.0824168074992145,0.003500877698266,384,0.0823000284954057,0.0031259115109307,384,9.766190021235278e-06,9,0.0055555555555555,0.9888888888888888,kept,True
rep_003,"Less than $30,000 - $100,000 or more",385,673.0,833.0,0.0441558441558441,1.024657196991689,0.9925669463400312,1.057365387511233,False,False,kept,0.0565221721177537,0.0696021188076135,0.1037068006003678,0.25,False,False,kept,single df,0.0646170812060756,0.0026738124853949,384,0.0630621454626836,0.002563134586728,384,6.544946533391915e-06,9,0.0055555555555555,0.9888888888888888,kept,True
rep_003,18-29 - 65+,380,462.0,781.5,0.0526315789473684,1.0056107655803508,0.975983388966009,1.035690007418354,False,False,kept,0.0662196552818754,0.0832190824900499,0.1137551578769301,0.25,False,False,kept,single df,0.0751386017490935,0.0034043984887053,379,0.0747193688859627,0.0033309784640319,379,1.0966455491873966e-05,9,0.0055555555555555,0.9888888888888888,kept,True
rep_003,South - Northeast,385,1287.0,554.0,0.1402597402597402,1.008799876533004,0.921740581596356,1.0959063788056187,False,False,kept,0.0203681887866181,0.025600565542354,0.1138246365844662,0.25,False,False,kept,single df,0.0231866368457215,0.0012936199515948,384,0.022984377164486,0.0010253318420491,384,1.058666262845107e-06,9,0.0055555555555555,0.9888888888888888,kept,True
rep_004,Republican - Democrat,383,877.0,1237.0,0.04177545691906,1.0008978245194975,0.985700678305257,1.0163268655527318,False,False,kept,0.101316575113117,0.1352634087968122,0.1434898807695391,0.25,False,False,kept,single df,0.1183961956101529,0.0066583690552756,382,0.1182899919549646,0.0066520213950462,382,4.404506020228794e-05,9,0.0055555555555555,0.9888888888888888,kept,True
rep_004,Female - Male,384,1858.5,1548.0,0.0885416666666666,1.034656141864728,0.9501025147442268,1.1204297186836754,False,False,kept,0.0377833623397615,0.053654242926846,0.1735706063255838,0.25,False,False,kept,single df,0.047303239943249,0.003495618976126,383,0.0457188026333037,0.0031100039412661,383,9.817391784718067e-06,9,0.0055555555555555,0.9888888888888888,kept,True
rep_004,Black - White,385,341.0,2607.0,0.0675324675324675,0.9721767696992268,0.9382683109592642,1.005533113242622,False,False,kept,0.065661662064632,0.083127565435944,0.1173868811923518,0.25,False,False,kept,single df,0.0723247152787767,0.0035312475060261,384,0.074394613750288,0.0034226027124533,384,1.1619727023973488e-05,9,0.0055555555555555,0.9888888888888888,kept,True
rep_004,Hispanic - White,385,175.0,2607.0,0.1194805194805194,0.9536955901641712,0.8928776875864828,1.0125896115724284,False,False,kept,0.0487392316228472,0.0610008204491476,0.1117330326967233,0.25,False,False,kept,single df,0.052329301862724,0.0027793238194864,384,0.0548700260359974,0.0024027699159732,384,5.945266044194394e-06,9,0.0055555555555555,0.9888888888888888,kept,True
rep_004,Asian - White,385,114.0,2607.0,0.1116883116883116,0.9600604482899314,0.8965975910301883,1.0237156657330255,False,False,kept,0.0533186238971322,0.0665580583923153,0.1104421163676844,0.25,False,False,kept,single df,0.0575444306691583,0.0028818914105267,384,0.0599383411447238,0.0025943876735852,384,6.409593297986877e-06,9,0.0055555555555555,0.9888888888888888,kept,True
rep_004,Less than high school - Postgraduate,385,144.0,692.0,0.0753246753246753,1.0321424078350496,0.9875775189927192,1.077694510758247,False,False,kept,0.0743241000888551,0.0902759569019563,0.0969128267919841,0.25,False,False,kept,single df,0.0849453495761412,0.0033840197123882,384,0.0823000284954057,0.0031259115109307,384,9.57668228639971e-06,9,0.0055555555555555,0.9888888888888888,kept,True
rep_004,"Less than $30,000 - $100,000 or more",385,673.0,833.0,0.0571428571428571,1.00783650451418,0.9763252467723792,1.039187425311021,False,False,kept,0.0565221721177537,0.0696021188076135,0.1037068006003678,0.25,False,False,kept,single df,0.0635563322502758,0.0027143395305576,384,0.0630621454626836,0.002563134586728,384,6.66958560092526e-06,9,0.0055555555555555,0.9888888888888888,kept,True
rep_004,18-29 - 65+,380,462.0,781.5,0.0473684210526315,0.9952488343201094,0.965246163631566,1.0252020244322624,False,False,kept,0.0662196552818754,0.0832190824900499,0.1137551578769301,0.25,False,False,kept,single df,0.0743643647848886,0.0034340208706635,379,0.0747193688859627,0.0033309784640319,379,1.1063640058150045e-05,9,0.0055555555555555,0.9888888888888888,kept,True
rep_004,South - Northeast,385,1287.0,554.0,0.1402597402597402,0.9774461354582156,0.8908969214586121,1.0635287261785855,False,False,kept,0.0203681887866181,0.025600565542354,0.1138246365844662,0.25,False,False,kept,single df,0.0224659906353409,0.0012797145484099,384,0.022984377164486,0.0010253318420491,384,1.046280941993852e-06,9,0.0055555555555555,0.9888888888888888,kept,True
rep_005,Republican - Democrat,383,877.0,1237.0,0.0469973890339425,1.003358691324197,0.9881282042308728,1.0188919771737857,False,False,kept,0.101316575113117,0.1352634087968122,0.1434898807695391,0.25,False,False,kept,single df,0.118687291524683,0.0066637529154612,382,0.1182899919549646,0.0066520213950462,382,4.407932953483732e-05,9,0.0055555555555555,0.9888888888888888,kept,True
rep_005,Female - Male,384,1858.5,1548.0,0.0703125,0.9981477926997432,0.9650873782481908,1.0318234900860512,False,False,kept,0.0377833623397615,0.053654242926846,0.1735706063255838,0.25,False,False,kept,single df,0.0456341219333073,0.0031291793569438,383,0.0457188026333037,0.0031100039412661,383,9.558417706407338e-06,9,0.0055555555555555,0.9888888888888888,kept,True
rep_005,Black - White,385,341.0,2607.0,0.0389610389610389,0.9873560745956148,0.9541477237887992,1.0198863335483264,False,False,kept,0.065661662064632,0.083127565435944,0.1173868811923518,0.25,False,False,kept,single df,0.0734539738035413,0.003589828791882,384,0.074394613750288,0.0034226027124533,384,1.185034957173747e-05,9,0.0055555555555555,0.9888888888888888,kept,True
rep_005,Hispanic - White,385,175.0,2607.0,0.1194805194805194,1.0008758299794906,0.9464827223340904,1.055270375885025,False,False,kept,0.0487392316228472,0.0610008204491476,0.1117330326967233,0.25,False,False,kept,single df,0.0549180828497752,0.0026709391449802,384,0.0548700260359974,0.0024027699159732,384,5.778031293991976e-06,9,0.0055555555555555,0.9888888888888888,kept,True
rep_005,Asian - White,385,114.0,2607.0,0.0987012987012987,1.0193661353894632,0.9470464752567006,1.092102502961984,False,False,kept,0.0533186238971322,0.0665580583923153,0.1104421163676844,0.25,False,False,kept,single df,0.0610991151743523,0.0031032023144014,384,0.0599383411447238,0.0025943876735852,384,6.74762579127495e-06,9,0.0055555555555555,0.9888888888888888,kept,True
rep_005,Less than high school - Postgraduate,385,144.0,692.0,0.1064935064935064,0.9846204942993252,0.9368561473481254,1.0325051630932167,False,False,kept,0.0743241000888551,0.0902759569019563,0.0969128267919841,0.25,False,False,kept,single df,0.0810342947379949,0.0034217191021625,384,0.0823000284954057,0.0031259115109307,384,9.5590424592124e-06,9,0.0055555555555555,0.9888888888888888,kept,True
rep_005,"Less than $30,000 - $100,000 or more",385,673.0,833.0,0.0597402597402597,0.9954892554412595,0.9632819909381218,1.0277445590028362,False,False,kept,0.0565221721177537,0.0696021188076135,0.1037068006003678,0.25,False,False,kept,single df,0.0627776882331753,0.0026663415735449,384,0.0630621454626836,0.002563134586728,384,6.525510537626947e-06,9,0.0055555555555555,0.9888888888888888,kept,True
rep_005,18-29 - 65+,380,462.0,781.5,0.0631578947368421,0.9937168878531192,0.9646386185526088,1.0229337757046066,False,False,kept,0.0662196552818754,0.0832190824900499,0.1137551578769301,0.25,False,False,kept,single df,0.074249898711708,0.0033998349071383,379,0.0747193688859627,0.0033309784640319,379,1.096704455806362e-05,9,0.0055555555555555,0.9888888888888888,kept,True
rep_005,South - Northeast,385,1287.0,554.0,0.1272727272727272,1.0045593437381108,0.9218108793771486,1.0890886934331212,False,False,kept,0.0203681887866181,0.025600565542354,0.1138246365844662,0.25,False,False,kept,single df,0.0230891708405853,0.0012156684365237,384,0.022984377164486,0.0010253318420491,384,9.847807076173268e-07,9,0.0055555555555555,0.9888888888888888,kept,True
rep_006,Republican - Democrat,383,877.0,1237.0,0.0365535248041775,1.006193008972183,0.9915217524302564,1.0213387971679089,False,False,kept,0.101316575113117,0.1352634087968122,0.1434898807695391,0.25,False,False,kept,single df,0.1190225629364611,0.0066529586963708,382,0.1182899919549646,0.0066520213950462,382,4.40240068685048e-05,9,0.0055555555555555,0.9888888888888888,kept,True
rep_006,Female - Male,384,1858.5,1548.0,0.0625,0.9942745654210524,0.9626422927796036,1.0257092362496425,False,False,kept,0.0377833623397615,0.053654242926846,0.1735706063255838,0.25,False,False,kept,single df,0.0454570426197989,0.0031515836859997,383,0.0457188026333037,0.0031100039412661,383,9.647511584332964e-06,9,0.0055555555555555,0.9888888888888888,kept,True
rep_006,Black - White,385,341.0,2607.0,0.0519480519480519,1.006485056586686,0.9769517796080556,1.0360679558710646,False,False,kept,0.065661662064632,0.083127565435944,0.1173868811923518,0.25,False,False,kept,single df,0.0748770670302033,0.0035436212010531,384,0.074394613750288,0.0034226027124533,384,1.1769375133334573e-05,9,0.0055555555555555,0.9888888888888888,kept,True
rep_006,Hispanic - White,385,175.0,2607.0,0.122077922077922,0.9773258870721558,0.9194665329030908,1.0350101246487828,False,False,kept,0.0487392316228472,0.0610008204491476,0.1117330326967233,0.25,False,False,kept,single df,0.0536258968693034,0.0026677329375724,384,0.0548700260359974,0.0024027699159732,384,5.682384237986346e-06,9,0.0055555555555555,0.9888888888888888,kept,True
rep_006,Asian - White,385,114.0,2607.0,0.1116883116883116,0.9745177250878344,0.906037609577276,1.0438042214502676,False,False,kept,0.0533186238971322,0.0665580583923153,0.1104421163676844,0.25,False,False,kept,single df,0.0584109758578947,0.002924065560497,384,0.0599383411447238,0.0025943876735852,384,6.33955390058789e-06,9,0.0055555555555555,0.9888888888888888,kept,True
rep_006,Less than high school - Postgraduate,385,144.0,692.0,0.0961038961038961,1.014341306015348,0.9664799103820289,1.0619307057840666,False,False,kept,0.0743241000888551,0.0902759569019563,0.0969128267919841,0.25,False,False,kept,single df,0.0834803183891302,0.0035616493711372,384,0.0823000284954057,0.0031259115109307,384,1.0051616576026171e-05,9,0.0055555555555555,0.9888888888888888,kept,True
rep_006,"Less than $30,000 - $100,000 or more",385,673.0,833.0,0.0493506493506493,1.0150898340759096,0.9847453307462852,1.045485042054304,False,False,kept,0.0565221721177537,0.0696021188076135,0.1037068006003678,0.25,False,False,kept,single df,0.0640137427741864,0.0027010478587622,384,0.0630621454626836,0.002563134586728,384,6.653474283448147e-06,9,0.0055555555555555,0.9888888888888888,kept,True
rep_006,18-29 - 65+,380,462.0,781.5,0.0657894736842105,1.0003054211081177,0.9713874666515192,1.0288418720882768,False,False,kept,0.0662196552818754,0.0832190824900499,0.1137551578769301,0.25,False,False,kept,single df,0.0747421897584056,0.0034818945412825,379,0.0747193688859627,0.0033309784640319,379,1.1260247142227475e-05,9,0.0055555555555555,0.9888888888888888,kept,True
rep_006,South - Northeast,385,1287.0,554.0,0.1038961038961039,1.0702928345598397,0.9883392524608036,1.1541866184075749,False,False,kept,0.0203681887866181,0.025600565542354,0.1138246365844662,0.25,False,False,kept,single df,0.0246000141859702,0.0012604158731877,384,0.022984377164486,0.0010253318420491,384,1.0475066411151137e-06,9,0.0055555555555555,0.9888888888888888,kept,True
rep_007,Republican - Democrat,383,877.0,1237.0,0.0496083550913838,1.0057796995281474,0.991885150312124,1.019691450982321,False,False,kept,0.101316575113117,0.1352634087968122,0.1434898807695391,0.25,False,False,kept,single df,0.1189736725656512,0.0067180960966626,382,0.1182899919549646,0.0066520213950462,382,4.448703239524538e-05,9,0.0055555555555555,0.9888888888888888,kept,True
rep_007,Female - Male,384,1858.5,1548.0,0.0703125,0.96328145754108,0.8828320255677297,1.041642955608438,False,False,kept,0.0377833623397615,0.053654242926846,0.1735706063255838,0.25,False,False,kept,single df,0.0440400748376418,0.0034006008878185,383,0.0457188026333037,0.0031100039412661,383,9.64204397585684e-06,9,0.0055555555555555,0.9888888888888888,kept,True
rep_007,Black - White,385,341.0,2607.0,0.0363636363636363,1.0159974500196942,0.986789893973614,1.0463689042745186,False,False,kept,0.065661662064632,0.083127565435944,0.1173868811923518,0.25,False,False,kept,single df,0.0755847378654927,0.0034415557321749,384,0.074394613750288,0.0034226027124533,384,1.1413704575964913e-05,9,0.0055555555555555,0.9888888888888888,kept,True
rep_007,Hispanic - White,385,175.0,2607.0,0.135064935064935,0.9915091276906184,0.9361794219503292,1.0462775742574182,False,False,kept,0.0487392316228472,0.0610008204491476,0.1117330326967233,0.25,False,False,kept,single df,0.0544041316513133,0.0027043816575529,384,0.0548700260359974,0.0024027699159732,384,5.85243880941548e-06,9,0.0055555555555555,0.9888888888888888,kept,True
rep_007,Asian - White,385,114.0,2607.0,0.109090909090909,1.002130167908323,0.9401870009406154,1.063671277310166,False,False,kept,0.0533186238971322,0.0665580583923153,0.1104421163676844,0.25,False,False,kept,single df,0.0600660198755084,0.0030095017517741,384,0.0599383411447238,0.0025943876735852,384,6.854764577249471e-06,9,0.0055555555555555,0.9888888888888888,kept,True
rep_007,Less than high school - Postgraduate,385,144.0,692.0,0.0779220779220779,0.999900563271112,0.9522921496311272,1.0477225196746065,False,False,kept,0.0743241000888551,0.0902759569019563,0.0969128267919841,0.25,False,False,kept,single df,0.0822918448497847,0.0034490189687193,384,0.0823000284954057,0.0031259115109307,384,9.660311929524076e-06,9,0.0055555555555555,0.9888888888888888,kept,True
rep_007,"Less than $30,000 - $100,000 or more",385,673.0,833.0,0.0623376623376623,0.9928878185502764,0.9625614719320312,1.0234923661968456,False,False,kept,0.0565221721177537,0.0696021188076135,0.1037068006003678,0.25,False,False,kept,single df,0.0626136360415442,0.0026211576996081,384,0.0630621454626836,0.002563134586728,384,6.43887981596493e-06,9,0.0055555555555555,0.9888888888888888,kept,True
rep_007,18-29 - 65+,380,462.0,781.5,0.0710526315789473,0.9806254880659744,0.9490104587895528,1.011353990843819,False,False,kept,0.0662196552818754,0.0832190824900499,0.1137551578769301,0.25,False,False,kept,single df,0.0732717175817787,0.0034968009041165,379,0.0747193688859627,0.0033309784640319,379,1.1255600678409014e-05,9,0.0055555555555555,0.9888888888888888,kept,True
rep_007,South - Northeast,385,1287.0,554.0,0.1662337662337662,0.9709759355877968,0.8832113508380586,1.0574892913081253,False,False,kept,0.0203681887866181,0.025600565542354,0.1138246365844662,0.25,False,False,kept,single df,0.0223172771211896,0.001302535515807,384,0.022984377164486,0.0010253318420491,384,1.0708993754254991e-06,9,0.0055555555555555,0.9888888888888888,kept,True
rep_008,Republican - Democrat,383,877.0,1237.0,0.052219321148825,0.9992789859258772,0.9866553927405296,1.0119234338475005,False,False,kept,0.101316575113117,0.1352634087968122,0.1434898807695391,0.25,False,False,kept,single df,0.1182047032059372,0.0066691616193546,382,0.1182899919549646,0.0066520213950462,382,4.4195535737951546e-05,9,0.0055555555555555,0.9888888888888888,kept,True
rep_008,Female - Male,384,1858.5,1548.0,0.078125,0.9720949658348036,0.8869370154253181,1.0558368894885024,False,False,kept,0.0377833623397615,0.053654242926846,0.1735706063255838,0.25,False,False,kept,single df,0.0444430178838295,0.0034335078229335,383,0.0457188026333037,0.0031100039412661,383,9.62268159894826e-06,9,0.0055555555555555,0.9888888888888888,kept,True
rep_008,Black - White,385,341.0,2607.0,0.0545454545454545,0.9934118430630098,0.9638966612825158,1.022715619078236,False,False,kept,0.065661662064632,0.083127565435944,0.1173868811923518,0.25,False,False,kept,single df,0.0739044903596343,0.0035300952933629,384,0.074394613750288,0.0034226027124533,384,1.172565486635475e-05,9,0.0055555555555555,0.9888888888888888,kept,True
rep_008,Hispanic - White,385,175.0,2607.0,0.1038961038961039,1.0242460113367402,0.9730239354183996,1.0764014544503264,False,False,kept,0.0487392316228472,0.0610008204491476,0.1117330326967233,0.25,False,False,kept,single df,0.0562004053093134,0.0026153554964003,384,0.0548700260359974,0.0024027699159732,384,5.700161103744211e-06,9,0.0055555555555555,0.9888888888888888,kept,True
rep_008,Asian - White,385,114.0,2607.0,0.0961038961038961,0.9789631730481516,0.9111980751159507,1.045413529562815,False,False,kept,0.0533186238971322,0.0665580583923153,0.1104421163676844,0.25,False,False,kept,single df,0.0586774286342814,0.003099479903893,384,0.0599383411447238,0.0025943876735852,384,6.947579766178081e-06,9,0.0055555555555555,0.9888888888888888,kept,True
rep_008,Less than high school - Postgraduate,385,144.0,692.0,0.0727272727272727,0.9844209620349608,0.9409612550036868,1.0278647478280207,False,False,kept,0.0743241000888551,0.0902759569019563,0.0969128267919841,0.25,False,False,kept,single df,0.081017873226952,0.0033810104139413,384,0.0823000284954057,0.0031259115109307,384,9.627299226742394e-06,9,0.0055555555555555,0.9888888888888888,kept,True
rep_008,"Less than $30,000 - $100,000 or more",385,673.0,833.0,0.0441558441558441,0.9985559767306454,0.9677929321523132,1.0297449278020574,False,False,kept,0.0565221721177537,0.0696021188076135,0.1037068006003678,0.25,False,False,kept,single df,0.0629710822572201,0.0026217334480859,384,0.0630621454626836,0.002563134586728,384,6.431490574565641e-06,9,0.0055555555555555,0.9888888888888888,kept,True
rep_008,18-29 - 65+,380,462.0,781.5,0.0736842105263157,0.9992308051176992,0.9686892478626916,1.0291159170187405,False,False,kept,0.0662196552818754,0.0832190824900499,0.1137551578769301,0.25,False,False,kept,single df,0.0746618951298068,0.0035222138349445,379,0.0747193688859627,0.0033309784640319,379,1.1364670993203994e-05,9,0.0055555555555555,0.9888888888888888,kept,True
rep_008,South - Northeast,385,1287.0,554.0,0.1714285714285714,0.9870465946281874,0.8944285766193083,1.0773476531047723,False,False,kept,0.0203681887866181,0.025600565542354,0.1138246365844662,0.25,False,False,kept,single df,0.0226866512098558,0.0013701346965889,384,0.022984377164486,0.0010253318420491,384,1.130473152947016e-06,9,0.0055555555555555,0.9888888888888888,kept,True
rep_009,Republican - Democrat,383,877.0,1237.0,0.0496083550913838,0.9961981832928264,0.9803141017210072,1.011402002007579,False,False,kept,0.101316575113117,0.1352634087968122,0.1434898807695391,0.25,False,False,kept,single df,0.1178402750872588,0.0067711399087057,382,0.1182899919549646,0.0066520213950462,382,4.479710005589538e-05,9,0.0055555555555555,0.9888888888888888,kept,True
rep_009,Female - Male,384,1858.5,1548.0,0.0833333333333333,0.9826509248948454,0.9027118141076986,1.061697603088955,False,False,kept,0.0377833623397615,0.053654242926846,0.1735706063255838,0.25,False,False,kept,single df,0.0449256236927008,0.0034029471193535,383,0.0457188026333037,0.0031100039412661,383,9.643262941239976e-06,9,0.0055555555555555,0.9888888888888888,kept,True
rep_009,Black - White,385,341.0,2607.0,0.0597402597402597,0.9714657706181364,0.9385616356672634,1.003700373057358,False,False,kept,0.065661662064632,0.083127565435944,0.1173868811923518,0.25,False,False,kept,single df,0.0722718207767622,0.0035340901069142,384,0.074394613750288,0.0034226027124533,384,1.1660619176992452e-05,9,0.0055555555555555,0.9888888888888888,kept,True
rep_009,Hispanic - White,385,175.0,2607.0,0.0857142857142857,1.015574984496409,0.960575051790766,1.0723690937999035,False,False,kept,0.0487392316228472,0.0610008204491476,0.1117330326967233,0.25,False,False,kept,single df,0.0557246258408256,0.0025590867830372,384,0.0548700260359974,0.0024027699159732,384,5.4535464822764896e-06,9,0.0055555555555555,0.9888888888888888,kept,True
rep_009,Asian - White,385,114.0,2607.0,0.109090909090909,1.0109299590472838,0.9475668016998,1.075053477676164,False,False,kept,0.0533186238971322,0.0665580583923153,0.1104421163676844,0.25,False,False,kept,single df,0.0605934647587977,0.0029452570551309,384,0.0599383411447238,0.0025943876735852,384,6.597181559053532e-06,9,0.0055555555555555,0.9888888888888888,kept,True
rep_009,Less than high school - Postgraduate,385,144.0,692.0,0.0857142857142857,0.9958352939832392,0.9502422482845831,1.040982638110956,False,False,kept,0.0743241000888551,0.0902759569019563,0.0969128267919841,0.25,False,False,kept,single df,0.0819572730715513,0.0035027042109569,384,0.0823000284954057,0.0031259115109307,384,9.960299422337044e-06,9,0.0055555555555555,0.9888888888888888,kept,True
rep_009,"Less than $30,000 - $100,000 or more",385,673.0,833.0,0.0519480519480519,0.9964434580767944,0.9656967624887816,1.0276652842086755,False,False,kept,0.0565221721177537,0.0696021188076135,0.1037068006003678,0.25,False,False,kept,single df,0.0628378622985783,0.0026109396913203,384,0.0630621454626836,0.002563134586728,384,6.402739700094642e-06,9,0.0055555555555555,0.9888888888888888,kept,True
rep_009,18-29 - 65+,380,462.0,781.5,0.0578947368421052,0.991027320395025,0.9640452963583044,1.0182728387069575,False,False,kept,0.0662196552818754,0.0832190824900499,0.1137551578769301,0.25,False,False,kept,single df,0.074048935928663,0.0033613051838884,379,0.0747193688859627,0.0033309784640319,379,1.0884359019489938e-05,9,0.0055555555555555,0.9888888888888888,kept,True
rep_009,South - Northeast,385,1287.0,554.0,0.1116883116883116,1.0301409992827053,0.9525297247760578,1.1076906471224106,False,False,kept,0.0203681887866181,0.025600565542354,0.1138246365844662,0.25,False,False,kept,single df,0.0236771492601142,0.0012660078475715,384,0.022984377164486,0.0010253318420491,384,1.0854607037326283e-06,9,0.0055555555555555,0.9888888888888888,kept,True
rep_010,Republican - Democrat,383,877.0,1237.0,0.0261096605744125,1.0032827650391716,0.9884404493317844,1.0184397373293077,False,False,kept,0.101316575113117,0.1352634087968122,0.1434898807695391,0.25,False,False,kept,single df,0.1186783102050382,0.0066595360248613,382,0.1182899919549646,0.0066520213950462,382,4.406349012879735e-05,9,0.0055555555555555,0.9888888888888888,kept,True
rep_010,Female - Male,384,1858.5,1548.0,0.0651041666666666,0.9837853149948008,0.944580898766376,1.022134667876581,False,False,kept,0.0377833623397615,0.053654242926846,0.1735706063255838,0.25,False,False,kept,single df,0.0449774866497898,0.0031766455897634,383,0.0457188026333037,0.0031100039412661,383,9.648416968860052e-06,9,0.0055555555555555,0.9888888888888888,kept,True
rep_010,Black - White,385,341.0,2607.0,0.0597402597402597,1.0030116709420325,0.970545444438914,1.035408788239213,False,False,kept,0.065661662064632,0.083127565435944,0.1173868811923518,0.25,False,False,kept,single df,0.0746186658467635,0.0035671868068932,384,0.074394613750288,0.0034226027124533,384,1.1778459018717296e-05,9,0.0055555555555555,0.9888888888888888,kept,True
rep_010,Hispanic - White,385,175.0,2607.0,0.1324675324675324,0.9871459147188588,0.9297507917927672,1.0435329915768143,False,False,kept,0.0487392316228472,0.0610008204491476,0.1117330326967233,0.25,False,False,kept,single df,0.0541647220419522,0.002749221023689,384,0.0548700260359974,0.0024027699159732,384,5.929266386328755e-06,9,0.0055555555555555,0.9888888888888888,kept,True
rep_010,Asian - White,385,114.0,2607.0,0.1428571428571428,0.9924957304323256,0.9270706200423166,1.0571548839077718,False,False,kept,0.0533186238971322,0.0665580583923153,0.1104421163676844,0.25,False,False,kept,single df,0.0594885476753345,0.0030578610696118,384,0.0599383411447238,0.0025943876735852,384,6.889096105441021e-06,9,0.0055555555555555,0.9888888888888888,kept,True
rep_010,Less than high school - Postgraduate,385,144.0,692.0,0.0883116883116883,0.994088094593586,0.952163911600554,1.0357020407282116,False,False,kept,0.0743241000888551,0.0902759569019563,0.0969128267919841,0.25,False,False,kept,single df,0.0818134785119957,0.003431034598869,384,0.0823000284954057,0.0031259115109307,384,9.873421606980847e-06,9,0.0055555555555555,0.9888888888888888,kept,True
rep_010,"Less than $30,000 - $100,000 or more",385,673.0,833.0,0.0753246753246753,0.9837123251076372,0.9509838036999724,1.01604408049923,False,False,kept,0.0565221721177537,0.0696021188076135,0.1037068006003678,0.25,False,False,kept,single df,0.0620350097393725,0.0026893613742665,384,0.0630621454626836,0.002563134586728,384,6.582531654942148e-06,9,0.0055555555555555,0.9888888888888888,kept,True
rep_010,18-29 - 65+,380,462.0,781.5,0.0552631578947368,0.9916271771681648,0.9588474124487364,1.024787729485935,False,False,kept,0.0662196552818754,0.0832190824900499,0.1137551578769301,0.25,False,False,kept,single df,0.0740937568481739,0.003392754854121,379,0.0747193688859627,0.0033309784640319,379,1.0841379661132282e-05,9,0.0055555555555555,0.9888888888888888,kept,True
rep_010,South - Northeast,385,1287.0,554.0,0.1454545454545454,1.0546170778535928,0.9661797776114868,1.1442173449713482,False,False,kept,0.0203681887866181,0.025600565542354,0.1138246365844662,0.25,False,False,kept,single df,0.0242397166814951,0.0013060253949098,384,0.022984377164486,0.0010253318420491,384,1.0621520464024096e-06,9,0.0055555555555555,0.9888888888888888,kept,True
rep_011,Republican - Democrat,383,877.0,1237.0,0.0496083550913838,1.0057705444987182,0.9908120313956704,1.020573631803921,False,False,kept,0.101316575113117,0.1352634087968122,0.1434898807695391,0.25,False,False,kept,single df,0.1189725896172937,0.0067495689449631,382,0.1182899919549646,0.0066520213950462,382,4.466830886456751e-05,9,0.0055555555555555,0.9888888888888888,kept,True
rep_011,Female - Male,384,1858.5,1548.0,0.0989583333333333,1.0008563477135224,0.9636278181921022,1.037739278175965,False,False,kept,0.0377833623397615,0.053654242926846,0.1735706063255838,0.25,False,False,kept,single df,0.0457579538254037,0.0031974910731856,383,0.0457188026333037,0.0031100039412661,383,9.734212763557186e-06,9,0.0055555555555555,0.9888888888888888,kept,True
rep_011,Black - White,385,341.0,2607.0,0.0519480519480519,0.9916576950918988,0.9589574136381804,1.0243018250168852,False,False,kept,0.065661662064632,0.083127565435944,0.1173868811923518,0.25,False,False,kept,single df,0.0737739911988627,0.0035300458154035,384,0.074394613750288,0.0034226027124533,384,1.1640024354040854e-05,9,0.0055555555555555,0.9888888888888888,kept,True
rep_011,Hispanic - White,385,175.0,2607.0,0.0987012987012987,1.0110223486034564,0.95652603089498,1.066232255363904,False,False,kept,0.0487392316228472,0.0610008204491476,0.1117330326967233,0.25,False,False,kept,single df,0.0554748225908469,0.0026354914383474,384,0.0548700260359974,0.0024027699159732,384,5.674000247116697e-06,9,0.0055555555555555,0.9888888888888888,kept,True
rep_011,Asian - White,385,114.0,2607.0,0.0727272727272727,1.005065528695918,0.9409069018684896,1.070232070919091,False,False,kept,0.0533186238971322,0.0665580583923153,0.1104421163676844,0.25,False,False,kept,single df,0.0602419605317781,0.0029199402351363,384,0.0599383411447238,0.0025943876735852,384,6.490238991148882e-06,9,0.0055555555555555,0.9888888888888888,kept,True
rep_011,Less than high school - Postgraduate,385,144.0,692.0,0.0571428571428571,1.0153496728157758,0.969894191373086,1.0618464188430938,False,False,kept,0.0743241000888551,0.0902759569019563,0.0969128267919841,0.25,False,False,kept,single df,0.0835633070055392,0.0033409895376403,384,0.0823000284954057,0.0031259115109307,384,9.384742668156296e-06,9,0.0055555555555555,0.9888888888888888,kept,True
rep_011,"Less than $30,000 - $100,000 or more",385,673.0,833.0,0.0597402597402597,1.0109499981394476,0.9808127334329328,1.041447884388181,False,False,kept,0.0565221721177537,0.0696021188076135,0.1037068006003678,0.25,False,False,kept,single df,0.0637526758381696,0.0026550748507738,384,0.0630621454626836,0.002563134586728,384,6.532639987948399e-06,9,0.0055555555555555,0.9888888888888888,kept,True
rep_011,18-29 - 65+,380,462.0,781.5,0.0684210526315789,1.0008282363156684,0.9669296926662784,1.0348583114817425,False,False,kept,0.0662196552818754,0.0832190824900499,0.1137551578769301,0.25,False,False,kept,single df,0.0747812541807578,0.0034610264817852,379,0.0747193688859627,0.0033309784640319,379,1.1048946958994985e-05,9,0.0055555555555555,0.9888888888888888,kept,True
rep_011,South - Northeast,385,1287.0,554.0,0.1324675324675324,1.009735027601849,0.926593568823724,1.0934613525744632,False,False,kept,0.0203681887866181,0.025600565542354,0.1138246365844662,0.25,False,False,kept,single df,0.0232081307105936,0.0012578195192918,384,0.022984377164486,0.0010253318420491,384,1.0381181222218358e-06,9,0.0055555555555555,0.9888888888888888,kept,True
rep_012,Republican - Democrat,383,877.0,1237.0,0.04177545691906,1.0129958572497804,0.997980508449948,1.028791713127463,False,False,kept,0.101316575113117,0.1352634087968122,0.1434898807695391,0.25,False,False,kept,single df,0.119827271804489,0.0066514649006404,382,0.1182899919549646,0.0066520213950462,382,4.400300633351693e-05,9,0.0055555555555555,0.9888888888888888,kept,True
rep_012,Female - Male,384,1858.5,1548.0,0.0572916666666666,0.9724913493873196,0.8916856178261654,1.0516392592143702,False,False,kept,0.0377833623397615,0.053654242926846,0.1735706063255838,0.25,False,False,kept,single df,0.0444611400652341,0.0034118542472866,383,0.0457188026333037,0.0031100039412661,383,9.664159991237746e-06,9,0.0055555555555555,0.9888888888888888,kept,True
rep_012,Black - White,385,341.0,2607.0,0.0311688311688311,1.00853678526735,0.977343990239576,1.040470479723835,False,False,kept,0.065661662064632,0.083127565435944,0.1173868811923518,0.25,False,False,kept,single df,0.0750297045929217,0.0034819137107629,384,0.074394613750288,0.0034226027124533,384,1.1503628458702808e-05,9,0.0055555555555555,0.9888888888888888,kept,True
rep_012,Hispanic - White,385,175.0,2607.0,0.109090909090909,0.9962983158089742,0.942157937744438,1.0497886263912382,False,False,kept,0.0487392316228472,0.0610008204491476,0.1117330326967233,0.25,False,False,kept,single df,0.0546669145280588,0.0027108906027449,384,0.0548700260359974,0.0024027699159732,384,5.900366417838701e-06,9,0.0055555555555555,0.9888888888888888,kept,True
rep_012,Asian - White,385,114.0,2607.0,0.109090909090909,1.034568905141733,0.9681373205863444,1.1026321141594702,False,False,kept,0.0533186238971322,0.0665580583923153,0.1104421163676844,0.25,False,False,kept,single df,0.0620103439741085,0.0029578332626678,384,0.0599383411447238,0.0025943876735852,384,6.518832056461057e-06,9,0.0055555555555555,0.9888888888888888,kept,True
rep_012,Less than high school - Postgraduate,385,144.0,692.0,0.0727272727272727,1.0183518839357557,0.9724010368995007,1.0647835551357363,False,False,kept,0.0743241000888551,0.0902759569019563,0.0969128267919841,0.25,False,False,kept,single df,0.0838103890662628,0.0034391130131388,384,0.0823000284954057,0.0031259115109307,384,9.702874844981204e-06,9,0.0055555555555555,0.9888888888888888,kept,True
rep_012,"Less than $30,000 - $100,000 or more",385,673.0,833.0,0.0701298701298701,0.9887872049025744,0.957827759950572,1.019133329848097,False,False,kept,0.0565221721177537,0.0696021188076135,0.1037068006003678,0.25,False,False,kept,single df,0.0623550425472065,0.0027124389992914,384,0.0630621454626836,0.002563134586728,384,6.681300595185335e-06,9,0.0055555555555555,0.9888888888888888,kept,True
rep_012,18-29 - 65+,380,462.0,781.5,0.081578947368421,0.997258823390492,0.9657432727034744,1.027828068117902,False,False,kept,0.0662196552818754,0.0832190824900499,0.1137551578769301,0.25,False,False,kept,single df,0.0745145498996952,0.0035565070996614,379,0.0747193688859627,0.0033309784640319,379,1.1465451355361248e-05,9,0.0055555555555555,0.9888888888888888,kept,True
rep_012,South - Northeast,385,1287.0,554.0,0.1324675324675324,1.0057968436108922,0.924152023832566,1.0869413742702234,False,False,kept,0.0203681887866181,0.025600565542354,0.1138246365844662,0.25,False,False,kept,single df,0.0231176140044023,0.0012784551070822,384,0.022984377164486,0.0010253318420491,384,1.077434387879208e-06,9,0.0055555555555555,0.9888888888888888,kept,True
rep_013,Republican - Democrat,383,877.0,1237.0,0.0287206266318537,1.0039151568939508,0.9883439428931088,1.019477279191353,False,False,kept,0.101316575113117,0.1352634087968122,0.1434898807695391,0.25,False,False,kept,single df,0.1187531158324524,0.0067175758266096,382,0.1182899919549646,0.0066520213950462,382,4.443220046015032e-05,9,0.0055555555555555,0.9888888888888888,kept,True
rep_013,Female - Male,384,1858.5,1548.0,0.0729166666666666,0.9560569101732588,0.8720120038998843,1.0379127712521652,False,False,kept,0.0377833623397615,0.053654242926846,0.1735706063255838,0.25,False,False,kept,single df,0.0437097771824174,0.0034109452347847,383,0.0457188026333037,0.0031100039412661,383,9.587909045279123e-06,9,0.0055555555555555,0.9888888888888888,kept,True
rep_013,Black - White,385,341.0,2607.0,0.0467532467532467,1.0119319528024335,0.979986079916699,1.044199084259772,False,False,kept,0.065661662064632,0.083127565435944,0.1173868811923518,0.25,False,False,kept,single df,0.0752822867703117,0.0035478283928939,384,0.074394613750288,0.0034226027124533,384,1.1719312203237705e-05,9,0.0055555555555555,0.9888888888888888,kept,True
rep_013,Hispanic - White,385,175.0,2607.0,0.122077922077922,1.0225568039740056,0.9653198841511368,1.0799946652617118,False,False,kept,0.0487392316228472,0.0610008204491476,0.1117330326967233,0.25,False,False,kept,single df,0.05610771845734,0.0027284067212919,384,0.0548700260359974,0.0024027699159732,384,5.857648280650974e-06,9,0.0055555555555555,0.9888888888888888,kept,True
rep_013,Asian - White,385,114.0,2607.0,0.1012987012987013,1.0005444147398892,0.9321628963680814,1.0687476438664096,False,False,kept,0.0533186238971322,0.0665580583923153,0.1104421163676844,0.25,False,False,kept,single df,0.0599709724611275,0.0030622934240884,384,0.0599383411447238,0.0025943876735852,384,6.783103864950725e-06,9,0.0055555555555555,0.9888888888888888,kept,True
rep_013,Less than high school - Postgraduate,385,144.0,692.0,0.0805194805194805,0.9977827608334026,0.953886404704807,1.0414169588503708,False,False,kept,0.0743241000888551,0.0902759569019563,0.0969128267919841,0.25,False,False,kept,single df,0.0821175496488136,0.0034600039063254,384,0.0823000284954057,0.0031259115109307,384,9.88474826324148e-06,9,0.0055555555555555,0.9888888888888888,kept,True
rep_013,"Less than $30,000 - $100,000 or more",385,673.0,833.0,0.0623376623376623,1.0135219738599677,0.9792532869120638,1.047785134550874,False,False,kept,0.0565221721177537,0.0696021188076135,0.1037068006003678,0.25,False,False,kept,single df,0.0639148701451835,0.0027315603169643,384,0.0630621454626836,0.002563134586728,384,6.660163345751251e-06,9,0.0055555555555555,0.9888888888888888,kept,True
rep_013,18-29 - 65+,380,462.0,781.5,0.0473684210526315,1.0152953365953563,0.9865112485038908,1.04525309367353,False,False,kept,0.0662196552818754,0.0832190824900499,0.1137551578769301,0.25,False,False,kept,single df,0.0758622267832661,0.0033404667319918,379,0.0747193688859627,0.0033309784640319,379,1.076846412683454e-05,9,0.0055555555555555,0.9888888888888888,kept,True
rep_013,South - Northeast,385,1287.0,554.0,0.1298701298701298,0.9907271912711522,0.8993414449344302,1.0826471718921915,False,False,kept,0.0203681887866181,0.025600565542354,0.1138246365844662,0.25,False,False,kept,single df,0.022771247431288,0.0012893020644194,384,0.022984377164486,0.0010253318420491,384,1.0201627042442352e-06,9,0.0055555555555555,0.9888888888888888,kept,True
rep_014,Republican - Democrat,383,877.0,1237.0,0.04177545691906,1.0104162712299525,0.9946730145177168,1.0265121855598969,False,False,kept,0.101316575113117,0.1352634087968122,0.1434898807695391,0.25,False,False,kept,single df,0.1195221325949564,0.006705174334719,382,0.1182899919549646,0.0066520213950462,382,4.43391494040584e-05,9,0.0055555555555555,0.9888888888888888,kept,True
rep_014,Female - Male,384,1858.5,1548.0,0.0651041666666666,1.015930120407245,0.977288768685383,1.0559372622863563,False,False,kept,0.0377833623397615,0.053654242926846,0.1735706063255838,0.25,False,False,kept,single df,0.0464471086641273,0.0031673414257277,383,0.0457188026333037,0.0031100039412661,383,9.613565797563206e-06,9,0.0055555555555555,0.9888888888888888,kept,True
rep_014,Black - White,385,341.0,2607.0,0.0649350649350649,1.0048250496982094,0.9738932513817596,1.0357266627603547,False,False,kept,0.065661662064632,0.083127565435944,0.1173868811923518,0.25,False,False,kept,single df,0.0747535714589122,0.0035572920136476,384,0.074394613750288,0.0034226027124533,384,1.178338452694372e-05,9,0.0055555555555555,0.9888888888888888,kept,True
rep_014,Hispanic - White,385,175.0,2607.0,0.0987012987012987,0.9902768232733375,0.9287626430677504,1.052380130698254,False,False,kept,0.0487392316228472,0.0610008204491476,0.1117330326967233,0.25,False,False,kept,single df,0.0543365150758528,0.0026720318382873,384,0.0548700260359974,0.0024027699159732,384,5.582649209596988e-06,9,0.0055555555555555,0.9888888888888888,kept,True
rep_014,Asian - White,385,114.0,2607.0,0.1116883116883116,0.9886914320918024,0.919047247463023,1.0574722839073347,False,False,kept,0.0533186238971322,0.0665580583923153,0.1104421163676844,0.25,False,False,kept,single df,0.0592605243435839,0.0031073857928506,384,0.0599383411447238,0.0025943876735852,384,6.890029404258836e-06,9,0.0055555555555555,0.9888888888888888,kept,True
rep_014,Less than high school - Postgraduate,385,144.0,692.0,0.0961038961038961,1.0051040482922626,0.9641640443276958,1.045404523341451,False,False,kept,0.0743241000888551,0.0902759569019563,0.0969128267919841,0.25,False,False,kept,single df,0.0827200918153008,0.0034977405046423,384,0.0823000284954057,0.0031259115109307,384,1.0150747215043149e-05,9,0.0055555555555555,0.9888888888888888,kept,True
rep_014,"Less than $30,000 - $100,000 or more",385,673.0,833.0,0.0987012987012987,0.9962110564152004,0.9638954347589588,1.0275670945619368,False,False,kept,0.0565221721177537,0.0696021188076135,0.1037068006003678,0.25,False,False,kept,single df,0.0628232065511891,0.0027766748795405,384,0.0630621454626836,0.002563134586728,384,6.834691364474849e-06,9,0.0055555555555555,0.9888888888888888,kept,True
rep_014,18-29 - 65+,380,462.0,781.5,0.0631578947368421,1.0192832500924995,0.9878866630231212,1.050881490240806,False,False,kept,0.0662196552818754,0.0832190824900499,0.1137551578769301,0.25,False,False,kept,single df,0.0761602011629444,0.0034918664130597,379,0.0747193688859627,0.0033309784640319,379,1.122403969834727e-05,9,0.0055555555555555,0.9888888888888888,kept,True
rep_014,South - Northeast,385,1287.0,554.0,0.148051948051948,0.9604983938438062,0.8733598479733058,1.0447808311772726,False,False,kept,0.0203681887866181,0.025600565542354,0.1138246365844662,0.25,False,False,kept,single df,0.0220764573499891,0.0013333518607245,384,0.022984377164486,0.0010253318420491,384,1.124153831347805e-06,9,0.0055555555555555,0.9888888888888888,kept,True
rep_015,Republican - Democrat,383,877.0,1237.0,0.0731070496083551,0.9962367655709544,0.980648026119422,1.0113736682964545,False,False,kept,0.101316575113117,0.1352634087968122,0.1434898807695391,0.25,False,False,kept,single df,0.1178448389846281,0.006735068114737,382,0.1182899919549646,0.0066520213950462,382,4.455840127866953e-05,9,0.0055555555555555,0.9888888888888888,kept,True
rep_015,Female - Male,384,1858.5,1548.0,0.0677083333333333,1.0487979183722032,0.965710474341234,1.1338803408285374,False,False,kept,0.0377833623397615,0.053654242926846,0.1735706063255838,0.25,False,False,kept,single df,0.0479497850322786,0.0034912485275946,383,0.0457188026333037,0.0031100039412661,383,9.833510312999562e-06,9,0.0055555555555555,0.9888888888888888,kept,True
rep_015,Black - White,385,341.0,2607.0,0.0441558441558441,1.0012575846667124,0.972184814822964,1.0302544777964755,False,False,kept,0.065661662064632,0.083127565435944,0.1173868811923518,0.25,False,False,kept,single df,0.0744881712758264,0.0035375369852504,384,0.074394613750288,0.0034226027124533,384,1.176074820160973e-05,9,0.0055555555555555,0.9888888888888888,kept,True
rep_015,Hispanic - White,385,175.0,2607.0,0.1142857142857142,0.9989141099590696,0.9420655771219716,1.055662967550719,False,False,kept,0.0487392316228472,0.0610008204491476,0.1117330326967233,0.25,False,False,kept,single df,0.0548104432211793,0.0026980564798845,384,0.0548700260359974,0.0024027699159732,384,5.789793587209868e-06,9,0.0055555555555555,0.9888888888888888,kept,True
rep_015,Asian - White,385,114.0,2607.0,0.0909090909090909,0.9883771480815848,0.9234964297582618,1.0545727888202032,False,False,kept,0.0533186238971322,0.0665580583923153,0.1104421163676844,0.25,False,False,kept,single df,0.0592416866813632,0.0028649511727736,384,0.0599383411447238,0.0025943876735852,384,6.294238390600231e-06,9,0.0055555555555555,0.9888888888888888,kept,True
rep_015,Less than high school - Postgraduate,385,144.0,692.0,0.0753246753246753,1.0034132071686783,0.9566837860771438,1.0506662537047304,False,False,kept,0.0743241000888551,0.0902759569019563,0.0969128267919841,0.25,False,False,kept,single df,0.0825809355426487,0.0034018134758612,384,0.0823000284954057,0.0031259115109307,384,9.534848586158656e-06,9,0.0055555555555555,0.9888888888888888,kept,True
rep_015,"Less than $30,000 - $100,000 or more",385,673.0,833.0,0.0337662337662337,0.992299245326169,0.9627420696271136,1.022836384712043,False,False,kept,0.0565221721177537,0.0696021188076135,0.1037068006003678,0.25,False,False,kept,single df,0.0625765193512701,0.0025350882021342,384,0.0630621454626836,0.002563134586728,384,6.222985475379718e-06,9,0.0055555555555555,0.9888888888888888,kept,True
rep_015,18-29 - 65+,380,462.0,781.5,0.0789473684210526,0.9997498493338446,0.96857175473502,1.0305815178878994,False,False,kept,0.0662196552818754,0.0832190824900499,0.1137551578769301,0.25,False,False,kept,single df,0.0747006777860611,0.0034923561756775,379,0.0747193688859627,0.0033309784640319,379,1.123923912342072e-05,9,0.0055555555555555,0.9888888888888888,kept,True
rep_015,South - Northeast,385,1287.0,554.0,0.1506493506493506,0.9608611752912424,0.8828544598630237,1.0397117267847251,False,False,kept,0.0203681887866181,0.025600565542354,0.1138246365844662,0.25,False,False,kept,single df,0.0220847956556052,0.0011825067003925,384,0.022984377164486,0.0010253318420491,384,9.763659822890368e-07,9,0.0055555555555555,0.9888888888888888,kept,True
rep_016,Republican - Democrat,383,877.0,1237.0,0.0339425587467362,1.000600939162337,0.9843793072927284,1.017008266821306,False,False,kept,0.101316575113117,0.1352634087968122,0.1434898807695391,0.25,False,False,kept,single df,0.1183610770436428,0.0066687110502082,382,0.1182899919549646,0.0066520213950462,382,4.408054516065335e-05,9,0.0055555555555555,0.9888888888888888,kept,True
rep_016,Female - Male,384,1858.5,1548.0,0.0625,0.998210350840318,0.9607653851771264,1.0360002524692598,False,False,kept,0.0377833623397615,0.053654242926846,0.1735706063255838,0.25,False,False,kept,single df,0.0456369820165894,0.0031576784197825,383,0.0457188026333037,0.0031100039412661,383,9.601112493534328e-06,9,0.0055555555555555,0.9888888888888888,kept,True
rep_016,Black - White,385,341.0,2607.0,0.0675324675324675,0.9980256512188128,0.9676683372070454,1.027781641161507,False,False,kept,0.065661662064632,0.083127565435944,0.1173868811923518,0.25,False,False,kept,single df,0.0742477328353032,0.0035956196266526,384,0.074394613750288,0.0034226027124533,384,1.1943154427454267e-05,9,0.0055555555555555,0.9888888888888888,kept,True
rep_016,Hispanic - White,385,175.0,2607.0,0.0987012987012987,1.0010990701520563,0.9472639695043178,1.0554285297584622,False,False,kept,0.0487392316228472,0.0610008204491476,0.1117330326967233,0.25,False,False,kept,single df,0.0549303320438561,0.0026259633914607,384,0.0548700260359974,0.0024027699159732,384,5.666768370074466e-06,9,0.0055555555555555,0.9888888888888888,kept,True
rep_016,Asian - White,385,114.0,2607.0,0.1064935064935064,0.9718403746809072,0.9086775519782544,1.0352835786410086,False,False,kept,0.0533186238971322,0.0665580583923153,0.1104421163676844,0.25,False,False,kept,single df,0.0582504999158404,0.0028970506538563,384,0.0599383411447238,0.0025943876735852,384,6.464892358245338e-06,9,0.0055555555555555,0.9888888888888888,kept,True
rep_016,Less than high school - Postgraduate,385,144.0,692.0,0.0909090909090909,0.9670413626073502,0.9224390340301778,1.0111058831905142,False,False,kept,0.0743241000888551,0.0902759569019563,0.0969128267919841,0.25,False,False,kept,single df,0.0795875316988209,0.0034204342928293,384,0.0823000284954057,0.0031259115109307,384,9.726407336570124e-06,9,0.0055555555555555,0.9888888888888888,kept,True
rep_016,"Less than $30,000 - $100,000 or more",385,673.0,833.0,0.0779220779220779,1.0009151580512723,0.9698061435941434,1.0314099853948404,False,False,kept,0.0565221721177537,0.0696021188076135,0.1037068006003678,0.25,False,False,kept,single df,0.0631198572928343,0.0027434312710723,384,0.0630621454626836,0.002563134586728,384,6.76123909472786e-06,9,0.0055555555555555,0.9888888888888888,kept,True
rep_016,18-29 - 65+,380,462.0,781.5,0.081578947368421,1.0089804273307048,0.9790837559759252,1.0382332671119985,False,False,kept,0.0662196552818754,0.0832190824900499,0.1137551578769301,0.25,False,False,kept,single df,0.0753903807484392,0.0035476142338042,379,0.0747193688859627,0.0033309784640319,379,1.1467509348462574e-05,9,0.0055555555555555,0.9888888888888888,kept,True
rep_016,South - Northeast,385,1287.0,554.0,0.1298701298701298,1.0162333601870943,0.926278752129186,1.106617801600396,False,False,kept,0.0203681887866181,0.025600565542354,0.1138246365844662,0.25,False,False,kept,single df,0.0233574908376731,0.0013045776377197,384,0.022984377164486,0.0010253318420491,384,1.051158352208245e-06,9,0.0055555555555555,0.9888888888888888,kept,True
rep_017,Republican - Democrat,383,877.0,1237.0,0.0391644908616188,0.9982939987472796,0.9833063388392927,1.0132570830285512,False,False,kept,0.101316575113117,0.1352634087968122,0.1434898807695391,0.25,False,False,kept,single df,0.1180881890805051,0.0066799869276639,382,0.1182899919549646,0.0066520213950462,382,4.419976363176275e-05,9,0.0055555555555555,0.9888888888888888,kept,True
rep_017,Female - Male,384,1858.5,1548.0,0.0703125,1.013873950751889,0.9308151339127498,1.0986132104128896,False,False,kept,0.0377833623397615,0.053654242926846,0.1735706063255838,0.25,False,False,kept,single df,0.0463531030494735,0.0034063803165079,383,0.0457188026333037,0.0031100039412661,383,9.544690696639572e-06,9,0.0055555555555555,0.9888888888888888,kept,True
rep_017,Black - White,385,341.0,2607.0,0.0467532467532467,1.0203906018409776,0.9892963142186671,1.0520966320608454,False,False,kept,0.065661662064632,0.083127565435944,0.1173868811923518,0.25,False,False,kept,single df,0.0759115646983834,0.0035355357048997,384,0.074394613750288,0.0034226027124533,384,1.169662865826402e-05,9,0.0055555555555555,0.9888888888888888,kept,True
rep_017,Hispanic - White,385,175.0,2607.0,0.1142857142857142,1.0230587193936242,0.9691334146790712,1.078122935416327,False,False,kept,0.0487392316228472,0.0610008204491476,0.1117330326967233,0.25,False,False,kept,single df,0.0561352585694823,0.0026204090658086,384,0.0548700260359974,0.0024027699159732,384,5.646373296438181e-06,9,0.0055555555555555,0.9888888888888888,kept,True
rep_017,Asian - White,385,114.0,2607.0,0.1142857142857142,0.9930661241442844,0.926232822448666,1.0601189262153192,False,False,kept,0.0533186238971322,0.0665580583923153,0.1104421163676844,0.25,False,False,kept,single df,0.0595227361282287,0.0029936212141777,384,0.0599383411447238,0.0025943876735852,384,6.624352503942578e-06,9,0.0055555555555555,0.9888888888888888,kept,True
rep_017,Less than high school - Postgraduate,385,144.0,692.0,0.0701298701298701,1.0090579242634587,0.963377756398692,1.05461276500359,False,False,kept,0.0743241000888551,0.0902759569019563,0.0969128267919841,0.25,False,False,kept,single df,0.0830454959203976,0.0034963002312891,384,0.0823000284954057,0.0031259115109307,384,9.924412113018045e-06,9,0.0055555555555555,0.9888888888888888,kept,True
rep_017,"Less than $30,000 - $100,000 or more",385,673.0,833.0,0.0493506493506493,1.0144006685203466,0.9814565238364608,1.0479930462459794,False,False,kept,0.0565221721177537,0.0696021188076135,0.1037068006003678,0.25,False,False,kept,single df,0.0639702825156736,0.0026517196567659,384,0.0630621454626836,0.002563134586728,384,6.468411987720143e-06,9,0.0055555555555555,0.9888888888888888,kept,True
rep_017,18-29 - 65+,380,462.0,781.5,0.0552631578947368,1.0046795870003236,0.9753531805477824,1.034108731092756,False,False,kept,0.0662196552818754,0.0832190824900499,0.1137551578769301,0.25,False,False,kept,single df,0.0750690246732738,0.0034413051663346,379,0.0747193688859627,0.0033309784640319,379,1.1103864008751833e-05,9,0.0055555555555555,0.9888888888888888,kept,True
rep_017,South - Northeast,385,1287.0,554.0,0.1506493506493506,0.9488457600798672,0.8617266712010999,1.034544526207836,False,False,kept,0.0203681887866181,0.025600565542354,0.1138246365844662,0.25,False,False,kept,single df,0.0218086288205991,0.0012854606410146,384,0.022984377164486,0.0010253318420491,384,1.0544053875380082e-06,9,0.0055555555555555,0.9888888888888888,kept,True
rep_018,Republican - Democrat,383,877.0,1237.0,0.0469973890339425,0.9966038193993756,0.9816728207318092,1.0110882639381855,False,False,kept,0.101316575113117,0.1352634087968122,0.1434898807695391,0.25,False,False,kept,single df,0.1178882577790391,0.0067335960265899,382,0.1182899919549646,0.0066520213950462,382,4.456908354123498e-05,9,0.0055555555555555,0.9888888888888888,kept,True
rep_018,Female - Male,384,1858.5,1548.0,0.0729166666666666,1.0036424540668645,0.9628331434750876,1.044755079891864,False,False,kept,0.0377833623397615,0.053654242926846,0.1735706063255838,0.25,False,False,kept,single df,0.0458853312718876,0.0031890975885799,383,0.0457188026333037,0.0031100039412661,383,9.660132311392905e-06,9,0.0055555555555555,0.9888888888888888,kept,True
rep_018,Black - White,385,341.0,2607.0,0.0363636363636363,1.0211764426908525,0.9897819250740048,1.052814001386712,False,False,kept,0.065661662064632,0.083127565435944,0.1173868811923518,0.25,False,False,kept,single df,0.0759700270248791,0.003583328721361,384,0.074394613750288,0.0034226027124533,384,1.1860392603748236e-05,9,0.0055555555555555,0.9888888888888888,kept,True
rep_018,Hispanic - White,385,175.0,2607.0,0.1168831168831168,1.0219694809412618,0.968747044405422,1.0751025936189604,False,False,kept,0.0487392316228472,0.0610008204491476,0.1117330326967233,0.25,False,False,kept,single df,0.0560754920272418,0.0027134597732838,384,0.0548700260359974,0.0024027699159732,384,5.920535636952686e-06,9,0.0055555555555555,0.9888888888888888,kept,True
rep_018,Asian - White,385,114.0,2607.0,0.0883116883116883,1.0106767508035768,0.946758233980333,1.0750388042797685,False,False,kept,0.0533186238971322,0.0665580583923153,0.1104421163676844,0.25,False,False,kept,single df,0.0605782878767058,0.0029788359910401,384,0.0599383411447238,0.0025943876735852,384,6.681826664210456e-06,9,0.0055555555555555,0.9888888888888888,kept,True
rep_018,Less than high school - Postgraduate,385,144.0,692.0,0.0857142857142857,1.021098987630124,0.9733189982320148,1.069237653717771,False,False,kept,0.0743241000888551,0.0902759569019563,0.0969128267919841,0.25,False,False,kept,single df,0.0840364757785891,0.0034901303067786,384,0.0823000284954057,0.0031259115109307,384,9.792660635819331e-06,9,0.0055555555555555,0.9888888888888888,kept,True
rep_018,"Less than $30,000 - $100,000 or more",385,673.0,833.0,0.0805194805194805,1.0053092321986776,0.9735842868541272,1.0368644504757294,False,False,kept,0.0565221721177537,0.0696021188076135,0.1037068006003678,0.25,False,False,kept,single df,0.0633969570358918,0.0027106527479047,384,0.0630621454626836,0.002563134586728,384,6.65581937593262e-06,9,0.0055555555555555,0.9888888888888888,kept,True
rep_018,18-29 - 65+,380,462.0,781.5,0.0657894736842105,0.9956266913856322,0.9672208271097787,1.0241030243888771,False,False,kept,0.0662196552818754,0.0832190824900499,0.1137551578769301,0.25,False,False,kept,single df,0.0743925980263535,0.0034093698553353,379,0.0747193688859627,0.0033309784640319,379,1.1017073588918757e-05,9,0.0055555555555555,0.9888888888888888,kept,True
rep_018,South - Northeast,385,1287.0,554.0,0.1428571428571428,1.0284344448377056,0.9440794562421512,1.112648205555801,False,False,kept,0.0203681887866181,0.025600565542354,0.1138246365844662,0.25,False,False,kept,single df,0.0236379251690986,0.0013009770830735,384,0.022984377164486,0.0010253318420491,384,1.086854331071275e-06,9,0.0055555555555555,0.9888888888888888,kept,True
rep_019,Republican - Democrat,383,877.0,1237.0,0.04177545691906,0.995784066391846,0.980784035158158,1.0106134138110094,False,False,kept,0.101316575113117,0.1352634087968122,0.1434898807695391,0.25,False,False,kept,single df,0.1177912892023734,0.0066860331724256,382,0.1182899919549646,0.0066520213950462,382,4.424247154237645e-05,9,0.0055555555555555,0.9888888888888888,kept,True
rep_019,Female - Male,384,1858.5,1548.0,0.0677083333333333,1.025321067249492,0.9462005240110416,1.1054752239992882,False,False,kept,0.0377833623397615,0.053654242926846,0.1735706063255838,0.25,False,False,kept,single df,0.0468764515093479,0.0034369820395857,383,0.0457188026333037,0.0031100039412661,383,9.756112046312544e-06,9,0.0055555555555555,0.9888888888888888,kept,True
rep_019,Black - White,385,341.0,2607.0,0.0467532467532467,1.0255156575903517,0.9943284505349425,1.056942457178064,False,False,kept,0.065661662064632,0.083127565435944,0.1173868811923518,0.25,False,False,kept,single df,0.0762928412413068,0.003596574798542,384,0.074394613750288,0.0034226027124533,384,1.1912668694623154e-05,9,0.0055555555555555,0.9888888888888888,kept,True
rep_019,Hispanic - White,385,175.0,2607.0,0.109090909090909,0.9966778573809374,0.939990958238519,1.0531717729644232,False,False,kept,0.0487392316228472,0.0610008204491476,0.1117330326967233,0.25,False,False,kept,single df,0.0546877399839941,0.0026991339260597,384,0.0548700260359974,0.0024027699159732,384,5.798188710943219e-06,9,0.0055555555555555,0.9888888888888888,kept,True
rep_019,Asian - White,385,114.0,2607.0,0.1246753246753246,1.0157521620987702,0.9499451832741408,1.0820494434595578,False,False,kept,0.0533186238971322,0.0665580583923153,0.1104421163676844,0.25,False,False,kept,single df,0.0608824996103668,0.00300852818439,384,0.0599383411447238,0.0025943876735852,384,6.703242610127804e-06,9,0.0055555555555555,0.9888888888888888,kept,True
rep_019,Less than high school - Postgraduate,385,144.0,692.0,0.0831168831168831,0.9938848460900576,0.9497032871905308,1.0375477189979778,False,False,kept,0.0743241000888551,0.0902759569019563,0.0969128267919841,0.25,False,False,kept,single df,0.0817967511543636,0.0034887833494114,384,0.0823000284954057,0.0031259115109307,384,9.97885005378969e-06,9,0.0055555555555555,0.9888888888888888,kept,True
rep_019,"Less than $30,000 - $100,000 or more",385,673.0,833.0,0.0519480519480519,0.999792054667594,0.9687286472148086,1.030979557544357,False,False,kept,0.0565221721177537,0.0696021188076135,0.1037068006003678,0.25,False,False,kept,single df,0.0630490319838832,0.002660332219749,384,0.0630621454626836,0.002563134586728,384,6.530799110809559e-06,9,0.0055555555555555,0.9888888888888888,kept,True
rep_019,18-29 - 65+,380,462.0,781.5,0.0578947368421052,1.0091739723731266,0.9764241814909844,1.0428941727738537,False,False,kept,0.0662196552818754,0.0832190824900499,0.1137551578769301,0.25,False,False,kept,single df,0.0754048423118599,0.00337723803587,379,0.0747193688859627,0.0033309784640319,379,1.078655835128918e-05,9,0.0055555555555555,0.9888888888888888,kept,True
rep_019,South - Northeast,385,1287.0,554.0,0.122077922077922,0.994794101656662,0.9079315980057986,1.0804138735108255,False,False,kept,0.0203681887866181,0.025600565542354,0.1138246365844662,0.25,False,False,kept,single df,0.0228647228334828,0.0013172184971979,384,0.022984377164486,0.0010253318420491,384,1.0955992586274685e-06,9,0.0055555555555555,0.9888888888888888,kept,True
rep_020,Republican - Democrat,383,877.0,1237.0,0.02088772845953,1.00008665351096,0.9865317149609512,1.013718192144024,False,False,kept,0.101316575113117,0.1352634087968122,0.1434898807695391,0.25,False,False,kept,single df,0.1183002421980789,0.0066696881043678,382,0.1182899919549646,0.0066520213950462,382,4.41726056038091e-05,9,0.0055555555555555,0.9888888888888888,kept,True
rep_020,Female - Male,384,1858.5,1548.0,0.0546875,1.0310875923579776,0.9507065839961852,1.1128121959169377,False,False,kept,0.0377833623397615,0.053654242926846,0.1735706063255838,0.25,False,False,kept,single df,0.0471400901326627,0.003449192447307,383,0.0457188026333037,0.0031100039412661,383,9.76362623746138e-06,9,0.0055555555555555,0.9888888888888888,kept,True
rep_020,Black - White,385,341.0,2607.0,0.0571428571428571,0.9891920724595096,0.9600539034816308,1.0181211581520062,False,False,kept,0.065661662064632,0.083127565435944,0.1173868811923518,0.25,False,False,kept,single df,0.0735905621554721,0.0035131866202011,384,0.074394613750288,0.0034226027124533,384,1.1675250014405408e-05,9,0.0055555555555555,0.9888888888888888,kept,True
rep_020,Hispanic - White,385,175.0,2607.0,0.0987012987012987,1.0132217549534457,0.9599372856160606,1.066938634305827,False,False,kept,0.0487392316228472,0.0610008204491476,0.1117330326967233,0.25,False,False,kept,single df,0.0555955040745345,0.0026521730063946,384,0.0548700260359974,0.0024027699159732,384,5.75090150708164e-06,9,0.0055555555555555,0.9888888888888888,kept,True
rep_020,Asian - White,385,114.0,2607.0,0.1402597402597402,0.9870404019597536,0.9241372631140354,1.049080396676699,False,False,kept,0.0533186238971322,0.0665580583923153,0.1104421163676844,0.25,False,False,kept,single df,0.059161564336289,0.0030247555674827,384,0.0599383411447238,0.0025943876735852,384,6.8788651471120805e-06,9,0.0055555555555555,0.9888888888888888,kept,True
rep_020,Less than high school - Postgraduate,385,144.0,692.0,0.0753246753246753,1.0278151336871155,0.9809434467587608,1.0754479206839769,False,False,kept,0.0743241000888551,0.0902759569019563,0.0969128267919841,0.25,False,False,kept,single df,0.0845892147904588,0.003437617259174,384,0.0823000284954057,0.0031259115109307,384,9.65091631187406e-06,9,0.0055555555555555,0.9888888888888888,kept,True
rep_020,"Less than $30,000 - $100,000 or more",385,673.0,833.0,0.0597402597402597,0.9867888501516572,0.9549706077464968,1.018021984687072,False,False,kept,0.0565221721177537,0.0696021188076135,0.1037068006003678,0.25,False,False,kept,single df,0.0622290220092181,0.0027104664187861,384,0.0630621454626836,0.002563134586728,384,6.659648189869716e-06,9,0.0055555555555555,0.9888888888888888,kept,True
rep_020,18-29 - 65+,380,462.0,781.5,0.0631578947368421,1.0084416849333615,0.9780452098159615,1.0381631374411615,False,False,kept,0.0662196552818754,0.0832190824900499,0.1137551578769301,0.25,False,False,kept,single df,0.0753501262565176,0.0035530640942,379,0.0747193688859627,0.0033309784640319,379,1.147473088848358e-05,9,0.0055555555555555,0.9888888888888888,kept,True
rep_020,South - Northeast,385,1287.0,554.0,0.1168831168831168,1.027200580079877,0.9462481797078216,1.109147735576444,False,False,kept,0.0203681887866181,0.025600565542354,0.1138246365844662,0.25,False,False,kept,single df,0.0236095655561347,0.0012485015233006,384,0.022984377164486,0.0010253318420491,384,1.0400651997616864e-06,9,0.0055555555555555,0.9888888888888888,kept,True
rep_021,Republican - Democrat,383,877.0,1237.0,0.04177545691906,1.0016723289302747,0.986445716713007,1.017216359215699,False,False,kept,0.101316575113117,0.1352634087968122,0.1434898807695391,0.25,False,False,kept,single df,0.1184878117306728,0.0066502973966639,382,0.1182899919549646,0.0066520213950462,382,4.398932300305799e-05,9,0.0055555555555555,0.9888888888888888,kept,True
rep_021,Female - Male,384,1858.5,1548.0,0.0677083333333333,1.0375507619500683,0.955705107155436,1.12043907874629,False,False,kept,0.0377833623397615,0.053654242926846,0.1735706063255838,0.25,False,False,kept,single df,0.0474355785076291,0.0034910872548788,383,0.0457188026333037,0.0031100039412661,383,9.87299043695607e-06,9,0.0055555555555555,0.9888888888888888,kept,True
rep_021,Black - White,385,341.0,2607.0,0.0623376623376623,0.9921170679708886,0.9600177384692372,1.024423153463876,False,False,kept,0.065661662064632,0.083127565435944,0.1173868811923518,0.25,False,False,kept,single df,0.0738081660667625,0.0034968118586735,384,0.074394613750288,0.0034226027124533,384,1.1535195592541524e-05,9,0.0055555555555555,0.9888888888888888,kept,True
rep_021,Hispanic - White,385,175.0,2607.0,0.109090909090909,1.0176510378840316,0.9599653645844292,1.0756633595176273,False,False,kept,0.0487392316228472,0.0610008204491476,0.1117330326967233,0.25,False,False,kept,single df,0.0558385389442566,0.0027120755329766,384,0.0548700260359974,0.0024027699159732,384,5.800622346353951e-06,9,0.0055555555555555,0.9888888888888888,kept,True
rep_021,Asian - White,385,114.0,2607.0,0.122077922077922,0.9728326735398573,0.9089163030281148,1.0367978510343596,False,False,kept,0.0533186238971322,0.0665580583923153,0.1104421163676844,0.25,False,False,kept,single df,0.0583099766633656,0.0029279318195517,384,0.0599383411447238,0.0025943876735852,384,6.534686104821639e-06,9,0.0055555555555555,0.9888888888888888,kept,True
rep_021,Less than high school - Postgraduate,385,144.0,692.0,0.0961038961038961,0.9673722999595687,0.9202272087697412,1.014041254296586,False,False,kept,0.0743241000888551,0.0902759569019563,0.0969128267919841,0.25,False,False,kept,single df,0.0796147678523387,0.0034476577177702,384,0.0823000284954057,0.0031259115109307,384,9.697861711185416e-06,9,0.0055555555555555,0.9888888888888888,kept,True
rep_021,"Less than $30,000 - $100,000 or more",385,673.0,833.0,0.0597402597402597,0.9923620236052538,0.960092289943043,1.024652210375234,False,False,kept,0.0565221721177537,0.0696021188076135,0.1037068006003678,0.25,False,False,kept,single df,0.0625804782842376,0.0026621547565405,384,0.0630621454626836,0.002563134586728,384,6.513300394132837e-06,9,0.0055555555555555,0.9888888888888888,kept,True
rep_021,18-29 - 65+,380,462.0,781.5,0.0763157894736842,0.990517109262224,0.9553386310351226,1.0242265182491583,False,False,kept,0.0662196552818754,0.0832190824900499,0.1137551578769301,0.25,False,False,kept,single df,0.0740108132748215,0.0036223131485094,379,0.0747193688859627,0.0033309784640319,379,1.1611866978244632e-05,9,0.0055555555555555,0.9888888888888888,kept,True
rep_021,South - Northeast,385,1287.0,554.0,0.122077922077922,1.0248608747960968,0.9379324991656388,1.1123660142466432,False,False,kept,0.0203681887866181,0.025600565542354,0.1138246365844662,0.25,False,False,kept,single df,0.0235557888874386,0.0012907843648895,384,0.022984377164486,0.0010253318420491,384,1.0543444772978025e-06,9,0.0055555555555555,0.9888888888888888,kept,True
rep_022,Republican - Democrat,383,877.0,1237.0,0.0443864229765013,0.9960210440034172,0.9791109066229318,1.012755611185188,False,False,kept,0.101316575113117,0.1352634087968122,0.1434898807695391,0.25,False,False,kept,single df,0.1178193212821396,0.0066978871387353,382,0.1182899919549646,0.0066520213950462,382,4.425810030912954e-05,9,0.0055555555555555,0.9888888888888888,kept,True
rep_022,Female - Male,384,1858.5,1548.0,0.078125,1.032722369490681,0.9501595887329948,1.1171729958384486,False,False,kept,0.0377833623397615,0.053654242926846,0.1735706063255838,0.25,False,False,kept,single df,0.0472148301857422,0.0034466600974087,383,0.0457188026333037,0.0031100039412661,383,9.694704874902067e-06,9,0.0055555555555555,0.9888888888888888,kept,True
rep_022,Black - White,385,341.0,2607.0,0.0493506493506493,1.0232778540599363,0.9925518457635992,1.0546386643331311,False,False,kept,0.065661662064632,0.083127565435944,0.1173868811923518,0.25,False,False,kept,single df,0.0761263607120126,0.0035396591747443,384,0.074394613750288,0.0034226027124533,384,1.1720784120593566e-05,9,0.0055555555555555,0.9888888888888888,kept,True
rep_022,Hispanic - White,385,175.0,2607.0,0.109090909090909,1.0103776578939827,0.9531625349512596,1.0688986195127506,False,False,kept,0.0487392316228472,0.0610008204491476,0.1117330326967233,0.25,False,False,kept,single df,0.0554394483948329,0.0026115689785189,384,0.0548700260359974,0.0024027699159732,384,5.535046081828194e-06,9,0.0055555555555555,0.9888888888888888,kept,True
rep_022,Asian - White,385,114.0,2607.0,0.1116883116883116,1.0053582480906074,0.9438897000757936,1.0661826046494745,False,False,kept,0.0533186238971322,0.0665580583923153,0.1104421163676844,0.25,False,False,kept,single df,0.0602595056467167,0.0030321909721117,384,0.0599383411447238,0.0025943876735852,384,6.9424850118719e-06,9,0.0055555555555555,0.9888888888888888,kept,True
rep_022,Less than high school - Postgraduate,385,144.0,692.0,0.0779220779220779,1.000325256527136,0.9573172527160302,1.0433426880114165,False,False,kept,0.0743241000888551,0.0902759569019563,0.0969128267919841,0.25,False,False,kept,single df,0.0823267971168573,0.0034168228597275,384,0.0823000284954057,0.0031259115109307,384,9.769642852869128e-06,9,0.0055555555555555,0.9888888888888888,kept,True
rep_022,"Less than $30,000 - $100,000 or more",385,673.0,833.0,0.0675324675324675,0.9945953441824664,0.9631977541599098,1.0260036623923314,False,False,kept,0.0565221721177537,0.0696021188076135,0.1037068006003678,0.25,False,False,kept,single df,0.0627213162713426,0.0026623841416635,384,0.0630621454626836,0.002563134586728,384,6.530910795087904e-06,9,0.0055555555555555,0.9888888888888888,kept,True
rep_022,18-29 - 65+,380,462.0,781.5,0.0552631578947368,1.0080403691653457,0.9795162111030028,1.0357894727761232,False,False,kept,0.0662196552818754,0.0832190824900499,0.1137551578769301,0.25,False,False,kept,single df,0.0753201401956074,0.003550448712617,379,0.0747193688859627,0.0033309784640319,379,1.1512608600591738e-05,9,0.0055555555555555,0.9888888888888888,kept,True
rep_022,South - Northeast,385,1287.0,554.0,0.1454545454545454,1.0006594427617288,0.9156892561784706,1.0855418823750125,False,False,kept,0.0203681887866181,0.025600565542354,0.1138246365844662,0.25,False,False,kept,single df,0.02299953404564,0.0012796060036583,384,0.022984377164486,0.0010253318420491,384,1.0555126071267627e-06,9,0.0055555555555555,0.9888888888888888,kept,True
rep_023,Republican - Democrat,383,877.0,1237.0,0.04177545691906,1.0039174173919037,0.9884425719994544,1.019510221170585,False,False,kept,0.101316575113117,0.1352634087968122,0.1434898807695391,0.25,False,False,kept,single df,0.1187533832267371,0.0066974169923522,382,0.1182899919549646,0.0066520213950462,382,4.429858720969942e-05,9,0.0055555555555555,0.9888888888888888,kept,True
rep_023,Female - Male,384,1858.5,1548.0,0.0598958333333333,1.0037610038257951,0.9654183794928348,1.0425616490660607,False,False,kept,0.0377833623397615,0.053654242926846,0.1735706063255838,0.25,False,False,kept,single df,0.0458907512249184,0.0031725543979216,383,0.0457188026333037,0.0031100039412661,383,9.63719315786298e-06,9,0.0055555555555555,0.9888888888888888,kept,True
rep_023,Black - White,385,341.0,2607.0,0.0571428571428571,0.9823821743952572,0.9520387496341206,1.012503904763534,False,False,kept,0.065661662064632,0.083127565435944,0.1173868811923518,0.25,False,False,kept,single df,0.0730839424193032,0.0035005668836393,384,0.074394613750288,0.0034226027124533,384,1.1600763976985396e-05,9,0.0055555555555555,0.9888888888888888,kept,True
rep_023,Hispanic - White,385,175.0,2607.0,0.1064935064935064,0.9832403407221189,0.9265925304415576,1.0391572437389216,False,False,kept,0.0487392316228472,0.0610008204491476,0.1117330326967233,0.25,False,False,kept,single df,0.0539504230950656,0.0027122209483782,384,0.0548700260359974,0.0024027699159732,384,5.8434374354362645e-06,9,0.0055555555555555,0.9888888888888888,kept,True
rep_023,Asian - White,385,114.0,2607.0,0.1142857142857142,0.9966079605225884,0.9318038938949152,1.0621869647628226,False,False,kept,0.0533186238971322,0.0665580583923153,0.1104421163676844,0.25,False,False,kept,single df,0.0597350279253503,0.0029293019638507,384,0.0599383411447238,0.0025943876735852,384,6.496809645956982e-06,9,0.0055555555555555,0.9888888888888888,kept,True
rep_023,Less than high school - Postgraduate,385,144.0,692.0,0.0753246753246753,0.9900957088076942,0.945422540806797,1.034677573983443,False,False,kept,0.0743241000888551,0.0902759569019563,0.0969128267919841,0.25,False,False,kept,single df,0.0814849050480521,0.0034240997028381,384,0.0823000284954057,0.0031259115109307,384,9.721593363343498e-06,9,0.0055555555555555,0.9888888888888888,kept,True
rep_023,"Less than $30,000 - $100,000 or more",385,673.0,833.0,0.0519480519480519,0.9916512075634608,0.9608252072960296,1.0229677135460329,False,False,kept,0.0565221721177537,0.0696021188076135,0.1037068006003678,0.25,False,False,kept,single df,0.0625356526996128,0.0025980447450442,384,0.0630621454626836,0.002563134586728,384,6.366610859292429e-06,9,0.0055555555555555,0.9888888888888888,kept,True
rep_023,18-29 - 65+,380,462.0,781.5,0.0526315789473684,1.0029494157162753,0.9712874777501772,1.0343183190119418,False,False,kept,0.0662196552818754,0.0832190824900499,0.1137551578769301,0.25,False,False,kept,single df,0.0749397473668651,0.0035000410985889,379,0.0747193688859627,0.0033309784640319,379,1.1252146018568134e-05,9,0.0055555555555555,0.9888888888888888,kept,True
rep_023,South - Northeast,385,1287.0,554.0,0.161038961038961,0.9448341548660896,0.8536627869452774,1.0346930472451406,False,False,kept,0.0203681887866181,0.025600565542354,0.1138246365844662,0.25,False,False,kept,single df,0.0217164245733306,0.0013015364443203,384,0.022984377164486,0.0010253318420491,384,1.045869079262187e-06,9,0.0055555555555555,0.9888888888888888,kept,True
rep_024,Republican - Democrat,383,877.0,1237.0,0.052219321148825,1.0014850315010064,0.9864843328661816,1.0166258792093952,False,False,kept,0.101316575113117,0.1352634087968122,0.1434898807695391,0.25,False,False,kept,single df,0.1184656563192715,0.0066755930703554,382,0.1182899919549646,0.0066520213950462,382,4.416760113539278e-05,9,0.0055555555555555,0.9888888888888888,kept,True
rep_024,Female - Male,384,1858.5,1548.0,0.0572916666666666,0.9751669936594244,0.8953645354027616,1.0541017486231028,False,False,kept,0.0377833623397615,0.053654242926846,0.1735706063255838,0.25,False,False,kept,single df,0.0445834673176274,0.0033797334694805,383,0.0457188026333037,0.0031100039412661,383,9.567027376867922e-06,9,0.0055555555555555,0.9888888888888888,kept,True
rep_024,Black - White,385,341.0,2607.0,0.0467532467532467,1.0010866188021512,0.9714465032918884,1.0309192945930372,False,False,kept,0.065661662064632,0.083127565435944,0.1173868811923518,0.25,False,False,kept,single df,0.0744754523363678,0.0035099014876181,384,0.074394613750288,0.0034226027124533,384,1.16462175829201e-05,9,0.0055555555555555,0.9888888888888888,kept,True
rep_024,Hispanic - White,385,175.0,2607.0,0.1298701298701298,0.9589678629863226,0.9024612763037068,1.0139273548771897,False,False,kept,0.0487392316228472,0.0610008204491476,0.1117330326967233,0.25,False,False,kept,single df,0.0526185916097443,0.0027212127675532,384,0.0548700260359974,0.0024027699159732,384,5.889670414276246e-06,9,0.0055555555555555,0.9888888888888888,kept,True
rep_024,Asian - White,385,114.0,2607.0,0.122077922077922,0.9719789791885988,0.9060409586860898,1.0378270200514983,False,False,kept,0.0533186238971322,0.0665580583923153,0.1104421163676844,0.25,False,False,kept,single df,0.0582588076401066,0.0029619803255128,384,0.0599383411447238,0.0025943876735852,384,6.566765812400762e-06,9,0.0055555555555555,0.9888888888888888,kept,True
rep_024,Less than high school - Postgraduate,385,144.0,692.0,0.0935064935064935,0.9959521570552896,0.951329142205923,1.0402812706889226,False,False,kept,0.0743241000888551,0.0902759569019563,0.0969128267919841,0.25,False,False,kept,single df,0.0819668909057111,0.0034688164783897,384,0.0823000284954057,0.0031259115109307,384,9.883218158084185e-06,9,0.0055555555555555,0.9888888888888888,kept,True
rep_024,"Less than $30,000 - $100,000 or more",385,673.0,833.0,0.0649350649350649,1.006703912558517,0.9737411418796584,1.0392224181966658,False,False,kept,0.0565221721177537,0.0696021188076135,0.1037068006003678,0.25,False,False,kept,single df,0.0634849085716179,0.0027524560279883,384,0.0630621454626836,0.002563134586728,384,6.747929697622543e-06,9,0.0055555555555555,0.9888888888888888,kept,True
rep_024,18-29 - 65+,380,462.0,781.5,0.0657894736842105,1.0079950871018926,0.9770880932706362,1.0390355793590569,False,False,kept,0.0662196552818754,0.0832190824900499,0.1137551578769301,0.25,False,False,kept,single df,0.0753167567484044,0.0034600011367781,379,0.0747193688859627,0.0033309784640319,379,1.112763382378173e-05,9,0.0055555555555555,0.9888888888888888,kept,True
rep_024,South - Northeast,385,1287.0,554.0,0.1454545454545454,1.0151458206080453,0.9236034707287988,1.107083857260254,False,False,kept,0.0203681887866181,0.025600565542354,0.1138246365844662,0.25,False,False,kept,single df,0.023332494417807,0.0013135062436981,384,0.022984377164486,0.0010253318420491,384,1.051382461674258e-06,9,0.0055555555555555,0.9888888888888888,kept,True
rep_025,Republican - Democrat,383,877.0,1237.0,0.0574412532637075,1.0045381624294585,0.988786150804077,1.0204304271952152,False,False,kept,0.101316575113117,0.1352634087968122,0.1434898807695391,0.25,False,False,kept,single df,0.1188268111522355,0.0066994247969193,382,0.1182899919549646,0.0066520213950462,382,4.430259078778296e-05,9,0.0055555555555555,0.9888888888888888,kept,True
rep_025,Female - Male,384,1858.5,1548.0,0.0703125,1.002285267504936,0.9659726663249224,1.0384882208296125,False,False,kept,0.0377833623397615,0.053654242926846,0.1735706063255838,0.25,False,False,kept,single df,0.0458232823273262,0.0031874665597053,383,0.0457188026333037,0.0031100039412661,383,9.711298736740866e-06,9,0.0055555555555555,0.9888888888888888,kept,True
rep_025,Black - White,385,341.0,2607.0,0.0597402597402597,1.0025556772083748,0.9704590333310488,1.035090111373171,False,False,kept,0.065661662064632,0.083127565435944,0.1173868811923518,0.25,False,False,kept,single df,0.0745847423690755,0.0035045216230123,384,0.074394613750288,0.0034226027124533,384,1.1560626843357007e-05,9,0.0055555555555555,0.9888888888888888,kept,True
rep_025,Hispanic - White,385,175.0,2607.0,0.1142857142857142,0.9810402728780682,0.9239168641272144,1.0376502662168292,False,False,kept,0.0487392316228472,0.0610008204491476,0.1117330326967233,0.25,False,False,kept,single df,0.0538297053151816,0.0026950406680786,384,0.0548700260359974,0.0024027699159732,384,5.7810744615847306e-06,9,0.0055555555555555,0.9888888888888888,kept,True
rep_025,Asian - White,385,114.0,2607.0,0.1012987012987013,1.0252600952589204,0.9604223314893738,1.0910869835384425,False,False,kept,0.0533186238971322,0.0665580583923153,0.1104421163676844,0.25,False,False,kept,single df,0.0614523893517011,0.0029747092482174,384,0.0599383411447238,0.0025943876735852,384,6.631286925237746e-06,9,0.0055555555555555,0.9888888888888888,kept,True
rep_025,Less than high school - Postgraduate,385,144.0,692.0,0.0909090909090909,0.996483596888367,0.9515037725080489,1.0418180645539403,False,False,kept,0.0743241000888551,0.0902759569019563,0.0969128267919841,0.25,False,False,kept,single df,0.082010628419117,0.0033823154133073,384,0.0823000284954057,0.0031259115109307,384,9.554214132799905e-06,9,0.0055555555555555,0.9888888888888888,kept,True
rep_025,"Less than $30,000 - $100,000 or more",385,673.0,833.0,0.0519480519480519,1.012498931022402,0.9826007675931848,1.042511796408473,False,False,kept,0.0565221721177537,0.0696021188076135,0.1037068006003678,0.25,False,False,kept,single df,0.0638503548689464,0.0026845792911203,384,0.0630621454626836,0.002563134586728,384,6.617117056878819e-06,9,0.0055555555555555,0.9888888888888888,kept,True
rep_025,18-29 - 65+,380,462.0,781.5,0.0473684210526315,1.01996979860149,0.9903091498756084,1.050423334565564,False,False,kept,0.0662196552818754,0.0832190824900499,0.1137551578769301,0.25,False,False,kept,single df,0.0762114996342458,0.0034092536963557,379,0.0747193688859627,0.0033309784640319,379,1.098146466054576e-05,9,0.0055555555555555,0.9888888888888888,kept,True
rep_025,South - Northeast,385,1287.0,554.0,0.1506493506493506,0.9895782055381148,0.8998203403034288,1.0776804432340352,False,False,kept,0.0203681887866181,0.025600565542354,0.1138246365844662,0.25,False,False,kept,single df,0.0227448387098433,0.0013394367085511,384,0.022984377164486,0.0010253318420491,384,1.1066507226192462e-06,9,0.0055555555555555,0.9888888888888888,kept,True
rep_026,Republican - Democrat,383,877.0,1237.0,0.0391644908616188,0.9963126159153808,0.9824369030538735,1.0102785308549525,False,False,kept,0.101316575113117,0.1352634087968122,0.1434898807695391,0.25,False,False,kept,single df,0.1178538113212601,0.0066439744435968,382,0.1182899919549646,0.0066520213950462,382,4.399129139110002e-05,9,0.0055555555555555,0.9888888888888888,kept,True
rep_026,Female - Male,384,1858.5,1548.0,0.0677083333333333,1.000134665928906,0.9698080216785064,1.0306364877296654,False,False,kept,0.0377833623397615,0.053654242926846,0.1735706063255838,0.25,False,False,kept,single df,0.0457249593983288,0.0031477300234877,383,0.0457188026333037,0.0031100039412661,383,9.64615401797787e-06,9,0.0055555555555555,0.9888888888888888,kept,True
rep_026,Black - White,385,341.0,2607.0,0.0623376623376623,1.0022888834091208,0.97372613438231,1.0309469366953603,False,False,kept,0.065661662064632,0.083127565435944,0.1173868811923518,0.25,False,False,kept,single df,0.074564894347429,0.003517680975523,384,0.074394613750288,0.0034226027124533,384,1.1701070560429709e-05,9,0.0055555555555555,0.9888888888888888,kept,True
rep_026,Hispanic - White,385,175.0,2607.0,0.0909090909090909,1.0297684836321237,0.9718367360832764,1.0892676012913791,False,False,kept,0.0487392316228472,0.0610008204491476,0.1117330326967233,0.25,False,False,kept,single df,0.0565034235079442,0.0026380222811903,384,0.0548700260359974,0.0024027699159732,384,5.587278042978235e-06,9,0.0055555555555555,0.9888888888888888,kept,True
rep_026,Asian - White,385,114.0,2607.0,0.0987012987012987,1.0311942374616634,0.9680825489945856,1.0952378466652315,False,False,kept,0.0533186238971322,0.0665580583923153,0.1104421163676844,0.25,False,False,kept,single df,0.0618080719914505,0.0029726596964912,384,0.0599383411447238,0.0025943876735852,384,6.686819413261239e-06,9,0.0055555555555555,0.9888888888888888,kept,True
rep_026,Less than high school - Postgraduate,385,144.0,692.0,0.0779220779220779,1.0239193368189154,0.9796788956691906,1.0682718075216322,False,False,kept,0.0743241000888551,0.0902759569019563,0.0969128267919841,0.25,False,False,kept,single df,0.0842685905971936,0.0034854508094035,384,0.0823000284954057,0.0031259115109307,384,9.94731717547809e-06,9,0.0055555555555555,0.9888888888888888,kept,True
rep_026,"Less than $30,000 - $100,000 or more",385,673.0,833.0,0.0441558441558441,1.0265215625689617,0.9942932106086296,1.0594893848729414,False,False,kept,0.0565221721177537,0.0696021188076135,0.1037068006003678,0.25,False,False,kept,single df,0.0647346520993051,0.0026657271179171,384,0.0630621454626836,0.002563134586728,384,6.520476073006909e-06,9,0.0055555555555555,0.9888888888888888,kept,True
rep_026,18-29 - 65+,380,462.0,781.5,0.0763157894736842,1.004968704273508,0.972071593955641,1.0377995320182982,False,False,kept,0.0662196552818754,0.0832190824900499,0.1137551578769301,0.25,False,False,kept,single df,0.0750906273334602,0.0034894710299901,379,0.0747193688859627,0.0033309784640319,379,1.1178596175133509e-05,9,0.0055555555555555,0.9888888888888888,kept,True
rep_026,South - Northeast,385,1287.0,554.0,0.1402597402597402,1.0100925057617516,0.9223096811591904,1.0968897867978713,False,False,kept,0.0203681887866181,0.025600565542354,0.1138246365844662,0.25,False,False,kept,single df,0.0232163471234489,0.0013276353310484,384,0.022984377164486,0.0010253318420491,384,1.1013831057004151e-06,9,0.0055555555555555,0.9888888888888888,kept,True
rep_027,Republican - Democrat,383,877.0,1237.0,0.0496083550913838,0.9992292236971626,0.9838613069814708,1.0147166178055729,False,False,kept,0.101316575113117,0.1352634087968122,0.1434898807695391,0.25,False,False,kept,single df,0.1181988168323029,0.0066656501595818,382,0.1182899919549646,0.0066520213950462,382,4.408953883356713e-05,9,0.0055555555555555,0.9888888888888888,kept,True
rep_027,Female - Male,384,1858.5,1548.0,0.0572916666666666,0.9910724096588124,0.9511212672799922,1.030841546938975,False,False,kept,0.0377833623397615,0.053654242926846,0.1735706063255838,0.25,False,False,kept,single df,0.045310643892504,0.003170344511113,383,0.0457188026333037,0.0031100039412661,383,9.614111717416217e-06,9,0.0055555555555555,0.9888888888888888,kept,True
rep_027,Black - White,385,341.0,2607.0,0.0701298701298701,1.004493199530514,0.973268362444654,1.0361486185374125,False,False,kept,0.065661662064632,0.083127565435944,0.1173868811923518,0.25,False,False,kept,single df,0.0747288835938636,0.0035051095400524,384,0.074394613750288,0.0034226027124533,384,1.1586345108471963e-05,9,0.0055555555555555,0.9888888888888888,kept,True
rep_027,Hispanic - White,385,175.0,2607.0,0.1298701298701298,1.0093939749825065,0.9545411784583174,1.064635612937631,False,False,kept,0.0487392316228472,0.0610008204491476,0.1117330326967233,0.25,False,False,kept,single df,0.055385473687869,0.0026621102433253,384,0.0548700260359974,0.0024027699159732,384,5.738750867809584e-06,9,0.0055555555555555,0.9888888888888888,kept,True
rep_027,Asian - White,385,114.0,2607.0,0.1194805194805194,1.0127807636007558,0.9472805335629416,1.0779828681664505,False,False,kept,0.0533186238971322,0.0665580583923153,0.1104421163676844,0.25,False,False,kept,single df,0.0607043989135159,0.0030653771736904,384,0.0599383411447238,0.0025943876735852,384,6.898125793821253e-06,9,0.0055555555555555,0.9888888888888888,kept,True
rep_027,Less than high school - Postgraduate,385,144.0,692.0,0.0493506493506493,1.0363184111525978,0.9917473369833784,1.0813382577729418,False,False,kept,0.0743241000888551,0.0902759569019563,0.0969128267919841,0.25,False,False,kept,single df,0.0852890347681724,0.003476012137076,384,0.0823000284954057,0.0031259115109307,384,9.894947923646292e-06,9,0.0055555555555555,0.9888888888888888,kept,True
rep_027,"Less than $30,000 - $100,000 or more",385,673.0,833.0,0.0519480519480519,1.0053434047515275,0.974386510240252,1.0364410337797585,False,False,kept,0.0565221721177537,0.0696021188076135,0.1037068006003678,0.25,False,False,kept,single df,0.0633991120303905,0.0026713821705094,384,0.0630621454626836,0.002563134586728,384,6.562242321846498e-06,9,0.0055555555555555,0.9888888888888888,kept,True
rep_027,18-29 - 65+,380,462.0,781.5,0.0736842105263157,0.9820006403356684,0.9502887678036572,1.0130797044587976,False,False,kept,0.0662196552818754,0.0832190824900499,0.1137551578769301,0.25,False,False,kept,single df,0.0733744680914923,0.0034727013157959,379,0.0747193688859627,0.0033309784640319,379,1.1163492673983402e-05,9,0.0055555555555555,0.9888888888888888,kept,True
rep_027,South - Northeast,385,1287.0,554.0,0.1428571428571428,0.9723654674984716,0.889262602002801,1.0540315759106087,False,False,kept,0.0203681887866181,0.025600565542354,0.1138246365844662,0.25,False,False,kept,single df,0.0223492146467066,0.0012843135524559,384,0.022984377164486,0.0010253318420491,384,1.0797899175243328e-06,9,0.0055555555555555,0.9888888888888888,kept,True
rep_028,Republican - Democrat,383,877.0,1237.0,0.0339425587467362,0.9994945293135616,0.9850236957994556,1.0141162555417222,False,False,kept,0.101316575113117,0.1352634087968122,0.1434898807695391,0.25,False,False,kept,single df,0.1182301998315323,0.0066582719294317,382,0.1182899919549646,0.0066520213950462,382,4.4068215536033695e-05,9,0.0055555555555555,0.9888888888888888,kept,True
rep_028,Female - Male,384,1858.5,1548.0,0.078125,1.0197718398719884,0.9824268998698104,1.0584108119680966,False,False,kept,0.0377833623397615,0.053654242926846,0.1735706063255838,0.25,False,False,kept,single df,0.0466227474781084,0.0031775440161999,383,0.0457188026333037,0.0031100039412661,383,9.661895239506458e-06,9,0.0055555555555555,0.9888888888888888,kept,True
rep_028,Black - White,385,341.0,2607.0,0.0519480519480519,1.0103802663365653,0.9824078551527358,1.038739961491308,False,False,kept,0.065661662064632,0.083127565435944,0.1173868811923518,0.25,False,False,kept,single df,0.0751668496550219,0.0035065205353865,384,0.074394613750288,0.0034226027124533,384,1.1673457796988398e-05,9,0.0055555555555555,0.9888888888888888,kept,True
rep_028,Hispanic - White,385,175.0,2607.0,0.0961038961038961,1.0081847922960647,0.9544150265769134,1.062382782971783,False,False,kept,0.0487392316228472,0.0610008204491476,0.1117330326967233,0.25,False,False,kept,single df,0.0553191258023817,0.0026461064663197,384,0.0548700260359974,0.0024027699159732,384,5.722777195445296e-06,9,0.0055555555555555,0.9888888888888888,kept,True
rep_028,Asian - White,385,114.0,2607.0,0.1064935064935064,1.0348680081457131,0.9662762490351062,1.1038731449137795,False,False,kept,0.0533186238971322,0.0665580583923153,0.1104421163676844,0.25,False,False,kept,single df,0.0620282717119985,0.0030911569813237,384,0.0599383411447238,0.0025943876735852,384,6.852874051395376e-06,9,0.0055555555555555,0.9888888888888888,kept,True
rep_028,Less than high school - Postgraduate,385,144.0,692.0,0.0831168831168831,0.979757646453331,0.9343229821175552,1.0249877121223605,False,False,kept,0.0743241000888551,0.0902759569019563,0.0969128267919841,0.25,False,False,kept,single df,0.0806340822217008,0.0034211457313534,384,0.0823000284954057,0.0031259115109307,384,9.678958500768462e-06,9,0.0055555555555555,0.9888888888888888,kept,True
rep_028,"Less than $30,000 - $100,000 or more",385,673.0,833.0,0.0545454545454545,1.0013557598541103,0.9690250719319928,1.0338260819742224,False,False,kept,0.0565221721177537,0.0696021188076135,0.1037068006003678,0.25,False,False,kept,single df,0.063147642587816,0.0026715819912808,384,0.0630621454626836,0.002563134586728,384,6.53637730075599e-06,9,0.0055555555555555,0.9888888888888888,kept,True
rep_028,18-29 - 65+,380,462.0,781.5,0.0684210526315789,1.0002345154730858,0.9713747853842672,1.0289555991220976,False,False,kept,0.0662196552818754,0.0832190824900499,0.1137551578769301,0.25,False,False,kept,single df,0.0747368917341056,0.0034524641128087,379,0.0747193688859627,0.0033309784640319,379,1.1156690593789809e-05,9,0.0055555555555555,0.9888888888888888,kept,True
rep_028,South - Northeast,385,1287.0,554.0,0.161038961038961,0.967700489039258,0.8792817725526039,1.053380539229208,False,False,kept,0.0203681887866181,0.025600565542354,0.1138246365844662,0.25,False,False,kept,single df,0.0222419930223359,0.0013429485959604,384,0.022984377164486,0.0010253318420491,384,1.1270223008179604e-06,9,0.0055555555555555,0.9888888888888888,kept,True
rep_029,Republican - Democrat,383,877.0,1237.0,0.0391644908616188,1.0054081605799434,0.990602777628514,1.0203690271189143,False,False,kept,0.101316575113117,0.1352634087968122,0.1434898807695391,0.25,False,False,kept,single df,0.1189297232264572,0.0066982451944373,382,0.1182899919549646,0.0066520213950462,382,4.432505846076018e-05,9,0.0055555555555555,0.9888888888888888,kept,True
rep_029,Female - Male,384,1858.5,1548.0,0.0416666666666666,1.017668076419951,0.979686083694048,1.0575091240605154,False,False,kept,0.0377833623397615,0.053654242926846,0.1735706063255838,0.25,False,False,kept,single df,0.0465265659320576,0.0031462699283095,383,0.0457188026333037,0.0031100039412661,383,9.553580233923129e-06,9,0.0055555555555555,0.9888888888888888,kept,True
rep_029,Black - White,385,341.0,2607.0,0.0493506493506493,0.9900377998753516,0.9588928529041668,1.0210533566689044,False,False,kept,0.065661662064632,0.083127565435944,0.1173868811923518,0.25,False,False,kept,single df,0.0736534797199117,0.0035212557203883,384,0.074394613750288,0.0034226027124533,384,1.1651749958624804e-05,9,0.0055555555555555,0.9888888888888888,kept,True
rep_029,Hispanic - White,385,175.0,2607.0,0.1116883116883116,0.9916850861242504,0.9336671299295716,1.0492280583469715,False,False,kept,0.0487392316228472,0.0610008204491476,0.1117330326967233,0.25,False,False,kept,single df,0.0544137864951479,0.0027234933796546,384,0.0548700260359974,0.0024027699159732,384,5.833754898502095e-06,9,0.0055555555555555,0.9888888888888888,kept,True
rep_029,Asian - White,385,114.0,2607.0,0.1116883116883116,0.9534968747146249,0.8836705866836363,1.022798808647237,False,False,kept,0.0533186238971322,0.0665580583923153,0.1104421163676844,0.25,False,False,kept,single df,0.0571510209570731,0.003004942444759,384,0.0599383411447238,0.0025943876735852,384,6.560752781556638e-06,9,0.0055555555555555,0.9888888888888888,kept,True
rep_029,Less than high school - Postgraduate,385,144.0,692.0,0.0727272727272727,1.0121625742769094,0.9680211636928376,1.0562406605036936,False,False,kept,0.0743241000888551,0.0902759569019563,0.0969128267919841,0.25,False,False,kept,single df,0.0833010087049728,0.0034758784756269,384,0.0823000284954057,0.0031259115109307,384,9.922798441395015e-06,9,0.0055555555555555,0.9888888888888888,kept,True
rep_029,"Less than $30,000 - $100,000 or more",385,673.0,833.0,0.0649350649350649,0.985944613576205,0.953146729254686,1.0183034221887963,False,False,kept,0.0565221721177537,0.0696021188076135,0.1037068006003678,0.25,False,False,kept,single df,0.062175782639492,0.0026998488981098,384,0.0630621454626836,0.002563134586728,384,6.609980301246859e-06,9,0.0055555555555555,0.9888888888888888,kept,True
rep_029,18-29 - 65+,380,462.0,781.5,0.0684210526315789,0.9986628982642912,0.9698348910477724,1.0271822149089305,False,False,kept,0.0662196552818754,0.0832190824900499,0.1137551578769301,0.25,False,False,kept,single df,0.0746194614881342,0.003467347200763,379,0.0747193688859627,0.0033309784640319,379,1.12112104260692e-05,9,0.0055555555555555,0.9888888888888888,kept,True
rep_029,South - Northeast,385,1287.0,554.0,0.1532467532467532,0.9678610882804682,0.8838589342008514,1.0503402946706577,False,False,kept,0.0203681887866181,0.025600565542354,0.1138246365844662,0.25,False,False,kept,single df,0.0222456842958682,0.0012875515704836,384,0.022984377164486,0.0010253318420491,384,1.0785060577832816e-06,9,0.0055555555555555,0.9888888888888888,kept,True
rep_030,Republican - Democrat,383,877.0,1237.0,0.0287206266318537,1.0022904397611851,0.987132176033682,1.0173325742666788,False,False,kept,0.101316575113117,0.1352634087968122,0.1434898807695391,0.25,False,False,kept,single df,0.1185609280558885,0.0067214033339873,382,0.1182899919549646,0.0066520213950462,382,4.447295885901622e-05,9,0.0055555555555555,0.9888888888888888,kept,True
rep_030,Female - Male,384,1858.5,1548.0,0.0885416666666666,0.9804035608913696,0.9436077217446982,1.0166061687737151,False,False,kept,0.0377833623397615,0.053654242926846,0.1735706063255838,0.25,False,False,kept,single df,0.0448228769013807,0.0031452572753506,383,0.0457188026333037,0.0031100039412661,383,9.574944168820155e-06,9,0.0055555555555555,0.9888888888888888,kept,True
rep_030,Black - White,385,341.0,2607.0,0.0519480519480519,0.9887384493277188,0.9577996468702376,1.0192231261579818,False,False,kept,0.065661662064632,0.083127565435944,0.1173868811923518,0.25,False,False,kept,single df,0.0735568150377943,0.0035523290038749,384,0.074394613750288,0.0034226027124533,384,1.1772657106787757e-05,9,0.0055555555555555,0.9888888888888888,kept,True
rep_030,Hispanic - White,385,175.0,2607.0,0.1142857142857142,0.9830729576673316,0.9265697502899592,1.0392978170876466,False,False,kept,0.0487392316228472,0.0610008204491476,0.1117330326967233,0.25,False,False,kept,single df,0.0539412387824915,0.0026749330894865,384,0.0548700260359974,0.0024027699159732,384,5.739135301657327e-06,9,0.0055555555555555,0.9888888888888888,kept,True
rep_030,Asian - White,385,114.0,2607.0,0.1428571428571428,0.9665833716477452,0.8995331652940932,1.032920457234488,False,False,kept,0.0533186238971322,0.0665580583923153,0.1104421163676844,0.25,False,False,kept,single df,0.0579354038746399,0.0030147592018403,384,0.0599383411447238,0.0025943876735852,384,6.700283670951264e-06,9,0.0055555555555555,0.9888888888888888,kept,True
rep_030,Less than high school - Postgraduate,385,144.0,692.0,0.0831168831168831,1.0068270414708422,0.9587927511185328,1.055267041106381,False,False,kept,0.0743241000888551,0.0902759569019563,0.0969128267919841,0.25,False,False,kept,single df,0.0828618942029953,0.0034470581579649,384,0.0823000284954057,0.0031259115109307,384,9.628968808943842e-06,9,0.0055555555555555,0.9888888888888888,kept,True
rep_030,"Less than $30,000 - $100,000 or more",385,673.0,833.0,0.0545454545454545,1.0011132397388611,0.969615976803205,1.033087256663483,False,False,kept,0.0565221721177537,0.0696021188076135,0.1037068006003678,0.25,False,False,kept,single df,0.0631323487490305,0.0026276306737585,384,0.0630621454626836,0.002563134586728,384,6.432928071929834e-06,9,0.0055555555555555,0.9888888888888888,kept,True
rep_030,18-29 - 65+,380,462.0,781.5,0.0736842105263157,1.0022116067806586,0.968602294610256,1.0353313713697982,False,False,kept,0.0662196552818754,0.0832190824900499,0.1137551578769301,0.25,False,False,kept,single df,0.0748846187488374,0.0035357994711251,379,0.0747193688859627,0.0033309784640319,379,1.1327118095823233e-05,9,0.0055555555555555,0.9888888888888888,kept,True
rep_030,South - Northeast,385,1287.0,554.0,0.1194805194805194,1.0121081143389965,0.9300124301631254,1.0937199714823624,False,False,kept,0.0203681887866181,0.025600565542354,0.1138246365844662,0.25,False,False,kept,single df,0.0232626746312042,0.0012855962973034,384,0.022984377164486,0.0010253318420491,384,1.08341021446138e-06,9,0.0055555555555555,0.9888888888888888,kept,True
rep_031,Republican - Democrat,383,877.0,1237.0,0.0391644908616188,1.003671511399603,0.9886281615814364,1.0187414295609574,False,False,kept,0.101316575113117,0.1352634087968122,0.1434898807695391,0.25,False,False,kept,single df,0.1187242950088862,0.0067079030737888,382,0.1182899919549646,0.0066520213950462,382,4.4383889045723865e-05,9,0.0055555555555555,0.9888888888888888,kept,True
rep_031,Female - Male,384,1858.5,1548.0,0.0520833333333333,0.9995292198921072,0.9696397520404386,1.0297329540647815,False,False,kept,0.0377833623397615,0.053654242926846,0.1735706063255838,0.25,False,False,kept,single df,0.0456972791304673,0.0031378834576199,383,0.0457188026333037,0.0031100039412661,383,9.618643647849628e-06,9,0.0055555555555555,0.9888888888888888,kept,True
rep_031,Black - White,385,341.0,2607.0,0.0675324675324675,1.0007555481193902,0.9662712586684564,1.035598230506842,False,False,kept,0.065661662064632,0.083127565435944,0.1173868811923518,0.25,False,False,kept,single df,0.0744508224607998,0.003526835221972,384,0.074394613750288,0.0034226027124533,384,1.157282285789758e-05,9,0.0055555555555555,0.9888888888888888,kept,True
rep_031,Hispanic - White,385,175.0,2607.0,0.1194805194805194,1.0121985111627954,0.9562424620779428,1.0683446272316617,False,False,kept,0.0487392316228472,0.0610008204491476,0.1117330326967233,0.25,False,False,kept,single df,0.0555393586611004,0.0026947898752075,384,0.0548700260359974,0.0024027699159732,384,5.800329755131744e-06,9,0.0055555555555555,0.9888888888888888,kept,True
rep_031,Asian - White,385,114.0,2607.0,0.1142857142857142,0.9901693567612154,0.9196975045223,1.0605791784254304,False,False,kept,0.0533186238971322,0.0665580583923153,0.1104421163676844,0.25,False,False,kept,single df,0.0593491086966054,0.003055706542671,384,0.0599383411447238,0.0025943876735852,384,6.681585051044169e-06,9,0.0055555555555555,0.9888888888888888,kept,True
rep_031,Less than high school - Postgraduate,385,144.0,692.0,0.0883116883116883,0.9732300698849706,0.9292530895320466,1.016206777146995,False,False,kept,0.0743241000888551,0.0902759569019563,0.0969128267919841,0.25,False,False,kept,single df,0.0800968624841188,0.0034937502823518,384,0.0823000284954057,0.0031259115109307,384,1.0025188822249628e-05,9,0.0055555555555555,0.9888888888888888,kept,True
rep_031,"Less than $30,000 - $100,000 or more",385,673.0,833.0,0.0701298701298701,0.9998047730076196,0.9673220546049686,1.0318118188158267,False,False,kept,0.0565221721177537,0.0696021188076135,0.1037068006003678,0.25,False,False,kept,single df,0.0630498340296919,0.0027354560676307,384,0.0630621454626836,0.002563134586728,384,6.712094050064301e-06,9,0.0055555555555555,0.9888888888888888,kept,True
rep_031,18-29 - 65+,380,462.0,781.5,0.0578947368421052,0.9875511067179704,0.9552568143005185,1.019396185030864,False,False,kept,0.0662196552818754,0.0832190824900499,0.1137551578769301,0.25,False,False,kept,single df,0.0737891954366007,0.0034737197480359,379,0.0747193688859627,0.0033309784640319,379,1.1147385807692295e-05,9,0.0055555555555555,0.9888888888888888,kept,True
rep_031,South - Northeast,385,1287.0,554.0,0.1584415584415584,0.96846246556909,0.8798906641211354,1.0566360624652438,False,False,kept,0.0203681887866181,0.025600565542354,0.1138246365844662,0.25,False,False,kept,single df,0.022259506578288,0.0012815719529053,384,0.022984377164486,0.0010253318420491,384,1.0340964417623655e-06,9,0.0055555555555555,0.9888888888888888,kept,True
rep_032,Republican - Democrat,383,877.0,1237.0,0.031331592689295,1.009102326973981,0.9956962908622292,1.0228995487408667,False,False,kept,0.101316575113117,0.1352634087968122,0.1434898807695391,0.25,False,False,kept,single df,0.1193667061394882,0.0066795984166639,382,0.1182899919549646,0.0066520213950462,382,4.4240459520188126e-05,9,0.0055555555555555,0.9888888888888888,kept,True
rep_032,Female - Male,384,1858.5,1548.0,0.0677083333333333,1.0231540142628974,0.9433744553738826,1.1037664240607603,False,False,kept,0.0377833623397615,0.053654242926846,0.1735706063255838,0.25,False,False,kept,single df,0.0467773764415578,0.0034441832572875,383,0.0457188026333037,0.0031100039412661,383,9.766408322079823e-06,9,0.0055555555555555,0.9888888888888888,kept,True
rep_032,Black - White,385,341.0,2607.0,0.0623376623376623,0.9786877717163052,0.9488707809701284,1.0078834584255187,False,False,kept,0.065661662064632,0.083127565435944,0.1173868811923518,0.25,False,False,kept,single df,0.0728090987589646,0.0035298524539457,384,0.074394613750288,0.0034226027124533,384,1.172500199461446e-05,9,0.0055555555555555,0.9888888888888888,kept,True
rep_032,Hispanic - White,385,175.0,2607.0,0.1012987012987013,1.0169712231629162,0.9579897108900188,1.076611874998503,False,False,kept,0.0487392316228472,0.0610008204491476,0.1117330326967233,0.25,False,False,kept,single df,0.0558012374928093,0.0026965241963111,384,0.0548700260359974,0.0024027699159732,384,5.720777706559968e-06,9,0.0055555555555555,0.9888888888888888,kept,True
rep_032,Asian - White,385,114.0,2607.0,0.1194805194805194,0.9863592423642268,0.9193454595884344,1.0526662455192053,False,False,kept,0.0533186238971322,0.0665580583923153,0.1104421163676844,0.25,False,False,kept,single df,0.0591207367600783,0.003057873110164,384,0.0599383411447238,0.0025943876735852,384,6.831663782436932e-06,9,0.0055555555555555,0.9888888888888888,kept,True
rep_032,Less than high school - Postgraduate,385,144.0,692.0,0.0779220779220779,1.0225620808821037,0.9770286834274642,1.0682062335160545,False,False,kept,0.0743241000888551,0.0902759569019563,0.0969128267919841,0.25,False,False,kept,single df,0.0841568883949185,0.0034989201067558,384,0.0823000284954057,0.0031259115109307,384,9.934711678150985e-06,9,0.0055555555555555,0.9888888888888888,kept,True
rep_032,"Less than $30,000 - $100,000 or more",385,673.0,833.0,0.0493506493506493,1.0085478032244688,0.9782066054915128,1.0397588940583795,False,False,kept,0.0565221721177537,0.0696021188076135,0.1037068006003678,0.25,False,False,kept,single df,0.0636011882730115,0.0025931719215882,384,0.0630621454626836,0.002563134586728,384,6.362989221968139e-06,9,0.0055555555555555,0.9888888888888888,kept,True
rep_032,18-29 - 65+,380,462.0,781.5,0.0763157894736842,0.992523430305985,0.9643567608635248,1.0206764783701587,False,False,kept,0.0662196552818754,0.0832190824900499,0.1137551578769301,0.25,False,False,kept,single df,0.0741607243169939,0.0034077407867788,379,0.0747193688859627,0.0033309784640319,379,1.1018226024546773e-05,9,0.0055555555555555,0.9888888888888888,kept,True
rep_032,South - Northeast,385,1287.0,554.0,0.1428571428571428,1.007654252967278,0.914099330675181,1.1000275084947482,False,False,kept,0.0203681887866181,0.025600565542354,0.1138246365844662,0.25,False,False,kept,single df,0.0231603054015983,0.0013619790562445,384,0.022984377164486,0.0010253318420491,384,1.106673773872899e-06,9,0.0055555555555555,0.9888888888888888,kept,True
rep_033,Republican - Democrat,383,877.0,1237.0,0.0469973890339425,0.9965694353347208,0.9821436217588156,1.0107926478369529,False,False,kept,0.101316575113117,0.1352634087968122,0.1434898807695391,0.25,False,False,kept,single df,0.1178841904883077,0.0066935179995096,382,0.1182899919549646,0.0066520213950462,382,4.4310814808934335e-05,9,0.0055555555555555,0.9888888888888888,kept,True
rep_033,Female - Male,384,1858.5,1548.0,0.0598958333333333,0.9932768165337456,0.9614426292657864,1.0244171206019623,False,False,kept,0.0377833623397615,0.053654242926846,0.1735706063255838,0.25,False,False,kept,single df,0.0454114267353426,0.0031726624756154,383,0.0457188026333037,0.0031100039412661,383,9.71512617577489e-06,9,0.0055555555555555,0.9888888888888888,kept,True
rep_033,Black - White,385,341.0,2607.0,0.0805194805194805,0.9769058722000122,0.9471390183505763,1.0053681285085505,False,False,kept,0.065661662064632,0.083127565435944,0.1173868811923518,0.25,False,False,kept,single df,0.0726765350327081,0.0035997524674112,384,0.074394613750288,0.0034226027124533,384,1.1990562798211924e-05,9,0.0055555555555555,0.9888888888888888,kept,True
rep_033,Hispanic - White,385,175.0,2607.0,0.0935064935064935,1.0069518250724778,0.957777890726166,1.0562563330208103,False,False,kept,0.0487392316228472,0.0610008204491476,0.1117330326967233,0.25,False,False,kept,single df,0.055251472858722,0.0026269773831244,384,0.0548700260359974,0.0024027699159732,384,5.783623552177732e-06,9,0.0055555555555555,0.9888888888888888,kept,True
rep_033,Asian - White,385,114.0,2607.0,0.0961038961038961,0.9843735218346548,0.922247438163179,1.0471681797782617,False,False,kept,0.0533186238971322,0.0665580583923153,0.1104421163676844,0.25,False,False,kept,single df,0.0590017159655587,0.0028792187133366,384,0.0599383411447238,0.0025943876735852,384,6.443450451401708e-06,9,0.0055555555555555,0.9888888888888888,kept,True
rep_033,Less than high school - Postgraduate,385,144.0,692.0,0.0701298701298701,0.9746847718820918,0.9320091319160948,1.0176214236990937,False,False,kept,0.0743241000888551,0.0902759569019563,0.0969128267919841,0.25,False,False,kept,single df,0.0802165844999342,0.0033028922999239,384,0.0823000284954057,0.0031259115109307,384,9.389459331972592e-06,9,0.0055555555555555,0.9888888888888888,kept,True
rep_033,"Less than $30,000 - $100,000 or more",385,673.0,833.0,0.0597402597402597,0.989303296731718,0.9606513624838986,1.017450318214694,False,False,kept,0.0565221721177537,0.0696021188076135,0.1037068006003678,0.25,False,False,kept,single df,0.0623875884052081,0.0026868250589316,384,0.0630621454626836,0.002563134586728,384,6.651937434868647e-06,9,0.0055555555555555,0.9888888888888888,kept,True
rep_033,18-29 - 65+,380,462.0,781.5,0.0552631578947368,1.0047795707319247,0.9748146722699372,1.0350003591224255,False,False,kept,0.0662196552818754,0.0832190824900499,0.1137551578769301,0.25,False,False,kept,single df,0.0750764953945979,0.00342790647198,379,0.0747193688859627,0.0033309784640319,379,1.1040163910587485e-05,9,0.0055555555555555,0.9888888888888888,kept,True
rep_033,South - Northeast,385,1287.0,554.0,0.1142857142857142,1.0206722166522986,0.9376246406731864,1.1033204876992786,False,False,kept,0.0203681887866181,0.025600565542354,0.1138246365844662,0.25,False,False,kept,single df,0.0234595151888484,0.0012952212308578,384,0.022984377164486,0.0010253318420491,384,1.089028900500513e-06,9,0.0055555555555555,0.9888888888888888,kept,True
rep_034,Republican - Democrat,383,877.0,1237.0,0.0339425587467362,1.0007219720335767,0.9862123349847602,1.015557422509565,False,False,kept,0.101316575113117,0.1352634087968122,0.1434898807695391,0.25,False,False,kept,single df,0.1183753940210081,0.0066392846772806,382,0.1182899919549646,0.0066520213950462,382,4.393843463483126e-05,9,0.0055555555555555,0.9888888888888888,kept,True
rep_034,Female - Male,384,1858.5,1548.0,0.0703125,0.9395612180404344,0.8541201923540365,1.0223774656414129,False,False,kept,0.0377833623397615,0.053654242926846,0.1735706063255838,0.25,False,False,kept,single df,0.0429556138894971,0.003392561249588,383,0.0457188026333037,0.0031100039412661,383,9.49619893955958e-06,9,0.0055555555555555,0.9888888888888888,kept,True
rep_034,Black - White,385,341.0,2607.0,0.0597402597402597,0.9966117145116288,0.9660017090713016,1.0269186316682122,False,False,kept,0.065661662064632,0.083127565435944,0.1173868811923518,0.25,False,False,kept,single df,0.0741425435601049,0.0035589297585879,384,0.074394613750288,0.0034226027124533,384,1.1801571834894994e-05,9,0.0055555555555555,0.9888888888888888,kept,True
rep_034,Hispanic - White,385,175.0,2607.0,0.1038961038961039,0.9957222384206924,0.940580671684346,1.0499272784318807,False,False,kept,0.0487392316228472,0.0610008204491476,0.1117330326967233,0.25,False,False,kept,single df,0.054635305146765,0.002741321739831,384,0.0548700260359974,0.0024027699159732,384,5.962449631880487e-06,9,0.0055555555555555,0.9888888888888888,kept,True
rep_034,Asian - White,385,114.0,2607.0,0.1142857142857142,1.0215575129436114,0.9515281654985868,1.0916758195027112,False,False,kept,0.0533186238971322,0.0665580583923153,0.1104421163676844,0.25,False,False,kept,single df,0.0612304627097697,0.0031066429302515,384,0.0599383411447238,0.0025943876735852,384,6.8517022447270025e-06,9,0.0055555555555555,0.9888888888888888,kept,True
rep_034,Less than high school - Postgraduate,385,144.0,692.0,0.0701298701298701,0.9803860382135532,0.9348054735018342,1.025607286046738,False,False,kept,0.0743241000888551,0.0902759569019563,0.0969128267919841,0.25,False,False,kept,single df,0.0806857988814733,0.003446609805004,384,0.0823000284954057,0.0031259115109307,384,9.764825470645e-06,9,0.0055555555555555,0.9888888888888888,kept,True
rep_034,"Less than $30,000 - $100,000 or more",385,673.0,833.0,0.0545454545454545,1.018118025712831,0.98633103971264,1.051192172475787,False,False,kept,0.0565221721177537,0.0696021188076135,0.1037068006003678,0.25,False,False,kept,single df,0.0642047070356828,0.0025793942126911,384,0.0630621454626836,0.002563134586728,384,6.299790824738757e-06,9,0.0055555555555555,0.9888888888888888,kept,True
rep_034,18-29 - 65+,380,462.0,781.5,0.0789473684210526,0.991927698348553,0.9616603112318324,1.0216681458700556,False,False,kept,0.0662196552818754,0.0832190824900499,0.1137551578769301,0.25,False,False,kept,single df,0.0741162116011094,0.0034815550768255,379,0.0747193688859627,0.0033309784640319,379,1.122883701782357e-05,9,0.0055555555555555,0.9888888888888888,kept,True
rep_034,South - Northeast,385,1287.0,554.0,0.174025974025974,0.9375172139132476,0.8470647571968012,1.0258223285607555,False,False,kept,0.0203681887866181,0.025600565542354,0.1138246365844662,0.25,False,False,kept,single df,0.0215482492427802,0.0013133950121552,384,0.022984377164486,0.0010253318420491,384,1.071610089446734e-06,9,0.0055555555555555,0.9888888888888888,kept,True
rep_035,Republican - Democrat,383,877.0,1237.0,0.0391644908616188,0.9950169347846054,0.9794620972734842,1.010471050087081,False,False,kept,0.101316575113117,0.1352634087968122,0.1434898807695391,0.25,False,False,kept,single df,0.1177005452107245,0.0066728128841517,382,0.1182899919549646,0.0066520213950462,382,4.413489567095735e-05,9,0.0055555555555555,0.9888888888888888,kept,True
rep_035,Female - Male,384,1858.5,1548.0,0.0546875,1.0512170200707818,0.9726627297375215,1.1328114379386125,False,False,kept,0.0377833623397615,0.053654242926846,0.1735706063255838,0.25,False,False,kept,single df,0.0480603834653858,0.0034189086900822,383,0.0457188026333037,0.0031100039412661,383,9.69419123066354e-06,9,0.0055555555555555,0.9888888888888888,kept,True
rep_035,Black - White,385,341.0,2607.0,0.0545454545454545,0.9929560119608148,0.9634129646878256,1.0221269595535063,False,False,kept,0.065661662064632,0.083127565435944,0.1173868811923518,0.25,False,False,kept,single df,0.0738705789808512,0.0035471193517788,384,0.074394613750288,0.0034226027124533,384,1.178767751619499e-05,9,0.0055555555555555,0.9888888888888888,kept,True
rep_035,Hispanic - White,385,175.0,2607.0,0.1038961038961039,1.0058823074993863,0.950401395489174,1.0613758980830357,False,False,kept,0.0487392316228472,0.0610008204491476,0.1117330326967233,0.25,False,False,kept,single df,0.0551927884016405,0.0026910258554862,384,0.0548700260359974,0.0024027699159732,384,5.804368633908696e-06,9,0.0055555555555555,0.9888888888888888,kept,True
rep_035,Asian - White,385,114.0,2607.0,0.109090909090909,0.9616562098022648,0.8984908454861056,1.0244021669177965,False,False,kept,0.0533186238971322,0.0665580583923153,0.1104421163676844,0.25,False,False,kept,single df,0.0576400779670702,0.0029333983632525,384,0.0599383411447238,0.0025943876735852,384,6.587069121986133e-06,9,0.0055555555555555,0.9888888888888888,kept,True
rep_035,Less than high school - Postgraduate,385,144.0,692.0,0.0883116883116883,0.9955584284387784,0.9482866958756558,1.0423130109567147,False,False,kept,0.0743241000888551,0.0902759569019563,0.0969128267919841,0.25,False,False,kept,single df,0.0819344870293528,0.0035345636904673,384,0.0823000284954057,0.0031259115109307,384,9.99441168938474e-06,9,0.0055555555555555,0.9888888888888888,kept,True
rep_035,"Less than $30,000 - $100,000 or more",385,673.0,833.0,0.0753246753246753,0.989782352534533,0.9556163068502178,1.0234249269066382,False,False,kept,0.0565221721177537,0.0696021188076135,0.1037068006003678,0.25,False,False,kept,single df,0.0624177986919299,0.0027283234425957,384,0.0630621454626836,0.002563134586728,384,6.660691869462838e-06,9,0.0055555555555555,0.9888888888888888,kept,True
rep_035,18-29 - 65+,380,462.0,781.5,0.0657894736842105,1.0066678659924713,0.9767868477459282,1.0364347317269569,False,False,kept,0.0662196552818754,0.0832190824900499,0.1137551578769301,0.25,False,False,kept,single df,0.0752175876247363,0.0034776316125709,379,0.0747193688859627,0.0033309784640319,379,1.1217706207630292e-05,9,0.0055555555555555,0.9888888888888888,kept,True
rep_035,South - Northeast,385,1287.0,554.0,0.1194805194805194,1.0193796524638086,0.9322741386368608,1.1076939949518685,False,False,kept,0.0203681887866181,0.025600565542354,0.1138246365844662,0.25,False,False,kept,single df,0.0234298064060309,0.0012688103573243,384,0.022984377164486,0.0010253318420491,384,1.0232701545915125e-06,9,0.0055555555555555,0.9888888888888888,kept,True
rep_036,Republican - Democrat,383,877.0,1237.0,0.0339425587467362,1.0104323198618994,0.9953235645201192,1.0261806230085178,False,False,kept,0.101316575113117,0.1352634087968122,0.1434898807695391,0.25,False,False,kept,single df,0.1195240309875003,0.0066571812304268,382,0.1182899919549646,0.0066520213950462,382,4.403792330278018e-05,9,0.0055555555555555,0.9888888888888888,kept,True
rep_036,Female - Male,384,1858.5,1548.0,0.0677083333333333,0.9799740500375737,0.9388870513767258,1.01998170339274,False,False,kept,0.0377833623397615,0.053654242926846,0.1735706063255838,0.25,False,False,kept,single df,0.0448032401794271,0.0031827354890724,383,0.0457188026333037,0.0031100039412661,383,9.646471897914009e-06,9,0.0055555555555555,0.9888888888888888,kept,True
rep_036,Black - White,385,341.0,2607.0,0.0311688311688311,1.0190501611125178,0.9898934467838238,1.048879435663521,False,False,kept,0.065661662064632,0.083127565435944,0.1173868811923518,0.25,False,False,kept,single df,0.0758118431281345,0.0035098909294272,384,0.074394613750288,0.0034226027124533,384,1.1655431910448632e-05,9,0.0055555555555555,0.9888888888888888,kept,True
rep_036,Hispanic - White,385,175.0,2607.0,0.122077922077922,1.0031929901932235,0.9413199533540864,1.064311394594545,False,False,kept,0.0487392316228472,0.0610008204491476,0.1117330326967233,0.25,False,False,kept,single df,0.0550452254910323,0.0028076496359944,384,0.0548700260359974,0.0024027699159732,384,5.96404745361985e-06,9,0.0055555555555555,0.9888888888888888,kept,True
rep_036,Asian - White,385,114.0,2607.0,0.1064935064935064,0.9862944031212136,0.9214475787706338,1.0507346607369463,False,False,kept,0.0533186238971322,0.0665580583923153,0.1104421163676844,0.25,False,False,kept,single df,0.059116850403411,0.0030073235225625,384,0.0599383411447238,0.0025943876735852,384,6.749405418754674e-06,9,0.0055555555555555,0.9888888888888888,kept,True
rep_036,Less than high school - Postgraduate,385,144.0,692.0,0.0883116883116883,1.0091323633480058,0.9668952335640728,1.050887185726513,False,False,kept,0.0743241000888551,0.0902759569019563,0.0969128267919841,0.25,False,False,kept,single df,0.083051622259177,0.0035028270090158,384,0.0823000284954057,0.0031259115109307,384,1.0109092473597716e-05,9,0.0055555555555555,0.9888888888888888,kept,True
rep_036,"Less than $30,000 - $100,000 or more",385,673.0,833.0,0.0597402597402597,1.000732124247196,0.966180089502552,1.0354817282109197,False,False,kept,0.0565221721177537,0.0696021188076135,0.1037068006003678,0.25,False,False,kept,single df,0.0631083147884571,0.0026805483851657,384,0.0630621454626836,0.002563134586728,384,6.514775984167007e-06,9,0.0055555555555555,0.9888888888888888,kept,True
rep_036,18-29 - 65+,380,462.0,781.5,0.0710526315789473,0.9998870023557294,0.9701160492320652,1.0299250046845665,False,False,kept,0.0662196552818754,0.0832190824900499,0.1137551578769301,0.25,False,False,kept,single df,0.0747109257732972,0.0034093649394968,379,0.0747193688859627,0.0033309784640319,379,1.0981156550170134e-05,9,0.0055555555555555,0.9888888888888888,kept,True
rep_036,South - Northeast,385,1287.0,554.0,0.1506493506493506,1.0156552817733224,0.9283292504887046,1.1033954851156489,False,False,kept,0.0203681887866181,0.025600565542354,0.1138246365844662,0.25,False,False,kept,single df,0.0233442040653804,0.0012901391286253,384,0.022984377164486,0.0010253318420491,384,1.0511777929253637e-06,9,0.0055555555555555,0.9888888888888888,kept,True
rep_037,Republican - Democrat,383,877.0,1237.0,0.0443864229765013,1.003436348185069,0.9880536658851078,1.0190888506762448,False,False,kept,0.101316575113117,0.1352634087968122,0.1434898807695391,0.25,False,False,kept,single df,0.1186964775541308,0.0066701529500694,382,0.1182899919549646,0.0066520213950462,382,4.411747394089335e-05,9,0.0055555555555555,0.9888888888888888,kept,True
rep_037,Female - Male,384,1858.5,1548.0,0.0755208333333333,1.0173498441090234,0.937534854458935,1.0978874104689489,False,False,kept,0.0377833623397615,0.053654242926846,0.1735706063255838,0.25,False,False,kept,single df,0.0465120167318428,0.0034326832183769,383,0.0457188026333037,0.0031100039412661,383,9.727438009890451e-06,9,0.0055555555555555,0.9888888888888888,kept,True
rep_037,Black - White,385,341.0,2607.0,0.0545454545454545,0.9806702119590668,0.9504926133836707,1.01063529242679,False,False,kept,0.065661662064632,0.083127565435944,0.1173868811923518,0.25,False,False,kept,single df,0.0729565816351078,0.0034926475583568,384,0.074394613750288,0.0034226027124533,384,1.157686302264154e-05,9,0.0055555555555555,0.9888888888888888,kept,True
rep_037,Hispanic - White,385,175.0,2607.0,0.1454545454545454,0.9659864420573808,0.9142842608389612,1.0164136919159976,False,False,kept,0.0487392316228472,0.0610008204491476,0.1117330326967233,0.25,False,False,kept,single df,0.053003701226109,0.0026721342262594,384,0.0548700260359974,0.0024027699159732,384,5.868045970827148e-06,9,0.0055555555555555,0.9888888888888888,kept,True
rep_037,Asian - White,385,114.0,2607.0,0.122077922077922,1.0096427812429345,0.938206570319128,1.08045599451856,False,False,kept,0.0533186238971322,0.0665580583923153,0.1104421163676844,0.25,False,False,kept,single df,0.0605163134564467,0.0031561953445668,384,0.0599383411447238,0.0025943876735852,384,6.965547254742766e-06,9,0.0055555555555555,0.9888888888888888,kept,True
rep_037,Less than high school - Postgraduate,385,144.0,692.0,0.0675324675324675,1.010782566794563,0.9650356296730492,1.056371288525103,False,False,kept,0.0743241000888551,0.0902759569019563,0.0969128267919841,0.25,False,False,kept,single df,0.0831874340498518,0.0035067604647615,384,0.0823000284954057,0.0031259115109307,384,9.958211572567476e-06,9,0.0055555555555555,0.9888888888888888,kept,True
rep_037,"Less than $30,000 - $100,000 or more",385,673.0,833.0,0.0597402597402597,1.00007394210844,0.9696899092880986,1.0310569458210628,False,False,kept,0.0565221721177537,0.0696021188076135,0.1037068006003678,0.25,False,False,kept,single df,0.0630668084106819,0.0026033664786377,384,0.0630621454626836,0.002563134586728,384,6.38917414035044e-06,9,0.0055555555555555,0.9888888888888888,kept,True
rep_037,18-29 - 65+,380,462.0,781.5,0.0736842105263157,0.9892489574842974,0.9569694639532468,1.0208352197802222,False,False,kept,0.0662196552818754,0.0832190824900499,0.1137551578769301,0.25,False,False,kept,single df,0.0739160577743232,0.0035073416799989,379,0.0747193688859627,0.0033309784640319,379,1.1269484908648112e-05,9,0.0055555555555555,0.9888888888888888,kept,True
rep_037,South - Northeast,385,1287.0,554.0,0.1246753246753246,1.0479786039846393,0.958500335468188,1.1392826221866188,False,False,kept,0.0203681887866181,0.025600565542354,0.1138246365844662,0.25,False,False,kept,single df,0.0240871354942945,0.0012867384839601,384,0.022984377164486,0.0010253318420491,384,1.028630956667337e-06,9,0.0055555555555555,0.9888888888888888,kept,True
rep_038,Republican - Democrat,383,877.0,1237.0,0.0365535248041775,0.9969728164227608,0.9824818262814228,1.0114370328610662,False,False,kept,0.101316575113117,0.1352634087968122,0.1434898807695391,0.25,False,False,kept,single df,0.1179319064339667,0.0066692776236165,382,0.1182899919549646,0.0066520213950462,382,4.414361547681983e-05,9,0.0055555555555555,0.9888888888888888,kept,True
rep_038,Female - Male,384,1858.5,1548.0,0.0625,0.9826261028598576,0.90225092819617,1.0621467560868798,False,False,kept,0.0377833623397615,0.053654242926846,0.1735706063255838,0.25,False,False,kept,single df,0.0449244888589822,0.0034044920170708,383,0.0457188026333037,0.0031100039412661,383,9.63712055599522e-06,9,0.0055555555555555,0.9888888888888888,kept,True
rep_038,Black - White,385,341.0,2607.0,0.0545454545454545,0.998214327423374,0.965927680813676,1.0306487580009147,False,False,kept,0.065661662064632,0.083127565435944,0.1173868811923518,0.25,False,False,kept,single df,0.0742617693286654,0.0035251519082293,384,0.074394613750288,0.0034226027124533,384,1.163134104075846e-05,9,0.0055555555555555,0.9888888888888888,kept,True
rep_038,Hispanic - White,385,175.0,2607.0,0.0909090909090909,0.9729438673965526,0.9196074160647434,1.0274206352108928,False,False,kept,0.0487392316228472,0.0610008204491476,0.1117330326967233,0.25,False,False,kept,single df,0.0533854553356128,0.0025070637176787,384,0.0548700260359974,0.0024027699159732,384,5.35672420505804e-06,9,0.0055555555555555,0.9888888888888888,kept,True
rep_038,Asian - White,385,114.0,2607.0,0.1012987012987013,0.9694790622389486,0.9080373993819296,1.0321444941364548,False,False,kept,0.0533186238971322,0.0665580583923153,0.1104421163676844,0.25,False,False,kept,single df,0.058108966765145,0.0027889602361328,384,0.0599383411447238,0.0025943876735852,384,6.191881782573068e-06,9,0.0055555555555555,0.9888888888888888,kept,True
rep_038,Less than high school - Postgraduate,385,144.0,692.0,0.0961038961038961,0.983046395839348,0.9343959604110936,1.0314153057846287,False,False,kept,0.0743241000888551,0.0902759569019563,0.0969128267919841,0.25,False,False,kept,single df,0.0809047463898842,0.0034861476257621,384,0.0823000284954057,0.0031259115109307,384,9.75073454798086e-06,9,0.0055555555555555,0.9888888888888888,kept,True
rep_038,"Less than $30,000 - $100,000 or more",385,673.0,833.0,0.0519480519480519,1.0095724118204163,0.9800505299343688,1.0393248576154368,False,False,kept,0.0565221721177537,0.0696021188076135,0.1037068006003678,0.25,False,False,kept,single df,0.0636658022893314,0.0026619804334294,384,0.0630621454626836,0.002563134586728,384,6.562884781487706e-06,9,0.0055555555555555,0.9888888888888888,kept,True
rep_038,18-29 - 65+,380,462.0,781.5,0.05,1.0093718819226094,0.981166286865453,1.0377300022163132,False,False,kept,0.0662196552818754,0.0832190824900499,0.1137551578769301,0.25,False,False,kept,single df,0.0754196299884938,0.0034425303943441,379,0.0747193688859627,0.0033309784640319,379,1.1134858361034352e-05,9,0.0055555555555555,0.9888888888888888,kept,True
rep_038,South - Northeast,385,1287.0,554.0,0.1688311688311688,0.9333125780583084,0.8452125050043378,1.0197676691643125,False,False,kept,0.0203681887866181,0.025600565542354,0.1138246365844662,0.25,False,False,kept,single df,0.021451608306451,0.0012840443415912,384,0.022984377164486,0.0010253318420491,384,1.0470720484259838e-06,9,0.0055555555555555,0.9888888888888888,kept,True
rep_039,Republican - Democrat,383,877.0,1237.0,0.04177545691906,0.9990096954187512,0.9837276183410986,1.0143169491317277,False,False,kept,0.101316575113117,0.1352634087968122,0.1434898807695391,0.25,False,False,kept,single df,0.1181728488340157,0.0066784159571043,382,0.1182899919549646,0.0066520213950462,382,4.417907123508803e-05,9,0.0055555555555555,0.9888888888888888,kept,True
rep_039,Female - Male,384,1858.5,1548.0,0.0546875,0.991678792161132,0.9604896988076802,1.0231877163497305,False,False,kept,0.0377833623397615,0.053654242926846,0.1735706063255838,0.25,False,False,kept,single df,0.0453383669744478,0.0031175418975362,383,0.0457188026333037,0.0031100039412661,383,9.541847006538668e-06,9,0.0055555555555555,0.9888888888888888,kept,True
rep_039,Black - White,385,341.0,2607.0,0.0441558441558441,1.021695395955648,0.9901847196807044,1.052985232546408,False,False,kept,0.065661662064632,0.083127565435944,0.1173868811923518,0.25,False,False,kept,single df,0.076008634352568,0.0036392038788601,384,0.074394613750288,0.0034226027124533,384,1.2060928992660708e-05,9,0.0055555555555555,0.9888888888888888,kept,True
rep_039,Hispanic - White,385,175.0,2607.0,0.1064935064935064,0.9925808638828676,0.9351362826761244,1.0500297049923415,False,False,kept,0.0487392316228472,0.0610008204491476,0.1117330326967233,0.25,False,False,kept,single df,0.0544629378440857,0.0026819958364382,384,0.0548700260359974,0.0024027699159732,384,5.729497655285784e-06,9,0.0055555555555555,0.9888888888888888,kept,True
rep_039,Asian - White,385,114.0,2607.0,0.1376623376623376,1.0179784929375717,0.950163761738088,1.0847209534368447,False,False,kept,0.0533186238971322,0.0665580583923153,0.1104421163676844,0.25,False,False,kept,single df,0.0610159421876839,0.0031681533588922,384,0.0599383411447238,0.0025943876735852,384,7.144101410079031e-06,9,0.0055555555555555,0.9888888888888888,kept,True
rep_039,Less than high school - Postgraduate,385,144.0,692.0,0.0727272727272727,1.0333493859610188,0.988624399853036,1.07828895565882,False,False,kept,0.0743241000888551,0.0902759569019563,0.0969128267919841,0.25,False,False,kept,single df,0.0850446839103018,0.0035038316478064,384,0.0823000284954057,0.0031259115109307,384,9.986614831574273e-06,9,0.0055555555555555,0.9888888888888888,kept,True
rep_039,"Less than $30,000 - $100,000 or more",385,673.0,833.0,0.0519480519480519,1.0156154926034893,0.98354179108885,1.0479936337661315,False,False,kept,0.0565221721177537,0.0696021188076135,0.1037068006003678,0.25,False,False,kept,single df,0.0640468919287163,0.0026864714703375,384,0.0630621454626836,0.002563134586728,384,6.580265256218051e-06,9,0.0055555555555555,0.9888888888888888,kept,True
rep_039,18-29 - 65+,380,462.0,781.5,0.0710526315789473,0.9899626789306024,0.9562236438804128,1.023386326947831,False,False,kept,0.0662196552818754,0.0832190824900499,0.1137551578769301,0.25,False,False,kept,single df,0.0739693865903515,0.0034774195113928,379,0.0747193688859627,0.0033309784640319,379,1.1117511601651753e-05,9,0.0055555555555555,0.9888888888888888,kept,True
rep_039,South - Northeast,385,1287.0,554.0,0.135064935064935,1.0437882297511991,0.950082660448534,1.1385067638212982,False,False,kept,0.0203681887866181,0.025600565542354,0.1138246365844662,0.25,False,False,kept,single df,0.0239908223524528,0.0013310079141081,384,0.022984377164486,0.0010253318420491,384,1.0567746556379529e-06,9,0.0055555555555555,0.9888888888888888,kept,True
rep_040,Republican - Democrat,383,877.0,1237.0,0.0287206266318537,1.0084188907463527,0.9939273282632836,1.0235731567293962,False,False,kept,0.101316575113117,0.1352634087968122,0.1434898807695391,0.25,False,False,kept,single df,0.1192858624736204,0.0066372567600529,382,0.1182899919549646,0.0066520213950462,382,4.392446019167305e-05,9,0.0055555555555555,0.9888888888888888,kept,True
rep_040,Female - Male,384,1858.5,1548.0,0.0651041666666666,1.0064120608724778,0.9692545323726874,1.0438077751117634,False,False,kept,0.0377833623397615,0.053654242926846,0.1735706063255838,0.25,False,False,kept,single df,0.0460119543788053,0.0031866258479364,383,0.0457188026333037,0.0031100039412661,383,9.697060158978538e-06,9,0.0055555555555555,0.9888888888888888,kept,True
rep_040,Black - White,385,341.0,2607.0,0.0467532467532467,1.0224820703568038,0.9922900885911506,1.0530666585521322,False,False,kept,0.065661662064632,0.083127565435944,0.1173868811923518,0.25,False,False,kept,single df,0.0760671586907892,0.0035615264960278,384,0.074394613750288,0.0034226027124533,384,1.1812989705638552e-05,9,0.0055555555555555,0.9888888888888888,kept,True
rep_040,Hispanic - White,385,175.0,2607.0,0.0961038961038961,1.0233273246955157,0.9663990081034118,1.080902486535298,False,False,kept,0.0487392316228472,0.0610008204491476,0.1117330326967233,0.25,False,False,kept,single df,0.0561499969493905,0.0026907853711096,384,0.0548700260359974,0.0024027699159732,384,5.760280648429476e-06,9,0.0055555555555555,0.9888888888888888,kept,True
rep_040,Asian - White,385,114.0,2607.0,0.1012987012987013,1.0064413877726386,0.9437682310278476,1.0705538824739451,False,False,kept,0.0533186238971322,0.0665580583923153,0.1104421163676844,0.25,False,False,kept,single df,0.0603244272424856,0.0028667869158865,384,0.0599383411447238,0.0025943876735852,384,6.381917023787876e-06,9,0.0055555555555555,0.9888888888888888,kept,True
rep_040,Less than high school - Postgraduate,385,144.0,692.0,0.0727272727272727,1.0143733780463156,0.969796396852003,1.060415332646779,False,False,kept,0.0743241000888551,0.0902759569019563,0.0969128267919841,0.25,False,False,kept,single df,0.0834829579181927,0.0032615872265678,384,0.0823000284954057,0.0031259115109307,384,9.156864570605986e-06,9,0.0055555555555555,0.9888888888888888,kept,True
rep_040,"Less than $30,000 - $100,000 or more",385,673.0,833.0,0.0467532467532467,0.991470811638914,0.9607425184920512,1.0230246653087005,False,False,kept,0.0565221721177537,0.0696021188076135,0.1037068006003678,0.25,False,False,kept,single df,0.0625242765455782,0.0025591718574082,384,0.0630621454626836,0.002563134586728,384,6.26419367053651e-06,9,0.0055555555555555,0.9888888888888888,kept,True
rep_040,18-29 - 65+,380,462.0,781.5,0.0552631578947368,1.0050163498319404,0.9766497307934684,1.0341077454700447,False,False,kept,0.0662196552818754,0.0832190824900499,0.1137551578769301,0.25,False,False,kept,single df,0.0750941873795165,0.0033599032382318,379,0.0747193688859627,0.0033309784640319,379,1.08443722843036e-05,9,0.0055555555555555,0.9888888888888888,kept,True
rep_040,South - Northeast,385,1287.0,554.0,0.1454545454545454,1.004059094791874,0.9188612619183736,1.0888982482283105,False,False,kept,0.0203681887866181,0.025600565542354,0.1138246365844662,0.25,False,False,kept,single df,0.0230776729301289,0.0012913638090319,384,0.022984377164486,0.0010253318420491,384,1.0699365335771263e-06,9,0.0055555555555555,0.9888888888888888,kept,True
rep_041,Republican - Democrat,383,877.0,1237.0,0.0548302872062663,1.000354016747705,0.9849653925561512,1.0152787817362452,False,False,kept,0.101316575113117,0.1352634087968122,0.1434898807695391,0.25,False,False,kept,single df,0.1183318685932025,0.0067632001614709,382,0.1182899919549646,0.0066520213950462,382,4.475324012611356e-05,9,0.0055555555555555,0.9888888888888888,kept,True
rep_041,Female - Male,384,1858.5,1548.0,0.0651041666666666,0.9655234829991772,0.8851538924065208,1.0442887880412002,False,False,kept,0.0377833623397615,0.053654242926846,0.1735706063255838,0.25,False,False,kept,single df,0.0441425775570594,0.0033867570625844,383,0.0457188026333037,0.0031100039412661,383,9.588430990857415e-06,9,0.0055555555555555,0.9888888888888888,kept,True
rep_041,Black - White,385,341.0,2607.0,0.0701298701298701,1.004547527408738,0.9744547108229196,1.03417184634822,False,False,kept,0.065661662064632,0.083127565435944,0.1173868811923518,0.25,False,False,kept,single df,0.0747329252953799,0.0036004131189283,384,0.074394613750288,0.0034226027124533,384,1.196387265896247e-05,9,0.0055555555555555,0.9888888888888888,kept,True
rep_041,Hispanic - White,385,175.0,2607.0,0.1168831168831168,0.9699446326908324,0.9171111640396156,1.021859540627691,False,False,kept,0.0487392316228472,0.0610008204491476,0.1117330326967233,0.25,False,False,kept,single df,0.0532208872492219,0.0026628814828649,384,0.0548700260359974,0.0024027699159732,384,5.8095254015170765e-06,9,0.0055555555555555,0.9888888888888888,kept,True
rep_041,Asian - White,385,114.0,2607.0,0.1038961038961039,1.0023686061289765,0.9419934204677058,1.0630607370734255,False,False,kept,0.0533186238971322,0.0665580583923153,0.1104421163676844,0.25,False,False,kept,single df,0.0600803114669198,0.0029303548627798,384,0.0599383411447238,0.0025943876735852,384,6.660407832039698e-06,9,0.0055555555555555,0.9888888888888888,kept,True
rep_041,Less than high school - Postgraduate,385,144.0,692.0,0.0779220779220779,0.9918819526959444,0.946015623387083,1.0379812276660891,False,False,kept,0.0743241000888551,0.0902759569019563,0.0969128267919841,0.25,False,False,kept,single df,0.0816319129709549,0.0033991631563578,384,0.0823000284954057,0.0031259115109307,384,9.57196112690662e-06,9,0.0055555555555555,0.9888888888888888,kept,True
rep_041,"Less than $30,000 - $100,000 or more",385,673.0,833.0,0.0675324675324675,0.9949022884029888,0.9633000682466338,1.0266405750374497,False,False,kept,0.0565221721177537,0.0696021188076135,0.1037068006003678,0.25,False,False,kept,single df,0.0627406728324261,0.0026508737811012,384,0.0630621454626836,0.002563134586728,384,6.495058130405971e-06,9,0.0055555555555555,0.9888888888888888,kept,True
rep_041,18-29 - 65+,380,462.0,781.5,0.0631578947368421,0.9986268606644696,0.9680890414461962,1.0286251542502445,False,False,kept,0.0662196552818754,0.0832190824900499,0.1137551578769301,0.25,False,False,kept,single df,0.0746167687814193,0.0035066051667911,379,0.0747193688859627,0.0033309784640319,379,1.13084930546482e-05,9,0.0055555555555555,0.9888888888888888,kept,True
rep_041,South - Northeast,385,1287.0,554.0,0.1298701298701298,1.025941171441399,0.9425701782019724,1.109376563877281,False,False,kept,0.0203681887866181,0.025600565542354,0.1138246365844662,0.25,False,False,kept,single df,0.0235806188329837,0.0012877877789987,384,0.022984377164486,0.0010253318420491,384,1.0759985274036182e-06,9,0.0055555555555555,0.9888888888888888,kept,True
rep_042,Republican - Democrat,383,877.0,1237.0,0.052219321148825,0.9992343704223312,0.985074134750616,1.0133503688794288,False,False,kept,0.101316575113117,0.1352634087968122,0.1434898807695391,0.25,False,False,kept,single df,0.1181994256383816,0.0066854647112757,382,0.1182899919549646,0.0066520213950462,382,4.426206725024106e-05,9,0.0055555555555555,0.9888888888888888,kept,True
rep_042,Female - Male,384,1858.5,1548.0,0.0755208333333333,1.0305826247039689,0.9479440985406816,1.114463715482332,False,False,kept,0.0377833623397615,0.053654242926846,0.1735706063255838,0.25,False,False,kept,single df,0.0471170036161529,0.0034687790302967,383,0.0457188026333037,0.0031100039412661,383,9.774471353564873e-06,9,0.0055555555555555,0.9888888888888888,kept,True
rep_042,Black - White,385,341.0,2607.0,0.0519480519480519,1.003894057764507,0.9716239819839606,1.0361706298430546,False,False,kept,0.065661662064632,0.083127565435944,0.1173868811923518,0.25,False,False,kept,single df,0.0746843106735998,0.0035599710761877,384,0.074394613750288,0.0034226027124533,384,1.175710190872214e-05,9,0.0055555555555555,0.9888888888888888,kept,True
rep_042,Hispanic - White,385,175.0,2607.0,0.1324675324675324,0.9780829763430386,0.9223857584118272,1.0321971341149665,False,False,kept,0.0487392316228472,0.0610008204491476,0.1117330326967233,0.25,False,False,kept,single df,0.0536674383773084,0.0027579921900477,384,0.0548700260359974,0.0024027699159732,384,6.008239964667188e-06,9,0.0055555555555555,0.9888888888888888,kept,True
rep_042,Asian - White,385,114.0,2607.0,0.1194805194805194,1.0160739181629974,0.9564994649918312,1.0754555585234022,False,False,kept,0.0533186238971322,0.0665580583923153,0.1104421163676844,0.25,False,False,kept,single df,0.0609017851351099,0.0029973479676992,384,0.0599383411447238,0.0025943876735852,384,6.891588928155215e-06,9,0.0055555555555555,0.9888888888888888,kept,True
rep_042,Less than high school - Postgraduate,385,144.0,692.0,0.0779220779220779,0.9972680238491752,0.9547841167522704,1.039354732887082,False,False,kept,0.0743241000888551,0.0902759569019563,0.0969128267919841,0.25,False,False,kept,single df,0.0820751867803441,0.0034596204141934,384,0.0823000284954057,0.0031259115109307,384,9.949305085452612e-06,9,0.0055555555555555,0.9888888888888888,kept,True
rep_042,"Less than $30,000 - $100,000 or more",385,673.0,833.0,0.0441558441558441,1.00250268310787,0.9708007775764864,1.0348868079693294,False,False,kept,0.0565221721177537,0.0696021188076135,0.1037068006003678,0.25,False,False,kept,single df,0.0632199700288791,0.0026095353192944,384,0.0630621454626836,0.002563134586728,384,6.379977807772359e-06,9,0.0055555555555555,0.9888888888888888,kept,True
rep_042,18-29 - 65+,380,462.0,781.5,0.0526315789473684,1.0021715250755896,0.9709683193338275,1.0336622855504485,False,False,kept,0.0662196552818754,0.0832190824900499,0.1137551578769301,0.25,False,False,kept,single df,0.0748816238691307,0.0034251109050201,379,0.0747193688859627,0.0033309784640319,379,1.099782695861938e-05,9,0.0055555555555555,0.9888888888888888,kept,True
rep_042,South - Northeast,385,1287.0,554.0,0.1454545454545454,1.006509729510405,0.9233522137065932,1.0892153075100943,False,False,kept,0.0203681887866181,0.025600565542354,0.1138246365844662,0.25,False,False,kept,single df,0.023133999242792,0.0012854238867651,384,0.022984377164486,0.0010253318420491,384,1.0762475554230112e-06,9,0.0055555555555555,0.9888888888888888,kept,True
rep_043,Republican - Democrat,383,877.0,1237.0,0.0391644908616188,1.0100597003283651,0.995491673003999,1.0251769829508972,False,False,kept,0.101316575113117,0.1352634087968122,0.1434898807695391,0.25,False,False,kept,single df,0.1194799538258762,0.006666329055871,382,0.1182899919549646,0.0066520213950462,382,4.4116463045020766e-05,9,0.0055555555555555,0.9888888888888888,kept,True
rep_043,Female - Male,384,1858.5,1548.0,0.0755208333333333,0.9747214452838944,0.8955650420909474,1.05275364486957,False,False,kept,0.0377833623397615,0.053654242926846,0.1735706063255838,0.25,False,False,kept,single df,0.0445630973793829,0.0033843462430898,383,0.0457188026333037,0.0031100039412661,383,9.602651939695502e-06,9,0.0055555555555555,0.9888888888888888,kept,True
rep_043,Black - White,385,341.0,2607.0,0.0545454545454545,1.0177406298477505,0.9877537301209566,1.0481805327225076,False,False,kept,0.065661662064632,0.083127565435944,0.1173868811923518,0.25,False,False,kept,single df,0.0757144210554982,0.0035372704775314,384,0.074394613750288,0.0034226027124533,384,1.173212937705046e-05,9,0.0055555555555555,0.9888888888888888,kept,True
rep_043,Hispanic - White,385,175.0,2607.0,0.122077922077922,1.0179830085960748,0.9613737063023164,1.074751751198233,False,False,kept,0.0487392316228472,0.0610008204491476,0.1117330326967233,0.25,False,False,kept,single df,0.0558567541858696,0.0027159295464857,384,0.0548700260359974,0.0024027699159732,384,5.840718599129176e-06,9,0.0055555555555555,0.9888888888888888,kept,True
rep_043,Asian - White,385,114.0,2607.0,0.1246753246753246,0.9847250545367026,0.9227982923036652,1.047198577181132,False,False,kept,0.0533186238971322,0.0665580583923153,0.1104421163676844,0.25,False,False,kept,single df,0.0590227862525776,0.002888278770457,384,0.0599383411447238,0.0025943876735852,384,6.479016493317449e-06,9,0.0055555555555555,0.9888888888888888,kept,True
rep_043,Less than high school - Postgraduate,385,144.0,692.0,0.0779220779220779,1.0203081095803628,0.973383191526312,1.067445751403378,False,False,kept,0.0743241000888551,0.0902759569019563,0.0969128267919841,0.25,False,False,kept,single df,0.0839713864925574,0.0034968797991316,384,0.0823000284954057,0.0031259115109307,384,9.86014268184676e-06,9,0.0055555555555555,0.9888888888888888,kept,True
rep_043,"Less than $30,000 - $100,000 or more",385,673.0,833.0,0.0831168831168831,0.9811626869309904,0.9490131408397922,1.0131061344212475,False,False,kept,0.0565221721177537,0.0696021188076135,0.1037068006003678,0.25,False,False,kept,single df,0.0618742240857996,0.0026584283676133,384,0.0630621454626836,0.002563134586728,384,6.50817395166917e-06,9,0.0055555555555555,0.9888888888888888,kept,True
rep_043,18-29 - 65+,380,462.0,781.5,0.0684210526315789,0.985611118358542,0.9532811822205336,1.0180817706396998,False,False,kept,0.0662196552818754,0.0832190824900499,0.1137551578769301,0.25,False,False,kept,single df,0.0736442407307381,0.0033984554192176,379,0.0747193688859627,0.0033309784640319,379,1.087622002298304e-05,9,0.0055555555555555,0.9888888888888888,kept,True
rep_043,South - Northeast,385,1287.0,554.0,0.1246753246753246,1.0137016389191134,0.9331870619439818,1.0954056944557804,False,False,kept,0.0203681887866181,0.025600565542354,0.1138246365844662,0.25,False,False,kept,single df,0.0232993008011745,0.001229071680991,384,0.022984377164486,0.0010253318420491,384,1.0180757290540038e-06,9,0.0055555555555555,0.9888888888888888,kept,True
rep_044,Republican - Democrat,383,877.0,1237.0,0.04177545691906,0.9930068600441818,0.9782968183085105,1.007444983299247,False,False,kept,0.101316575113117,0.1352634087968122,0.1434898807695391,0.25,False,False,kept,single df,0.1174627734858509,0.0066819213118656,382,0.1182899919549646,0.0066520213950462,382,4.4226125812950064e-05,9,0.0055555555555555,0.9888888888888888,kept,True
rep_044,Female - Male,384,1858.5,1548.0,0.0911458333333333,0.9885606485454989,0.9493587838688295,1.0270745840363098,False,False,kept,0.0377833623397615,0.053654242926846,0.1735706063255838,0.25,False,False,kept,single df,0.0451958091819024,0.0031833911043867,383,0.0457188026333037,0.0031100039412661,383,9.668583844610233e-06,9,0.0055555555555555,0.9888888888888888,kept,True
rep_044,Black - White,385,341.0,2607.0,0.0571428571428571,1.0009328303804994,0.9685603900640865,1.0331634035886426,False,False,kept,0.065661662064632,0.083127565435944,0.1173868811923518,0.25,False,False,kept,single df,0.0744640113061398,0.0035678971931199,384,0.074394613750288,0.0034226027124533,384,1.1784606914109754e-05,9,0.0055555555555555,0.9888888888888888,kept,True
rep_044,Hispanic - White,385,175.0,2607.0,0.1116883116883116,1.016146224378552,0.956931361561036,1.0751075695510235,False,False,kept,0.0487392316228472,0.0610008204491476,0.1117330326967233,0.25,False,False,kept,single df,0.0557559697880316,0.002770073757277,384,0.0548700260359974,0.0024027699159732,384,5.9244076354507006e-06,9,0.0055555555555555,0.9888888888888888,kept,True
rep_044,Asian - White,385,114.0,2607.0,0.1142857142857142,1.0185651505391573,0.9454010721942752,1.0912967707442816,False,False,kept,0.0533186238971322,0.0665580583923153,0.1104421163676844,0.25,False,False,kept,single df,0.0610511054711429,0.0031817946221879,384,0.0599383411447238,0.0025943876735852,384,6.973671504277628e-06,9,0.0055555555555555,0.9888888888888888,kept,True
rep_044,Less than high school - Postgraduate,385,144.0,692.0,0.0753246753246753,1.0230648968916087,0.9781167561250074,1.0690064834753532,False,False,kept,0.0743241000888551,0.0902759569019563,0.0969128267919841,0.25,False,False,kept,single df,0.0841982701668287,0.0033627360476154,384,0.0823000284954057,0.0031259115109307,384,9.484771764890206e-06,9,0.0055555555555555,0.9888888888888888,kept,True
rep_044,"Less than $30,000 - $100,000 or more",385,673.0,833.0,0.0675324675324675,0.9981722931800266,0.9667663942605574,1.029358415441839,False,False,kept,0.0565221721177537,0.0696021188076135,0.1037068006003678,0.25,False,False,kept,single df,0.0629468863493393,0.002696306496489,384,0.0630621454626836,0.002563134586728,384,6.624053893385555e-06,9,0.0055555555555555,0.9888888888888888,kept,True
rep_044,18-29 - 65+,380,462.0,781.5,0.0605263157894736,0.9989202503874552,0.9685580799824548,1.0294998524624934,False,False,kept,0.0662196552818754,0.0832190824900499,0.1137551578769301,0.25,False,False,kept,single df,0.0746386906763584,0.0034166420644307,379,0.0747193688859627,0.0033309784640319,379,1.0991426687540532e-05,9,0.0055555555555555,0.9888888888888888,kept,True
rep_044,South - Northeast,385,1287.0,554.0,0.174025974025974,1.0116102296792744,0.9246399731945132,1.0989038903564732,False,False,kept,0.0203681887866181,0.025600565542354,0.1138246365844662,0.25,False,False,kept,single df,0.0232512310624008,0.0012875230694522,384,0.022984377164486,0.0010253318420491,384,1.050560128753588e-06,9,0.0055555555555555,0.9888888888888888,kept,True
rep_045,Republican - Democrat,383,877.0,1237.0,0.04177545691906,0.9917937836575984,0.9779827057436692,1.0052626023590712,False,False,kept,0.101316575113117,0.1352634087968122,0.1434898807695391,0.25,False,False,kept,single df,0.1173192786898412,0.0066807323069471,382,0.1182899919549646,0.0066520213950462,382,4.424647770062692e-05,9,0.0055555555555555,0.9888888888888888,kept,True
rep_045,Female - Male,384,1858.5,1548.0,0.0677083333333333,1.0074304143150818,0.968235904594684,1.047150672811502,False,False,kept,0.0377833623397615,0.053654242926846,0.1735706063255838,0.25,False,False,kept,single df,0.0460585122788586,0.0031837441862089,383,0.0457188026333037,0.0031100039412661,383,9.662139752095486e-06,9,0.0055555555555555,0.9888888888888888,kept,True
rep_045,Black - White,385,341.0,2607.0,0.0519480519480519,1.0189006812723982,0.9844679713298214,1.0538634629902417,False,False,kept,0.065661662064632,0.083127565435944,0.1173868811923518,0.25,False,False,kept,single df,0.0758007226331654,0.0035661898192838,384,0.074394613750288,0.0034226027124533,384,1.1713411551915756e-05,9,0.0055555555555555,0.9888888888888888,kept,True
rep_045,Hispanic - White,385,175.0,2607.0,0.135064935064935,1.0011921990547292,0.9451424816176224,1.056445965312835,False,False,kept,0.0487392316228472,0.0610008204491476,0.1117330326967233,0.25,False,False,kept,single df,0.0549354420291705,0.0027505084464711,384,0.0548700260359974,0.0024027699159732,384,5.961930853835756e-06,9,0.0055555555555555,0.9888888888888888,kept,True
rep_045,Asian - White,385,114.0,2607.0,0.1012987012987013,1.0327552230079364,0.9655046528239564,1.1013947372319628,False,False,kept,0.0533186238971322,0.0665580583923153,0.1104421163676844,0.25,False,False,kept,single df,0.061901634875645,0.0029855118434589,384,0.0599383411447238,0.0025943876735852,384,6.57276611369057e-06,9,0.0055555555555555,0.9888888888888888,kept,True
rep_045,Less than high school - Postgraduate,385,144.0,692.0,0.0701298701298701,0.97598472641852,0.931250856219728,1.0202815493702144,False,False,kept,0.0743241000888551,0.0902759569019563,0.0969128267919841,0.25,False,False,kept,single df,0.0803235707953249,0.0034335781173387,384,0.0823000284954057,0.0031259115109307,384,9.761873520794364e-06,9,0.0055555555555555,0.9888888888888888,kept,True
rep_045,"Less than $30,000 - $100,000 or more",385,673.0,833.0,0.0597402597402597,0.99793469612219,0.966637190357552,1.0291816893293768,False,False,kept,0.0565221721177537,0.0696021188076135,0.1037068006003678,0.25,False,False,kept,single df,0.0629319029691165,0.0026765574318135,384,0.0630621454626836,0.002563134586728,384,6.571352219112986e-06,9,0.0055555555555555,0.9888888888888888,kept,True
rep_045,18-29 - 65+,380,462.0,781.5,0.0684210526315789,1.0067729120784132,0.9750715868550426,1.0392252501190882,False,False,kept,0.0662196552818754,0.0832190824900499,0.1137551578769301,0.25,False,False,kept,single df,0.0752254366019818,0.0033877729296705,379,0.0747193688859627,0.0033309784640319,379,1.0852759694678374e-05,9,0.0055555555555555,0.9888888888888888,kept,True
rep_045,South - Northeast,385,1287.0,554.0,0.1558441558441558,0.9836030946752145,0.8960776347729482,1.069770147040294,False,False,kept,0.0203681887866181,0.025600565542354,0.1138246365844662,0.25,False,False,kept,single df,0.0226075045081708,0.0013145988489936,384,0.022984377164486,0.0010253318420491,384,1.0884664828560987e-06,9,0.0055555555555555,0.9888888888888888,kept,True
rep_046,Republican - Democrat,383,877.0,1237.0,0.0496083550913838,0.9841832335726242,0.9678529920227894,0.9996879009685912,False,False,kept,0.101316575113117,0.1352634087968122,0.1434898807695391,0.25,False,False,kept,single df,0.1164190267815167,0.0067159436885097,382,0.1182899919549646,0.0066520213950462,382,4.441837807486722e-05,9,0.0055555555555555,0.9888888888888888,kept,True
rep_046,Female - Male,384,1858.5,1548.0,0.0729166666666666,0.982701907084786,0.9522154566050164,1.0122802293379882,False,False,kept,0.0377833623397615,0.053654242926846,0.1735706063255838,0.25,False,False,kept,single df,0.0449279545373805,0.0031462766504927,383,0.0457188026333037,0.0031100039412661,383,9.64619966552799e-06,9,0.0055555555555555,0.9888888888888888,kept,True
rep_046,Black - White,385,341.0,2607.0,0.0649350649350649,1.0048194937168229,0.9726173238508504,1.036991774197591,False,False,kept,0.065661662064632,0.083127565435944,0.1173868811923518,0.25,False,False,kept,single df,0.074753158123823,0.0035666741203488,384,0.074394613750288,0.0034226027124533,384,1.1783195415678877e-05,9,0.0055555555555555,0.9888888888888888,kept,True
rep_046,Hispanic - White,385,175.0,2607.0,0.1194805194805194,1.0055107306938411,0.9501738065894092,1.0607174712526717,False,False,kept,0.0487392316228472,0.0610008204491476,0.1117330326967233,0.25,False,False,kept,single df,0.0551723999726458,0.0027003722418545,384,0.0548700260359974,0.0024027699159732,384,5.834844035887389e-06,9,0.0055555555555555,0.9888888888888888,kept,True
rep_046,Asian - White,385,114.0,2607.0,0.0935064935064935,0.9885311668290204,0.9273903493579078,1.0510158079033691,False,False,kept,0.0533186238971322,0.0665580583923153,0.1104421163676844,0.25,False,False,kept,single df,0.0592509183095897,0.0028170351578381,384,0.0599383411447238,0.0025943876735852,384,6.287398152621672e-06,9,0.0055555555555555,0.9888888888888888,kept,True
rep_046,Less than high school - Postgraduate,385,144.0,692.0,0.0857142857142857,0.9970891586382444,0.9517607774059073,1.0424295129548615,False,False,kept,0.0743241000888551,0.0902759569019563,0.0969128267919841,0.25,False,False,kept,single df,0.0820604661683876,0.003438069615119,384,0.0823000284954057,0.0031259115109307,384,9.7367102380133e-06,9,0.0055555555555555,0.9888888888888888,kept,True
rep_046,"Less than $30,000 - $100,000 or more",385,673.0,833.0,0.0545454545454545,0.9928158204640642,0.9618815265198252,1.0233759923536758,False,False,kept,0.0565221721177537,0.0696021188076135,0.1037068006003678,0.25,False,False,kept,single df,0.0626090956877584,0.0026965352824428,384,0.0630621454626836,0.002563134586728,384,6.635496963138533e-06,9,0.0055555555555555,0.9888888888888888,kept,True
rep_046,18-29 - 65+,380,462.0,781.5,0.0631578947368421,1.0095612266441432,0.9808325468191208,1.03848052110522,False,False,kept,0.0662196552818754,0.0832190824900499,0.1137551578769301,0.25,False,False,kept,single df,0.0754337777065887,0.0034422211775947,379,0.0747193688859627,0.0033309784640319,379,1.1120840927235097e-05,9,0.0055555555555555,0.9888888888888888,kept,True
rep_046,South - Northeast,385,1287.0,554.0,0.1506493506493506,0.9746121274555136,0.8919478107489568,1.0570560762771493,False,False,kept,0.0203681887866181,0.025600565542354,0.1138246365844662,0.25,False,False,kept,single df,0.0224008527265196,0.0012496597163034,384,0.022984377164486,0.0010253318420491,384,1.0334399066270998e-06,9,0.0055555555555555,0.9888888888888888,kept,True
rep_047,Republican - Democrat,383,877.0,1237.0,0.0443864229765013,0.9938599895473555,0.9793789497095448,1.0079826013567326,False,False,kept,0.101316575113117,0.1352634087968122,0.1434898807695391,0.25,False,False,kept,single df,0.1175636901679179,0.0066998480811628,382,0.1182899919549646,0.0066520213950462,382,4.435492284324527e-05,9,0.0055555555555555,0.9888888888888888,kept,True
rep_047,Female - Male,384,1858.5,1548.0,0.0598958333333333,1.0061684116318246,0.92568894393728,1.0863860761320958,False,False,kept,0.0377833623397615,0.053654242926846,0.1735706063255838,0.25,False,False,kept,single df,0.0460008150272601,0.0034473235032576,383,0.0457188026333037,0.0031100039412661,383,9.772545715809817e-06,9,0.0055555555555555,0.9888888888888888,kept,True
rep_047,Black - White,385,341.0,2607.0,0.0467532467532467,1.0070451412732948,0.9769869581638142,1.037391620427064,False,False,kept,0.065661662064632,0.083127565435944,0.1173868811923518,0.25,False,False,kept,single df,0.074918734314131,0.0035215320250404,384,0.074394613750288,0.0034226027124533,384,1.1675884851054782e-05,9,0.0055555555555555,0.9888888888888888,kept,True
rep_047,Hispanic - White,385,175.0,2607.0,0.1012987012987013,1.0275863790568565,0.9734358907536708,1.0823723691650526,False,False,kept,0.0487392316228472,0.0610008204491476,0.1117330326967233,0.25,False,False,kept,single df,0.056383691373086,0.0026744736693727,384,0.0548700260359974,0.0024027699159732,384,5.787459582204678e-06,9,0.0055555555555555,0.9888888888888888,kept,True
rep_047,Asian - White,385,114.0,2607.0,0.1142857142857142,0.984579796545453,0.9239405373327114,1.0449378641394782,False,False,kept,0.0533186238971322,0.0665580583923153,0.1104421163676844,0.25,False,False,kept,single df,0.0590140797295441,0.0029446315162969,384,0.0599383411447238,0.0025943876735852,384,6.703694127270272e-06,9,0.0055555555555555,0.9888888888888888,kept,True
rep_047,Less than high school - Postgraduate,385,144.0,692.0,0.0753246753246753,0.9785075227640648,0.9337673746459044,1.0231008817995637,False,False,kept,0.0743241000888551,0.0902759569019563,0.0969128267919841,0.25,False,False,kept,single df,0.0805311970064514,0.0034000033172753,384,0.0823000284954057,0.0031259115109307,384,9.636953689398953e-06,9,0.0055555555555555,0.9888888888888888,kept,True
rep_047,"Less than $30,000 - $100,000 or more",385,673.0,833.0,0.0727272727272727,1.0003719368454171,0.9670944498136226,1.0336367865540563,False,False,kept,0.0565221721177537,0.0696021188076135,0.1037068006003678,0.25,False,False,kept,single df,0.0630856005981323,0.0026927860863642,384,0.0630621454626836,0.002563134586728,384,6.57592059550777e-06,9,0.0055555555555555,0.9888888888888888,kept,True
rep_047,18-29 - 65+,380,462.0,781.5,0.0605263157894736,0.9923048726596247,0.9623069022286924,1.0223447791118772,False,False,kept,0.0662196552818754,0.0832190824900499,0.1137551578769301,0.25,False,False,kept,single df,0.0741443938275927,0.0034136142019251,379,0.0747193688859627,0.0033309784640319,379,1.0992290809443017e-05,9,0.0055555555555555,0.9888888888888888,kept,True
rep_047,South - Northeast,385,1287.0,554.0,0.1246753246753246,0.990265687964002,0.9062348287680656,1.0731656245961465,False,False,kept,0.0203681887866181,0.025600565542354,0.1138246365844662,0.25,False,False,kept,single df,0.0227606400652138,0.0012955972772778,384,0.022984377164486,0.0010253318420491,384,1.0863609622552135e-06,9,0.0055555555555555,0.9888888888888888,kept,True
rep_048,Republican - Democrat,383,877.0,1237.0,0.0365535248041775,1.002529286581716,0.987459636754624,1.0176646328472028,False,False,kept,0.101316575113117,0.1352634087968122,0.1434898807695391,0.25,False,False,kept,single df,0.1185891812443676,0.006694398372531,382,0.1182899919549646,0.0066520213950462,382,4.429216611398436e-05,9,0.0055555555555555,0.9888888888888888,kept,True
rep_048,Female - Male,384,1858.5,1548.0,0.0911458333333333,0.9570522040211972,0.8775563175239359,1.0334667475545725,False,False,kept,0.0377833623397615,0.053654242926846,0.1735706063255838,0.25,False,False,kept,single df,0.0437552808254134,0.0034159794038951,383,0.0457188026333037,0.0031100039412661,383,9.736455502097064e-06,9,0.0055555555555555,0.9888888888888888,kept,True
rep_048,Black - White,385,341.0,2607.0,0.0727272727272727,0.9816423698939116,0.947219996494704,1.0155304314790707,False,False,kept,0.065661662064632,0.083127565435944,0.1173868811923518,0.25,False,False,kept,single df,0.0730289049491749,0.003564519431752,384,0.074394613750288,0.0034226027124533,384,1.1723145927759147e-05,9,0.0055555555555555,0.9888888888888888,kept,True
rep_048,Hispanic - White,385,175.0,2607.0,0.1272727272727272,1.0280410806550258,0.9720282777228856,1.0836149044576475,False,False,kept,0.0487392316228472,0.0610008204491476,0.1117330326967233,0.25,False,False,kept,single df,0.0564086408616162,0.002780155677083,384,0.0548700260359974,0.0024027699159732,384,6.035427863059947e-06,9,0.0055555555555555,0.9888888888888888,kept,True
rep_048,Asian - White,385,114.0,2607.0,0.1116883116883116,1.002011368519237,0.937712579861938,1.067303139915755,False,False,kept,0.0533186238971322,0.0665580583923153,0.1104421163676844,0.25,False,False,kept,single df,0.0600588992371975,0.002916160711139,384,0.0599383411447238,0.0025943876735852,384,6.473751746806756e-06,9,0.0055555555555555,0.9888888888888888,kept,True
rep_048,Less than high school - Postgraduate,385,144.0,692.0,0.0883116883116883,0.9995262127248592,0.9498862308725878,1.0492067712793969,False,False,kept,0.0743241000888551,0.0902759569019563,0.0969128267919841,0.25,False,False,kept,single df,0.0822610357891608,0.0035016978257507,384,0.0823000284954057,0.0031259115109307,384,9.74578395134446e-06,9,0.0055555555555555,0.9888888888888888,kept,True
rep_048,"Less than $30,000 - $100,000 or more",385,673.0,833.0,0.0649350649350649,1.0090678120551204,0.9763374692401432,1.0421235758974523,False,False,kept,0.0565221721177537,0.0696021188076135,0.1037068006003678,0.25,False,False,kept,single df,0.0636339811455319,0.0026729563396665,384,0.0630621454626836,0.002563134586728,384,6.530910002738781e-06,9,0.0055555555555555,0.9888888888888888,kept,True
rep_048,18-29 - 65+,380,462.0,781.5,0.0631578947368421,1.0051529895130351,0.9752038881205548,1.035421043529793,False,False,kept,0.0662196552818754,0.0832190824900499,0.1137551578769301,0.25,False,False,kept,single df,0.0751043970102526,0.0034213938720487,379,0.0747193688859627,0.0033309784640319,379,1.1017620904672176e-05,9,0.0055555555555555,0.9888888888888888,kept,True
rep_048,South - Northeast,385,1287.0,554.0,0.1376623376623376,0.9968208282443584,0.9166456232558446,1.0768413414982534,False,False,kept,0.0203681887866181,0.025600565542354,0.1138246365844662,0.25,False,False,kept,single df,0.0229113058817837,0.0012533272671267,384,0.022984377164486,0.0010253318420491,384,1.0541579438803495e-06,9,0.0055555555555555,0.9888888888888888,kept,True
rep_049,Republican - Democrat,383,877.0,1237.0,0.0391644908616188,1.0021103832868974,0.9880008818980544,1.0163669393131896,False,False,kept,0.101316575113117,0.1352634087968122,0.1434898807695391,0.25,False,False,kept,single df,0.1185396291769936,0.0066745464073001,382,0.1182899919549646,0.0066520213950462,382,4.4188004841002624e-05,9,0.0055555555555555,0.9888888888888888,kept,True
rep_049,Female - Male,384,1858.5,1548.0,0.078125,0.998640886008364,0.9608233653478708,1.0356988905304712,False,False,kept,0.0377833623397615,0.053654242926846,0.1735706063255838,0.25,False,False,kept,single df,0.045656665568964,0.0032122265461073,383,0.0457188026333037,0.0031100039412661,383,9.777226369560656e-06,9,0.0055555555555555,0.9888888888888888,kept,True
rep_049,Black - White,385,341.0,2607.0,0.0519480519480519,0.991004210917537,0.9574404894352364,1.024012826268069,False,False,kept,0.065661662064632,0.083127565435944,0.1173868811923518,0.25,False,False,kept,single df,0.0737253754961191,0.003590885688664,384,0.074394613750288,0.0034226027124533,384,1.1841529401517454e-05,9,0.0055555555555555,0.9888888888888888,kept,True
rep_049,Hispanic - White,385,175.0,2607.0,0.1038961038961039,1.024049486927475,0.9663913670526744,1.082094487745442,False,False,kept,0.0487392316228472,0.0610008204491476,0.1117330326967233,0.25,False,False,kept,single df,0.0561896220098603,0.0027206216973057,384,0.0548700260359974,0.0024027699159732,384,5.823809233628344e-06,9,0.0055555555555555,0.9888888888888888,kept,True
rep_049,Asian - White,385,114.0,2607.0,0.0987012987012987,1.0124817616052029,0.9451051072446588,1.0800794648422063,False,False,kept,0.0533186238971322,0.0665580583923153,0.1104421163676844,0.25,False,False,kept,single df,0.0606864772299035,0.0030431159343768,384,0.0599383411447238,0.0025943876735852,384,6.754614158501042e-06,9,0.0055555555555555,0.9888888888888888,kept,True
rep_049,Less than high school - Postgraduate,385,144.0,692.0,0.0649350649350649,1.0325420044829414,0.993271321490942,1.0732916562348176,False,False,kept,0.0743241000888551,0.0902759569019563,0.0969128267919841,0.25,False,False,kept,single df,0.0849782363916494,0.0032392956007272,384,0.0823000284954057,0.0031259115109307,384,9.32718423680149e-06,9,0.0055555555555555,0.9888888888888888,kept,True
rep_049,"Less than $30,000 - $100,000 or more",385,673.0,833.0,0.0519480519480519,1.0221100778692045,0.9900505462479297,1.0546922898484852,False,False,kept,0.0565221721177537,0.0696021188076135,0.1037068006003678,0.25,False,False,kept,single df,0.0644564544094627,0.0026780145539407,384,0.0630621454626836,0.002563134586728,384,6.556994136833601e-06,9,0.0055555555555555,0.9888888888888888,kept,True
rep_049,18-29 - 65+,380,462.0,781.5,0.0368421052631578,1.035144409094826,1.003522992337187,1.0679410746797908,False,False,kept,0.0662196552818754,0.0832190824900499,0.1137551578769301,0.25,False,False,kept,single df,0.0773453369533981,0.003425946368278,379,0.0747193688859627,0.0033309784640319,379,1.0988029332546407e-05,9,0.0055555555555555,0.9888888888888888,kept,True
rep_049,South - Northeast,385,1287.0,554.0,0.1272727272727272,1.0409361908985275,0.9578846319311662,1.126325089426111,False,False,kept,0.0203681887866181,0.025600565542354,0.1138246365844662,0.25,False,False,kept,single df,0.0239252700157752,0.0012297416672034,384,0.022984377164486,0.0010253318420491,384,1.0007399272936065e-06,9,0.0055555555555555,0.9888888888888888,kept,True
rep_050,Republican - Democrat,383,877.0,1237.0,0.052219321148825,1.0015005480143069,0.9872506829664446,1.0155212006997345,False,False,kept,0.101316575113117,0.1352634087968122,0.1434898807695391,0.25,False,False,kept,single df,0.1184674917675049,0.0067294886177476,382,0.1182899919549646,0.0066520213950462,382,4.455702045743722e-05,9,0.0055555555555555,0.9888888888888888,kept,True
rep_050,Female - Male,384,1858.5,1548.0,0.0833333333333333,1.0094030549260675,0.9791419886969172,1.0402625630705635,False,False,kept,0.0377833623397615,0.053654242926846,0.1735706063255838,0.25,False,False,kept,single df,0.0461486990456187,0.0031555598288051,383,0.0457188026333037,0.0031100039412661,383,9.669901944879205e-06,9,0.0055555555555555,0.9888888888888888,kept,True
rep_050,Black - White,385,341.0,2607.0,0.0519480519480519,1.0130273265173753,0.9829127156904288,1.043419637121264,False,False,kept,0.065661662064632,0.083127565435944,0.1173868811923518,0.25,False,False,kept,single df,0.075363776674747,0.0035430063499992,384,0.074394613750288,0.0034226027124533,384,1.17504033410081e-05,9,0.0055555555555555,0.9888888888888888,kept,True
rep_050,Hispanic - White,385,175.0,2607.0,0.0961038961038961,0.9930809664225652,0.9398833173571932,1.0471414589658992,False,False,kept,0.0487392316228472,0.0610008204491476,0.1117330326967233,0.25,False,False,kept,single df,0.0544903784834596,0.002572103985056,384,0.0548700260359974,0.0024027699159732,384,5.536338982546431e-06,9,0.0055555555555555,0.9888888888888888,kept,True
rep_050,Asian - White,385,114.0,2607.0,0.1194805194805194,0.9912571140164482,0.9243216184653016,1.056089796139048,False,False,kept,0.0533186238971322,0.0665580583923153,0.1104421163676844,0.25,False,False,kept,single df,0.0594143070620522,0.0031804659772341,384,0.0599383411447238,0.0025943876735852,384,7.245114594568339e-06,9,0.0055555555555555,0.9888888888888888,kept,True
rep_050,Less than high school - Postgraduate,385,144.0,692.0,0.0727272727272727,0.967939312993403,0.9258716599183638,1.00984725386964,False,False,kept,0.0743241000888551,0.0902759569019563,0.0969128267919841,0.25,False,False,kept,single df,0.0796614330411805,0.0033363250824548,384,0.0823000284954057,0.0031259115109307,384,9.540347620472148e-06,9,0.0055555555555555,0.9888888888888888,kept,True
rep_050,"Less than $30,000 - $100,000 or more",385,673.0,833.0,0.0363636363636363,1.0027022910854642,0.9731262371763972,1.0325671962650895,False,False,kept,0.0565221721177537,0.0696021188076135,0.1037068006003678,0.25,False,False,kept,single df,0.0632325577361977,0.0026389280997498,384,0.0630621454626836,0.002563134586728,384,6.500139733547492e-06,9,0.0055555555555555,0.9888888888888888,kept,True
rep_050,18-29 - 65+,380,462.0,781.5,0.0552631578947368,1.0156289625331727,0.9850632527700144,1.0460216775647544,False,False,kept,0.0662196552818754,0.0832190824900499,0.1137551578769301,0.25,False,False,kept,single df,0.0758871551027837,0.0035185049110476,379,0.0747193688859627,0.0033309784640319,379,1.1342033579379268e-05,9,0.0055555555555555,0.9888888888888888,kept,True
rep_050,South - Northeast,385,1287.0,554.0,0.1558441558441558,0.9997160457714256,0.9054559240190716,1.0928910651140071,False,False,kept,0.0203681887866181,0.025600565542354,0.1138246365844662,0.25,False,False,kept,single df,0.022977850653399,0.0013568425111798,384,0.022984377164486,0.0010253318420491,384,1.094461244809221e-06,9,0.0055555555555555,0.9888888888888888,kept,True
rep_051,Republican - Democrat,383,877.0,1237.0,0.0339425587467362,1.004727717221466,0.9892097742209855,1.0207120247467192,False,False,kept,0.101316575113117,0.1352634087968122,0.1434898807695391,0.25,False,False,kept,single df,0.1188492335870571,0.0066486534108911,382,0.1182899919549646,0.0066520213950462,382,4.396776406132352e-05,9,0.0055555555555555,0.9888888888888888,kept,True
rep_051,Female - Male,384,1858.5,1548.0,0.0729166666666666,0.9720309315184618,0.888399347046583,1.0544347492179664,False,False,kept,0.0377833623397615,0.053654242926846,0.1735706063255838,0.25,False,False,kept,single df,0.0444400903115589,0.0034141057334883,383,0.0457188026333037,0.0031100039412661,383,9.592752473880684e-06,9,0.0055555555555555,0.9888888888888888,kept,True
rep_051,Black - White,385,341.0,2607.0,0.0363636363636363,1.0042197611043548,0.9739444376231344,1.0346270464029967,False,False,kept,0.065661662064632,0.083127565435944,0.1173868811923518,0.25,False,False,kept,single df,0.074708541247765,0.0035318542305262,384,0.074394613750288,0.0034226027124533,384,1.170832254044455e-05,9,0.0055555555555555,0.9888888888888888,kept,True
rep_051,Hispanic - White,385,175.0,2607.0,0.1142857142857142,0.9791402577290484,0.9206836974444456,1.0365982972291736,False,False,kept,0.0487392316228472,0.0610008204491476,0.1117330326967233,0.25,False,False,kept,single df,0.0537254514344861,0.002741407321849,384,0.0548700260359974,0.0024027699159732,384,5.880872331304762e-06,9,0.0055555555555555,0.9888888888888888,kept,True
rep_051,Asian - White,385,114.0,2607.0,0.1012987012987013,1.02040185389053,0.9504038018173054,1.0900822577111524,False,False,kept,0.0533186238971322,0.0665580583923153,0.1104421163676844,0.25,False,False,kept,single df,0.0611611944231992,0.0031374605815229,384,0.0599383411447238,0.0025943876735852,384,6.954743053084594e-06,9,0.0055555555555555,0.9888888888888888,kept,True
rep_051,Less than high school - Postgraduate,385,144.0,692.0,0.0883116883116883,0.9743848107162126,0.9304232277916896,1.0176105807657567,False,False,kept,0.0743241000888551,0.0902759569019563,0.0969128267919841,0.25,False,False,kept,single df,0.0801918976874348,0.0034604171200373,384,0.0823000284954057,0.0031259115109307,384,9.900195037859071e-06,9,0.0055555555555555,0.9888888888888888,kept,True
rep_051,"Less than $30,000 - $100,000 or more",385,673.0,833.0,0.0467532467532467,1.005495560171235,0.9727563408781424,1.0382026614479496,False,False,kept,0.0565221721177537,0.0696021188076135,0.1037068006003678,0.25,False,False,kept,single df,0.063408707277601,0.0027034490749895,384,0.0630621454626836,0.002563134586728,384,6.615466867777882e-06,9,0.0055555555555555,0.9888888888888888,kept,True
rep_051,18-29 - 65+,380,462.0,781.5,0.0763157894736842,0.9950994009332268,0.9644695458913708,1.0261281238413236,False,False,kept,0.0662196552818754,0.0832190824900499,0.1137551578769301,0.25,False,False,kept,single df,0.0743531992165302,0.0033845794657712,379,0.0747193688859627,0.0033309784640319,379,1.0872254405947538e-05,9,0.0055555555555555,0.9888888888888888,kept,True
rep_051,South - Northeast,385,1287.0,554.0,0.161038961038961,0.9712955168567003,0.8812595807375053,1.05901391123598,False,False,kept,0.0203681887866181,0.025600565542354,0.1138246365844662,0.25,False,False,kept,single df,0.0223246224976088,0.0013433778011282,384,0.022984377164486,0.0010253318420491,384,1.1139372753304488e-06,9,0.0055555555555555,0.9888888888888888,kept,True
rep_052,Republican - Democrat,383,877.0,1237.0,0.04177545691906,1.0004827787130028,0.9864434624865192,1.0145421229301363,False,False,kept,0.101316575113117,0.1352634087968122,0.1434898807695391,0.25,False,False,kept,single df,0.1183470998450417,0.0066832191387387,382,0.1182899919549646,0.0066520213950462,382,4.424967293742075e-05,9,0.0055555555555555,0.9888888888888888,kept,True
rep_052,Female - Male,384,1858.5,1548.0,0.0703125,0.9939958862538796,0.9630634033790292,1.024951342567234,False,False,kept,0.0377833623397615,0.053654242926846,0.1735706063255838,0.25,False,False,kept,single df,0.0454443017419569,0.0031380517601691,383,0.0457188026333037,0.0031100039412661,383,9.6104752955052e-06,9,0.0055555555555555,0.9888888888888888,kept,True
rep_052,Black - White,385,341.0,2607.0,0.0493506493506493,1.0004132046872023,0.970466061834868,1.0300519162851876,False,False,kept,0.065661662064632,0.083127565435944,0.1173868811923518,0.25,False,False,kept,single df,0.0744253539533922,0.0035674555470326,384,0.074394613750288,0.0034226027124533,384,1.1848343041943864e-05,9,0.0055555555555555,0.9888888888888888,kept,True
rep_052,Hispanic - White,385,175.0,2607.0,0.0883116883116883,1.057990108214916,1.005726248177314,1.1113561848812616,False,False,kept,0.0487392316228472,0.0610008204491476,0.1117330326967233,0.25,False,False,kept,single df,0.0580519447835802,0.0026839298164404,384,0.0548700260359974,0.0024027699159732,384,5.856421530149756e-06,9,0.0055555555555555,0.9888888888888888,kept,True
rep_052,Asian - White,385,114.0,2607.0,0.1142857142857142,1.003862159710793,0.9346241465462622,1.0745721603245009,False,False,kept,0.0533186238971322,0.0665580583923153,0.1104421163676844,0.25,False,False,kept,single df,0.0601698325910247,0.0029404330576148,384,0.0599383411447238,0.0025943876735852,384,6.35565813167806e-06,9,0.0055555555555555,0.9888888888888888,kept,True
rep_052,Less than high school - Postgraduate,385,144.0,692.0,0.0701298701298701,1.034312752037479,0.988252394697661,1.0818802820345557,False,False,kept,0.0743241000888551,0.0902759569019563,0.0969128267919841,0.25,False,False,kept,single df,0.085123968965846,0.0033323901841102,384,0.0823000284954057,0.0031259115109307,384,9.329953231148817e-06,9,0.0055555555555555,0.9888888888888888,kept,True
rep_052,"Less than $30,000 - $100,000 or more",385,673.0,833.0,0.0519480519480519,1.010188862418412,0.9784400766254177,1.0417346178314946,False,False,kept,0.0565221721177537,0.0696021188076135,0.1037068006003678,0.25,False,False,kept,single df,0.0637046769866128,0.0027264176047362,384,0.0630621454626836,0.002563134586728,384,6.697939004689216e-06,9,0.0055555555555555,0.9888888888888888,kept,True
rep_052,18-29 - 65+,380,462.0,781.5,0.0631578947368421,0.9973012462409684,0.9673018412377176,1.0267628948385938,False,False,kept,0.0662196552818754,0.0832190824900499,0.1137551578769301,0.25,False,False,kept,single df,0.0745177197083092,0.003498218066531,379,0.0747193688859627,0.0033309784640319,379,1.1293036125339696e-05,9,0.0055555555555555,0.9888888888888888,kept,True
rep_052,South - Northeast,385,1287.0,554.0,0.1402597402597402,1.0232879118356608,0.9378139129457264,1.1096174522065685,False,False,kept,0.0203681887866181,0.025600565542354,0.1138246365844662,0.25,False,False,kept,single df,0.0235196353134901,0.0012734680868687,384,0.022984377164486,0.0010253318420491,384,1.0415267875997658e-06,9,0.0055555555555555,0.9888888888888888,kept,True
rep_053,Republican - Democrat,383,877.0,1237.0,0.031331592689295,1.0051431929997916,0.9905199216421005,1.0201697203731543,False,False,kept,0.101316575113117,0.1352634087968122,0.1434898807695391,0.25,False,False,kept,single df,0.1188983802135328,0.0066569566880933,382,0.1182899919549646,0.0066520213950462,382,4.4052566867464174e-05,9,0.0055555555555555,0.9888888888888888,kept,True
rep_053,Female - Male,384,1858.5,1548.0,0.0703125,1.0157343651389712,0.938251808366958,1.093884341751365,False,False,kept,0.0377833623397615,0.053654242926846,0.1735706063255838,0.25,False,False,kept,single df,0.0464381589676527,0.0034136871978347,383,0.0457188026333037,0.0031100039412661,383,9.720400146202445e-06,9,0.0055555555555555,0.9888888888888888,kept,True
rep_053,Black - White,385,341.0,2607.0,0.0597402597402597,0.9992869570157308,0.969239428112636,1.0287531122611693,False,False,kept,0.065661662064632,0.083127565435944,0.1173868811923518,0.25,False,False,kept,single df,0.074341567192886,0.003595397477241,384,0.074394613750288,0.0034226027124533,384,1.1949566481961512e-05,9,0.0055555555555555,0.9888888888888888,kept,True
rep_053,Hispanic - White,385,175.0,2607.0,0.1038961038961039,1.029001476572143,0.9749572582950116,1.0842121201969628,False,False,kept,0.0487392316228472,0.0610008204491476,0.1117330326967233,0.25,False,False,kept,single df,0.0564613378105933,0.0026320206019691,384,0.0548700260359974,0.0024027699159732,384,5.67440017806686e-06,9,0.0055555555555555,0.9888888888888888,kept,True
rep_053,Asian - White,385,114.0,2607.0,0.148051948051948,0.991353003930803,0.9210005615075836,1.0604856841392083,False,False,kept,0.0533186238971322,0.0665580583923153,0.1104421163676844,0.25,False,False,kept,single df,0.0594200545444511,0.0031504323442165,384,0.0599383411447238,0.0025943876735852,384,7.0050875876070575e-06,9,0.0055555555555555,0.9888888888888888,kept,True
rep_053,Less than high school - Postgraduate,385,144.0,692.0,0.0727272727272727,1.007272762017183,0.9635534665078074,1.0513013160981206,False,False,kept,0.0743241000888551,0.0902759569019563,0.0969128267919841,0.25,False,False,kept,single df,0.0828985770166602,0.0034024605062844,384,0.0823000284954057,0.0031259115109307,384,9.683025424649069e-06,9,0.0055555555555555,0.9888888888888888,kept,True
rep_053,"Less than $30,000 - $100,000 or more",385,673.0,833.0,0.0727272727272727,0.9777271966742258,0.9464917164664236,1.0086228250152949,False,False,kept,0.0565221721177537,0.0696021188076135,0.1037068006003678,0.25,False,False,kept,single df,0.0616575746994919,0.0026578569310268,384,0.0630621454626836,0.002563134586728,384,6.526015601127861e-06,9,0.0055555555555555,0.9888888888888888,kept,True
rep_053,18-29 - 65+,380,462.0,781.5,0.0578947368421052,1.0049347543650224,0.9754612070043052,1.0345847470672074,False,False,kept,0.0662196552818754,0.0832190824900499,0.1137551578769301,0.25,False,False,kept,single df,0.0750880906177244,0.0034343460622856,379,0.0747193688859627,0.0033309784640319,379,1.1075504306510244e-05,9,0.0055555555555555,0.9888888888888888,kept,True
rep_053,South - Northeast,385,1287.0,554.0,0.1246753246753246,1.0838986491085796,0.990924966102934,1.1790790669614806,False,False,kept,0.0203681887866181,0.025600565542354,0.1138246365844662,0.25,False,False,kept,single df,0.0249127353591885,0.001323745429178,384,0.022984377164486,0.0010253318420491,384,1.051136831888366e-06,9,0.0055555555555555,0.9888888888888888,kept,True
rep_054,Republican - Democrat,383,877.0,1237.0,0.0234986945169712,0.998637196176356,0.9851976999285588,1.012341176224498,False,False,kept,0.101316575113117,0.1352634087968122,0.1434898807695391,0.25,False,False,kept,single df,0.1181287859016295,0.0066302775901246,382,0.1182899919549646,0.0066520213950462,382,4.391073065827421e-05,9,0.0055555555555555,0.9888888888888888,kept,True
rep_054,Female - Male,384,1858.5,1548.0,0.0546875,1.009655259482392,0.9301051341580758,1.0895663925976886,False,False,kept,0.0377833623397615,0.053654242926846,0.1735706063255838,0.25,False,False,kept,single df,0.0461602295359525,0.0034242811566973,383,0.0457188026333037,0.0031100039412661,383,9.709306888333762e-06,9,0.0055555555555555,0.9888888888888888,kept,True
rep_054,Black - White,385,341.0,2607.0,0.0623376623376623,1.0050417440677593,0.9740912620824596,1.036085935957168,False,False,kept,0.065661662064632,0.083127565435944,0.1173868811923518,0.25,False,False,kept,single df,0.0747696923528368,0.0035438991264452,384,0.074394613750288,0.0034226027124533,384,1.1733986494841843e-05,9,0.0055555555555555,0.9888888888888888,kept,True
rep_054,Hispanic - White,385,175.0,2607.0,0.135064935064935,0.9722903806319718,0.9150499342215518,1.028362940249972,False,False,kept,0.0487392316228472,0.0610008204491476,0.1117330326967233,0.25,False,False,kept,single df,0.0533495984998261,0.0027280200206857,384,0.0548700260359974,0.0024027699159732,384,5.879998344650779e-06,9,0.0055555555555555,0.9888888888888888,kept,True
rep_054,Asian - White,385,114.0,2607.0,0.1116883116883116,1.010187660500949,0.9420030274079888,1.077368261488178,False,False,kept,0.0533186238971322,0.0665580583923153,0.1104421163676844,0.25,False,False,kept,single df,0.0605489726152963,0.0031493576535744,384,0.0599383411447238,0.0025943876735852,384,7.073064322708938e-06,9,0.0055555555555555,0.9888888888888888,kept,True
rep_054,Less than high school - Postgraduate,385,144.0,692.0,0.0649350649350649,0.9942639372241816,0.9489765802067404,1.0396297103460397,False,False,kept,0.0743241000888551,0.0902759569019563,0.0969128267919841,0.25,False,False,kept,single df,0.0818279503655044,0.0034200247902605,384,0.0823000284954057,0.0031259115109307,384,9.67486580329615e-06,9,0.0055555555555555,0.9888888888888888,kept,True
rep_054,"Less than $30,000 - $100,000 or more",385,673.0,833.0,0.0727272727272727,1.0091007338046265,0.9782826297270092,1.0398457554374982,False,False,kept,0.0565221721177537,0.0696021188076135,0.1037068006003678,0.25,False,False,kept,single df,0.0636360572616882,0.0027031265813043,384,0.0630621454626836,0.002563134586728,384,6.651528448788639e-06,9,0.0055555555555555,0.9888888888888888,kept,True
rep_054,18-29 - 65+,380,462.0,781.5,0.0657894736842105,0.9938317585139562,0.9634201772864528,1.0233553573629626,False,False,kept,0.0662196552818754,0.0832190824900499,0.1137551578769301,0.25,False,False,kept,single df,0.0742584817749893,0.0035306876089465,379,0.0747193688859627,0.0033309784640319,379,1.1402745847772312e-05,9,0.0055555555555555,0.9888888888888888,kept,True
rep_054,South - Northeast,385,1287.0,554.0,0.1402597402597402,0.9857205766104578,0.9015433596571356,1.0693632473478178,False,False,kept,0.0203681887866181,0.025600565542354,0.1138246365844662,0.25,False,False,kept,single df,0.0226561735116094,0.0012757800385893,384,0.022984377164486,0.0010253318420491,384,1.057699971630546e-06,9,0.0055555555555555,0.9888888888888888,kept,True
rep_055,Republican - Democrat,383,877.0,1237.0,0.031331592689295,1.00611051730934,0.9920956165622066,1.020565488112253,False,False,kept,0.101316575113117,0.1352634087968122,0.1434898807695391,0.25,False,False,kept,single df,0.1190128049983271,0.0066547932995311,382,0.1182899919549646,0.0066520213950462,382,4.405662561144852e-05,9,0.0055555555555555,0.9888888888888888,kept,True
rep_055,Female - Male,384,1858.5,1548.0,0.0703125,0.988547094643624,0.9598059918885457,1.016700520172399,False,False,kept,0.0377833623397615,0.053654242926846,0.1735706063255838,0.25,False,False,kept,single df,0.0451951895137377,0.0031439927957457,383,0.0457188026333037,0.0031100039412661,383,9.652844745461797e-06,9,0.0055555555555555,0.9888888888888888,kept,True
rep_055,Black - White,385,341.0,2607.0,0.0519480519480519,0.9996422442720554,0.967651075439026,1.0317800151304355,False,False,kept,0.065661662064632,0.083127565435944,0.1173868811923518,0.25,False,False,kept,single df,0.0743679986510906,0.0035277380826197,384,0.074394613750288,0.0034226027124533,384,1.1648563423958524e-05,9,0.0055555555555555,0.9888888888888888,kept,True
rep_055,Hispanic - White,385,175.0,2607.0,0.1272727272727272,1.0088221533968642,0.9547230436542384,1.0633083561435264,False,False,kept,0.0487392316228472,0.0610008204491476,0.1117330326967233,0.25,False,False,kept,single df,0.0553540978225769,0.0026539401372468,384,0.0548700260359974,0.0024027699159732,384,5.735848797952365e-06,9,0.0055555555555555,0.9888888888888888,kept,True
rep_055,Asian - White,385,114.0,2607.0,0.1246753246753246,1.001036627782163,0.9341734189462,1.0669257063995177,False,False,kept,0.0533186238971322,0.0665580583923153,0.1104421163676844,0.25,False,False,kept,single df,0.0600004748943711,0.0031109142736115,384,0.0599383411447238,0.0025943876735852,384,7.0033204662968425e-06,9,0.0055555555555555,0.9888888888888888,kept,True
rep_055,Less than high school - Postgraduate,385,144.0,692.0,0.0961038961038961,0.9634995815512152,0.9193665249007642,1.0065244045527804,False,False,kept,0.0743241000888551,0.0902759569019563,0.0969128267919841,0.25,False,False,kept,single df,0.0792960430169765,0.0034825882966555,384,0.0823000284954057,0.0031259115109307,384,9.985741474147631e-06,9,0.0055555555555555,0.9888888888888888,kept,True
rep_055,"Less than $30,000 - $100,000 or more",385,673.0,833.0,0.0727272727272727,1.0017149821930078,0.9696749438823916,1.033955765729612,False,False,kept,0.0565221721177537,0.0696021188076135,0.1037068006003678,0.25,False,False,kept,single df,0.063170295919205,0.0026636271035456,384,0.0630621454626836,0.002563134586728,384,6.520273440271052e-06,9,0.0055555555555555,0.9888888888888888,kept,True
rep_055,18-29 - 65+,380,462.0,781.5,0.0605263157894736,0.98720793272582,0.9570324920164268,1.0176113617875344,False,False,kept,0.0662196552818754,0.0832190824900499,0.1137551578769301,0.25,False,False,kept,single df,0.0737635536924892,0.0033762912646701,379,0.0747193688859627,0.0033309784640319,379,1.0857006361249407e-05,9,0.0055555555555555,0.9888888888888888,kept,True
rep_055,South - Northeast,385,1287.0,554.0,0.1142857142857142,1.0777195403718598,0.9932362576443968,1.164802629926173,False,False,kept,0.0203681887866181,0.025600565542354,0.1138246365844662,0.25,False,False,kept,single df,0.0247707123934433,0.0012593283746059,384,0.022984377164486,0.0010253318420491,384,1.0288996070665255e-06,9,0.0055555555555555,0.9888888888888888,kept,True
rep_056,Republican - Democrat,383,877.0,1237.0,0.0391644908616188,1.0103970541178462,0.9957190200411454,1.0257632428975318,False,False,kept,0.101316575113117,0.1352634087968122,0.1434898807695391,0.25,False,False,kept,single df,0.1195198594029199,0.0066472172039311,382,0.1182899919549646,0.0066520213950462,382,4.398520671122923e-05,9,0.0055555555555555,0.9888888888888888,kept,True
rep_056,Female - Male,384,1858.5,1548.0,0.0833333333333333,0.9936072423388054,0.962608561093833,1.0239252304670243,False,False,kept,0.0377833623397615,0.053654242926846,0.1735706063255838,0.25,False,False,kept,single df,0.045426533407509,0.0031705029819174,383,0.0457188026333037,0.0031100039412661,383,9.716268560684431e-06,9,0.0055555555555555,0.9888888888888888,kept,True
rep_056,Black - White,385,341.0,2607.0,0.0753246753246753,1.004193469956932,0.9711504891955842,1.0366837305457282,False,False,kept,0.065661662064632,0.083127565435944,0.1173868811923518,0.25,False,False,kept,single df,0.0747065853280074,0.0036301625247794,384,0.074394613750288,0.0034226027124533,384,1.1995030956667029e-05,9,0.0055555555555555,0.9888888888888888,kept,True
rep_056,Hispanic - White,385,175.0,2607.0,0.1168831168831168,1.0413201089766724,0.9857212514636436,1.097082949317867,False,False,kept,0.0487392316228472,0.0610008204491476,0.1117330326967233,0.25,False,False,kept,single df,0.0571372614913577,0.0027564710038356,384,0.0548700260359974,0.0024027699159732,384,5.974413534259218e-06,9,0.0055555555555555,0.9888888888888888,kept,True
rep_056,Asian - White,385,114.0,2607.0,0.1064935064935064,0.9877330666299176,0.9245572896816008,1.050634607894068,False,False,kept,0.0533186238971322,0.0665580583923153,0.1104421163676844,0.25,False,False,kept,single df,0.0592030815075882,0.0029800160672379,384,0.0599383411447238,0.0025943876735852,384,6.723022492117878e-06,9,0.0055555555555555,0.9888888888888888,kept,True
rep_056,Less than high school - Postgraduate,385,144.0,692.0,0.0727272727272727,1.0246528843956724,0.9803034840740776,1.069261642301416,False,False,kept,0.0743241000888551,0.0902759569019563,0.0969128267919841,0.25,False,False,kept,single df,0.0843289615836635,0.0034675755900054,384,0.0823000284954057,0.0031259115109307,384,9.878566336351816e-06,9,0.0055555555555555,0.9888888888888888,kept,True
rep_056,"Less than $30,000 - $100,000 or more",385,673.0,833.0,0.0571428571428571,1.003461140281371,0.97161274598901,1.035668805044212,False,False,kept,0.0565221721177537,0.0696021188076135,0.1037068006003678,0.25,False,False,kept,single df,0.0632804123945742,0.0026490008239835,384,0.0630621454626836,0.002563134586728,384,6.483848953324795e-06,9,0.0055555555555555,0.9888888888888888,kept,True
rep_056,18-29 - 65+,380,462.0,781.5,0.0605263157894736,1.0029118318196857,0.9718118331246148,1.033687222640227,False,False,kept,0.0662196552818754,0.0832190824900499,0.1137551578769301,0.25,False,False,kept,single df,0.0749369391218316,0.0034993857530662,379,0.0747193688859627,0.0033309784640319,379,1.1265089843441692e-05,9,0.0055555555555555,0.9888888888888888,kept,True
rep_056,South - Northeast,385,1287.0,554.0,0.1246753246753246,1.006638494647193,0.9210894194421628,1.0936079800192724,False,False,kept,0.0203681887866181,0.025600565542354,0.1138246365844662,0.25,False,False,kept,single df,0.0231369588292615,0.0012436609243946,384,0.022984377164486,0.0010253318420491,384,1.0014022416192188e-06,9,0.0055555555555555,0.9888888888888888,kept,True
rep_057,Republican - Democrat,383,877.0,1237.0,0.0391644908616188,0.9967151402091606,0.9821899585313884,1.0109596130205052,False,False,kept,0.101316575113117,0.1352634087968122,0.1434898807695391,0.25,False,False,kept,single df,0.117901425916733,0.0067069806906334,382,0.1182899919549646,0.0066520213950462,382,4.439946634383942e-05,9,0.0055555555555555,0.9888888888888888,kept,True
rep_057,Female - Male,384,1858.5,1548.0,0.0703125,0.9996443231798248,0.9693003287018837,1.029400970193813,False,False,kept,0.0377833623397615,0.053654242926846,0.1735706063255838,0.25,False,False,kept,single df,0.0457025415149609,0.0031826432512813,383,0.0457188026333037,0.0031100039412661,383,9.760127181666652e-06,9,0.0055555555555555,0.9888888888888888,kept,True
rep_057,Black - White,385,341.0,2607.0,0.0571428571428571,0.9929736386119064,0.962068544810626,1.0235402661608437,False,False,kept,0.065661662064632,0.083127565435944,0.1173868811923518,0.25,False,False,kept,single df,0.0738718903087509,0.0035530192063932,384,0.074394613750288,0.0034226027124533,384,1.1773784978162996e-05,9,0.0055555555555555,0.9888888888888888,kept,True
rep_057,Hispanic - White,385,175.0,2607.0,0.1038961038961039,1.0138383556282136,0.957719086606793,1.0709852508612858,False,False,kept,0.0487392316228472,0.0610008204491476,0.1117330326967233,0.25,False,False,kept,single df,0.0556293369696129,0.0026311557901666,384,0.0548700260359974,0.0024027699159732,384,5.61855178284507e-06,9,0.0055555555555555,0.9888888888888888,kept,True
rep_057,Asian - White,385,114.0,2607.0,0.109090909090909,1.0211205743378282,0.9478236318715768,1.093825654580204,False,False,kept,0.0533186238971322,0.0665580583923153,0.1104421163676844,0.25,False,False,kept,single df,0.061204273334557,0.0032019423203469,384,0.0599383411447238,0.0025943876735852,384,7.034316680825766e-06,9,0.0055555555555555,0.9888888888888888,kept,True
rep_057,Less than high school - Postgraduate,385,144.0,692.0,0.0961038961038961,0.9811330534597396,0.933906676201786,1.0273331090090825,False,False,kept,0.0743241000888551,0.0902759569019563,0.0969128267919841,0.25,False,False,kept,single df,0.080747278257521,0.0035626544938499,384,0.0823000284954057,0.0031259115109307,384,1.0115834355222244e-05,9,0.0055555555555555,0.9888888888888888,kept,True
rep_057,"Less than $30,000 - $100,000 or more",385,673.0,833.0,0.0571428571428571,0.9909840766036434,0.9566311035109653,1.0245785311213849,False,False,kept,0.0565221721177537,0.0696021188076135,0.1037068006003678,0.25,False,False,kept,single df,0.0624935819899822,0.0027574118204002,384,0.0630621454626836,0.002563134586728,384,6.739602977125911e-06,9,0.0055555555555555,0.9888888888888888,kept,True
rep_057,18-29 - 65+,380,462.0,781.5,0.0552631578947368,1.0073720223808416,0.977637119111224,1.0371746868684872,False,False,kept,0.0662196552818754,0.0832190824900499,0.1137551578769301,0.25,False,False,kept,single df,0.0752702017456723,0.0034571446509993,379,0.0747193688859627,0.0033309784640319,379,1.1148538677146926e-05,9,0.0055555555555555,0.9888888888888888,kept,True
rep_057,South - Northeast,385,1287.0,554.0,0.148051948051948,1.0227930929703686,0.9411066640725148,1.105071751022297,False,False,kept,0.0203681887866181,0.025600565542354,0.1138246365844662,0.25,False,False,kept,single df,0.0235082622100622,0.0012607811458277,384,0.022984377164486,0.0010253318420491,384,1.0515512770884944e-06,9,0.0055555555555555,0.9888888888888888,kept,True
rep_058,Republican - Democrat,383,877.0,1237.0,0.052219321148825,1.0053993438898707,0.9916920207636514,1.019425756792548,False,False,kept,0.101316575113117,0.1352634087968122,0.1434898807695391,0.25,False,False,kept,single df,0.1189286803002595,0.0066676783303782,382,0.1182899919549646,0.0066520213950462,382,4.4152481754844405e-05,9,0.0055555555555555,0.9888888888888888,kept,True
rep_058,Female - Male,384,1858.5,1548.0,0.0859375,0.980965379891799,0.951175813041112,1.009519377131002,False,False,kept,0.0377833623397615,0.053654242926846,0.1735706063255838,0.25,False,False,kept,single df,0.044848562593377,0.003154311497557,383,0.0457188026333037,0.0031100039412661,383,9.680382377646154e-06,9,0.0055555555555555,0.9888888888888888,kept,True
rep_058,Black - White,385,341.0,2607.0,0.0727272727272727,0.989333105533402,0.9588151279614864,1.0191495550073415,False,False,kept,0.065661662064632,0.083127565435944,0.1173868811923518,0.25,False,False,kept,single df,0.0736010542565304,0.0035791622044939,384,0.074394613750288,0.0034226027124533,384,1.188333332089931e-05,9,0.0055555555555555,0.9888888888888888,kept,True
rep_058,Hispanic - White,385,175.0,2607.0,0.1168831168831168,0.9741785999172728,0.9148688978760452,1.032821046325487,False,False,kept,0.0487392316228472,0.0610008204491476,0.1117330326967233,0.25,False,False,kept,single df,0.0534532051411723,0.002713704254488,384,0.0548700260359974,0.0024027699159732,384,5.776587270907132e-06,9,0.0055555555555555,0.9888888888888888,kept,True
rep_058,Asian - White,385,114.0,2607.0,0.0961038961038961,1.0423751813430322,0.9740662849723106,1.1114562090248878,False,False,kept,0.0533186238971322,0.0665580583923153,0.1104421163676844,0.25,False,False,kept,single df,0.062478239220132,0.0030735757174872,384,0.0599383411447238,0.0025943876735852,384,6.805626672605462e-06,9,0.0055555555555555,0.9888888888888888,kept,True
rep_058,Less than high school - Postgraduate,385,144.0,692.0,0.0961038961038961,0.9842353088432472,0.9393118519941344,1.028579043737418,False,False,kept,0.0743241000888551,0.0902759569019563,0.0969128267919841,0.25,False,False,kept,single df,0.0810025939639837,0.0034794764727942,384,0.0823000284954057,0.0031259115109307,384,9.916013322773851e-06,9,0.0055555555555555,0.9888888888888888,kept,True
rep_058,"Less than $30,000 - $100,000 or more",385,673.0,833.0,0.0493506493506493,1.0063354530811155,0.9751596918923686,1.0378991315228094,False,False,kept,0.0565221721177537,0.0696021188076135,0.1037068006003678,0.25,False,False,kept,single df,0.063461672726457,0.0026479973629199,384,0.0630621454626836,0.002563134586728,384,6.4940769897657445e-06,9,0.0055555555555555,0.9888888888888888,kept,True
rep_058,18-29 - 65+,380,462.0,781.5,0.0657894736842105,0.9979504127868292,0.966743975011432,1.029314128048716,False,False,kept,0.0662196552818754,0.0832190824900499,0.1137551578769301,0.25,False,False,kept,single df,0.0745662250229178,0.0034271708255162,379,0.0747193688859627,0.0033309784640319,379,1.100612138241476e-05,9,0.0055555555555555,0.9888888888888888,kept,True
rep_058,South - Northeast,385,1287.0,554.0,0.1584415584415584,1.007407158110308,0.9233193310820634,1.089582988329529,False,False,kept,0.0203681887866181,0.025600565542354,0.1138246365844662,0.25,False,False,kept,single df,0.0231546260802103,0.0013321591836336,384,0.022984377164486,0.0010253318420491,384,1.135661047704226e-06,9,0.0055555555555555,0.9888888888888888,kept,True
rep_059,Republican - Democrat,383,877.0,1237.0,0.0339425587467362,1.0048315941584367,0.9907900230815944,1.0193227018563622,False,False,kept,0.101316575113117,0.1352634087968122,0.1434898807695391,0.25,False,False,kept,single df,0.1188615211890957,0.0066449614998823,382,0.1182899919549646,0.0066520213950462,382,4.399007100126864e-05,9,0.0055555555555555,0.9888888888888888,kept,True
rep_059,Female - Male,384,1858.5,1548.0,0.0651041666666666,0.9833713249027016,0.9444556236165408,1.021665366957337,False,False,kept,0.0377833623397615,0.053654242926846,0.1735706063255838,0.25,False,False,kept,single df,0.044958559518477,0.0031634640124178,383,0.0457188026333037,0.0031100039412661,383,9.60807463871545e-06,9,0.0055555555555555,0.9888888888888888,kept,True
rep_059,Black - White,385,341.0,2607.0,0.0519480519480519,1.0035547838518026,0.974771693231638,1.032039841513024,False,False,kept,0.065661662064632,0.083127565435944,0.1173868811923518,0.25,False,False,kept,single df,0.0746590705219086,0.0035687232990775,384,0.074394613750288,0.0034226027124533,384,1.1880785227300557e-05,9,0.0055555555555555,0.9888888888888888,kept,True
rep_059,Hispanic - White,385,175.0,2607.0,0.0987012987012987,1.0056420517621496,0.9505289675848472,1.061064332067767,False,False,kept,0.0487392316228472,0.0610008204491476,0.1117330326967233,0.25,False,False,kept,single df,0.055179605563083,0.0026629944551541,384,0.0548700260359974,0.0024027699159732,384,5.735275802019525e-06,9,0.0055555555555555,0.9888888888888888,kept,True
rep_059,Asian - White,385,114.0,2607.0,0.1116883116883116,1.0306235780189517,0.9620093801318792,1.0997791422072407,False,False,kept,0.0533186238971322,0.0665580583923153,0.1104421163676844,0.25,False,False,kept,single df,0.0617738676110958,0.0030711183071198,384,0.0599383411447238,0.0025943876735852,384,6.789422596098305e-06,9,0.0055555555555555,0.9888888888888888,kept,True
rep_059,Less than high school - Postgraduate,385,144.0,692.0,0.0727272727272727,1.019309266424175,0.9751903541365374,1.064374262190405,False,False,kept,0.0743241000888551,0.0902759569019563,0.0969128267919841,0.25,False,False,kept,single df,0.0838891816723407,0.0033477639478286,384,0.0823000284954057,0.0031259115109307,384,9.472480240209243e-06,9,0.0055555555555555,0.9888888888888888,kept,True
rep_059,"Less than $30,000 - $100,000 or more",385,673.0,833.0,0.0623376623376623,0.9731773720518836,0.9404593066702736,1.005178477764438,False,False,kept,0.0565221721177537,0.0696021188076135,0.1037068006003678,0.25,False,False,kept,single df,0.0613706529973281,0.0026974530889833,384,0.0630621454626836,0.002563134586728,384,6.610062569052854e-06,9,0.0055555555555555,0.9888888888888888,kept,True
rep_059,18-29 - 65+,380,462.0,781.5,0.0605263157894736,0.992393853366371,0.9599543486497706,1.024625214409429,False,False,kept,0.0662196552818754,0.0832190824900499,0.1137551578769301,0.25,False,False,kept,single df,0.0741510424098438,0.0034622247748436,379,0.0747193688859627,0.0033309784640319,379,1.1099104320887811e-05,9,0.0055555555555555,0.9888888888888888,kept,True
rep_059,South - Northeast,385,1287.0,554.0,0.161038961038961,0.9789617129713298,0.8893407641116527,1.0667150352119257,False,False,kept,0.0203681887866181,0.025600565542354,0.1138246365844662,0.25,False,False,kept,single df,0.0225008252405243,0.0013356134942923,384,0.022984377164486,0.0010253318420491,384,1.103979334257626e-06,9,0.0055555555555555,0.9888888888888888,kept,True
rep_060,Republican - Democrat,383,877.0,1237.0,0.0391644908616188,1.0116954730821794,0.9978390020395328,1.0263097326545216,False,False,kept,0.101316575113117,0.1352634087968122,0.1434898807695391,0.25,False,False,kept,single df,0.1196734493717651,0.0066410092605444,382,0.1182899919549646,0.0066520213950462,382,4.3969375159469454e-05,9,0.0055555555555555,0.9888888888888888,kept,True
rep_060,Female - Male,384,1858.5,1548.0,0.0598958333333333,1.0163378719230307,0.9797165505151336,1.0548171116321776,False,False,kept,0.0377833623397615,0.053654242926846,0.1735706063255838,0.25,False,False,kept,single df,0.046465750575201,0.0031371270808578,383,0.0457188026333037,0.0031100039412661,383,9.540891287207464e-06,9,0.0055555555555555,0.9888888888888888,kept,True
rep_060,Black - White,385,341.0,2607.0,0.0493506493506493,1.005290757242059,0.9752252920991736,1.0359242859589344,False,False,kept,0.065661662064632,0.083127565435944,0.1173868811923518,0.25,False,False,kept,single df,0.0747882175917575,0.0034830849155068,384,0.074394613750288,0.0034226027124533,384,1.153805601815934e-05,9,0.0055555555555555,0.9888888888888888,kept,True
rep_060,Hispanic - White,385,175.0,2607.0,0.1142857142857142,0.9550397178320004,0.8973036630746116,1.0109214849018655,False,False,kept,0.0487392316228472,0.0610008204491476,0.1117330326967233,0.25,False,False,kept,single df,0.0524030541828535,0.0027473571593762,384,0.0548700260359974,0.0024027699159732,384,5.937135372999217e-06,9,0.0055555555555555,0.9888888888888888,kept,True
rep_060,Asian - White,385,114.0,2607.0,0.135064935064935,0.9677609467995736,0.9027967319909675,1.0323413688538148,False,False,kept,0.0533186238971322,0.0665580583923153,0.1104421163676844,0.25,False,False,kept,single df,0.0580059857758137,0.002965333081723,384,0.0599383411447238,0.0025943876735852,384,6.618452586100207e-06,9,0.0055555555555555,0.9888888888888888,kept,True
rep_060,Less than high school - Postgraduate,385,144.0,692.0,0.0675324675324675,1.0212788596247346,0.974656111993941,1.068302073657912,False,False,kept,0.0743241000888551,0.0902759569019563,0.0969128267919841,0.25,False,False,kept,single df,0.0840512792488711,0.0034683623460023,384,0.0823000284954057,0.0031259115109307,384,9.772883860772068e-06,9,0.0055555555555555,0.9888888888888888,kept,True
rep_060,"Less than $30,000 - $100,000 or more",385,673.0,833.0,0.0753246753246753,0.9927586849398088,0.9629451021274276,1.021852058200325,False,False,kept,0.0565221721177537,0.0696021188076135,0.1037068006003678,0.25,False,False,kept,single df,0.0626054925990167,0.0027259933744576,384,0.0630621454626836,0.002563134586728,384,6.739687021640544e-06,9,0.0055555555555555,0.9888888888888888,kept,True
rep_060,18-29 - 65+,380,462.0,781.5,0.0631578947368421,0.990632758205607,0.9613468023611772,1.0197031149653837,False,False,kept,0.0662196552818754,0.0832190824900499,0.1137551578769301,0.25,False,False,kept,single df,0.0740194544908834,0.003433630643693,379,0.0747193688859627,0.0033309784640319,379,1.108271914135723e-05,9,0.0055555555555555,0.9888888888888888,kept,True
rep_060,South - Northeast,385,1287.0,554.0,0.1376623376623376,1.0099802881803577,0.9232560782453568,1.0961784923527478,False,False,kept,0.0203681887866181,0.025600565542354,0.1138246365844662,0.25,False,False,kept,single df,0.0232137678722336,0.0013090740895233,384,0.022984377164486,0.0010253318420491,384,1.082862323167532e-06,9,0.0055555555555555,0.9888888888888888,kept,True
rep_061,Republican - Democrat,383,877.0,1237.0,0.0469973890339425,0.999426621575212,0.9847813409556364,1.0138117394080806,False,False,kept,0.101316575113117,0.1352634087968122,0.1434898807695391,0.25,False,False,kept,single df,0.1182221670257092,0.0067223066030665,382,0.1182899919549646,0.0066520213950462,382,4.449782411053183e-05,9,0.0055555555555555,0.9888888888888888,kept,True
rep_061,Female - Male,384,1858.5,1548.0,0.046875,1.0160269707804996,0.9778765864604334,1.0546524485834885,False,False,kept,0.0377833623397615,0.053654242926846,0.1735706063255838,0.25,False,False,kept,single df,0.0464515365472271,0.0032082972163828,383,0.0457188026333037,0.0031100039412661,383,9.753173126298795e-06,9,0.0055555555555555,0.9888888888888888,kept,True
rep_061,Black - White,385,341.0,2607.0,0.0675324675324675,0.9698388210188934,0.9400231309597264,0.998894040761426,False,False,kept,0.065661662064632,0.083127565435944,0.1173868811923518,0.25,False,False,kept,single df,0.0721507844897353,0.00351608895586,384,0.074394613750288,0.0034226027124533,384,1.1679681571991136e-05,9,0.0055555555555555,0.9888888888888888,kept,True
rep_061,Hispanic - White,385,175.0,2607.0,0.1194805194805194,1.018726842335779,0.9655897737124484,1.0714477884400944,False,False,kept,0.0487392316228472,0.0610008204491476,0.1117330326967233,0.25,False,False,kept,single df,0.0558975683625336,0.0027321218980213,384,0.0548700260359974,0.0024027699159732,384,5.976434943466729e-06,9,0.0055555555555555,0.9888888888888888,kept,True
rep_061,Asian - White,385,114.0,2607.0,0.1116883116883116,1.029072698138065,0.9659270794059868,1.0924524865716263,False,False,kept,0.0533186238971322,0.0665580583923153,0.1104421163676844,0.25,False,False,kept,single df,0.0616809104437207,0.0030295371673051,384,0.0599383411447238,0.0025943876735852,384,6.862709186944797e-06,9,0.0055555555555555,0.9888888888888888,kept,True
rep_061,Less than high school - Postgraduate,385,144.0,692.0,0.0753246753246753,1.0084952452452125,0.9652013708379196,1.0521745022145228,False,False,kept,0.0743241000888551,0.0902759569019563,0.0969128267919841,0.25,False,False,kept,single df,0.0829991874211621,0.0033891617322905,384,0.0823000284954057,0.0031259115109307,384,9.655743785907212e-06,9,0.0055555555555555,0.9888888888888888,kept,True
rep_061,"Less than $30,000 - $100,000 or more",385,673.0,833.0,0.0779220779220779,0.986856373285407,0.9534161696728468,1.0196952175235423,False,False,kept,0.0565221721177537,0.0696021188076135,0.1037068006003678,0.25,False,False,kept,single df,0.0622332801629007,0.0027240185605472,384,0.0630621454626836,0.002563134586728,384,6.665001955032797e-06,9,0.0055555555555555,0.9888888888888888,kept,True
rep_061,18-29 - 65+,380,462.0,781.5,0.0526315789473684,0.9969622752865246,0.9673430877742925,1.0263258017558998,False,False,kept,0.0662196552818754,0.0832190824900499,0.1137551578769301,0.25,False,False,kept,single df,0.0744923920125225,0.0034612008406509,379,0.0747193688859627,0.0033309784640319,379,1.1169900796394791e-05,9,0.0055555555555555,0.9888888888888888,kept,True
rep_061,South - Northeast,385,1287.0,554.0,0.1506493506493506,0.9853658898071678,0.8938189443140283,1.0768168796036597,False,False,kept,0.0203681887866181,0.025600565542354,0.1138246365844662,0.25,False,False,kept,single df,0.0226480212563473,0.001303408690737,384,0.022984377164486,0.0010253318420491,384,1.0397631419970107e-06,9,0.0055555555555555,0.9888888888888888,kept,True
rep_062,Republican - Democrat,383,877.0,1237.0,0.031331592689295,1.0019431210725254,0.9867050473073662,1.0174349375002265,False,False,kept,0.101316575113117,0.1352634087968122,0.1434898807695391,0.25,False,False,kept,single df,0.1185198437310011,0.0066620772370313,382,0.1182899919549646,0.0066520213950462,382,4.406832027435548e-05,9,0.0055555555555555,0.9888888888888888,kept,True
rep_062,Female - Male,384,1858.5,1548.0,0.0651041666666666,0.9764788893476354,0.8952265178421203,1.0563367611307488,False,False,kept,0.0377833623397615,0.053654242926846,0.1735706063255838,0.25,False,False,kept,single df,0.0446434456176722,0.0034156817050471,383,0.0457188026333037,0.0031100039412661,383,9.661731957183164e-06,9,0.0055555555555555,0.9888888888888888,kept,True
rep_062,Black - White,385,341.0,2607.0,0.0623376623376623,1.0124780361719012,0.9818015107409565,1.0433485273487075,False,False,kept,0.065661662064632,0.083127565435944,0.1173868811923518,0.25,False,False,kept,single df,0.0753229124316587,0.0035549519130955,384,0.074394613750288,0.0034226027124533,384,1.1779069864205069e-05,9,0.0055555555555555,0.9888888888888888,kept,True
rep_062,Hispanic - White,385,175.0,2607.0,0.122077922077922,0.9564629678940588,0.9024124842732948,1.0095844276462764,False,False,kept,0.0487392316228472,0.0610008204491476,0.1117330326967233,0.25,False,False,kept,single df,0.0524811479508144,0.0026454769171145,384,0.0548700260359974,0.0024027699159732,384,5.73408078144342e-06,9,0.0055555555555555,0.9888888888888888,kept,True
rep_062,Asian - White,385,114.0,2607.0,0.0935064935064935,1.0292911422434343,0.9667762769674202,1.0919134217288284,False,False,kept,0.0533186238971322,0.0665580583923153,0.1104421163676844,0.25,False,False,kept,single df,0.0616940036210294,0.0030339095196425,384,0.0599383411447238,0.0025943876735852,384,6.898726253653185e-06,9,0.0055555555555555,0.9888888888888888,kept,True
rep_062,Less than high school - Postgraduate,385,144.0,692.0,0.0831168831168831,0.9891116235406202,0.9432672206785098,1.033976945451659,False,False,kept,0.0743241000888551,0.0902759569019563,0.0969128267919841,0.25,False,False,kept,single df,0.08140391480253,0.0035605516596041,384,0.0823000284954057,0.0031259115109307,384,1.01694522369758e-05,9,0.0055555555555555,0.9888888888888888,kept,True
rep_062,"Less than $30,000 - $100,000 or more",385,673.0,833.0,0.0597402597402597,0.9956148701925284,0.961807831805868,1.029395169288657,False,False,kept,0.0565221721177537,0.0696021188076135,0.1037068006003678,0.25,False,False,kept,single df,0.0627856097688921,0.0026866968346445,384,0.0630621454626836,0.002563134586728,384,6.548928999242298e-06,9,0.0055555555555555,0.9888888888888888,kept,True
rep_062,18-29 - 65+,380,462.0,781.5,0.05,1.0039593742013098,0.9749342412811544,1.033357208210542,False,False,kept,0.0662196552818754,0.0832190824900499,0.1137551578769301,0.25,False,False,kept,single df,0.0750152108274679,0.0034042523719018,379,0.0747193688859627,0.0033309784640319,379,1.0981632504663735e-05,9,0.0055555555555555,0.9888888888888888,kept,True
rep_062,South - Northeast,385,1287.0,554.0,0.1454545454545454,1.0018842474162906,0.9147531654026444,1.0881962717914824,False,False,kept,0.0203681887866181,0.025600565542354,0.1138246365844662,0.25,False,False,kept,single df,0.0230276854177732,0.0013127562246187,384,0.022984377164486,0.0010253318420491,384,1.0860865672491155e-06,9,0.0055555555555555,0.9888888888888888,kept,True
rep_063,Republican - Democrat,383,877.0,1237.0,0.04177545691906,0.9956639547672153,0.9805243575363348,1.0110950530311926,False,False,kept,0.101316575113117,0.1352634087968122,0.1434898807695391,0.25,False,False,kept,single df,0.1177770811992621,0.0066141752642748,382,0.1182899919549646,0.0066520213950462,382,4.375073238265756e-05,9,0.0055555555555555,0.9888888888888888,kept,True
rep_063,Female - Male,384,1858.5,1548.0,0.0598958333333333,1.0057565705618554,0.9213754498746032,1.0906194279748094,False,False,kept,0.0377833623397615,0.053654242926846,0.1735706063255838,0.25,False,False,kept,single df,0.0459819861466659,0.0034442186612382,383,0.0457188026333037,0.0031100039412661,383,9.652802264907917e-06,9,0.0055555555555555,0.9888888888888888,kept,True
rep_063,Black - White,385,341.0,2607.0,0.0493506493506493,0.985459111092236,0.9560808529020522,1.0143306723503631,False,False,kept,0.065661662064632,0.083127565435944,0.1173868811923518,0.25,False,False,kept,single df,0.0733128499364091,0.0035363501367753,384,0.074394613750288,0.0034226027124533,384,1.1756279967094843e-05,9,0.0055555555555555,0.9888888888888888,kept,True
rep_063,Hispanic - White,385,175.0,2607.0,0.1064935064935064,1.0110223733392232,0.9555012817402736,1.0668791332573913,False,False,kept,0.0487392316228472,0.0610008204491476,0.1117330326967233,0.25,False,False,kept,single df,0.0554748239480991,0.0026762926399674,384,0.0548700260359974,0.0024027699159732,384,5.760293464359136e-06,9,0.0055555555555555,0.9888888888888888,kept,True
rep_063,Asian - White,385,114.0,2607.0,0.1168831168831168,1.0117297798308682,0.9447631962038456,1.0785953784364135,False,False,kept,0.0533186238971322,0.0665580583923153,0.1104421163676844,0.25,False,False,kept,single df,0.0606414046897788,0.0030636845765699,384,0.0599383411447238,0.0025943876735852,384,6.837321862769592e-06,9,0.0055555555555555,0.9888888888888888,kept,True
rep_063,Less than high school - Postgraduate,385,144.0,692.0,0.0857142857142857,0.9962634097103288,0.9517296120236398,1.0398553244926594,False,False,kept,0.0743241000888551,0.0902759569019563,0.0969128267919841,0.25,False,False,kept,single df,0.0819925070080901,0.0035589673283044,384,0.0823000284954057,0.0031259115109307,384,1.0220166384796668e-05,9,0.0055555555555555,0.9888888888888888,kept,True
rep_063,"Less than $30,000 - $100,000 or more",385,673.0,833.0,0.0727272727272727,1.004054549868462,0.9709695710659242,1.037774143247462,False,False,kept,0.0565221721177537,0.0696021188076135,0.1037068006003678,0.25,False,False,kept,single df,0.0633178340762743,0.0026290947464343,384,0.0630621454626836,0.002563134586728,384,6.404556142906307e-06,9,0.0055555555555555,0.9888888888888888,kept,True
rep_063,18-29 - 65+,380,462.0,781.5,0.0631578947368421,1.0123388154012958,0.9830152165333887,1.0420042051301404,False,False,kept,0.0662196552818754,0.0832190824900499,0.1137551578769301,0.25,False,False,kept,single df,0.0756413173855479,0.0034371940079509,379,0.0747193688859627,0.0033309784640319,379,1.1087686185766323e-05,9,0.0055555555555555,0.9888888888888888,kept,True
rep_063,South - Northeast,385,1287.0,554.0,0.1402597402597402,1.0290652398879487,0.9465270212393204,1.1134721132460192,False,False,kept,0.0203681887866181,0.025600565542354,0.1138246365844662,0.25,False,False,kept,single df,0.0236524236004469,0.0012317791619165,384,0.022984377164486,0.0010253318420491,384,1.0070290459016705e-06,9,0.0055555555555555,0.9888888888888888,kept,True
rep_064,Republican - Democrat,383,877.0,1237.0,0.0391644908616188,0.99470839821165,0.979226045211071,1.0098344509013777,False,False,kept,0.101316575113117,0.1352634087968122,0.1434898807695391,0.25,False,False,kept,single df,0.1176640484219918,0.006709789105003,382,0.1182899919549646,0.0066520213950462,382,4.43902251014815e-05,9,0.0055555555555555,0.9888888888888888,kept,True
rep_064,Female - Male,384,1858.5,1548.0,0.0755208333333333,0.9867433993843032,0.9485454612726252,1.0246598114520056,False,False,kept,0.0377833623397615,0.053654242926846,0.1735706063255838,0.25,False,False,kept,single df,0.0451127267261661,0.0031551319600695,383,0.0457188026333037,0.0031100039412661,383,9.58773518516046e-06,9,0.0055555555555555,0.9888888888888888,kept,True
rep_064,Black - White,385,341.0,2607.0,0.0493506493506493,1.0188304825722927,0.9866537485760658,1.051630764204479,False,False,kept,0.065661662064632,0.083127565435944,0.1173868811923518,0.25,False,False,kept,single df,0.0757955002279853,0.0035371958391495,384,0.074394613750288,0.0034226027124533,384,1.1673404462028746e-05,9,0.0055555555555555,0.9888888888888888,kept,True
rep_064,Hispanic - White,385,175.0,2607.0,0.1116883116883116,0.9986385034665256,0.944425564593005,1.0522172092218,False,False,kept,0.0487392316228472,0.0610008204491476,0.1117330326967233,0.25,False,False,kept,single df,0.0547953206857577,0.002715384882905,384,0.0548700260359974,0.0024027699159732,384,5.910261468592959e-06,9,0.0055555555555555,0.9888888888888888,kept,True
rep_064,Asian - White,385,114.0,2607.0,0.109090909090909,1.0218946505724509,0.9571891516339536,1.087504413496712,False,False,kept,0.0533186238971322,0.0665580583923153,0.1104421163676844,0.25,False,False,kept,single df,0.0612506701799798,0.0029730796340765,384,0.0599383411447238,0.0025943876735852,384,6.631763060803304e-06,9,0.0055555555555555,0.9888888888888888,kept,True
rep_064,Less than high school - Postgraduate,385,144.0,692.0,0.0883116883116883,0.9843957058328696,0.935754375608828,1.0332151199683697,False,False,kept,0.0743241000888551,0.0902759569019563,0.0969128267919841,0.25,False,False,kept,single df,0.0810157946408002,0.0034256972602825,384,0.0823000284954057,0.0031259115109307,384,9.527081014040291e-06,9,0.0055555555555555,0.9888888888888888,kept,True
rep_064,"Less than $30,000 - $100,000 or more",385,673.0,833.0,0.0701298701298701,0.9997158326788238,0.967704891802188,1.031553401237875,False,False,kept,0.0565221721177537,0.0696021188076135,0.1037068006003678,0.25,False,False,kept,single df,0.0630442252617399,0.002699352434797,384,0.0630621454626836,0.002563134586728,384,6.620174009456114e-06,9,0.0055555555555555,0.9888888888888888,kept,True
rep_064,18-29 - 65+,380,462.0,781.5,0.0605263157894736,1.0167833890137437,0.986327360323362,1.0478190862500325,False,False,kept,0.0662196552818754,0.0832190824900499,0.1137551578769301,0.25,False,False,kept,single df,0.0759734131208372,0.0034310538835571,379,0.0747193688859627,0.0033309784640319,379,1.103633787733779e-05,9,0.0055555555555555,0.9888888888888888,kept,True
rep_064,South - Northeast,385,1287.0,554.0,0.1558441558441558,0.9970076691450463,0.9076377303810582,1.086201341460055,False,False,kept,0.0203681887866181,0.025600565542354,0.1138246365844662,0.25,False,False,kept,single df,0.0229156003035148,0.0013028952117264,384,0.022984377164486,0.0010253318420491,384,1.0552183590934725e-06,9,0.0055555555555555,0.9888888888888888,kept,True
rep_065,Republican - Democrat,383,877.0,1237.0,0.0469973890339425,1.007466445400507,0.9922315741425538,1.0229405022380085,False,False,kept,0.101316575113117,0.1352634087968122,0.1434898807695391,0.25,False,False,kept,single df,0.1191731977213227,0.0067008675702109,382,0.1182899919549646,0.0066520213950462,382,4.432804453343645e-05,9,0.0055555555555555,0.9888888888888888,kept,True
rep_065,Female - Male,384,1858.5,1548.0,0.0755208333333333,1.010304162039248,0.9322236313648384,1.0885907157197794,False,False,kept,0.0377833623397615,0.053654242926846,0.1735706063255838,0.25,False,False,kept,single df,0.0461898965838777,0.0034221334956051,383,0.0457188026333037,0.0031100039412661,383,9.739712390355536e-06,9,0.0055555555555555,0.9888888888888888,kept,True
rep_065,Black - White,385,341.0,2607.0,0.0259740259740259,0.9932213323595664,0.9631916048661784,1.0233881404934662,False,False,kept,0.065661662064632,0.083127565435944,0.1173868811923518,0.25,False,False,kept,single df,0.0738903173894364,0.0034930340753847,384,0.074394613750288,0.0034226027124533,384,1.1577338850367564e-05,9,0.0055555555555555,0.9888888888888888,kept,True
rep_065,Hispanic - White,385,175.0,2607.0,0.0935064935064935,1.0212206816075846,0.9682806743029544,1.0750423104433977,False,False,kept,0.0487392316228472,0.0610008204491476,0.1117330326967233,0.25,False,False,kept,single df,0.0560344053883072,0.0026288742041341,384,0.0548700260359974,0.0024027699159732,384,5.694510378407471e-06,9,0.0055555555555555,0.9888888888888888,kept,True
rep_065,Asian - White,385,114.0,2607.0,0.109090909090909,1.0047192659470314,0.9357507548923942,1.0740058105210228,False,False,kept,0.0533186238971322,0.0665580583923153,0.1104421163676844,0.25,False,False,kept,single df,0.0602212061170096,0.0030372891867782,384,0.0599383411447238,0.0025943876735852,384,6.675933169716909e-06,9,0.0055555555555555,0.9888888888888888,kept,True
rep_065,Less than high school - Postgraduate,385,144.0,692.0,0.109090909090909,0.9681060406688032,0.9216568386225844,1.014055405337207,False,False,kept,0.0743241000888551,0.0902759569019563,0.0969128267919841,0.25,False,False,kept,single df,0.0796751547336169,0.0034432992254671,384,0.0823000284954057,0.0031259115109307,384,9.717244278970871e-06,9,0.0055555555555555,0.9888888888888888,kept,True
rep_065,"Less than $30,000 - $100,000 or more",385,673.0,833.0,0.0753246753246753,1.003553385483945,0.9707331517632262,1.036530650653548,False,False,kept,0.0565221721177537,0.0696021188076135,0.1037068006003678,0.25,False,False,kept,single df,0.0632862295749571,0.0026786601604543,384,0.0630621454626836,0.002563134586728,384,6.545558619412591e-06,9,0.0055555555555555,0.9888888888888888,kept,True
rep_065,18-29 - 65+,380,462.0,781.5,0.0631578947368421,0.9984258717329136,0.9694210767572872,1.027164728474862,False,False,kept,0.0662196552818754,0.0832190824900499,0.1137551578769301,0.25,False,False,kept,single df,0.0746017510153004,0.0034627608712143,379,0.0747193688859627,0.0033309784640319,379,1.1190489009264147e-05,9,0.0055555555555555,0.9888888888888888,kept,True
rep_065,South - Northeast,385,1287.0,554.0,0.135064935064935,0.9943619762085136,0.9067692288090682,1.0824244620265426,False,False,kept,0.0203681887866181,0.025600565542354,0.1138246365844662,0.25,False,False,kept,single df,0.0228547906992002,0.0012727448539263,384,0.022984377164486,0.0010253318420491,384,1.0265667966579645e-06,9,0.0055555555555555,0.9888888888888888,kept,True
rep_066,Republican - Democrat,383,877.0,1237.0,0.0600522193211488,0.9940734989550865,0.9793218945393216,1.008628800568329,False,False,kept,0.101316575113117,0.1352634087968122,0.1434898807695391,0.25,False,False,kept,single df,0.1175889461940406,0.0066775108746682,382,0.1182899919549646,0.0066520213950462,382,4.419374256386333e-05,9,0.0055555555555555,0.9888888888888888,kept,True
rep_066,Female - Male,384,1858.5,1548.0,0.0520833333333333,1.0468521808073954,0.9685457295461964,1.1276276901497149,False,False,kept,0.0377833623397615,0.053654242926846,0.1735706063255838,0.25,False,False,kept,single df,0.0478608282405769,0.0034299239015372,383,0.0457188026333037,0.0031100039412661,383,9.740882492117133e-06,9,0.0055555555555555,0.9888888888888888,kept,True
rep_066,Black - White,385,341.0,2607.0,0.0493506493506493,1.001792594818797,0.9728261572722788,1.030252684004958,False,False,kept,0.065661662064632,0.083127565435944,0.1173868811923518,0.25,False,False,kept,single df,0.0745279731494431,0.0035878525002213,384,0.074394613750288,0.0034226027124533,384,1.1947467694422786e-05,9,0.0055555555555555,0.9888888888888888,kept,True
rep_066,Hispanic - White,385,175.0,2607.0,0.0935064935064935,1.0384399070937886,0.9867780228493206,1.0906085105758805,False,False,kept,0.0487392316228472,0.0610008204491476,0.1117330326967233,0.25,False,False,kept,single df,0.0569792247390549,0.0026862941841619,384,0.0548700260359974,0.0024027699159732,384,5.8795260439762045e-06,9,0.0055555555555555,0.9888888888888888,kept,True
rep_066,Asian - White,385,114.0,2607.0,0.1194805194805194,0.9558691388859551,0.8935958726660538,1.01686537394543,False,False,kept,0.0533186238971322,0.0665580583923153,0.1104421163676844,0.25,False,False,kept,single df,0.0572932105362597,0.0029808992217987,384,0.0599383411447238,0.0025943876735852,384,6.781859551628121e-06,9,0.0055555555555555,0.9888888888888888,kept,True
rep_066,Less than high school - Postgraduate,385,144.0,692.0,0.0779220779220779,1.019608706383009,0.9752918505214064,1.0637371771534008,False,False,kept,0.0743241000888551,0.0902759569019563,0.0969128267919841,0.25,False,False,kept,single df,0.0839138255894854,0.0035173474021987,384,0.0823000284954057,0.0031259115109307,384,1.006000116690918e-05,9,0.0055555555555555,0.9888888888888888,kept,True
rep_066,"Less than $30,000 - $100,000 or more",385,673.0,833.0,0.0441558441558441,1.02503562348235,0.9943222868718894,1.0564638417098242,False,False,kept,0.0565221721177537,0.0696021188076135,0.1037068006003678,0.25,False,False,kept,single df,0.0646409455924766,0.0026539051503621,384,0.0630621454626836,0.002563134586728,384,6.518143094395614e-06,9,0.0055555555555555,0.9888888888888888,kept,True
rep_066,18-29 - 65+,380,462.0,781.5,0.0631578947368421,1.0023093139461654,0.9718230619265908,1.0335714754153358,False,False,kept,0.0662196552818754,0.0832190824900499,0.1137551578769301,0.25,False,False,kept,single df,0.0748919193665797,0.0033608243953237,379,0.0747193688859627,0.0033309784640319,379,1.0792698700954044e-05,9,0.0055555555555555,0.9888888888888888,kept,True
rep_066,South - Northeast,385,1287.0,554.0,0.1324675324675324,0.989100915380245,0.9054420058328492,1.0713109814372392,False,False,kept,0.0203681887866181,0.025600565542354,0.1138246365844662,0.25,False,False,kept,single df,0.0227338684928379,0.0013015900039496,384,0.022984377164486,0.0010253318420491,384,1.0978680003955708e-06,9,0.0055555555555555,0.9888888888888888,kept,True
rep_067,Republican - Democrat,383,877.0,1237.0,0.04177545691906,1.0067592939643508,0.9929554283463796,1.020684121875012,False,False,kept,0.101316575113117,0.1352634087968122,0.1434898807695391,0.25,False,False,kept,single df,0.1190895487836289,0.0067080444825265,382,0.1182899919549646,0.0066520213950462,382,4.4421177063237045e-05,9,0.0055555555555555,0.9888888888888888,kept,True
rep_067,Female - Male,384,1858.5,1548.0,0.0625,1.020090010815315,0.9901246799436084,1.0509690487358805,False,False,kept,0.0377833623397615,0.053654242926846,0.1735706063255838,0.25,False,False,kept,single df,0.0466372938726701,0.0031721520541045,383,0.0457188026333037,0.0031100039412661,383,9.724184587011277e-06,9,0.0055555555555555,0.9888888888888888,kept,True
rep_067,Black - White,385,341.0,2607.0,0.0519480519480519,1.0004527918714137,0.9712512008905452,1.0299559787071493,False,False,kept,0.065661662064632,0.083127565435944,0.1173868811923518,0.25,False,False,kept,single df,0.0744282990266711,0.0034920135810194,384,0.074394613750288,0.0034226027124533,384,1.1593085454167789e-05,9,0.0055555555555555,0.9888888888888888,kept,True
rep_067,Hispanic - White,385,175.0,2607.0,0.0857142857142857,0.9869387012111012,0.9318055859445764,1.0419593700545058,False,False,kept,0.0487392316228472,0.0610008204491476,0.1117330326967233,0.25,False,False,kept,single df,0.0541533522313866,0.0026569633665146,384,0.0548700260359974,0.0024027699159732,384,5.723572045970808e-06,9,0.0055555555555555,0.9888888888888888,kept,True
rep_067,Asian - White,385,114.0,2607.0,0.1324675324675324,1.0116905909082423,0.9412098995692204,1.0816850726270606,False,False,kept,0.0533186238971322,0.0665580583923153,0.1104421163676844,0.25,False,False,kept,single df,0.0606390557707654,0.0031378901150095,384,0.0599383411447238,0.0025943876735852,384,6.9420496648240186e-06,9,0.0055555555555555,0.9888888888888888,kept,True
rep_067,Less than high school - Postgraduate,385,144.0,692.0,0.0987012987012987,0.9933917101749826,0.9480706047785642,1.0384010173304532,False,False,kept,0.0743241000888551,0.0902759569019563,0.0969128267919841,0.25,False,False,kept,single df,0.0817561660545009,0.0034733452568331,384,0.0823000284954057,0.0031259115109307,384,9.867421595083594e-06,9,0.0055555555555555,0.9888888888888888,kept,True
rep_067,"Less than $30,000 - $100,000 or more",385,673.0,833.0,0.0597402597402597,0.9957076537710406,0.9648042576043344,1.0262876812162371,False,False,kept,0.0565221721177537,0.0696021188076135,0.1037068006003678,0.25,False,False,kept,single df,0.0627914609004168,0.002697961827264,384,0.0630621454626836,0.002563134586728,384,6.63916092318936e-06,9,0.0055555555555555,0.9888888888888888,kept,True
rep_067,18-29 - 65+,380,462.0,781.5,0.0578947368421052,1.0001368085039668,0.968619172382134,1.032402586767282,False,False,kept,0.0662196552818754,0.0832190824900499,0.1137551578769301,0.25,False,False,kept,single df,0.0747295911310373,0.0033653918494266,379,0.0747193688859627,0.0033309784640319,379,1.0780344138751123e-05,9,0.0055555555555555,0.9888888888888888,kept,True
rep_067,South - Northeast,385,1287.0,554.0,0.161038961038961,0.9522277622351056,0.8643515835488588,1.0378959605699507,False,False,kept,0.0203681887866181,0.025600565542354,0.1138246365844662,0.25,False,False,kept,single df,0.0218863620337062,0.0013132426884704,384,0.022984377164486,0.0010253318420491,384,1.0895037094691272e-06,9,0.0055555555555555,0.9888888888888888,kept,True
rep_068,Republican - Democrat,383,877.0,1237.0,0.0469973890339425,0.9922758593899328,0.978120571046156,1.0064249496385205,False,False,kept,0.101316575113117,0.1352634087968122,0.1434898807695391,0.25,False,False,kept,single df,0.1173763034243407,0.0066334737570441,382,0.1182899919549646,0.0066520213950462,382,4.391412329684879e-05,9,0.0055555555555555,0.9888888888888888,kept,True
rep_068,Female - Male,384,1858.5,1548.0,0.0755208333333333,0.9907691185425038,0.9521283909754408,1.029170786034009,False,False,kept,0.0377833623397615,0.053654242926846,0.1735706063255838,0.25,False,False,kept,single df,0.045296777785817,0.0031670451298425,383,0.0457188026333037,0.0031100039412661,383,9.620061010153289e-06,9,0.0055555555555555,0.9888888888888888,kept,True
rep_068,Black - White,385,341.0,2607.0,0.0649350649350649,0.978327682543381,0.9436586719917645,1.0120305714042934,False,False,kept,0.065661662064632,0.083127565435944,0.1173868811923518,0.25,False,False,kept,single df,0.0727823100640292,0.0036033340074787,384,0.074394613750288,0.0034226027124533,384,1.1865330239831726e-05,9,0.0055555555555555,0.9888888888888888,kept,True
rep_068,Hispanic - White,385,175.0,2607.0,0.1298701298701298,1.0096052987298307,0.9513046275450424,1.0680516628726893,False,False,kept,0.0487392316228472,0.0610008204491476,0.1117330326967233,0.25,False,False,kept,single df,0.0553970690273867,0.0027154496911797,384,0.0548700260359974,0.0024027699159732,384,5.79549056039406e-06,9,0.0055555555555555,0.9888888888888888,kept,True
rep_068,Asian - White,385,114.0,2607.0,0.1402597402597402,0.9634395911330782,0.8936218187873902,1.0311446740990482,False,False,kept,0.0533186238971322,0.0665580583923153,0.1104421163676844,0.25,False,False,kept,single df,0.0577469708856676,0.0031518012421396,384,0.0599383411447238,0.0025943876735852,384,7.060570747887033e-06,9,0.0055555555555555,0.9888888888888888,kept,True
rep_068,Less than high school - Postgraduate,385,144.0,692.0,0.0415584415584415,1.0311535077074745,0.985162023241519,1.0784080106172051,False,False,kept,0.0743241000888551,0.0902759569019563,0.0969128267919841,0.25,False,False,kept,single df,0.0848639630674627,0.0033596462477309,384,0.0823000284954057,0.0031259115109307,384,9.4248966218654e-06,9,0.0055555555555555,0.9888888888888888,kept,True
rep_068,"Less than $30,000 - $100,000 or more",385,673.0,833.0,0.0805194805194805,1.0038083015882768,0.9724746985109536,1.034923507482581,False,False,kept,0.0565221721177537,0.0696021188076135,0.1037068006003678,0.25,False,False,kept,single df,0.0633023051314093,0.0027095021614058,384,0.0630621454626836,0.002563134586728,384,6.660663757580293e-06,9,0.0055555555555555,0.9888888888888888,kept,True
rep_068,18-29 - 65+,380,462.0,781.5,0.0684210526315789,0.9810027484750636,0.951431605571858,1.010828117331063,False,False,kept,0.0662196552818754,0.0832190824900499,0.1137551578769301,0.25,False,False,kept,single df,0.0732999062414515,0.0033486160674886,379,0.0747193688859627,0.0033309784640319,379,1.0777054284826612e-05,9,0.0055555555555555,0.9888888888888888,kept,True
rep_068,South - Northeast,385,1287.0,554.0,0.1636363636363636,1.0046784769467447,0.9118993608978782,1.0981010522700112,False,False,kept,0.0203681887866181,0.025600565542354,0.1138246365844662,0.25,False,False,kept,single df,0.0230919090431854,0.0013052219640232,384,0.022984377164486,0.0010253318420491,384,1.0304557048247725e-06,9,0.0055555555555555,0.9888888888888888,kept,True
rep_069,Republican - Democrat,383,877.0,1237.0,0.052219321148825,0.9981845016616472,0.982963593452085,1.0133042928543994,False,False,kept,0.101316575113117,0.1352634087968122,0.1434898807695391,0.25,False,False,kept,single df,0.1180752366711266,0.0066922142894356,382,0.1182899919549646,0.0066520213950462,382,4.427547408276001e-05,9,0.0055555555555555,0.9888888888888888,kept,True
rep_069,Female - Male,384,1858.5,1548.0,0.0598958333333333,1.0184147937971526,0.9382300402412748,1.0995349097656308,False,False,kept,0.0377833623397615,0.053654242926846,0.1735706063255838,0.25,False,False,kept,single df,0.0465607049564487,0.0034293417340474,383,0.0457188026333037,0.0031100039412661,383,9.704610204111256e-06,9,0.0055555555555555,0.9888888888888888,kept,True
rep_069,Black - White,385,341.0,2607.0,0.0545454545454545,0.9917596575945716,0.9626525675384818,1.0203289688331656,False,False,kept,0.065661662064632,0.083127565435944,0.1173868811923518,0.25,False,False,kept,single df,0.0737815766598661,0.0035589722828551,384,0.074394613750288,0.0034226027124533,384,1.18431153099384e-05,9,0.0055555555555555,0.9888888888888888,kept,True
rep_069,Hispanic - White,385,175.0,2607.0,0.0909090909090909,1.027893028642637,0.9699192808597984,1.0862152017320958,False,False,kept,0.0487392316228472,0.0610008204491476,0.1117330326967233,0.25,False,False,kept,single df,0.0564005172438417,0.0027350305275705,384,0.0548700260359974,0.0024027699159732,384,5.854779988695554e-06,9,0.0055555555555555,0.9888888888888888,kept,True
rep_069,Asian - White,385,114.0,2607.0,0.1012987012987013,1.0096683155689392,0.940550968828932,1.079652316221304,False,False,kept,0.0533186238971322,0.0665580583923153,0.1104421163676844,0.25,False,False,kept,single df,0.0605178439415897,0.0030035524414816,384,0.0599383411447238,0.0025943876735852,384,6.559719955649336e-06,9,0.0055555555555555,0.9888888888888888,kept,True
rep_069,Less than high school - Postgraduate,385,144.0,692.0,0.0883116883116883,1.003252404450044,0.958636781789508,1.0477094474788544,False,False,kept,0.0743241000888551,0.0902759569019563,0.0969128267919841,0.25,False,False,kept,single df,0.0825677014743229,0.0034703222026202,384,0.0823000284954057,0.0031259115109307,384,9.884819620091597e-06,9,0.0055555555555555,0.9888888888888888,kept,True
rep_069,"Less than $30,000 - $100,000 or more",385,673.0,833.0,0.0649350649350649,0.9842605496907264,0.9528405335697078,1.0149926011707902,False,False,kept,0.0565221721177537,0.0696021188076135,0.1037068006003678,0.25,False,False,kept,single df,0.0620695819577775,0.0027124049597176,384,0.0630621454626836,0.002563134586728,384,6.674114830052722e-06,9,0.0055555555555555,0.9888888888888888,kept,True
rep_069,18-29 - 65+,380,462.0,781.5,0.0710526315789473,1.004780422241253,0.9755871710367456,1.0337178310469974,False,False,kept,0.0662196552818754,0.0832190824900499,0.1137551578769301,0.25,False,False,kept,single df,0.0750765590188375,0.0034834302185656,379,0.0747193688859627,0.0033309784640319,379,1.1256723145536804e-05,9,0.0055555555555555,0.9888888888888888,kept,True
rep_069,South - Northeast,385,1287.0,554.0,0.1636363636363636,0.9941014695722676,0.907640066807869,1.079582467768982,False,False,kept,0.0203681887866181,0.025600565542354,0.1138246365844662,0.25,False,False,kept,single df,0.0228488031164188,0.0013072678629676,384,0.022984377164486,0.0010253318420491,384,1.084365845125076e-06,9,0.0055555555555555,0.9888888888888888,kept,True
rep_070,Republican - Democrat,383,877.0,1237.0,0.052219321148825,0.989618108743802,0.9752224391905466,1.003570550779191,False,False,kept,0.101316575113117,0.1352634087968122,0.1434898807695391,0.25,False,False,kept,single df,0.1170619181217916,0.0066844154827616,382,0.1182899919549646,0.0066520213950462,382,4.425646903934652e-05,9,0.0055555555555555,0.9888888888888888,kept,True
rep_070,Female - Male,384,1858.5,1548.0,0.0598958333333333,0.9975009174133112,0.9597270969399918,1.035319345151602,False,False,kept,0.0377833623397615,0.053654242926846,0.1735706063255838,0.25,False,False,kept,single df,0.0456045475697586,0.0031709307128817,383,0.0457188026333037,0.0031100039412661,383,9.64100827108608e-06,9,0.0055555555555555,0.9888888888888888,kept,True
rep_070,Black - White,385,341.0,2607.0,0.0649350649350649,0.9978461629991998,0.9679848646188384,1.0276598440934397,False,False,kept,0.065661662064632,0.083127565435944,0.1173868811923518,0.25,False,False,kept,single df,0.0742343798785324,0.0035284613484506,384,0.074394613750288,0.0034226027124533,384,1.1708939836613304e-05,9,0.0055555555555555,0.9888888888888888,kept,True
rep_070,Hispanic - White,385,175.0,2607.0,0.1116883116883116,1.005500970031838,0.951253682373946,1.0598132348267997,False,False,kept,0.0487392316228472,0.0610008204491476,0.1117330326967233,0.25,False,False,kept,single df,0.0551718644048676,0.0026744440750097,384,0.0548700260359974,0.0024027699159732,384,5.790225389262831e-06,9,0.0055555555555555,0.9888888888888888,kept,True
rep_070,Asian - White,385,114.0,2607.0,0.1116883116883116,1.0265088775546494,0.959207292924002,1.0949459711986913,False,False,kept,0.0533186238971322,0.0665580583923153,0.1104421163676844,0.25,False,False,kept,single df,0.061527239290958,0.002994615587832,384,0.0599383411447238,0.0025943876735852,384,6.599795719212131e-06,9,0.0055555555555555,0.9888888888888888,kept,True
rep_070,Less than high school - Postgraduate,385,144.0,692.0,0.0935064935064935,1.0129834452952529,0.9680964252061536,1.057830747593249,False,False,kept,0.0743241000888551,0.0902759569019563,0.0969128267919841,0.25,False,False,kept,single df,0.0833685664131736,0.0034846576548957,384,0.0823000284954057,0.0031259115109307,384,9.918654903845784e-06,9,0.0055555555555555,0.9888888888888888,kept,True
rep_070,"Less than $30,000 - $100,000 or more",385,673.0,833.0,0.0623376623376623,0.997714245276014,0.9660457394814608,1.0292531194545964,False,False,kept,0.0565221721177537,0.0696021188076135,0.1037068006003678,0.25,False,False,kept,single df,0.0629180008657876,0.0026872576071972,384,0.0630621454626836,0.002563134586728,384,6.593808631502028e-06,9,0.0055555555555555,0.9888888888888888,kept,True
rep_070,18-29 - 65+,380,462.0,781.5,0.0710526315789473,0.981393836024589,0.9498686605138452,1.0126625041624795,False,False,kept,0.0662196552818754,0.0832190824900499,0.1137551578769301,0.25,False,False,kept,single df,0.0733291280563312,0.0034254496748345,379,0.0747193688859627,0.0033309784640319,379,1.0997520604021266e-05,9,0.0055555555555555,0.9888888888888888,kept,True
rep_070,South - Northeast,385,1287.0,554.0,0.1532467532467532,1.007243071454315,0.9211456817611215,1.0925061844845494,False,False,kept,0.0203681887866181,0.025600565542354,0.1138246365844662,0.25,False,False,kept,single df,0.0231508546506213,0.0013121921440894,384,0.022984377164486,0.0010253318420491,384,1.0923297940693144e-06,9,0.0055555555555555,0.9888888888888888,kept,True
rep_071,Republican - Democrat,383,877.0,1237.0,0.0365535248041775,1.000204419438533,0.9848915512273304,1.0155791701870729,False,False,kept,0.101316575113117,0.1352634087968122,0.1434898807695391,0.25,False,False,kept,single df,0.1183141727287041,0.0066807751344884,382,0.1182899919549646,0.0066520213950462,382,4.4193306086662535e-05,9,0.0055555555555555,0.9888888888888888,kept,True
rep_071,Female - Male,384,1858.5,1548.0,0.0807291666666666,1.0275084777346195,0.9433811437623344,1.1122125365537168,False,False,kept,0.0377833623397615,0.053654242926846,0.1735706063255838,0.25,False,False,kept,single df,0.0469764572975954,0.0034994136301747,383,0.0457188026333037,0.0031100039412661,383,9.848400930667409e-06,9,0.0055555555555555,0.9888888888888888,kept,True
rep_071,Black - White,385,341.0,2607.0,0.0519480519480519,1.009712010428264,0.9790884344609848,1.0407629154765077,False,False,kept,0.065661662064632,0.083127565435944,0.1173868811923518,0.25,False,False,kept,single df,0.0751171350148375,0.0035182838899886,384,0.074394613750288,0.0034226027124533,384,1.16488429314286e-05,9,0.0055555555555555,0.9888888888888888,kept,True
rep_071,Hispanic - White,385,175.0,2607.0,0.1116883116883116,1.0026613014121433,0.9487487450894204,1.0570249683054118,False,False,kept,0.0487392316228472,0.0610008204491476,0.1117330326967233,0.25,False,False,kept,single df,0.0550160517137713,0.0026336230349236,384,0.0548700260359974,0.0024027699159732,384,5.6856627878623255e-06,9,0.0055555555555555,0.9888888888888888,kept,True
rep_071,Asian - White,385,114.0,2607.0,0.1116883116883116,0.9774480162305736,0.9113913181592488,1.0427563850793031,False,False,kept,0.0533186238971322,0.0665580583923153,0.1104421163676844,0.25,False,False,kept,single df,0.0585866126480616,0.0030300087223122,384,0.0599383411447238,0.0025943876735852,384,6.783007873470831e-06,9,0.0055555555555555,0.9888888888888888,kept,True
rep_071,Less than high school - Postgraduate,385,144.0,692.0,0.0805194805194805,0.9994252024073274,0.9541964350190396,1.0433366537872086,False,False,kept,0.0743241000888551,0.0902759569019563,0.0969128267919841,0.25,False,False,kept,single df,0.0822527226371497,0.0036281940728932,384,0.0823000284954057,0.0031259115109307,384,1.0444523068327105e-05,9,0.0055555555555555,0.9888888888888888,kept,True
rep_071,"Less than $30,000 - $100,000 or more",385,673.0,833.0,0.0493506493506493,1.0071274329334057,0.9760180629231922,1.0387771664021035,False,False,kept,0.0565221721177537,0.0696021188076135,0.1037068006003678,0.25,False,False,kept,single df,0.0635116166751056,0.0026324430582791,384,0.0630621454626836,0.002563134586728,384,6.453220572506655e-06,9,0.0055555555555555,0.9888888888888888,kept,True
rep_071,18-29 - 65+,380,462.0,781.5,0.0684210526315789,0.9849246055076554,0.9547473733445766,1.0145911818147522,False,False,kept,0.0662196552818754,0.0832190824900499,0.1137551578769301,0.25,False,False,kept,single df,0.0735929449237877,0.0034564095504747,379,0.0747193688859627,0.0033309784640319,379,1.1144243988256928e-05,9,0.0055555555555555,0.9888888888888888,kept,True
rep_071,South - Northeast,385,1287.0,554.0,0.1376623376623376,1.031900542271723,0.9468873496273332,1.1174202344264437,False,False,kept,0.0203681887866181,0.025600565542354,0.1138246365844662,0.25,False,False,kept,single df,0.0237175912598109,0.0012883658820086,384,0.022984377164486,0.0010253318420491,384,1.0645591461400389e-06,9,0.0055555555555555,0.9888888888888888,kept,True
rep_072,Republican - Democrat,383,877.0,1237.0,0.0443864229765013,1.002426565475944,0.9883886659911072,1.0166018302132445,False,False,kept,0.101316575113117,0.1352634087968122,0.1434898807695391,0.25,False,False,kept,single df,0.1185770303655922,0.0066778298116545,382,0.1182899919549646,0.0066520213950462,382,4.42121932577396e-05,9,0.0055555555555555,0.9888888888888888,kept,True
rep_072,Female - Male,384,1858.5,1548.0,0.0677083333333333,1.014012067598156,0.9312399622249145,1.0969774772303929,False,False,kept,0.0377833623397615,0.053654242926846,0.1735706063255838,0.25,False,False,kept,single df,0.0463594175863083,0.003467322842552,383,0.0457188026333037,0.0031100039412661,383,9.777555868000107e-06,9,0.0055555555555555,0.9888888888888888,kept,True
rep_072,Black - White,385,341.0,2607.0,0.0545454545454545,1.0074002550057704,0.9764000732364252,1.0384343114926102,False,False,kept,0.065661662064632,0.083127565435944,0.1173868811923518,0.25,False,False,kept,single df,0.0749451528630959,0.0035589608641702,384,0.074394613750288,0.0034226027124533,384,1.178669729542652e-05,9,0.0055555555555555,0.9888888888888888,kept,True
rep_072,Hispanic - White,385,175.0,2607.0,0.1246753246753246,0.9833875955533544,0.9267965359658016,1.0386444265189674,False,False,kept,0.0487392316228472,0.0610008204491476,0.1117330326967233,0.25,False,False,kept,single df,0.0539585029714894,0.0027586770706472,384,0.0548700260359974,0.0024027699159732,384,5.98204783288526e-06,9,0.0055555555555555,0.9888888888888888,kept,True
rep_072,Asian - White,385,114.0,2607.0,0.1298701298701298,0.9847079554400052,0.9235287322103032,1.0460121428092777,False,False,kept,0.0533186238971322,0.0665580583923153,0.1104421163676844,0.25,False,False,kept,single df,0.0590217613610865,0.0029161417794408,384,0.0599383411447238,0.0025943876735852,384,6.593860456381219e-06,9,0.0055555555555555,0.9888888888888888,kept,True
rep_072,Less than high school - Postgraduate,385,144.0,692.0,0.0779220779220779,0.99900524483265,0.9573497540651784,1.040692328894446,False,False,kept,0.0743241000888551,0.0902759569019563,0.0969128267919841,0.25,False,False,kept,single df,0.0822181601167868,0.0033924928033224,384,0.0823000284954057,0.0031259115109307,384,9.74532258254009e-06,9,0.0055555555555555,0.9888888888888888,kept,True
rep_072,"Less than $30,000 - $100,000 or more",385,673.0,833.0,0.0597402597402597,0.9879821617408436,0.9545855741445082,1.0206942417150302,False,False,kept,0.0565221721177537,0.0696021188076135,0.1037068006003678,0.25,False,False,kept,single df,0.0623042747982377,0.0027352346934878,384,0.0630621454626836,0.002563134586728,384,6.697520062707815e-06,9,0.0055555555555555,0.9888888888888888,kept,True
rep_072,18-29 - 65+,380,462.0,781.5,0.0684210526315789,1.0151450713827377,0.982386497348098,1.047829202701034,False,False,kept,0.0662196552818754,0.0832190824900499,0.1137551578769301,0.25,False,False,kept,single df,0.0758509990614137,0.0035219549150933,379,0.0747193688859627,0.0033309784640319,379,1.1294960345242728e-05,9,0.0055555555555555,0.9888888888888888,kept,True
rep_072,South - Northeast,385,1287.0,554.0,0.1558441558441558,0.9684922682257696,0.8785045798962737,1.0561380603393271,False,False,kept,0.0203681887866181,0.025600565542354,0.1138246365844662,0.25,False,False,kept,single df,0.0222601915737896,0.0013414372171008,384,0.022984377164486,0.0010253318420491,384,1.111965512596707e-06,9,0.0055555555555555,0.9888888888888888,kept,True
rep_073,Republican - Democrat,383,877.0,1237.0,0.02088772845953,1.0070657158301397,0.9934854300163772,1.0213291130798898,False,False,kept,0.101316575113117,0.1352634087968122,0.1434898807695391,0.25,False,False,kept,single df,0.1191257954236678,0.0066209206237743,382,0.1182899919549646,0.0066520213950462,382,4.384310479154509e-05,9,0.0055555555555555,0.9888888888888888,kept,True
rep_073,Female - Male,384,1858.5,1548.0,0.0807291666666666,0.9689022110520384,0.8869576611480638,1.0487482690698904,False,False,kept,0.0377833623397615,0.053654242926846,0.1735706063255838,0.25,False,False,kept,single df,0.0442970489580597,0.003427875191343,383,0.0457188026333037,0.0031100039412661,383,9.698052352074028e-06,9,0.0055555555555555,0.9888888888888888,kept,True
rep_073,Black - White,385,341.0,2607.0,0.0675324675324675,0.9757584405853856,0.9399161896096588,1.010939567817515,False,False,kept,0.065661662064632,0.083127565435944,0.1173868811923518,0.25,False,False,kept,single df,0.0725911723009331,0.0035708803316337,384,0.074394613750288,0.0034226027124533,384,1.1707379484166172e-05,9,0.0055555555555555,0.9888888888888888,kept,True
rep_073,Hispanic - White,385,175.0,2607.0,0.1272727272727272,0.9829983503203,0.9287506312014177,1.0369511963475135,False,False,kept,0.0487392316228472,0.0610008204491476,0.1117330326967233,0.25,False,False,kept,single df,0.0539371450754174,0.002654737386923,384,0.0548700260359974,0.0024027699159732,384,5.742477861212065e-06,9,0.0055555555555555,0.9888888888888888,kept,True
rep_073,Asian - White,385,114.0,2607.0,0.1038961038961039,0.9760893169394664,0.9148497542653956,1.0379499723610064,False,False,kept,0.0533186238971322,0.0665580583923153,0.1104421163676844,0.25,False,False,kept,single df,0.0585051744664381,0.002854355402245,384,0.0599383411447238,0.0025943876735852,384,6.400631650921632e-06,9,0.0055555555555555,0.9888888888888888,kept,True
rep_073,Less than high school - Postgraduate,385,144.0,692.0,0.0727272727272727,1.019061065091905,0.9723580909705613,1.0658137749476375,False,False,kept,0.0743241000888551,0.0902759569019563,0.0969128267919841,0.25,False,False,kept,single df,0.0838687546956223,0.0035136106639617,384,0.0823000284954057,0.0031259115109307,384,9.931945622884684e-06,9,0.0055555555555555,0.9888888888888888,kept,True
rep_073,"Less than $30,000 - $100,000 or more",385,673.0,833.0,0.0519480519480519,1.0187080507114874,0.987983648526479,1.050459598628306,False,False,kept,0.0565221721177537,0.0696021188076135,0.1037068006003678,0.25,False,False,kept,single df,0.0642419152779747,0.0026028788270933,384,0.0630621454626836,0.002563134586728,384,6.3822269345332176e-06,9,0.0055555555555555,0.9888888888888888,kept,True
rep_073,18-29 - 65+,380,462.0,781.5,0.0526315789473684,1.006352662220484,0.9766995062309878,1.0355871491359072,False,False,kept,0.0662196552818754,0.0832190824900499,0.1137551578769301,0.25,False,False,kept,single df,0.0751940357978229,0.0035109986297613,379,0.0747193688859627,0.0033309784640319,379,1.134307117453074e-05,9,0.0055555555555555,0.9888888888888888,kept,True
rep_073,South - Northeast,385,1287.0,554.0,0.1792207792207792,1.0051162282618484,0.911993238781834,1.0977546559509834,False,False,kept,0.0203681887866181,0.025600565542354,0.1138246365844662,0.25,False,False,kept,single df,0.0231019704845159,0.0013386708658477,384,0.022984377164486,0.0010253318420491,384,1.0760890313523431e-06,9,0.0055555555555555,0.9888888888888888,kept,True
rep_074,Republican - Democrat,383,877.0,1237.0,0.0496083550913838,0.9969353955124208,0.9823980568748856,1.011135594315688,False,False,kept,0.101316575113117,0.1352634087968122,0.1434898807695391,0.25,False,False,kept,single df,0.1179274799147837,0.0067171852222129,382,0.1182899919549646,0.0066520213950462,382,4.446860301605819e-05,9,0.0055555555555555,0.9888888888888888,kept,True
rep_074,Female - Male,384,1858.5,1548.0,0.0729166666666666,0.9548225465761536,0.8736332654642696,1.033658862136518,False,False,kept,0.0377833623397615,0.053654242926846,0.1735706063255838,0.25,False,False,kept,single df,0.0436533435567436,0.0033927139555348,383,0.0457188026333037,0.0031100039412661,383,9.60149052188302e-06,9,0.0055555555555555,0.9888888888888888,kept,True
rep_074,Black - White,385,341.0,2607.0,0.0649350649350649,0.9964059713386314,0.9646573021636664,1.028014492011453,False,False,kept,0.065661662064632,0.083127565435944,0.1173868811923518,0.25,False,False,kept,single df,0.074127237376218,0.0035480398872828,384,0.074394613750288,0.0034226027124533,384,1.173085790576818e-05,9,0.0055555555555555,0.9888888888888888,kept,True
rep_074,Hispanic - White,385,175.0,2607.0,0.1194805194805194,0.985210239617016,0.9266945884533064,1.0423623535547235,False,False,kept,0.0487392316228472,0.0610008204491476,0.1117330326967233,0.25,False,False,kept,single df,0.0540585114987169,0.0027828984121621,384,0.0548700260359974,0.0024027699159732,384,5.999262732107386e-06,9,0.0055555555555555,0.9888888888888888,kept,True
rep_074,Asian - White,385,114.0,2607.0,0.1168831168831168,0.9734703861188924,0.9037891607952344,1.0428631675585007,False,False,kept,0.0533186238971322,0.0665580583923153,0.1104421163676844,0.25,False,False,kept,single df,0.0583482000974801,0.0030277444018158,384,0.0599383411447238,0.0025943876735852,384,6.630894959767861e-06,9,0.0055555555555555,0.9888888888888888,kept,True
rep_074,Less than high school - Postgraduate,385,144.0,692.0,0.0831168831168831,1.0051943224486757,0.9623325296412824,1.048602625800643,False,False,kept,0.0743241000888551,0.0902759569019563,0.0969128267919841,0.25,False,False,kept,single df,0.082727521380946,0.0033502889936976,384,0.0823000284954057,0.0031259115109307,384,9.540459678856452e-06,9,0.0055555555555555,0.9888888888888888,kept,True
rep_074,"Less than $30,000 - $100,000 or more",385,673.0,833.0,0.0701298701298701,0.9935820878192744,0.9609013263086836,1.0258537001871035,False,False,kept,0.0565221721177537,0.0696021188076135,0.1037068006003678,0.25,False,False,kept,single df,0.062657418151176,0.002714508162556,384,0.0630621454626836,0.002563134586728,384,6.651114015242955e-06,9,0.0055555555555555,0.9888888888888888,kept,True
rep_074,18-29 - 65+,380,462.0,781.5,0.0631578947368421,1.000626828943903,0.9713074090870956,1.029587537834681,False,False,kept,0.0662196552818754,0.0832190824900499,0.1137551578769301,0.25,False,False,kept,single df,0.0747662051490506,0.0034830662251296,379,0.0747193688859627,0.0033309784640319,379,1.1254168188923488e-05,9,0.0055555555555555,0.9888888888888888,kept,True
rep_074,South - Northeast,385,1287.0,554.0,0.1402597402597402,1.0029708961366337,0.9176785919224932,1.0872963848889885,False,False,kept,0.0203681887866181,0.025600565542354,0.1138246365844662,0.25,False,False,kept,single df,0.0230526613618069,0.0013081582529673,384,0.022984377164486,0.0010253318420491,384,1.0931461270773092e-06,9,0.0055555555555555,0.9888888888888888,kept,True
rep_075,Republican - Democrat,383,877.0,1237.0,0.052219321148825,1.0032737684404898,0.9893873270665392,1.0171502044396898,False,False,kept,0.101316575113117,0.1352634087968122,0.1434898807695391,0.25,False,False,kept,single df,0.1186772459974525,0.0067056928820097,382,0.1182899919549646,0.0066520213950462,382,4.440478100232626e-05,9,0.0055555555555555,0.9888888888888888,kept,True
rep_075,Female - Male,384,1858.5,1548.0,0.0651041666666666,1.0040376852112882,0.9639524630135524,1.0443079777500084,False,False,kept,0.0377833623397615,0.053654242926846,0.1735706063255838,0.25,False,False,kept,single df,0.045903400766574,0.003192986864236,383,0.0457188026333037,0.0031100039412661,383,9.682364319938968e-06,9,0.0055555555555555,0.9888888888888888,kept,True
rep_075,Black - White,385,341.0,2607.0,0.0623376623376623,0.981408308844472,0.9489618675365392,1.0130824868434507,False,False,kept,0.065661662064632,0.083127565435944,0.1173868811923518,0.25,False,False,kept,single df,0.0730114920678079,0.0035748756988171,384,0.074394613750288,0.0034226027124533,384,1.1820152557058415e-05,9,0.0055555555555555,0.9888888888888888,kept,True
rep_075,Hispanic - White,385,175.0,2607.0,0.1246753246753246,0.987078015737402,0.9324358737714682,1.040643125217881,False,False,kept,0.0487392316228472,0.0610008204491476,0.1117330326967233,0.25,False,False,kept,single df,0.0541609964230719,0.0027289557552962,384,0.0548700260359974,0.0024027699159732,384,5.944626497804426e-06,9,0.0055555555555555,0.9888888888888888,kept,True
rep_075,Asian - White,385,114.0,2607.0,0.1116883116883116,1.002255926491056,0.9370649235914794,1.0678345966706655,False,False,kept,0.0533186238971322,0.0665580583923153,0.1104421163676844,0.25,False,False,kept,single df,0.0600735576363421,0.0029799004208074,384,0.0599383411447238,0.0025943876735852,384,6.6403743771065895e-06,9,0.0055555555555555,0.9888888888888888,kept,True
rep_075,Less than high school - Postgraduate,385,144.0,692.0,0.0883116883116883,0.9856084478938312,0.9410931619561672,1.0297429066051178,False,False,kept,0.0743241000888551,0.0902759569019563,0.0969128267919841,0.25,False,False,kept,single df,0.0811156033469749,0.0034501768230719,384,0.0823000284954057,0.0031259115109307,384,9.826939667017684e-06,9,0.0055555555555555,0.9888888888888888,kept,True
rep_075,"Less than $30,000 - $100,000 or more",385,673.0,833.0,0.0701298701298701,0.9926219996615258,0.9623827209644844,1.0228058020375854,False,False,kept,0.0565221721177537,0.0696021188076135,0.1037068006003678,0.25,False,False,kept,single df,0.062596872932115,0.002656669107024,384,0.0630621454626836,0.002563134586728,384,6.537949346091683e-06,9,0.0055555555555555,0.9888888888888888,kept,True
rep_075,18-29 - 65+,380,462.0,781.5,0.0684210526315789,1.0080493569507143,0.9781480538876708,1.0378106208245366,False,False,kept,0.0662196552818754,0.0832190824900499,0.1137551578769301,0.25,False,False,kept,single df,0.0753208117572579,0.003485310844341,379,0.0747193688859627,0.0033309784640319,379,1.1243988892717356e-05,9,0.0055555555555555,0.9888888888888888,kept,True
rep_075,South - Northeast,385,1287.0,554.0,0.1558441558441558,0.9883317216062856,0.902892124468138,1.0736111698438395,False,False,kept,0.0203681887866181,0.025600565542354,0.1138246365844662,0.25,False,False,kept,single df,0.0227161890530247,0.0012740354784885,384,0.022984377164486,0.0010253318420491,384,1.0454518398761394e-06,9,0.0055555555555555,0.9888888888888888,kept,True
rep_076,Republican - Democrat,383,877.0,1237.0,0.0365535248041775,1.000068371359756,0.985231918723502,1.0150306438509606,False,False,kept,0.101316575113117,0.1352634087968122,0.1434898807695391,0.25,False,False,kept,single df,0.1182980796025601,0.0066676714788589,382,0.1182899919549646,0.0066520213950462,382,4.411999550973107e-05,9,0.0055555555555555,0.9888888888888888,kept,True
rep_076,Female - Male,384,1858.5,1548.0,0.0833333333333333,1.0159297603904387,0.9331002009133624,1.0996105396980027,False,False,kept,0.0377833623397615,0.053654242926846,0.1735706063255838,0.25,False,False,kept,single df,0.04644709220459,0.0034455298861503,383,0.0457188026333037,0.0031100039412661,383,9.69367462263386e-06,9,0.0055555555555555,0.9888888888888888,kept,True
rep_076,Black - White,385,341.0,2607.0,0.0519480519480519,1.004973782121431,0.9734072638359836,1.0366951694244575,False,False,kept,0.065661662064632,0.083127565435944,0.1173868811923518,0.25,False,False,kept,single df,0.07476463635009,0.0035411935176195,384,0.074394613750288,0.0034226027124533,384,1.170755267891846e-05,9,0.0055555555555555,0.9888888888888888,kept,True
rep_076,Hispanic - White,385,175.0,2607.0,0.0935064935064935,0.9824415376719398,0.9290408596058192,1.0354024997717288,False,False,kept,0.0487392316228472,0.0610008204491476,0.1117330326967233,0.25,False,False,kept,single df,0.0539065927509047,0.0026572848952722,384,0.0548700260359974,0.0024027699159732,384,5.772336119180258e-06,9,0.0055555555555555,0.9888888888888888,kept,True
rep_076,Asian - White,385,114.0,2607.0,0.1038961038961039,1.0011143734816357,0.9397279975853836,1.0615683947682304,False,False,kept,0.0533186238971322,0.0665580583923153,0.1104421163676844,0.25,False,False,kept,single df,0.0600051348426287,0.0030459007939261,384,0.0599383411447238,0.0025943876735852,384,6.992457969002179e-06,9,0.0055555555555555,0.9888888888888888,kept,True
rep_076,Less than high school - Postgraduate,385,144.0,692.0,0.0831168831168831,1.0178727460292891,0.9735103268671044,1.0618425875949664,False,False,kept,0.0743241000888551,0.0902759569019563,0.0969128267919841,0.25,False,False,kept,single df,0.0837709560029074,0.0035420131941223,384,0.0823000284954057,0.0031259115109307,384,1.0148259538588483e-05,9,0.0055555555555555,0.9888888888888888,kept,True
rep_076,"Less than $30,000 - $100,000 or more",385,673.0,833.0,0.0857142857142857,0.9993334496238688,0.9648280868664062,1.0329165315908384,False,False,kept,0.0565221721177537,0.0696021188076135,0.1037068006003678,0.25,False,False,kept,single df,0.0630201113659058,0.0027960808563428,384,0.0630621454626836,0.002563134586728,384,6.843933936357674e-06,9,0.0055555555555555,0.9888888888888888,kept,True
rep_076,18-29 - 65+,380,462.0,781.5,0.0736842105263157,0.9723034773844608,0.9395424790503116,1.0039811183955336,False,False,kept,0.0662196552818754,0.0832190824900499,0.1137551578769301,0.25,False,False,kept,single df,0.0726499021957938,0.0035013052057711,379,0.0747193688859627,0.0033309784640319,379,1.1246557402216276e-05,9,0.0055555555555555,0.9888888888888888,kept,True
rep_076,South - Northeast,385,1287.0,554.0,0.1168831168831168,1.071525163071979,0.9855288335792538,1.16095178931448,False,False,kept,0.0203681887866181,0.025600565542354,0.1138246365844662,0.25,False,False,kept,single df,0.0246283384892838,0.0012363746851981,384,0.022984377164486,0.0010253318420491,384,9.891293422128095e-07,9,0.0055555555555555,0.9888888888888888,kept,True
rep_077,Republican - Democrat,383,877.0,1237.0,0.0443864229765013,0.9905930159538922,0.9744404116610772,1.0063900444003593,False,False,kept,0.101316575113117,0.1352634087968122,0.1434898807695391,0.25,False,False,kept,single df,0.11717723988783,0.0066857532061622,382,0.1182899919549646,0.0066520213950462,382,4.420735949325642e-05,9,0.0055555555555555,0.9888888888888888,kept,True
rep_077,Female - Male,384,1858.5,1548.0,0.0598958333333333,1.003717783133844,0.9725023656617608,1.035402512693404,False,False,kept,0.0377833623397615,0.053654242926846,0.1735706063255838,0.25,False,False,kept,single df,0.0458887752266334,0.0031472951803666,383,0.0457188026333037,0.0031100039412661,383,9.635017223275828e-06,9,0.0055555555555555,0.9888888888888888,kept,True
rep_077,Black - White,385,341.0,2607.0,0.0727272727272727,0.9995478036474322,0.9667760656704496,1.032118854512598,False,False,kept,0.065661662064632,0.083127565435944,0.1173868811923518,0.25,False,False,kept,single df,0.0743609727772994,0.0035730526819204,384,0.074394613750288,0.0034226027124533,384,1.1793039569450124e-05,9,0.0055555555555555,0.9888888888888888,kept,True
rep_077,Hispanic - White,385,175.0,2607.0,0.1428571428571428,1.0012182866324646,0.946023897095912,1.0564469025658083,False,False,kept,0.0487392316228472,0.0610008204491476,0.1117330326967233,0.25,False,False,kept,single df,0.05493687345524,0.0026765294672835,384,0.0548700260359974,0.0024027699159732,384,5.77252167373212e-06,9,0.0055555555555555,0.9888888888888888,kept,True
rep_077,Asian - White,385,114.0,2607.0,0.1246753246753246,1.0358000652043806,0.970985256203132,1.1001585368053124,False,False,kept,0.0533186238971322,0.0665580583923153,0.1104421163676844,0.25,False,False,kept,single df,0.0620841376659473,0.0031229545573801,384,0.0599383411447238,0.0025943876735852,384,7.096185291302582e-06,9,0.0055555555555555,0.9888888888888888,kept,True
rep_077,Less than high school - Postgraduate,385,144.0,692.0,0.0909090909090909,0.9831339674418642,0.9372130867833562,1.0291496155665047,False,False,kept,0.0743241000888551,0.0902759569019563,0.0969128267919841,0.25,False,False,kept,single df,0.0809119535352667,0.0033950296902007,384,0.0823000284954057,0.0031259115109307,384,9.557685371136031e-06,9,0.0055555555555555,0.9888888888888888,kept,True
rep_077,"Less than $30,000 - $100,000 or more",385,673.0,833.0,0.0467532467532467,0.996684977192306,0.9635481624298128,1.0298515629442684,False,False,kept,0.0565221721177537,0.0696021188076135,0.1037068006003678,0.25,False,False,kept,single df,0.0628530930121727,0.0026781261102917,384,0.0630621454626836,0.002563134586728,384,6.538885459133029e-06,9,0.0055555555555555,0.9888888888888888,kept,True
rep_077,18-29 - 65+,380,462.0,781.5,0.0947368421052631,1.0021203117305593,0.9661646072822712,1.0385020883653764,False,False,kept,0.0662196552818754,0.0832190824900499,0.1137551578769301,0.25,False,False,kept,single df,0.0748777972403115,0.0034479381113216,379,0.0747193688859627,0.0033309784640319,379,1.0938642289487573e-05,9,0.0055555555555555,0.9888888888888888,kept,True
rep_077,South - Northeast,385,1287.0,554.0,0.1506493506493506,0.9705500407472578,0.8802852846019268,1.060734769807467,False,False,kept,0.0203681887866181,0.025600565542354,0.1138246365844662,0.25,False,False,kept,single df,0.0223074881935422,0.0012839434908738,384,0.022984377164486,0.0010253318420491,384,1.023549277468938e-06,9,0.0055555555555555,0.9888888888888888,kept,True
rep_078,Republican - Democrat,383,877.0,1237.0,0.052219321148825,0.9921776733601114,0.9784931737928018,1.0054034142060886,False,False,kept,0.101316575113117,0.1352634087968122,0.1434898807695391,0.25,False,False,kept,single df,0.1173646889996631,0.0067006620951006,382,0.1182899919549646,0.0066520213950462,382,4.438607395167271e-05,9,0.0055555555555555,0.9888888888888888,kept,True
rep_078,Female - Male,384,1858.5,1548.0,0.0598958333333333,1.0295104394549843,0.950524387838958,1.1101472652684026,False,False,kept,0.0377833623397615,0.053654242926846,0.1735706063255838,0.25,False,False,kept,single df,0.0470679845903682,0.003421320477279,383,0.0457188026333037,0.0031100039412661,383,9.700547804360893e-06,9,0.0055555555555555,0.9888888888888888,kept,True
rep_078,Black - White,385,341.0,2607.0,0.0415584415584415,1.0077347049547474,0.977080706585628,1.0386024809976593,False,False,kept,0.065661662064632,0.083127565435944,0.1173868811923518,0.25,False,False,kept,single df,0.0749700341378689,0.0035367797678984,384,0.074394613750288,0.0034226027124533,384,1.171520039560812e-05,9,0.0055555555555555,0.9888888888888888,kept,True
rep_078,Hispanic - White,385,175.0,2607.0,0.1194805194805194,0.99771212615216,0.9402765264405276,1.054862134221156,False,False,kept,0.0487392316228472,0.0610008204491476,0.1117330326967233,0.25,False,False,kept,single df,0.0547444903383993,0.0027158872360261,384,0.0548700260359974,0.0024027699159732,384,5.8253056582999385e-06,9,0.0055555555555555,0.9888888888888888,kept,True
rep_078,Asian - White,385,114.0,2607.0,0.1272727272727272,0.989418637438222,0.9190065434009,1.058982870279545,False,False,kept,0.0533186238971322,0.0665580583923153,0.1104421163676844,0.25,False,False,kept,single df,0.0593041118257199,0.0031171115141881,384,0.0599383411447238,0.0025943876735852,384,6.890707378926244e-06,9,0.0055555555555555,0.9888888888888888,kept,True
rep_078,Less than high school - Postgraduate,385,144.0,692.0,0.0909090909090909,0.9874735134302284,0.9396317019916888,1.0349008407897164,False,False,kept,0.0743241000888551,0.0902759569019563,0.0969128267919841,0.25,False,False,kept,single df,0.0812690982937662,0.0035054712186452,384,0.0823000284954057,0.0031259115109307,384,9.86250729988429e-06,9,0.0055555555555555,0.9888888888888888,kept,True
rep_078,"Less than $30,000 - $100,000 or more",385,673.0,833.0,0.0701298701298701,1.0063837030869738,0.9744733080927988,1.0380001555428406,False,False,kept,0.0565221721177537,0.0696021188076135,0.1037068006003678,0.25,False,False,kept,single df,0.0634647154753449,0.0027280404692027,384,0.0630621454626836,0.002563134586728,384,6.700408222587925e-06,9,0.0055555555555555,0.9888888888888888,kept,True
rep_078,18-29 - 65+,380,462.0,781.5,0.0526315789473684,1.015672368183363,0.9863280388855502,1.04594760763035,False,False,kept,0.0662196552818754,0.0832190824900499,0.1137551578769301,0.25,False,False,kept,single df,0.075890398345572,0.0033760339988107,379,0.0747193688859627,0.0033309784640319,379,1.0875375715620614e-05,9,0.0055555555555555,0.9888888888888888,kept,True
rep_078,South - Northeast,385,1287.0,554.0,0.1636363636363636,0.9146634145179444,0.8268895220305336,1.0004511437964445,False,False,kept,0.0203681887866181,0.025600565542354,0.1138246365844662,0.25,False,False,kept,single df,0.021022968897837,0.0012759802030724,384,0.022984377164486,0.0010253318420491,384,1.0411291434572312e-06,9,0.0055555555555555,0.9888888888888888,kept,True
rep_079,Republican - Democrat,383,877.0,1237.0,0.0287206266318537,0.9978230391249002,0.9841342703283316,1.0113262224404425,False,False,kept,0.101316575113117,0.1352634087968122,0.1434898807695391,0.25,False,False,kept,single df,0.1180324792705627,0.0066959539149819,382,0.1182899919549646,0.0066520213950462,382,4.43483780288861e-05,9,0.0055555555555555,0.9888888888888888,kept,True
rep_079,Female - Male,384,1858.5,1548.0,0.0598958333333333,0.9518970133182246,0.8687302272913092,1.0326010791133342,False,False,kept,0.0377833623397615,0.053654242926846,0.1735706063255838,0.25,False,False,kept,single df,0.0435195916791272,0.0034035060546134,383,0.0457188026333037,0.0031100039412661,383,9.590281861471364e-06,9,0.0055555555555555,0.9888888888888888,kept,True
rep_079,Black - White,385,341.0,2607.0,0.0493506493506493,0.9942062200792752,0.9603246640780304,1.0282012921944788,False,False,kept,0.065661662064632,0.083127565435944,0.1173868811923518,0.25,False,False,kept,single df,0.0739635877309315,0.0035284430107477,384,0.074394613750288,0.0034226027124533,384,1.1598754201859983e-05,9,0.0055555555555555,0.9888888888888888,kept,True
rep_079,Hispanic - White,385,175.0,2607.0,0.1194805194805194,1.0052018648130887,0.9487780357758218,1.0618497979265042,False,False,kept,0.0487392316228472,0.0610008204491476,0.1117330326967233,0.25,False,False,kept,single df,0.0551554524937273,0.0026814751932757,384,0.0548700260359974,0.0024027699159732,384,5.752164085467641e-06,9,0.0055555555555555,0.9888888888888888,kept,True
rep_079,Asian - White,385,114.0,2607.0,0.1038961038961039,1.0180879066696538,0.9502338468185192,1.0868300660983832,False,False,kept,0.0533186238971322,0.0665580583923153,0.1104421163676844,0.25,False,False,kept,single df,0.0610225002652834,0.0030043701745987,384,0.0599383411447238,0.0025943876735852,384,6.6105459997178165e-06,9,0.0055555555555555,0.9888888888888888,kept,True
rep_079,Less than high school - Postgraduate,385,144.0,692.0,0.0857142857142857,0.9920248186021514,0.9443465239791392,1.0402955037171135,False,False,kept,0.0743241000888551,0.0902759569019563,0.0969128267919841,0.25,False,False,kept,single df,0.0816436708391067,0.0033737721216258,384,0.0823000284954057,0.0031259115109307,384,9.38813413370684e-06,9,0.0055555555555555,0.9888888888888888,kept,True
rep_079,"Less than $30,000 - $100,000 or more",385,673.0,833.0,0.0753246753246753,0.9935278091804882,0.9608305111876638,1.0255878860902905,False,False,kept,0.0565221721177537,0.0696021188076135,0.1037068006003678,0.25,False,False,kept,single df,0.0626539952237613,0.0027387772665169,384,0.0630621454626836,0.002563134586728,384,6.719666118961296e-06,9,0.0055555555555555,0.9888888888888888,kept,True
rep_079,18-29 - 65+,380,462.0,781.5,0.0552631578947368,0.9925099798983236,0.960514557528372,1.02506139131897,False,False,kept,0.0662196552818754,0.0832190824900499,0.1137551578769301,0.25,False,False,kept,single df,0.0741597193110222,0.0033681239252751,379,0.0747193688859627,0.0033309784640319,379,1.0777034721207175e-05,9,0.0055555555555555,0.9888888888888888,kept,True
rep_079,South - Northeast,385,1287.0,554.0,0.1662337662337662,0.9713702159528924,0.8755503596881409,1.065037532331776,False,False,kept,0.0203681887866181,0.025600565542354,0.1138246365844662,0.25,False,False,kept,single df,0.0223263394098095,0.0013705048682073,384,0.022984377164486,0.0010253318420491,384,1.1074080863831783e-06,9,0.0055555555555555,0.9888888888888888,kept,True
rep_080,Republican - Democrat,383,877.0,1237.0,0.031331592689295,1.0029789736023345,0.988773841776904,1.017490201999996,False,False,kept,0.101316575113117,0.1352634087968122,0.1434898807695391,0.25,False,False,kept,single df,0.1186423747184188,0.0066559061755544,382,0.1182899919549646,0.0066520213950462,382,4.405905648670922e-05,9,0.0055555555555555,0.9888888888888888,kept,True
rep_080,Female - Male,384,1858.5,1548.0,0.0546875,0.9893708366684072,0.9504455706240006,1.0288538476918858,False,False,kept,0.0377833623397615,0.053654242926846,0.1735706063255838,0.25,False,False,kept,single df,0.0452328500127895,0.0031263926199388,383,0.0457188026333037,0.0031100039412661,383,9.482483850880775e-06,9,0.0055555555555555,0.9888888888888888,kept,True
rep_080,Black - White,385,341.0,2607.0,0.0389610389610389,0.9842981805956548,0.9541863690020896,1.0141161834223809,False,False,kept,0.065661662064632,0.083127565435944,0.1173868811923518,0.25,False,False,kept,single df,0.073226482960525,0.0035134683380937,384,0.074394613750288,0.0034226027124533,384,1.1653438578648317e-05,9,0.0055555555555555,0.9888888888888888,kept,True
rep_080,Hispanic - White,385,175.0,2607.0,0.1064935064935064,1.0099371455903634,0.95359851589939,1.0670202628859609,False,False,kept,0.0487392316228472,0.0610008204491476,0.1117330326967233,0.25,False,False,kept,single df,0.0554152774732641,0.0026483770165715,384,0.0548700260359974,0.0024027699159732,384,5.6606797755228166e-06,9,0.0055555555555555,0.9888888888888888,kept,True
rep_080,Asian - White,385,114.0,2607.0,0.1168831168831168,0.9941728014861742,0.934626927917993,1.0533410103465024,False,False,kept,0.0533186238971322,0.0665580583923153,0.1104421163676844,0.25,False,False,kept,single df,0.059589068532284,0.0029627315099614,384,0.0599383411447238,0.0025943876735852,384,6.794556572566988e-06,9,0.0055555555555555,0.9888888888888888,kept,True
rep_080,Less than high school - Postgraduate,385,144.0,692.0,0.0753246753246753,0.99831526911523,0.9498113257473912,1.047439748023384,False,False,kept,0.0743241000888551,0.0902759569019563,0.0969128267919841,0.25,False,False,kept,single df,0.082161375095582,0.0033993577077486,384,0.0823000284954057,0.0031259115109307,384,9.435096929577209e-06,9,0.0055555555555555,0.9888888888888888,kept,True
rep_080,"Less than $30,000 - $100,000 or more",385,673.0,833.0,0.0597402597402597,1.0160081692397516,0.9845148677808744,1.0477779234886342,False,False,kept,0.0565221721177537,0.0696021188076135,0.1037068006003678,0.25,False,False,kept,single df,0.0640716549598721,0.0026863630888904,384,0.0630621454626836,0.002563134586728,384,6.591300839232468e-06,9,0.0055555555555555,0.9888888888888888,kept,True
rep_080,18-29 - 65+,380,462.0,781.5,0.0605263157894736,1.0151775321180798,0.9850680996163358,1.045547151967544,False,False,kept,0.0662196552818754,0.0832190824900499,0.1137551578769301,0.25,False,False,kept,single df,0.075853424507072,0.003461954636947,379,0.0747193688859627,0.0033309784640319,379,1.115371509456703e-05,9,0.0055555555555555,0.9888888888888888,kept,True
rep_080,South - Northeast,385,1287.0,554.0,0.1454545454545454,0.9526469872246044,0.8665998206736748,1.0374574351513388,False,False,kept,0.0203681887866181,0.025600565542354,0.1138246365844662,0.25,False,False,kept,single df,0.0218959976589816,0.0012778700017707,384,0.022984377164486,0.0010253318420491,384,1.051048964650733e-06,9,0.0055555555555555,0.9888888888888888,kept,True
rep_081,Republican - Democrat,383,877.0,1237.0,0.04177545691906,1.0139357828787257,0.9995854579055578,1.0287246371047405,False,False,kept,0.101316575113117,0.1352634087968122,0.1434898807695391,0.25,False,False,kept,single df,0.1199384555995752,0.006708358396123,382,0.1182899919549646,0.0066520213950462,382,4.440451043972321e-05,9,0.0055555555555555,0.9888888888888888,kept,True
rep_081,Female - Male,384,1858.5,1548.0,0.0546875,0.9805477915503004,0.9009682918778242,1.0593835148001716,False,False,kept,0.0377833623397615,0.053654242926846,0.1735706063255838,0.25,False,False,kept,single df,0.04482947095441,0.0033882242830424,383,0.0457188026333037,0.0031100039412661,383,9.599777225840034e-06,9,0.0055555555555555,0.9888888888888888,kept,True
rep_081,Black - White,385,341.0,2607.0,0.0441558441558441,1.0016564433823936,0.9719793348345906,1.0316350998895136,False,False,kept,0.065661662064632,0.083127565435944,0.1173868811923518,0.25,False,False,kept,single df,0.0745178442159204,0.0034993879998274,384,0.074394613750288,0.0034226027124533,384,1.1607205357578713e-05,9,0.0055555555555555,0.9888888888888888,kept,True
rep_081,Hispanic - White,385,175.0,2607.0,0.1116883116883116,1.0177134510486905,0.9651461639517508,1.070826361124233,False,False,kept,0.0487392316228472,0.0610008204491476,0.1117330326967233,0.25,False,False,kept,single df,0.0558419635562264,0.0026459575757647,384,0.0548700260359974,0.0024027699159732,384,5.75098278584538e-06,9,0.0055555555555555,0.9888888888888888,kept,True
rep_081,Asian - White,385,114.0,2607.0,0.1038961038961039,1.0362399225228087,0.9667850249363662,1.1063388851423357,False,False,kept,0.0533186238971322,0.0665580583923153,0.1104421163676844,0.25,False,False,kept,single df,0.0621105019839542,0.0030850675890379,384,0.0599383411447238,0.0025943876735852,384,6.7992351844791045e-06,9,0.0055555555555555,0.9888888888888888,kept,True
rep_081,Less than high school - Postgraduate,385,144.0,692.0,0.0727272727272727,1.025984607395331,0.9796789645685208,1.0724781284269158,False,False,kept,0.0743241000888551,0.0902759569019563,0.0969128267919841,0.25,False,False,kept,single df,0.0844385624244834,0.0035079727482567,384,0.0823000284954057,0.0031259115109307,384,9.928412566778376e-06,9,0.0055555555555555,0.9888888888888888,kept,True
rep_081,"Less than $30,000 - $100,000 or more",385,673.0,833.0,0.0701298701298701,1.0128146201487955,0.9799667268028144,1.0458265661103816,False,False,kept,0.0565221721177537,0.0696021188076135,0.1037068006003678,0.25,False,False,kept,single df,0.063870262902556,0.0027007343717919,384,0.0630621454626836,0.002563134586728,384,6.604280426488987e-06,9,0.0055555555555555,0.9888888888888888,kept,True
rep_081,18-29 - 65+,380,462.0,781.5,0.0473684210526315,1.005437947502196,0.97525620793158,1.0362793851575982,False,False,kept,0.0662196552818754,0.0832190824900499,0.1137551578769301,0.25,False,False,kept,single df,0.0751256888913617,0.0033827307470696,379,0.0747193688859627,0.0033309784640319,379,1.087658936392106e-05,9,0.0055555555555555,0.9888888888888888,kept,True
rep_081,South - Northeast,385,1287.0,554.0,0.1376623376623376,1.012965023597062,0.9287009739110867,1.099550820405394,False,False,kept,0.0203681887866181,0.025600565542354,0.1138246365844662,0.25,False,False,kept,single df,0.0232823701567874,0.0012143880932504,384,0.022984377164486,0.0010253318420491,384,9.719581085313589e-07,9,0.0055555555555555,0.9888888888888888,kept,True
rep_082,Republican - Democrat,383,877.0,1237.0,0.0496083550913838,1.000579545880083,0.9872619124265034,1.0139191011592823,False,False,kept,0.101316575113117,0.1352634087968122,0.1434898807695391,0.25,False,False,kept,single df,0.1183585464324571,0.0066804535325493,382,0.1182899919549646,0.0066520213950462,382,4.425196166759646e-05,9,0.0055555555555555,0.9888888888888888,kept,True
rep_082,Female - Male,384,1858.5,1548.0,0.0572916666666666,0.9940503036852352,0.9656235238826092,1.0223306434450612,False,False,kept,0.0377833623397615,0.053654242926846,0.1735706063255838,0.25,False,False,kept,single df,0.0454467896417609,0.0031389523341233,383,0.0457188026333037,0.0031100039412661,383,9.637377234959164e-06,9,0.0055555555555555,0.9888888888888888,kept,True
rep_082,Black - White,385,341.0,2607.0,0.0493506493506493,0.9679679126966252,0.937148542281531,0.9982995402835484,False,False,kept,0.065661662064632,0.083127565435944,0.1173868811923518,0.25,False,False,kept,single df,0.0720115989877379,0.0034864481631556,384,0.074394613750288,0.0034226027124533,384,1.154343891085876e-05,9,0.0055555555555555,0.9888888888888888,kept,True
rep_082,Hispanic - White,385,175.0,2607.0,0.1142857142857142,0.968665496522056,0.90828244301007,1.0289012153560466,False,False,kept,0.0487392316228472,0.0610008204491476,0.1117330326967233,0.25,False,False,kept,single df,0.0531507010143376,0.002672706165851,384,0.0548700260359974,0.0024027699159732,384,5.626041553492297e-06,9,0.0055555555555555,0.9888888888888888,kept,True
rep_082,Asian - White,385,114.0,2607.0,0.1116883116883116,0.9470030595660784,0.8836402844736113,1.0097452637340594,False,False,kept,0.0533186238971322,0.0665580583923153,0.1104421163676844,0.25,False,False,kept,single df,0.0567617924493688,0.0029195363444452,384,0.0599383411447238,0.0025943876735852,384,6.54326745210265e-06,9,0.0055555555555555,0.9888888888888888,kept,True
rep_082,Less than high school - Postgraduate,385,144.0,692.0,0.0753246753246753,1.0024040265649432,0.9590810088038172,1.045741033229526,False,False,kept,0.0743241000888551,0.0902759569019563,0.0969128267919841,0.25,False,False,kept,single df,0.0824978799502042,0.0034262020901384,384,0.0823000284954057,0.0031259115109307,384,9.787604770455878e-06,9,0.0055555555555555,0.9888888888888888,kept,True
rep_082,"Less than $30,000 - $100,000 or more",385,673.0,833.0,0.0623376623376623,1.0066366195572802,0.9749688947794072,1.0384879184565412,False,False,kept,0.0565221721177537,0.0696021188076135,0.1037068006003678,0.25,False,False,kept,single df,0.0634806649305853,0.0026748808517738,384,0.0630621454626836,0.002563134586728,384,6.557794924286035e-06,9,0.0055555555555555,0.9888888888888888,kept,True
rep_082,18-29 - 65+,380,462.0,781.5,0.0552631578947368,1.0032227715892512,0.972869487940778,1.0335601944485506,False,False,kept,0.0662196552818754,0.0832190824900499,0.1137551578769301,0.25,False,False,kept,single df,0.0749601723451751,0.0034583030193567,379,0.0747193688859627,0.0033309784640319,379,1.1137887334942093e-05,9,0.0055555555555555,0.9888888888888888,kept,True
rep_082,South - Northeast,385,1287.0,554.0,0.1324675324675324,1.035428051759977,0.9478810520601164,1.123534689819994,False,False,kept,0.0203681887866181,0.025600565542354,0.1138246365844662,0.25,False,False,kept,single df,0.0237986688683403,0.0013032643824871,384,0.022984377164486,0.0010253318420491,384,1.0661396193659795e-06,9,0.0055555555555555,0.9888888888888888,kept,True
rep_083,Republican - Democrat,383,877.0,1237.0,0.031331592689295,1.010206759313921,0.9963355075141186,1.0247699754874342,False,False,kept,0.101316575113117,0.1352634087968122,0.1434898807695391,0.25,False,False,kept,single df,0.1194973494320946,0.0066416201039498,382,0.1182899919549646,0.0066520213950462,382,4.39727768122537e-05,9,0.0055555555555555,0.9888888888888888,kept,True
rep_083,Female - Male,384,1858.5,1548.0,0.0572916666666666,1.0050925436331477,0.9769492218496038,1.0334093819337289,False,False,kept,0.0377833623397615,0.053654242926846,0.1735706063255838,0.25,False,False,kept,single df,0.0459516276305691,0.0031566956326781,383,0.0457188026333037,0.0031100039412661,383,9.694365831037371e-06,9,0.0055555555555555,0.9888888888888888,kept,True
rep_083,Black - White,385,341.0,2607.0,0.0519480519480519,1.0008238608149156,0.967077257563904,1.0342888960773735,False,False,kept,0.065661662064632,0.083127565435944,0.1173868811923518,0.25,False,False,kept,single df,0.0744559045573976,0.0035939674457539,384,0.074394613750288,0.0034226027124533,384,1.1841892562766934e-05,9,0.0055555555555555,0.9888888888888888,kept,True
rep_083,Hispanic - White,385,175.0,2607.0,0.1012987012987013,1.0162286213742628,0.9589854182955634,1.0742032563097117,False,False,kept,0.0487392316228472,0.0610008204491476,0.1117330326967233,0.25,False,False,kept,single df,0.0557604909133315,0.0026717602072142,384,0.0548700260359974,0.0024027699159732,384,5.699983476214992e-06,9,0.0055555555555555,0.9888888888888888,kept,True
rep_083,Asian - White,385,114.0,2607.0,0.1116883116883116,1.0037465970939996,0.9422612859794968,1.0656898175636638,False,False,kept,0.0533186238971322,0.0665580583923153,0.1104421163676844,0.25,False,False,kept,single df,0.0601629059594757,0.002933748217836,384,0.0599383411447238,0.0025943876735852,384,6.631263628912463e-06,9,0.0055555555555555,0.9888888888888888,kept,True
rep_083,Less than high school - Postgraduate,385,144.0,692.0,0.0779220779220779,1.0137280498340453,0.965580011690581,1.0619719593179209,False,False,kept,0.0743241000888551,0.0902759569019563,0.0969128267919841,0.25,False,False,kept,single df,0.083429847387934,0.0035121542119886,384,0.0823000284954057,0.0031259115109307,384,9.856061195495943e-06,9,0.0055555555555555,0.9888888888888888,kept,True
rep_083,"Less than $30,000 - $100,000 or more",385,673.0,833.0,0.0675324675324675,0.9933583286000462,0.9584882852724456,1.0278955662627014,False,False,kept,0.0565221721177537,0.0696021188076135,0.1037068006003678,0.25,False,False,kept,single df,0.0626433074147444,0.0027221653736644,384,0.0630621454626836,0.002563134586728,384,6.626577896508729e-06,9,0.0055555555555555,0.9888888888888888,kept,True
rep_083,18-29 - 65+,380,462.0,781.5,0.0526315789473684,1.013513670027213,0.9835295422860202,1.0441664686326646,False,False,kept,0.0662196552818754,0.0832190824900499,0.1137551578769301,0.25,False,False,kept,single df,0.0757291017817292,0.0034061153427587,379,0.0747193688859627,0.0033309784640319,379,1.0962395865767232e-05,9,0.0055555555555555,0.9888888888888888,kept,True
rep_083,South - Northeast,385,1287.0,554.0,0.1376623376623376,1.0063959682422454,0.9161458545482593,1.0975594546532943,False,False,kept,0.0203681887866181,0.025600565542354,0.1138246365844662,0.25,False,False,kept,single df,0.0231313845108979,0.0012845769748619,384,0.022984377164486,0.0010253318420491,384,1.0214522669149048e-06,9,0.0055555555555555,0.9888888888888888,kept,True
rep_084,Republican - Democrat,383,877.0,1237.0,0.0443864229765013,1.000940611608045,0.9860122047519468,1.0159881643453172,False,False,kept,0.101316575113117,0.1352634087968122,0.1434898807695391,0.25,False,False,kept,single df,0.118401256894513,0.006674914233141,382,0.1182899919549646,0.0066520213950462,382,4.4165615600133045e-05,9,0.0055555555555555,0.9888888888888888,kept,True
rep_084,Female - Male,384,1858.5,1548.0,0.0625,1.007765185065736,0.9761056512517404,1.0397480557987502,False,False,kept,0.0377833623397615,0.053654242926846,0.1735706063255838,0.25,False,False,kept,single df,0.0460738175967352,0.0031680823350459,383,0.0457188026333037,0.0031100039412661,383,9.696890747321168e-06,9,0.0055555555555555,0.9888888888888888,kept,True
rep_084,Black - White,385,341.0,2607.0,0.0571428571428571,0.9935766210786632,0.9614338851595092,1.0251160893531883,False,False,kept,0.065661662064632,0.083127565435944,0.1173868811923518,0.25,False,False,kept,single df,0.0739167489564634,0.0035939759905371,384,0.074394613750288,0.0034226027124533,384,1.1891852297450286e-05,9,0.0055555555555555,0.9888888888888888,kept,True
rep_084,Hispanic - White,385,175.0,2607.0,0.1142857142857142,1.00407683440386,0.9488499111083988,1.0592280594280978,False,False,kept,0.0487392316228472,0.0610008204491476,0.1117330326967233,0.25,False,False,kept,single df,0.0550937220458817,0.0026918640737991,384,0.0548700260359974,0.0024027699159732,384,5.814124744205822e-06,9,0.0055555555555555,0.9888888888888888,kept,True
rep_084,Asian - White,385,114.0,2607.0,0.0961038961038961,1.0124114944296967,0.9502328212144764,1.0749844137379208,False,False,kept,0.0533186238971322,0.0665580583923153,0.1104421163676844,0.25,False,False,kept,single df,0.0606822655319668,0.0029668483617888,384,0.0599383411447238,0.0025943876735852,384,6.706936923393816e-06,9,0.0055555555555555,0.9888888888888888,kept,True
rep_084,Less than high school - Postgraduate,385,144.0,692.0,0.1142857142857142,0.9852939480782766,0.9395477204079348,1.0303208007484683,False,False,kept,0.0743241000888551,0.0902759569019563,0.0969128267919841,0.25,False,False,kept,single df,0.0810897200031929,0.0035127455024731,384,0.0823000284954057,0.0031259115109307,384,9.99832125479833e-06,9,0.0055555555555555,0.9888888888888888,kept,True
rep_084,"Less than $30,000 - $100,000 or more",385,673.0,833.0,0.0727272727272727,0.9985528770613388,0.965887142770231,1.0310095905023775,False,False,kept,0.0565221721177537,0.0696021188076135,0.1037068006003678,0.25,False,False,kept,single df,0.0629708867854234,0.0027050773169262,384,0.0630621454626836,0.002563134586728,384,6.623304485248983e-06,9,0.0055555555555555,0.9888888888888888,kept,True
rep_084,18-29 - 65+,380,462.0,781.5,0.0763157894736842,0.9742449974549862,0.9431556971544068,1.004253776064087,False,False,kept,0.0662196552818754,0.0832190824900499,0.1137551578769301,0.25,False,False,kept,single df,0.0727949713501429,0.0034945361744716,379,0.0747193688859627,0.0033309784640319,379,1.1266899423713496e-05,9,0.0055555555555555,0.9888888888888888,kept,True
rep_084,South - Northeast,385,1287.0,554.0,0.174025974025974,0.9446025326976328,0.8553788562108661,1.03240322753394,False,False,kept,0.0203681887866181,0.025600565542354,0.1138246365844662,0.25,False,False,kept,single df,0.0217111008820511,0.001293501941679,384,0.022984377164486,0.0010253318420491,384,1.0500509389381447e-06,9,0.0055555555555555,0.9888888888888888,kept,True
rep_085,Republican - Democrat,383,877.0,1237.0,0.04177545691906,1.0033503455250865,0.989357432892759,1.0175968283850123,False,False,kept,0.101316575113117,0.1352634087968122,0.1434898807695391,0.25,False,False,kept,single df,0.1186863043001734,0.0066656185394501,382,0.1182899919549646,0.0066520213950462,382,4.413077057441471e-05,9,0.0055555555555555,0.9888888888888888,kept,True
rep_085,Female - Male,384,1858.5,1548.0,0.0703125,0.9857158830077396,0.9449685026610524,1.0254329724860365,False,False,kept,0.0377833623397615,0.053654242926846,0.1735706063255838,0.25,False,False,kept,single df,0.0450657499077436,0.0031965492955095,383,0.0457188026333037,0.0031100039412661,383,9.694370445344382e-06,9,0.0055555555555555,0.9888888888888888,kept,True
rep_085,Black - White,385,341.0,2607.0,0.0467532467532467,0.996987810274788,0.9657294523905088,1.028290240246963,False,False,kept,0.065661662064632,0.083127565435944,0.1173868811923518,0.25,False,False,kept,single df,0.0741705230591383,0.0035252294650001,384,0.074394613750288,0.0034226027124533,384,1.1660449034732264e-05,9,0.0055555555555555,0.9888888888888888,kept,True
rep_085,Hispanic - White,385,175.0,2607.0,0.1194805194805194,1.0046179801116166,0.9531781779073564,1.0556844273355837,False,False,kept,0.0487392316228472,0.0610008204491476,0.1117330326967233,0.25,False,False,kept,single df,0.0551234147249555,0.002682843093589,384,0.0548700260359974,0.0024027699159732,384,5.885214815557253e-06,9,0.0055555555555555,0.9888888888888888,kept,True
rep_085,Asian - White,385,114.0,2607.0,0.1168831168831168,0.9946186962633724,0.929422097121384,1.0597516319153766,False,False,kept,0.0533186238971322,0.0665580583923153,0.1104421163676844,0.25,False,False,kept,single df,0.0596157947255544,0.0030013036628957,384,0.0599383411447238,0.0025943876735852,384,6.711977921446148e-06,9,0.0055555555555555,0.9888888888888888,kept,True
rep_085,Less than high school - Postgraduate,385,144.0,692.0,0.0831168831168831,1.0122996869260932,0.9684741289317668,1.056376147149825,False,False,kept,0.0743241000888551,0.0902759569019563,0.0969128267919841,0.25,False,False,kept,single df,0.0833122930799077,0.0034266899146759,384,0.0823000284954057,0.0031259115109307,384,9.762216325837684e-06,9,0.0055555555555555,0.9888888888888888,kept,True
rep_085,"Less than $30,000 - $100,000 or more",385,673.0,833.0,0.0623376623376623,0.9910637587038216,0.960139710864918,1.0217737003655782,False,False,kept,0.0565221721177537,0.0696021188076135,0.1037068006003678,0.25,False,False,kept,single df,0.0624986069141744,0.0026748554327149,384,0.0630621454626836,0.002563134586728,384,6.5756399914203e-06,9,0.0055555555555555,0.9888888888888888,kept,True
rep_085,18-29 - 65+,380,462.0,781.5,0.0578947368421052,1.0166594983167518,0.9849438904752456,1.0492205031712611,False,False,kept,0.0662196552818754,0.0832190824900499,0.1137551578769301,0.25,False,False,kept,single df,0.0759641560861471,0.0034080464580854,379,0.0747193688859627,0.0033309784640319,379,1.0922514933473824e-05,9,0.0055555555555555,0.9888888888888888,kept,True
rep_085,South - Northeast,385,1287.0,554.0,0.1454545454545454,1.0067403020345682,0.918326126126402,1.0947265558799282,False,False,kept,0.0203681887866181,0.025600565542354,0.1138246365844662,0.25,False,False,kept,single df,0.0231392988086511,0.0013126649930351,384,0.022984377164486,0.0010253318420491,384,1.0755282149939646e-06,9,0.0055555555555555,0.9888888888888888,kept,True
rep_086,Republican - Democrat,383,877.0,1237.0,0.0496083550913838,0.9959040610003964,0.9806163121000642,1.0111128740340032,False,False,kept,0.101316575113117,0.1352634087968122,0.1434898807695391,0.25,False,False,kept,single df,0.1178054833636534,0.0066740183729575,382,0.1182899919549646,0.0066520213950462,382,4.415122152940324e-05,9,0.0055555555555555,0.9888888888888888,kept,True
rep_086,Female - Male,384,1858.5,1548.0,0.078125,1.0133239718446616,0.9830975047000802,1.0445037921427074,False,False,kept,0.0377833623397615,0.053654242926846,0.1735706063255838,0.25,False,False,kept,single df,0.0463279586723615,0.0031502754517257,383,0.0457188026333037,0.0031100039412661,383,9.652570201960813e-06,9,0.0055555555555555,0.9888888888888888,kept,True
rep_086,Black - White,385,341.0,2607.0,0.0207792207792207,1.0207508767688285,0.9886594453810188,1.0540816977918974,False,False,kept,0.065661662064632,0.083127565435944,0.1173868811923518,0.25,False,False,kept,single df,0.0759383672124848,0.003470090681402,384,0.074394613750288,0.0034226027124533,384,1.1437741458858592e-05,9,0.0055555555555555,0.9888888888888888,kept,True
rep_086,Hispanic - White,385,175.0,2607.0,0.0961038961038961,1.002415983710239,0.945870771719246,1.0597307732042098,False,False,kept,0.0487392316228472,0.0610008204491476,0.1117330326967233,0.25,False,False,kept,single df,0.0550025911250808,0.002632291722934,384,0.0548700260359974,0.0024027699159732,384,5.611528889001613e-06,9,0.0055555555555555,0.9888888888888888,kept,True
rep_086,Asian - White,385,114.0,2607.0,0.109090909090909,0.9819715937250572,0.9095139007361612,1.0538943241834524,False,False,kept,0.0533186238971322,0.0665580583923153,0.1104421163676844,0.25,False,False,kept,single df,0.0588577483791206,0.0031011870912607,384,0.0599383411447238,0.0025943876735852,384,6.755303059959323e-06,9,0.0055555555555555,0.9888888888888888,kept,True
rep_086,Less than high school - Postgraduate,385,144.0,692.0,0.0805194805194805,0.988163706350934,0.9438503325436716,1.0320774850258327,False,False,kept,0.0743241000888551,0.0902759569019563,0.0969128267919841,0.25,False,False,kept,single df,0.0813259011908076,0.0034574348339069,384,0.0823000284954057,0.0031259115109307,384,9.861579079518286e-06,9,0.0055555555555555,0.9888888888888888,kept,True
rep_086,"Less than $30,000 - $100,000 or more",385,673.0,833.0,0.0597402597402597,0.9997546399101574,0.96850615171039,1.0311665030774757,False,False,kept,0.0565221721177537,0.0696021188076135,0.1037068006003678,0.25,False,False,kept,single df,0.0630466725290072,0.0026572304423719,384,0.0630621454626836,0.002563134586728,384,6.518685552684176e-06,9,0.0055555555555555,0.9888888888888888,kept,True
rep_086,18-29 - 65+,380,462.0,781.5,0.0657894736842105,1.0013986074408354,0.9710299871450816,1.0313454456450075,False,False,kept,0.0662196552818754,0.0832190824900499,0.1137551578769301,0.25,False,False,kept,single df,0.0748238719512611,0.0035005206584231,379,0.0747193688859627,0.0033309784640319,379,1.128942120402445e-05,9,0.0055555555555555,0.9888888888888888,kept,True
rep_086,South - Northeast,385,1287.0,554.0,0.1454545454545454,0.9701247485248286,0.8802578183790536,1.0602977298041278,False,False,kept,0.0203681887866181,0.025600565542354,0.1138246365844662,0.25,False,False,kept,single df,0.0222977131166968,0.0012707022145747,384,0.022984377164486,0.0010253318420491,384,1.0076411454761051e-06,9,0.0055555555555555,0.9888888888888888,kept,True
rep_087,Republican - Democrat,383,877.0,1237.0,0.0443864229765013,0.9919278398950664,0.9769698839757304,1.006550045353996,False,False,kept,0.101316575113117,0.1352634087968122,0.1434898807695391,0.25,False,False,kept,single df,0.1173351362010928,0.0066857525400639,382,0.1182899919549646,0.0066520213950462,382,4.424555950134796e-05,9,0.0055555555555555,0.9888888888888888,kept,True
rep_087,Female - Male,384,1858.5,1548.0,0.0546875,1.0183715875229098,0.9896906157352748,1.0491417340301714,False,False,kept,0.0377833623397615,0.053654242926846,0.1735706063255838,0.25,False,False,kept,single df,0.0465587296173241,0.0031053339657892,383,0.0457188026333037,0.0031100039412661,383,9.52455784140963e-06,9,0.0055555555555555,0.9888888888888888,kept,True
rep_087,Black - White,385,341.0,2607.0,0.0623376623376623,0.9949697980000178,0.961491876275509,1.0284690744886151,False,False,kept,0.065661662064632,0.083127565435944,0.1173868811923518,0.25,False,False,kept,single df,0.0740203938154134,0.0035382324540967,384,0.074394613750288,0.0034226027124533,384,1.164633264254794e-05,9,0.0055555555555555,0.9888888888888888,kept,True
rep_087,Hispanic - White,385,175.0,2607.0,0.109090909090909,1.034529049571048,0.9739643186096562,1.096208862656119,False,False,kept,0.0487392316228472,0.0610008204491476,0.1117330326967233,0.25,False,False,kept,single df,0.0567646358849591,0.0027125681339483,384,0.0548700260359974,0.0024027699159732,384,5.718036062281546e-06,9,0.0055555555555555,0.9888888888888888,kept,True
rep_087,Asian - White,385,114.0,2607.0,0.1012987012987013,0.9940973413808738,0.932791357920538,1.0553832315761007,False,False,kept,0.0533186238971322,0.0665580583923153,0.1104421163676844,0.25,False,False,kept,single df,0.0595845455787497,0.0029513604208278,384,0.0599383411447238,0.0025943876735852,384,6.696593853450954e-06,9,0.0055555555555555,0.9888888888888888,kept,True
rep_087,Less than high school - Postgraduate,385,144.0,692.0,0.0987012987012987,1.0014817041009012,0.9541777667092072,1.048749382647949,False,False,kept,0.0743241000888551,0.0902759569019563,0.0969128267919841,0.25,False,False,kept,single df,0.0824219727851316,0.0034845523507897,384,0.0823000284954057,0.0031259115109307,384,9.804485272853065e-06,9,0.0055555555555555,0.9888888888888888,kept,True
rep_087,"Less than $30,000 - $100,000 or more",385,673.0,833.0,0.0701298701298701,0.9893216333615872,0.9578956112226108,1.0209899685809305,False,False,kept,0.0565221721177537,0.0696021188076135,0.1037068006003678,0.25,False,False,kept,single df,0.0623887447524282,0.0026242368850159,384,0.0630621454626836,0.002563134586728,384,6.426294229176207e-06,9,0.0055555555555555,0.9888888888888888,kept,True
rep_087,18-29 - 65+,380,462.0,781.5,0.0631578947368421,1.0100817289104058,0.980201780862315,1.0398585614728422,False,False,kept,0.0662196552818754,0.0832190824900499,0.1137551578769301,0.25,False,False,kept,single df,0.0754726693074275,0.0034873245045635,379,0.0747193688859627,0.0033309784640319,379,1.1250913903232816e-05,9,0.0055555555555555,0.9888888888888888,kept,True
rep_087,South - Northeast,385,1287.0,554.0,0.1506493506493506,1.0300135494368574,0.9383211443045292,1.1205920261454991,False,False,kept,0.0203681887866181,0.025600565542354,0.1138246365844662,0.25,False,False,kept,single df,0.0236742199047877,0.0013683760101525,384,0.022984377164486,0.0010253318420491,384,1.127467549987001e-06,9,0.0055555555555555,0.9888888888888888,kept,True
rep_088,Republican - Democrat,383,877.0,1237.0,0.0287206266318537,0.9902841274770632,0.976016111817112,1.0042015541084015,False,False,kept,0.101316575113117,0.1352634087968122,0.1434898807695391,0.25,False,False,kept,single df,0.1171407014723909,0.0066740153805853,382,0.1182899919549646,0.0066520213950462,382,4.418844301386224e-05,9,0.0055555555555555,0.9888888888888888,kept,True
rep_088,Female - Male,384,1858.5,1548.0,0.078125,0.9556089366004684,0.8712001339437331,1.0380987317313028,False,False,kept,0.0377833623397615,0.053654242926846,0.1735706063255838,0.25,False,False,kept,single df,0.0436892963670581,0.0034016973754956,383,0.0457188026333037,0.0031100039412661,383,9.541534626397564e-06,9,0.0055555555555555,0.9888888888888888,kept,True
rep_088,Black - White,385,341.0,2607.0,0.0519480519480519,1.0092074728246982,0.9785774390641236,1.0399305367878997,False,False,kept,0.065661662064632,0.083127565435944,0.1173868811923518,0.25,False,False,kept,single df,0.0750796001346977,0.003555442821788,384,0.074394613750288,0.0034226027124533,384,1.1783069642085729e-05,9,0.0055555555555555,0.9888888888888888,kept,True
rep_088,Hispanic - White,385,175.0,2607.0,0.0883116883116883,1.0224133374076938,0.9644919359280534,1.0802967774597416,False,False,kept,0.0487392316228472,0.0610008204491476,0.1117330326967233,0.25,False,False,kept,single df,0.0560998464431112,0.0027538715676526,384,0.0548700260359974,0.0024027699159732,384,5.9113702404386e-06,9,0.0055555555555555,0.9888888888888888,kept,True
rep_088,Asian - White,385,114.0,2607.0,0.0883116883116883,1.033855228371517,0.9713279754300556,1.0974280767087154,False,False,kept,0.0533186238971322,0.0665580583923153,0.1104421163676844,0.25,False,False,kept,single df,0.0619675673723883,0.0029617278664804,384,0.0599383411447238,0.0025943876735852,384,6.673748518115947e-06,9,0.0055555555555555,0.9888888888888888,kept,True
rep_088,Less than high school - Postgraduate,385,144.0,692.0,0.0779220779220779,0.984560363312036,0.9398868502676782,1.0290135260881974,False,False,kept,0.0743241000888551,0.0902759569019563,0.0969128267919841,0.25,False,False,kept,single df,0.0810293459560275,0.0034266845983885,384,0.0823000284954057,0.0031259115109307,384,9.734004244103275e-06,9,0.0055555555555555,0.9888888888888888,kept,True
rep_088,"Less than $30,000 - $100,000 or more",385,673.0,833.0,0.0441558441558441,1.0018244615777443,0.9693349495306056,1.0347456029797015,False,False,kept,0.0565221721177537,0.0696021188076135,0.1037068006003678,0.25,False,False,kept,single df,0.0631771999240904,0.0026417190779548,384,0.0630621454626836,0.002563134586728,384,6.451234323809816e-06,9,0.0055555555555555,0.9888888888888888,kept,True
rep_088,18-29 - 65+,380,462.0,781.5,0.0842105263157894,0.9911941826952292,0.9608756133699696,1.020547982881277,False,False,kept,0.0662196552818754,0.0832190824900499,0.1137551578769301,0.25,False,False,kept,single df,0.0740614037744251,0.0035303562593325,379,0.0747193688859627,0.0033309784640319,379,1.140597469905953e-05,9,0.0055555555555555,0.9888888888888888,kept,True
rep_088,South - Northeast,385,1287.0,554.0,0.1272727272727272,0.988215154602316,0.9074487930797857,1.068836457687714,False,False,kept,0.0203681887866181,0.025600565542354,0.1138246365844662,0.25,False,False,kept,single df,0.0227135098330405,0.0012488700074334,384,0.022984377164486,0.0010253318420491,384,1.0447249745116766e-06,9,0.0055555555555555,0.9888888888888888,kept,True
rep_089,Republican - Democrat,383,877.0,1237.0,0.0365535248041775,0.9992318422971096,0.9851752741312751,1.0131616177739504,False,False,kept,0.101316575113117,0.1352634087968122,0.1434898807695391,0.25,False,False,kept,single df,0.1181991265864695,0.0066977803232678,382,0.1182899919549646,0.0066520213950462,382,4.434884050737733e-05,9,0.0055555555555555,0.9888888888888888,kept,True
rep_089,Female - Male,384,1858.5,1548.0,0.0677083333333333,1.0148145389001897,0.9857469511352392,1.0441808486918511,False,False,kept,0.0377833623397615,0.053654242926846,0.1735706063255838,0.25,False,False,kept,single df,0.0463961056133849,0.0031831153411536,383,0.0457188026333037,0.0031100039412661,383,9.768905213073062e-06,9,0.0055555555555555,0.9888888888888888,kept,True
rep_089,Black - White,385,341.0,2607.0,0.0571428571428571,1.0081484386240434,0.9778635260918812,1.0386298480205367,False,False,kept,0.065661662064632,0.083127565435944,0.1173868811923518,0.25,False,False,kept,single df,0.0750008136943916,0.0035374781192421,384,0.074394613750288,0.0034226027124533,384,1.1727291015844228e-05,9,0.0055555555555555,0.9888888888888888,kept,True
rep_089,Hispanic - White,385,175.0,2607.0,0.1116883116883116,0.9997526309232284,0.9421794443334854,1.056343403644218,False,False,kept,0.0487392316228472,0.0610008204491476,0.1117330326967233,0.25,False,False,kept,single df,0.0548564528883144,0.0027761248387875,384,0.0548700260359974,0.0024027699159732,384,5.996196017067041e-06,9,0.0055555555555555,0.9888888888888888,kept,True
rep_089,Asian - White,385,114.0,2607.0,0.1064935064935064,0.997405979315518,0.9320696769680706,1.0620785523783869,False,False,kept,0.0533186238971322,0.0665580583923153,0.1104421163676844,0.25,False,False,kept,single df,0.0597828598480008,0.0030594280234984,384,0.0599383411447238,0.0025943876735852,384,6.8942844690699205e-06,9,0.0055555555555555,0.9888888888888888,kept,True
rep_089,Less than high school - Postgraduate,385,144.0,692.0,0.0805194805194805,1.0000322409513491,0.954649726089194,1.0451123643846258,False,False,kept,0.0743241000888551,0.0902759569019563,0.0969128267919841,0.25,False,False,kept,single df,0.0823026819266204,0.0034917150135036,384,0.0823000284954057,0.0031259115109307,384,9.9274610066692e-06,9,0.0055555555555555,0.9888888888888888,kept,True
rep_089,"Less than $30,000 - $100,000 or more",385,673.0,833.0,0.0909090909090909,0.993610025078504,0.959890533959988,1.026921798696551,False,False,kept,0.0565221721177537,0.0696021188076135,0.1037068006003678,0.25,False,False,kept,single df,0.0626591799346813,0.002722042752593,384,0.0630621454626836,0.002563134586728,384,6.650865003131645e-06,9,0.0055555555555555,0.9888888888888888,kept,True
rep_089,18-29 - 65+,380,462.0,781.5,0.0631578947368421,0.999891058325915,0.9694893251842608,1.0308589439952678,False,False,kept,0.0662196552818754,0.0832190824900499,0.1137551578769301,0.25,False,False,kept,single df,0.0747112288328296,0.0033779734795861,379,0.0747193688859627,0.0033309784640319,379,1.0854629989242724e-05,9,0.0055555555555555,0.9888888888888888,kept,True
rep_089,South - Northeast,385,1287.0,554.0,0.1584415584415584,1.005732780241861,0.917508330529717,1.0933119744564268,False,False,kept,0.0203681887866181,0.025600565542354,0.1138246365844662,0.25,False,False,kept,single df,0.0231161415477661,0.0013168965311169,384,0.022984377164486,0.0010253318420491,384,1.0831724107415665e-06,9,0.0055555555555555,0.9888888888888888,kept,True
rep_090,Republican - Democrat,383,877.0,1237.0,0.0443864229765013,0.9959013327642104,0.9804168802936952,1.0110067324499126,False,False,kept,0.101316575113117,0.1352634087968122,0.1434898807695391,0.25,False,False,kept,single df,0.117805160640617,0.0067211852340376,382,0.1182899919549646,0.0066520213950462,382,4.446695746154368e-05,9,0.0055555555555555,0.9888888888888888,kept,True
rep_090,Female - Male,384,1858.5,1548.0,0.0520833333333333,0.9905016977252448,0.9520026462696174,1.0283107576496795,False,False,kept,0.0377833623397615,0.053654242926846,0.1735706063255838,0.25,False,False,kept,single df,0.0452845516262527,0.0031867393471659,383,0.0457188026333037,0.0031100039412661,383,9.687678995914025e-06,9,0.0055555555555555,0.9888888888888888,kept,True
rep_090,Black - White,385,341.0,2607.0,0.0545454545454545,0.9977641023348558,0.9653476784551724,1.0301784330023325,False,False,kept,0.065661662064632,0.083127565435944,0.1173868811923518,0.25,False,False,kept,single df,0.0742282750071044,0.00354183324225,384,0.074394613750288,0.0034226027124533,384,1.1688895021553064e-05,9,0.0055555555555555,0.9888888888888888,kept,True
rep_090,Hispanic - White,385,175.0,2607.0,0.109090909090909,0.9986302137907788,0.9449335780129524,1.05333280903963,False,False,kept,0.0487392316228472,0.0610008204491476,0.1117330326967233,0.25,False,False,kept,single df,0.0547948658310337,0.0025768466257278,384,0.0548700260359974,0.0024027699159732,384,5.5356978742627e-06,9,0.0055555555555555,0.9888888888888888,kept,True
rep_090,Asian - White,385,114.0,2607.0,0.135064935064935,0.9951310788384324,0.932882141959162,1.05680552438888,False,False,kept,0.0533186238971322,0.0665580583923153,0.1104421163676844,0.25,False,False,kept,single df,0.059646506087135,0.0030116096348243,384,0.0599383411447238,0.0025943876735852,384,6.854650977721765e-06,9,0.0055555555555555,0.9888888888888888,kept,True
rep_090,Less than high school - Postgraduate,385,144.0,692.0,0.0623376623376623,1.0237257576979322,0.9785718413694922,1.0703984260101125,False,False,kept,0.0743241000888551,0.0902759569019563,0.0969128267919841,0.25,False,False,kept,single df,0.0842526590300206,0.0032878671479581,384,0.0823000284954057,0.0031259115109307,384,9.220537431138436e-06,9,0.0055555555555555,0.9888888888888888,kept,True
rep_090,"Less than $30,000 - $100,000 or more",385,673.0,833.0,0.0623376623376623,1.0076823269943025,0.977363316799591,1.0383577473434122,False,False,kept,0.0565221721177537,0.0696021188076135,0.1037068006003678,0.25,False,False,kept,single df,0.0635466094850902,0.0026487668681277,384,0.0630621454626836,0.002563134586728,384,6.512444914082132e-06,9,0.0055555555555555,0.9888888888888888,kept,True
rep_090,18-29 - 65+,380,462.0,781.5,0.0657894736842105,0.9803345260956544,0.9477832213779396,1.0123680587573418,False,False,kept,0.0662196552818754,0.0832190824900499,0.1137551578769301,0.25,False,False,kept,single df,0.0732499770869866,0.0034605513647624,379,0.0747193688859627,0.0033309784640319,379,1.109632650332068e-05,9,0.0055555555555555,0.9888888888888888,kept,True
rep_090,South - Northeast,385,1287.0,554.0,0.1324675324675324,1.0420735840768731,0.959531084627598,1.1238555886276116,False,False,kept,0.0203681887866181,0.025600565542354,0.1138246365844662,0.25,False,False,kept,single df,0.0239514122895706,0.0013212753230302,384,0.022984377164486,0.0010253318420491,384,1.125992609901581e-06,9,0.0055555555555555,0.9888888888888888,kept,True
rep_091,Republican - Democrat,383,877.0,1237.0,0.0391644908616188,1.000016963035143,0.9852326723623248,1.0150458576385692,False,False,kept,0.101316575113117,0.1352634087968122,0.1434898807695391,0.25,False,False,kept,single df,0.1182919985122552,0.0066485867301109,382,0.1182899919549646,0.0066520213950462,382,4.399270697470609e-05,9,0.0055555555555555,0.9888888888888888,kept,True
rep_091,Female - Male,384,1858.5,1548.0,0.0651041666666666,0.9937704274159108,0.9546610834328404,1.0328563402869215,False,False,kept,0.0377833623397615,0.053654242926846,0.1735706063255838,0.25,False,False,kept,single df,0.0454339940338419,0.0031678415589511,383,0.0457188026333037,0.0031100039412661,383,9.61551925059314e-06,9,0.0055555555555555,0.9888888888888888,kept,True
rep_091,Black - White,385,341.0,2607.0,0.0519480519480519,0.99625040690556,0.9670918497808342,1.025236694840093,False,False,kept,0.065661662064632,0.083127565435944,0.1173868811923518,0.25,False,False,kept,single df,0.0741156642203064,0.0035325661193789,384,0.074394613750288,0.0034226027124533,384,1.1742500476247735e-05,9,0.0055555555555555,0.9888888888888888,kept,True
rep_091,Hispanic - White,385,175.0,2607.0,0.1272727272727272,0.9691784514201178,0.9117679176905236,1.0255590811956163,False,False,kept,0.0487392316228472,0.0610008204491476,0.1117330326967233,0.25,False,False,kept,single df,0.0531788468629495,0.002712363237334,384,0.0548700260359974,0.0024027699159732,384,5.830525723578225e-06,9,0.0055555555555555,0.9888888888888888,kept,True
rep_091,Asian - White,385,114.0,2607.0,0.1142857142857142,0.9658377620447208,0.903083646805571,1.0278308007849386,False,False,kept,0.0533186238971322,0.0665580583923153,0.1104421163676844,0.25,False,False,kept,single df,0.057890713271893,0.0029664946334939,384,0.0599383411447238,0.0025943876735852,384,6.7083352485076495e-06,9,0.0055555555555555,0.9888888888888888,kept,True
rep_091,Less than high school - Postgraduate,385,144.0,692.0,0.1038961038961039,1.005884194151014,0.9608024783082618,1.0504635880551956,False,False,kept,0.0743241000888551,0.0902759569019563,0.0969128267919841,0.25,False,False,kept,single df,0.0827842978417066,0.0035325091253206,384,0.0823000284954057,0.0031259115109307,384,1.0087667111947757e-05,9,0.0055555555555555,0.9888888888888888,kept,True
rep_091,"Less than $30,000 - $100,000 or more",385,673.0,833.0,0.0727272727272727,0.9969751369826768,0.9619405891839106,1.0315262563835268,False,False,kept,0.0565221721177537,0.0696021188076135,0.1037068006003678,0.25,False,False,kept,single df,0.0628713911110805,0.002748212724271,384,0.0630621454626836,0.002563134586728,384,6.695847612351348e-06,9,0.0055555555555555,0.9888888888888888,kept,True
rep_091,18-29 - 65+,380,462.0,781.5,0.0736842105263157,0.9892631865128542,0.9578448862792472,1.0201451917073756,False,False,kept,0.0662196552818754,0.0832190824900499,0.1137551578769301,0.25,False,False,kept,single df,0.0739171209583568,0.0034826171801205,379,0.0747193688859627,0.0033309784640319,379,1.120323209001203e-05,9,0.0055555555555555,0.9888888888888888,kept,True
rep_091,South - Northeast,385,1287.0,554.0,0.1766233766233766,1.0112744636738586,0.9242617925940338,1.0978437221599586,False,False,kept,0.0203681887866181,0.025600565542354,0.1138246365844662,0.25,False,False,kept,single df,0.0232435136898933,0.0013093384848456,384,0.022984377164486,0.0010253318420491,384,1.0809153426309342e-06,9,0.0055555555555555,0.9888888888888888,kept,True
rep_092,Republican - Democrat,383,877.0,1237.0,0.052219321148825,0.9851021239310778,0.9698234276332336,0.9998662355465544,False,False,kept,0.101316575113117,0.1352634087968122,0.1434898807695391,0.25,False,False,kept,single df,0.1165277223146257,0.0066695267754963,382,0.1182899919549646,0.0066520213950462,382,4.413173898824996e-05,9,0.0055555555555555,0.9888888888888888,kept,True
rep_092,Female - Male,384,1858.5,1548.0,0.046875,1.0223864250453676,0.9387844780063368,1.107914156628719,False,False,kept,0.0377833623397615,0.053654242926846,0.1735706063255838,0.25,False,False,kept,single df,0.0467422831816181,0.0034239418921483,383,0.0457188026333037,0.0031100039412661,383,9.588827702030388e-06,9,0.0055555555555555,0.9888888888888888,kept,True
rep_092,Black - White,385,341.0,2607.0,0.0441558441558441,0.9846107328605918,0.958307547531406,1.0103606464578485,False,False,kept,0.065661662064632,0.083127565435944,0.1173868811923518,0.25,False,False,kept,single df,0.0732497351655517,0.0035186653756958,384,0.074394613750288,0.0034226027124533,384,1.176586588696242e-05,9,0.0055555555555555,0.9888888888888888,kept,True
rep_092,Hispanic - White,385,175.0,2607.0,0.1116883116883116,1.0144515564899477,0.9602136162998935,1.0695929122691004,False,False,kept,0.0487392316228472,0.0610008204491476,0.1117330326967233,0.25,False,False,kept,single df,0.0556629833168615,0.0026246226150758,384,0.0548700260359974,0.0024027699159732,384,5.650453788655512e-06,9,0.0055555555555555,0.9888888888888888,kept,True
rep_092,Asian - White,385,114.0,2607.0,0.1298701298701298,0.9802142342102176,0.909832043596994,1.0502649158898905,False,False,kept,0.0533186238971322,0.0665580583923153,0.1104421163676844,0.25,False,False,kept,single df,0.0587524151650062,0.0030547900675762,384,0.0599383411447238,0.0025943876735852,384,6.688023996276081e-06,9,0.0055555555555555,0.9888888888888888,kept,True
rep_092,Less than high school - Postgraduate,385,144.0,692.0,0.0519480519480519,1.0055971377237094,0.961584937625798,1.0495501761349824,False,False,kept,0.0743241000888551,0.0902759569019563,0.0969128267919841,0.25,False,False,kept,single df,0.0827606730895597,0.0034548518842603,384,0.0823000284954057,0.0031259115109307,384,9.8565004052095e-06,9,0.0055555555555555,0.9888888888888888,kept,True
rep_092,"Less than $30,000 - $100,000 or more",385,673.0,833.0,0.0519480519480519,1.0031317480185116,0.9697286509077964,1.0371368965237482,False,False,kept,0.0565221721177537,0.0696021188076135,0.1037068006003678,0.25,False,False,kept,single df,0.0632596402117795,0.0026329278092096,384,0.0630621454626836,0.002563134586728,384,6.4083321522134784e-06,9,0.0055555555555555,0.9888888888888888,kept,True
rep_092,18-29 - 65+,380,462.0,781.5,0.0710526315789473,1.0102312700899474,0.979940559657437,1.0407019648713105,False,False,kept,0.0662196552818754,0.0832190824900499,0.1137551578769301,0.25,False,False,kept,single df,0.0754838429299854,0.0034570055020925,379,0.0747193688859627,0.0033309784640319,379,1.1132773758040526e-05,9,0.0055555555555555,0.9888888888888888,kept,True
rep_092,South - Northeast,385,1287.0,554.0,0.1428571428571428,1.0360157600147488,0.9537114345611158,1.1196292110223285,False,False,kept,0.0203681887866181,0.025600565542354,0.1138246365844662,0.25,False,False,kept,single df,0.0238121769765306,0.0012533739371423,384,0.022984377164486,0.0010253318420491,384,1.036743260497574e-06,9,0.0055555555555555,0.9888888888888888,kept,True
rep_093,Republican - Democrat,383,877.0,1237.0,0.0574412532637075,0.9877504053705488,0.9708484554654272,1.0043956855234843,False,False,kept,0.101316575113117,0.1352634087968122,0.1434898807695391,0.25,False,False,kept,single df,0.1168409875047952,0.006655657976818,382,0.1182899919549646,0.0066520213950462,382,4.397748245390601e-05,9,0.0055555555555555,0.9888888888888888,kept,True
rep_093,Female - Male,384,1858.5,1548.0,0.0625,1.0196831538427595,0.9417211084271098,1.0988493556468797,False,False,kept,0.0377833623397615,0.053654242926846,0.1735706063255838,0.25,False,False,kept,single df,0.0466186928590418,0.003405304644533,383,0.0457188026333037,0.0031100039412661,383,9.675030005439476e-06,9,0.0055555555555555,0.9888888888888888,kept,True
rep_093,Black - White,385,341.0,2607.0,0.0519480519480519,0.9998999966497808,0.9686619470100216,1.0310662453887496,False,False,kept,0.065661662064632,0.083127565435944,0.1173868811923518,0.25,False,False,kept,single df,0.0743871740396747,0.0035479987078824,384,0.074394613750288,0.0034226027124533,384,1.1743136564163489e-05,9,0.0055555555555555,0.9888888888888888,kept,True
rep_093,Hispanic - White,385,175.0,2607.0,0.0987012987012987,1.0081223267097306,0.9541403008937202,1.0621779929110953,False,False,kept,0.0487392316228472,0.0610008204491476,0.1117330326967233,0.25,False,False,kept,single df,0.0553156983140332,0.0026769672943003,384,0.0548700260359974,0.0024027699159732,384,5.803381141075078e-06,9,0.0055555555555555,0.9888888888888888,kept,True
rep_093,Asian - White,385,114.0,2607.0,0.1246753246753246,1.0038437702867202,0.9390636789293912,1.067994609553853,False,False,kept,0.0533186238971322,0.0665580583923153,0.1104421163676844,0.25,False,False,kept,single df,0.0601687303594512,0.0030646778501866,384,0.0599383411447238,0.0025943876735852,384,6.928219622561989e-06,9,0.0055555555555555,0.9888888888888888,kept,True
rep_093,Less than high school - Postgraduate,385,144.0,692.0,0.0831168831168831,0.9832654716247884,0.937026203105179,1.029651688900447,False,False,kept,0.0743241000888551,0.0902759569019563,0.0969128267919841,0.25,False,False,kept,single df,0.0809227763332686,0.0033924357955275,384,0.0823000284954057,0.0031259115109307,384,9.532081168255022e-06,9,0.0055555555555555,0.9888888888888888,kept,True
rep_093,"Less than $30,000 - $100,000 or more",385,673.0,833.0,0.0597402597402597,0.9965216528379,0.9653267051588812,1.0277051838880882,False,False,kept,0.0565221721177537,0.0696021188076135,0.1037068006003678,0.25,False,False,kept,single df,0.0628427934279776,0.0026680941635219,384,0.0630621454626836,0.002563134586728,384,6.550256727428646e-06,9,0.0055555555555555,0.9888888888888888,kept,True
rep_093,18-29 - 65+,380,462.0,781.5,0.0526315789473684,1.0159738188227097,0.9852479313614408,1.048133434509448,False,False,kept,0.0662196552818754,0.0832190824900499,0.1137551578769301,0.25,False,False,kept,single df,0.0759129225470942,0.0033250883817602,379,0.0747193688859627,0.0033309784640319,379,1.0665942893134723e-05,9,0.0055555555555555,0.9888888888888888,kept,True
rep_093,South - Northeast,385,1287.0,554.0,0.148051948051948,0.9589050033505846,0.8651982728846065,1.0515138636444212,False,False,kept,0.0203681887866181,0.025600565542354,0.1138246365844662,0.25,False,False,kept,single df,0.0220398342619226,0.0013213788464624,384,0.022984377164486,0.0010253318420491,384,1.0520676782562303e-06,9,0.0055555555555555,0.9888888888888888,kept,True
rep_094,Republican - Democrat,383,877.0,1237.0,0.0496083550913838,0.9932126285596105,0.9791212853967554,1.0069367616417335,False,False,kept,0.101316575113117,0.1352634087968122,0.1434898807695391,0.25,False,False,kept,single df,0.1174871138418855,0.0066951857213174,382,0.1182899919549646,0.0066520213950462,382,4.433552014541317e-05,9,0.0055555555555555,0.9888888888888888,kept,True
rep_094,Female - Male,384,1858.5,1548.0,0.0703125,1.0461852566402188,0.963167194456,1.1315384681241576,False,False,kept,0.0377833623397615,0.053654242926846,0.1735706063255838,0.25,False,False,kept,single df,0.0478303372662064,0.0034686954166403,383,0.0457188026333037,0.0031100039412661,383,9.75527987822443e-06,9,0.0055555555555555,0.9888888888888888,kept,True
rep_094,Black - White,385,341.0,2607.0,0.0493506493506493,1.0182748227673466,0.9869739179765368,1.0498688598801402,False,False,kept,0.065661662064632,0.083127565435944,0.1173868811923518,0.25,False,False,kept,single df,0.0757541621314197,0.0035672294356487,384,0.074394613750288,0.0034226027124533,384,1.1805404339348588e-05,9,0.0055555555555555,0.9888888888888888,kept,True
rep_094,Hispanic - White,385,175.0,2607.0,0.0961038961038961,1.0039434488936734,0.951579782751056,1.0570111589524285,False,False,kept,0.0487392316228472,0.0610008204491476,0.1117330326967233,0.25,False,False,kept,single df,0.0550864031794649,0.0026009906788628,384,0.0548700260359974,0.0024027699159732,384,5.635311114608966e-06,9,0.0055555555555555,0.9888888888888888,kept,True
rep_094,Asian - White,385,114.0,2607.0,0.122077922077922,1.0606919041670908,0.993690190590335,1.1285548866554065,False,False,kept,0.0533186238971322,0.0665580583923153,0.1104421163676844,0.25,False,False,kept,single df,0.0635761132014137,0.0030908241519271,384,0.0599383411447238,0.0025943876735852,384,6.904619606916549e-06,9,0.0055555555555555,0.9888888888888888,kept,True
rep_094,Less than high school - Postgraduate,385,144.0,692.0,0.0727272727272727,1.0241379629858929,0.981821904804522,1.0672071908039331,False,False,kept,0.0743241000888551,0.0902759569019563,0.0969128267919841,0.25,False,False,kept,single df,0.0842865835369657,0.0033663151894052,384,0.0823000284954057,0.0031259115109307,384,9.619072064987618e-06,9,0.0055555555555555,0.9888888888888888,kept,True
rep_094,"Less than $30,000 - $100,000 or more",385,673.0,833.0,0.0649350649350649,0.9816596297761044,0.950398047187423,1.0122585222706266,False,False,kept,0.0565221721177537,0.0696021188076135,0.1037068006003678,0.25,False,False,kept,single df,0.0619055623677848,0.0027022244946064,384,0.0630621454626836,0.002563134586728,384,6.6493913281974266e-06,9,0.0055555555555555,0.9888888888888888,kept,True
rep_094,18-29 - 65+,380,462.0,781.5,0.0552631578947368,1.0226296955331664,0.9902866723188404,1.0556047617862545,False,False,kept,0.0662196552818754,0.0832190824900499,0.1137551578769301,0.25,False,False,kept,single df,0.0764102454542823,0.0034581607588573,379,0.0747193688859627,0.0033309784640319,379,1.1079041773165822e-05,9,0.0055555555555555,0.9888888888888888,kept,True
rep_094,South - Northeast,385,1287.0,554.0,0.135064935064935,1.0211128193628538,0.9304916536907568,1.1127914619784305,False,False,kept,0.0203681887866181,0.025600565542354,0.1138246365844662,0.25,False,False,kept,single df,0.0234696421677275,0.001294254128814,384,0.022984377164486,0.0010253318420491,384,1.0311533247799935e-06,9,0.0055555555555555,0.9888888888888888,kept,True
rep_095,Republican - Democrat,383,877.0,1237.0,0.04177545691906,0.997016065851944,0.9814112812816922,1.0124469780177352,False,False,kept,0.101316575113117,0.1352634087968122,0.1434898807695391,0.25,False,False,kept,single df,0.1179370224085969,0.0066975702933453,382,0.1182899919549646,0.0066520213950462,382,4.430034258194214e-05,9,0.0055555555555555,0.9888888888888888,kept,True
rep_095,Female - Male,384,1858.5,1548.0,0.0755208333333333,0.9697677549486206,0.8898368428803202,1.0489450967836702,False,False,kept,0.0377833623397615,0.053654242926846,0.1735706063255838,0.25,False,False,kept,single df,0.044336620588638,0.0033606996186332,383,0.0457188026333037,0.0031100039412661,383,9.497036146104788e-06,9,0.0055555555555555,0.9888888888888888,kept,True
rep_095,Black - White,385,341.0,2607.0,0.0701298701298701,0.9870505804422912,0.9561296477194,1.0172556599352378,False,False,kept,0.065661662064632,0.083127565435944,0.1173868811923518,0.25,False,False,kept,single df,0.0734312466840018,0.0035760617329897,384,0.074394613750288,0.0034226027124533,384,1.1862600391513325e-05,9,0.0055555555555555,0.9888888888888888,kept,True
rep_095,Hispanic - White,385,175.0,2607.0,0.122077922077922,0.9737640053192907,0.9183470020433034,1.0287507448486526,False,False,kept,0.0487392316228472,0.0610008204491476,0.1117330326967233,0.25,False,False,kept,single df,0.0534304563247866,0.002656548306863,384,0.0548700260359974,0.0024027699159732,384,5.720079807090331e-06,9,0.0055555555555555,0.9888888888888888,kept,True
rep_095,Asian - White,385,114.0,2607.0,0.1272727272727272,1.0030608667288463,0.9254094220789608,1.080329130969245,False,False,kept,0.0533186238971322,0.0665580583923153,0.1104421163676844,0.25,False,False,kept,single df,0.0601218044189159,0.0032019018903603,384,0.0599383411447238,0.0025943876735852,384,6.855884068015761e-06,9,0.0055555555555555,0.9888888888888888,kept,True
rep_095,Less than high school - Postgraduate,385,144.0,692.0,0.0883116883116883,0.9703489953075556,0.9244398354994332,1.0159822411946346,False,False,kept,0.0743241000888551,0.0902759569019563,0.0969128267919841,0.25,False,False,kept,single df,0.0798597499643001,0.0034110825737372,384,0.0823000284954057,0.0031259115109307,384,9.623772494567484e-06,9,0.0055555555555555,0.9888888888888888,kept,True
rep_095,"Less than $30,000 - $100,000 or more",385,673.0,833.0,0.0597402597402597,1.0031562037715094,0.968162122294228,1.0387209228181102,False,False,kept,0.0565221721177537,0.0696021188076135,0.1037068006003678,0.25,False,False,kept,single df,0.0632611824440324,0.0026490253587218,384,0.0630621454626836,0.002563134586728,384,6.417984059065354e-06,9,0.0055555555555555,0.9888888888888888,kept,True
rep_095,18-29 - 65+,380,462.0,781.5,0.0657894736842105,0.9916590063758516,0.9621197724205685,1.021666807835833,False,False,kept,0.0662196552818754,0.0832190824900499,0.1137551578769301,0.25,False,False,kept,single df,0.0740961351064844,0.003356789882777,379,0.0747193688859627,0.0033309784640319,379,1.0804586993392742e-05,9,0.0055555555555555,0.9888888888888888,kept,True
rep_095,South - Northeast,385,1287.0,554.0,0.1506493506493506,0.9947859605433168,0.907403344107954,1.0820073684577818,False,False,kept,0.0203681887866181,0.025600565542354,0.1138246365844662,0.25,False,False,kept,single df,0.0228645357150631,0.0012898264796255,384,0.022984377164486,0.0010253318420491,384,1.0522796499512231e-06,9,0.0055555555555555,0.9888888888888888,kept,True
rep_096,Republican - Democrat,383,877.0,1237.0,0.0339425587467362,1.0001456879676478,0.9848613808974022,1.0154172424273744,False,False,kept,0.101316575113117,0.1352634087968122,0.1434898807695391,0.25,False,False,kept,single df,0.1183072253834856,0.0066918191009696,382,0.1182899919549646,0.0066520213950462,382,4.426925666929598e-05,9,0.0055555555555555,0.9888888888888888,kept,True
rep_096,Female - Male,384,1858.5,1548.0,0.0729166666666666,0.9515006613665808,0.8686960051376652,1.0314747226667982,False,False,kept,0.0377833623397615,0.053654242926846,0.1735706063255838,0.25,False,False,kept,single df,0.0435014709424767,0.0034142821257281,383,0.0457188026333037,0.0031100039412661,383,9.643721887611202e-06,9,0.0055555555555555,0.9888888888888888,kept,True
rep_096,Black - White,385,341.0,2607.0,0.0441558441558441,1.0184757115666814,0.9860355404062606,1.0509995489869997,False,False,kept,0.065661662064632,0.083127565435944,0.1173868811923518,0.25,False,False,kept,single df,0.075769107176053,0.0036005825259408,384,0.074394613750288,0.0034226027124533,384,1.1895565064223386e-05,9,0.0055555555555555,0.9888888888888888,kept,True
rep_096,Hispanic - White,385,175.0,2607.0,0.1064935064935064,0.959822762040806,0.906045352776428,1.0132575511890958,False,False,kept,0.0487392316228472,0.0610008204491476,0.1117330326967233,0.25,False,False,kept,single df,0.052665499943122,0.0026040696849681,384,0.0548700260359974,0.0024027699159732,384,5.619580547175388e-06,9,0.0055555555555555,0.9888888888888888,kept,True
rep_096,Asian - White,385,114.0,2607.0,0.1272727272727272,0.965606825940942,0.8946975053062763,1.0364999715681218,False,False,kept,0.0533186238971322,0.0665580583923153,0.1104421163676844,0.25,False,False,kept,single df,0.0578768713449221,0.0030040815031129,384,0.0599383411447238,0.0025943876735852,384,6.503760634652474e-06,9,0.0055555555555555,0.9888888888888888,kept,True
rep_096,Less than high school - Postgraduate,385,144.0,692.0,0.0727272727272727,1.0473998050901523,1.0039102569761738,1.0913426367791372,False,False,kept,0.0743241000888551,0.0902759569019563,0.0969128267919841,0.25,False,False,kept,single df,0.0862010338050019,0.0034928265856337,384,0.0823000284954057,0.0031259115109307,384,1.000090320514811e-05,9,0.0055555555555555,0.9888888888888888,kept,True
rep_096,"Less than $30,000 - $100,000 or more",385,673.0,833.0,0.0675324675324675,1.0023504713592393,0.9704116049614396,1.0346034091637204,False,False,kept,0.0565221721177537,0.0696021188076135,0.1037068006003678,0.25,False,False,kept,single df,0.0632103712294459,0.002651946813202,384,0.0630621454626836,0.002563134586728,384,6.49020849219566e-06,9,0.0055555555555555,0.9888888888888888,kept,True
rep_096,18-29 - 65+,380,462.0,781.5,0.0684210526315789,0.9843608372466038,0.9510816037697192,1.016952018656644,False,False,kept,0.0662196552818754,0.0832190824900499,0.1137551578769301,0.25,False,False,kept,single df,0.073550820515124,0.0034988930616012,379,0.0747193688859627,0.0033309784640319,379,1.1213057504858948e-05,9,0.0055555555555555,0.9888888888888888,kept,True
rep_096,South - Northeast,385,1287.0,554.0,0.1662337662337662,0.9552813501221102,0.8654725360536529,1.0439915782555096,False,False,kept,0.0203681887866181,0.025600565542354,0.1138246365844662,0.25,False,False,kept,single df,0.021956546849406,0.0012967386050726,384,0.022984377164486,0.0010253318420491,384,1.048286775784788e-06,9,0.0055555555555555,0.9888888888888888,kept,True
rep_097,Republican - Democrat,383,877.0,1237.0,0.0391644908616188,0.9913335537004088,0.9771778438784336,1.0051267302054454,False,False,kept,0.101316575113117,0.1352634087968122,0.1434898807695391,0.25,False,False,kept,single df,0.1172648380919078,0.0066823054735935,382,0.1182899919549646,0.0066520213950462,382,4.424745019337636e-05,9,0.0055555555555555,0.9888888888888888,kept,True
rep_097,Female - Male,384,1858.5,1548.0,0.0677083333333333,1.0229938372363745,0.944629548611682,1.10232395579635,False,False,kept,0.0377833623397615,0.053654242926846,0.1735706063255838,0.25,False,False,kept,single df,0.0467700533396958,0.0034278416221839,383,0.0457188026333037,0.0031100039412661,383,9.74415586171905e-06,9,0.0055555555555555,0.9888888888888888,kept,True
rep_097,Black - White,385,341.0,2607.0,0.0571428571428571,0.9955678400847964,0.9673270805954052,1.0238510786450543,False,False,kept,0.065661662064632,0.083127565435944,0.1173868811923518,0.25,False,False,kept,single df,0.0740648849253169,0.0034992574929926,384,0.074394613750288,0.0034226027124533,384,1.1644482994089674e-05,9,0.0055555555555555,0.9888888888888888,kept,True
rep_097,Hispanic - White,385,175.0,2607.0,0.1246753246753246,0.9822398471208325,0.9283157984444288,1.0352699859725996,False,False,kept,0.0487392316228472,0.0610008204491476,0.1117330326967233,0.25,False,False,kept,single df,0.0538955259851142,0.0026975786766876,384,0.0548700260359974,0.0024027699159732,384,5.874880706796604e-06,9,0.0055555555555555,0.9888888888888888,kept,True
rep_097,Asian - White,385,114.0,2607.0,0.1324675324675324,0.9423718054864272,0.870567152171644,1.0129753740556429,False,False,kept,0.0533186238971322,0.0665580583923153,0.1104421163676844,0.25,False,False,kept,single df,0.0564842027624147,0.0030590584314083,384,0.0599383411447238,0.0025943876735852,384,6.670312138404783e-06,9,0.0055555555555555,0.9888888888888888,kept,True
rep_097,Less than high school - Postgraduate,385,144.0,692.0,0.0779220779220779,1.0237389932235923,0.9795157575439688,1.0684580642566528,False,False,kept,0.0743241000888551,0.0902759569019563,0.0969128267919841,0.25,False,False,kept,single df,0.0842537483141596,0.0034286672678186,384,0.0823000284954057,0.0031259115109307,384,9.747778718291186e-06,9,0.0055555555555555,0.9888888888888888,kept,True
rep_097,"Less than $30,000 - $100,000 or more",385,673.0,833.0,0.0519480519480519,0.996069950635813,0.9648696846522198,1.0275088933673968,False,False,kept,0.0565221721177537,0.0696021188076135,0.1037068006003678,0.25,False,False,kept,single df,0.0628143081180037,0.0026395445597564,384,0.0630621454626836,0.002563134586728,384,6.4717270380376034e-06,9,0.0055555555555555,0.9888888888888888,kept,True
rep_097,18-29 - 65+,380,462.0,781.5,0.081578947368421,1.007532941529161,0.9778151265870144,1.0371292921315751,False,False,kept,0.0662196552818754,0.0832190824900499,0.1137551578769301,0.25,False,False,kept,single df,0.0752822255228764,0.0034801110496266,379,0.0747193688859627,0.0033309784640319,379,1.1230398728279568e-05,9,0.0055555555555555,0.9888888888888888,kept,True
rep_097,South - Northeast,385,1287.0,554.0,0.1324675324675324,1.0352619271698222,0.9575573460405528,1.1133376364967418,False,False,kept,0.0203681887866181,0.025600565542354,0.1138246365844662,0.25,False,False,kept,single df,0.0237948505981039,0.0012577326423483,384,0.022984377164486,0.0010253318420491,384,1.0735141139353514e-06,9,0.0055555555555555,0.9888888888888888,kept,True
rep_098,Republican - Democrat,383,877.0,1237.0,0.04177545691906,0.9964373541109,0.9822905865834184,1.0107541458614573,False,False,kept,0.101316575113117,0.1352634087968122,0.1434898807695391,0.25,False,False,kept,single df,0.1178685666014045,0.0066335789658784,382,0.1182899919549646,0.0066520213950462,382,4.391280253464077e-05,9,0.0055555555555555,0.9888888888888888,kept,True
rep_098,Female - Male,384,1858.5,1548.0,0.0729166666666666,1.043578382754982,0.9626916274437436,1.1268332916211743,False,False,kept,0.0377833623397615,0.053654242926846,0.1735706063255838,0.25,False,False,kept,single df,0.0477111541135573,0.003443956413656,383,0.0457188026333037,0.0031100039412661,383,9.72492751048134e-06,9,0.0055555555555555,0.9888888888888888,kept,True
rep_098,Black - White,385,341.0,2607.0,0.0493506493506493,1.017916644138259,0.9883434950080512,1.0475215693951625,False,False,kept,0.065661662064632,0.083127565435944,0.1173868811923518,0.25,False,False,kept,single df,0.0757275155706552,0.0035839409229916,384,0.074394613750288,0.0034226027124533,384,1.1910768201323572e-05,9,0.0055555555555555,0.9888888888888888,kept,True
rep_098,Hispanic - White,385,175.0,2607.0,0.122077922077922,0.9915574385337528,0.934537169292194,1.0482945213542585,False,False,kept,0.0487392316228472,0.0610008204491476,0.1117330326967233,0.25,False,False,kept,single df,0.0544067824685339,0.0026984949711495,384,0.0548700260359974,0.0024027699159732,384,5.789223580420253e-06,9,0.0055555555555555,0.9888888888888888,kept,True
rep_098,Asian - White,385,114.0,2607.0,0.109090909090909,0.9653213542705994,0.901142387218216,1.029760471276344,False,False,kept,0.0533186238971322,0.0665580583923153,0.1104421163676844,0.25,False,False,kept,single df,0.0578597606465579,0.00289646780936,384,0.0599383411447238,0.0025943876735852,384,6.426527795711689e-06,9,0.0055555555555555,0.9888888888888888,kept,True
rep_098,Less than high school - Postgraduate,385,144.0,692.0,0.0701298701298701,1.0185619125997991,0.9736256611877558,1.0634986438442382,False,False,kept,0.0743241000888551,0.0902759569019563,0.0969128267919841,0.25,False,False,kept,single df,0.0838276744312984,0.0034954291588499,384,0.0823000284954057,0.0031259115109307,384,9.952449954438116e-06,9,0.0055555555555555,0.9888888888888888,kept,True
rep_098,"Less than $30,000 - $100,000 or more",385,673.0,833.0,0.0389610389610389,1.0148766703860344,0.9822630261854678,1.0479590184586125,False,False,kept,0.0565221721177537,0.0696021188076135,0.1037068006003678,0.25,False,False,kept,single df,0.0640003002145681,0.0026704146923663,384,0.0630621454626836,0.002563134586728,384,6.525781345154971e-06,9,0.0055555555555555,0.9888888888888888,kept,True
rep_098,18-29 - 65+,380,462.0,781.5,0.0631578947368421,1.018913360596473,0.9901698565069909,1.048311205304834,False,False,kept,0.0662196552818754,0.0832190824900499,0.1137551578769301,0.25,False,False,kept,single df,0.0761325632532438,0.0034161346384819,379,0.0747193688859627,0.0033309784640319,379,1.1028371817600582e-05,9,0.0055555555555555,0.9888888888888888,kept,True
rep_098,South - Northeast,385,1287.0,554.0,0.135064935064935,0.992492402395326,0.911002509054534,1.0730900647040045,False,False,kept,0.0203681887866181,0.025600565542354,0.1138246365844662,0.25,False,False,kept,single df,0.022811819709541,0.0012777104831773,384,0.022984377164486,0.0010253318420491,384,1.0791431966641729e-06,9,0.0055555555555555,0.9888888888888888,kept,True
rep_099,Republican - Democrat,383,877.0,1237.0,0.0496083550913838,0.9996495077973926,0.9837183078583428,1.01535612385121,False,False,kept,0.101316575113117,0.1352634087968122,0.1434898807695391,0.25,False,False,kept,single df,0.1182485322351379,0.0067244056668149,382,0.1182899919549646,0.0066520213950462,382,4.447024184018173e-05,9,0.0055555555555555,0.9888888888888888,kept,True
rep_099,Female - Male,384,1858.5,1548.0,0.0703125,1.0159548556925948,0.9363397983544482,1.0966397943257,False,False,kept,0.0377833623397615,0.053654242926846,0.1735706063255838,0.25,False,False,kept,single df,0.0464482395317563,0.0034124720693684,383,0.0457188026333037,0.0031100039412661,383,9.659874431513316e-06,9,0.0055555555555555,0.9888888888888888,kept,True
rep_099,Black - White,385,341.0,2607.0,0.0441558441558441,1.0049265275252437,0.9751073212660096,1.0351036892968914,False,False,kept,0.065661662064632,0.083127565435944,0.1173868811923518,0.25,False,False,kept,single df,0.0747611208626587,0.0035046774691417,384,0.074394613750288,0.0034226027124533,384,1.1621865950476664e-05,9,0.0055555555555555,0.9888888888888888,kept,True
rep_099,Hispanic - White,385,175.0,2607.0,0.122077922077922,0.9957193565180712,0.9356954121407036,1.0546509805454798,False,False,kept,0.0487392316228472,0.0610008204491476,0.1117330326967233,0.25,False,False,kept,single df,0.0546351470166931,0.0027992986210231,384,0.0548700260359974,0.0024027699159732,384,5.998006355327461e-06,9,0.0055555555555555,0.9888888888888888,kept,True
rep_099,Asian - White,385,114.0,2607.0,0.1506493506493506,1.002968185368271,0.9340594551636232,1.0714543753753394,False,False,kept,0.0533186238971322,0.0665580583923153,0.1104421163676844,0.25,False,False,kept,single df,0.060116249251908,0.0030942406546366,384,0.0599383411447238,0.0025943876735852,384,6.865987612382135e-06,9,0.0055555555555555,0.9888888888888888,kept,True
rep_099,Less than high school - Postgraduate,385,144.0,692.0,0.0753246753246753,1.000120525507892,0.9557296428472876,1.0450611253423727,False,False,kept,0.0743241000888551,0.0902759569019563,0.0969128267919841,0.25,False,False,kept,single df,0.0823099477481396,0.0033560510253122,384,0.0823000284954057,0.0031259115109307,384,9.489229585714464e-06,9,0.0055555555555555,0.9888888888888888,kept,True
rep_099,"Less than $30,000 - $100,000 or more",385,673.0,833.0,0.0467532467532467,0.992883542329096,0.9611530008918612,1.025323143501906,False,False,kept,0.0565221721177537,0.0696021188076135,0.1037068006003678,0.25,False,False,kept,single df,0.062613366373862,0.0025832272920492,384,0.0630621454626836,0.002563134586728,384,6.308673886730208e-06,9,0.0055555555555555,0.9888888888888888,kept,True
rep_099,18-29 - 65+,380,462.0,781.5,0.0657894736842105,1.013184040701696,0.9823963740966442,1.0440297080108258,False,False,kept,0.0662196552818754,0.0832190824900499,0.1137551578769301,0.25,False,False,kept,single df,0.0757044720865602,0.0034848121877858,379,0.0747193688859627,0.0033309784640319,379,1.1217155804130856e-05,9,0.0055555555555555,0.9888888888888888,kept,True
rep_099,South - Northeast,385,1287.0,554.0,0.122077922077922,0.989567844906882,0.9072365436361742,1.0727167582138448,False,False,kept,0.0203681887866181,0.025600565542354,0.1138246365844662,0.25,False,False,kept,single df,0.0227446005771874,0.0012300319431099,384,0.022984377164486,0.0010253318420491,384,1.007595635086816e-06,9,0.0055555555555555,0.9888888888888888,kept,True
