study,column,label,status,reason
accuracy_nudges,StartDate,Start Date,excluded,"survey metadata, timing, display-order, randomiser or other-text column"
accuracy_nudges,EndDate,End Date,excluded,"survey metadata, timing, display-order, randomiser or other-text column"
accuracy_nudges,Progress,Progress,excluded,"survey metadata, timing, display-order, randomiser or other-text column"
accuracy_nudges,Duration (in seconds),Duration (in seconds),excluded,"survey metadata, timing, display-order, randomiser or other-text column"
accuracy_nudges,Finished,Finished,excluded,"survey metadata, timing, display-order, randomiser or other-text column"
accuracy_nudges,RecordedDate,Recorded Date,excluded,"survey metadata, timing, display-order, randomiser or other-text column"
accuracy_nudges,Browser_Browser,Browser Meta Info - Browser,excluded,"survey metadata, timing, display-order, randomiser or other-text column"
accuracy_nudges,Browser_Version,Browser Meta Info - Version,excluded,"survey metadata, timing, display-order, randomiser or other-text column"
accuracy_nudges,Browser_Operating System,Browser Meta Info - Operating System,excluded,"survey metadata, timing, display-order, randomiser or other-text column"
accuracy_nudges,Browser_Resolution,Browser Meta Info - Resolution,excluded,"survey metadata, timing, display-order, randomiser or other-text column"
accuracy_nudges,Fake1_RT_First Click,Timing - First Click,excluded,"survey metadata, timing, display-order, randomiser or other-text column"
accuracy_nudges,Fake1_RT_Last Click,Timing - Last Click,excluded,"survey metadata, timing, display-order, randomiser or other-text column"
accuracy_nudges,Fake1_RT_Page Submit,Timing - Page Submit,excluded,"survey metadata, timing, display-order, randomiser or other-text column"
accuracy_nudges,Fake1_RT_Click Count,Timing - Click Count,excluded,"survey metadata, timing, display-order, randomiser or other-text column"
accuracy_nudges,Fake2_RT_First Click,Timing - First Click,excluded,"survey metadata, timing, display-order, randomiser or other-text column"
accuracy_nudges,Fake2_RT_Last Click,Timing - Last Click,excluded,"survey metadata, timing, display-order, randomiser or other-text column"
accuracy_nudges,Fake2_RT_Page Submit,Timing - Page Submit,excluded,"survey metadata, timing, display-order, randomiser or other-text column"
accuracy_nudges,Fake2_RT_Click Count,Timing - Click Count,excluded,"survey metadata, timing, display-order, randomiser or other-text column"
accuracy_nudges,Real1_RT_First Click,Timing - First Click,excluded,"survey metadata, timing, display-order, randomiser or other-text column"
accuracy_nudges,Real1_RT_Last Click,Timing - Last Click,excluded,"survey metadata, timing, display-order, randomiser or other-text column"
accuracy_nudges,Real1_RT_Page Submit,Timing - Page Submit,excluded,"survey metadata, timing, display-order, randomiser or other-text column"
accuracy_nudges,Real1_RT_Click Count,Timing - Click Count,excluded,"survey metadata, timing, display-order, randomiser or other-text column"
accuracy_nudges,Real2_RT_First Click,Timing - First Click,excluded,"survey metadata, timing, display-order, randomiser or other-text column"
accuracy_nudges,Real2_RT_Last Click,Timing - Last Click,excluded,"survey metadata, timing, display-order, randomiser or other-text column"
accuracy_nudges,Real2_RT_Page Submit,Timing - Page Submit,excluded,"survey metadata, timing, display-order, randomiser or other-text column"
accuracy_nudges,Real2_RT_Click Count,Timing - Click Count,excluded,"survey metadata, timing, display-order, randomiser or other-text column"
accuracy_nudges,Fake1_RT_First Click.1,Timing - First Click,excluded,"survey metadata, timing, display-order, randomiser or other-text column"
accuracy_nudges,Fake1_RT_Last Click.1,Timing - Last Click,excluded,"survey metadata, timing, display-order, randomiser or other-text column"
accuracy_nudges,Fake1_RT_Page Submit.1,Timing - Page Submit,excluded,"survey metadata, timing, display-order, randomiser or other-text column"
accuracy_nudges,Fake1_RT_Click Count.1,Timing - Click Count,excluded,"survey metadata, timing, display-order, randomiser or other-text column"
accuracy_nudges,Fake2_RT_First Click.1,Timing - First Click,excluded,"survey metadata, timing, display-order, randomiser or other-text column"
accuracy_nudges,Fake2_RT_Last Click.1,Timing - Last Click,excluded,"survey metadata, timing, display-order, randomiser or other-text column"
accuracy_nudges,Fake2_RT_Page Submit.1,Timing - Page Submit,excluded,"survey metadata, timing, display-order, randomiser or other-text column"
accuracy_nudges,Fake2_RT_Click Count.1,Timing - Click Count,excluded,"survey metadata, timing, display-order, randomiser or other-text column"
accuracy_nudges,Real1_RT_First Click.1,Timing - First Click,excluded,"survey metadata, timing, display-order, randomiser or other-text column"
accuracy_nudges,Real1_RT_Last Click.1,Timing - Last Click,excluded,"survey metadata, timing, display-order, randomiser or other-text column"
accuracy_nudges,Real1_RT_Page Submit.1,Timing - Page Submit,excluded,"survey metadata, timing, display-order, randomiser or other-text column"
accuracy_nudges,Real1_RT_Click Count.1,Timing - Click Count,excluded,"survey metadata, timing, display-order, randomiser or other-text column"
accuracy_nudges,Real2_RT_First Click.1,Timing - First Click,excluded,"survey metadata, timing, display-order, randomiser or other-text column"
accuracy_nudges,Real2_RT_Last Click.1,Timing - Last Click,excluded,"survey metadata, timing, display-order, randomiser or other-text column"
accuracy_nudges,Real2_RT_Page Submit.1,Timing - Page Submit,excluded,"survey metadata, timing, display-order, randomiser or other-text column"
accuracy_nudges,Real2_RT_Click Count.1,Timing - Click Count,excluded,"survey metadata, timing, display-order, randomiser or other-text column"
accuracy_nudges,Fake1_RT_First Click.2,Timing - First Click,excluded,"survey metadata, timing, display-order, randomiser or other-text column"
accuracy_nudges,Fake1_RT_Last Click.2,Timing - Last Click,excluded,"survey metadata, timing, display-order, randomiser or other-text column"
accuracy_nudges,Fake1_RT_Page Submit.2,Timing - Page Submit,excluded,"survey metadata, timing, display-order, randomiser or other-text column"
accuracy_nudges,Fake1_RT_Click Count.2,Timing - Click Count,excluded,"survey metadata, timing, display-order, randomiser or other-text column"
accuracy_nudges,Fake2_RT_First Click.2,Timing - First Click,excluded,"survey metadata, timing, display-order, randomiser or other-text column"
accuracy_nudges,Fake2_RT_Last Click.2,Timing - Last Click,excluded,"survey metadata, timing, display-order, randomiser or other-text column"
accuracy_nudges,Fake2_RT_Page Submit.2,Timing - Page Submit,excluded,"survey metadata, timing, display-order, randomiser or other-text column"
accuracy_nudges,Fake2_RT_Click Count.2,Timing - Click Count,excluded,"survey metadata, timing, display-order, randomiser or other-text column"
accuracy_nudges,Fake3_RT_First Click,Timing - First Click,excluded,"survey metadata, timing, display-order, randomiser or other-text column"
accuracy_nudges,Fake3_RT_Last Click,Timing - Last Click,excluded,"survey metadata, timing, display-order, randomiser or other-text column"
accuracy_nudges,Fake3_RT_Page Submit,Timing - Page Submit,excluded,"survey metadata, timing, display-order, randomiser or other-text column"
accuracy_nudges,Fake3_RT_Click Count,Timing - Click Count,excluded,"survey metadata, timing, display-order, randomiser or other-text column"
accuracy_nudges,Fake4_RT_First Click,Timing - First Click,excluded,"survey metadata, timing, display-order, randomiser or other-text column"
accuracy_nudges,Fake4_RT_Last Click,Timing - Last Click,excluded,"survey metadata, timing, display-order, randomiser or other-text column"
accuracy_nudges,Fake4_RT_Page Submit,Timing - Page Submit,excluded,"survey metadata, timing, display-order, randomiser or other-text column"
accuracy_nudges,Fake4_RT_Click Count,Timing - Click Count,excluded,"survey metadata, timing, display-order, randomiser or other-text column"
accuracy_nudges,Fake5_RT_First Click,Timing - First Click,excluded,"survey metadata, timing, display-order, randomiser or other-text column"
accuracy_nudges,Fake5_RT_Last Click,Timing - Last Click,excluded,"survey metadata, timing, display-order, randomiser or other-text column"
accuracy_nudges,Fake5_RT_Page Submit,Timing - Page Submit,excluded,"survey metadata, timing, display-order, randomiser or other-text column"
accuracy_nudges,Fake5_RT_Click Count,Timing - Click Count,excluded,"survey metadata, timing, display-order, randomiser or other-text column"
accuracy_nudges,Fake6_RT_First Click,Timing - First Click,excluded,"survey metadata, timing, display-order, randomiser or other-text column"
accuracy_nudges,Fake6_RT_Last Click,Timing - Last Click,excluded,"survey metadata, timing, display-order, randomiser or other-text column"
accuracy_nudges,Fake6_RT_Page Submit,Timing - Page Submit,excluded,"survey metadata, timing, display-order, randomiser or other-text column"
accuracy_nudges,Fake6_RT_Click Count,Timing - Click Count,excluded,"survey metadata, timing, display-order, randomiser or other-text column"
accuracy_nudges,Fake7_RT_First Click,Timing - First Click,excluded,"survey metadata, timing, display-order, randomiser or other-text column"
accuracy_nudges,Fake7_RT_Last Click,Timing - Last Click,excluded,"survey metadata, timing, display-order, randomiser or other-text column"
accuracy_nudges,Fake7_RT_Page Submit,Timing - Page Submit,excluded,"survey metadata, timing, display-order, randomiser or other-text column"
accuracy_nudges,Fake7_RT_Click Count,Timing - Click Count,excluded,"survey metadata, timing, display-order, randomiser or other-text column"
accuracy_nudges,Fake8_RT_First Click,Timing - First Click,excluded,"survey metadata, timing, display-order, randomiser or other-text column"
accuracy_nudges,Fake8_RT_Last Click,Timing - Last Click,excluded,"survey metadata, timing, display-order, randomiser or other-text column"
accuracy_nudges,Fake8_RT_Page Submit,Timing - Page Submit,excluded,"survey metadata, timing, display-order, randomiser or other-text column"
accuracy_nudges,Fake8_RT_Click Count,Timing - Click Count,excluded,"survey metadata, timing, display-order, randomiser or other-text column"
accuracy_nudges,Real_RT_First Click,Timing - First Click,excluded,"survey metadata, timing, display-order, randomiser or other-text column"
accuracy_nudges,Real_RT_Last Click,Timing - Last Click,excluded,"survey metadata, timing, display-order, randomiser or other-text column"
accuracy_nudges,Real_RT_Page Submit,Timing - Page Submit,excluded,"survey metadata, timing, display-order, randomiser or other-text column"
accuracy_nudges,Real_RT_Click Count,Timing - Click Count,excluded,"survey metadata, timing, display-order, randomiser or other-text column"
accuracy_nudges,Real2_RT_First Click.2,Timing - First Click,excluded,"survey metadata, timing, display-order, randomiser or other-text column"
accuracy_nudges,Real2_RT_Last Click.2,Timing - Last Click,excluded,"survey metadata, timing, display-order, randomiser or other-text column"
accuracy_nudges,Real2_RT_Page Submit.2,Timing - Page Submit,excluded,"survey metadata, timing, display-order, randomiser or other-text column"
accuracy_nudges,Real2_RT_Click Count.2,Timing - Click Count,excluded,"survey metadata, timing, display-order, randomiser or other-text column"
accuracy_nudges,Real3_RT_First Click,Timing - First Click,excluded,"survey metadata, timing, display-order, randomiser or other-text column"
accuracy_nudges,Real3_RT_Last Click,Timing - Last Click,excluded,"survey metadata, timing, display-order, randomiser or other-text column"
accuracy_nudges,Real3_RT_Page Submit,Timing - Page Submit,excluded,"survey metadata, timing, display-order, randomiser or other-text column"
accuracy_nudges,Real3_RT_Click Count,Timing - Click Count,excluded,"survey metadata, timing, display-order, randomiser or other-text column"
accuracy_nudges,Real4_RT_First Click,Timing - First Click,excluded,"survey metadata, timing, display-order, randomiser or other-text column"
accuracy_nudges,Real4_RT_Last Click,Timing - Last Click,excluded,"survey metadata, timing, display-order, randomiser or other-text column"
accuracy_nudges,Real4_RT_Page Submit,Timing - Page Submit,excluded,"survey metadata, timing, display-order, randomiser or other-text column"
accuracy_nudges,Real4_RT_Click Count,Timing - Click Count,excluded,"survey metadata, timing, display-order, randomiser or other-text column"
accuracy_nudges,Real5_RT_First Click,Timing - First Click,excluded,"survey metadata, timing, display-order, randomiser or other-text column"
accuracy_nudges,Real5_RT_Last Click,Timing - Last Click,excluded,"survey metadata, timing, display-order, randomiser or other-text column"
accuracy_nudges,Real5_RT_Page Submit,Timing - Page Submit,excluded,"survey metadata, timing, display-order, randomiser or other-text column"
accuracy_nudges,Real5_RT_Click Count,Timing - Click Count,excluded,"survey metadata, timing, display-order, randomiser or other-text column"
accuracy_nudges,Real6_RT_First Click,Timing - First Click,excluded,"survey metadata, timing, display-order, randomiser or other-text column"
accuracy_nudges,Real6_RT_Last Click,Timing - Last Click,excluded,"survey metadata, timing, display-order, randomiser or other-text column"
accuracy_nudges,Real6_RT_Page Submit,Timing - Page Submit,excluded,"survey metadata, timing, display-order, randomiser or other-text column"
accuracy_nudges,Real6_RT_Click Count,Timing - Click Count,excluded,"survey metadata, timing, display-order, randomiser or other-text column"
accuracy_nudges,Real7_RT_First Click,Timing - First Click,excluded,"survey metadata, timing, display-order, randomiser or other-text column"
accuracy_nudges,Real7_RT_Last Click,Timing - Last Click,excluded,"survey metadata, timing, display-order, randomiser or other-text column"
accuracy_nudges,Real7_RT_Page Submit,Timing - Page Submit,excluded,"survey metadata, timing, display-order, randomiser or other-text column"
accuracy_nudges,Real7_RT_Click Count,Timing - Click Count,excluded,"survey metadata, timing, display-order, randomiser or other-text column"
accuracy_nudges,Real8_RT_First Click,Timing - First Click,excluded,"survey metadata, timing, display-order, randomiser or other-text column"
accuracy_nudges,Real8_RT_Last Click,Timing - Last Click,excluded,"survey metadata, timing, display-order, randomiser or other-text column"
accuracy_nudges,Real8_RT_Page Submit,Timing - Page Submit,excluded,"survey metadata, timing, display-order, randomiser or other-text column"
accuracy_nudges,Real8_RT_Click Count,Timing - Click Count,excluded,"survey metadata, timing, display-order, randomiser or other-text column"
accuracy_nudges,MC_correct_entertain_DO_1,"When you share information with others on social media, is it more important that the information is: - Display Order - ",excluded,"survey metadata, timing, display-order, randomiser or other-text column"
accuracy_nudges,SocialMedia_Chk,Would you ever consider sharing news like you saw in the study today on social media?,excluded,"has a don't-know, other, not-sure or not-applicable option"
accuracy_nudges,Q1572_First Click,Timing - First Click,excluded,"survey metadata, timing, display-order, randomiser or other-text column"
accuracy_nudges,Q1572_Last Click,Timing - Last Click,excluded,"survey metadata, timing, display-order, randomiser or other-text column"
accuracy_nudges,Q1572_Page Submit,Timing - Page Submit,excluded,"survey metadata, timing, display-order, randomiser or other-text column"
accuracy_nudges,Q1572_Click Count,Timing - Click Count,excluded,"survey metadata, timing, display-order, randomiser or other-text column"
accuracy_nudges,Comments,Do you have any comments about our survey?,excluded,empty in the human file
accuracy_nudges,Condition,Condition,excluded,no QSF question (embedded data or derived column)
accuracy_nudges,RealFake,RealFake,excluded,no QSF question (embedded data or derived column)
accuracy_nudges,FL_158_DO_FL_159,FL_158 - Block Randomizer - Display Order - FL_159,excluded,"survey metadata, timing, display-order, randomiser or other-text column"
accuracy_nudges,FL_158_DO_FL_160,FL_158 - Block Randomizer - Display Order - FL_160,excluded,"survey metadata, timing, display-order, randomiser or other-text column"
accuracy_nudges,FL_158_DO_FL_879,FL_158 - Block Randomizer - Display Order - FL_879,excluded,"survey metadata, timing, display-order, randomiser or other-text column"
accuracy_nudges,FL_158_DO_FL_989,FL_158 - Block Randomizer - Display Order - FL_989,excluded,"survey metadata, timing, display-order, randomiser or other-text column"
accuracy_nudges,FL_995_DO_FL_993,FL_995 - Block Randomizer - Display Order - FL_993,excluded,"survey metadata, timing, display-order, randomiser or other-text column"
accuracy_nudges,FL_995_DO_FL_994,FL_995 - Block Randomizer - Display Order - FL_994,excluded,"survey metadata, timing, display-order, randomiser or other-text column"
accuracy_nudges,FL_1032_DO_Fake1_Funny,FL_1032 - Block Randomizer - Display Order - Fake1_Funny,excluded,"survey metadata, timing, display-order, randomiser or other-text column"
accuracy_nudges,FL_1032_DO_Fake2_Funny,FL_1032 - Block Randomizer - Display Order - Fake2_Funny,excluded,"survey metadata, timing, display-order, randomiser or other-text column"
accuracy_nudges,FL_1036_DO_Real1_Funny,FL_1036 - Block Randomizer - Display Order - Real1_Funny,excluded,"survey metadata, timing, display-order, randomiser or other-text column"
accuracy_nudges,FL_1036_DO_Real2_Funny,FL_1036 - Block Randomizer - Display Order - Real2_Funny,excluded,"survey metadata, timing, display-order, randomiser or other-text column"
accuracy_nudges,FL_1027_DO_Fake1_Accuracy,FL_1027 - Block Randomizer - Display Order - Fake1_Accuracy,excluded,"survey metadata, timing, display-order, randomiser or other-text column"
accuracy_nudges,FL_1027_DO_Fake2_Accurate,FL_1027 - Block Randomizer - Display Order - Fake2_Accurate,excluded,"survey metadata, timing, display-order, randomiser or other-text column"
accuracy_nudges,FL_1028_DO_Real1_Accurate,FL_1028 - Block Randomizer - Display Order - Real1_Accurate,excluded,"survey metadata, timing, display-order, randomiser or other-text column"
accuracy_nudges,FL_1028_DO_Real2_Accurate,FL_1028 - Block Randomizer - Display Order - Real2_Accurate,excluded,"survey metadata, timing, display-order, randomiser or other-text column"
accuracy_nudges,FL_167_DO_Fake1_SM,FL_167 - Block Randomizer - Display Order - Fake1_SM,excluded,"survey metadata, timing, display-order, randomiser or other-text column"
accuracy_nudges,FL_167_DO_Fake2_SM,FL_167 - Block Randomizer - Display Order - Fake2_SM,excluded,"survey metadata, timing, display-order, randomiser or other-text column"
accuracy_nudges,FL_167_DO_Fake3_SM,FL_167 - Block Randomizer - Display Order - Fake3_SM,excluded,"survey metadata, timing, display-order, randomiser or other-text column"
accuracy_nudges,FL_167_DO_Fake4_SM,FL_167 - Block Randomizer - Display Order - Fake4_SM,excluded,"survey metadata, timing, display-order, randomiser or other-text column"
accuracy_nudges,FL_167_DO_Fake5_SM,FL_167 - Block Randomizer - Display Order - Fake5_SM,excluded,"survey metadata, timing, display-order, randomiser or other-text column"
accuracy_nudges,FL_167_DO_Fake6_SM,FL_167 - Block Randomizer - Display Order - Fake6_SM,excluded,"survey metadata, timing, display-order, randomiser or other-text column"
accuracy_nudges,FL_167_DO_Fake7_SM,FL_167 - Block Randomizer - Display Order - Fake7_SM,excluded,"survey metadata, timing, display-order, randomiser or other-text column"
accuracy_nudges,FL_167_DO_Fake8_SM,FL_167 - Block Randomizer - Display Order - Fake8_SM,excluded,"survey metadata, timing, display-order, randomiser or other-text column"
accuracy_nudges,FL_167_DO_Real1_SM,FL_167 - Block Randomizer - Display Order - Real1_SM,excluded,"survey metadata, timing, display-order, randomiser or other-text column"
accuracy_nudges,FL_167_DO_Real2_SM,FL_167 - Block Randomizer - Display Order - Real2_SM,excluded,"survey metadata, timing, display-order, randomiser or other-text column"
accuracy_nudges,FL_167_DO_Real3_SM,FL_167 - Block Randomizer - Display Order - Real3_SM,excluded,"survey metadata, timing, display-order, randomiser or other-text column"
accuracy_nudges,FL_167_DO_Real4_SM,FL_167 - Block Randomizer - Display Order - Real4_SM,excluded,"survey metadata, timing, display-order, randomiser or other-text column"
accuracy_nudges,FL_167_DO_Real5_SM,FL_167 - Block Randomizer - Display Order - Real5_SM,excluded,"survey metadata, timing, display-order, randomiser or other-text column"
accuracy_nudges,FL_167_DO_Real6_SM,FL_167 - Block Randomizer - Display Order - Real6_SM,excluded,"survey metadata, timing, display-order, randomiser or other-text column"
accuracy_nudges,FL_167_DO_Real7_SM,FL_167 - Block Randomizer - Display Order - Real7_SM,excluded,"survey metadata, timing, display-order, randomiser or other-text column"
accuracy_nudges,FL_167_DO_Real8_SM,FL_167 - Block Randomizer - Display Order - Real8_SM,excluded,"survey metadata, timing, display-order, randomiser or other-text column"
accuracy_nudges,SourceTrustworthiness_DO_TC_PBS,Source Trustworthiness - Display Order - TC_PBS,excluded,"survey metadata, timing, display-order, randomiser or other-text column"
accuracy_nudges,SourceTrustworthiness_DO_TC_BBC,Source Trustworthiness - Display Order - TC_BBC,excluded,"survey metadata, timing, display-order, randomiser or other-text column"
accuracy_nudges,SourceTrustworthiness_DO_TC_economist,Source Trustworthiness - Display Order - TC_economist,excluded,"survey metadata, timing, display-order, randomiser or other-text column"
accuracy_nudges,SourceTrustworthiness_DO_TC_WSJ,Source Trustworthiness - Display Order - TC_WSJ,excluded,"survey metadata, timing, display-order, randomiser or other-text column"
accuracy_nudges,SourceTrustworthiness_DO_Q1572,Source Trustworthiness - Display Order - Q1572,excluded,"survey metadata, timing, display-order, randomiser or other-text column"
accuracy_nudges,SourceTrustworthiness_DO_TC_reddit,Source Trustworthiness - Display Order - TC_reddit,excluded,"survey metadata, timing, display-order, randomiser or other-text column"
accuracy_nudges,SourceTrustworthiness_DO_TC_NE,Source Trustworthiness - Display Order - TC_NE,excluded,"survey metadata, timing, display-order, randomiser or other-text column"
accuracy_nudges,SourceTrustworthiness_DO_TC_quora,Source Trustworthiness - Display Order - TC_quora,excluded,"survey metadata, timing, display-order, randomiser or other-text column"
accuracy_nudges,SourceTrustworthiness_DO_TC_funnytimes,Source Trustworthiness - Display Order - TC_funnytimes,excluded,"survey metadata, timing, display-order, randomiser or other-text column"
accuracy_nudges,Unnamed: 191,nan,excluded,no QSF question (embedded data or derived column)
accuracy_nudges,Unnamed: 192,nan,excluded,no QSF question (embedded data or derived column)
accuracy_nudges,Unnamed: 193,nan,excluded,no QSF question (embedded data or derived column)
accuracy_nudges,Unnamed: 194,nan,excluded,no QSF question (embedded data or derived column)
affective_priming,StartDate,Start Date,excluded,"survey metadata, timing, display-order, randomiser or other-text column"
affective_priming,EndDate,End Date,excluded,"survey metadata, timing, display-order, randomiser or other-text column"
affective_priming,Progress,Progress,excluded,"survey metadata, timing, display-order, randomiser or other-text column"
affective_priming,Duration (in seconds),Duration (in seconds),excluded,"survey metadata, timing, display-order, randomiser or other-text column"
affective_priming,Finished,Finished,excluded,"survey metadata, timing, display-order, randomiser or other-text column"
affective_priming,RecordedDate,Recorded Date,excluded,"survey metadata, timing, display-order, randomiser or other-text column"
affective_priming,Q62,"ONLINE CONSENT TO PARTICIPATE In this study, we will ask you to respond to a open-ended question. You must be over 18 ye",excluded,constant in the human file
affective_priming,Q57,This is an anonymous survey consisting of multiple questions. Several questions are open-ended where you need to type a ,excluded,empty in the human file
affective_priming,g_writing,g_writing,excluded,empty in the human file
affective_priming,Q59_First Click,Timing - First Click,excluded,"survey metadata, timing, display-order, randomiser or other-text column"
affective_priming,Q59_Last Click,Timing - Last Click,excluded,"survey metadata, timing, display-order, randomiser or other-text column"
affective_priming,Q59_Page Submit,Timing - Page Submit,excluded,"survey metadata, timing, display-order, randomiser or other-text column"
affective_priming,Q59_Click Count,Timing - Click Count,excluded,"survey metadata, timing, display-order, randomiser or other-text column"
affective_priming,g_manip_check_DO_1,Please indicate the intensity with which you feel each of the following emotions right now. - Display Order - Grateful,excluded,"survey metadata, timing, display-order, randomiser or other-text column"
affective_priming,g_manip_check_DO_2,Please indicate the intensity with which you feel each of the following emotions right now. - Display Order - Thankful,excluded,"survey metadata, timing, display-order, randomiser or other-text column"
affective_priming,g_manip_check_DO_3,Please indicate the intensity with which you feel each of the following emotions right now. - Display Order - Appreciati,excluded,"survey metadata, timing, display-order, randomiser or other-text column"
affective_priming,elevation_DO_1,Please indicate the extent to which you are feeling each of the below feelings right now. - Display Order - Feeling move,excluded,"survey metadata, timing, display-order, randomiser or other-text column"
affective_priming,elevation_DO_2,Please indicate the extent to which you are feeling each of the below feelings right now. - Display Order - Feeling upli,excluded,"survey metadata, timing, display-order, randomiser or other-text column"
affective_priming,elevation_DO_3,Please indicate the extent to which you are feeling each of the below feelings right now. - Display Order - Feeling opti,excluded,"survey metadata, timing, display-order, randomiser or other-text column"
affective_priming,elevation_DO_4,Please indicate the extent to which you are feeling each of the below feelings right now. - Display Order - Experiencing,excluded,"survey metadata, timing, display-order, randomiser or other-text column"
affective_priming,elevation_DO_5,Please indicate the extent to which you are feeling each of the below feelings right now. - Display Order - Desiring to ,excluded,"survey metadata, timing, display-order, randomiser or other-text column"
affective_priming,elevation_DO_6,Please indicate the extent to which you are feeling each of the below feelings right now. - Display Order - Wanting to b,excluded,"survey metadata, timing, display-order, randomiser or other-text column"
affective_priming,DV1_DO_1,Please indicate how much you agree or disagree with the following statements regarding the immediate effects of tariffs ,excluded,"survey metadata, timing, display-order, randomiser or other-text column"
affective_priming,DV1_DO_2,Please indicate how much you agree or disagree with the following statements regarding the immediate effects of tariffs ,excluded,"survey metadata, timing, display-order, randomiser or other-text column"
affective_priming,c_writing,c_writing,excluded,empty in the human file
affective_priming,Q61_First Click,Timing - First Click,excluded,"survey metadata, timing, display-order, randomiser or other-text column"
affective_priming,Q61_Last Click,Timing - Last Click,excluded,"survey metadata, timing, display-order, randomiser or other-text column"
affective_priming,Q61_Page Submit,Timing - Page Submit,excluded,"survey metadata, timing, display-order, randomiser or other-text column"
affective_priming,Q61_Click Count,Timing - Click Count,excluded,"survey metadata, timing, display-order, randomiser or other-text column"
affective_priming,c_manip_check_DO_1,Please indicate the extent to which you agree with the following statement regarding how you feel right now. - Display O,excluded,"survey metadata, timing, display-order, randomiser or other-text column"
affective_priming,c_manip_check_DO_2,Please indicate the extent to which you agree with the following statement regarding how you feel right now. - Display O,excluded,"survey metadata, timing, display-order, randomiser or other-text column"
affective_priming,c_manip_check_DO_3,Please indicate the extent to which you agree with the following statement regarding how you feel right now. - Display O,excluded,"survey metadata, timing, display-order, randomiser or other-text column"
affective_priming,fatigue_DO_1,Please indicate the extent to which you agree with the following statements relating to your experience reflecting on a ,excluded,"survey metadata, timing, display-order, randomiser or other-text column"
affective_priming,fatigue_DO_2,Please indicate the extent to which you agree with the following statements relating to your experience reflecting on a ,excluded,"survey metadata, timing, display-order, randomiser or other-text column"
affective_priming,fatigue_DO_3,Please indicate the extent to which you agree with the following statements relating to your experience reflecting on a ,excluded,"survey metadata, timing, display-order, randomiser or other-text column"
affective_priming,fatigue_DO_4,Please indicate the extent to which you agree with the following statements relating to your experience reflecting on a ,excluded,"survey metadata, timing, display-order, randomiser or other-text column"
affective_priming,fatigue_DO_5,Please indicate the extent to which you agree with the following statements relating to your experience reflecting on a ,excluded,"survey metadata, timing, display-order, randomiser or other-text column"
affective_priming,fatigue_DO_6,Please indicate the extent to which you agree with the following statements relating to your experience reflecting on a ,excluded,"survey metadata, timing, display-order, randomiser or other-text column"
affective_priming,fatigue_DO_7,Please indicate the extent to which you agree with the following statements relating to your experience reflecting on a ,excluded,"survey metadata, timing, display-order, randomiser or other-text column"
affective_priming,fatigue_DO_8,Please indicate the extent to which you agree with the following statements relating to your experience reflecting on a ,excluded,"survey metadata, timing, display-order, randomiser or other-text column"
affective_priming,fatigue_DO_9,Please indicate the extent to which you agree with the following statements relating to your experience reflecting on a ,excluded,"survey metadata, timing, display-order, randomiser or other-text column"
affective_priming,desire_predict_DO_1,At this moment... - Display Order - I would like to be around friends who are unpredictable,excluded,"survey metadata, timing, display-order, randomiser or other-text column"
affective_priming,desire_predict_DO_2,At this moment... - Display Order - I would like to go to places where I have been before so that I know what to expect,excluded,"survey metadata, timing, display-order, randomiser or other-text column"
affective_priming,desire_predict_DO_3,At this moment... - Display Order - I would not like to go into a situation without knowing what I can expect from it,excluded,"survey metadata, timing, display-order, randomiser or other-text column"
affective_priming,desire_predict_DO_4,At this moment... - Display Order - I feel that it would be fun to change my plans at the last moment,excluded,"survey metadata, timing, display-order, randomiser or other-text column"
affective_priming,desire_predict_DO_5,At this moment... - Display Order - I would enjoy the uncertainty of going into a new situation without knowing what mig,excluded,"survey metadata, timing, display-order, randomiser or other-text column"
affective_priming,desire_predict_DO_6,At this moment... - Display Order - I would not like to be with people who are capable of unexpected actions,excluded,"survey metadata, timing, display-order, randomiser or other-text column"
affective_priming,desire_predict_DO_7,At this moment... - Display Order - I would prefer to socialize with familiar friends because I know what to expect from,excluded,"survey metadata, timing, display-order, randomiser or other-text column"
affective_priming,desire_predict_DO_8,At this moment... - Display Order - I dislike unpredictable situations,excluded,"survey metadata, timing, display-order, randomiser or other-text column"
affective_priming,emotion,emotion,excluded,no QSF question (embedded data or derived column)
affective_priming,cond,cond,excluded,no QSF question (embedded data or derived column)
affective_priming,FL_6_DO_FL_56,FL_6 - Block Randomizer - Display Order - FL_56,excluded,"survey metadata, timing, display-order, randomiser or other-text column"
affective_priming,FL_6_DO_FL_52,FL_6 - Block Randomizer - Display Order - FL_52,excluded,"survey metadata, timing, display-order, randomiser or other-text column"
affective_priming,FL_6_DO_FL_53,FL_6 - Block Randomizer - Display Order - FL_53,excluded,"survey metadata, timing, display-order, randomiser or other-text column"
affective_priming,FL_6_DO_FL_57,FL_6 - Block Randomizer - Display Order - FL_57,excluded,"survey metadata, timing, display-order, randomiser or other-text column"
affective_priming,FL_37_DO_DV1Elevation,FL_37 - Block Randomizer - Display Order - DV1Elevation,excluded,"survey metadata, timing, display-order, randomiser or other-text column"
affective_priming,FL_37_DO_DV2Empathicconcern,FL_37 - Block Randomizer - Display Order - DV2Empathicconcern,excluded,"survey metadata, timing, display-order, randomiser or other-text column"
affective_priming,FL_42_DO_DV1fatigue,FL_42 - Block Randomizer - Display Order - DV1fatigue,excluded,"survey metadata, timing, display-order, randomiser or other-text column"
affective_priming,FL_42_DO_DV2Predictability,FL_42 - Block Randomizer - Display Order - DV2Predictability,excluded,"survey metadata, timing, display-order, randomiser or other-text column"
consumer_minimalism,StartDate,Start Date,excluded,"survey metadata, timing, display-order, randomiser or other-text column"
consumer_minimalism,EndDate,End Date,excluded,"survey metadata, timing, display-order, randomiser or other-text column"
consumer_minimalism,Progress,Progress,excluded,"survey metadata, timing, display-order, randomiser or other-text column"
consumer_minimalism,Duration (in seconds),Duration (in seconds),excluded,"survey metadata, timing, display-order, randomiser or other-text column"
consumer_minimalism,Finished,Finished,excluded,"survey metadata, timing, display-order, randomiser or other-text column"
consumer_minimalism,RecordedDate,Recorded Date,excluded,"survey metadata, timing, display-order, randomiser or other-text column"
consumer_minimalism,Q29_DO_1,"Please indicate the extent to which you agree with the following statements about yourself: - Display Order - ""Less is m",excluded,"survey metadata, timing, display-order, randomiser or other-text column"
consumer_minimalism,Q29_DO_2,Please indicate the extent to which you agree with the following statements about yourself: - Display Order - I actively,excluded,"survey metadata, timing, display-order, randomiser or other-text column"
consumer_minimalism,Q29_DO_3,Please indicate the extent to which you agree with the following statements about yourself: - Display Order - I avoid ac,excluded,"survey metadata, timing, display-order, randomiser or other-text column"
consumer_minimalism,Q29_DO_4,Please indicate the extent to which you agree with the following statements about yourself: - Display Order - I restrict,excluded,"survey metadata, timing, display-order, randomiser or other-text column"
consumer_minimalism,Q29_DO_5,Please indicate the extent to which you agree with the following statements about yourself: - Display Order - I am drawn,excluded,"survey metadata, timing, display-order, randomiser or other-text column"
consumer_minimalism,Q29_DO_6,Please indicate the extent to which you agree with the following statements about yourself: - Display Order - I prefer l,excluded,"survey metadata, timing, display-order, randomiser or other-text column"
consumer_minimalism,Q29_DO_7,Please indicate the extent to which you agree with the following statements about yourself: - Display Order - I keep the,excluded,"survey metadata, timing, display-order, randomiser or other-text column"
consumer_minimalism,Q29_DO_8,Please indicate the extent to which you agree with the following statements about yourself: - Display Order - I prefer s,excluded,"survey metadata, timing, display-order, randomiser or other-text column"
consumer_minimalism,Q29_DO_9,Please indicate the extent to which you agree with the following statements about yourself: - Display Order - It is impo,excluded,"survey metadata, timing, display-order, randomiser or other-text column"
consumer_minimalism,Q29_DO_10,Please indicate the extent to which you agree with the following statements about yourself: - Display Order - I am mindf,excluded,"survey metadata, timing, display-order, randomiser or other-text column"
consumer_minimalism,Q29_DO_11,Please indicate the extent to which you agree with the following statements about yourself: - Display Order - My belongi,excluded,"survey metadata, timing, display-order, randomiser or other-text column"
consumer_minimalism,Q29_DO_12,Please indicate the extent to which you agree with the following statements about yourself: - Display Order - The select,excluded,"survey metadata, timing, display-order, randomiser or other-text column"
consumer_minimalism,order,order,excluded,no QSF question (embedded data or derived column)
consumer_minimalism,FL_15_DO_FL_16,FL_15 - Block Randomizer - Display Order - FL_16,excluded,"survey metadata, timing, display-order, randomiser or other-text column"
consumer_minimalism,FL_15_DO_FL_17,FL_15 - Block Randomizer - Display Order - FL_17,excluded,"survey metadata, timing, display-order, randomiser or other-text column"
consumer_minimalism,FL_13_DO_apartmentpref,FL_13 - Block Randomizer - Display Order - apartmentpref,excluded,"survey metadata, timing, display-order, randomiser or other-text column"
consumer_minimalism,FL_13_DO_wardrobe,FL_13 - Block Randomizer - Display Order - wardrobe,excluded,"survey metadata, timing, display-order, randomiser or other-text column"
consumer_minimalism,FL_13_DO_bedroom,FL_13 - Block Randomizer - Display Order - bedroom,excluded,"survey metadata, timing, display-order, randomiser or other-text column"
consumer_minimalism,FL_13_DO_homeoffice,FL_13 - Block Randomizer - Display Order - homeoffice,excluded,"survey metadata, timing, display-order, randomiser or other-text column"
consumer_minimalism,FL_22_DO_apartmentpref,FL_22 - Block Randomizer - Display Order - apartmentpref,excluded,"survey metadata, timing, display-order, randomiser or other-text column"
consumer_minimalism,FL_22_DO_wardrobe,FL_22 - Block Randomizer - Display Order - wardrobe,excluded,"survey metadata, timing, display-order, randomiser or other-text column"
consumer_minimalism,FL_22_DO_bedroom,FL_22 - Block Randomizer - Display Order - bedroom,excluded,"survey metadata, timing, display-order, randomiser or other-text column"
consumer_minimalism,FL_22_DO_homeoffice,FL_22 - Block Randomizer - Display Order - homeoffice,excluded,"survey metadata, timing, display-order, randomiser or other-text column"
consumer_minimalism,MinScale_DO_Q29,Min Scale - Display Order - Q29,excluded,"survey metadata, timing, display-order, randomiser or other-text column"
context_effects,StartDate,Start Date,excluded,"survey metadata, timing, display-order, randomiser or other-text column"
context_effects,EndDate,End Date,excluded,"survey metadata, timing, display-order, randomiser or other-text column"
context_effects,Progress,Progress,excluded,"survey metadata, timing, display-order, randomiser or other-text column"
context_effects,Duration (in seconds),Duration (in seconds),excluded,"survey metadata, timing, display-order, randomiser or other-text column"
context_effects,Finished,Finished,excluded,"survey metadata, timing, display-order, randomiser or other-text column"
context_effects,RecordedDate,Recorded Date,excluded,"survey metadata, timing, display-order, randomiser or other-text column"
context_effects,Q_RecaptchaScore,Q_RecaptchaScore,excluded,"survey metadata, timing, display-order, randomiser or other-text column"
context_effects,Q_RelevantIDDuplicate,Q_RelevantIDDuplicate,excluded,"survey metadata, timing, display-order, randomiser or other-text column"
context_effects,Q_RelevantIDDuplicateScore,Q_RelevantIDDuplicateScore,excluded,"survey metadata, timing, display-order, randomiser or other-text column"
context_effects,Q_RelevantIDFraudScore,Q_RelevantIDFraudScore,excluded,"survey metadata, timing, display-order, randomiser or other-text column"
context_effects,Q_RelevantIDLastStartDate,Q_RelevantIDLastStartDate,excluded,"survey metadata, timing, display-order, randomiser or other-text column"
context_effects,Q_BallotBoxStuffing,Q_BallotBoxStuffing,excluded,"survey metadata, timing, display-order, randomiser or other-text column"
context_effects,t_intro _First Click,Timing - First Click,excluded,"survey metadata, timing, display-order, randomiser or other-text column"
context_effects,t_intro _Last Click,Timing - Last Click,excluded,"survey metadata, timing, display-order, randomiser or other-text column"
context_effects,t_intro _Page Submit,Timing - Page Submit,excluded,"survey metadata, timing, display-order, randomiser or other-text column"
context_effects,t_intro _Click Count,Timing - Click Count,excluded,"survey metadata, timing, display-order, randomiser or other-text column"
context_effects,meta_Browser,Click to write the question text - Browser,excluded,"survey metadata, timing, display-order, randomiser or other-text column"
context_effects,meta_Version,Click to write the question text - Version,excluded,"survey metadata, timing, display-order, randomiser or other-text column"
context_effects,meta_Operating System,Click to write the question text - Operating System,excluded,"survey metadata, timing, display-order, randomiser or other-text column"
context_effects,meta_Resolution,Click to write the question text - Resolution,excluded,"survey metadata, timing, display-order, randomiser or other-text column"
context_effects,t_CTXTintro_First Click,Timing - First Click,excluded,"survey metadata, timing, display-order, randomiser or other-text column"
context_effects,t_CTXTintro_Last Click,Timing - Last Click,excluded,"survey metadata, timing, display-order, randomiser or other-text column"
context_effects,t_CTXTintro_Page Submit,Timing - Page Submit,excluded,"survey metadata, timing, display-order, randomiser or other-text column"
context_effects,t_CTXTintro_Click Count,Timing - Click Count,excluded,"survey metadata, timing, display-order, randomiser or other-text column"
context_effects,Intro,"Practice Scenario: Office Chair The office chair you have now is so old that it is starting to break. Unfortunately, the",excluded,nominal options
context_effects,t_Printer_TC_First Click,Timing - First Click,excluded,"survey metadata, timing, display-order, randomiser or other-text column"
context_effects,t_Printer_TC_Last Click,Timing - Last Click,excluded,"survey metadata, timing, display-order, randomiser or other-text column"
context_effects,t_Printer_TC_Page Submit,Timing - Page Submit,excluded,"survey metadata, timing, display-order, randomiser or other-text column"
context_effects,t_Printer_TC_Click Count,Timing - Click Count,excluded,"survey metadata, timing, display-order, randomiser or other-text column"
context_effects,t_Cell_Comp_First Click,Timing - First Click,excluded,"survey metadata, timing, display-order, randomiser or other-text column"
context_effects,t_Cell_Comp_Last Click,Timing - Last Click,excluded,"survey metadata, timing, display-order, randomiser or other-text column"
context_effects,t_Cell_Comp_Page Submit,Timing - Page Submit,excluded,"survey metadata, timing, display-order, randomiser or other-text column"
context_effects,t_Cell_Comp_Click Count,Timing - Click Count,excluded,"survey metadata, timing, display-order, randomiser or other-text column"
context_effects,Comp_Cell,"Scenario: Cellphone You had the same phone for five years, and you think you need a new one. You have already searched t",excluded,nominal options
context_effects,t_TV_Attr_First Click,Timing - First Click,excluded,"survey metadata, timing, display-order, randomiser or other-text column"
context_effects,t_TV_Attr_Last Click,Timing - Last Click,excluded,"survey metadata, timing, display-order, randomiser or other-text column"
context_effects,t_TV_Attr_Page Submit,Timing - Page Submit,excluded,"survey metadata, timing, display-order, randomiser or other-text column"
context_effects,t_TV_Attr_Click Count,Timing - Click Count,excluded,"survey metadata, timing, display-order, randomiser or other-text column"
context_effects,Attr_TV,"Scenario: Television You still have a fairly old television, and you would like a new smart TV. You decide to search onl",excluded,nominal options
context_effects,t_TV_Comp_First Click,Timing - First Click,excluded,"survey metadata, timing, display-order, randomiser or other-text column"
context_effects,t_TV_Comp_Last Click,Timing - Last Click,excluded,"survey metadata, timing, display-order, randomiser or other-text column"
context_effects,t_TV_Comp_Page Submit,Timing - Page Submit,excluded,"survey metadata, timing, display-order, randomiser or other-text column"
context_effects,t_TV_Comp_Click Count,Timing - Click Count,excluded,"survey metadata, timing, display-order, randomiser or other-text column"
context_effects,Comp_TV,"Scenario: Television You still have a fairly old television, and you would like a new smart TV. You decide to search onl",excluded,nominal options
context_effects,t_Cell_Attr_First Click,Timing - First Click,excluded,"survey metadata, timing, display-order, randomiser or other-text column"
context_effects,t_Cell_Attr_Last Click,Timing - Last Click,excluded,"survey metadata, timing, display-order, randomiser or other-text column"
context_effects,t_Cell_Attr_Page Submit,Timing - Page Submit,excluded,"survey metadata, timing, display-order, randomiser or other-text column"
context_effects,t_Cell_Attr_Click Count,Timing - Click Count,excluded,"survey metadata, timing, display-order, randomiser or other-text column"
context_effects,Attr_Cell,"Scenario: Cellphone You had the same phone for five years, and you think you need a new one. You have already searched t",excluded,nominal options
context_effects,t_TV_TC_First Click,Timing - First Click,excluded,"survey metadata, timing, display-order, randomiser or other-text column"
context_effects,t_TV_TC_Last Click,Timing - Last Click,excluded,"survey metadata, timing, display-order, randomiser or other-text column"
context_effects,t_TV_TC_Page Submit,Timing - Page Submit,excluded,"survey metadata, timing, display-order, randomiser or other-text column"
context_effects,t_TV_TC_Click Count,Timing - Click Count,excluded,"survey metadata, timing, display-order, randomiser or other-text column"
context_effects,t_Printer_Attr_First Click,Timing - First Click,excluded,"survey metadata, timing, display-order, randomiser or other-text column"
context_effects,t_Printer_Attr_Last Click,Timing - Last Click,excluded,"survey metadata, timing, display-order, randomiser or other-text column"
context_effects,t_Printer_Attr_Page Submit,Timing - Page Submit,excluded,"survey metadata, timing, display-order, randomiser or other-text column"
context_effects,t_Printer_Attr_Click Count,Timing - Click Count,excluded,"survey metadata, timing, display-order, randomiser or other-text column"
context_effects,Attr_Printer,"Scenario: Printer Because you regularly have to print documents for school, you are looking for a printer. You never bou",excluded,nominal options
context_effects,t_Printer_Comp_First Click,Timing - First Click,excluded,"survey metadata, timing, display-order, randomiser or other-text column"
context_effects,t_Printer_Comp_Last Click,Timing - Last Click,excluded,"survey metadata, timing, display-order, randomiser or other-text column"
context_effects,t_Printer_Comp_Page Submit,Timing - Page Submit,excluded,"survey metadata, timing, display-order, randomiser or other-text column"
context_effects,t_Printer_Comp_Click Count,Timing - Click Count,excluded,"survey metadata, timing, display-order, randomiser or other-text column"
context_effects,Comp_Printer,"Scenario: Printer Because you regularly have to print documents for school, you are looking for a printer. You never bou",excluded,nominal options
context_effects,t_Cell_TC_First Click,Timing - First Click,excluded,"survey metadata, timing, display-order, randomiser or other-text column"
context_effects,t_Cell_TC_Last Click,Timing - Last Click,excluded,"survey metadata, timing, display-order, randomiser or other-text column"
context_effects,t_Cell_TC_Page Submit,Timing - Page Submit,excluded,"survey metadata, timing, display-order, randomiser or other-text column"
context_effects,t_Cell_TC_Click Count,Timing - Click Count,excluded,"survey metadata, timing, display-order, randomiser or other-text column"
context_effects,FL_213_DO_FL_215,FL_213 - Block Randomizer - Display Order - FL_215,excluded,"survey metadata, timing, display-order, randomiser or other-text column"
context_effects,FL_213_DO_FL_241,FL_213 - Block Randomizer - Display Order - FL_241,excluded,"survey metadata, timing, display-order, randomiser or other-text column"
context_effects,FL_213_DO_FL_255,FL_213 - Block Randomizer - Display Order - FL_255,excluded,"survey metadata, timing, display-order, randomiser or other-text column"
context_effects,FL_213_DO_FL_292,FL_213 - Block Randomizer - Display Order - FL_292,excluded,"survey metadata, timing, display-order, randomiser or other-text column"
context_effects,FL_213_DO_FL_274,FL_213 - Block Randomizer - Display Order - FL_274,excluded,"survey metadata, timing, display-order, randomiser or other-text column"
context_effects,FL_213_DO_FL_304,FL_213 - Block Randomizer - Display Order - FL_304,excluded,"survey metadata, timing, display-order, randomiser or other-text column"
context_effects,FL_224_DO_Bin.Printet_TC,FL_224 - Block Randomizer - Display Order - Bin.Printet_TC,excluded,"survey metadata, timing, display-order, randomiser or other-text column"
context_effects,FL_224_DO_Comp.Cell,FL_224 - Block Randomizer - Display Order - Comp.Cell,excluded,"survey metadata, timing, display-order, randomiser or other-text column"
context_effects,FL_224_DO_Attr.TV,FL_224 - Block Randomizer - Display Order - Attr.TV,excluded,"survey metadata, timing, display-order, randomiser or other-text column"
context_effects,FL_244_DO_Bin.Printet_TC,FL_244 - Block Randomizer - Display Order - Bin.Printet_TC,excluded,"survey metadata, timing, display-order, randomiser or other-text column"
context_effects,FL_244_DO_Comp.TV,FL_244 - Block Randomizer - Display Order - Comp.TV,excluded,"survey metadata, timing, display-order, randomiser or other-text column"
context_effects,FL_244_DO_Attr.Cell,FL_244 - Block Randomizer - Display Order - Attr.Cell,excluded,"survey metadata, timing, display-order, randomiser or other-text column"
context_effects,FL_258_DO_Bin.TV_TC,FL_258 - Block Randomizer - Display Order - Bin.TV_TC,excluded,"survey metadata, timing, display-order, randomiser or other-text column"
context_effects,FL_258_DO_Comp.Cell,FL_258 - Block Randomizer - Display Order - Comp.Cell,excluded,"survey metadata, timing, display-order, randomiser or other-text column"
context_effects,FL_258_DO_Attr.Printer,FL_258 - Block Randomizer - Display Order - Attr.Printer,excluded,"survey metadata, timing, display-order, randomiser or other-text column"
context_effects,FL_295_DO_Bin.TV_TC,FL_295 - Block Randomizer - Display Order - Bin.TV_TC,excluded,"survey metadata, timing, display-order, randomiser or other-text column"
context_effects,FL_295_DO_Attr.Cell,FL_295 - Block Randomizer - Display Order - Attr.Cell,excluded,"survey metadata, timing, display-order, randomiser or other-text column"
context_effects,FL_295_DO_Comp.Printer,FL_295 - Block Randomizer - Display Order - Comp.Printer,excluded,"survey metadata, timing, display-order, randomiser or other-text column"
context_effects,FL_277_DO_Bin.Cell_TC,FL_277 - Block Randomizer - Display Order - Bin.Cell_TC,excluded,"survey metadata, timing, display-order, randomiser or other-text column"
context_effects,FL_277_DO_Attr.Printer,FL_277 - Block Randomizer - Display Order - Attr.Printer,excluded,"survey metadata, timing, display-order, randomiser or other-text column"
context_effects,FL_277_DO_Comp.TV,FL_277 - Block Randomizer - Display Order - Comp.TV,excluded,"survey metadata, timing, display-order, randomiser or other-text column"
context_effects,FL_307_DO_Bin.Cell_TC,FL_307 - Block Randomizer - Display Order - Bin.Cell_TC,excluded,"survey metadata, timing, display-order, randomiser or other-text column"
context_effects,FL_307_DO_Attr.TV,FL_307 - Block Randomizer - Display Order - Attr.TV,excluded,"survey metadata, timing, display-order, randomiser or other-text column"
context_effects,FL_307_DO_Comp.Printer,FL_307 - Block Randomizer - Display Order - Comp.Printer,excluded,"survey metadata, timing, display-order, randomiser or other-text column"
default_eric,StartDate,Start Date,excluded,"survey metadata, timing, display-order, randomiser or other-text column"
default_eric,EndDate,End Date,excluded,"survey metadata, timing, display-order, randomiser or other-text column"
default_eric,Progress,Progress,excluded,"survey metadata, timing, display-order, randomiser or other-text column"
default_eric,Duration (in seconds),Duration (in seconds),excluded,"survey metadata, timing, display-order, randomiser or other-text column"
default_eric,Finished,Finished,excluded,"survey metadata, timing, display-order, randomiser or other-text column"
default_eric,RecordedDate,Recorded Date,excluded,"survey metadata, timing, display-order, randomiser or other-text column"
default_eric,Q_RecaptchaScore,Q_RecaptchaScore,excluded,"survey metadata, timing, display-order, randomiser or other-text column"
default_eric,Q_RelevantIDDuplicate,Q_RelevantIDDuplicate,excluded,"survey metadata, timing, display-order, randomiser or other-text column"
default_eric,Q_RelevantIDDuplicateScore,Q_RelevantIDDuplicateScore,excluded,"survey metadata, timing, display-order, randomiser or other-text column"
default_eric,Q_RelevantIDFraudScore,Q_RelevantIDFraudScore,excluded,"survey metadata, timing, display-order, randomiser or other-text column"
default_eric,Q_RelevantIDLastStartDate,Q_RelevantIDLastStartDate,excluded,"survey metadata, timing, display-order, randomiser or other-text column"
default_eric,Q_BallotBoxStuffing,Q_BallotBoxStuffing,excluded,"survey metadata, timing, display-order, randomiser or other-text column"
default_eric,t_intro _First Click,Timing - First Click,excluded,"survey metadata, timing, display-order, randomiser or other-text column"
default_eric,t_intro _Last Click,Timing - Last Click,excluded,"survey metadata, timing, display-order, randomiser or other-text column"
default_eric,t_intro _Page Submit,Timing - Page Submit,excluded,"survey metadata, timing, display-order, randomiser or other-text column"
default_eric,t_intro _Click Count,Timing - Click Count,excluded,"survey metadata, timing, display-order, randomiser or other-text column"
default_eric,meta_Browser,Click to write the question text - Browser,excluded,"survey metadata, timing, display-order, randomiser or other-text column"
default_eric,meta_Version,Click to write the question text - Version,excluded,"survey metadata, timing, display-order, randomiser or other-text column"
default_eric,meta_Operating System,Click to write the question text - Operating System,excluded,"survey metadata, timing, display-order, randomiser or other-text column"
default_eric,meta_Resolution,Click to write the question text - Resolution,excluded,"survey metadata, timing, display-order, randomiser or other-text column"
default_eric,t_OPTOUT_Green_First Click,Timing - First Click,excluded,"survey metadata, timing, display-order, randomiser or other-text column"
default_eric,t_OPTOUT_Green_Last Click,Timing - Last Click,excluded,"survey metadata, timing, display-order, randomiser or other-text column"
default_eric,t_OPTOUT_Green_Page Submit,Timing - Page Submit,excluded,"survey metadata, timing, display-order, randomiser or other-text column"
default_eric,t_OPTOUT_Green_Click Count,Timing - Click Count,excluded,"survey metadata, timing, display-order, randomiser or other-text column"
default_eric,t_OPTIN_Green_First Click,Timing - First Click,excluded,"survey metadata, timing, display-order, randomiser or other-text column"
default_eric,t_OPTIN_Green_Last Click,Timing - Last Click,excluded,"survey metadata, timing, display-order, randomiser or other-text column"
default_eric,t_OPTIN_Green_Page Submit,Timing - Page Submit,excluded,"survey metadata, timing, display-order, randomiser or other-text column"
default_eric,t_OPTIN_Green_Click Count,Timing - Click Count,excluded,"survey metadata, timing, display-order, randomiser or other-text column"
default_eric,t_OPTIN_Organ_First Click,Timing - First Click,excluded,"survey metadata, timing, display-order, randomiser or other-text column"
default_eric,t_OPTIN_Organ_Last Click,Timing - Last Click,excluded,"survey metadata, timing, display-order, randomiser or other-text column"
default_eric,t_OPTIN_Organ_Page Submit,Timing - Page Submit,excluded,"survey metadata, timing, display-order, randomiser or other-text column"
default_eric,t_OPTIN_Organ_Click Count,Timing - Click Count,excluded,"survey metadata, timing, display-order, randomiser or other-text column"
default_eric,t_OPTOUT_Organ_First Click,Timing - First Click,excluded,"survey metadata, timing, display-order, randomiser or other-text column"
default_eric,t_OPTOUT_Organ_Last Click,Timing - Last Click,excluded,"survey metadata, timing, display-order, randomiser or other-text column"
default_eric,t_OPTOUT_Organ_Page Submit,Timing - Page Submit,excluded,"survey metadata, timing, display-order, randomiser or other-text column"
default_eric,t_OPTOUT_Organ_Click Count,Timing - Click Count,excluded,"survey metadata, timing, display-order, randomiser or other-text column"
default_eric,FL_344_DO_FL_345,FL_344 - Block Randomizer - Display Order - FL_345,excluded,"survey metadata, timing, display-order, randomiser or other-text column"
default_eric,FL_344_DO_FL_348,FL_344 - Block Randomizer - Display Order - FL_348,excluded,"survey metadata, timing, display-order, randomiser or other-text column"
default_eric,FL_212_DO_OPTOUT_Green,FL_212 - Block Randomizer - Display Order - OPTOUT_Green,excluded,"survey metadata, timing, display-order, randomiser or other-text column"
default_eric,FL_212_DO_OPTIN_Green,FL_212 - Block Randomizer - Display Order - OPTIN_Green,excluded,"survey metadata, timing, display-order, randomiser or other-text column"
default_eric,FL_338_DO_OPTIN_Organ,FL_338 - Block Randomizer - Display Order - OPTIN_Organ,excluded,"survey metadata, timing, display-order, randomiser or other-text column"
default_eric,FL_338_DO_OPTOUT_Organ,FL_338 - Block Randomizer - Display Order - OPTOUT_Organ,excluded,"survey metadata, timing, display-order, randomiser or other-text column"
default_eric,FL_353_DO_OPTIN_Organ,FL_353 - Block Randomizer - Display Order - OPTIN_Organ,excluded,"survey metadata, timing, display-order, randomiser or other-text column"
default_eric,FL_353_DO_OPTOUT_Organ,FL_353 - Block Randomizer - Display Order - OPTOUT_Organ,excluded,"survey metadata, timing, display-order, randomiser or other-text column"
default_eric,FL_349_DO_OPTOUT_Green,FL_349 - Block Randomizer - Display Order - OPTOUT_Green,excluded,"survey metadata, timing, display-order, randomiser or other-text column"
default_eric,FL_349_DO_OPTIN_Green,FL_349 - Block Randomizer - Display Order - OPTIN_Green,excluded,"survey metadata, timing, display-order, randomiser or other-text column"
default_eric,Unnamed: 50,nan,excluded,no QSF question (embedded data or derived column)
digital_certification,StartDate,Start Date,excluded,"survey metadata, timing, display-order, randomiser or other-text column"
digital_certification,EndDate,End Date,excluded,"survey metadata, timing, display-order, randomiser or other-text column"
digital_certification,Progress,Progress,excluded,"survey metadata, timing, display-order, randomiser or other-text column"
digital_certification,Duration (in seconds),Duration (in seconds),excluded,"survey metadata, timing, display-order, randomiser or other-text column"
digital_certification,Finished,Finished,excluded,"survey metadata, timing, display-order, randomiser or other-text column"
digital_certification,RecordedDate,Recorded Date,excluded,"survey metadata, timing, display-order, randomiser or other-text column"
digital_certification,CONSENT,ONLINE CONSENT TO PARTICIPATE You were invited to participate in this study because you participated in a previous four-,excluded,constant in the human file
digital_certification,prod_choice_DO_1,Here is a description of 6 sweaters by a luxury brand. Please choose the sweater that you are most interested in. - Disp,excluded,"survey metadata, timing, display-order, randomiser or other-text column"
digital_certification,prod_choice_DO_2,Here is a description of 6 sweaters by a luxury brand. Please choose the sweater that you are most interested in. - Disp,excluded,"survey metadata, timing, display-order, randomiser or other-text column"
digital_certification,prod_choice_DO_3,Here is a description of 6 sweaters by a luxury brand. Please choose the sweater that you are most interested in. - Disp,excluded,"survey metadata, timing, display-order, randomiser or other-text column"
digital_certification,prod_choice_DO_4,Here is a description of 6 sweaters by a luxury brand. Please choose the sweater that you are most interested in. - Disp,excluded,"survey metadata, timing, display-order, randomiser or other-text column"
digital_certification,prod_choice_DO_5,Here is a description of 6 sweaters by a luxury brand. Please choose the sweater that you are most interested in. - Disp,excluded,"survey metadata, timing, display-order, randomiser or other-text column"
digital_certification,prod_choice_DO_6,Here is a description of 6 sweaters by a luxury brand. Please choose the sweater that you are most interested in. - Disp,excluded,"survey metadata, timing, display-order, randomiser or other-text column"
digital_certification,t_scen2_First Click,Timing - First Click,excluded,"survey metadata, timing, display-order, randomiser or other-text column"
digital_certification,t_scen2_Last Click,Timing - Last Click,excluded,"survey metadata, timing, display-order, randomiser or other-text column"
digital_certification,t_scen2_Page Submit,Timing - Page Submit,excluded,"survey metadata, timing, display-order, randomiser or other-text column"
digital_certification,t_scen2_Click Count,Timing - Click Count,excluded,"survey metadata, timing, display-order, randomiser or other-text column"
digital_certification,NFT + NonExcl,"Imagine you decided to purchase this luxury sweater and style it for your night out, but during your night out you notic",excluded,empty in the human file
digital_certification,noNFT + NonExcl,"Imagine you decided to purchase this luxury sweater and style it for your night out, but during your night out you notic",excluded,empty in the human file
digital_certification,t_write_First Click,Timing - First Click,excluded,"survey metadata, timing, display-order, randomiser or other-text column"
digital_certification,t_write_Last Click,Timing - Last Click,excluded,"survey metadata, timing, display-order, randomiser or other-text column"
digital_certification,t_write_Page Submit,Timing - Page Submit,excluded,"survey metadata, timing, display-order, randomiser or other-text column"
digital_certification,t_write_Click Count,Timing - Click Count,excluded,"survey metadata, timing, display-order, randomiser or other-text column"
digital_certification,DV1_DO_1,Please answer the following questions. To what extent do you think the sweater is... - Display Order - Luxurious,excluded,"survey metadata, timing, display-order, randomiser or other-text column"
digital_certification,DV1_DO_2,Please answer the following questions. To what extent do you think the sweater is... - Display Order - High Status,excluded,"survey metadata, timing, display-order, randomiser or other-text column"
digital_certification,DV1_DO_3,Please answer the following questions. To what extent do you think the sweater is... - Display Order - Prestigious,excluded,"survey metadata, timing, display-order, randomiser or other-text column"
digital_certification,Open,Please briefly describe what you were thinking about when you indicated how luxurious/high status/prestigious and how ex,excluded,empty in the human file
digital_certification,test,test,excluded,no QSF question (embedded data or derived column)
digital_certification,item,item,excluded,no QSF question (embedded data or derived column)
digital_certification,FL_9_DO_FL_10,FL_9 - Block Randomizer - Display Order - FL_10,excluded,"survey metadata, timing, display-order, randomiser or other-text column"
digital_certification,FL_9_DO_FL_11,FL_9 - Block Randomizer - Display Order - FL_11,excluded,"survey metadata, timing, display-order, randomiser or other-text column"
digital_certification,FL_86_DO_DV(s),FL_86 - Block Randomizer - Display Order - DV(s),excluded,"survey metadata, timing, display-order, randomiser or other-text column"
digital_certification,FL_86_DO_WTP,FL_86 - Block Randomizer - Display Order - WTP,excluded,"survey metadata, timing, display-order, randomiser or other-text column"
digital_certification,Unnamed: 42,nan,excluded,no QSF question (embedded data or derived column)
hiring_algorithms,StartDate,Start Date,excluded,"survey metadata, timing, display-order, randomiser or other-text column"
hiring_algorithms,EndDate,End Date,excluded,"survey metadata, timing, display-order, randomiser or other-text column"
hiring_algorithms,Progress,Progress,excluded,"survey metadata, timing, display-order, randomiser or other-text column"
hiring_algorithms,Duration (in seconds),Duration (in seconds),excluded,"survey metadata, timing, display-order, randomiser or other-text column"
hiring_algorithms,Finished,Finished,excluded,"survey metadata, timing, display-order, randomiser or other-text column"
hiring_algorithms,RecordedDate,Recorded Date,excluded,"survey metadata, timing, display-order, randomiser or other-text column"
hiring_algorithms,Q31,"Introduction: You are being invited to participate in a research study. Before you agree to participate, it is important",excluded,constant in the human file
hiring_algorithms,Q9,Which of the following is more important to you when choosing a job?,excluded,nominal options
hiring_algorithms,Q14,"Imagine two job offers: one from a prestigious company with a competitive culture, and one from a lesser-known company w",excluded,"has a don't-know, other, not-sure or not-applicable option"
hiring_algorithms,Q17,"If all cats have fur, and Fluffy is a cat, what can be logically concluded?",excluded,nominal options
hiring_algorithms,Q18,"What comes next in the following numerical sequence: 2, 6, 12, 20, ___?",excluded,nominal options
hiring_algorithms,Q19,EYE is to LIGHT as TONGUE is to..?,excluded,nominal options
hiring_algorithms,Q20,A certain group of people was born between 1965 and 1981. This group is notably independent and has a knack for risk man,excluded,"has a don't-know, other, not-sure or not-applicable option"
hiring_algorithms,FL_7_DO_AlgorithmicHiring,FL_7 - Block Randomizer - Display Order - AlgorithmicHiring,excluded,"survey metadata, timing, display-order, randomiser or other-text column"
hiring_algorithms,FL_7_DO_HiringTeam,FL_7 - Block Randomizer - Display Order - HiringTeam,excluded,"survey metadata, timing, display-order, randomiser or other-text column"
idea_evaluation,StartDate,Start Date,excluded,"survey metadata, timing, display-order, randomiser or other-text column"
idea_evaluation,EndDate,End Date,excluded,"survey metadata, timing, display-order, randomiser or other-text column"
idea_evaluation,Progress,Progress,excluded,"survey metadata, timing, display-order, randomiser or other-text column"
idea_evaluation,Duration (in seconds),Duration (in seconds),excluded,"survey metadata, timing, display-order, randomiser or other-text column"
idea_evaluation,Finished,Finished,excluded,"survey metadata, timing, display-order, randomiser or other-text column"
idea_evaluation,RecordedDate,Recorded Date,excluded,"survey metadata, timing, display-order, randomiser or other-text column"
idea_evaluation,Q84,"People vary in the amount they pay attention to these kinds of surveys. Some take them seriously and read each question,",excluded,"has a don't-know, other, not-sure or not-applicable option"
idea_evaluation,Q84_7_TEXT,"People vary in the amount they pay attention to these kinds of surveys. Some take them seriously and read each question,",excluded,"survey metadata, timing, display-order, randomiser or other-text column"
idea_evaluation,Q2,how many ideas,excluded,constant in the human file
idea_evaluation,Q9,how many ideas,excluded,constant in the human file
idea_evaluation,Q12,What was the source of the ideas you are about to evaluate?,excluded,nominal options
idea_evaluation,Q15,how many ideas,excluded,constant in the human file
idea_evaluation,Q18,What was the source of the ideas you are about to evaluate?,excluded,nominal options
idea_evaluation,Q19,how many ideas,excluded,constant in the human file
idea_evaluation,Q22,What was the source of the ideas you are about to evaluate?,excluded,nominal options
idea_evaluation,answer,answer,excluded,no QSF question (embedded data or derived column)
idea_evaluation,condition,condition,excluded,no QSF question (embedded data or derived column)
idea_evaluation,source,source,excluded,no QSF question (embedded data or derived column)
idea_evaluation,FL_38_DO_FL_39,FL_38 - Block Randomizer - Display Order - FL_39,excluded,"survey metadata, timing, display-order, randomiser or other-text column"
idea_evaluation,FL_38_DO_FL_40,FL_38 - Block Randomizer - Display Order - FL_40,excluded,"survey metadata, timing, display-order, randomiser or other-text column"
idea_evaluation,FL_38_DO_FL_41,FL_38 - Block Randomizer - Display Order - FL_41,excluded,"survey metadata, timing, display-order, randomiser or other-text column"
idea_evaluation,FL_42_DO_FL_43,FL_42 - Block Randomizer - Display Order - FL_43,excluded,"survey metadata, timing, display-order, randomiser or other-text column"
idea_evaluation,FL_42_DO_FL_44,FL_42 - Block Randomizer - Display Order - FL_44,excluded,"survey metadata, timing, display-order, randomiser or other-text column"
idea_evaluation,1_Q11,1 - Below is an idea: Idea #[CurrentLoopNumber] out of [TotalLoops]: [Field-3] How creative is this app idea?,pooled,pooled into loopmean:Q11
idea_evaluation,2_Q11,2 - Below is an idea: Idea #[CurrentLoopNumber] out of [TotalLoops]: [Field-3] How creative is this app idea?,pooled,pooled into loopmean:Q11
idea_evaluation,3_Q11,3 - Below is an idea: Idea #[CurrentLoopNumber] out of [TotalLoops]: [Field-3] How creative is this app idea?,pooled,pooled into loopmean:Q11
idea_evaluation,4_Q11,4 - Below is an idea: Idea #[CurrentLoopNumber] out of [TotalLoops]: [Field-3] How creative is this app idea?,pooled,pooled into loopmean:Q11
idea_evaluation,5_Q11,5 - Below is an idea: Idea #[CurrentLoopNumber] out of [TotalLoops]: [Field-3] How creative is this app idea?,pooled,pooled into loopmean:Q11
idea_evaluation,6_Q11,6 - Below is an idea: Idea #[CurrentLoopNumber] out of [TotalLoops]: [Field-3] How creative is this app idea?,pooled,pooled into loopmean:Q11
idea_evaluation,7_Q11,7 - Below is an idea: Idea #[CurrentLoopNumber] out of [TotalLoops]: [Field-3] How creative is this app idea?,pooled,pooled into loopmean:Q11
idea_evaluation,8_Q11,8 - Below is an idea: Idea #[CurrentLoopNumber] out of [TotalLoops]: [Field-3] How creative is this app idea?,pooled,pooled into loopmean:Q11
idea_evaluation,9_Q11,9 - Below is an idea: Idea #[CurrentLoopNumber] out of [TotalLoops]: [Field-3] How creative is this app idea?,pooled,pooled into loopmean:Q11
idea_evaluation,10_Q11,10 - Below is an idea: Idea #[CurrentLoopNumber] out of [TotalLoops]: [Field-3] How creative is this app idea?,pooled,pooled into loopmean:Q11
idea_evaluation,11_Q11,11 - Below is an idea: Idea #[CurrentLoopNumber] out of [TotalLoops]: [Field-3] How creative is this app idea?,pooled,pooled into loopmean:Q11
idea_evaluation,12_Q11,12 - Below is an idea: Idea #[CurrentLoopNumber] out of [TotalLoops]: [Field-3] How creative is this app idea?,pooled,pooled into loopmean:Q11
idea_evaluation,13_Q11,13 - Below is an idea: Idea #[CurrentLoopNumber] out of [TotalLoops]: [Field-3] How creative is this app idea?,pooled,pooled into loopmean:Q11
idea_evaluation,14_Q11,14 - Below is an idea: Idea #[CurrentLoopNumber] out of [TotalLoops]: [Field-3] How creative is this app idea?,pooled,pooled into loopmean:Q11
idea_evaluation,15_Q11,15 - Below is an idea: Idea #[CurrentLoopNumber] out of [TotalLoops]: [Field-3] How creative is this app idea?,pooled,pooled into loopmean:Q11
idea_evaluation,16_Q11,16 - Below is an idea: Idea #[CurrentLoopNumber] out of [TotalLoops]: [Field-3] How creative is this app idea?,pooled,pooled into loopmean:Q11
idea_evaluation,17_Q11,17 - Below is an idea: Idea #[CurrentLoopNumber] out of [TotalLoops]: [Field-3] How creative is this app idea?,pooled,pooled into loopmean:Q11
idea_evaluation,18_Q11,18 - Below is an idea: Idea #[CurrentLoopNumber] out of [TotalLoops]: [Field-3] How creative is this app idea?,pooled,pooled into loopmean:Q11
idea_evaluation,19_Q11,19 - Below is an idea: Idea #[CurrentLoopNumber] out of [TotalLoops]: [Field-3] How creative is this app idea?,pooled,pooled into loopmean:Q11
idea_evaluation,20_Q11,20 - Below is an idea: Idea #[CurrentLoopNumber] out of [TotalLoops]: [Field-3] How creative is this app idea?,pooled,pooled into loopmean:Q11
idea_evaluation,21_Q11,21 - Below is an idea: Idea #[CurrentLoopNumber] out of [TotalLoops]: [Field-3] How creative is this app idea?,pooled,pooled into loopmean:Q11
idea_evaluation,22_Q11,22 - Below is an idea: Idea #[CurrentLoopNumber] out of [TotalLoops]: [Field-3] How creative is this app idea?,pooled,pooled into loopmean:Q11
idea_evaluation,23_Q11,23 - Below is an idea: Idea #[CurrentLoopNumber] out of [TotalLoops]: [Field-3] How creative is this app idea?,pooled,pooled into loopmean:Q11
idea_evaluation,24_Q11,24 - Below is an idea: Idea #[CurrentLoopNumber] out of [TotalLoops]: [Field-3] How creative is this app idea?,pooled,pooled into loopmean:Q11
idea_evaluation,25_Q11,25 - Below is an idea: Idea #[CurrentLoopNumber] out of [TotalLoops]: [Field-3] How creative is this app idea?,pooled,pooled into loopmean:Q11
idea_evaluation,26_Q11,26 - Below is an idea: Idea #[CurrentLoopNumber] out of [TotalLoops]: [Field-3] How creative is this app idea?,pooled,pooled into loopmean:Q11
idea_evaluation,27_Q11,27 - Below is an idea: Idea #[CurrentLoopNumber] out of [TotalLoops]: [Field-3] How creative is this app idea?,pooled,pooled into loopmean:Q11
idea_evaluation,28_Q11,28 - Below is an idea: Idea #[CurrentLoopNumber] out of [TotalLoops]: [Field-3] How creative is this app idea?,pooled,pooled into loopmean:Q11
idea_evaluation,29_Q11,29 - Below is an idea: Idea #[CurrentLoopNumber] out of [TotalLoops]: [Field-3] How creative is this app idea?,pooled,pooled into loopmean:Q11
idea_evaluation,30_Q11,30 - Below is an idea: Idea #[CurrentLoopNumber] out of [TotalLoops]: [Field-3] How creative is this app idea?,pooled,pooled into loopmean:Q11
idea_evaluation,31_Q11,31 - Below is an idea: Idea #[CurrentLoopNumber] out of [TotalLoops]: [Field-3] How creative is this app idea?,pooled,pooled into loopmean:Q11
idea_evaluation,32_Q11,32 - Below is an idea: Idea #[CurrentLoopNumber] out of [TotalLoops]: [Field-3] How creative is this app idea?,pooled,pooled into loopmean:Q11
idea_evaluation,33_Q11,33 - Below is an idea: Idea #[CurrentLoopNumber] out of [TotalLoops]: [Field-3] How creative is this app idea?,pooled,pooled into loopmean:Q11
idea_evaluation,34_Q11,34 - Below is an idea: Idea #[CurrentLoopNumber] out of [TotalLoops]: [Field-3] How creative is this app idea?,pooled,pooled into loopmean:Q11
idea_evaluation,35_Q11,35 - Below is an idea: Idea #[CurrentLoopNumber] out of [TotalLoops]: [Field-3] How creative is this app idea?,pooled,pooled into loopmean:Q11
idea_evaluation,36_Q11,36 - Below is an idea: Idea #[CurrentLoopNumber] out of [TotalLoops]: [Field-3] How creative is this app idea?,pooled,pooled into loopmean:Q11
idea_evaluation,37_Q11,37 - Below is an idea: Idea #[CurrentLoopNumber] out of [TotalLoops]: [Field-3] How creative is this app idea?,pooled,pooled into loopmean:Q11
idea_evaluation,38_Q11,38 - Below is an idea: Idea #[CurrentLoopNumber] out of [TotalLoops]: [Field-3] How creative is this app idea?,pooled,pooled into loopmean:Q11
idea_evaluation,39_Q11,39 - Below is an idea: Idea #[CurrentLoopNumber] out of [TotalLoops]: [Field-3] How creative is this app idea?,pooled,pooled into loopmean:Q11
idea_evaluation,40_Q11,40 - Below is an idea: Idea #[CurrentLoopNumber] out of [TotalLoops]: [Field-3] How creative is this app idea?,pooled,pooled into loopmean:Q11
idea_evaluation,41_Q11,41 - Below is an idea: Idea #[CurrentLoopNumber] out of [TotalLoops]: [Field-3] How creative is this app idea?,pooled,pooled into loopmean:Q11
idea_evaluation,42_Q11,42 - Below is an idea: Idea #[CurrentLoopNumber] out of [TotalLoops]: [Field-3] How creative is this app idea?,pooled,pooled into loopmean:Q11
idea_evaluation,43_Q11,43 - Below is an idea: Idea #[CurrentLoopNumber] out of [TotalLoops]: [Field-3] How creative is this app idea?,pooled,pooled into loopmean:Q11
idea_evaluation,44_Q11,44 - Below is an idea: Idea #[CurrentLoopNumber] out of [TotalLoops]: [Field-3] How creative is this app idea?,pooled,pooled into loopmean:Q11
idea_evaluation,45_Q11,45 - Below is an idea: Idea #[CurrentLoopNumber] out of [TotalLoops]: [Field-3] How creative is this app idea?,pooled,pooled into loopmean:Q11
idea_evaluation,46_Q11,46 - Below is an idea: Idea #[CurrentLoopNumber] out of [TotalLoops]: [Field-3] How creative is this app idea?,pooled,pooled into loopmean:Q11
idea_evaluation,47_Q11,47 - Below is an idea: Idea #[CurrentLoopNumber] out of [TotalLoops]: [Field-3] How creative is this app idea?,pooled,pooled into loopmean:Q11
idea_evaluation,48_Q11,48 - Below is an idea: Idea #[CurrentLoopNumber] out of [TotalLoops]: [Field-3] How creative is this app idea?,pooled,pooled into loopmean:Q11
idea_evaluation,49_Q11,49 - Below is an idea: Idea #[CurrentLoopNumber] out of [TotalLoops]: [Field-3] How creative is this app idea?,pooled,pooled into loopmean:Q11
idea_evaluation,50_Q11,50 - Below is an idea: Idea #[CurrentLoopNumber] out of [TotalLoops]: [Field-3] How creative is this app idea?,pooled,pooled into loopmean:Q11
idea_evaluation,51_Q11,51 - Below is an idea: Idea #[CurrentLoopNumber] out of [TotalLoops]: [Field-3] How creative is this app idea?,pooled,pooled into loopmean:Q11
idea_evaluation,52_Q11,52 - Below is an idea: Idea #[CurrentLoopNumber] out of [TotalLoops]: [Field-3] How creative is this app idea?,pooled,pooled into loopmean:Q11
idea_evaluation,53_Q11,53 - Below is an idea: Idea #[CurrentLoopNumber] out of [TotalLoops]: [Field-3] How creative is this app idea?,pooled,pooled into loopmean:Q11
idea_evaluation,54_Q11,54 - Below is an idea: Idea #[CurrentLoopNumber] out of [TotalLoops]: [Field-3] How creative is this app idea?,pooled,pooled into loopmean:Q11
idea_evaluation,55_Q11,55 - Below is an idea: Idea #[CurrentLoopNumber] out of [TotalLoops]: [Field-3] How creative is this app idea?,pooled,pooled into loopmean:Q11
idea_evaluation,56_Q11,56 - Below is an idea: Idea #[CurrentLoopNumber] out of [TotalLoops]: [Field-3] How creative is this app idea?,pooled,pooled into loopmean:Q11
idea_evaluation,57_Q11,57 - Below is an idea: Idea #[CurrentLoopNumber] out of [TotalLoops]: [Field-3] How creative is this app idea?,pooled,pooled into loopmean:Q11
idea_evaluation,58_Q11,58 - Below is an idea: Idea #[CurrentLoopNumber] out of [TotalLoops]: [Field-3] How creative is this app idea?,pooled,pooled into loopmean:Q11
idea_evaluation,59_Q11,59 - Below is an idea: Idea #[CurrentLoopNumber] out of [TotalLoops]: [Field-3] How creative is this app idea?,pooled,pooled into loopmean:Q11
idea_evaluation,60_Q11,60 - Below is an idea: Idea #[CurrentLoopNumber] out of [TotalLoops]: [Field-3] How creative is this app idea?,pooled,pooled into loopmean:Q11
idea_evaluation,61_Q11,61 - Below is an idea: Idea #[CurrentLoopNumber] out of [TotalLoops]: [Field-3] How creative is this app idea?,pooled,pooled into loopmean:Q11
idea_evaluation,62_Q11,62 - Below is an idea: Idea #[CurrentLoopNumber] out of [TotalLoops]: [Field-3] How creative is this app idea?,pooled,pooled into loopmean:Q11
idea_evaluation,63_Q11,63 - Below is an idea: Idea #[CurrentLoopNumber] out of [TotalLoops]: [Field-3] How creative is this app idea?,pooled,pooled into loopmean:Q11
idea_evaluation,64_Q11,64 - Below is an idea: Idea #[CurrentLoopNumber] out of [TotalLoops]: [Field-3] How creative is this app idea?,pooled,pooled into loopmean:Q11
idea_evaluation,65_Q11,65 - Below is an idea: Idea #[CurrentLoopNumber] out of [TotalLoops]: [Field-3] How creative is this app idea?,pooled,pooled into loopmean:Q11
idea_evaluation,66_Q11,66 - Below is an idea: Idea #[CurrentLoopNumber] out of [TotalLoops]: [Field-3] How creative is this app idea?,pooled,pooled into loopmean:Q11
idea_evaluation,67_Q11,67 - Below is an idea: Idea #[CurrentLoopNumber] out of [TotalLoops]: [Field-3] How creative is this app idea?,pooled,pooled into loopmean:Q11
idea_evaluation,68_Q11,68 - Below is an idea: Idea #[CurrentLoopNumber] out of [TotalLoops]: [Field-3] How creative is this app idea?,pooled,pooled into loopmean:Q11
idea_evaluation,69_Q11,69 - Below is an idea: Idea #[CurrentLoopNumber] out of [TotalLoops]: [Field-3] How creative is this app idea?,pooled,pooled into loopmean:Q11
idea_evaluation,70_Q11,70 - Below is an idea: Idea #[CurrentLoopNumber] out of [TotalLoops]: [Field-3] How creative is this app idea?,pooled,pooled into loopmean:Q11
idea_evaluation,71_Q11,71 - Below is an idea: Idea #[CurrentLoopNumber] out of [TotalLoops]: [Field-3] How creative is this app idea?,pooled,pooled into loopmean:Q11
idea_evaluation,72_Q11,72 - Below is an idea: Idea #[CurrentLoopNumber] out of [TotalLoops]: [Field-3] How creative is this app idea?,pooled,pooled into loopmean:Q11
idea_evaluation,73_Q11,73 - Below is an idea: Idea #[CurrentLoopNumber] out of [TotalLoops]: [Field-3] How creative is this app idea?,pooled,pooled into loopmean:Q11
idea_evaluation,74_Q11,74 - Below is an idea: Idea #[CurrentLoopNumber] out of [TotalLoops]: [Field-3] How creative is this app idea?,pooled,pooled into loopmean:Q11
idea_evaluation,75_Q11,75 - Below is an idea: Idea #[CurrentLoopNumber] out of [TotalLoops]: [Field-3] How creative is this app idea?,pooled,pooled into loopmean:Q11
idea_evaluation,76_Q11,76 - Below is an idea: Idea #[CurrentLoopNumber] out of [TotalLoops]: [Field-3] How creative is this app idea?,pooled,pooled into loopmean:Q11
idea_evaluation,77_Q11,77 - Below is an idea: Idea #[CurrentLoopNumber] out of [TotalLoops]: [Field-3] How creative is this app idea?,pooled,pooled into loopmean:Q11
idea_evaluation,78_Q11,78 - Below is an idea: Idea #[CurrentLoopNumber] out of [TotalLoops]: [Field-3] How creative is this app idea?,pooled,pooled into loopmean:Q11
idea_evaluation,79_Q11,79 - Below is an idea: Idea #[CurrentLoopNumber] out of [TotalLoops]: [Field-3] How creative is this app idea?,pooled,pooled into loopmean:Q11
idea_evaluation,80_Q11,80 - Below is an idea: Idea #[CurrentLoopNumber] out of [TotalLoops]: [Field-3] How creative is this app idea?,pooled,pooled into loopmean:Q11
idea_evaluation,81_Q11,81 - Below is an idea: Idea #[CurrentLoopNumber] out of [TotalLoops]: [Field-3] How creative is this app idea?,pooled,pooled into loopmean:Q11
idea_evaluation,82_Q11,82 - Below is an idea: Idea #[CurrentLoopNumber] out of [TotalLoops]: [Field-3] How creative is this app idea?,pooled,pooled into loopmean:Q11
idea_evaluation,83_Q11,83 - Below is an idea: Idea #[CurrentLoopNumber] out of [TotalLoops]: [Field-3] How creative is this app idea?,pooled,pooled into loopmean:Q11
idea_evaluation,84_Q11,84 - Below is an idea: Idea #[CurrentLoopNumber] out of [TotalLoops]: [Field-3] How creative is this app idea?,pooled,pooled into loopmean:Q11
idea_evaluation,85_Q11,85 - Below is an idea: Idea #[CurrentLoopNumber] out of [TotalLoops]: [Field-3] How creative is this app idea?,pooled,pooled into loopmean:Q11
idea_evaluation,86_Q11,86 - Below is an idea: Idea #[CurrentLoopNumber] out of [TotalLoops]: [Field-3] How creative is this app idea?,pooled,pooled into loopmean:Q11
idea_evaluation,87_Q11,87 - Below is an idea: Idea #[CurrentLoopNumber] out of [TotalLoops]: [Field-3] How creative is this app idea?,pooled,pooled into loopmean:Q11
idea_evaluation,88_Q11,88 - Below is an idea: Idea #[CurrentLoopNumber] out of [TotalLoops]: [Field-3] How creative is this app idea?,pooled,pooled into loopmean:Q11
idea_evaluation,89_Q11,89 - Below is an idea: Idea #[CurrentLoopNumber] out of [TotalLoops]: [Field-3] How creative is this app idea?,pooled,pooled into loopmean:Q11
idea_evaluation,90_Q11,90 - Below is an idea: Idea #[CurrentLoopNumber] out of [TotalLoops]: [Field-3] How creative is this app idea?,pooled,pooled into loopmean:Q11
idea_evaluation,91_Q11,91 - Below is an idea: Idea #[CurrentLoopNumber] out of [TotalLoops]: [Field-3] How creative is this app idea?,pooled,pooled into loopmean:Q11
idea_evaluation,92_Q11,92 - Below is an idea: Idea #[CurrentLoopNumber] out of [TotalLoops]: [Field-3] How creative is this app idea?,pooled,pooled into loopmean:Q11
idea_evaluation,93_Q11,93 - Below is an idea: Idea #[CurrentLoopNumber] out of [TotalLoops]: [Field-3] How creative is this app idea?,pooled,pooled into loopmean:Q11
idea_evaluation,94_Q11,94 - Below is an idea: Idea #[CurrentLoopNumber] out of [TotalLoops]: [Field-3] How creative is this app idea?,pooled,pooled into loopmean:Q11
idea_evaluation,95_Q11,95 - Below is an idea: Idea #[CurrentLoopNumber] out of [TotalLoops]: [Field-3] How creative is this app idea?,pooled,pooled into loopmean:Q11
idea_evaluation,96_Q11,96 - Below is an idea: Idea #[CurrentLoopNumber] out of [TotalLoops]: [Field-3] How creative is this app idea?,pooled,pooled into loopmean:Q11
idea_evaluation,97_Q11,97 - Below is an idea: Idea #[CurrentLoopNumber] out of [TotalLoops]: [Field-3] How creative is this app idea?,pooled,pooled into loopmean:Q11
idea_evaluation,98_Q11,98 - Below is an idea: Idea #[CurrentLoopNumber] out of [TotalLoops]: [Field-3] How creative is this app idea?,pooled,pooled into loopmean:Q11
idea_evaluation,99_Q11,99 - Below is an idea: Idea #[CurrentLoopNumber] out of [TotalLoops]: [Field-3] How creative is this app idea?,pooled,pooled into loopmean:Q11
idea_evaluation,100_Q11,100 - Below is an idea: Idea #[CurrentLoopNumber] out of [TotalLoops]: [Field-3] How creative is this app idea?,pooled,pooled into loopmean:Q11
idea_evaluation,101_Q11,101 - Below is an idea: Idea #[CurrentLoopNumber] out of [TotalLoops]: [Field-3] How creative is this app idea?,pooled,pooled into loopmean:Q11
idea_evaluation,102_Q11,102 - Below is an idea: Idea #[CurrentLoopNumber] out of [TotalLoops]: [Field-3] How creative is this app idea?,pooled,pooled into loopmean:Q11
idea_evaluation,103_Q11,103 - Below is an idea: Idea #[CurrentLoopNumber] out of [TotalLoops]: [Field-3] How creative is this app idea?,pooled,pooled into loopmean:Q11
idea_evaluation,104_Q11,104 - Below is an idea: Idea #[CurrentLoopNumber] out of [TotalLoops]: [Field-3] How creative is this app idea?,pooled,pooled into loopmean:Q11
idea_evaluation,105_Q11,105 - Below is an idea: Idea #[CurrentLoopNumber] out of [TotalLoops]: [Field-3] How creative is this app idea?,pooled,pooled into loopmean:Q11
idea_evaluation,106_Q11,106 - Below is an idea: Idea #[CurrentLoopNumber] out of [TotalLoops]: [Field-3] How creative is this app idea?,pooled,pooled into loopmean:Q11
idea_evaluation,107_Q11,107 - Below is an idea: Idea #[CurrentLoopNumber] out of [TotalLoops]: [Field-3] How creative is this app idea?,pooled,pooled into loopmean:Q11
idea_evaluation,108_Q11,108 - Below is an idea: Idea #[CurrentLoopNumber] out of [TotalLoops]: [Field-3] How creative is this app idea?,pooled,pooled into loopmean:Q11
idea_evaluation,109_Q11,109 - Below is an idea: Idea #[CurrentLoopNumber] out of [TotalLoops]: [Field-3] How creative is this app idea?,pooled,pooled into loopmean:Q11
idea_evaluation,110_Q11,110 - Below is an idea: Idea #[CurrentLoopNumber] out of [TotalLoops]: [Field-3] How creative is this app idea?,pooled,pooled into loopmean:Q11
idea_evaluation,111_Q11,111 - Below is an idea: Idea #[CurrentLoopNumber] out of [TotalLoops]: [Field-3] How creative is this app idea?,pooled,pooled into loopmean:Q11
idea_evaluation,112_Q11,112 - Below is an idea: Idea #[CurrentLoopNumber] out of [TotalLoops]: [Field-3] How creative is this app idea?,pooled,pooled into loopmean:Q11
idea_evaluation,113_Q11,113 - Below is an idea: Idea #[CurrentLoopNumber] out of [TotalLoops]: [Field-3] How creative is this app idea?,pooled,pooled into loopmean:Q11
idea_evaluation,114_Q11,114 - Below is an idea: Idea #[CurrentLoopNumber] out of [TotalLoops]: [Field-3] How creative is this app idea?,pooled,pooled into loopmean:Q11
idea_evaluation,115_Q11,115 - Below is an idea: Idea #[CurrentLoopNumber] out of [TotalLoops]: [Field-3] How creative is this app idea?,pooled,pooled into loopmean:Q11
idea_evaluation,116_Q11,116 - Below is an idea: Idea #[CurrentLoopNumber] out of [TotalLoops]: [Field-3] How creative is this app idea?,pooled,pooled into loopmean:Q11
idea_evaluation,117_Q11,117 - Below is an idea: Idea #[CurrentLoopNumber] out of [TotalLoops]: [Field-3] How creative is this app idea?,pooled,pooled into loopmean:Q11
idea_evaluation,118_Q11,118 - Below is an idea: Idea #[CurrentLoopNumber] out of [TotalLoops]: [Field-3] How creative is this app idea?,pooled,pooled into loopmean:Q11
idea_evaluation,119_Q11,119 - Below is an idea: Idea #[CurrentLoopNumber] out of [TotalLoops]: [Field-3] How creative is this app idea?,pooled,pooled into loopmean:Q11
idea_evaluation,120_Q11,120 - Below is an idea: Idea #[CurrentLoopNumber] out of [TotalLoops]: [Field-3] How creative is this app idea?,pooled,pooled into loopmean:Q11
idea_evaluation,121_Q11,121 - Below is an idea: Idea #[CurrentLoopNumber] out of [TotalLoops]: [Field-3] How creative is this app idea?,pooled,pooled into loopmean:Q11
idea_evaluation,122_Q11,122 - Below is an idea: Idea #[CurrentLoopNumber] out of [TotalLoops]: [Field-3] How creative is this app idea?,pooled,pooled into loopmean:Q11
idea_evaluation,123_Q11,123 - Below is an idea: Idea #[CurrentLoopNumber] out of [TotalLoops]: [Field-3] How creative is this app idea?,pooled,pooled into loopmean:Q11
idea_evaluation,124_Q11,124 - Below is an idea: Idea #[CurrentLoopNumber] out of [TotalLoops]: [Field-3] How creative is this app idea?,pooled,pooled into loopmean:Q11
idea_evaluation,125_Q11,125 - Below is an idea: Idea #[CurrentLoopNumber] out of [TotalLoops]: [Field-3] How creative is this app idea?,pooled,pooled into loopmean:Q11
idea_evaluation,126_Q11,126 - Below is an idea: Idea #[CurrentLoopNumber] out of [TotalLoops]: [Field-3] How creative is this app idea?,pooled,pooled into loopmean:Q11
idea_evaluation,127_Q11,127 - Below is an idea: Idea #[CurrentLoopNumber] out of [TotalLoops]: [Field-3] How creative is this app idea?,pooled,pooled into loopmean:Q11
idea_evaluation,128_Q11,128 - Below is an idea: Idea #[CurrentLoopNumber] out of [TotalLoops]: [Field-3] How creative is this app idea?,pooled,pooled into loopmean:Q11
idea_evaluation,129_Q11,129 - Below is an idea: Idea #[CurrentLoopNumber] out of [TotalLoops]: [Field-3] How creative is this app idea?,pooled,pooled into loopmean:Q11
idea_evaluation,130_Q11,130 - Below is an idea: Idea #[CurrentLoopNumber] out of [TotalLoops]: [Field-3] How creative is this app idea?,pooled,pooled into loopmean:Q11
idea_evaluation,131_Q11,131 - Below is an idea: Idea #[CurrentLoopNumber] out of [TotalLoops]: [Field-3] How creative is this app idea?,pooled,pooled into loopmean:Q11
idea_evaluation,132_Q11,132 - Below is an idea: Idea #[CurrentLoopNumber] out of [TotalLoops]: [Field-3] How creative is this app idea?,pooled,pooled into loopmean:Q11
idea_evaluation,133_Q11,133 - Below is an idea: Idea #[CurrentLoopNumber] out of [TotalLoops]: [Field-3] How creative is this app idea?,pooled,pooled into loopmean:Q11
idea_evaluation,134_Q11,134 - Below is an idea: Idea #[CurrentLoopNumber] out of [TotalLoops]: [Field-3] How creative is this app idea?,pooled,pooled into loopmean:Q11
idea_evaluation,135_Q11,135 - Below is an idea: Idea #[CurrentLoopNumber] out of [TotalLoops]: [Field-3] How creative is this app idea?,pooled,pooled into loopmean:Q11
idea_evaluation,136_Q11,136 - Below is an idea: Idea #[CurrentLoopNumber] out of [TotalLoops]: [Field-3] How creative is this app idea?,pooled,pooled into loopmean:Q11
idea_evaluation,137_Q11,137 - Below is an idea: Idea #[CurrentLoopNumber] out of [TotalLoops]: [Field-3] How creative is this app idea?,pooled,pooled into loopmean:Q11
idea_evaluation,138_Q11,138 - Below is an idea: Idea #[CurrentLoopNumber] out of [TotalLoops]: [Field-3] How creative is this app idea?,pooled,pooled into loopmean:Q11
idea_evaluation,139_Q11,139 - Below is an idea: Idea #[CurrentLoopNumber] out of [TotalLoops]: [Field-3] How creative is this app idea?,pooled,pooled into loopmean:Q11
idea_evaluation,140_Q11,140 - Below is an idea: Idea #[CurrentLoopNumber] out of [TotalLoops]: [Field-3] How creative is this app idea?,pooled,pooled into loopmean:Q11
idea_evaluation,141_Q11,141 - Below is an idea: Idea #[CurrentLoopNumber] out of [TotalLoops]: [Field-3] How creative is this app idea?,pooled,pooled into loopmean:Q11
idea_evaluation,142_Q11,142 - Below is an idea: Idea #[CurrentLoopNumber] out of [TotalLoops]: [Field-3] How creative is this app idea?,pooled,pooled into loopmean:Q11
idea_evaluation,143_Q11,143 - Below is an idea: Idea #[CurrentLoopNumber] out of [TotalLoops]: [Field-3] How creative is this app idea?,pooled,pooled into loopmean:Q11
idea_evaluation,144_Q11,144 - Below is an idea: Idea #[CurrentLoopNumber] out of [TotalLoops]: [Field-3] How creative is this app idea?,pooled,pooled into loopmean:Q11
idea_evaluation,145_Q11,145 - Below is an idea: Idea #[CurrentLoopNumber] out of [TotalLoops]: [Field-3] How creative is this app idea?,pooled,pooled into loopmean:Q11
idea_evaluation,146_Q11,146 - Below is an idea: Idea #[CurrentLoopNumber] out of [TotalLoops]: [Field-3] How creative is this app idea?,pooled,pooled into loopmean:Q11
idea_evaluation,147_Q11,147 - Below is an idea: Idea #[CurrentLoopNumber] out of [TotalLoops]: [Field-3] How creative is this app idea?,pooled,pooled into loopmean:Q11
idea_evaluation,148_Q11,148 - Below is an idea: Idea #[CurrentLoopNumber] out of [TotalLoops]: [Field-3] How creative is this app idea?,pooled,pooled into loopmean:Q11
idea_evaluation,149_Q11,149 - Below is an idea: Idea #[CurrentLoopNumber] out of [TotalLoops]: [Field-3] How creative is this app idea?,pooled,pooled into loopmean:Q11
idea_evaluation,150_Q11,150 - Below is an idea: Idea #[CurrentLoopNumber] out of [TotalLoops]: [Field-3] How creative is this app idea?,pooled,pooled into loopmean:Q11
idea_evaluation,151_Q11,151 - Below is an idea: Idea #[CurrentLoopNumber] out of [TotalLoops]: [Field-3] How creative is this app idea?,pooled,pooled into loopmean:Q11
idea_evaluation,152_Q11,152 - Below is an idea: Idea #[CurrentLoopNumber] out of [TotalLoops]: [Field-3] How creative is this app idea?,pooled,pooled into loopmean:Q11
idea_evaluation,153_Q11,153 - Below is an idea: Idea #[CurrentLoopNumber] out of [TotalLoops]: [Field-3] How creative is this app idea?,pooled,pooled into loopmean:Q11
idea_evaluation,154_Q11,154 - Below is an idea: Idea #[CurrentLoopNumber] out of [TotalLoops]: [Field-3] How creative is this app idea?,pooled,pooled into loopmean:Q11
idea_evaluation,155_Q11,155 - Below is an idea: Idea #[CurrentLoopNumber] out of [TotalLoops]: [Field-3] How creative is this app idea?,pooled,pooled into loopmean:Q11
idea_evaluation,156_Q11,156 - Below is an idea: Idea #[CurrentLoopNumber] out of [TotalLoops]: [Field-3] How creative is this app idea?,pooled,pooled into loopmean:Q11
idea_evaluation,157_Q11,157 - Below is an idea: Idea #[CurrentLoopNumber] out of [TotalLoops]: [Field-3] How creative is this app idea?,pooled,pooled into loopmean:Q11
idea_evaluation,158_Q11,158 - Below is an idea: Idea #[CurrentLoopNumber] out of [TotalLoops]: [Field-3] How creative is this app idea?,pooled,pooled into loopmean:Q11
idea_evaluation,159_Q11,159 - Below is an idea: Idea #[CurrentLoopNumber] out of [TotalLoops]: [Field-3] How creative is this app idea?,pooled,pooled into loopmean:Q11
idea_evaluation,160_Q11,160 - Below is an idea: Idea #[CurrentLoopNumber] out of [TotalLoops]: [Field-3] How creative is this app idea?,pooled,pooled into loopmean:Q11
idea_evaluation,161_Q11,161 - Below is an idea: Idea #[CurrentLoopNumber] out of [TotalLoops]: [Field-3] How creative is this app idea?,pooled,pooled into loopmean:Q11
idea_evaluation,162_Q11,162 - Below is an idea: Idea #[CurrentLoopNumber] out of [TotalLoops]: [Field-3] How creative is this app idea?,pooled,pooled into loopmean:Q11
idea_evaluation,163_Q11,163 - Below is an idea: Idea #[CurrentLoopNumber] out of [TotalLoops]: [Field-3] How creative is this app idea?,pooled,pooled into loopmean:Q11
idea_evaluation,164_Q11,164 - Below is an idea: Idea #[CurrentLoopNumber] out of [TotalLoops]: [Field-3] How creative is this app idea?,pooled,pooled into loopmean:Q11
idea_evaluation,165_Q11,165 - Below is an idea: Idea #[CurrentLoopNumber] out of [TotalLoops]: [Field-3] How creative is this app idea?,pooled,pooled into loopmean:Q11
idea_evaluation,166_Q11,166 - Below is an idea: Idea #[CurrentLoopNumber] out of [TotalLoops]: [Field-3] How creative is this app idea?,pooled,pooled into loopmean:Q11
idea_evaluation,167_Q11,167 - Below is an idea: Idea #[CurrentLoopNumber] out of [TotalLoops]: [Field-3] How creative is this app idea?,pooled,pooled into loopmean:Q11
idea_evaluation,168_Q11,168 - Below is an idea: Idea #[CurrentLoopNumber] out of [TotalLoops]: [Field-3] How creative is this app idea?,pooled,pooled into loopmean:Q11
idea_evaluation,169_Q11,169 - Below is an idea: Idea #[CurrentLoopNumber] out of [TotalLoops]: [Field-3] How creative is this app idea?,pooled,pooled into loopmean:Q11
idea_evaluation,170_Q11,170 - Below is an idea: Idea #[CurrentLoopNumber] out of [TotalLoops]: [Field-3] How creative is this app idea?,pooled,pooled into loopmean:Q11
idea_evaluation,171_Q11,171 - Below is an idea: Idea #[CurrentLoopNumber] out of [TotalLoops]: [Field-3] How creative is this app idea?,pooled,pooled into loopmean:Q11
idea_evaluation,172_Q11,172 - Below is an idea: Idea #[CurrentLoopNumber] out of [TotalLoops]: [Field-3] How creative is this app idea?,pooled,pooled into loopmean:Q11
idea_evaluation,173_Q11,173 - Below is an idea: Idea #[CurrentLoopNumber] out of [TotalLoops]: [Field-3] How creative is this app idea?,pooled,pooled into loopmean:Q11
idea_evaluation,174_Q11,174 - Below is an idea: Idea #[CurrentLoopNumber] out of [TotalLoops]: [Field-3] How creative is this app idea?,pooled,pooled into loopmean:Q11
idea_evaluation,175_Q11,175 - Below is an idea: Idea #[CurrentLoopNumber] out of [TotalLoops]: [Field-3] How creative is this app idea?,pooled,pooled into loopmean:Q11
idea_evaluation,176_Q11,176 - Below is an idea: Idea #[CurrentLoopNumber] out of [TotalLoops]: [Field-3] How creative is this app idea?,pooled,pooled into loopmean:Q11
idea_evaluation,177_Q11,177 - Below is an idea: Idea #[CurrentLoopNumber] out of [TotalLoops]: [Field-3] How creative is this app idea?,pooled,pooled into loopmean:Q11
idea_evaluation,178_Q11,178 - Below is an idea: Idea #[CurrentLoopNumber] out of [TotalLoops]: [Field-3] How creative is this app idea?,pooled,pooled into loopmean:Q11
idea_evaluation,179_Q11,179 - Below is an idea: Idea #[CurrentLoopNumber] out of [TotalLoops]: [Field-3] How creative is this app idea?,pooled,pooled into loopmean:Q11
idea_evaluation,180_Q11,180 - Below is an idea: Idea #[CurrentLoopNumber] out of [TotalLoops]: [Field-3] How creative is this app idea?,pooled,pooled into loopmean:Q11
idea_evaluation,181_Q11,181 - Below is an idea: Idea #[CurrentLoopNumber] out of [TotalLoops]: [Field-3] How creative is this app idea?,pooled,pooled into loopmean:Q11
idea_evaluation,182_Q11,182 - Below is an idea: Idea #[CurrentLoopNumber] out of [TotalLoops]: [Field-3] How creative is this app idea?,pooled,pooled into loopmean:Q11
idea_evaluation,183_Q11,183 - Below is an idea: Idea #[CurrentLoopNumber] out of [TotalLoops]: [Field-3] How creative is this app idea?,pooled,pooled into loopmean:Q11
idea_evaluation,184_Q11,184 - Below is an idea: Idea #[CurrentLoopNumber] out of [TotalLoops]: [Field-3] How creative is this app idea?,pooled,pooled into loopmean:Q11
idea_evaluation,185_Q11,185 - Below is an idea: Idea #[CurrentLoopNumber] out of [TotalLoops]: [Field-3] How creative is this app idea?,pooled,pooled into loopmean:Q11
idea_evaluation,186_Q11,186 - Below is an idea: Idea #[CurrentLoopNumber] out of [TotalLoops]: [Field-3] How creative is this app idea?,pooled,pooled into loopmean:Q11
idea_evaluation,187_Q11,187 - Below is an idea: Idea #[CurrentLoopNumber] out of [TotalLoops]: [Field-3] How creative is this app idea?,pooled,pooled into loopmean:Q11
idea_evaluation,188_Q11,188 - Below is an idea: Idea #[CurrentLoopNumber] out of [TotalLoops]: [Field-3] How creative is this app idea?,pooled,pooled into loopmean:Q11
idea_evaluation,189_Q11,189 - Below is an idea: Idea #[CurrentLoopNumber] out of [TotalLoops]: [Field-3] How creative is this app idea?,pooled,pooled into loopmean:Q11
idea_evaluation,190_Q11,190 - Below is an idea: Idea #[CurrentLoopNumber] out of [TotalLoops]: [Field-3] How creative is this app idea?,pooled,pooled into loopmean:Q11
idea_evaluation,191_Q11,191 - Below is an idea: Idea #[CurrentLoopNumber] out of [TotalLoops]: [Field-3] How creative is this app idea?,pooled,pooled into loopmean:Q11
idea_evaluation,192_Q11,192 - Below is an idea: Idea #[CurrentLoopNumber] out of [TotalLoops]: [Field-3] How creative is this app idea?,pooled,pooled into loopmean:Q11
idea_evaluation,193_Q11,193 - Below is an idea: Idea #[CurrentLoopNumber] out of [TotalLoops]: [Field-3] How creative is this app idea?,pooled,pooled into loopmean:Q11
idea_evaluation,194_Q11,194 - Below is an idea: Idea #[CurrentLoopNumber] out of [TotalLoops]: [Field-3] How creative is this app idea?,pooled,pooled into loopmean:Q11
idea_evaluation,195_Q11,195 - Below is an idea: Idea #[CurrentLoopNumber] out of [TotalLoops]: [Field-3] How creative is this app idea?,pooled,pooled into loopmean:Q11
idea_evaluation,196_Q11,196 - Below is an idea: Idea #[CurrentLoopNumber] out of [TotalLoops]: [Field-3] How creative is this app idea?,pooled,pooled into loopmean:Q11
idea_evaluation,197_Q11,197 - Below is an idea: Idea #[CurrentLoopNumber] out of [TotalLoops]: [Field-3] How creative is this app idea?,pooled,pooled into loopmean:Q11
idea_evaluation,198_Q11,198 - Below is an idea: Idea #[CurrentLoopNumber] out of [TotalLoops]: [Field-3] How creative is this app idea?,pooled,pooled into loopmean:Q11
idea_evaluation,199_Q11,199 - Below is an idea: Idea #[CurrentLoopNumber] out of [TotalLoops]: [Field-3] How creative is this app idea?,pooled,pooled into loopmean:Q11
idea_evaluation,200_Q11,200 - Below is an idea: Idea #[CurrentLoopNumber] out of [TotalLoops]: [Field-3] How creative is this app idea?,pooled,pooled into loopmean:Q11
idea_evaluation,1_Q23,1 - Below is an idea: Idea #[CurrentLoopNumber] out of [TotalLoops]: [Field-3] How creative is this app idea?,pooled,pooled into loopmean:Q23
idea_evaluation,2_Q23,2 - Below is an idea: Idea #[CurrentLoopNumber] out of [TotalLoops]: [Field-3] How creative is this app idea?,pooled,pooled into loopmean:Q23
idea_evaluation,3_Q23,3 - Below is an idea: Idea #[CurrentLoopNumber] out of [TotalLoops]: [Field-3] How creative is this app idea?,pooled,pooled into loopmean:Q23
idea_evaluation,4_Q23,4 - Below is an idea: Idea #[CurrentLoopNumber] out of [TotalLoops]: [Field-3] How creative is this app idea?,pooled,pooled into loopmean:Q23
idea_evaluation,5_Q23,5 - Below is an idea: Idea #[CurrentLoopNumber] out of [TotalLoops]: [Field-3] How creative is this app idea?,pooled,pooled into loopmean:Q23
idea_evaluation,6_Q23,6 - Below is an idea: Idea #[CurrentLoopNumber] out of [TotalLoops]: [Field-3] How creative is this app idea?,pooled,pooled into loopmean:Q23
idea_evaluation,7_Q23,7 - Below is an idea: Idea #[CurrentLoopNumber] out of [TotalLoops]: [Field-3] How creative is this app idea?,pooled,pooled into loopmean:Q23
idea_evaluation,8_Q23,8 - Below is an idea: Idea #[CurrentLoopNumber] out of [TotalLoops]: [Field-3] How creative is this app idea?,pooled,pooled into loopmean:Q23
idea_evaluation,9_Q23,9 - Below is an idea: Idea #[CurrentLoopNumber] out of [TotalLoops]: [Field-3] How creative is this app idea?,pooled,pooled into loopmean:Q23
idea_evaluation,10_Q23,10 - Below is an idea: Idea #[CurrentLoopNumber] out of [TotalLoops]: [Field-3] How creative is this app idea?,pooled,pooled into loopmean:Q23
idea_evaluation,11_Q23,11 - Below is an idea: Idea #[CurrentLoopNumber] out of [TotalLoops]: [Field-3] How creative is this app idea?,pooled,pooled into loopmean:Q23
idea_evaluation,12_Q23,12 - Below is an idea: Idea #[CurrentLoopNumber] out of [TotalLoops]: [Field-3] How creative is this app idea?,pooled,pooled into loopmean:Q23
idea_evaluation,13_Q23,13 - Below is an idea: Idea #[CurrentLoopNumber] out of [TotalLoops]: [Field-3] How creative is this app idea?,pooled,pooled into loopmean:Q23
idea_evaluation,14_Q23,14 - Below is an idea: Idea #[CurrentLoopNumber] out of [TotalLoops]: [Field-3] How creative is this app idea?,pooled,pooled into loopmean:Q23
idea_evaluation,15_Q23,15 - Below is an idea: Idea #[CurrentLoopNumber] out of [TotalLoops]: [Field-3] How creative is this app idea?,pooled,pooled into loopmean:Q23
idea_evaluation,16_Q23,16 - Below is an idea: Idea #[CurrentLoopNumber] out of [TotalLoops]: [Field-3] How creative is this app idea?,pooled,pooled into loopmean:Q23
idea_evaluation,17_Q23,17 - Below is an idea: Idea #[CurrentLoopNumber] out of [TotalLoops]: [Field-3] How creative is this app idea?,pooled,pooled into loopmean:Q23
idea_evaluation,18_Q23,18 - Below is an idea: Idea #[CurrentLoopNumber] out of [TotalLoops]: [Field-3] How creative is this app idea?,pooled,pooled into loopmean:Q23
idea_evaluation,19_Q23,19 - Below is an idea: Idea #[CurrentLoopNumber] out of [TotalLoops]: [Field-3] How creative is this app idea?,pooled,pooled into loopmean:Q23
idea_evaluation,20_Q23,20 - Below is an idea: Idea #[CurrentLoopNumber] out of [TotalLoops]: [Field-3] How creative is this app idea?,pooled,pooled into loopmean:Q23
idea_evaluation,21_Q23,21 - Below is an idea: Idea #[CurrentLoopNumber] out of [TotalLoops]: [Field-3] How creative is this app idea?,pooled,pooled into loopmean:Q23
idea_evaluation,22_Q23,22 - Below is an idea: Idea #[CurrentLoopNumber] out of [TotalLoops]: [Field-3] How creative is this app idea?,pooled,pooled into loopmean:Q23
idea_evaluation,23_Q23,23 - Below is an idea: Idea #[CurrentLoopNumber] out of [TotalLoops]: [Field-3] How creative is this app idea?,pooled,pooled into loopmean:Q23
idea_evaluation,24_Q23,24 - Below is an idea: Idea #[CurrentLoopNumber] out of [TotalLoops]: [Field-3] How creative is this app idea?,pooled,pooled into loopmean:Q23
idea_evaluation,25_Q23,25 - Below is an idea: Idea #[CurrentLoopNumber] out of [TotalLoops]: [Field-3] How creative is this app idea?,pooled,pooled into loopmean:Q23
idea_evaluation,26_Q23,26 - Below is an idea: Idea #[CurrentLoopNumber] out of [TotalLoops]: [Field-3] How creative is this app idea?,pooled,pooled into loopmean:Q23
idea_evaluation,27_Q23,27 - Below is an idea: Idea #[CurrentLoopNumber] out of [TotalLoops]: [Field-3] How creative is this app idea?,pooled,pooled into loopmean:Q23
idea_evaluation,28_Q23,28 - Below is an idea: Idea #[CurrentLoopNumber] out of [TotalLoops]: [Field-3] How creative is this app idea?,pooled,pooled into loopmean:Q23
idea_evaluation,29_Q23,29 - Below is an idea: Idea #[CurrentLoopNumber] out of [TotalLoops]: [Field-3] How creative is this app idea?,pooled,pooled into loopmean:Q23
idea_evaluation,30_Q23,30 - Below is an idea: Idea #[CurrentLoopNumber] out of [TotalLoops]: [Field-3] How creative is this app idea?,pooled,pooled into loopmean:Q23
idea_evaluation,31_Q23,31 - Below is an idea: Idea #[CurrentLoopNumber] out of [TotalLoops]: [Field-3] How creative is this app idea?,pooled,pooled into loopmean:Q23
idea_evaluation,32_Q23,32 - Below is an idea: Idea #[CurrentLoopNumber] out of [TotalLoops]: [Field-3] How creative is this app idea?,pooled,pooled into loopmean:Q23
idea_evaluation,33_Q23,33 - Below is an idea: Idea #[CurrentLoopNumber] out of [TotalLoops]: [Field-3] How creative is this app idea?,pooled,pooled into loopmean:Q23
idea_evaluation,34_Q23,34 - Below is an idea: Idea #[CurrentLoopNumber] out of [TotalLoops]: [Field-3] How creative is this app idea?,pooled,pooled into loopmean:Q23
idea_evaluation,35_Q23,35 - Below is an idea: Idea #[CurrentLoopNumber] out of [TotalLoops]: [Field-3] How creative is this app idea?,pooled,pooled into loopmean:Q23
idea_evaluation,36_Q23,36 - Below is an idea: Idea #[CurrentLoopNumber] out of [TotalLoops]: [Field-3] How creative is this app idea?,pooled,pooled into loopmean:Q23
idea_evaluation,37_Q23,37 - Below is an idea: Idea #[CurrentLoopNumber] out of [TotalLoops]: [Field-3] How creative is this app idea?,pooled,pooled into loopmean:Q23
idea_evaluation,38_Q23,38 - Below is an idea: Idea #[CurrentLoopNumber] out of [TotalLoops]: [Field-3] How creative is this app idea?,pooled,pooled into loopmean:Q23
idea_evaluation,39_Q23,39 - Below is an idea: Idea #[CurrentLoopNumber] out of [TotalLoops]: [Field-3] How creative is this app idea?,pooled,pooled into loopmean:Q23
idea_evaluation,40_Q23,40 - Below is an idea: Idea #[CurrentLoopNumber] out of [TotalLoops]: [Field-3] How creative is this app idea?,pooled,pooled into loopmean:Q23
idea_evaluation,41_Q23,41 - Below is an idea: Idea #[CurrentLoopNumber] out of [TotalLoops]: [Field-3] How creative is this app idea?,pooled,pooled into loopmean:Q23
idea_evaluation,42_Q23,42 - Below is an idea: Idea #[CurrentLoopNumber] out of [TotalLoops]: [Field-3] How creative is this app idea?,pooled,pooled into loopmean:Q23
idea_evaluation,43_Q23,43 - Below is an idea: Idea #[CurrentLoopNumber] out of [TotalLoops]: [Field-3] How creative is this app idea?,pooled,pooled into loopmean:Q23
idea_evaluation,44_Q23,44 - Below is an idea: Idea #[CurrentLoopNumber] out of [TotalLoops]: [Field-3] How creative is this app idea?,pooled,pooled into loopmean:Q23
idea_evaluation,45_Q23,45 - Below is an idea: Idea #[CurrentLoopNumber] out of [TotalLoops]: [Field-3] How creative is this app idea?,pooled,pooled into loopmean:Q23
idea_evaluation,46_Q23,46 - Below is an idea: Idea #[CurrentLoopNumber] out of [TotalLoops]: [Field-3] How creative is this app idea?,pooled,pooled into loopmean:Q23
idea_evaluation,47_Q23,47 - Below is an idea: Idea #[CurrentLoopNumber] out of [TotalLoops]: [Field-3] How creative is this app idea?,pooled,pooled into loopmean:Q23
idea_evaluation,48_Q23,48 - Below is an idea: Idea #[CurrentLoopNumber] out of [TotalLoops]: [Field-3] How creative is this app idea?,pooled,pooled into loopmean:Q23
idea_evaluation,49_Q23,49 - Below is an idea: Idea #[CurrentLoopNumber] out of [TotalLoops]: [Field-3] How creative is this app idea?,pooled,pooled into loopmean:Q23
idea_evaluation,50_Q23,50 - Below is an idea: Idea #[CurrentLoopNumber] out of [TotalLoops]: [Field-3] How creative is this app idea?,pooled,pooled into loopmean:Q23
idea_evaluation,51_Q23,51 - Below is an idea: Idea #[CurrentLoopNumber] out of [TotalLoops]: [Field-3] How creative is this app idea?,pooled,pooled into loopmean:Q23
idea_evaluation,52_Q23,52 - Below is an idea: Idea #[CurrentLoopNumber] out of [TotalLoops]: [Field-3] How creative is this app idea?,pooled,pooled into loopmean:Q23
idea_evaluation,53_Q23,53 - Below is an idea: Idea #[CurrentLoopNumber] out of [TotalLoops]: [Field-3] How creative is this app idea?,pooled,pooled into loopmean:Q23
idea_evaluation,54_Q23,54 - Below is an idea: Idea #[CurrentLoopNumber] out of [TotalLoops]: [Field-3] How creative is this app idea?,pooled,pooled into loopmean:Q23
idea_evaluation,55_Q23,55 - Below is an idea: Idea #[CurrentLoopNumber] out of [TotalLoops]: [Field-3] How creative is this app idea?,pooled,pooled into loopmean:Q23
idea_evaluation,56_Q23,56 - Below is an idea: Idea #[CurrentLoopNumber] out of [TotalLoops]: [Field-3] How creative is this app idea?,pooled,pooled into loopmean:Q23
idea_evaluation,57_Q23,57 - Below is an idea: Idea #[CurrentLoopNumber] out of [TotalLoops]: [Field-3] How creative is this app idea?,pooled,pooled into loopmean:Q23
idea_evaluation,58_Q23,58 - Below is an idea: Idea #[CurrentLoopNumber] out of [TotalLoops]: [Field-3] How creative is this app idea?,pooled,pooled into loopmean:Q23
idea_evaluation,59_Q23,59 - Below is an idea: Idea #[CurrentLoopNumber] out of [TotalLoops]: [Field-3] How creative is this app idea?,pooled,pooled into loopmean:Q23
idea_evaluation,60_Q23,60 - Below is an idea: Idea #[CurrentLoopNumber] out of [TotalLoops]: [Field-3] How creative is this app idea?,pooled,pooled into loopmean:Q23
idea_evaluation,61_Q23,61 - Below is an idea: Idea #[CurrentLoopNumber] out of [TotalLoops]: [Field-3] How creative is this app idea?,pooled,pooled into loopmean:Q23
idea_evaluation,62_Q23,62 - Below is an idea: Idea #[CurrentLoopNumber] out of [TotalLoops]: [Field-3] How creative is this app idea?,pooled,pooled into loopmean:Q23
idea_evaluation,63_Q23,63 - Below is an idea: Idea #[CurrentLoopNumber] out of [TotalLoops]: [Field-3] How creative is this app idea?,pooled,pooled into loopmean:Q23
idea_evaluation,64_Q23,64 - Below is an idea: Idea #[CurrentLoopNumber] out of [TotalLoops]: [Field-3] How creative is this app idea?,pooled,pooled into loopmean:Q23
idea_evaluation,65_Q23,65 - Below is an idea: Idea #[CurrentLoopNumber] out of [TotalLoops]: [Field-3] How creative is this app idea?,pooled,pooled into loopmean:Q23
idea_evaluation,66_Q23,66 - Below is an idea: Idea #[CurrentLoopNumber] out of [TotalLoops]: [Field-3] How creative is this app idea?,pooled,pooled into loopmean:Q23
idea_evaluation,67_Q23,67 - Below is an idea: Idea #[CurrentLoopNumber] out of [TotalLoops]: [Field-3] How creative is this app idea?,pooled,pooled into loopmean:Q23
idea_evaluation,68_Q23,68 - Below is an idea: Idea #[CurrentLoopNumber] out of [TotalLoops]: [Field-3] How creative is this app idea?,pooled,pooled into loopmean:Q23
idea_evaluation,69_Q23,69 - Below is an idea: Idea #[CurrentLoopNumber] out of [TotalLoops]: [Field-3] How creative is this app idea?,pooled,pooled into loopmean:Q23
idea_evaluation,70_Q23,70 - Below is an idea: Idea #[CurrentLoopNumber] out of [TotalLoops]: [Field-3] How creative is this app idea?,pooled,pooled into loopmean:Q23
idea_evaluation,71_Q23,71 - Below is an idea: Idea #[CurrentLoopNumber] out of [TotalLoops]: [Field-3] How creative is this app idea?,pooled,pooled into loopmean:Q23
idea_evaluation,72_Q23,72 - Below is an idea: Idea #[CurrentLoopNumber] out of [TotalLoops]: [Field-3] How creative is this app idea?,pooled,pooled into loopmean:Q23
idea_evaluation,73_Q23,73 - Below is an idea: Idea #[CurrentLoopNumber] out of [TotalLoops]: [Field-3] How creative is this app idea?,pooled,pooled into loopmean:Q23
idea_evaluation,74_Q23,74 - Below is an idea: Idea #[CurrentLoopNumber] out of [TotalLoops]: [Field-3] How creative is this app idea?,pooled,pooled into loopmean:Q23
idea_evaluation,75_Q23,75 - Below is an idea: Idea #[CurrentLoopNumber] out of [TotalLoops]: [Field-3] How creative is this app idea?,pooled,pooled into loopmean:Q23
idea_evaluation,76_Q23,76 - Below is an idea: Idea #[CurrentLoopNumber] out of [TotalLoops]: [Field-3] How creative is this app idea?,pooled,pooled into loopmean:Q23
idea_evaluation,77_Q23,77 - Below is an idea: Idea #[CurrentLoopNumber] out of [TotalLoops]: [Field-3] How creative is this app idea?,pooled,pooled into loopmean:Q23
idea_evaluation,78_Q23,78 - Below is an idea: Idea #[CurrentLoopNumber] out of [TotalLoops]: [Field-3] How creative is this app idea?,pooled,pooled into loopmean:Q23
idea_evaluation,79_Q23,79 - Below is an idea: Idea #[CurrentLoopNumber] out of [TotalLoops]: [Field-3] How creative is this app idea?,pooled,pooled into loopmean:Q23
idea_evaluation,80_Q23,80 - Below is an idea: Idea #[CurrentLoopNumber] out of [TotalLoops]: [Field-3] How creative is this app idea?,pooled,pooled into loopmean:Q23
idea_evaluation,81_Q23,81 - Below is an idea: Idea #[CurrentLoopNumber] out of [TotalLoops]: [Field-3] How creative is this app idea?,pooled,pooled into loopmean:Q23
idea_evaluation,82_Q23,82 - Below is an idea: Idea #[CurrentLoopNumber] out of [TotalLoops]: [Field-3] How creative is this app idea?,pooled,pooled into loopmean:Q23
idea_evaluation,83_Q23,83 - Below is an idea: Idea #[CurrentLoopNumber] out of [TotalLoops]: [Field-3] How creative is this app idea?,pooled,pooled into loopmean:Q23
idea_evaluation,84_Q23,84 - Below is an idea: Idea #[CurrentLoopNumber] out of [TotalLoops]: [Field-3] How creative is this app idea?,pooled,pooled into loopmean:Q23
idea_evaluation,85_Q23,85 - Below is an idea: Idea #[CurrentLoopNumber] out of [TotalLoops]: [Field-3] How creative is this app idea?,pooled,pooled into loopmean:Q23
idea_evaluation,86_Q23,86 - Below is an idea: Idea #[CurrentLoopNumber] out of [TotalLoops]: [Field-3] How creative is this app idea?,pooled,pooled into loopmean:Q23
idea_evaluation,87_Q23,87 - Below is an idea: Idea #[CurrentLoopNumber] out of [TotalLoops]: [Field-3] How creative is this app idea?,pooled,pooled into loopmean:Q23
idea_evaluation,88_Q23,88 - Below is an idea: Idea #[CurrentLoopNumber] out of [TotalLoops]: [Field-3] How creative is this app idea?,pooled,pooled into loopmean:Q23
idea_evaluation,89_Q23,89 - Below is an idea: Idea #[CurrentLoopNumber] out of [TotalLoops]: [Field-3] How creative is this app idea?,pooled,pooled into loopmean:Q23
idea_evaluation,90_Q23,90 - Below is an idea: Idea #[CurrentLoopNumber] out of [TotalLoops]: [Field-3] How creative is this app idea?,pooled,pooled into loopmean:Q23
idea_evaluation,91_Q23,91 - Below is an idea: Idea #[CurrentLoopNumber] out of [TotalLoops]: [Field-3] How creative is this app idea?,pooled,pooled into loopmean:Q23
idea_evaluation,92_Q23,92 - Below is an idea: Idea #[CurrentLoopNumber] out of [TotalLoops]: [Field-3] How creative is this app idea?,pooled,pooled into loopmean:Q23
idea_evaluation,93_Q23,93 - Below is an idea: Idea #[CurrentLoopNumber] out of [TotalLoops]: [Field-3] How creative is this app idea?,pooled,pooled into loopmean:Q23
idea_evaluation,94_Q23,94 - Below is an idea: Idea #[CurrentLoopNumber] out of [TotalLoops]: [Field-3] How creative is this app idea?,pooled,pooled into loopmean:Q23
idea_evaluation,95_Q23,95 - Below is an idea: Idea #[CurrentLoopNumber] out of [TotalLoops]: [Field-3] How creative is this app idea?,pooled,pooled into loopmean:Q23
idea_evaluation,96_Q23,96 - Below is an idea: Idea #[CurrentLoopNumber] out of [TotalLoops]: [Field-3] How creative is this app idea?,pooled,pooled into loopmean:Q23
idea_evaluation,97_Q23,97 - Below is an idea: Idea #[CurrentLoopNumber] out of [TotalLoops]: [Field-3] How creative is this app idea?,pooled,pooled into loopmean:Q23
idea_evaluation,98_Q23,98 - Below is an idea: Idea #[CurrentLoopNumber] out of [TotalLoops]: [Field-3] How creative is this app idea?,pooled,pooled into loopmean:Q23
idea_evaluation,99_Q23,99 - Below is an idea: Idea #[CurrentLoopNumber] out of [TotalLoops]: [Field-3] How creative is this app idea?,pooled,pooled into loopmean:Q23
idea_evaluation,100_Q23,100 - Below is an idea: Idea #[CurrentLoopNumber] out of [TotalLoops]: [Field-3] How creative is this app idea?,pooled,pooled into loopmean:Q23
idea_evaluation,101_Q23,101 - Below is an idea: Idea #[CurrentLoopNumber] out of [TotalLoops]: [Field-3] How creative is this app idea?,pooled,pooled into loopmean:Q23
idea_evaluation,102_Q23,102 - Below is an idea: Idea #[CurrentLoopNumber] out of [TotalLoops]: [Field-3] How creative is this app idea?,pooled,pooled into loopmean:Q23
idea_evaluation,103_Q23,103 - Below is an idea: Idea #[CurrentLoopNumber] out of [TotalLoops]: [Field-3] How creative is this app idea?,pooled,pooled into loopmean:Q23
idea_evaluation,104_Q23,104 - Below is an idea: Idea #[CurrentLoopNumber] out of [TotalLoops]: [Field-3] How creative is this app idea?,pooled,pooled into loopmean:Q23
idea_evaluation,105_Q23,105 - Below is an idea: Idea #[CurrentLoopNumber] out of [TotalLoops]: [Field-3] How creative is this app idea?,pooled,pooled into loopmean:Q23
idea_evaluation,106_Q23,106 - Below is an idea: Idea #[CurrentLoopNumber] out of [TotalLoops]: [Field-3] How creative is this app idea?,pooled,pooled into loopmean:Q23
idea_evaluation,107_Q23,107 - Below is an idea: Idea #[CurrentLoopNumber] out of [TotalLoops]: [Field-3] How creative is this app idea?,pooled,pooled into loopmean:Q23
idea_evaluation,108_Q23,108 - Below is an idea: Idea #[CurrentLoopNumber] out of [TotalLoops]: [Field-3] How creative is this app idea?,pooled,pooled into loopmean:Q23
idea_evaluation,109_Q23,109 - Below is an idea: Idea #[CurrentLoopNumber] out of [TotalLoops]: [Field-3] How creative is this app idea?,pooled,pooled into loopmean:Q23
idea_evaluation,110_Q23,110 - Below is an idea: Idea #[CurrentLoopNumber] out of [TotalLoops]: [Field-3] How creative is this app idea?,pooled,pooled into loopmean:Q23
idea_evaluation,111_Q23,111 - Below is an idea: Idea #[CurrentLoopNumber] out of [TotalLoops]: [Field-3] How creative is this app idea?,pooled,pooled into loopmean:Q23
idea_evaluation,112_Q23,112 - Below is an idea: Idea #[CurrentLoopNumber] out of [TotalLoops]: [Field-3] How creative is this app idea?,pooled,pooled into loopmean:Q23
idea_evaluation,113_Q23,113 - Below is an idea: Idea #[CurrentLoopNumber] out of [TotalLoops]: [Field-3] How creative is this app idea?,pooled,pooled into loopmean:Q23
idea_evaluation,114_Q23,114 - Below is an idea: Idea #[CurrentLoopNumber] out of [TotalLoops]: [Field-3] How creative is this app idea?,pooled,pooled into loopmean:Q23
idea_evaluation,115_Q23,115 - Below is an idea: Idea #[CurrentLoopNumber] out of [TotalLoops]: [Field-3] How creative is this app idea?,pooled,pooled into loopmean:Q23
idea_evaluation,116_Q23,116 - Below is an idea: Idea #[CurrentLoopNumber] out of [TotalLoops]: [Field-3] How creative is this app idea?,pooled,pooled into loopmean:Q23
idea_evaluation,117_Q23,117 - Below is an idea: Idea #[CurrentLoopNumber] out of [TotalLoops]: [Field-3] How creative is this app idea?,pooled,pooled into loopmean:Q23
idea_evaluation,118_Q23,118 - Below is an idea: Idea #[CurrentLoopNumber] out of [TotalLoops]: [Field-3] How creative is this app idea?,pooled,pooled into loopmean:Q23
idea_evaluation,119_Q23,119 - Below is an idea: Idea #[CurrentLoopNumber] out of [TotalLoops]: [Field-3] How creative is this app idea?,pooled,pooled into loopmean:Q23
idea_evaluation,120_Q23,120 - Below is an idea: Idea #[CurrentLoopNumber] out of [TotalLoops]: [Field-3] How creative is this app idea?,pooled,pooled into loopmean:Q23
idea_evaluation,121_Q23,121 - Below is an idea: Idea #[CurrentLoopNumber] out of [TotalLoops]: [Field-3] How creative is this app idea?,pooled,pooled into loopmean:Q23
idea_evaluation,122_Q23,122 - Below is an idea: Idea #[CurrentLoopNumber] out of [TotalLoops]: [Field-3] How creative is this app idea?,pooled,pooled into loopmean:Q23
idea_evaluation,123_Q23,123 - Below is an idea: Idea #[CurrentLoopNumber] out of [TotalLoops]: [Field-3] How creative is this app idea?,pooled,pooled into loopmean:Q23
idea_evaluation,124_Q23,124 - Below is an idea: Idea #[CurrentLoopNumber] out of [TotalLoops]: [Field-3] How creative is this app idea?,pooled,pooled into loopmean:Q23
idea_evaluation,125_Q23,125 - Below is an idea: Idea #[CurrentLoopNumber] out of [TotalLoops]: [Field-3] How creative is this app idea?,pooled,pooled into loopmean:Q23
idea_evaluation,126_Q23,126 - Below is an idea: Idea #[CurrentLoopNumber] out of [TotalLoops]: [Field-3] How creative is this app idea?,pooled,pooled into loopmean:Q23
idea_evaluation,127_Q23,127 - Below is an idea: Idea #[CurrentLoopNumber] out of [TotalLoops]: [Field-3] How creative is this app idea?,pooled,pooled into loopmean:Q23
idea_evaluation,128_Q23,128 - Below is an idea: Idea #[CurrentLoopNumber] out of [TotalLoops]: [Field-3] How creative is this app idea?,pooled,pooled into loopmean:Q23
idea_evaluation,129_Q23,129 - Below is an idea: Idea #[CurrentLoopNumber] out of [TotalLoops]: [Field-3] How creative is this app idea?,pooled,pooled into loopmean:Q23
idea_evaluation,130_Q23,130 - Below is an idea: Idea #[CurrentLoopNumber] out of [TotalLoops]: [Field-3] How creative is this app idea?,pooled,pooled into loopmean:Q23
idea_evaluation,131_Q23,131 - Below is an idea: Idea #[CurrentLoopNumber] out of [TotalLoops]: [Field-3] How creative is this app idea?,pooled,pooled into loopmean:Q23
idea_evaluation,132_Q23,132 - Below is an idea: Idea #[CurrentLoopNumber] out of [TotalLoops]: [Field-3] How creative is this app idea?,pooled,pooled into loopmean:Q23
idea_evaluation,133_Q23,133 - Below is an idea: Idea #[CurrentLoopNumber] out of [TotalLoops]: [Field-3] How creative is this app idea?,pooled,pooled into loopmean:Q23
idea_evaluation,134_Q23,134 - Below is an idea: Idea #[CurrentLoopNumber] out of [TotalLoops]: [Field-3] How creative is this app idea?,pooled,pooled into loopmean:Q23
idea_evaluation,135_Q23,135 - Below is an idea: Idea #[CurrentLoopNumber] out of [TotalLoops]: [Field-3] How creative is this app idea?,pooled,pooled into loopmean:Q23
idea_evaluation,136_Q23,136 - Below is an idea: Idea #[CurrentLoopNumber] out of [TotalLoops]: [Field-3] How creative is this app idea?,pooled,pooled into loopmean:Q23
idea_evaluation,137_Q23,137 - Below is an idea: Idea #[CurrentLoopNumber] out of [TotalLoops]: [Field-3] How creative is this app idea?,pooled,pooled into loopmean:Q23
idea_evaluation,138_Q23,138 - Below is an idea: Idea #[CurrentLoopNumber] out of [TotalLoops]: [Field-3] How creative is this app idea?,pooled,pooled into loopmean:Q23
idea_evaluation,139_Q23,139 - Below is an idea: Idea #[CurrentLoopNumber] out of [TotalLoops]: [Field-3] How creative is this app idea?,pooled,pooled into loopmean:Q23
idea_evaluation,140_Q23,140 - Below is an idea: Idea #[CurrentLoopNumber] out of [TotalLoops]: [Field-3] How creative is this app idea?,pooled,pooled into loopmean:Q23
idea_evaluation,141_Q23,141 - Below is an idea: Idea #[CurrentLoopNumber] out of [TotalLoops]: [Field-3] How creative is this app idea?,pooled,pooled into loopmean:Q23
idea_evaluation,142_Q23,142 - Below is an idea: Idea #[CurrentLoopNumber] out of [TotalLoops]: [Field-3] How creative is this app idea?,pooled,pooled into loopmean:Q23
idea_evaluation,143_Q23,143 - Below is an idea: Idea #[CurrentLoopNumber] out of [TotalLoops]: [Field-3] How creative is this app idea?,pooled,pooled into loopmean:Q23
idea_evaluation,144_Q23,144 - Below is an idea: Idea #[CurrentLoopNumber] out of [TotalLoops]: [Field-3] How creative is this app idea?,pooled,pooled into loopmean:Q23
idea_evaluation,145_Q23,145 - Below is an idea: Idea #[CurrentLoopNumber] out of [TotalLoops]: [Field-3] How creative is this app idea?,pooled,pooled into loopmean:Q23
idea_evaluation,146_Q23,146 - Below is an idea: Idea #[CurrentLoopNumber] out of [TotalLoops]: [Field-3] How creative is this app idea?,pooled,pooled into loopmean:Q23
idea_evaluation,147_Q23,147 - Below is an idea: Idea #[CurrentLoopNumber] out of [TotalLoops]: [Field-3] How creative is this app idea?,pooled,pooled into loopmean:Q23
idea_evaluation,148_Q23,148 - Below is an idea: Idea #[CurrentLoopNumber] out of [TotalLoops]: [Field-3] How creative is this app idea?,pooled,pooled into loopmean:Q23
idea_evaluation,149_Q23,149 - Below is an idea: Idea #[CurrentLoopNumber] out of [TotalLoops]: [Field-3] How creative is this app idea?,pooled,pooled into loopmean:Q23
idea_evaluation,150_Q23,150 - Below is an idea: Idea #[CurrentLoopNumber] out of [TotalLoops]: [Field-3] How creative is this app idea?,pooled,pooled into loopmean:Q23
idea_evaluation,151_Q23,151 - Below is an idea: Idea #[CurrentLoopNumber] out of [TotalLoops]: [Field-3] How creative is this app idea?,pooled,pooled into loopmean:Q23
idea_evaluation,152_Q23,152 - Below is an idea: Idea #[CurrentLoopNumber] out of [TotalLoops]: [Field-3] How creative is this app idea?,pooled,pooled into loopmean:Q23
idea_evaluation,153_Q23,153 - Below is an idea: Idea #[CurrentLoopNumber] out of [TotalLoops]: [Field-3] How creative is this app idea?,pooled,pooled into loopmean:Q23
idea_evaluation,154_Q23,154 - Below is an idea: Idea #[CurrentLoopNumber] out of [TotalLoops]: [Field-3] How creative is this app idea?,pooled,pooled into loopmean:Q23
idea_evaluation,155_Q23,155 - Below is an idea: Idea #[CurrentLoopNumber] out of [TotalLoops]: [Field-3] How creative is this app idea?,pooled,pooled into loopmean:Q23
idea_evaluation,156_Q23,156 - Below is an idea: Idea #[CurrentLoopNumber] out of [TotalLoops]: [Field-3] How creative is this app idea?,pooled,pooled into loopmean:Q23
idea_evaluation,157_Q23,157 - Below is an idea: Idea #[CurrentLoopNumber] out of [TotalLoops]: [Field-3] How creative is this app idea?,pooled,pooled into loopmean:Q23
idea_evaluation,158_Q23,158 - Below is an idea: Idea #[CurrentLoopNumber] out of [TotalLoops]: [Field-3] How creative is this app idea?,pooled,pooled into loopmean:Q23
idea_evaluation,159_Q23,159 - Below is an idea: Idea #[CurrentLoopNumber] out of [TotalLoops]: [Field-3] How creative is this app idea?,pooled,pooled into loopmean:Q23
idea_evaluation,160_Q23,160 - Below is an idea: Idea #[CurrentLoopNumber] out of [TotalLoops]: [Field-3] How creative is this app idea?,pooled,pooled into loopmean:Q23
idea_evaluation,161_Q23,161 - Below is an idea: Idea #[CurrentLoopNumber] out of [TotalLoops]: [Field-3] How creative is this app idea?,pooled,pooled into loopmean:Q23
idea_evaluation,162_Q23,162 - Below is an idea: Idea #[CurrentLoopNumber] out of [TotalLoops]: [Field-3] How creative is this app idea?,pooled,pooled into loopmean:Q23
idea_evaluation,163_Q23,163 - Below is an idea: Idea #[CurrentLoopNumber] out of [TotalLoops]: [Field-3] How creative is this app idea?,pooled,pooled into loopmean:Q23
idea_evaluation,164_Q23,164 - Below is an idea: Idea #[CurrentLoopNumber] out of [TotalLoops]: [Field-3] How creative is this app idea?,pooled,pooled into loopmean:Q23
idea_evaluation,165_Q23,165 - Below is an idea: Idea #[CurrentLoopNumber] out of [TotalLoops]: [Field-3] How creative is this app idea?,pooled,pooled into loopmean:Q23
idea_evaluation,166_Q23,166 - Below is an idea: Idea #[CurrentLoopNumber] out of [TotalLoops]: [Field-3] How creative is this app idea?,pooled,pooled into loopmean:Q23
idea_evaluation,167_Q23,167 - Below is an idea: Idea #[CurrentLoopNumber] out of [TotalLoops]: [Field-3] How creative is this app idea?,pooled,pooled into loopmean:Q23
idea_evaluation,168_Q23,168 - Below is an idea: Idea #[CurrentLoopNumber] out of [TotalLoops]: [Field-3] How creative is this app idea?,pooled,pooled into loopmean:Q23
idea_evaluation,169_Q23,169 - Below is an idea: Idea #[CurrentLoopNumber] out of [TotalLoops]: [Field-3] How creative is this app idea?,pooled,pooled into loopmean:Q23
idea_evaluation,170_Q23,170 - Below is an idea: Idea #[CurrentLoopNumber] out of [TotalLoops]: [Field-3] How creative is this app idea?,pooled,pooled into loopmean:Q23
idea_evaluation,171_Q23,171 - Below is an idea: Idea #[CurrentLoopNumber] out of [TotalLoops]: [Field-3] How creative is this app idea?,pooled,pooled into loopmean:Q23
idea_evaluation,172_Q23,172 - Below is an idea: Idea #[CurrentLoopNumber] out of [TotalLoops]: [Field-3] How creative is this app idea?,pooled,pooled into loopmean:Q23
idea_evaluation,173_Q23,173 - Below is an idea: Idea #[CurrentLoopNumber] out of [TotalLoops]: [Field-3] How creative is this app idea?,pooled,pooled into loopmean:Q23
idea_evaluation,174_Q23,174 - Below is an idea: Idea #[CurrentLoopNumber] out of [TotalLoops]: [Field-3] How creative is this app idea?,pooled,pooled into loopmean:Q23
idea_evaluation,175_Q23,175 - Below is an idea: Idea #[CurrentLoopNumber] out of [TotalLoops]: [Field-3] How creative is this app idea?,pooled,pooled into loopmean:Q23
idea_evaluation,176_Q23,176 - Below is an idea: Idea #[CurrentLoopNumber] out of [TotalLoops]: [Field-3] How creative is this app idea?,pooled,pooled into loopmean:Q23
idea_evaluation,177_Q23,177 - Below is an idea: Idea #[CurrentLoopNumber] out of [TotalLoops]: [Field-3] How creative is this app idea?,pooled,pooled into loopmean:Q23
idea_evaluation,178_Q23,178 - Below is an idea: Idea #[CurrentLoopNumber] out of [TotalLoops]: [Field-3] How creative is this app idea?,pooled,pooled into loopmean:Q23
idea_evaluation,179_Q23,179 - Below is an idea: Idea #[CurrentLoopNumber] out of [TotalLoops]: [Field-3] How creative is this app idea?,pooled,pooled into loopmean:Q23
idea_evaluation,180_Q23,180 - Below is an idea: Idea #[CurrentLoopNumber] out of [TotalLoops]: [Field-3] How creative is this app idea?,pooled,pooled into loopmean:Q23
idea_evaluation,181_Q23,181 - Below is an idea: Idea #[CurrentLoopNumber] out of [TotalLoops]: [Field-3] How creative is this app idea?,pooled,pooled into loopmean:Q23
idea_evaluation,182_Q23,182 - Below is an idea: Idea #[CurrentLoopNumber] out of [TotalLoops]: [Field-3] How creative is this app idea?,pooled,pooled into loopmean:Q23
idea_evaluation,183_Q23,183 - Below is an idea: Idea #[CurrentLoopNumber] out of [TotalLoops]: [Field-3] How creative is this app idea?,pooled,pooled into loopmean:Q23
idea_evaluation,184_Q23,184 - Below is an idea: Idea #[CurrentLoopNumber] out of [TotalLoops]: [Field-3] How creative is this app idea?,pooled,pooled into loopmean:Q23
idea_evaluation,185_Q23,185 - Below is an idea: Idea #[CurrentLoopNumber] out of [TotalLoops]: [Field-3] How creative is this app idea?,pooled,pooled into loopmean:Q23
idea_evaluation,186_Q23,186 - Below is an idea: Idea #[CurrentLoopNumber] out of [TotalLoops]: [Field-3] How creative is this app idea?,pooled,pooled into loopmean:Q23
idea_evaluation,187_Q23,187 - Below is an idea: Idea #[CurrentLoopNumber] out of [TotalLoops]: [Field-3] How creative is this app idea?,pooled,pooled into loopmean:Q23
idea_evaluation,188_Q23,188 - Below is an idea: Idea #[CurrentLoopNumber] out of [TotalLoops]: [Field-3] How creative is this app idea?,pooled,pooled into loopmean:Q23
idea_evaluation,189_Q23,189 - Below is an idea: Idea #[CurrentLoopNumber] out of [TotalLoops]: [Field-3] How creative is this app idea?,pooled,pooled into loopmean:Q23
idea_evaluation,190_Q23,190 - Below is an idea: Idea #[CurrentLoopNumber] out of [TotalLoops]: [Field-3] How creative is this app idea?,pooled,pooled into loopmean:Q23
idea_evaluation,191_Q23,191 - Below is an idea: Idea #[CurrentLoopNumber] out of [TotalLoops]: [Field-3] How creative is this app idea?,pooled,pooled into loopmean:Q23
idea_evaluation,192_Q23,192 - Below is an idea: Idea #[CurrentLoopNumber] out of [TotalLoops]: [Field-3] How creative is this app idea?,pooled,pooled into loopmean:Q23
idea_evaluation,193_Q23,193 - Below is an idea: Idea #[CurrentLoopNumber] out of [TotalLoops]: [Field-3] How creative is this app idea?,pooled,pooled into loopmean:Q23
idea_evaluation,194_Q23,194 - Below is an idea: Idea #[CurrentLoopNumber] out of [TotalLoops]: [Field-3] How creative is this app idea?,pooled,pooled into loopmean:Q23
idea_evaluation,195_Q23,195 - Below is an idea: Idea #[CurrentLoopNumber] out of [TotalLoops]: [Field-3] How creative is this app idea?,pooled,pooled into loopmean:Q23
idea_evaluation,196_Q23,196 - Below is an idea: Idea #[CurrentLoopNumber] out of [TotalLoops]: [Field-3] How creative is this app idea?,pooled,pooled into loopmean:Q23
idea_evaluation,197_Q23,197 - Below is an idea: Idea #[CurrentLoopNumber] out of [TotalLoops]: [Field-3] How creative is this app idea?,pooled,pooled into loopmean:Q23
idea_evaluation,198_Q23,198 - Below is an idea: Idea #[CurrentLoopNumber] out of [TotalLoops]: [Field-3] How creative is this app idea?,pooled,pooled into loopmean:Q23
idea_evaluation,199_Q23,199 - Below is an idea: Idea #[CurrentLoopNumber] out of [TotalLoops]: [Field-3] How creative is this app idea?,pooled,pooled into loopmean:Q23
idea_evaluation,200_Q23,200 - Below is an idea: Idea #[CurrentLoopNumber] out of [TotalLoops]: [Field-3] How creative is this app idea?,pooled,pooled into loopmean:Q23
idea_evaluation,1_Q13,1 - Below is an idea that was generated either by a human or by AI. Idea #[CurrentLoopNumber] out of [TotalLoops]: [Fiel,pooled,pooled into loopmean:Q13
idea_evaluation,2_Q13,2 - Below is an idea that was generated either by a human or by AI. Idea #[CurrentLoopNumber] out of [TotalLoops]: [Fiel,pooled,pooled into loopmean:Q13
idea_evaluation,3_Q13,3 - Below is an idea that was generated either by a human or by AI. Idea #[CurrentLoopNumber] out of [TotalLoops]: [Fiel,pooled,pooled into loopmean:Q13
idea_evaluation,4_Q13,4 - Below is an idea that was generated either by a human or by AI. Idea #[CurrentLoopNumber] out of [TotalLoops]: [Fiel,pooled,pooled into loopmean:Q13
idea_evaluation,5_Q13,5 - Below is an idea that was generated either by a human or by AI. Idea #[CurrentLoopNumber] out of [TotalLoops]: [Fiel,pooled,pooled into loopmean:Q13
idea_evaluation,6_Q13,6 - Below is an idea that was generated either by a human or by AI. Idea #[CurrentLoopNumber] out of [TotalLoops]: [Fiel,pooled,pooled into loopmean:Q13
idea_evaluation,7_Q13,7 - Below is an idea that was generated either by a human or by AI. Idea #[CurrentLoopNumber] out of [TotalLoops]: [Fiel,pooled,pooled into loopmean:Q13
idea_evaluation,8_Q13,8 - Below is an idea that was generated either by a human or by AI. Idea #[CurrentLoopNumber] out of [TotalLoops]: [Fiel,pooled,pooled into loopmean:Q13
idea_evaluation,9_Q13,9 - Below is an idea that was generated either by a human or by AI. Idea #[CurrentLoopNumber] out of [TotalLoops]: [Fiel,pooled,pooled into loopmean:Q13
idea_evaluation,10_Q13,10 - Below is an idea that was generated either by a human or by AI. Idea #[CurrentLoopNumber] out of [TotalLoops]: [Fie,pooled,pooled into loopmean:Q13
idea_evaluation,11_Q13,11 - Below is an idea that was generated either by a human or by AI. Idea #[CurrentLoopNumber] out of [TotalLoops]: [Fie,pooled,pooled into loopmean:Q13
idea_evaluation,12_Q13,12 - Below is an idea that was generated either by a human or by AI. Idea #[CurrentLoopNumber] out of [TotalLoops]: [Fie,pooled,pooled into loopmean:Q13
idea_evaluation,13_Q13,13 - Below is an idea that was generated either by a human or by AI. Idea #[CurrentLoopNumber] out of [TotalLoops]: [Fie,pooled,pooled into loopmean:Q13
idea_evaluation,14_Q13,14 - Below is an idea that was generated either by a human or by AI. Idea #[CurrentLoopNumber] out of [TotalLoops]: [Fie,pooled,pooled into loopmean:Q13
idea_evaluation,15_Q13,15 - Below is an idea that was generated either by a human or by AI. Idea #[CurrentLoopNumber] out of [TotalLoops]: [Fie,pooled,pooled into loopmean:Q13
idea_evaluation,16_Q13,16 - Below is an idea that was generated either by a human or by AI. Idea #[CurrentLoopNumber] out of [TotalLoops]: [Fie,pooled,pooled into loopmean:Q13
idea_evaluation,17_Q13,17 - Below is an idea that was generated either by a human or by AI. Idea #[CurrentLoopNumber] out of [TotalLoops]: [Fie,pooled,pooled into loopmean:Q13
idea_evaluation,18_Q13,18 - Below is an idea that was generated either by a human or by AI. Idea #[CurrentLoopNumber] out of [TotalLoops]: [Fie,pooled,pooled into loopmean:Q13
idea_evaluation,19_Q13,19 - Below is an idea that was generated either by a human or by AI. Idea #[CurrentLoopNumber] out of [TotalLoops]: [Fie,pooled,pooled into loopmean:Q13
idea_evaluation,20_Q13,20 - Below is an idea that was generated either by a human or by AI. Idea #[CurrentLoopNumber] out of [TotalLoops]: [Fie,pooled,pooled into loopmean:Q13
idea_evaluation,21_Q13,21 - Below is an idea that was generated either by a human or by AI. Idea #[CurrentLoopNumber] out of [TotalLoops]: [Fie,pooled,pooled into loopmean:Q13
idea_evaluation,22_Q13,22 - Below is an idea that was generated either by a human or by AI. Idea #[CurrentLoopNumber] out of [TotalLoops]: [Fie,pooled,pooled into loopmean:Q13
idea_evaluation,23_Q13,23 - Below is an idea that was generated either by a human or by AI. Idea #[CurrentLoopNumber] out of [TotalLoops]: [Fie,pooled,pooled into loopmean:Q13
idea_evaluation,24_Q13,24 - Below is an idea that was generated either by a human or by AI. Idea #[CurrentLoopNumber] out of [TotalLoops]: [Fie,pooled,pooled into loopmean:Q13
idea_evaluation,25_Q13,25 - Below is an idea that was generated either by a human or by AI. Idea #[CurrentLoopNumber] out of [TotalLoops]: [Fie,pooled,pooled into loopmean:Q13
idea_evaluation,26_Q13,26 - Below is an idea that was generated either by a human or by AI. Idea #[CurrentLoopNumber] out of [TotalLoops]: [Fie,pooled,pooled into loopmean:Q13
idea_evaluation,27_Q13,27 - Below is an idea that was generated either by a human or by AI. Idea #[CurrentLoopNumber] out of [TotalLoops]: [Fie,pooled,pooled into loopmean:Q13
idea_evaluation,28_Q13,28 - Below is an idea that was generated either by a human or by AI. Idea #[CurrentLoopNumber] out of [TotalLoops]: [Fie,pooled,pooled into loopmean:Q13
idea_evaluation,29_Q13,29 - Below is an idea that was generated either by a human or by AI. Idea #[CurrentLoopNumber] out of [TotalLoops]: [Fie,pooled,pooled into loopmean:Q13
idea_evaluation,30_Q13,30 - Below is an idea that was generated either by a human or by AI. Idea #[CurrentLoopNumber] out of [TotalLoops]: [Fie,pooled,pooled into loopmean:Q13
idea_evaluation,31_Q13,31 - Below is an idea that was generated either by a human or by AI. Idea #[CurrentLoopNumber] out of [TotalLoops]: [Fie,pooled,pooled into loopmean:Q13
idea_evaluation,32_Q13,32 - Below is an idea that was generated either by a human or by AI. Idea #[CurrentLoopNumber] out of [TotalLoops]: [Fie,pooled,pooled into loopmean:Q13
idea_evaluation,33_Q13,33 - Below is an idea that was generated either by a human or by AI. Idea #[CurrentLoopNumber] out of [TotalLoops]: [Fie,pooled,pooled into loopmean:Q13
idea_evaluation,34_Q13,34 - Below is an idea that was generated either by a human or by AI. Idea #[CurrentLoopNumber] out of [TotalLoops]: [Fie,pooled,pooled into loopmean:Q13
idea_evaluation,35_Q13,35 - Below is an idea that was generated either by a human or by AI. Idea #[CurrentLoopNumber] out of [TotalLoops]: [Fie,pooled,pooled into loopmean:Q13
idea_evaluation,36_Q13,36 - Below is an idea that was generated either by a human or by AI. Idea #[CurrentLoopNumber] out of [TotalLoops]: [Fie,pooled,pooled into loopmean:Q13
idea_evaluation,37_Q13,37 - Below is an idea that was generated either by a human or by AI. Idea #[CurrentLoopNumber] out of [TotalLoops]: [Fie,pooled,pooled into loopmean:Q13
idea_evaluation,38_Q13,38 - Below is an idea that was generated either by a human or by AI. Idea #[CurrentLoopNumber] out of [TotalLoops]: [Fie,pooled,pooled into loopmean:Q13
idea_evaluation,39_Q13,39 - Below is an idea that was generated either by a human or by AI. Idea #[CurrentLoopNumber] out of [TotalLoops]: [Fie,pooled,pooled into loopmean:Q13
idea_evaluation,40_Q13,40 - Below is an idea that was generated either by a human or by AI. Idea #[CurrentLoopNumber] out of [TotalLoops]: [Fie,pooled,pooled into loopmean:Q13
idea_evaluation,41_Q13,41 - Below is an idea that was generated either by a human or by AI. Idea #[CurrentLoopNumber] out of [TotalLoops]: [Fie,pooled,pooled into loopmean:Q13
idea_evaluation,42_Q13,42 - Below is an idea that was generated either by a human or by AI. Idea #[CurrentLoopNumber] out of [TotalLoops]: [Fie,pooled,pooled into loopmean:Q13
idea_evaluation,43_Q13,43 - Below is an idea that was generated either by a human or by AI. Idea #[CurrentLoopNumber] out of [TotalLoops]: [Fie,pooled,pooled into loopmean:Q13
idea_evaluation,44_Q13,44 - Below is an idea that was generated either by a human or by AI. Idea #[CurrentLoopNumber] out of [TotalLoops]: [Fie,pooled,pooled into loopmean:Q13
idea_evaluation,45_Q13,45 - Below is an idea that was generated either by a human or by AI. Idea #[CurrentLoopNumber] out of [TotalLoops]: [Fie,pooled,pooled into loopmean:Q13
idea_evaluation,46_Q13,46 - Below is an idea that was generated either by a human or by AI. Idea #[CurrentLoopNumber] out of [TotalLoops]: [Fie,pooled,pooled into loopmean:Q13
idea_evaluation,47_Q13,47 - Below is an idea that was generated either by a human or by AI. Idea #[CurrentLoopNumber] out of [TotalLoops]: [Fie,pooled,pooled into loopmean:Q13
idea_evaluation,48_Q13,48 - Below is an idea that was generated either by a human or by AI. Idea #[CurrentLoopNumber] out of [TotalLoops]: [Fie,pooled,pooled into loopmean:Q13
idea_evaluation,49_Q13,49 - Below is an idea that was generated either by a human or by AI. Idea #[CurrentLoopNumber] out of [TotalLoops]: [Fie,pooled,pooled into loopmean:Q13
idea_evaluation,50_Q13,50 - Below is an idea that was generated either by a human or by AI. Idea #[CurrentLoopNumber] out of [TotalLoops]: [Fie,pooled,pooled into loopmean:Q13
idea_evaluation,51_Q13,51 - Below is an idea that was generated either by a human or by AI. Idea #[CurrentLoopNumber] out of [TotalLoops]: [Fie,pooled,pooled into loopmean:Q13
idea_evaluation,52_Q13,52 - Below is an idea that was generated either by a human or by AI. Idea #[CurrentLoopNumber] out of [TotalLoops]: [Fie,pooled,pooled into loopmean:Q13
idea_evaluation,53_Q13,53 - Below is an idea that was generated either by a human or by AI. Idea #[CurrentLoopNumber] out of [TotalLoops]: [Fie,pooled,pooled into loopmean:Q13
idea_evaluation,54_Q13,54 - Below is an idea that was generated either by a human or by AI. Idea #[CurrentLoopNumber] out of [TotalLoops]: [Fie,pooled,pooled into loopmean:Q13
idea_evaluation,55_Q13,55 - Below is an idea that was generated either by a human or by AI. Idea #[CurrentLoopNumber] out of [TotalLoops]: [Fie,pooled,pooled into loopmean:Q13
idea_evaluation,56_Q13,56 - Below is an idea that was generated either by a human or by AI. Idea #[CurrentLoopNumber] out of [TotalLoops]: [Fie,pooled,pooled into loopmean:Q13
idea_evaluation,57_Q13,57 - Below is an idea that was generated either by a human or by AI. Idea #[CurrentLoopNumber] out of [TotalLoops]: [Fie,pooled,pooled into loopmean:Q13
idea_evaluation,58_Q13,58 - Below is an idea that was generated either by a human or by AI. Idea #[CurrentLoopNumber] out of [TotalLoops]: [Fie,pooled,pooled into loopmean:Q13
idea_evaluation,59_Q13,59 - Below is an idea that was generated either by a human or by AI. Idea #[CurrentLoopNumber] out of [TotalLoops]: [Fie,pooled,pooled into loopmean:Q13
idea_evaluation,60_Q13,60 - Below is an idea that was generated either by a human or by AI. Idea #[CurrentLoopNumber] out of [TotalLoops]: [Fie,pooled,pooled into loopmean:Q13
idea_evaluation,61_Q13,61 - Below is an idea that was generated either by a human or by AI. Idea #[CurrentLoopNumber] out of [TotalLoops]: [Fie,pooled,pooled into loopmean:Q13
idea_evaluation,62_Q13,62 - Below is an idea that was generated either by a human or by AI. Idea #[CurrentLoopNumber] out of [TotalLoops]: [Fie,pooled,pooled into loopmean:Q13
idea_evaluation,63_Q13,63 - Below is an idea that was generated either by a human or by AI. Idea #[CurrentLoopNumber] out of [TotalLoops]: [Fie,pooled,pooled into loopmean:Q13
idea_evaluation,64_Q13,64 - Below is an idea that was generated either by a human or by AI. Idea #[CurrentLoopNumber] out of [TotalLoops]: [Fie,pooled,pooled into loopmean:Q13
idea_evaluation,65_Q13,65 - Below is an idea that was generated either by a human or by AI. Idea #[CurrentLoopNumber] out of [TotalLoops]: [Fie,pooled,pooled into loopmean:Q13
idea_evaluation,66_Q13,66 - Below is an idea that was generated either by a human or by AI. Idea #[CurrentLoopNumber] out of [TotalLoops]: [Fie,pooled,pooled into loopmean:Q13
idea_evaluation,67_Q13,67 - Below is an idea that was generated either by a human or by AI. Idea #[CurrentLoopNumber] out of [TotalLoops]: [Fie,pooled,pooled into loopmean:Q13
idea_evaluation,68_Q13,68 - Below is an idea that was generated either by a human or by AI. Idea #[CurrentLoopNumber] out of [TotalLoops]: [Fie,pooled,pooled into loopmean:Q13
idea_evaluation,69_Q13,69 - Below is an idea that was generated either by a human or by AI. Idea #[CurrentLoopNumber] out of [TotalLoops]: [Fie,pooled,pooled into loopmean:Q13
idea_evaluation,70_Q13,70 - Below is an idea that was generated either by a human or by AI. Idea #[CurrentLoopNumber] out of [TotalLoops]: [Fie,pooled,pooled into loopmean:Q13
idea_evaluation,71_Q13,71 - Below is an idea that was generated either by a human or by AI. Idea #[CurrentLoopNumber] out of [TotalLoops]: [Fie,pooled,pooled into loopmean:Q13
idea_evaluation,72_Q13,72 - Below is an idea that was generated either by a human or by AI. Idea #[CurrentLoopNumber] out of [TotalLoops]: [Fie,pooled,pooled into loopmean:Q13
idea_evaluation,73_Q13,73 - Below is an idea that was generated either by a human or by AI. Idea #[CurrentLoopNumber] out of [TotalLoops]: [Fie,pooled,pooled into loopmean:Q13
idea_evaluation,74_Q13,74 - Below is an idea that was generated either by a human or by AI. Idea #[CurrentLoopNumber] out of [TotalLoops]: [Fie,pooled,pooled into loopmean:Q13
idea_evaluation,75_Q13,75 - Below is an idea that was generated either by a human or by AI. Idea #[CurrentLoopNumber] out of [TotalLoops]: [Fie,pooled,pooled into loopmean:Q13
idea_evaluation,76_Q13,76 - Below is an idea that was generated either by a human or by AI. Idea #[CurrentLoopNumber] out of [TotalLoops]: [Fie,pooled,pooled into loopmean:Q13
idea_evaluation,77_Q13,77 - Below is an idea that was generated either by a human or by AI. Idea #[CurrentLoopNumber] out of [TotalLoops]: [Fie,pooled,pooled into loopmean:Q13
idea_evaluation,78_Q13,78 - Below is an idea that was generated either by a human or by AI. Idea #[CurrentLoopNumber] out of [TotalLoops]: [Fie,pooled,pooled into loopmean:Q13
idea_evaluation,79_Q13,79 - Below is an idea that was generated either by a human or by AI. Idea #[CurrentLoopNumber] out of [TotalLoops]: [Fie,pooled,pooled into loopmean:Q13
idea_evaluation,80_Q13,80 - Below is an idea that was generated either by a human or by AI. Idea #[CurrentLoopNumber] out of [TotalLoops]: [Fie,pooled,pooled into loopmean:Q13
idea_evaluation,81_Q13,81 - Below is an idea that was generated either by a human or by AI. Idea #[CurrentLoopNumber] out of [TotalLoops]: [Fie,pooled,pooled into loopmean:Q13
idea_evaluation,82_Q13,82 - Below is an idea that was generated either by a human or by AI. Idea #[CurrentLoopNumber] out of [TotalLoops]: [Fie,pooled,pooled into loopmean:Q13
idea_evaluation,83_Q13,83 - Below is an idea that was generated either by a human or by AI. Idea #[CurrentLoopNumber] out of [TotalLoops]: [Fie,pooled,pooled into loopmean:Q13
idea_evaluation,84_Q13,84 - Below is an idea that was generated either by a human or by AI. Idea #[CurrentLoopNumber] out of [TotalLoops]: [Fie,pooled,pooled into loopmean:Q13
idea_evaluation,85_Q13,85 - Below is an idea that was generated either by a human or by AI. Idea #[CurrentLoopNumber] out of [TotalLoops]: [Fie,pooled,pooled into loopmean:Q13
idea_evaluation,86_Q13,86 - Below is an idea that was generated either by a human or by AI. Idea #[CurrentLoopNumber] out of [TotalLoops]: [Fie,pooled,pooled into loopmean:Q13
idea_evaluation,87_Q13,87 - Below is an idea that was generated either by a human or by AI. Idea #[CurrentLoopNumber] out of [TotalLoops]: [Fie,pooled,pooled into loopmean:Q13
idea_evaluation,88_Q13,88 - Below is an idea that was generated either by a human or by AI. Idea #[CurrentLoopNumber] out of [TotalLoops]: [Fie,pooled,pooled into loopmean:Q13
idea_evaluation,89_Q13,89 - Below is an idea that was generated either by a human or by AI. Idea #[CurrentLoopNumber] out of [TotalLoops]: [Fie,pooled,pooled into loopmean:Q13
idea_evaluation,90_Q13,90 - Below is an idea that was generated either by a human or by AI. Idea #[CurrentLoopNumber] out of [TotalLoops]: [Fie,pooled,pooled into loopmean:Q13
idea_evaluation,91_Q13,91 - Below is an idea that was generated either by a human or by AI. Idea #[CurrentLoopNumber] out of [TotalLoops]: [Fie,pooled,pooled into loopmean:Q13
idea_evaluation,92_Q13,92 - Below is an idea that was generated either by a human or by AI. Idea #[CurrentLoopNumber] out of [TotalLoops]: [Fie,pooled,pooled into loopmean:Q13
idea_evaluation,93_Q13,93 - Below is an idea that was generated either by a human or by AI. Idea #[CurrentLoopNumber] out of [TotalLoops]: [Fie,pooled,pooled into loopmean:Q13
idea_evaluation,94_Q13,94 - Below is an idea that was generated either by a human or by AI. Idea #[CurrentLoopNumber] out of [TotalLoops]: [Fie,pooled,pooled into loopmean:Q13
idea_evaluation,95_Q13,95 - Below is an idea that was generated either by a human or by AI. Idea #[CurrentLoopNumber] out of [TotalLoops]: [Fie,pooled,pooled into loopmean:Q13
idea_evaluation,96_Q13,96 - Below is an idea that was generated either by a human or by AI. Idea #[CurrentLoopNumber] out of [TotalLoops]: [Fie,pooled,pooled into loopmean:Q13
idea_evaluation,97_Q13,97 - Below is an idea that was generated either by a human or by AI. Idea #[CurrentLoopNumber] out of [TotalLoops]: [Fie,pooled,pooled into loopmean:Q13
idea_evaluation,98_Q13,98 - Below is an idea that was generated either by a human or by AI. Idea #[CurrentLoopNumber] out of [TotalLoops]: [Fie,pooled,pooled into loopmean:Q13
idea_evaluation,99_Q13,99 - Below is an idea that was generated either by a human or by AI. Idea #[CurrentLoopNumber] out of [TotalLoops]: [Fie,pooled,pooled into loopmean:Q13
idea_evaluation,100_Q13,100 - Below is an idea that was generated either by a human or by AI. Idea #[CurrentLoopNumber] out of [TotalLoops]: [Fi,pooled,pooled into loopmean:Q13
idea_evaluation,101_Q13,101 - Below is an idea that was generated either by a human or by AI. Idea #[CurrentLoopNumber] out of [TotalLoops]: [Fi,pooled,pooled into loopmean:Q13
idea_evaluation,102_Q13,102 - Below is an idea that was generated either by a human or by AI. Idea #[CurrentLoopNumber] out of [TotalLoops]: [Fi,pooled,pooled into loopmean:Q13
idea_evaluation,103_Q13,103 - Below is an idea that was generated either by a human or by AI. Idea #[CurrentLoopNumber] out of [TotalLoops]: [Fi,pooled,pooled into loopmean:Q13
idea_evaluation,104_Q13,104 - Below is an idea that was generated either by a human or by AI. Idea #[CurrentLoopNumber] out of [TotalLoops]: [Fi,pooled,pooled into loopmean:Q13
idea_evaluation,105_Q13,105 - Below is an idea that was generated either by a human or by AI. Idea #[CurrentLoopNumber] out of [TotalLoops]: [Fi,pooled,pooled into loopmean:Q13
idea_evaluation,106_Q13,106 - Below is an idea that was generated either by a human or by AI. Idea #[CurrentLoopNumber] out of [TotalLoops]: [Fi,pooled,pooled into loopmean:Q13
idea_evaluation,107_Q13,107 - Below is an idea that was generated either by a human or by AI. Idea #[CurrentLoopNumber] out of [TotalLoops]: [Fi,pooled,pooled into loopmean:Q13
idea_evaluation,108_Q13,108 - Below is an idea that was generated either by a human or by AI. Idea #[CurrentLoopNumber] out of [TotalLoops]: [Fi,pooled,pooled into loopmean:Q13
idea_evaluation,109_Q13,109 - Below is an idea that was generated either by a human or by AI. Idea #[CurrentLoopNumber] out of [TotalLoops]: [Fi,pooled,pooled into loopmean:Q13
idea_evaluation,110_Q13,110 - Below is an idea that was generated either by a human or by AI. Idea #[CurrentLoopNumber] out of [TotalLoops]: [Fi,pooled,pooled into loopmean:Q13
idea_evaluation,111_Q13,111 - Below is an idea that was generated either by a human or by AI. Idea #[CurrentLoopNumber] out of [TotalLoops]: [Fi,pooled,pooled into loopmean:Q13
idea_evaluation,112_Q13,112 - Below is an idea that was generated either by a human or by AI. Idea #[CurrentLoopNumber] out of [TotalLoops]: [Fi,pooled,pooled into loopmean:Q13
idea_evaluation,113_Q13,113 - Below is an idea that was generated either by a human or by AI. Idea #[CurrentLoopNumber] out of [TotalLoops]: [Fi,pooled,pooled into loopmean:Q13
idea_evaluation,114_Q13,114 - Below is an idea that was generated either by a human or by AI. Idea #[CurrentLoopNumber] out of [TotalLoops]: [Fi,pooled,pooled into loopmean:Q13
idea_evaluation,115_Q13,115 - Below is an idea that was generated either by a human or by AI. Idea #[CurrentLoopNumber] out of [TotalLoops]: [Fi,pooled,pooled into loopmean:Q13
idea_evaluation,116_Q13,116 - Below is an idea that was generated either by a human or by AI. Idea #[CurrentLoopNumber] out of [TotalLoops]: [Fi,pooled,pooled into loopmean:Q13
idea_evaluation,117_Q13,117 - Below is an idea that was generated either by a human or by AI. Idea #[CurrentLoopNumber] out of [TotalLoops]: [Fi,pooled,pooled into loopmean:Q13
idea_evaluation,118_Q13,118 - Below is an idea that was generated either by a human or by AI. Idea #[CurrentLoopNumber] out of [TotalLoops]: [Fi,pooled,pooled into loopmean:Q13
idea_evaluation,119_Q13,119 - Below is an idea that was generated either by a human or by AI. Idea #[CurrentLoopNumber] out of [TotalLoops]: [Fi,pooled,pooled into loopmean:Q13
idea_evaluation,120_Q13,120 - Below is an idea that was generated either by a human or by AI. Idea #[CurrentLoopNumber] out of [TotalLoops]: [Fi,pooled,pooled into loopmean:Q13
idea_evaluation,121_Q13,121 - Below is an idea that was generated either by a human or by AI. Idea #[CurrentLoopNumber] out of [TotalLoops]: [Fi,pooled,pooled into loopmean:Q13
idea_evaluation,122_Q13,122 - Below is an idea that was generated either by a human or by AI. Idea #[CurrentLoopNumber] out of [TotalLoops]: [Fi,pooled,pooled into loopmean:Q13
idea_evaluation,123_Q13,123 - Below is an idea that was generated either by a human or by AI. Idea #[CurrentLoopNumber] out of [TotalLoops]: [Fi,pooled,pooled into loopmean:Q13
idea_evaluation,124_Q13,124 - Below is an idea that was generated either by a human or by AI. Idea #[CurrentLoopNumber] out of [TotalLoops]: [Fi,pooled,pooled into loopmean:Q13
idea_evaluation,125_Q13,125 - Below is an idea that was generated either by a human or by AI. Idea #[CurrentLoopNumber] out of [TotalLoops]: [Fi,pooled,pooled into loopmean:Q13
idea_evaluation,126_Q13,126 - Below is an idea that was generated either by a human or by AI. Idea #[CurrentLoopNumber] out of [TotalLoops]: [Fi,pooled,pooled into loopmean:Q13
idea_evaluation,127_Q13,127 - Below is an idea that was generated either by a human or by AI. Idea #[CurrentLoopNumber] out of [TotalLoops]: [Fi,pooled,pooled into loopmean:Q13
idea_evaluation,128_Q13,128 - Below is an idea that was generated either by a human or by AI. Idea #[CurrentLoopNumber] out of [TotalLoops]: [Fi,pooled,pooled into loopmean:Q13
idea_evaluation,129_Q13,129 - Below is an idea that was generated either by a human or by AI. Idea #[CurrentLoopNumber] out of [TotalLoops]: [Fi,pooled,pooled into loopmean:Q13
idea_evaluation,130_Q13,130 - Below is an idea that was generated either by a human or by AI. Idea #[CurrentLoopNumber] out of [TotalLoops]: [Fi,pooled,pooled into loopmean:Q13
idea_evaluation,131_Q13,131 - Below is an idea that was generated either by a human or by AI. Idea #[CurrentLoopNumber] out of [TotalLoops]: [Fi,pooled,pooled into loopmean:Q13
idea_evaluation,132_Q13,132 - Below is an idea that was generated either by a human or by AI. Idea #[CurrentLoopNumber] out of [TotalLoops]: [Fi,pooled,pooled into loopmean:Q13
idea_evaluation,133_Q13,133 - Below is an idea that was generated either by a human or by AI. Idea #[CurrentLoopNumber] out of [TotalLoops]: [Fi,pooled,pooled into loopmean:Q13
idea_evaluation,134_Q13,134 - Below is an idea that was generated either by a human or by AI. Idea #[CurrentLoopNumber] out of [TotalLoops]: [Fi,pooled,pooled into loopmean:Q13
idea_evaluation,135_Q13,135 - Below is an idea that was generated either by a human or by AI. Idea #[CurrentLoopNumber] out of [TotalLoops]: [Fi,pooled,pooled into loopmean:Q13
idea_evaluation,136_Q13,136 - Below is an idea that was generated either by a human or by AI. Idea #[CurrentLoopNumber] out of [TotalLoops]: [Fi,pooled,pooled into loopmean:Q13
idea_evaluation,137_Q13,137 - Below is an idea that was generated either by a human or by AI. Idea #[CurrentLoopNumber] out of [TotalLoops]: [Fi,pooled,pooled into loopmean:Q13
idea_evaluation,138_Q13,138 - Below is an idea that was generated either by a human or by AI. Idea #[CurrentLoopNumber] out of [TotalLoops]: [Fi,pooled,pooled into loopmean:Q13
idea_evaluation,139_Q13,139 - Below is an idea that was generated either by a human or by AI. Idea #[CurrentLoopNumber] out of [TotalLoops]: [Fi,pooled,pooled into loopmean:Q13
idea_evaluation,140_Q13,140 - Below is an idea that was generated either by a human or by AI. Idea #[CurrentLoopNumber] out of [TotalLoops]: [Fi,pooled,pooled into loopmean:Q13
idea_evaluation,141_Q13,141 - Below is an idea that was generated either by a human or by AI. Idea #[CurrentLoopNumber] out of [TotalLoops]: [Fi,pooled,pooled into loopmean:Q13
idea_evaluation,142_Q13,142 - Below is an idea that was generated either by a human or by AI. Idea #[CurrentLoopNumber] out of [TotalLoops]: [Fi,pooled,pooled into loopmean:Q13
idea_evaluation,143_Q13,143 - Below is an idea that was generated either by a human or by AI. Idea #[CurrentLoopNumber] out of [TotalLoops]: [Fi,pooled,pooled into loopmean:Q13
idea_evaluation,144_Q13,144 - Below is an idea that was generated either by a human or by AI. Idea #[CurrentLoopNumber] out of [TotalLoops]: [Fi,pooled,pooled into loopmean:Q13
idea_evaluation,145_Q13,145 - Below is an idea that was generated either by a human or by AI. Idea #[CurrentLoopNumber] out of [TotalLoops]: [Fi,pooled,pooled into loopmean:Q13
idea_evaluation,146_Q13,146 - Below is an idea that was generated either by a human or by AI. Idea #[CurrentLoopNumber] out of [TotalLoops]: [Fi,pooled,pooled into loopmean:Q13
idea_evaluation,147_Q13,147 - Below is an idea that was generated either by a human or by AI. Idea #[CurrentLoopNumber] out of [TotalLoops]: [Fi,pooled,pooled into loopmean:Q13
idea_evaluation,148_Q13,148 - Below is an idea that was generated either by a human or by AI. Idea #[CurrentLoopNumber] out of [TotalLoops]: [Fi,pooled,pooled into loopmean:Q13
idea_evaluation,149_Q13,149 - Below is an idea that was generated either by a human or by AI. Idea #[CurrentLoopNumber] out of [TotalLoops]: [Fi,pooled,pooled into loopmean:Q13
idea_evaluation,150_Q13,150 - Below is an idea that was generated either by a human or by AI. Idea #[CurrentLoopNumber] out of [TotalLoops]: [Fi,pooled,pooled into loopmean:Q13
idea_evaluation,151_Q13,151 - Below is an idea that was generated either by a human or by AI. Idea #[CurrentLoopNumber] out of [TotalLoops]: [Fi,pooled,pooled into loopmean:Q13
idea_evaluation,152_Q13,152 - Below is an idea that was generated either by a human or by AI. Idea #[CurrentLoopNumber] out of [TotalLoops]: [Fi,pooled,pooled into loopmean:Q13
idea_evaluation,153_Q13,153 - Below is an idea that was generated either by a human or by AI. Idea #[CurrentLoopNumber] out of [TotalLoops]: [Fi,pooled,pooled into loopmean:Q13
idea_evaluation,154_Q13,154 - Below is an idea that was generated either by a human or by AI. Idea #[CurrentLoopNumber] out of [TotalLoops]: [Fi,pooled,pooled into loopmean:Q13
idea_evaluation,155_Q13,155 - Below is an idea that was generated either by a human or by AI. Idea #[CurrentLoopNumber] out of [TotalLoops]: [Fi,pooled,pooled into loopmean:Q13
idea_evaluation,156_Q13,156 - Below is an idea that was generated either by a human or by AI. Idea #[CurrentLoopNumber] out of [TotalLoops]: [Fi,pooled,pooled into loopmean:Q13
idea_evaluation,157_Q13,157 - Below is an idea that was generated either by a human or by AI. Idea #[CurrentLoopNumber] out of [TotalLoops]: [Fi,pooled,pooled into loopmean:Q13
idea_evaluation,158_Q13,158 - Below is an idea that was generated either by a human or by AI. Idea #[CurrentLoopNumber] out of [TotalLoops]: [Fi,pooled,pooled into loopmean:Q13
idea_evaluation,159_Q13,159 - Below is an idea that was generated either by a human or by AI. Idea #[CurrentLoopNumber] out of [TotalLoops]: [Fi,pooled,pooled into loopmean:Q13
idea_evaluation,160_Q13,160 - Below is an idea that was generated either by a human or by AI. Idea #[CurrentLoopNumber] out of [TotalLoops]: [Fi,pooled,pooled into loopmean:Q13
idea_evaluation,161_Q13,161 - Below is an idea that was generated either by a human or by AI. Idea #[CurrentLoopNumber] out of [TotalLoops]: [Fi,pooled,pooled into loopmean:Q13
idea_evaluation,162_Q13,162 - Below is an idea that was generated either by a human or by AI. Idea #[CurrentLoopNumber] out of [TotalLoops]: [Fi,pooled,pooled into loopmean:Q13
idea_evaluation,163_Q13,163 - Below is an idea that was generated either by a human or by AI. Idea #[CurrentLoopNumber] out of [TotalLoops]: [Fi,pooled,pooled into loopmean:Q13
idea_evaluation,164_Q13,164 - Below is an idea that was generated either by a human or by AI. Idea #[CurrentLoopNumber] out of [TotalLoops]: [Fi,pooled,pooled into loopmean:Q13
idea_evaluation,165_Q13,165 - Below is an idea that was generated either by a human or by AI. Idea #[CurrentLoopNumber] out of [TotalLoops]: [Fi,pooled,pooled into loopmean:Q13
idea_evaluation,166_Q13,166 - Below is an idea that was generated either by a human or by AI. Idea #[CurrentLoopNumber] out of [TotalLoops]: [Fi,pooled,pooled into loopmean:Q13
idea_evaluation,167_Q13,167 - Below is an idea that was generated either by a human or by AI. Idea #[CurrentLoopNumber] out of [TotalLoops]: [Fi,pooled,pooled into loopmean:Q13
idea_evaluation,168_Q13,168 - Below is an idea that was generated either by a human or by AI. Idea #[CurrentLoopNumber] out of [TotalLoops]: [Fi,pooled,pooled into loopmean:Q13
idea_evaluation,169_Q13,169 - Below is an idea that was generated either by a human or by AI. Idea #[CurrentLoopNumber] out of [TotalLoops]: [Fi,pooled,pooled into loopmean:Q13
idea_evaluation,170_Q13,170 - Below is an idea that was generated either by a human or by AI. Idea #[CurrentLoopNumber] out of [TotalLoops]: [Fi,pooled,pooled into loopmean:Q13
idea_evaluation,171_Q13,171 - Below is an idea that was generated either by a human or by AI. Idea #[CurrentLoopNumber] out of [TotalLoops]: [Fi,pooled,pooled into loopmean:Q13
idea_evaluation,172_Q13,172 - Below is an idea that was generated either by a human or by AI. Idea #[CurrentLoopNumber] out of [TotalLoops]: [Fi,pooled,pooled into loopmean:Q13
idea_evaluation,173_Q13,173 - Below is an idea that was generated either by a human or by AI. Idea #[CurrentLoopNumber] out of [TotalLoops]: [Fi,pooled,pooled into loopmean:Q13
idea_evaluation,174_Q13,174 - Below is an idea that was generated either by a human or by AI. Idea #[CurrentLoopNumber] out of [TotalLoops]: [Fi,pooled,pooled into loopmean:Q13
idea_evaluation,175_Q13,175 - Below is an idea that was generated either by a human or by AI. Idea #[CurrentLoopNumber] out of [TotalLoops]: [Fi,pooled,pooled into loopmean:Q13
idea_evaluation,176_Q13,176 - Below is an idea that was generated either by a human or by AI. Idea #[CurrentLoopNumber] out of [TotalLoops]: [Fi,pooled,pooled into loopmean:Q13
idea_evaluation,177_Q13,177 - Below is an idea that was generated either by a human or by AI. Idea #[CurrentLoopNumber] out of [TotalLoops]: [Fi,pooled,pooled into loopmean:Q13
idea_evaluation,178_Q13,178 - Below is an idea that was generated either by a human or by AI. Idea #[CurrentLoopNumber] out of [TotalLoops]: [Fi,pooled,pooled into loopmean:Q13
idea_evaluation,179_Q13,179 - Below is an idea that was generated either by a human or by AI. Idea #[CurrentLoopNumber] out of [TotalLoops]: [Fi,pooled,pooled into loopmean:Q13
idea_evaluation,180_Q13,180 - Below is an idea that was generated either by a human or by AI. Idea #[CurrentLoopNumber] out of [TotalLoops]: [Fi,pooled,pooled into loopmean:Q13
idea_evaluation,181_Q13,181 - Below is an idea that was generated either by a human or by AI. Idea #[CurrentLoopNumber] out of [TotalLoops]: [Fi,pooled,pooled into loopmean:Q13
idea_evaluation,182_Q13,182 - Below is an idea that was generated either by a human or by AI. Idea #[CurrentLoopNumber] out of [TotalLoops]: [Fi,pooled,pooled into loopmean:Q13
idea_evaluation,183_Q13,183 - Below is an idea that was generated either by a human or by AI. Idea #[CurrentLoopNumber] out of [TotalLoops]: [Fi,pooled,pooled into loopmean:Q13
idea_evaluation,184_Q13,184 - Below is an idea that was generated either by a human or by AI. Idea #[CurrentLoopNumber] out of [TotalLoops]: [Fi,pooled,pooled into loopmean:Q13
idea_evaluation,185_Q13,185 - Below is an idea that was generated either by a human or by AI. Idea #[CurrentLoopNumber] out of [TotalLoops]: [Fi,pooled,pooled into loopmean:Q13
idea_evaluation,186_Q13,186 - Below is an idea that was generated either by a human or by AI. Idea #[CurrentLoopNumber] out of [TotalLoops]: [Fi,pooled,pooled into loopmean:Q13
idea_evaluation,187_Q13,187 - Below is an idea that was generated either by a human or by AI. Idea #[CurrentLoopNumber] out of [TotalLoops]: [Fi,pooled,pooled into loopmean:Q13
idea_evaluation,188_Q13,188 - Below is an idea that was generated either by a human or by AI. Idea #[CurrentLoopNumber] out of [TotalLoops]: [Fi,pooled,pooled into loopmean:Q13
idea_evaluation,189_Q13,189 - Below is an idea that was generated either by a human or by AI. Idea #[CurrentLoopNumber] out of [TotalLoops]: [Fi,pooled,pooled into loopmean:Q13
idea_evaluation,190_Q13,190 - Below is an idea that was generated either by a human or by AI. Idea #[CurrentLoopNumber] out of [TotalLoops]: [Fi,pooled,pooled into loopmean:Q13
idea_evaluation,191_Q13,191 - Below is an idea that was generated either by a human or by AI. Idea #[CurrentLoopNumber] out of [TotalLoops]: [Fi,pooled,pooled into loopmean:Q13
idea_evaluation,192_Q13,192 - Below is an idea that was generated either by a human or by AI. Idea #[CurrentLoopNumber] out of [TotalLoops]: [Fi,pooled,pooled into loopmean:Q13
idea_evaluation,193_Q13,193 - Below is an idea that was generated either by a human or by AI. Idea #[CurrentLoopNumber] out of [TotalLoops]: [Fi,pooled,pooled into loopmean:Q13
idea_evaluation,194_Q13,194 - Below is an idea that was generated either by a human or by AI. Idea #[CurrentLoopNumber] out of [TotalLoops]: [Fi,pooled,pooled into loopmean:Q13
idea_evaluation,195_Q13,195 - Below is an idea that was generated either by a human or by AI. Idea #[CurrentLoopNumber] out of [TotalLoops]: [Fi,pooled,pooled into loopmean:Q13
idea_evaluation,196_Q13,196 - Below is an idea that was generated either by a human or by AI. Idea #[CurrentLoopNumber] out of [TotalLoops]: [Fi,pooled,pooled into loopmean:Q13
idea_evaluation,197_Q13,197 - Below is an idea that was generated either by a human or by AI. Idea #[CurrentLoopNumber] out of [TotalLoops]: [Fi,pooled,pooled into loopmean:Q13
idea_evaluation,198_Q13,198 - Below is an idea that was generated either by a human or by AI. Idea #[CurrentLoopNumber] out of [TotalLoops]: [Fi,pooled,pooled into loopmean:Q13
idea_evaluation,199_Q13,199 - Below is an idea that was generated either by a human or by AI. Idea #[CurrentLoopNumber] out of [TotalLoops]: [Fi,pooled,pooled into loopmean:Q13
idea_evaluation,200_Q13,200 - Below is an idea that was generated either by a human or by AI. Idea #[CurrentLoopNumber] out of [TotalLoops]: [Fi,pooled,pooled into loopmean:Q13
idea_evaluation,1_Q24,1 - Below is an idea that was generated either by a human or by AI. Idea #[CurrentLoopNumber] out of [TotalLoops]: [Fiel,pooled,pooled into loopmean:Q24
idea_evaluation,2_Q24,2 - Below is an idea that was generated either by a human or by AI. Idea #[CurrentLoopNumber] out of [TotalLoops]: [Fiel,pooled,pooled into loopmean:Q24
idea_evaluation,3_Q24,3 - Below is an idea that was generated either by a human or by AI. Idea #[CurrentLoopNumber] out of [TotalLoops]: [Fiel,pooled,pooled into loopmean:Q24
idea_evaluation,4_Q24,4 - Below is an idea that was generated either by a human or by AI. Idea #[CurrentLoopNumber] out of [TotalLoops]: [Fiel,pooled,pooled into loopmean:Q24
idea_evaluation,5_Q24,5 - Below is an idea that was generated either by a human or by AI. Idea #[CurrentLoopNumber] out of [TotalLoops]: [Fiel,pooled,pooled into loopmean:Q24
idea_evaluation,6_Q24,6 - Below is an idea that was generated either by a human or by AI. Idea #[CurrentLoopNumber] out of [TotalLoops]: [Fiel,pooled,pooled into loopmean:Q24
idea_evaluation,7_Q24,7 - Below is an idea that was generated either by a human or by AI. Idea #[CurrentLoopNumber] out of [TotalLoops]: [Fiel,pooled,pooled into loopmean:Q24
idea_evaluation,8_Q24,8 - Below is an idea that was generated either by a human or by AI. Idea #[CurrentLoopNumber] out of [TotalLoops]: [Fiel,pooled,pooled into loopmean:Q24
idea_evaluation,9_Q24,9 - Below is an idea that was generated either by a human or by AI. Idea #[CurrentLoopNumber] out of [TotalLoops]: [Fiel,pooled,pooled into loopmean:Q24
idea_evaluation,10_Q24,10 - Below is an idea that was generated either by a human or by AI. Idea #[CurrentLoopNumber] out of [TotalLoops]: [Fie,pooled,pooled into loopmean:Q24
idea_evaluation,11_Q24,11 - Below is an idea that was generated either by a human or by AI. Idea #[CurrentLoopNumber] out of [TotalLoops]: [Fie,pooled,pooled into loopmean:Q24
idea_evaluation,12_Q24,12 - Below is an idea that was generated either by a human or by AI. Idea #[CurrentLoopNumber] out of [TotalLoops]: [Fie,pooled,pooled into loopmean:Q24
idea_evaluation,13_Q24,13 - Below is an idea that was generated either by a human or by AI. Idea #[CurrentLoopNumber] out of [TotalLoops]: [Fie,pooled,pooled into loopmean:Q24
idea_evaluation,14_Q24,14 - Below is an idea that was generated either by a human or by AI. Idea #[CurrentLoopNumber] out of [TotalLoops]: [Fie,pooled,pooled into loopmean:Q24
idea_evaluation,15_Q24,15 - Below is an idea that was generated either by a human or by AI. Idea #[CurrentLoopNumber] out of [TotalLoops]: [Fie,pooled,pooled into loopmean:Q24
idea_evaluation,16_Q24,16 - Below is an idea that was generated either by a human or by AI. Idea #[CurrentLoopNumber] out of [TotalLoops]: [Fie,pooled,pooled into loopmean:Q24
idea_evaluation,17_Q24,17 - Below is an idea that was generated either by a human or by AI. Idea #[CurrentLoopNumber] out of [TotalLoops]: [Fie,pooled,pooled into loopmean:Q24
idea_evaluation,18_Q24,18 - Below is an idea that was generated either by a human or by AI. Idea #[CurrentLoopNumber] out of [TotalLoops]: [Fie,pooled,pooled into loopmean:Q24
idea_evaluation,19_Q24,19 - Below is an idea that was generated either by a human or by AI. Idea #[CurrentLoopNumber] out of [TotalLoops]: [Fie,pooled,pooled into loopmean:Q24
idea_evaluation,20_Q24,20 - Below is an idea that was generated either by a human or by AI. Idea #[CurrentLoopNumber] out of [TotalLoops]: [Fie,pooled,pooled into loopmean:Q24
idea_evaluation,21_Q24,21 - Below is an idea that was generated either by a human or by AI. Idea #[CurrentLoopNumber] out of [TotalLoops]: [Fie,pooled,pooled into loopmean:Q24
idea_evaluation,22_Q24,22 - Below is an idea that was generated either by a human or by AI. Idea #[CurrentLoopNumber] out of [TotalLoops]: [Fie,pooled,pooled into loopmean:Q24
idea_evaluation,23_Q24,23 - Below is an idea that was generated either by a human or by AI. Idea #[CurrentLoopNumber] out of [TotalLoops]: [Fie,pooled,pooled into loopmean:Q24
idea_evaluation,24_Q24,24 - Below is an idea that was generated either by a human or by AI. Idea #[CurrentLoopNumber] out of [TotalLoops]: [Fie,pooled,pooled into loopmean:Q24
idea_evaluation,25_Q24,25 - Below is an idea that was generated either by a human or by AI. Idea #[CurrentLoopNumber] out of [TotalLoops]: [Fie,pooled,pooled into loopmean:Q24
idea_evaluation,26_Q24,26 - Below is an idea that was generated either by a human or by AI. Idea #[CurrentLoopNumber] out of [TotalLoops]: [Fie,pooled,pooled into loopmean:Q24
idea_evaluation,27_Q24,27 - Below is an idea that was generated either by a human or by AI. Idea #[CurrentLoopNumber] out of [TotalLoops]: [Fie,pooled,pooled into loopmean:Q24
idea_evaluation,28_Q24,28 - Below is an idea that was generated either by a human or by AI. Idea #[CurrentLoopNumber] out of [TotalLoops]: [Fie,pooled,pooled into loopmean:Q24
idea_evaluation,29_Q24,29 - Below is an idea that was generated either by a human or by AI. Idea #[CurrentLoopNumber] out of [TotalLoops]: [Fie,pooled,pooled into loopmean:Q24
idea_evaluation,30_Q24,30 - Below is an idea that was generated either by a human or by AI. Idea #[CurrentLoopNumber] out of [TotalLoops]: [Fie,pooled,pooled into loopmean:Q24
idea_evaluation,31_Q24,31 - Below is an idea that was generated either by a human or by AI. Idea #[CurrentLoopNumber] out of [TotalLoops]: [Fie,pooled,pooled into loopmean:Q24
idea_evaluation,32_Q24,32 - Below is an idea that was generated either by a human or by AI. Idea #[CurrentLoopNumber] out of [TotalLoops]: [Fie,pooled,pooled into loopmean:Q24
idea_evaluation,33_Q24,33 - Below is an idea that was generated either by a human or by AI. Idea #[CurrentLoopNumber] out of [TotalLoops]: [Fie,pooled,pooled into loopmean:Q24
idea_evaluation,34_Q24,34 - Below is an idea that was generated either by a human or by AI. Idea #[CurrentLoopNumber] out of [TotalLoops]: [Fie,pooled,pooled into loopmean:Q24
idea_evaluation,35_Q24,35 - Below is an idea that was generated either by a human or by AI. Idea #[CurrentLoopNumber] out of [TotalLoops]: [Fie,pooled,pooled into loopmean:Q24
idea_evaluation,36_Q24,36 - Below is an idea that was generated either by a human or by AI. Idea #[CurrentLoopNumber] out of [TotalLoops]: [Fie,pooled,pooled into loopmean:Q24
idea_evaluation,37_Q24,37 - Below is an idea that was generated either by a human or by AI. Idea #[CurrentLoopNumber] out of [TotalLoops]: [Fie,pooled,pooled into loopmean:Q24
idea_evaluation,38_Q24,38 - Below is an idea that was generated either by a human or by AI. Idea #[CurrentLoopNumber] out of [TotalLoops]: [Fie,pooled,pooled into loopmean:Q24
idea_evaluation,39_Q24,39 - Below is an idea that was generated either by a human or by AI. Idea #[CurrentLoopNumber] out of [TotalLoops]: [Fie,pooled,pooled into loopmean:Q24
idea_evaluation,40_Q24,40 - Below is an idea that was generated either by a human or by AI. Idea #[CurrentLoopNumber] out of [TotalLoops]: [Fie,pooled,pooled into loopmean:Q24
idea_evaluation,41_Q24,41 - Below is an idea that was generated either by a human or by AI. Idea #[CurrentLoopNumber] out of [TotalLoops]: [Fie,pooled,pooled into loopmean:Q24
idea_evaluation,42_Q24,42 - Below is an idea that was generated either by a human or by AI. Idea #[CurrentLoopNumber] out of [TotalLoops]: [Fie,pooled,pooled into loopmean:Q24
idea_evaluation,43_Q24,43 - Below is an idea that was generated either by a human or by AI. Idea #[CurrentLoopNumber] out of [TotalLoops]: [Fie,pooled,pooled into loopmean:Q24
idea_evaluation,44_Q24,44 - Below is an idea that was generated either by a human or by AI. Idea #[CurrentLoopNumber] out of [TotalLoops]: [Fie,pooled,pooled into loopmean:Q24
idea_evaluation,45_Q24,45 - Below is an idea that was generated either by a human or by AI. Idea #[CurrentLoopNumber] out of [TotalLoops]: [Fie,pooled,pooled into loopmean:Q24
idea_evaluation,46_Q24,46 - Below is an idea that was generated either by a human or by AI. Idea #[CurrentLoopNumber] out of [TotalLoops]: [Fie,pooled,pooled into loopmean:Q24
idea_evaluation,47_Q24,47 - Below is an idea that was generated either by a human or by AI. Idea #[CurrentLoopNumber] out of [TotalLoops]: [Fie,pooled,pooled into loopmean:Q24
idea_evaluation,48_Q24,48 - Below is an idea that was generated either by a human or by AI. Idea #[CurrentLoopNumber] out of [TotalLoops]: [Fie,pooled,pooled into loopmean:Q24
idea_evaluation,49_Q24,49 - Below is an idea that was generated either by a human or by AI. Idea #[CurrentLoopNumber] out of [TotalLoops]: [Fie,pooled,pooled into loopmean:Q24
idea_evaluation,50_Q24,50 - Below is an idea that was generated either by a human or by AI. Idea #[CurrentLoopNumber] out of [TotalLoops]: [Fie,pooled,pooled into loopmean:Q24
idea_evaluation,51_Q24,51 - Below is an idea that was generated either by a human or by AI. Idea #[CurrentLoopNumber] out of [TotalLoops]: [Fie,pooled,pooled into loopmean:Q24
idea_evaluation,52_Q24,52 - Below is an idea that was generated either by a human or by AI. Idea #[CurrentLoopNumber] out of [TotalLoops]: [Fie,pooled,pooled into loopmean:Q24
idea_evaluation,53_Q24,53 - Below is an idea that was generated either by a human or by AI. Idea #[CurrentLoopNumber] out of [TotalLoops]: [Fie,pooled,pooled into loopmean:Q24
idea_evaluation,54_Q24,54 - Below is an idea that was generated either by a human or by AI. Idea #[CurrentLoopNumber] out of [TotalLoops]: [Fie,pooled,pooled into loopmean:Q24
idea_evaluation,55_Q24,55 - Below is an idea that was generated either by a human or by AI. Idea #[CurrentLoopNumber] out of [TotalLoops]: [Fie,pooled,pooled into loopmean:Q24
idea_evaluation,56_Q24,56 - Below is an idea that was generated either by a human or by AI. Idea #[CurrentLoopNumber] out of [TotalLoops]: [Fie,pooled,pooled into loopmean:Q24
idea_evaluation,57_Q24,57 - Below is an idea that was generated either by a human or by AI. Idea #[CurrentLoopNumber] out of [TotalLoops]: [Fie,pooled,pooled into loopmean:Q24
idea_evaluation,58_Q24,58 - Below is an idea that was generated either by a human or by AI. Idea #[CurrentLoopNumber] out of [TotalLoops]: [Fie,pooled,pooled into loopmean:Q24
idea_evaluation,59_Q24,59 - Below is an idea that was generated either by a human or by AI. Idea #[CurrentLoopNumber] out of [TotalLoops]: [Fie,pooled,pooled into loopmean:Q24
idea_evaluation,60_Q24,60 - Below is an idea that was generated either by a human or by AI. Idea #[CurrentLoopNumber] out of [TotalLoops]: [Fie,pooled,pooled into loopmean:Q24
idea_evaluation,61_Q24,61 - Below is an idea that was generated either by a human or by AI. Idea #[CurrentLoopNumber] out of [TotalLoops]: [Fie,pooled,pooled into loopmean:Q24
idea_evaluation,62_Q24,62 - Below is an idea that was generated either by a human or by AI. Idea #[CurrentLoopNumber] out of [TotalLoops]: [Fie,pooled,pooled into loopmean:Q24
idea_evaluation,63_Q24,63 - Below is an idea that was generated either by a human or by AI. Idea #[CurrentLoopNumber] out of [TotalLoops]: [Fie,pooled,pooled into loopmean:Q24
idea_evaluation,64_Q24,64 - Below is an idea that was generated either by a human or by AI. Idea #[CurrentLoopNumber] out of [TotalLoops]: [Fie,pooled,pooled into loopmean:Q24
idea_evaluation,65_Q24,65 - Below is an idea that was generated either by a human or by AI. Idea #[CurrentLoopNumber] out of [TotalLoops]: [Fie,pooled,pooled into loopmean:Q24
idea_evaluation,66_Q24,66 - Below is an idea that was generated either by a human or by AI. Idea #[CurrentLoopNumber] out of [TotalLoops]: [Fie,pooled,pooled into loopmean:Q24
idea_evaluation,67_Q24,67 - Below is an idea that was generated either by a human or by AI. Idea #[CurrentLoopNumber] out of [TotalLoops]: [Fie,pooled,pooled into loopmean:Q24
idea_evaluation,68_Q24,68 - Below is an idea that was generated either by a human or by AI. Idea #[CurrentLoopNumber] out of [TotalLoops]: [Fie,pooled,pooled into loopmean:Q24
idea_evaluation,69_Q24,69 - Below is an idea that was generated either by a human or by AI. Idea #[CurrentLoopNumber] out of [TotalLoops]: [Fie,pooled,pooled into loopmean:Q24
idea_evaluation,70_Q24,70 - Below is an idea that was generated either by a human or by AI. Idea #[CurrentLoopNumber] out of [TotalLoops]: [Fie,pooled,pooled into loopmean:Q24
idea_evaluation,71_Q24,71 - Below is an idea that was generated either by a human or by AI. Idea #[CurrentLoopNumber] out of [TotalLoops]: [Fie,pooled,pooled into loopmean:Q24
idea_evaluation,72_Q24,72 - Below is an idea that was generated either by a human or by AI. Idea #[CurrentLoopNumber] out of [TotalLoops]: [Fie,pooled,pooled into loopmean:Q24
idea_evaluation,73_Q24,73 - Below is an idea that was generated either by a human or by AI. Idea #[CurrentLoopNumber] out of [TotalLoops]: [Fie,pooled,pooled into loopmean:Q24
idea_evaluation,74_Q24,74 - Below is an idea that was generated either by a human or by AI. Idea #[CurrentLoopNumber] out of [TotalLoops]: [Fie,pooled,pooled into loopmean:Q24
idea_evaluation,75_Q24,75 - Below is an idea that was generated either by a human or by AI. Idea #[CurrentLoopNumber] out of [TotalLoops]: [Fie,pooled,pooled into loopmean:Q24
idea_evaluation,76_Q24,76 - Below is an idea that was generated either by a human or by AI. Idea #[CurrentLoopNumber] out of [TotalLoops]: [Fie,pooled,pooled into loopmean:Q24
idea_evaluation,77_Q24,77 - Below is an idea that was generated either by a human or by AI. Idea #[CurrentLoopNumber] out of [TotalLoops]: [Fie,pooled,pooled into loopmean:Q24
idea_evaluation,78_Q24,78 - Below is an idea that was generated either by a human or by AI. Idea #[CurrentLoopNumber] out of [TotalLoops]: [Fie,pooled,pooled into loopmean:Q24
idea_evaluation,79_Q24,79 - Below is an idea that was generated either by a human or by AI. Idea #[CurrentLoopNumber] out of [TotalLoops]: [Fie,pooled,pooled into loopmean:Q24
idea_evaluation,80_Q24,80 - Below is an idea that was generated either by a human or by AI. Idea #[CurrentLoopNumber] out of [TotalLoops]: [Fie,pooled,pooled into loopmean:Q24
idea_evaluation,81_Q24,81 - Below is an idea that was generated either by a human or by AI. Idea #[CurrentLoopNumber] out of [TotalLoops]: [Fie,pooled,pooled into loopmean:Q24
idea_evaluation,82_Q24,82 - Below is an idea that was generated either by a human or by AI. Idea #[CurrentLoopNumber] out of [TotalLoops]: [Fie,pooled,pooled into loopmean:Q24
idea_evaluation,83_Q24,83 - Below is an idea that was generated either by a human or by AI. Idea #[CurrentLoopNumber] out of [TotalLoops]: [Fie,pooled,pooled into loopmean:Q24
idea_evaluation,84_Q24,84 - Below is an idea that was generated either by a human or by AI. Idea #[CurrentLoopNumber] out of [TotalLoops]: [Fie,pooled,pooled into loopmean:Q24
idea_evaluation,85_Q24,85 - Below is an idea that was generated either by a human or by AI. Idea #[CurrentLoopNumber] out of [TotalLoops]: [Fie,pooled,pooled into loopmean:Q24
idea_evaluation,86_Q24,86 - Below is an idea that was generated either by a human or by AI. Idea #[CurrentLoopNumber] out of [TotalLoops]: [Fie,pooled,pooled into loopmean:Q24
idea_evaluation,87_Q24,87 - Below is an idea that was generated either by a human or by AI. Idea #[CurrentLoopNumber] out of [TotalLoops]: [Fie,pooled,pooled into loopmean:Q24
idea_evaluation,88_Q24,88 - Below is an idea that was generated either by a human or by AI. Idea #[CurrentLoopNumber] out of [TotalLoops]: [Fie,pooled,pooled into loopmean:Q24
idea_evaluation,89_Q24,89 - Below is an idea that was generated either by a human or by AI. Idea #[CurrentLoopNumber] out of [TotalLoops]: [Fie,pooled,pooled into loopmean:Q24
idea_evaluation,90_Q24,90 - Below is an idea that was generated either by a human or by AI. Idea #[CurrentLoopNumber] out of [TotalLoops]: [Fie,pooled,pooled into loopmean:Q24
idea_evaluation,91_Q24,91 - Below is an idea that was generated either by a human or by AI. Idea #[CurrentLoopNumber] out of [TotalLoops]: [Fie,pooled,pooled into loopmean:Q24
idea_evaluation,92_Q24,92 - Below is an idea that was generated either by a human or by AI. Idea #[CurrentLoopNumber] out of [TotalLoops]: [Fie,pooled,pooled into loopmean:Q24
idea_evaluation,93_Q24,93 - Below is an idea that was generated either by a human or by AI. Idea #[CurrentLoopNumber] out of [TotalLoops]: [Fie,pooled,pooled into loopmean:Q24
idea_evaluation,94_Q24,94 - Below is an idea that was generated either by a human or by AI. Idea #[CurrentLoopNumber] out of [TotalLoops]: [Fie,pooled,pooled into loopmean:Q24
idea_evaluation,95_Q24,95 - Below is an idea that was generated either by a human or by AI. Idea #[CurrentLoopNumber] out of [TotalLoops]: [Fie,pooled,pooled into loopmean:Q24
idea_evaluation,96_Q24,96 - Below is an idea that was generated either by a human or by AI. Idea #[CurrentLoopNumber] out of [TotalLoops]: [Fie,pooled,pooled into loopmean:Q24
idea_evaluation,97_Q24,97 - Below is an idea that was generated either by a human or by AI. Idea #[CurrentLoopNumber] out of [TotalLoops]: [Fie,pooled,pooled into loopmean:Q24
idea_evaluation,98_Q24,98 - Below is an idea that was generated either by a human or by AI. Idea #[CurrentLoopNumber] out of [TotalLoops]: [Fie,pooled,pooled into loopmean:Q24
idea_evaluation,99_Q24,99 - Below is an idea that was generated either by a human or by AI. Idea #[CurrentLoopNumber] out of [TotalLoops]: [Fie,pooled,pooled into loopmean:Q24
idea_evaluation,100_Q24,100 - Below is an idea that was generated either by a human or by AI. Idea #[CurrentLoopNumber] out of [TotalLoops]: [Fi,pooled,pooled into loopmean:Q24
idea_evaluation,101_Q24,101 - Below is an idea that was generated either by a human or by AI. Idea #[CurrentLoopNumber] out of [TotalLoops]: [Fi,pooled,pooled into loopmean:Q24
idea_evaluation,102_Q24,102 - Below is an idea that was generated either by a human or by AI. Idea #[CurrentLoopNumber] out of [TotalLoops]: [Fi,pooled,pooled into loopmean:Q24
idea_evaluation,103_Q24,103 - Below is an idea that was generated either by a human or by AI. Idea #[CurrentLoopNumber] out of [TotalLoops]: [Fi,pooled,pooled into loopmean:Q24
idea_evaluation,104_Q24,104 - Below is an idea that was generated either by a human or by AI. Idea #[CurrentLoopNumber] out of [TotalLoops]: [Fi,pooled,pooled into loopmean:Q24
idea_evaluation,105_Q24,105 - Below is an idea that was generated either by a human or by AI. Idea #[CurrentLoopNumber] out of [TotalLoops]: [Fi,pooled,pooled into loopmean:Q24
idea_evaluation,106_Q24,106 - Below is an idea that was generated either by a human or by AI. Idea #[CurrentLoopNumber] out of [TotalLoops]: [Fi,pooled,pooled into loopmean:Q24
idea_evaluation,107_Q24,107 - Below is an idea that was generated either by a human or by AI. Idea #[CurrentLoopNumber] out of [TotalLoops]: [Fi,pooled,pooled into loopmean:Q24
idea_evaluation,108_Q24,108 - Below is an idea that was generated either by a human or by AI. Idea #[CurrentLoopNumber] out of [TotalLoops]: [Fi,pooled,pooled into loopmean:Q24
idea_evaluation,109_Q24,109 - Below is an idea that was generated either by a human or by AI. Idea #[CurrentLoopNumber] out of [TotalLoops]: [Fi,pooled,pooled into loopmean:Q24
idea_evaluation,110_Q24,110 - Below is an idea that was generated either by a human or by AI. Idea #[CurrentLoopNumber] out of [TotalLoops]: [Fi,pooled,pooled into loopmean:Q24
idea_evaluation,111_Q24,111 - Below is an idea that was generated either by a human or by AI. Idea #[CurrentLoopNumber] out of [TotalLoops]: [Fi,pooled,pooled into loopmean:Q24
idea_evaluation,112_Q24,112 - Below is an idea that was generated either by a human or by AI. Idea #[CurrentLoopNumber] out of [TotalLoops]: [Fi,pooled,pooled into loopmean:Q24
idea_evaluation,113_Q24,113 - Below is an idea that was generated either by a human or by AI. Idea #[CurrentLoopNumber] out of [TotalLoops]: [Fi,pooled,pooled into loopmean:Q24
idea_evaluation,114_Q24,114 - Below is an idea that was generated either by a human or by AI. Idea #[CurrentLoopNumber] out of [TotalLoops]: [Fi,pooled,pooled into loopmean:Q24
idea_evaluation,115_Q24,115 - Below is an idea that was generated either by a human or by AI. Idea #[CurrentLoopNumber] out of [TotalLoops]: [Fi,pooled,pooled into loopmean:Q24
idea_evaluation,116_Q24,116 - Below is an idea that was generated either by a human or by AI. Idea #[CurrentLoopNumber] out of [TotalLoops]: [Fi,pooled,pooled into loopmean:Q24
idea_evaluation,117_Q24,117 - Below is an idea that was generated either by a human or by AI. Idea #[CurrentLoopNumber] out of [TotalLoops]: [Fi,pooled,pooled into loopmean:Q24
idea_evaluation,118_Q24,118 - Below is an idea that was generated either by a human or by AI. Idea #[CurrentLoopNumber] out of [TotalLoops]: [Fi,pooled,pooled into loopmean:Q24
idea_evaluation,119_Q24,119 - Below is an idea that was generated either by a human or by AI. Idea #[CurrentLoopNumber] out of [TotalLoops]: [Fi,pooled,pooled into loopmean:Q24
idea_evaluation,120_Q24,120 - Below is an idea that was generated either by a human or by AI. Idea #[CurrentLoopNumber] out of [TotalLoops]: [Fi,pooled,pooled into loopmean:Q24
idea_evaluation,121_Q24,121 - Below is an idea that was generated either by a human or by AI. Idea #[CurrentLoopNumber] out of [TotalLoops]: [Fi,pooled,pooled into loopmean:Q24
idea_evaluation,122_Q24,122 - Below is an idea that was generated either by a human or by AI. Idea #[CurrentLoopNumber] out of [TotalLoops]: [Fi,pooled,pooled into loopmean:Q24
idea_evaluation,123_Q24,123 - Below is an idea that was generated either by a human or by AI. Idea #[CurrentLoopNumber] out of [TotalLoops]: [Fi,pooled,pooled into loopmean:Q24
idea_evaluation,124_Q24,124 - Below is an idea that was generated either by a human or by AI. Idea #[CurrentLoopNumber] out of [TotalLoops]: [Fi,pooled,pooled into loopmean:Q24
idea_evaluation,125_Q24,125 - Below is an idea that was generated either by a human or by AI. Idea #[CurrentLoopNumber] out of [TotalLoops]: [Fi,pooled,pooled into loopmean:Q24
idea_evaluation,126_Q24,126 - Below is an idea that was generated either by a human or by AI. Idea #[CurrentLoopNumber] out of [TotalLoops]: [Fi,pooled,pooled into loopmean:Q24
idea_evaluation,127_Q24,127 - Below is an idea that was generated either by a human or by AI. Idea #[CurrentLoopNumber] out of [TotalLoops]: [Fi,pooled,pooled into loopmean:Q24
idea_evaluation,128_Q24,128 - Below is an idea that was generated either by a human or by AI. Idea #[CurrentLoopNumber] out of [TotalLoops]: [Fi,pooled,pooled into loopmean:Q24
idea_evaluation,129_Q24,129 - Below is an idea that was generated either by a human or by AI. Idea #[CurrentLoopNumber] out of [TotalLoops]: [Fi,pooled,pooled into loopmean:Q24
idea_evaluation,130_Q24,130 - Below is an idea that was generated either by a human or by AI. Idea #[CurrentLoopNumber] out of [TotalLoops]: [Fi,pooled,pooled into loopmean:Q24
idea_evaluation,131_Q24,131 - Below is an idea that was generated either by a human or by AI. Idea #[CurrentLoopNumber] out of [TotalLoops]: [Fi,pooled,pooled into loopmean:Q24
idea_evaluation,132_Q24,132 - Below is an idea that was generated either by a human or by AI. Idea #[CurrentLoopNumber] out of [TotalLoops]: [Fi,pooled,pooled into loopmean:Q24
idea_evaluation,133_Q24,133 - Below is an idea that was generated either by a human or by AI. Idea #[CurrentLoopNumber] out of [TotalLoops]: [Fi,pooled,pooled into loopmean:Q24
idea_evaluation,134_Q24,134 - Below is an idea that was generated either by a human or by AI. Idea #[CurrentLoopNumber] out of [TotalLoops]: [Fi,pooled,pooled into loopmean:Q24
idea_evaluation,135_Q24,135 - Below is an idea that was generated either by a human or by AI. Idea #[CurrentLoopNumber] out of [TotalLoops]: [Fi,pooled,pooled into loopmean:Q24
idea_evaluation,136_Q24,136 - Below is an idea that was generated either by a human or by AI. Idea #[CurrentLoopNumber] out of [TotalLoops]: [Fi,pooled,pooled into loopmean:Q24
idea_evaluation,137_Q24,137 - Below is an idea that was generated either by a human or by AI. Idea #[CurrentLoopNumber] out of [TotalLoops]: [Fi,pooled,pooled into loopmean:Q24
idea_evaluation,138_Q24,138 - Below is an idea that was generated either by a human or by AI. Idea #[CurrentLoopNumber] out of [TotalLoops]: [Fi,pooled,pooled into loopmean:Q24
idea_evaluation,139_Q24,139 - Below is an idea that was generated either by a human or by AI. Idea #[CurrentLoopNumber] out of [TotalLoops]: [Fi,pooled,pooled into loopmean:Q24
idea_evaluation,140_Q24,140 - Below is an idea that was generated either by a human or by AI. Idea #[CurrentLoopNumber] out of [TotalLoops]: [Fi,pooled,pooled into loopmean:Q24
idea_evaluation,141_Q24,141 - Below is an idea that was generated either by a human or by AI. Idea #[CurrentLoopNumber] out of [TotalLoops]: [Fi,pooled,pooled into loopmean:Q24
idea_evaluation,142_Q24,142 - Below is an idea that was generated either by a human or by AI. Idea #[CurrentLoopNumber] out of [TotalLoops]: [Fi,pooled,pooled into loopmean:Q24
idea_evaluation,143_Q24,143 - Below is an idea that was generated either by a human or by AI. Idea #[CurrentLoopNumber] out of [TotalLoops]: [Fi,pooled,pooled into loopmean:Q24
idea_evaluation,144_Q24,144 - Below is an idea that was generated either by a human or by AI. Idea #[CurrentLoopNumber] out of [TotalLoops]: [Fi,pooled,pooled into loopmean:Q24
idea_evaluation,145_Q24,145 - Below is an idea that was generated either by a human or by AI. Idea #[CurrentLoopNumber] out of [TotalLoops]: [Fi,pooled,pooled into loopmean:Q24
idea_evaluation,146_Q24,146 - Below is an idea that was generated either by a human or by AI. Idea #[CurrentLoopNumber] out of [TotalLoops]: [Fi,pooled,pooled into loopmean:Q24
idea_evaluation,147_Q24,147 - Below is an idea that was generated either by a human or by AI. Idea #[CurrentLoopNumber] out of [TotalLoops]: [Fi,pooled,pooled into loopmean:Q24
idea_evaluation,148_Q24,148 - Below is an idea that was generated either by a human or by AI. Idea #[CurrentLoopNumber] out of [TotalLoops]: [Fi,pooled,pooled into loopmean:Q24
idea_evaluation,149_Q24,149 - Below is an idea that was generated either by a human or by AI. Idea #[CurrentLoopNumber] out of [TotalLoops]: [Fi,pooled,pooled into loopmean:Q24
idea_evaluation,150_Q24,150 - Below is an idea that was generated either by a human or by AI. Idea #[CurrentLoopNumber] out of [TotalLoops]: [Fi,pooled,pooled into loopmean:Q24
idea_evaluation,151_Q24,151 - Below is an idea that was generated either by a human or by AI. Idea #[CurrentLoopNumber] out of [TotalLoops]: [Fi,pooled,pooled into loopmean:Q24
idea_evaluation,152_Q24,152 - Below is an idea that was generated either by a human or by AI. Idea #[CurrentLoopNumber] out of [TotalLoops]: [Fi,pooled,pooled into loopmean:Q24
idea_evaluation,153_Q24,153 - Below is an idea that was generated either by a human or by AI. Idea #[CurrentLoopNumber] out of [TotalLoops]: [Fi,pooled,pooled into loopmean:Q24
idea_evaluation,154_Q24,154 - Below is an idea that was generated either by a human or by AI. Idea #[CurrentLoopNumber] out of [TotalLoops]: [Fi,pooled,pooled into loopmean:Q24
idea_evaluation,155_Q24,155 - Below is an idea that was generated either by a human or by AI. Idea #[CurrentLoopNumber] out of [TotalLoops]: [Fi,pooled,pooled into loopmean:Q24
idea_evaluation,156_Q24,156 - Below is an idea that was generated either by a human or by AI. Idea #[CurrentLoopNumber] out of [TotalLoops]: [Fi,pooled,pooled into loopmean:Q24
idea_evaluation,157_Q24,157 - Below is an idea that was generated either by a human or by AI. Idea #[CurrentLoopNumber] out of [TotalLoops]: [Fi,pooled,pooled into loopmean:Q24
idea_evaluation,158_Q24,158 - Below is an idea that was generated either by a human or by AI. Idea #[CurrentLoopNumber] out of [TotalLoops]: [Fi,pooled,pooled into loopmean:Q24
idea_evaluation,159_Q24,159 - Below is an idea that was generated either by a human or by AI. Idea #[CurrentLoopNumber] out of [TotalLoops]: [Fi,pooled,pooled into loopmean:Q24
idea_evaluation,160_Q24,160 - Below is an idea that was generated either by a human or by AI. Idea #[CurrentLoopNumber] out of [TotalLoops]: [Fi,pooled,pooled into loopmean:Q24
idea_evaluation,161_Q24,161 - Below is an idea that was generated either by a human or by AI. Idea #[CurrentLoopNumber] out of [TotalLoops]: [Fi,pooled,pooled into loopmean:Q24
idea_evaluation,162_Q24,162 - Below is an idea that was generated either by a human or by AI. Idea #[CurrentLoopNumber] out of [TotalLoops]: [Fi,pooled,pooled into loopmean:Q24
idea_evaluation,163_Q24,163 - Below is an idea that was generated either by a human or by AI. Idea #[CurrentLoopNumber] out of [TotalLoops]: [Fi,pooled,pooled into loopmean:Q24
idea_evaluation,164_Q24,164 - Below is an idea that was generated either by a human or by AI. Idea #[CurrentLoopNumber] out of [TotalLoops]: [Fi,pooled,pooled into loopmean:Q24
idea_evaluation,165_Q24,165 - Below is an idea that was generated either by a human or by AI. Idea #[CurrentLoopNumber] out of [TotalLoops]: [Fi,pooled,pooled into loopmean:Q24
idea_evaluation,166_Q24,166 - Below is an idea that was generated either by a human or by AI. Idea #[CurrentLoopNumber] out of [TotalLoops]: [Fi,pooled,pooled into loopmean:Q24
idea_evaluation,167_Q24,167 - Below is an idea that was generated either by a human or by AI. Idea #[CurrentLoopNumber] out of [TotalLoops]: [Fi,pooled,pooled into loopmean:Q24
idea_evaluation,168_Q24,168 - Below is an idea that was generated either by a human or by AI. Idea #[CurrentLoopNumber] out of [TotalLoops]: [Fi,pooled,pooled into loopmean:Q24
idea_evaluation,169_Q24,169 - Below is an idea that was generated either by a human or by AI. Idea #[CurrentLoopNumber] out of [TotalLoops]: [Fi,pooled,pooled into loopmean:Q24
idea_evaluation,170_Q24,170 - Below is an idea that was generated either by a human or by AI. Idea #[CurrentLoopNumber] out of [TotalLoops]: [Fi,pooled,pooled into loopmean:Q24
idea_evaluation,171_Q24,171 - Below is an idea that was generated either by a human or by AI. Idea #[CurrentLoopNumber] out of [TotalLoops]: [Fi,pooled,pooled into loopmean:Q24
idea_evaluation,172_Q24,172 - Below is an idea that was generated either by a human or by AI. Idea #[CurrentLoopNumber] out of [TotalLoops]: [Fi,pooled,pooled into loopmean:Q24
idea_evaluation,173_Q24,173 - Below is an idea that was generated either by a human or by AI. Idea #[CurrentLoopNumber] out of [TotalLoops]: [Fi,pooled,pooled into loopmean:Q24
idea_evaluation,174_Q24,174 - Below is an idea that was generated either by a human or by AI. Idea #[CurrentLoopNumber] out of [TotalLoops]: [Fi,pooled,pooled into loopmean:Q24
idea_evaluation,175_Q24,175 - Below is an idea that was generated either by a human or by AI. Idea #[CurrentLoopNumber] out of [TotalLoops]: [Fi,pooled,pooled into loopmean:Q24
idea_evaluation,176_Q24,176 - Below is an idea that was generated either by a human or by AI. Idea #[CurrentLoopNumber] out of [TotalLoops]: [Fi,pooled,pooled into loopmean:Q24
idea_evaluation,177_Q24,177 - Below is an idea that was generated either by a human or by AI. Idea #[CurrentLoopNumber] out of [TotalLoops]: [Fi,pooled,pooled into loopmean:Q24
idea_evaluation,178_Q24,178 - Below is an idea that was generated either by a human or by AI. Idea #[CurrentLoopNumber] out of [TotalLoops]: [Fi,pooled,pooled into loopmean:Q24
idea_evaluation,179_Q24,179 - Below is an idea that was generated either by a human or by AI. Idea #[CurrentLoopNumber] out of [TotalLoops]: [Fi,pooled,pooled into loopmean:Q24
idea_evaluation,180_Q24,180 - Below is an idea that was generated either by a human or by AI. Idea #[CurrentLoopNumber] out of [TotalLoops]: [Fi,pooled,pooled into loopmean:Q24
idea_evaluation,181_Q24,181 - Below is an idea that was generated either by a human or by AI. Idea #[CurrentLoopNumber] out of [TotalLoops]: [Fi,pooled,pooled into loopmean:Q24
idea_evaluation,182_Q24,182 - Below is an idea that was generated either by a human or by AI. Idea #[CurrentLoopNumber] out of [TotalLoops]: [Fi,pooled,pooled into loopmean:Q24
idea_evaluation,183_Q24,183 - Below is an idea that was generated either by a human or by AI. Idea #[CurrentLoopNumber] out of [TotalLoops]: [Fi,pooled,pooled into loopmean:Q24
idea_evaluation,184_Q24,184 - Below is an idea that was generated either by a human or by AI. Idea #[CurrentLoopNumber] out of [TotalLoops]: [Fi,pooled,pooled into loopmean:Q24
idea_evaluation,185_Q24,185 - Below is an idea that was generated either by a human or by AI. Idea #[CurrentLoopNumber] out of [TotalLoops]: [Fi,pooled,pooled into loopmean:Q24
idea_evaluation,186_Q24,186 - Below is an idea that was generated either by a human or by AI. Idea #[CurrentLoopNumber] out of [TotalLoops]: [Fi,pooled,pooled into loopmean:Q24
idea_evaluation,187_Q24,187 - Below is an idea that was generated either by a human or by AI. Idea #[CurrentLoopNumber] out of [TotalLoops]: [Fi,pooled,pooled into loopmean:Q24
idea_evaluation,188_Q24,188 - Below is an idea that was generated either by a human or by AI. Idea #[CurrentLoopNumber] out of [TotalLoops]: [Fi,pooled,pooled into loopmean:Q24
idea_evaluation,189_Q24,189 - Below is an idea that was generated either by a human or by AI. Idea #[CurrentLoopNumber] out of [TotalLoops]: [Fi,pooled,pooled into loopmean:Q24
idea_evaluation,190_Q24,190 - Below is an idea that was generated either by a human or by AI. Idea #[CurrentLoopNumber] out of [TotalLoops]: [Fi,pooled,pooled into loopmean:Q24
idea_evaluation,191_Q24,191 - Below is an idea that was generated either by a human or by AI. Idea #[CurrentLoopNumber] out of [TotalLoops]: [Fi,pooled,pooled into loopmean:Q24
idea_evaluation,192_Q24,192 - Below is an idea that was generated either by a human or by AI. Idea #[CurrentLoopNumber] out of [TotalLoops]: [Fi,pooled,pooled into loopmean:Q24
idea_evaluation,193_Q24,193 - Below is an idea that was generated either by a human or by AI. Idea #[CurrentLoopNumber] out of [TotalLoops]: [Fi,pooled,pooled into loopmean:Q24
idea_evaluation,194_Q24,194 - Below is an idea that was generated either by a human or by AI. Idea #[CurrentLoopNumber] out of [TotalLoops]: [Fi,pooled,pooled into loopmean:Q24
idea_evaluation,195_Q24,195 - Below is an idea that was generated either by a human or by AI. Idea #[CurrentLoopNumber] out of [TotalLoops]: [Fi,pooled,pooled into loopmean:Q24
idea_evaluation,196_Q24,196 - Below is an idea that was generated either by a human or by AI. Idea #[CurrentLoopNumber] out of [TotalLoops]: [Fi,pooled,pooled into loopmean:Q24
idea_evaluation,197_Q24,197 - Below is an idea that was generated either by a human or by AI. Idea #[CurrentLoopNumber] out of [TotalLoops]: [Fi,pooled,pooled into loopmean:Q24
idea_evaluation,198_Q24,198 - Below is an idea that was generated either by a human or by AI. Idea #[CurrentLoopNumber] out of [TotalLoops]: [Fi,pooled,pooled into loopmean:Q24
idea_evaluation,199_Q24,199 - Below is an idea that was generated either by a human or by AI. Idea #[CurrentLoopNumber] out of [TotalLoops]: [Fi,pooled,pooled into loopmean:Q24
idea_evaluation,200_Q24,200 - Below is an idea that was generated either by a human or by AI. Idea #[CurrentLoopNumber] out of [TotalLoops]: [Fi,pooled,pooled into loopmean:Q24
idea_evaluation,1_Q14,1 - Below is an idea that was generated by a human. Idea #[CurrentLoopNumber] out of [TotalLoops]: [Field-3] How creativ,pooled,pooled into loopmean:Q14
idea_evaluation,2_Q14,2 - Below is an idea that was generated by a human. Idea #[CurrentLoopNumber] out of [TotalLoops]: [Field-3] How creativ,pooled,pooled into loopmean:Q14
idea_evaluation,3_Q14,3 - Below is an idea that was generated by a human. Idea #[CurrentLoopNumber] out of [TotalLoops]: [Field-3] How creativ,pooled,pooled into loopmean:Q14
idea_evaluation,4_Q14,4 - Below is an idea that was generated by a human. Idea #[CurrentLoopNumber] out of [TotalLoops]: [Field-3] How creativ,pooled,pooled into loopmean:Q14
idea_evaluation,5_Q14,5 - Below is an idea that was generated by a human. Idea #[CurrentLoopNumber] out of [TotalLoops]: [Field-3] How creativ,pooled,pooled into loopmean:Q14
idea_evaluation,6_Q14,6 - Below is an idea that was generated by a human. Idea #[CurrentLoopNumber] out of [TotalLoops]: [Field-3] How creativ,pooled,pooled into loopmean:Q14
idea_evaluation,7_Q14,7 - Below is an idea that was generated by a human. Idea #[CurrentLoopNumber] out of [TotalLoops]: [Field-3] How creativ,pooled,pooled into loopmean:Q14
idea_evaluation,8_Q14,8 - Below is an idea that was generated by a human. Idea #[CurrentLoopNumber] out of [TotalLoops]: [Field-3] How creativ,pooled,pooled into loopmean:Q14
idea_evaluation,9_Q14,9 - Below is an idea that was generated by a human. Idea #[CurrentLoopNumber] out of [TotalLoops]: [Field-3] How creativ,pooled,pooled into loopmean:Q14
idea_evaluation,10_Q14,10 - Below is an idea that was generated by a human. Idea #[CurrentLoopNumber] out of [TotalLoops]: [Field-3] How creati,pooled,pooled into loopmean:Q14
idea_evaluation,11_Q14,11 - Below is an idea that was generated by a human. Idea #[CurrentLoopNumber] out of [TotalLoops]: [Field-3] How creati,pooled,pooled into loopmean:Q14
idea_evaluation,12_Q14,12 - Below is an idea that was generated by a human. Idea #[CurrentLoopNumber] out of [TotalLoops]: [Field-3] How creati,pooled,pooled into loopmean:Q14
idea_evaluation,13_Q14,13 - Below is an idea that was generated by a human. Idea #[CurrentLoopNumber] out of [TotalLoops]: [Field-3] How creati,pooled,pooled into loopmean:Q14
idea_evaluation,14_Q14,14 - Below is an idea that was generated by a human. Idea #[CurrentLoopNumber] out of [TotalLoops]: [Field-3] How creati,pooled,pooled into loopmean:Q14
idea_evaluation,15_Q14,15 - Below is an idea that was generated by a human. Idea #[CurrentLoopNumber] out of [TotalLoops]: [Field-3] How creati,pooled,pooled into loopmean:Q14
idea_evaluation,16_Q14,16 - Below is an idea that was generated by a human. Idea #[CurrentLoopNumber] out of [TotalLoops]: [Field-3] How creati,pooled,pooled into loopmean:Q14
idea_evaluation,17_Q14,17 - Below is an idea that was generated by a human. Idea #[CurrentLoopNumber] out of [TotalLoops]: [Field-3] How creati,pooled,pooled into loopmean:Q14
idea_evaluation,18_Q14,18 - Below is an idea that was generated by a human. Idea #[CurrentLoopNumber] out of [TotalLoops]: [Field-3] How creati,pooled,pooled into loopmean:Q14
idea_evaluation,19_Q14,19 - Below is an idea that was generated by a human. Idea #[CurrentLoopNumber] out of [TotalLoops]: [Field-3] How creati,pooled,pooled into loopmean:Q14
idea_evaluation,20_Q14,20 - Below is an idea that was generated by a human. Idea #[CurrentLoopNumber] out of [TotalLoops]: [Field-3] How creati,pooled,pooled into loopmean:Q14
idea_evaluation,21_Q14,21 - Below is an idea that was generated by a human. Idea #[CurrentLoopNumber] out of [TotalLoops]: [Field-3] How creati,pooled,pooled into loopmean:Q14
idea_evaluation,22_Q14,22 - Below is an idea that was generated by a human. Idea #[CurrentLoopNumber] out of [TotalLoops]: [Field-3] How creati,pooled,pooled into loopmean:Q14
idea_evaluation,23_Q14,23 - Below is an idea that was generated by a human. Idea #[CurrentLoopNumber] out of [TotalLoops]: [Field-3] How creati,pooled,pooled into loopmean:Q14
idea_evaluation,24_Q14,24 - Below is an idea that was generated by a human. Idea #[CurrentLoopNumber] out of [TotalLoops]: [Field-3] How creati,pooled,pooled into loopmean:Q14
idea_evaluation,25_Q14,25 - Below is an idea that was generated by a human. Idea #[CurrentLoopNumber] out of [TotalLoops]: [Field-3] How creati,pooled,pooled into loopmean:Q14
idea_evaluation,26_Q14,26 - Below is an idea that was generated by a human. Idea #[CurrentLoopNumber] out of [TotalLoops]: [Field-3] How creati,pooled,pooled into loopmean:Q14
idea_evaluation,27_Q14,27 - Below is an idea that was generated by a human. Idea #[CurrentLoopNumber] out of [TotalLoops]: [Field-3] How creati,pooled,pooled into loopmean:Q14
idea_evaluation,28_Q14,28 - Below is an idea that was generated by a human. Idea #[CurrentLoopNumber] out of [TotalLoops]: [Field-3] How creati,pooled,pooled into loopmean:Q14
idea_evaluation,29_Q14,29 - Below is an idea that was generated by a human. Idea #[CurrentLoopNumber] out of [TotalLoops]: [Field-3] How creati,pooled,pooled into loopmean:Q14
idea_evaluation,30_Q14,30 - Below is an idea that was generated by a human. Idea #[CurrentLoopNumber] out of [TotalLoops]: [Field-3] How creati,pooled,pooled into loopmean:Q14
idea_evaluation,31_Q14,31 - Below is an idea that was generated by a human. Idea #[CurrentLoopNumber] out of [TotalLoops]: [Field-3] How creati,pooled,pooled into loopmean:Q14
idea_evaluation,32_Q14,32 - Below is an idea that was generated by a human. Idea #[CurrentLoopNumber] out of [TotalLoops]: [Field-3] How creati,pooled,pooled into loopmean:Q14
idea_evaluation,33_Q14,33 - Below is an idea that was generated by a human. Idea #[CurrentLoopNumber] out of [TotalLoops]: [Field-3] How creati,pooled,pooled into loopmean:Q14
idea_evaluation,34_Q14,34 - Below is an idea that was generated by a human. Idea #[CurrentLoopNumber] out of [TotalLoops]: [Field-3] How creati,pooled,pooled into loopmean:Q14
idea_evaluation,35_Q14,35 - Below is an idea that was generated by a human. Idea #[CurrentLoopNumber] out of [TotalLoops]: [Field-3] How creati,pooled,pooled into loopmean:Q14
idea_evaluation,36_Q14,36 - Below is an idea that was generated by a human. Idea #[CurrentLoopNumber] out of [TotalLoops]: [Field-3] How creati,pooled,pooled into loopmean:Q14
idea_evaluation,37_Q14,37 - Below is an idea that was generated by a human. Idea #[CurrentLoopNumber] out of [TotalLoops]: [Field-3] How creati,pooled,pooled into loopmean:Q14
idea_evaluation,38_Q14,38 - Below is an idea that was generated by a human. Idea #[CurrentLoopNumber] out of [TotalLoops]: [Field-3] How creati,pooled,pooled into loopmean:Q14
idea_evaluation,39_Q14,39 - Below is an idea that was generated by a human. Idea #[CurrentLoopNumber] out of [TotalLoops]: [Field-3] How creati,pooled,pooled into loopmean:Q14
idea_evaluation,40_Q14,40 - Below is an idea that was generated by a human. Idea #[CurrentLoopNumber] out of [TotalLoops]: [Field-3] How creati,pooled,pooled into loopmean:Q14
idea_evaluation,41_Q14,41 - Below is an idea that was generated by a human. Idea #[CurrentLoopNumber] out of [TotalLoops]: [Field-3] How creati,pooled,pooled into loopmean:Q14
idea_evaluation,42_Q14,42 - Below is an idea that was generated by a human. Idea #[CurrentLoopNumber] out of [TotalLoops]: [Field-3] How creati,pooled,pooled into loopmean:Q14
idea_evaluation,43_Q14,43 - Below is an idea that was generated by a human. Idea #[CurrentLoopNumber] out of [TotalLoops]: [Field-3] How creati,pooled,pooled into loopmean:Q14
idea_evaluation,44_Q14,44 - Below is an idea that was generated by a human. Idea #[CurrentLoopNumber] out of [TotalLoops]: [Field-3] How creati,pooled,pooled into loopmean:Q14
idea_evaluation,45_Q14,45 - Below is an idea that was generated by a human. Idea #[CurrentLoopNumber] out of [TotalLoops]: [Field-3] How creati,pooled,pooled into loopmean:Q14
idea_evaluation,46_Q14,46 - Below is an idea that was generated by a human. Idea #[CurrentLoopNumber] out of [TotalLoops]: [Field-3] How creati,pooled,pooled into loopmean:Q14
idea_evaluation,47_Q14,47 - Below is an idea that was generated by a human. Idea #[CurrentLoopNumber] out of [TotalLoops]: [Field-3] How creati,pooled,pooled into loopmean:Q14
idea_evaluation,48_Q14,48 - Below is an idea that was generated by a human. Idea #[CurrentLoopNumber] out of [TotalLoops]: [Field-3] How creati,pooled,pooled into loopmean:Q14
idea_evaluation,49_Q14,49 - Below is an idea that was generated by a human. Idea #[CurrentLoopNumber] out of [TotalLoops]: [Field-3] How creati,pooled,pooled into loopmean:Q14
idea_evaluation,50_Q14,50 - Below is an idea that was generated by a human. Idea #[CurrentLoopNumber] out of [TotalLoops]: [Field-3] How creati,pooled,pooled into loopmean:Q14
idea_evaluation,51_Q14,51 - Below is an idea that was generated by a human. Idea #[CurrentLoopNumber] out of [TotalLoops]: [Field-3] How creati,pooled,pooled into loopmean:Q14
idea_evaluation,52_Q14,52 - Below is an idea that was generated by a human. Idea #[CurrentLoopNumber] out of [TotalLoops]: [Field-3] How creati,pooled,pooled into loopmean:Q14
idea_evaluation,53_Q14,53 - Below is an idea that was generated by a human. Idea #[CurrentLoopNumber] out of [TotalLoops]: [Field-3] How creati,pooled,pooled into loopmean:Q14
idea_evaluation,54_Q14,54 - Below is an idea that was generated by a human. Idea #[CurrentLoopNumber] out of [TotalLoops]: [Field-3] How creati,pooled,pooled into loopmean:Q14
idea_evaluation,55_Q14,55 - Below is an idea that was generated by a human. Idea #[CurrentLoopNumber] out of [TotalLoops]: [Field-3] How creati,pooled,pooled into loopmean:Q14
idea_evaluation,56_Q14,56 - Below is an idea that was generated by a human. Idea #[CurrentLoopNumber] out of [TotalLoops]: [Field-3] How creati,pooled,pooled into loopmean:Q14
idea_evaluation,57_Q14,57 - Below is an idea that was generated by a human. Idea #[CurrentLoopNumber] out of [TotalLoops]: [Field-3] How creati,pooled,pooled into loopmean:Q14
idea_evaluation,58_Q14,58 - Below is an idea that was generated by a human. Idea #[CurrentLoopNumber] out of [TotalLoops]: [Field-3] How creati,pooled,pooled into loopmean:Q14
idea_evaluation,59_Q14,59 - Below is an idea that was generated by a human. Idea #[CurrentLoopNumber] out of [TotalLoops]: [Field-3] How creati,pooled,pooled into loopmean:Q14
idea_evaluation,60_Q14,60 - Below is an idea that was generated by a human. Idea #[CurrentLoopNumber] out of [TotalLoops]: [Field-3] How creati,pooled,pooled into loopmean:Q14
idea_evaluation,61_Q14,61 - Below is an idea that was generated by a human. Idea #[CurrentLoopNumber] out of [TotalLoops]: [Field-3] How creati,pooled,pooled into loopmean:Q14
idea_evaluation,62_Q14,62 - Below is an idea that was generated by a human. Idea #[CurrentLoopNumber] out of [TotalLoops]: [Field-3] How creati,pooled,pooled into loopmean:Q14
idea_evaluation,63_Q14,63 - Below is an idea that was generated by a human. Idea #[CurrentLoopNumber] out of [TotalLoops]: [Field-3] How creati,pooled,pooled into loopmean:Q14
idea_evaluation,64_Q14,64 - Below is an idea that was generated by a human. Idea #[CurrentLoopNumber] out of [TotalLoops]: [Field-3] How creati,pooled,pooled into loopmean:Q14
idea_evaluation,65_Q14,65 - Below is an idea that was generated by a human. Idea #[CurrentLoopNumber] out of [TotalLoops]: [Field-3] How creati,pooled,pooled into loopmean:Q14
idea_evaluation,66_Q14,66 - Below is an idea that was generated by a human. Idea #[CurrentLoopNumber] out of [TotalLoops]: [Field-3] How creati,pooled,pooled into loopmean:Q14
idea_evaluation,67_Q14,67 - Below is an idea that was generated by a human. Idea #[CurrentLoopNumber] out of [TotalLoops]: [Field-3] How creati,pooled,pooled into loopmean:Q14
idea_evaluation,68_Q14,68 - Below is an idea that was generated by a human. Idea #[CurrentLoopNumber] out of [TotalLoops]: [Field-3] How creati,pooled,pooled into loopmean:Q14
idea_evaluation,69_Q14,69 - Below is an idea that was generated by a human. Idea #[CurrentLoopNumber] out of [TotalLoops]: [Field-3] How creati,pooled,pooled into loopmean:Q14
idea_evaluation,70_Q14,70 - Below is an idea that was generated by a human. Idea #[CurrentLoopNumber] out of [TotalLoops]: [Field-3] How creati,pooled,pooled into loopmean:Q14
idea_evaluation,71_Q14,71 - Below is an idea that was generated by a human. Idea #[CurrentLoopNumber] out of [TotalLoops]: [Field-3] How creati,pooled,pooled into loopmean:Q14
idea_evaluation,72_Q14,72 - Below is an idea that was generated by a human. Idea #[CurrentLoopNumber] out of [TotalLoops]: [Field-3] How creati,pooled,pooled into loopmean:Q14
idea_evaluation,73_Q14,73 - Below is an idea that was generated by a human. Idea #[CurrentLoopNumber] out of [TotalLoops]: [Field-3] How creati,pooled,pooled into loopmean:Q14
idea_evaluation,74_Q14,74 - Below is an idea that was generated by a human. Idea #[CurrentLoopNumber] out of [TotalLoops]: [Field-3] How creati,pooled,pooled into loopmean:Q14
idea_evaluation,75_Q14,75 - Below is an idea that was generated by a human. Idea #[CurrentLoopNumber] out of [TotalLoops]: [Field-3] How creati,pooled,pooled into loopmean:Q14
idea_evaluation,76_Q14,76 - Below is an idea that was generated by a human. Idea #[CurrentLoopNumber] out of [TotalLoops]: [Field-3] How creati,pooled,pooled into loopmean:Q14
idea_evaluation,77_Q14,77 - Below is an idea that was generated by a human. Idea #[CurrentLoopNumber] out of [TotalLoops]: [Field-3] How creati,pooled,pooled into loopmean:Q14
idea_evaluation,78_Q14,78 - Below is an idea that was generated by a human. Idea #[CurrentLoopNumber] out of [TotalLoops]: [Field-3] How creati,pooled,pooled into loopmean:Q14
idea_evaluation,79_Q14,79 - Below is an idea that was generated by a human. Idea #[CurrentLoopNumber] out of [TotalLoops]: [Field-3] How creati,pooled,pooled into loopmean:Q14
idea_evaluation,80_Q14,80 - Below is an idea that was generated by a human. Idea #[CurrentLoopNumber] out of [TotalLoops]: [Field-3] How creati,pooled,pooled into loopmean:Q14
idea_evaluation,81_Q14,81 - Below is an idea that was generated by a human. Idea #[CurrentLoopNumber] out of [TotalLoops]: [Field-3] How creati,pooled,pooled into loopmean:Q14
idea_evaluation,82_Q14,82 - Below is an idea that was generated by a human. Idea #[CurrentLoopNumber] out of [TotalLoops]: [Field-3] How creati,pooled,pooled into loopmean:Q14
idea_evaluation,83_Q14,83 - Below is an idea that was generated by a human. Idea #[CurrentLoopNumber] out of [TotalLoops]: [Field-3] How creati,pooled,pooled into loopmean:Q14
idea_evaluation,84_Q14,84 - Below is an idea that was generated by a human. Idea #[CurrentLoopNumber] out of [TotalLoops]: [Field-3] How creati,pooled,pooled into loopmean:Q14
idea_evaluation,85_Q14,85 - Below is an idea that was generated by a human. Idea #[CurrentLoopNumber] out of [TotalLoops]: [Field-3] How creati,pooled,pooled into loopmean:Q14
idea_evaluation,86_Q14,86 - Below is an idea that was generated by a human. Idea #[CurrentLoopNumber] out of [TotalLoops]: [Field-3] How creati,pooled,pooled into loopmean:Q14
idea_evaluation,87_Q14,87 - Below is an idea that was generated by a human. Idea #[CurrentLoopNumber] out of [TotalLoops]: [Field-3] How creati,pooled,pooled into loopmean:Q14
idea_evaluation,88_Q14,88 - Below is an idea that was generated by a human. Idea #[CurrentLoopNumber] out of [TotalLoops]: [Field-3] How creati,pooled,pooled into loopmean:Q14
idea_evaluation,89_Q14,89 - Below is an idea that was generated by a human. Idea #[CurrentLoopNumber] out of [TotalLoops]: [Field-3] How creati,pooled,pooled into loopmean:Q14
idea_evaluation,90_Q14,90 - Below is an idea that was generated by a human. Idea #[CurrentLoopNumber] out of [TotalLoops]: [Field-3] How creati,pooled,pooled into loopmean:Q14
idea_evaluation,91_Q14,91 - Below is an idea that was generated by a human. Idea #[CurrentLoopNumber] out of [TotalLoops]: [Field-3] How creati,pooled,pooled into loopmean:Q14
idea_evaluation,92_Q14,92 - Below is an idea that was generated by a human. Idea #[CurrentLoopNumber] out of [TotalLoops]: [Field-3] How creati,pooled,pooled into loopmean:Q14
idea_evaluation,93_Q14,93 - Below is an idea that was generated by a human. Idea #[CurrentLoopNumber] out of [TotalLoops]: [Field-3] How creati,pooled,pooled into loopmean:Q14
idea_evaluation,94_Q14,94 - Below is an idea that was generated by a human. Idea #[CurrentLoopNumber] out of [TotalLoops]: [Field-3] How creati,pooled,pooled into loopmean:Q14
idea_evaluation,95_Q14,95 - Below is an idea that was generated by a human. Idea #[CurrentLoopNumber] out of [TotalLoops]: [Field-3] How creati,pooled,pooled into loopmean:Q14
idea_evaluation,96_Q14,96 - Below is an idea that was generated by a human. Idea #[CurrentLoopNumber] out of [TotalLoops]: [Field-3] How creati,pooled,pooled into loopmean:Q14
idea_evaluation,97_Q14,97 - Below is an idea that was generated by a human. Idea #[CurrentLoopNumber] out of [TotalLoops]: [Field-3] How creati,pooled,pooled into loopmean:Q14
idea_evaluation,98_Q14,98 - Below is an idea that was generated by a human. Idea #[CurrentLoopNumber] out of [TotalLoops]: [Field-3] How creati,pooled,pooled into loopmean:Q14
idea_evaluation,99_Q14,99 - Below is an idea that was generated by a human. Idea #[CurrentLoopNumber] out of [TotalLoops]: [Field-3] How creati,pooled,pooled into loopmean:Q14
idea_evaluation,100_Q14,100 - Below is an idea that was generated by a human. Idea #[CurrentLoopNumber] out of [TotalLoops]: [Field-3] How creat,pooled,pooled into loopmean:Q14
idea_evaluation,101_Q14,101 - Below is an idea that was generated by a human. Idea #[CurrentLoopNumber] out of [TotalLoops]: [Field-3] How creat,pooled,pooled into loopmean:Q14
idea_evaluation,102_Q14,102 - Below is an idea that was generated by a human. Idea #[CurrentLoopNumber] out of [TotalLoops]: [Field-3] How creat,pooled,pooled into loopmean:Q14
idea_evaluation,103_Q14,103 - Below is an idea that was generated by a human. Idea #[CurrentLoopNumber] out of [TotalLoops]: [Field-3] How creat,pooled,pooled into loopmean:Q14
idea_evaluation,104_Q14,104 - Below is an idea that was generated by a human. Idea #[CurrentLoopNumber] out of [TotalLoops]: [Field-3] How creat,pooled,pooled into loopmean:Q14
idea_evaluation,105_Q14,105 - Below is an idea that was generated by a human. Idea #[CurrentLoopNumber] out of [TotalLoops]: [Field-3] How creat,pooled,pooled into loopmean:Q14
idea_evaluation,106_Q14,106 - Below is an idea that was generated by a human. Idea #[CurrentLoopNumber] out of [TotalLoops]: [Field-3] How creat,pooled,pooled into loopmean:Q14
idea_evaluation,107_Q14,107 - Below is an idea that was generated by a human. Idea #[CurrentLoopNumber] out of [TotalLoops]: [Field-3] How creat,pooled,pooled into loopmean:Q14
idea_evaluation,108_Q14,108 - Below is an idea that was generated by a human. Idea #[CurrentLoopNumber] out of [TotalLoops]: [Field-3] How creat,pooled,pooled into loopmean:Q14
idea_evaluation,109_Q14,109 - Below is an idea that was generated by a human. Idea #[CurrentLoopNumber] out of [TotalLoops]: [Field-3] How creat,pooled,pooled into loopmean:Q14
idea_evaluation,110_Q14,110 - Below is an idea that was generated by a human. Idea #[CurrentLoopNumber] out of [TotalLoops]: [Field-3] How creat,pooled,pooled into loopmean:Q14
idea_evaluation,111_Q14,111 - Below is an idea that was generated by a human. Idea #[CurrentLoopNumber] out of [TotalLoops]: [Field-3] How creat,pooled,pooled into loopmean:Q14
idea_evaluation,112_Q14,112 - Below is an idea that was generated by a human. Idea #[CurrentLoopNumber] out of [TotalLoops]: [Field-3] How creat,pooled,pooled into loopmean:Q14
idea_evaluation,113_Q14,113 - Below is an idea that was generated by a human. Idea #[CurrentLoopNumber] out of [TotalLoops]: [Field-3] How creat,pooled,pooled into loopmean:Q14
idea_evaluation,114_Q14,114 - Below is an idea that was generated by a human. Idea #[CurrentLoopNumber] out of [TotalLoops]: [Field-3] How creat,pooled,pooled into loopmean:Q14
idea_evaluation,115_Q14,115 - Below is an idea that was generated by a human. Idea #[CurrentLoopNumber] out of [TotalLoops]: [Field-3] How creat,pooled,pooled into loopmean:Q14
idea_evaluation,116_Q14,116 - Below is an idea that was generated by a human. Idea #[CurrentLoopNumber] out of [TotalLoops]: [Field-3] How creat,pooled,pooled into loopmean:Q14
idea_evaluation,117_Q14,117 - Below is an idea that was generated by a human. Idea #[CurrentLoopNumber] out of [TotalLoops]: [Field-3] How creat,pooled,pooled into loopmean:Q14
idea_evaluation,118_Q14,118 - Below is an idea that was generated by a human. Idea #[CurrentLoopNumber] out of [TotalLoops]: [Field-3] How creat,pooled,pooled into loopmean:Q14
idea_evaluation,119_Q14,119 - Below is an idea that was generated by a human. Idea #[CurrentLoopNumber] out of [TotalLoops]: [Field-3] How creat,pooled,pooled into loopmean:Q14
idea_evaluation,120_Q14,120 - Below is an idea that was generated by a human. Idea #[CurrentLoopNumber] out of [TotalLoops]: [Field-3] How creat,pooled,pooled into loopmean:Q14
idea_evaluation,121_Q14,121 - Below is an idea that was generated by a human. Idea #[CurrentLoopNumber] out of [TotalLoops]: [Field-3] How creat,pooled,pooled into loopmean:Q14
idea_evaluation,122_Q14,122 - Below is an idea that was generated by a human. Idea #[CurrentLoopNumber] out of [TotalLoops]: [Field-3] How creat,pooled,pooled into loopmean:Q14
idea_evaluation,123_Q14,123 - Below is an idea that was generated by a human. Idea #[CurrentLoopNumber] out of [TotalLoops]: [Field-3] How creat,pooled,pooled into loopmean:Q14
idea_evaluation,124_Q14,124 - Below is an idea that was generated by a human. Idea #[CurrentLoopNumber] out of [TotalLoops]: [Field-3] How creat,pooled,pooled into loopmean:Q14
idea_evaluation,125_Q14,125 - Below is an idea that was generated by a human. Idea #[CurrentLoopNumber] out of [TotalLoops]: [Field-3] How creat,pooled,pooled into loopmean:Q14
idea_evaluation,126_Q14,126 - Below is an idea that was generated by a human. Idea #[CurrentLoopNumber] out of [TotalLoops]: [Field-3] How creat,pooled,pooled into loopmean:Q14
idea_evaluation,127_Q14,127 - Below is an idea that was generated by a human. Idea #[CurrentLoopNumber] out of [TotalLoops]: [Field-3] How creat,pooled,pooled into loopmean:Q14
idea_evaluation,128_Q14,128 - Below is an idea that was generated by a human. Idea #[CurrentLoopNumber] out of [TotalLoops]: [Field-3] How creat,pooled,pooled into loopmean:Q14
idea_evaluation,129_Q14,129 - Below is an idea that was generated by a human. Idea #[CurrentLoopNumber] out of [TotalLoops]: [Field-3] How creat,pooled,pooled into loopmean:Q14
idea_evaluation,130_Q14,130 - Below is an idea that was generated by a human. Idea #[CurrentLoopNumber] out of [TotalLoops]: [Field-3] How creat,pooled,pooled into loopmean:Q14
idea_evaluation,131_Q14,131 - Below is an idea that was generated by a human. Idea #[CurrentLoopNumber] out of [TotalLoops]: [Field-3] How creat,pooled,pooled into loopmean:Q14
idea_evaluation,132_Q14,132 - Below is an idea that was generated by a human. Idea #[CurrentLoopNumber] out of [TotalLoops]: [Field-3] How creat,pooled,pooled into loopmean:Q14
idea_evaluation,133_Q14,133 - Below is an idea that was generated by a human. Idea #[CurrentLoopNumber] out of [TotalLoops]: [Field-3] How creat,pooled,pooled into loopmean:Q14
idea_evaluation,134_Q14,134 - Below is an idea that was generated by a human. Idea #[CurrentLoopNumber] out of [TotalLoops]: [Field-3] How creat,pooled,pooled into loopmean:Q14
idea_evaluation,135_Q14,135 - Below is an idea that was generated by a human. Idea #[CurrentLoopNumber] out of [TotalLoops]: [Field-3] How creat,pooled,pooled into loopmean:Q14
idea_evaluation,136_Q14,136 - Below is an idea that was generated by a human. Idea #[CurrentLoopNumber] out of [TotalLoops]: [Field-3] How creat,pooled,pooled into loopmean:Q14
idea_evaluation,137_Q14,137 - Below is an idea that was generated by a human. Idea #[CurrentLoopNumber] out of [TotalLoops]: [Field-3] How creat,pooled,pooled into loopmean:Q14
idea_evaluation,138_Q14,138 - Below is an idea that was generated by a human. Idea #[CurrentLoopNumber] out of [TotalLoops]: [Field-3] How creat,pooled,pooled into loopmean:Q14
idea_evaluation,139_Q14,139 - Below is an idea that was generated by a human. Idea #[CurrentLoopNumber] out of [TotalLoops]: [Field-3] How creat,pooled,pooled into loopmean:Q14
idea_evaluation,140_Q14,140 - Below is an idea that was generated by a human. Idea #[CurrentLoopNumber] out of [TotalLoops]: [Field-3] How creat,pooled,pooled into loopmean:Q14
idea_evaluation,141_Q14,141 - Below is an idea that was generated by a human. Idea #[CurrentLoopNumber] out of [TotalLoops]: [Field-3] How creat,pooled,pooled into loopmean:Q14
idea_evaluation,142_Q14,142 - Below is an idea that was generated by a human. Idea #[CurrentLoopNumber] out of [TotalLoops]: [Field-3] How creat,pooled,pooled into loopmean:Q14
idea_evaluation,143_Q14,143 - Below is an idea that was generated by a human. Idea #[CurrentLoopNumber] out of [TotalLoops]: [Field-3] How creat,pooled,pooled into loopmean:Q14
idea_evaluation,144_Q14,144 - Below is an idea that was generated by a human. Idea #[CurrentLoopNumber] out of [TotalLoops]: [Field-3] How creat,pooled,pooled into loopmean:Q14
idea_evaluation,145_Q14,145 - Below is an idea that was generated by a human. Idea #[CurrentLoopNumber] out of [TotalLoops]: [Field-3] How creat,pooled,pooled into loopmean:Q14
idea_evaluation,146_Q14,146 - Below is an idea that was generated by a human. Idea #[CurrentLoopNumber] out of [TotalLoops]: [Field-3] How creat,pooled,pooled into loopmean:Q14
idea_evaluation,147_Q14,147 - Below is an idea that was generated by a human. Idea #[CurrentLoopNumber] out of [TotalLoops]: [Field-3] How creat,pooled,pooled into loopmean:Q14
idea_evaluation,148_Q14,148 - Below is an idea that was generated by a human. Idea #[CurrentLoopNumber] out of [TotalLoops]: [Field-3] How creat,pooled,pooled into loopmean:Q14
idea_evaluation,149_Q14,149 - Below is an idea that was generated by a human. Idea #[CurrentLoopNumber] out of [TotalLoops]: [Field-3] How creat,pooled,pooled into loopmean:Q14
idea_evaluation,150_Q14,150 - Below is an idea that was generated by a human. Idea #[CurrentLoopNumber] out of [TotalLoops]: [Field-3] How creat,pooled,pooled into loopmean:Q14
idea_evaluation,151_Q14,151 - Below is an idea that was generated by a human. Idea #[CurrentLoopNumber] out of [TotalLoops]: [Field-3] How creat,pooled,pooled into loopmean:Q14
idea_evaluation,152_Q14,152 - Below is an idea that was generated by a human. Idea #[CurrentLoopNumber] out of [TotalLoops]: [Field-3] How creat,pooled,pooled into loopmean:Q14
idea_evaluation,153_Q14,153 - Below is an idea that was generated by a human. Idea #[CurrentLoopNumber] out of [TotalLoops]: [Field-3] How creat,pooled,pooled into loopmean:Q14
idea_evaluation,154_Q14,154 - Below is an idea that was generated by a human. Idea #[CurrentLoopNumber] out of [TotalLoops]: [Field-3] How creat,pooled,pooled into loopmean:Q14
idea_evaluation,155_Q14,155 - Below is an idea that was generated by a human. Idea #[CurrentLoopNumber] out of [TotalLoops]: [Field-3] How creat,pooled,pooled into loopmean:Q14
idea_evaluation,156_Q14,156 - Below is an idea that was generated by a human. Idea #[CurrentLoopNumber] out of [TotalLoops]: [Field-3] How creat,pooled,pooled into loopmean:Q14
idea_evaluation,157_Q14,157 - Below is an idea that was generated by a human. Idea #[CurrentLoopNumber] out of [TotalLoops]: [Field-3] How creat,pooled,pooled into loopmean:Q14
idea_evaluation,158_Q14,158 - Below is an idea that was generated by a human. Idea #[CurrentLoopNumber] out of [TotalLoops]: [Field-3] How creat,pooled,pooled into loopmean:Q14
idea_evaluation,159_Q14,159 - Below is an idea that was generated by a human. Idea #[CurrentLoopNumber] out of [TotalLoops]: [Field-3] How creat,pooled,pooled into loopmean:Q14
idea_evaluation,160_Q14,160 - Below is an idea that was generated by a human. Idea #[CurrentLoopNumber] out of [TotalLoops]: [Field-3] How creat,pooled,pooled into loopmean:Q14
idea_evaluation,161_Q14,161 - Below is an idea that was generated by a human. Idea #[CurrentLoopNumber] out of [TotalLoops]: [Field-3] How creat,pooled,pooled into loopmean:Q14
idea_evaluation,162_Q14,162 - Below is an idea that was generated by a human. Idea #[CurrentLoopNumber] out of [TotalLoops]: [Field-3] How creat,pooled,pooled into loopmean:Q14
idea_evaluation,163_Q14,163 - Below is an idea that was generated by a human. Idea #[CurrentLoopNumber] out of [TotalLoops]: [Field-3] How creat,pooled,pooled into loopmean:Q14
idea_evaluation,164_Q14,164 - Below is an idea that was generated by a human. Idea #[CurrentLoopNumber] out of [TotalLoops]: [Field-3] How creat,pooled,pooled into loopmean:Q14
idea_evaluation,165_Q14,165 - Below is an idea that was generated by a human. Idea #[CurrentLoopNumber] out of [TotalLoops]: [Field-3] How creat,pooled,pooled into loopmean:Q14
idea_evaluation,166_Q14,166 - Below is an idea that was generated by a human. Idea #[CurrentLoopNumber] out of [TotalLoops]: [Field-3] How creat,pooled,pooled into loopmean:Q14
idea_evaluation,167_Q14,167 - Below is an idea that was generated by a human. Idea #[CurrentLoopNumber] out of [TotalLoops]: [Field-3] How creat,pooled,pooled into loopmean:Q14
idea_evaluation,168_Q14,168 - Below is an idea that was generated by a human. Idea #[CurrentLoopNumber] out of [TotalLoops]: [Field-3] How creat,pooled,pooled into loopmean:Q14
idea_evaluation,169_Q14,169 - Below is an idea that was generated by a human. Idea #[CurrentLoopNumber] out of [TotalLoops]: [Field-3] How creat,pooled,pooled into loopmean:Q14
idea_evaluation,170_Q14,170 - Below is an idea that was generated by a human. Idea #[CurrentLoopNumber] out of [TotalLoops]: [Field-3] How creat,pooled,pooled into loopmean:Q14
idea_evaluation,171_Q14,171 - Below is an idea that was generated by a human. Idea #[CurrentLoopNumber] out of [TotalLoops]: [Field-3] How creat,pooled,pooled into loopmean:Q14
idea_evaluation,172_Q14,172 - Below is an idea that was generated by a human. Idea #[CurrentLoopNumber] out of [TotalLoops]: [Field-3] How creat,pooled,pooled into loopmean:Q14
idea_evaluation,173_Q14,173 - Below is an idea that was generated by a human. Idea #[CurrentLoopNumber] out of [TotalLoops]: [Field-3] How creat,pooled,pooled into loopmean:Q14
idea_evaluation,174_Q14,174 - Below is an idea that was generated by a human. Idea #[CurrentLoopNumber] out of [TotalLoops]: [Field-3] How creat,pooled,pooled into loopmean:Q14
idea_evaluation,175_Q14,175 - Below is an idea that was generated by a human. Idea #[CurrentLoopNumber] out of [TotalLoops]: [Field-3] How creat,pooled,pooled into loopmean:Q14
idea_evaluation,176_Q14,176 - Below is an idea that was generated by a human. Idea #[CurrentLoopNumber] out of [TotalLoops]: [Field-3] How creat,pooled,pooled into loopmean:Q14
idea_evaluation,177_Q14,177 - Below is an idea that was generated by a human. Idea #[CurrentLoopNumber] out of [TotalLoops]: [Field-3] How creat,pooled,pooled into loopmean:Q14
idea_evaluation,178_Q14,178 - Below is an idea that was generated by a human. Idea #[CurrentLoopNumber] out of [TotalLoops]: [Field-3] How creat,pooled,pooled into loopmean:Q14
idea_evaluation,179_Q14,179 - Below is an idea that was generated by a human. Idea #[CurrentLoopNumber] out of [TotalLoops]: [Field-3] How creat,pooled,pooled into loopmean:Q14
idea_evaluation,180_Q14,180 - Below is an idea that was generated by a human. Idea #[CurrentLoopNumber] out of [TotalLoops]: [Field-3] How creat,pooled,pooled into loopmean:Q14
idea_evaluation,181_Q14,181 - Below is an idea that was generated by a human. Idea #[CurrentLoopNumber] out of [TotalLoops]: [Field-3] How creat,pooled,pooled into loopmean:Q14
idea_evaluation,182_Q14,182 - Below is an idea that was generated by a human. Idea #[CurrentLoopNumber] out of [TotalLoops]: [Field-3] How creat,pooled,pooled into loopmean:Q14
idea_evaluation,183_Q14,183 - Below is an idea that was generated by a human. Idea #[CurrentLoopNumber] out of [TotalLoops]: [Field-3] How creat,pooled,pooled into loopmean:Q14
idea_evaluation,184_Q14,184 - Below is an idea that was generated by a human. Idea #[CurrentLoopNumber] out of [TotalLoops]: [Field-3] How creat,pooled,pooled into loopmean:Q14
idea_evaluation,185_Q14,185 - Below is an idea that was generated by a human. Idea #[CurrentLoopNumber] out of [TotalLoops]: [Field-3] How creat,pooled,pooled into loopmean:Q14
idea_evaluation,186_Q14,186 - Below is an idea that was generated by a human. Idea #[CurrentLoopNumber] out of [TotalLoops]: [Field-3] How creat,pooled,pooled into loopmean:Q14
idea_evaluation,187_Q14,187 - Below is an idea that was generated by a human. Idea #[CurrentLoopNumber] out of [TotalLoops]: [Field-3] How creat,pooled,pooled into loopmean:Q14
idea_evaluation,188_Q14,188 - Below is an idea that was generated by a human. Idea #[CurrentLoopNumber] out of [TotalLoops]: [Field-3] How creat,pooled,pooled into loopmean:Q14
idea_evaluation,189_Q14,189 - Below is an idea that was generated by a human. Idea #[CurrentLoopNumber] out of [TotalLoops]: [Field-3] How creat,pooled,pooled into loopmean:Q14
idea_evaluation,190_Q14,190 - Below is an idea that was generated by a human. Idea #[CurrentLoopNumber] out of [TotalLoops]: [Field-3] How creat,pooled,pooled into loopmean:Q14
idea_evaluation,191_Q14,191 - Below is an idea that was generated by a human. Idea #[CurrentLoopNumber] out of [TotalLoops]: [Field-3] How creat,pooled,pooled into loopmean:Q14
idea_evaluation,192_Q14,192 - Below is an idea that was generated by a human. Idea #[CurrentLoopNumber] out of [TotalLoops]: [Field-3] How creat,pooled,pooled into loopmean:Q14
idea_evaluation,193_Q14,193 - Below is an idea that was generated by a human. Idea #[CurrentLoopNumber] out of [TotalLoops]: [Field-3] How creat,pooled,pooled into loopmean:Q14
idea_evaluation,194_Q14,194 - Below is an idea that was generated by a human. Idea #[CurrentLoopNumber] out of [TotalLoops]: [Field-3] How creat,pooled,pooled into loopmean:Q14
idea_evaluation,195_Q14,195 - Below is an idea that was generated by a human. Idea #[CurrentLoopNumber] out of [TotalLoops]: [Field-3] How creat,pooled,pooled into loopmean:Q14
idea_evaluation,196_Q14,196 - Below is an idea that was generated by a human. Idea #[CurrentLoopNumber] out of [TotalLoops]: [Field-3] How creat,pooled,pooled into loopmean:Q14
idea_evaluation,197_Q14,197 - Below is an idea that was generated by a human. Idea #[CurrentLoopNumber] out of [TotalLoops]: [Field-3] How creat,pooled,pooled into loopmean:Q14
idea_evaluation,198_Q14,198 - Below is an idea that was generated by a human. Idea #[CurrentLoopNumber] out of [TotalLoops]: [Field-3] How creat,pooled,pooled into loopmean:Q14
idea_evaluation,199_Q14,199 - Below is an idea that was generated by a human. Idea #[CurrentLoopNumber] out of [TotalLoops]: [Field-3] How creat,pooled,pooled into loopmean:Q14
idea_evaluation,200_Q14,200 - Below is an idea that was generated by a human. Idea #[CurrentLoopNumber] out of [TotalLoops]: [Field-3] How creat,pooled,pooled into loopmean:Q14
idea_evaluation,1_Q25,1 - Below is an idea that was generated by AI. Idea #[CurrentLoopNumber] out of [TotalLoops]: [Field-3] How creative is ,pooled,pooled into loopmean:Q25
idea_evaluation,2_Q25,2 - Below is an idea that was generated by AI. Idea #[CurrentLoopNumber] out of [TotalLoops]: [Field-3] How creative is ,pooled,pooled into loopmean:Q25
idea_evaluation,3_Q25,3 - Below is an idea that was generated by AI. Idea #[CurrentLoopNumber] out of [TotalLoops]: [Field-3] How creative is ,pooled,pooled into loopmean:Q25
idea_evaluation,4_Q25,4 - Below is an idea that was generated by AI. Idea #[CurrentLoopNumber] out of [TotalLoops]: [Field-3] How creative is ,pooled,pooled into loopmean:Q25
idea_evaluation,5_Q25,5 - Below is an idea that was generated by AI. Idea #[CurrentLoopNumber] out of [TotalLoops]: [Field-3] How creative is ,pooled,pooled into loopmean:Q25
idea_evaluation,6_Q25,6 - Below is an idea that was generated by AI. Idea #[CurrentLoopNumber] out of [TotalLoops]: [Field-3] How creative is ,pooled,pooled into loopmean:Q25
idea_evaluation,7_Q25,7 - Below is an idea that was generated by AI. Idea #[CurrentLoopNumber] out of [TotalLoops]: [Field-3] How creative is ,pooled,pooled into loopmean:Q25
idea_evaluation,8_Q25,8 - Below is an idea that was generated by AI. Idea #[CurrentLoopNumber] out of [TotalLoops]: [Field-3] How creative is ,pooled,pooled into loopmean:Q25
idea_evaluation,9_Q25,9 - Below is an idea that was generated by AI. Idea #[CurrentLoopNumber] out of [TotalLoops]: [Field-3] How creative is ,pooled,pooled into loopmean:Q25
idea_evaluation,10_Q25,10 - Below is an idea that was generated by AI. Idea #[CurrentLoopNumber] out of [TotalLoops]: [Field-3] How creative is,pooled,pooled into loopmean:Q25
idea_evaluation,11_Q25,11 - Below is an idea that was generated by AI. Idea #[CurrentLoopNumber] out of [TotalLoops]: [Field-3] How creative is,pooled,pooled into loopmean:Q25
idea_evaluation,12_Q25,12 - Below is an idea that was generated by AI. Idea #[CurrentLoopNumber] out of [TotalLoops]: [Field-3] How creative is,pooled,pooled into loopmean:Q25
idea_evaluation,13_Q25,13 - Below is an idea that was generated by AI. Idea #[CurrentLoopNumber] out of [TotalLoops]: [Field-3] How creative is,pooled,pooled into loopmean:Q25
idea_evaluation,14_Q25,14 - Below is an idea that was generated by AI. Idea #[CurrentLoopNumber] out of [TotalLoops]: [Field-3] How creative is,pooled,pooled into loopmean:Q25
idea_evaluation,15_Q25,15 - Below is an idea that was generated by AI. Idea #[CurrentLoopNumber] out of [TotalLoops]: [Field-3] How creative is,pooled,pooled into loopmean:Q25
idea_evaluation,16_Q25,16 - Below is an idea that was generated by AI. Idea #[CurrentLoopNumber] out of [TotalLoops]: [Field-3] How creative is,pooled,pooled into loopmean:Q25
idea_evaluation,17_Q25,17 - Below is an idea that was generated by AI. Idea #[CurrentLoopNumber] out of [TotalLoops]: [Field-3] How creative is,pooled,pooled into loopmean:Q25
idea_evaluation,18_Q25,18 - Below is an idea that was generated by AI. Idea #[CurrentLoopNumber] out of [TotalLoops]: [Field-3] How creative is,pooled,pooled into loopmean:Q25
idea_evaluation,19_Q25,19 - Below is an idea that was generated by AI. Idea #[CurrentLoopNumber] out of [TotalLoops]: [Field-3] How creative is,pooled,pooled into loopmean:Q25
idea_evaluation,20_Q25,20 - Below is an idea that was generated by AI. Idea #[CurrentLoopNumber] out of [TotalLoops]: [Field-3] How creative is,pooled,pooled into loopmean:Q25
idea_evaluation,21_Q25,21 - Below is an idea that was generated by AI. Idea #[CurrentLoopNumber] out of [TotalLoops]: [Field-3] How creative is,pooled,pooled into loopmean:Q25
idea_evaluation,22_Q25,22 - Below is an idea that was generated by AI. Idea #[CurrentLoopNumber] out of [TotalLoops]: [Field-3] How creative is,pooled,pooled into loopmean:Q25
idea_evaluation,23_Q25,23 - Below is an idea that was generated by AI. Idea #[CurrentLoopNumber] out of [TotalLoops]: [Field-3] How creative is,pooled,pooled into loopmean:Q25
idea_evaluation,24_Q25,24 - Below is an idea that was generated by AI. Idea #[CurrentLoopNumber] out of [TotalLoops]: [Field-3] How creative is,pooled,pooled into loopmean:Q25
idea_evaluation,25_Q25,25 - Below is an idea that was generated by AI. Idea #[CurrentLoopNumber] out of [TotalLoops]: [Field-3] How creative is,pooled,pooled into loopmean:Q25
idea_evaluation,26_Q25,26 - Below is an idea that was generated by AI. Idea #[CurrentLoopNumber] out of [TotalLoops]: [Field-3] How creative is,pooled,pooled into loopmean:Q25
idea_evaluation,27_Q25,27 - Below is an idea that was generated by AI. Idea #[CurrentLoopNumber] out of [TotalLoops]: [Field-3] How creative is,pooled,pooled into loopmean:Q25
idea_evaluation,28_Q25,28 - Below is an idea that was generated by AI. Idea #[CurrentLoopNumber] out of [TotalLoops]: [Field-3] How creative is,pooled,pooled into loopmean:Q25
idea_evaluation,29_Q25,29 - Below is an idea that was generated by AI. Idea #[CurrentLoopNumber] out of [TotalLoops]: [Field-3] How creative is,pooled,pooled into loopmean:Q25
idea_evaluation,30_Q25,30 - Below is an idea that was generated by AI. Idea #[CurrentLoopNumber] out of [TotalLoops]: [Field-3] How creative is,pooled,pooled into loopmean:Q25
idea_evaluation,31_Q25,31 - Below is an idea that was generated by AI. Idea #[CurrentLoopNumber] out of [TotalLoops]: [Field-3] How creative is,pooled,pooled into loopmean:Q25
idea_evaluation,32_Q25,32 - Below is an idea that was generated by AI. Idea #[CurrentLoopNumber] out of [TotalLoops]: [Field-3] How creative is,pooled,pooled into loopmean:Q25
idea_evaluation,33_Q25,33 - Below is an idea that was generated by AI. Idea #[CurrentLoopNumber] out of [TotalLoops]: [Field-3] How creative is,pooled,pooled into loopmean:Q25
idea_evaluation,34_Q25,34 - Below is an idea that was generated by AI. Idea #[CurrentLoopNumber] out of [TotalLoops]: [Field-3] How creative is,pooled,pooled into loopmean:Q25
idea_evaluation,35_Q25,35 - Below is an idea that was generated by AI. Idea #[CurrentLoopNumber] out of [TotalLoops]: [Field-3] How creative is,pooled,pooled into loopmean:Q25
idea_evaluation,36_Q25,36 - Below is an idea that was generated by AI. Idea #[CurrentLoopNumber] out of [TotalLoops]: [Field-3] How creative is,pooled,pooled into loopmean:Q25
idea_evaluation,37_Q25,37 - Below is an idea that was generated by AI. Idea #[CurrentLoopNumber] out of [TotalLoops]: [Field-3] How creative is,pooled,pooled into loopmean:Q25
idea_evaluation,38_Q25,38 - Below is an idea that was generated by AI. Idea #[CurrentLoopNumber] out of [TotalLoops]: [Field-3] How creative is,pooled,pooled into loopmean:Q25
idea_evaluation,39_Q25,39 - Below is an idea that was generated by AI. Idea #[CurrentLoopNumber] out of [TotalLoops]: [Field-3] How creative is,pooled,pooled into loopmean:Q25
idea_evaluation,40_Q25,40 - Below is an idea that was generated by AI. Idea #[CurrentLoopNumber] out of [TotalLoops]: [Field-3] How creative is,pooled,pooled into loopmean:Q25
idea_evaluation,41_Q25,41 - Below is an idea that was generated by AI. Idea #[CurrentLoopNumber] out of [TotalLoops]: [Field-3] How creative is,pooled,pooled into loopmean:Q25
idea_evaluation,42_Q25,42 - Below is an idea that was generated by AI. Idea #[CurrentLoopNumber] out of [TotalLoops]: [Field-3] How creative is,pooled,pooled into loopmean:Q25
idea_evaluation,43_Q25,43 - Below is an idea that was generated by AI. Idea #[CurrentLoopNumber] out of [TotalLoops]: [Field-3] How creative is,pooled,pooled into loopmean:Q25
idea_evaluation,44_Q25,44 - Below is an idea that was generated by AI. Idea #[CurrentLoopNumber] out of [TotalLoops]: [Field-3] How creative is,pooled,pooled into loopmean:Q25
idea_evaluation,45_Q25,45 - Below is an idea that was generated by AI. Idea #[CurrentLoopNumber] out of [TotalLoops]: [Field-3] How creative is,pooled,pooled into loopmean:Q25
idea_evaluation,46_Q25,46 - Below is an idea that was generated by AI. Idea #[CurrentLoopNumber] out of [TotalLoops]: [Field-3] How creative is,pooled,pooled into loopmean:Q25
idea_evaluation,47_Q25,47 - Below is an idea that was generated by AI. Idea #[CurrentLoopNumber] out of [TotalLoops]: [Field-3] How creative is,pooled,pooled into loopmean:Q25
idea_evaluation,48_Q25,48 - Below is an idea that was generated by AI. Idea #[CurrentLoopNumber] out of [TotalLoops]: [Field-3] How creative is,pooled,pooled into loopmean:Q25
idea_evaluation,49_Q25,49 - Below is an idea that was generated by AI. Idea #[CurrentLoopNumber] out of [TotalLoops]: [Field-3] How creative is,pooled,pooled into loopmean:Q25
idea_evaluation,50_Q25,50 - Below is an idea that was generated by AI. Idea #[CurrentLoopNumber] out of [TotalLoops]: [Field-3] How creative is,pooled,pooled into loopmean:Q25
idea_evaluation,51_Q25,51 - Below is an idea that was generated by AI. Idea #[CurrentLoopNumber] out of [TotalLoops]: [Field-3] How creative is,pooled,pooled into loopmean:Q25
idea_evaluation,52_Q25,52 - Below is an idea that was generated by AI. Idea #[CurrentLoopNumber] out of [TotalLoops]: [Field-3] How creative is,pooled,pooled into loopmean:Q25
idea_evaluation,53_Q25,53 - Below is an idea that was generated by AI. Idea #[CurrentLoopNumber] out of [TotalLoops]: [Field-3] How creative is,pooled,pooled into loopmean:Q25
idea_evaluation,54_Q25,54 - Below is an idea that was generated by AI. Idea #[CurrentLoopNumber] out of [TotalLoops]: [Field-3] How creative is,pooled,pooled into loopmean:Q25
idea_evaluation,55_Q25,55 - Below is an idea that was generated by AI. Idea #[CurrentLoopNumber] out of [TotalLoops]: [Field-3] How creative is,pooled,pooled into loopmean:Q25
idea_evaluation,56_Q25,56 - Below is an idea that was generated by AI. Idea #[CurrentLoopNumber] out of [TotalLoops]: [Field-3] How creative is,pooled,pooled into loopmean:Q25
idea_evaluation,57_Q25,57 - Below is an idea that was generated by AI. Idea #[CurrentLoopNumber] out of [TotalLoops]: [Field-3] How creative is,pooled,pooled into loopmean:Q25
idea_evaluation,58_Q25,58 - Below is an idea that was generated by AI. Idea #[CurrentLoopNumber] out of [TotalLoops]: [Field-3] How creative is,pooled,pooled into loopmean:Q25
idea_evaluation,59_Q25,59 - Below is an idea that was generated by AI. Idea #[CurrentLoopNumber] out of [TotalLoops]: [Field-3] How creative is,pooled,pooled into loopmean:Q25
idea_evaluation,60_Q25,60 - Below is an idea that was generated by AI. Idea #[CurrentLoopNumber] out of [TotalLoops]: [Field-3] How creative is,pooled,pooled into loopmean:Q25
idea_evaluation,61_Q25,61 - Below is an idea that was generated by AI. Idea #[CurrentLoopNumber] out of [TotalLoops]: [Field-3] How creative is,pooled,pooled into loopmean:Q25
idea_evaluation,62_Q25,62 - Below is an idea that was generated by AI. Idea #[CurrentLoopNumber] out of [TotalLoops]: [Field-3] How creative is,pooled,pooled into loopmean:Q25
idea_evaluation,63_Q25,63 - Below is an idea that was generated by AI. Idea #[CurrentLoopNumber] out of [TotalLoops]: [Field-3] How creative is,pooled,pooled into loopmean:Q25
idea_evaluation,64_Q25,64 - Below is an idea that was generated by AI. Idea #[CurrentLoopNumber] out of [TotalLoops]: [Field-3] How creative is,pooled,pooled into loopmean:Q25
idea_evaluation,65_Q25,65 - Below is an idea that was generated by AI. Idea #[CurrentLoopNumber] out of [TotalLoops]: [Field-3] How creative is,pooled,pooled into loopmean:Q25
idea_evaluation,66_Q25,66 - Below is an idea that was generated by AI. Idea #[CurrentLoopNumber] out of [TotalLoops]: [Field-3] How creative is,pooled,pooled into loopmean:Q25
idea_evaluation,67_Q25,67 - Below is an idea that was generated by AI. Idea #[CurrentLoopNumber] out of [TotalLoops]: [Field-3] How creative is,pooled,pooled into loopmean:Q25
idea_evaluation,68_Q25,68 - Below is an idea that was generated by AI. Idea #[CurrentLoopNumber] out of [TotalLoops]: [Field-3] How creative is,pooled,pooled into loopmean:Q25
idea_evaluation,69_Q25,69 - Below is an idea that was generated by AI. Idea #[CurrentLoopNumber] out of [TotalLoops]: [Field-3] How creative is,pooled,pooled into loopmean:Q25
idea_evaluation,70_Q25,70 - Below is an idea that was generated by AI. Idea #[CurrentLoopNumber] out of [TotalLoops]: [Field-3] How creative is,pooled,pooled into loopmean:Q25
idea_evaluation,71_Q25,71 - Below is an idea that was generated by AI. Idea #[CurrentLoopNumber] out of [TotalLoops]: [Field-3] How creative is,pooled,pooled into loopmean:Q25
idea_evaluation,72_Q25,72 - Below is an idea that was generated by AI. Idea #[CurrentLoopNumber] out of [TotalLoops]: [Field-3] How creative is,pooled,pooled into loopmean:Q25
idea_evaluation,73_Q25,73 - Below is an idea that was generated by AI. Idea #[CurrentLoopNumber] out of [TotalLoops]: [Field-3] How creative is,pooled,pooled into loopmean:Q25
idea_evaluation,74_Q25,74 - Below is an idea that was generated by AI. Idea #[CurrentLoopNumber] out of [TotalLoops]: [Field-3] How creative is,pooled,pooled into loopmean:Q25
idea_evaluation,75_Q25,75 - Below is an idea that was generated by AI. Idea #[CurrentLoopNumber] out of [TotalLoops]: [Field-3] How creative is,pooled,pooled into loopmean:Q25
idea_evaluation,76_Q25,76 - Below is an idea that was generated by AI. Idea #[CurrentLoopNumber] out of [TotalLoops]: [Field-3] How creative is,pooled,pooled into loopmean:Q25
idea_evaluation,77_Q25,77 - Below is an idea that was generated by AI. Idea #[CurrentLoopNumber] out of [TotalLoops]: [Field-3] How creative is,pooled,pooled into loopmean:Q25
idea_evaluation,78_Q25,78 - Below is an idea that was generated by AI. Idea #[CurrentLoopNumber] out of [TotalLoops]: [Field-3] How creative is,pooled,pooled into loopmean:Q25
idea_evaluation,79_Q25,79 - Below is an idea that was generated by AI. Idea #[CurrentLoopNumber] out of [TotalLoops]: [Field-3] How creative is,pooled,pooled into loopmean:Q25
idea_evaluation,80_Q25,80 - Below is an idea that was generated by AI. Idea #[CurrentLoopNumber] out of [TotalLoops]: [Field-3] How creative is,pooled,pooled into loopmean:Q25
idea_evaluation,81_Q25,81 - Below is an idea that was generated by AI. Idea #[CurrentLoopNumber] out of [TotalLoops]: [Field-3] How creative is,pooled,pooled into loopmean:Q25
idea_evaluation,82_Q25,82 - Below is an idea that was generated by AI. Idea #[CurrentLoopNumber] out of [TotalLoops]: [Field-3] How creative is,pooled,pooled into loopmean:Q25
idea_evaluation,83_Q25,83 - Below is an idea that was generated by AI. Idea #[CurrentLoopNumber] out of [TotalLoops]: [Field-3] How creative is,pooled,pooled into loopmean:Q25
idea_evaluation,84_Q25,84 - Below is an idea that was generated by AI. Idea #[CurrentLoopNumber] out of [TotalLoops]: [Field-3] How creative is,pooled,pooled into loopmean:Q25
idea_evaluation,85_Q25,85 - Below is an idea that was generated by AI. Idea #[CurrentLoopNumber] out of [TotalLoops]: [Field-3] How creative is,pooled,pooled into loopmean:Q25
idea_evaluation,86_Q25,86 - Below is an idea that was generated by AI. Idea #[CurrentLoopNumber] out of [TotalLoops]: [Field-3] How creative is,pooled,pooled into loopmean:Q25
idea_evaluation,87_Q25,87 - Below is an idea that was generated by AI. Idea #[CurrentLoopNumber] out of [TotalLoops]: [Field-3] How creative is,pooled,pooled into loopmean:Q25
idea_evaluation,88_Q25,88 - Below is an idea that was generated by AI. Idea #[CurrentLoopNumber] out of [TotalLoops]: [Field-3] How creative is,pooled,pooled into loopmean:Q25
idea_evaluation,89_Q25,89 - Below is an idea that was generated by AI. Idea #[CurrentLoopNumber] out of [TotalLoops]: [Field-3] How creative is,pooled,pooled into loopmean:Q25
idea_evaluation,90_Q25,90 - Below is an idea that was generated by AI. Idea #[CurrentLoopNumber] out of [TotalLoops]: [Field-3] How creative is,pooled,pooled into loopmean:Q25
idea_evaluation,91_Q25,91 - Below is an idea that was generated by AI. Idea #[CurrentLoopNumber] out of [TotalLoops]: [Field-3] How creative is,pooled,pooled into loopmean:Q25
idea_evaluation,92_Q25,92 - Below is an idea that was generated by AI. Idea #[CurrentLoopNumber] out of [TotalLoops]: [Field-3] How creative is,pooled,pooled into loopmean:Q25
idea_evaluation,93_Q25,93 - Below is an idea that was generated by AI. Idea #[CurrentLoopNumber] out of [TotalLoops]: [Field-3] How creative is,pooled,pooled into loopmean:Q25
idea_evaluation,94_Q25,94 - Below is an idea that was generated by AI. Idea #[CurrentLoopNumber] out of [TotalLoops]: [Field-3] How creative is,pooled,pooled into loopmean:Q25
idea_evaluation,95_Q25,95 - Below is an idea that was generated by AI. Idea #[CurrentLoopNumber] out of [TotalLoops]: [Field-3] How creative is,pooled,pooled into loopmean:Q25
idea_evaluation,96_Q25,96 - Below is an idea that was generated by AI. Idea #[CurrentLoopNumber] out of [TotalLoops]: [Field-3] How creative is,pooled,pooled into loopmean:Q25
idea_evaluation,97_Q25,97 - Below is an idea that was generated by AI. Idea #[CurrentLoopNumber] out of [TotalLoops]: [Field-3] How creative is,pooled,pooled into loopmean:Q25
idea_evaluation,98_Q25,98 - Below is an idea that was generated by AI. Idea #[CurrentLoopNumber] out of [TotalLoops]: [Field-3] How creative is,pooled,pooled into loopmean:Q25
idea_evaluation,99_Q25,99 - Below is an idea that was generated by AI. Idea #[CurrentLoopNumber] out of [TotalLoops]: [Field-3] How creative is,pooled,pooled into loopmean:Q25
idea_evaluation,100_Q25,100 - Below is an idea that was generated by AI. Idea #[CurrentLoopNumber] out of [TotalLoops]: [Field-3] How creative i,pooled,pooled into loopmean:Q25
idea_evaluation,101_Q25,101 - Below is an idea that was generated by AI. Idea #[CurrentLoopNumber] out of [TotalLoops]: [Field-3] How creative i,pooled,pooled into loopmean:Q25
idea_evaluation,102_Q25,102 - Below is an idea that was generated by AI. Idea #[CurrentLoopNumber] out of [TotalLoops]: [Field-3] How creative i,pooled,pooled into loopmean:Q25
idea_evaluation,103_Q25,103 - Below is an idea that was generated by AI. Idea #[CurrentLoopNumber] out of [TotalLoops]: [Field-3] How creative i,pooled,pooled into loopmean:Q25
idea_evaluation,104_Q25,104 - Below is an idea that was generated by AI. Idea #[CurrentLoopNumber] out of [TotalLoops]: [Field-3] How creative i,pooled,pooled into loopmean:Q25
idea_evaluation,105_Q25,105 - Below is an idea that was generated by AI. Idea #[CurrentLoopNumber] out of [TotalLoops]: [Field-3] How creative i,pooled,pooled into loopmean:Q25
idea_evaluation,106_Q25,106 - Below is an idea that was generated by AI. Idea #[CurrentLoopNumber] out of [TotalLoops]: [Field-3] How creative i,pooled,pooled into loopmean:Q25
idea_evaluation,107_Q25,107 - Below is an idea that was generated by AI. Idea #[CurrentLoopNumber] out of [TotalLoops]: [Field-3] How creative i,pooled,pooled into loopmean:Q25
idea_evaluation,108_Q25,108 - Below is an idea that was generated by AI. Idea #[CurrentLoopNumber] out of [TotalLoops]: [Field-3] How creative i,pooled,pooled into loopmean:Q25
idea_evaluation,109_Q25,109 - Below is an idea that was generated by AI. Idea #[CurrentLoopNumber] out of [TotalLoops]: [Field-3] How creative i,pooled,pooled into loopmean:Q25
idea_evaluation,110_Q25,110 - Below is an idea that was generated by AI. Idea #[CurrentLoopNumber] out of [TotalLoops]: [Field-3] How creative i,pooled,pooled into loopmean:Q25
idea_evaluation,111_Q25,111 - Below is an idea that was generated by AI. Idea #[CurrentLoopNumber] out of [TotalLoops]: [Field-3] How creative i,pooled,pooled into loopmean:Q25
idea_evaluation,112_Q25,112 - Below is an idea that was generated by AI. Idea #[CurrentLoopNumber] out of [TotalLoops]: [Field-3] How creative i,pooled,pooled into loopmean:Q25
idea_evaluation,113_Q25,113 - Below is an idea that was generated by AI. Idea #[CurrentLoopNumber] out of [TotalLoops]: [Field-3] How creative i,pooled,pooled into loopmean:Q25
idea_evaluation,114_Q25,114 - Below is an idea that was generated by AI. Idea #[CurrentLoopNumber] out of [TotalLoops]: [Field-3] How creative i,pooled,pooled into loopmean:Q25
idea_evaluation,115_Q25,115 - Below is an idea that was generated by AI. Idea #[CurrentLoopNumber] out of [TotalLoops]: [Field-3] How creative i,pooled,pooled into loopmean:Q25
idea_evaluation,116_Q25,116 - Below is an idea that was generated by AI. Idea #[CurrentLoopNumber] out of [TotalLoops]: [Field-3] How creative i,pooled,pooled into loopmean:Q25
idea_evaluation,117_Q25,117 - Below is an idea that was generated by AI. Idea #[CurrentLoopNumber] out of [TotalLoops]: [Field-3] How creative i,pooled,pooled into loopmean:Q25
idea_evaluation,118_Q25,118 - Below is an idea that was generated by AI. Idea #[CurrentLoopNumber] out of [TotalLoops]: [Field-3] How creative i,pooled,pooled into loopmean:Q25
idea_evaluation,119_Q25,119 - Below is an idea that was generated by AI. Idea #[CurrentLoopNumber] out of [TotalLoops]: [Field-3] How creative i,pooled,pooled into loopmean:Q25
idea_evaluation,120_Q25,120 - Below is an idea that was generated by AI. Idea #[CurrentLoopNumber] out of [TotalLoops]: [Field-3] How creative i,pooled,pooled into loopmean:Q25
idea_evaluation,121_Q25,121 - Below is an idea that was generated by AI. Idea #[CurrentLoopNumber] out of [TotalLoops]: [Field-3] How creative i,pooled,pooled into loopmean:Q25
idea_evaluation,122_Q25,122 - Below is an idea that was generated by AI. Idea #[CurrentLoopNumber] out of [TotalLoops]: [Field-3] How creative i,pooled,pooled into loopmean:Q25
idea_evaluation,123_Q25,123 - Below is an idea that was generated by AI. Idea #[CurrentLoopNumber] out of [TotalLoops]: [Field-3] How creative i,pooled,pooled into loopmean:Q25
idea_evaluation,124_Q25,124 - Below is an idea that was generated by AI. Idea #[CurrentLoopNumber] out of [TotalLoops]: [Field-3] How creative i,pooled,pooled into loopmean:Q25
idea_evaluation,125_Q25,125 - Below is an idea that was generated by AI. Idea #[CurrentLoopNumber] out of [TotalLoops]: [Field-3] How creative i,pooled,pooled into loopmean:Q25
idea_evaluation,126_Q25,126 - Below is an idea that was generated by AI. Idea #[CurrentLoopNumber] out of [TotalLoops]: [Field-3] How creative i,pooled,pooled into loopmean:Q25
idea_evaluation,127_Q25,127 - Below is an idea that was generated by AI. Idea #[CurrentLoopNumber] out of [TotalLoops]: [Field-3] How creative i,pooled,pooled into loopmean:Q25
idea_evaluation,128_Q25,128 - Below is an idea that was generated by AI. Idea #[CurrentLoopNumber] out of [TotalLoops]: [Field-3] How creative i,pooled,pooled into loopmean:Q25
idea_evaluation,129_Q25,129 - Below is an idea that was generated by AI. Idea #[CurrentLoopNumber] out of [TotalLoops]: [Field-3] How creative i,pooled,pooled into loopmean:Q25
idea_evaluation,130_Q25,130 - Below is an idea that was generated by AI. Idea #[CurrentLoopNumber] out of [TotalLoops]: [Field-3] How creative i,pooled,pooled into loopmean:Q25
idea_evaluation,131_Q25,131 - Below is an idea that was generated by AI. Idea #[CurrentLoopNumber] out of [TotalLoops]: [Field-3] How creative i,pooled,pooled into loopmean:Q25
idea_evaluation,132_Q25,132 - Below is an idea that was generated by AI. Idea #[CurrentLoopNumber] out of [TotalLoops]: [Field-3] How creative i,pooled,pooled into loopmean:Q25
idea_evaluation,133_Q25,133 - Below is an idea that was generated by AI. Idea #[CurrentLoopNumber] out of [TotalLoops]: [Field-3] How creative i,pooled,pooled into loopmean:Q25
idea_evaluation,134_Q25,134 - Below is an idea that was generated by AI. Idea #[CurrentLoopNumber] out of [TotalLoops]: [Field-3] How creative i,pooled,pooled into loopmean:Q25
idea_evaluation,135_Q25,135 - Below is an idea that was generated by AI. Idea #[CurrentLoopNumber] out of [TotalLoops]: [Field-3] How creative i,pooled,pooled into loopmean:Q25
idea_evaluation,136_Q25,136 - Below is an idea that was generated by AI. Idea #[CurrentLoopNumber] out of [TotalLoops]: [Field-3] How creative i,pooled,pooled into loopmean:Q25
idea_evaluation,137_Q25,137 - Below is an idea that was generated by AI. Idea #[CurrentLoopNumber] out of [TotalLoops]: [Field-3] How creative i,pooled,pooled into loopmean:Q25
idea_evaluation,138_Q25,138 - Below is an idea that was generated by AI. Idea #[CurrentLoopNumber] out of [TotalLoops]: [Field-3] How creative i,pooled,pooled into loopmean:Q25
idea_evaluation,139_Q25,139 - Below is an idea that was generated by AI. Idea #[CurrentLoopNumber] out of [TotalLoops]: [Field-3] How creative i,pooled,pooled into loopmean:Q25
idea_evaluation,140_Q25,140 - Below is an idea that was generated by AI. Idea #[CurrentLoopNumber] out of [TotalLoops]: [Field-3] How creative i,pooled,pooled into loopmean:Q25
idea_evaluation,141_Q25,141 - Below is an idea that was generated by AI. Idea #[CurrentLoopNumber] out of [TotalLoops]: [Field-3] How creative i,pooled,pooled into loopmean:Q25
idea_evaluation,142_Q25,142 - Below is an idea that was generated by AI. Idea #[CurrentLoopNumber] out of [TotalLoops]: [Field-3] How creative i,pooled,pooled into loopmean:Q25
idea_evaluation,143_Q25,143 - Below is an idea that was generated by AI. Idea #[CurrentLoopNumber] out of [TotalLoops]: [Field-3] How creative i,pooled,pooled into loopmean:Q25
idea_evaluation,144_Q25,144 - Below is an idea that was generated by AI. Idea #[CurrentLoopNumber] out of [TotalLoops]: [Field-3] How creative i,pooled,pooled into loopmean:Q25
idea_evaluation,145_Q25,145 - Below is an idea that was generated by AI. Idea #[CurrentLoopNumber] out of [TotalLoops]: [Field-3] How creative i,pooled,pooled into loopmean:Q25
idea_evaluation,146_Q25,146 - Below is an idea that was generated by AI. Idea #[CurrentLoopNumber] out of [TotalLoops]: [Field-3] How creative i,pooled,pooled into loopmean:Q25
idea_evaluation,147_Q25,147 - Below is an idea that was generated by AI. Idea #[CurrentLoopNumber] out of [TotalLoops]: [Field-3] How creative i,pooled,pooled into loopmean:Q25
idea_evaluation,148_Q25,148 - Below is an idea that was generated by AI. Idea #[CurrentLoopNumber] out of [TotalLoops]: [Field-3] How creative i,pooled,pooled into loopmean:Q25
idea_evaluation,149_Q25,149 - Below is an idea that was generated by AI. Idea #[CurrentLoopNumber] out of [TotalLoops]: [Field-3] How creative i,pooled,pooled into loopmean:Q25
idea_evaluation,150_Q25,150 - Below is an idea that was generated by AI. Idea #[CurrentLoopNumber] out of [TotalLoops]: [Field-3] How creative i,pooled,pooled into loopmean:Q25
idea_evaluation,151_Q25,151 - Below is an idea that was generated by AI. Idea #[CurrentLoopNumber] out of [TotalLoops]: [Field-3] How creative i,pooled,pooled into loopmean:Q25
idea_evaluation,152_Q25,152 - Below is an idea that was generated by AI. Idea #[CurrentLoopNumber] out of [TotalLoops]: [Field-3] How creative i,pooled,pooled into loopmean:Q25
idea_evaluation,153_Q25,153 - Below is an idea that was generated by AI. Idea #[CurrentLoopNumber] out of [TotalLoops]: [Field-3] How creative i,pooled,pooled into loopmean:Q25
idea_evaluation,154_Q25,154 - Below is an idea that was generated by AI. Idea #[CurrentLoopNumber] out of [TotalLoops]: [Field-3] How creative i,pooled,pooled into loopmean:Q25
idea_evaluation,155_Q25,155 - Below is an idea that was generated by AI. Idea #[CurrentLoopNumber] out of [TotalLoops]: [Field-3] How creative i,pooled,pooled into loopmean:Q25
idea_evaluation,156_Q25,156 - Below is an idea that was generated by AI. Idea #[CurrentLoopNumber] out of [TotalLoops]: [Field-3] How creative i,pooled,pooled into loopmean:Q25
idea_evaluation,157_Q25,157 - Below is an idea that was generated by AI. Idea #[CurrentLoopNumber] out of [TotalLoops]: [Field-3] How creative i,pooled,pooled into loopmean:Q25
idea_evaluation,158_Q25,158 - Below is an idea that was generated by AI. Idea #[CurrentLoopNumber] out of [TotalLoops]: [Field-3] How creative i,pooled,pooled into loopmean:Q25
idea_evaluation,159_Q25,159 - Below is an idea that was generated by AI. Idea #[CurrentLoopNumber] out of [TotalLoops]: [Field-3] How creative i,pooled,pooled into loopmean:Q25
idea_evaluation,160_Q25,160 - Below is an idea that was generated by AI. Idea #[CurrentLoopNumber] out of [TotalLoops]: [Field-3] How creative i,pooled,pooled into loopmean:Q25
idea_evaluation,161_Q25,161 - Below is an idea that was generated by AI. Idea #[CurrentLoopNumber] out of [TotalLoops]: [Field-3] How creative i,pooled,pooled into loopmean:Q25
idea_evaluation,162_Q25,162 - Below is an idea that was generated by AI. Idea #[CurrentLoopNumber] out of [TotalLoops]: [Field-3] How creative i,pooled,pooled into loopmean:Q25
idea_evaluation,163_Q25,163 - Below is an idea that was generated by AI. Idea #[CurrentLoopNumber] out of [TotalLoops]: [Field-3] How creative i,pooled,pooled into loopmean:Q25
idea_evaluation,164_Q25,164 - Below is an idea that was generated by AI. Idea #[CurrentLoopNumber] out of [TotalLoops]: [Field-3] How creative i,pooled,pooled into loopmean:Q25
idea_evaluation,165_Q25,165 - Below is an idea that was generated by AI. Idea #[CurrentLoopNumber] out of [TotalLoops]: [Field-3] How creative i,pooled,pooled into loopmean:Q25
idea_evaluation,166_Q25,166 - Below is an idea that was generated by AI. Idea #[CurrentLoopNumber] out of [TotalLoops]: [Field-3] How creative i,pooled,pooled into loopmean:Q25
idea_evaluation,167_Q25,167 - Below is an idea that was generated by AI. Idea #[CurrentLoopNumber] out of [TotalLoops]: [Field-3] How creative i,pooled,pooled into loopmean:Q25
idea_evaluation,168_Q25,168 - Below is an idea that was generated by AI. Idea #[CurrentLoopNumber] out of [TotalLoops]: [Field-3] How creative i,pooled,pooled into loopmean:Q25
idea_evaluation,169_Q25,169 - Below is an idea that was generated by AI. Idea #[CurrentLoopNumber] out of [TotalLoops]: [Field-3] How creative i,pooled,pooled into loopmean:Q25
idea_evaluation,170_Q25,170 - Below is an idea that was generated by AI. Idea #[CurrentLoopNumber] out of [TotalLoops]: [Field-3] How creative i,pooled,pooled into loopmean:Q25
idea_evaluation,171_Q25,171 - Below is an idea that was generated by AI. Idea #[CurrentLoopNumber] out of [TotalLoops]: [Field-3] How creative i,pooled,pooled into loopmean:Q25
idea_evaluation,172_Q25,172 - Below is an idea that was generated by AI. Idea #[CurrentLoopNumber] out of [TotalLoops]: [Field-3] How creative i,pooled,pooled into loopmean:Q25
idea_evaluation,173_Q25,173 - Below is an idea that was generated by AI. Idea #[CurrentLoopNumber] out of [TotalLoops]: [Field-3] How creative i,pooled,pooled into loopmean:Q25
idea_evaluation,174_Q25,174 - Below is an idea that was generated by AI. Idea #[CurrentLoopNumber] out of [TotalLoops]: [Field-3] How creative i,pooled,pooled into loopmean:Q25
idea_evaluation,175_Q25,175 - Below is an idea that was generated by AI. Idea #[CurrentLoopNumber] out of [TotalLoops]: [Field-3] How creative i,pooled,pooled into loopmean:Q25
idea_evaluation,176_Q25,176 - Below is an idea that was generated by AI. Idea #[CurrentLoopNumber] out of [TotalLoops]: [Field-3] How creative i,pooled,pooled into loopmean:Q25
idea_evaluation,177_Q25,177 - Below is an idea that was generated by AI. Idea #[CurrentLoopNumber] out of [TotalLoops]: [Field-3] How creative i,pooled,pooled into loopmean:Q25
idea_evaluation,178_Q25,178 - Below is an idea that was generated by AI. Idea #[CurrentLoopNumber] out of [TotalLoops]: [Field-3] How creative i,pooled,pooled into loopmean:Q25
idea_evaluation,179_Q25,179 - Below is an idea that was generated by AI. Idea #[CurrentLoopNumber] out of [TotalLoops]: [Field-3] How creative i,pooled,pooled into loopmean:Q25
idea_evaluation,180_Q25,180 - Below is an idea that was generated by AI. Idea #[CurrentLoopNumber] out of [TotalLoops]: [Field-3] How creative i,pooled,pooled into loopmean:Q25
idea_evaluation,181_Q25,181 - Below is an idea that was generated by AI. Idea #[CurrentLoopNumber] out of [TotalLoops]: [Field-3] How creative i,pooled,pooled into loopmean:Q25
idea_evaluation,182_Q25,182 - Below is an idea that was generated by AI. Idea #[CurrentLoopNumber] out of [TotalLoops]: [Field-3] How creative i,pooled,pooled into loopmean:Q25
idea_evaluation,183_Q25,183 - Below is an idea that was generated by AI. Idea #[CurrentLoopNumber] out of [TotalLoops]: [Field-3] How creative i,pooled,pooled into loopmean:Q25
idea_evaluation,184_Q25,184 - Below is an idea that was generated by AI. Idea #[CurrentLoopNumber] out of [TotalLoops]: [Field-3] How creative i,pooled,pooled into loopmean:Q25
idea_evaluation,185_Q25,185 - Below is an idea that was generated by AI. Idea #[CurrentLoopNumber] out of [TotalLoops]: [Field-3] How creative i,pooled,pooled into loopmean:Q25
idea_evaluation,186_Q25,186 - Below is an idea that was generated by AI. Idea #[CurrentLoopNumber] out of [TotalLoops]: [Field-3] How creative i,pooled,pooled into loopmean:Q25
idea_evaluation,187_Q25,187 - Below is an idea that was generated by AI. Idea #[CurrentLoopNumber] out of [TotalLoops]: [Field-3] How creative i,pooled,pooled into loopmean:Q25
idea_evaluation,188_Q25,188 - Below is an idea that was generated by AI. Idea #[CurrentLoopNumber] out of [TotalLoops]: [Field-3] How creative i,pooled,pooled into loopmean:Q25
idea_evaluation,189_Q25,189 - Below is an idea that was generated by AI. Idea #[CurrentLoopNumber] out of [TotalLoops]: [Field-3] How creative i,pooled,pooled into loopmean:Q25
idea_evaluation,190_Q25,190 - Below is an idea that was generated by AI. Idea #[CurrentLoopNumber] out of [TotalLoops]: [Field-3] How creative i,pooled,pooled into loopmean:Q25
idea_evaluation,191_Q25,191 - Below is an idea that was generated by AI. Idea #[CurrentLoopNumber] out of [TotalLoops]: [Field-3] How creative i,pooled,pooled into loopmean:Q25
idea_evaluation,192_Q25,192 - Below is an idea that was generated by AI. Idea #[CurrentLoopNumber] out of [TotalLoops]: [Field-3] How creative i,pooled,pooled into loopmean:Q25
idea_evaluation,193_Q25,193 - Below is an idea that was generated by AI. Idea #[CurrentLoopNumber] out of [TotalLoops]: [Field-3] How creative i,pooled,pooled into loopmean:Q25
idea_evaluation,194_Q25,194 - Below is an idea that was generated by AI. Idea #[CurrentLoopNumber] out of [TotalLoops]: [Field-3] How creative i,pooled,pooled into loopmean:Q25
idea_evaluation,195_Q25,195 - Below is an idea that was generated by AI. Idea #[CurrentLoopNumber] out of [TotalLoops]: [Field-3] How creative i,pooled,pooled into loopmean:Q25
idea_evaluation,196_Q25,196 - Below is an idea that was generated by AI. Idea #[CurrentLoopNumber] out of [TotalLoops]: [Field-3] How creative i,pooled,pooled into loopmean:Q25
idea_evaluation,197_Q25,197 - Below is an idea that was generated by AI. Idea #[CurrentLoopNumber] out of [TotalLoops]: [Field-3] How creative i,pooled,pooled into loopmean:Q25
idea_evaluation,198_Q25,198 - Below is an idea that was generated by AI. Idea #[CurrentLoopNumber] out of [TotalLoops]: [Field-3] How creative i,pooled,pooled into loopmean:Q25
idea_evaluation,199_Q25,199 - Below is an idea that was generated by AI. Idea #[CurrentLoopNumber] out of [TotalLoops]: [Field-3] How creative i,pooled,pooled into loopmean:Q25
idea_evaluation,200_Q25,200 - Below is an idea that was generated by AI. Idea #[CurrentLoopNumber] out of [TotalLoops]: [Field-3] How creative i,pooled,pooled into loopmean:Q25
idea_generation,StartDate,Start Date,excluded,"survey metadata, timing, display-order, randomiser or other-text column"
idea_generation,EndDate,End Date,excluded,"survey metadata, timing, display-order, randomiser or other-text column"
idea_generation,Progress,Progress,excluded,"survey metadata, timing, display-order, randomiser or other-text column"
idea_generation,Duration (in seconds),Duration (in seconds),excluded,"survey metadata, timing, display-order, randomiser or other-text column"
idea_generation,Finished,Finished,excluded,"survey metadata, timing, display-order, randomiser or other-text column"
idea_generation,RecordedDate,Recorded Date,excluded,"survey metadata, timing, display-order, randomiser or other-text column"
idea_generation,Q84,"People vary in the amount they pay attention to these kinds of surveys. Some take them seriously and read each question,",excluded,"has a don't-know, other, not-sure or not-applicable option"
idea_generation,Q84_7_TEXT,"People vary in the amount they pay attention to these kinds of surveys. Some take them seriously and read each question,",excluded,"survey metadata, timing, display-order, randomiser or other-text column"
idea_generation,Q71_1,Practice round: Find a way to connect these two words: ECLIPSE and BLOSSOM. Each word in the sequence below should be as,excluded,empty in the human file
idea_generation,Q71_2,Practice round: Find a way to connect these two words: ECLIPSE and BLOSSOM. Each word in the sequence below should be as,excluded,empty in the human file
idea_generation,Q71_3,Practice round: Find a way to connect these two words: ECLIPSE and BLOSSOM. Each word in the sequence below should be as,excluded,empty in the human file
idea_generation,Q71_4,Practice round: Find a way to connect these two words: ECLIPSE and BLOSSOM. Each word in the sequence below should be as,excluded,empty in the human file
idea_generation,Q71_5,Practice round: Find a way to connect these two words: ECLIPSE and BLOSSOM. Each word in the sequence below should be as,excluded,empty in the human file
idea_generation,1_Q30_1,Round #[CurrentLoopNumber] of [TotalLoops] Find a way to connect these two words: [Field-1] and [Field-2]. Each word in ,excluded,empty in the human file
idea_generation,1_Q30_2,Round #[CurrentLoopNumber] of [TotalLoops] Find a way to connect these two words: [Field-1] and [Field-2]. Each word in ,excluded,"not numeric (human 0.04, twin 0.01 of non-empty cells)"
idea_generation,1_Q30_3,Round #[CurrentLoopNumber] of [TotalLoops] Find a way to connect these two words: [Field-1] and [Field-2]. Each word in ,excluded,"not numeric (human 0.01, twin 0.00 of non-empty cells)"
idea_generation,1_Q30_4,Round #[CurrentLoopNumber] of [TotalLoops] Find a way to connect these two words: [Field-1] and [Field-2]. Each word in ,excluded,empty in the human file
idea_generation,1_Q30_5,Round #[CurrentLoopNumber] of [TotalLoops] Find a way to connect these two words: [Field-1] and [Field-2]. Each word in ,excluded,empty in the human file
idea_generation,2_Q30_1,Round #[CurrentLoopNumber] of [TotalLoops] Find a way to connect these two words: [Field-1] and [Field-2]. Each word in ,excluded,empty in the human file
idea_generation,2_Q30_2,Round #[CurrentLoopNumber] of [TotalLoops] Find a way to connect these two words: [Field-1] and [Field-2]. Each word in ,excluded,empty in the human file
idea_generation,2_Q30_3,Round #[CurrentLoopNumber] of [TotalLoops] Find a way to connect these two words: [Field-1] and [Field-2]. Each word in ,excluded,empty in the human file
idea_generation,2_Q30_4,Round #[CurrentLoopNumber] of [TotalLoops] Find a way to connect these two words: [Field-1] and [Field-2]. Each word in ,excluded,empty in the human file
idea_generation,2_Q30_5,Round #[CurrentLoopNumber] of [TotalLoops] Find a way to connect these two words: [Field-1] and [Field-2]. Each word in ,excluded,empty in the human file
idea_generation,4_Q30_1,Round #[CurrentLoopNumber] of [TotalLoops] Find a way to connect these two words: [Field-1] and [Field-2]. Each word in ,excluded,empty in the human file
idea_generation,4_Q30_2,Round #[CurrentLoopNumber] of [TotalLoops] Find a way to connect these two words: [Field-1] and [Field-2]. Each word in ,excluded,empty in the human file
idea_generation,4_Q30_3,Round #[CurrentLoopNumber] of [TotalLoops] Find a way to connect these two words: [Field-1] and [Field-2]. Each word in ,excluded,empty in the human file
idea_generation,4_Q30_4,Round #[CurrentLoopNumber] of [TotalLoops] Find a way to connect these two words: [Field-1] and [Field-2]. Each word in ,excluded,empty in the human file
idea_generation,4_Q30_5,Round #[CurrentLoopNumber] of [TotalLoops] Find a way to connect these two words: [Field-1] and [Field-2]. Each word in ,excluded,empty in the human file
idea_generation,5_Q30_1,Round #[CurrentLoopNumber] of [TotalLoops] Find a way to connect these two words: [Field-1] and [Field-2]. Each word in ,excluded,empty in the human file
idea_generation,5_Q30_2,Round #[CurrentLoopNumber] of [TotalLoops] Find a way to connect these two words: [Field-1] and [Field-2]. Each word in ,excluded,empty in the human file
idea_generation,5_Q30_3,Round #[CurrentLoopNumber] of [TotalLoops] Find a way to connect these two words: [Field-1] and [Field-2]. Each word in ,excluded,empty in the human file
idea_generation,5_Q30_4,Round #[CurrentLoopNumber] of [TotalLoops] Find a way to connect these two words: [Field-1] and [Field-2]. Each word in ,excluded,empty in the human file
idea_generation,5_Q30_5,Round #[CurrentLoopNumber] of [TotalLoops] Find a way to connect these two words: [Field-1] and [Field-2]. Each word in ,excluded,empty in the human file
idea_generation,7_Q30_1,Round #[CurrentLoopNumber] of [TotalLoops] Find a way to connect these two words: [Field-1] and [Field-2]. Each word in ,excluded,empty in the human file
idea_generation,7_Q30_2,Round #[CurrentLoopNumber] of [TotalLoops] Find a way to connect these two words: [Field-1] and [Field-2]. Each word in ,excluded,empty in the human file
idea_generation,7_Q30_3,Round #[CurrentLoopNumber] of [TotalLoops] Find a way to connect these two words: [Field-1] and [Field-2]. Each word in ,excluded,empty in the human file
idea_generation,7_Q30_4,Round #[CurrentLoopNumber] of [TotalLoops] Find a way to connect these two words: [Field-1] and [Field-2]. Each word in ,excluded,empty in the human file
idea_generation,7_Q30_5,Round #[CurrentLoopNumber] of [TotalLoops] Find a way to connect these two words: [Field-1] and [Field-2]. Each word in ,excluded,empty in the human file
idea_generation,Q74_1,"Please write 10 words that are as different from each other as possible, in all meanings and uses of the words. Rules: 1",excluded,empty in the human file
idea_generation,Q74_2,"Please write 10 words that are as different from each other as possible, in all meanings and uses of the words. Rules: 1",excluded,empty in the human file
idea_generation,Q74_3,"Please write 10 words that are as different from each other as possible, in all meanings and uses of the words. Rules: 1",excluded,empty in the human file
idea_generation,Q74_4,"Please write 10 words that are as different from each other as possible, in all meanings and uses of the words. Rules: 1",excluded,empty in the human file
idea_generation,Q74_5,"Please write 10 words that are as different from each other as possible, in all meanings and uses of the words. Rules: 1",excluded,empty in the human file
idea_generation,Q74_6,"Please write 10 words that are as different from each other as possible, in all meanings and uses of the words. Rules: 1",excluded,empty in the human file
idea_generation,Q74_7,"Please write 10 words that are as different from each other as possible, in all meanings and uses of the words. Rules: 1",excluded,empty in the human file
idea_generation,Q74_8,"Please write 10 words that are as different from each other as possible, in all meanings and uses of the words. Rules: 1",excluded,empty in the human file
idea_generation,Q74_9,"Please write 10 words that are as different from each other as possible, in all meanings and uses of the words. Rules: 1",excluded,empty in the human file
idea_generation,Q74_10,"Please write 10 words that are as different from each other as possible, in all meanings and uses of the words. Rules: 1",excluded,empty in the human file
idea_generation,Q34,HOW COULD SMARTPHONES HELP THEIR USERS BE HEALTHIER? We are interested in new ideas for smartphone apps that will help t,excluded,empty in the human file
idea_generation,Q64,"Thank you for participating in this study. Before finishing, please share your feedback here. Were any parts particularl",excluded,empty in the human file
idea_generation,Q65,Were any parts of the study particularly challenging?,excluded,empty in the human file
idea_generation,Q66,Were any parts of the study particularly easy?,excluded,empty in the human file
idea_generation,Q67,Were any parts of the study particularly fun?,excluded,empty in the human file
idea_generation,Q68,"Did you encounter any technical difficulties, or do you have any thoughts for improving the study?",excluded,empty in the human file
idea_generation,tasktime,tasktime,excluded,no QSF question (embedded data or derived column)
idea_generation,worktimeArray,worktimeArray,excluded,no QSF question (embedded data or derived column)
idea_generation,offTask,offTask,excluded,no QSF question (embedded data or derived column)
idea_generation,onTask,onTask,excluded,no QSF question (embedded data or derived column)
idea_generation,totalOffTask,totalOffTask,excluded,no QSF question (embedded data or derived column)
idea_generation,totalOnTask,totalOnTask,excluded,no QSF question (embedded data or derived column)
idea_generation,perPagePT,perPagePT,excluded,no QSF question (embedded data or derived column)
idea_generation,pageNo,pageNo,excluded,no QSF question (embedded data or derived column)
idea_generation,FL_16_DO_FL_26,FL_16 - Block Randomizer - Display Order - FL_26,excluded,"survey metadata, timing, display-order, randomiser or other-text column"
idea_generation,FL_16_DO_FL_73,FL_16 - Block Randomizer - Display Order - FL_73,excluded,"survey metadata, timing, display-order, randomiser or other-text column"
infotainment,StartDate,Start Date,excluded,"survey metadata, timing, display-order, randomiser or other-text column"
infotainment,EndDate,End Date,excluded,"survey metadata, timing, display-order, randomiser or other-text column"
infotainment,Progress,Progress,excluded,"survey metadata, timing, display-order, randomiser or other-text column"
infotainment,Duration (in seconds),Duration (in seconds),excluded,"survey metadata, timing, display-order, randomiser or other-text column"
infotainment,Finished,Finished,excluded,"survey metadata, timing, display-order, randomiser or other-text column"
infotainment,RecordedDate,Recorded Date,excluded,"survey metadata, timing, display-order, randomiser or other-text column"
infotainment,Browser_Browser,Browser Meta Info - Browser,excluded,"survey metadata, timing, display-order, randomiser or other-text column"
infotainment,Browser_Version,Browser Meta Info - Version,excluded,"survey metadata, timing, display-order, randomiser or other-text column"
infotainment,Browser_Operating System,Browser Meta Info - Operating System,excluded,"survey metadata, timing, display-order, randomiser or other-text column"
infotainment,Browser_Resolution,Browser Meta Info - Resolution,excluded,"survey metadata, timing, display-order, randomiser or other-text column"
infotainment,Q275_First Click,Timing - First Click,excluded,"survey metadata, timing, display-order, randomiser or other-text column"
infotainment,Q275_Last Click,Timing - Last Click,excluded,"survey metadata, timing, display-order, randomiser or other-text column"
infotainment,Q275_Page Submit,Timing - Page Submit,excluded,"survey metadata, timing, display-order, randomiser or other-text column"
infotainment,Q275_Click Count,Timing - Click Count,excluded,"survey metadata, timing, display-order, randomiser or other-text column"
infotainment,Q1572_First Click,Timing - First Click,excluded,"survey metadata, timing, display-order, randomiser or other-text column"
infotainment,Q1572_Last Click,Timing - Last Click,excluded,"survey metadata, timing, display-order, randomiser or other-text column"
infotainment,Q1572_Page Submit,Timing - Page Submit,excluded,"survey metadata, timing, display-order, randomiser or other-text column"
infotainment,Q1572_Click Count,Timing - Click Count,excluded,"survey metadata, timing, display-order, randomiser or other-text column"
infotainment,SocialMedia_Chk,Would you ever consider sharing news like you saw in the study today on social media?,excluded,"has a don't-know, other, not-sure or not-applicable option"
infotainment,Comments,Do you have any comments about our survey?,excluded,empty in the human file
junk_fees,StartDate,Start Date,excluded,"survey metadata, timing, display-order, randomiser or other-text column"
junk_fees,EndDate,End Date,excluded,"survey metadata, timing, display-order, randomiser or other-text column"
junk_fees,Progress,Progress,excluded,"survey metadata, timing, display-order, randomiser or other-text column"
junk_fees,Duration (in seconds),Duration (in seconds),excluded,"survey metadata, timing, display-order, randomiser or other-text column"
junk_fees,Finished,Finished,excluded,"survey metadata, timing, display-order, randomiser or other-text column"
junk_fees,RecordedDate,Recorded Date,excluded,"survey metadata, timing, display-order, randomiser or other-text column"
junk_fees,Intro.Timer_First Click,Timing - First Click,excluded,"survey metadata, timing, display-order, randomiser or other-text column"
junk_fees,Intro.Timer_Last Click,Timing - Last Click,excluded,"survey metadata, timing, display-order, randomiser or other-text column"
junk_fees,Intro.Timer_Page Submit,Timing - Page Submit,excluded,"survey metadata, timing, display-order, randomiser or other-text column"
junk_fees,Intro.Timer_Click Count,Timing - Click Count,excluded,"survey metadata, timing, display-order, randomiser or other-text column"
junk_fees,Hotel.MCQ,Which of the following do you think best represents what [Field-Hotel] is assessed for?,excluded,nominal options
junk_fees,Hotel.MCQ_DO_1,Which of the following do you think best represents what [Field-Hotel] is assessed for? - Display Order - ${e://Field/co,excluded,"survey metadata, timing, display-order, randomiser or other-text column"
junk_fees,Hotel.MCQ_DO_2,Which of the following do you think best represents what [Field-Hotel] is assessed for? - Display Order - ${e://Field/wr,excluded,"survey metadata, timing, display-order, randomiser or other-text column"
junk_fees,Hotel.MCQ_DO_3,Which of the following do you think best represents what [Field-Hotel] is assessed for? - Display Order - ${e://Field/wr,excluded,"survey metadata, timing, display-order, randomiser or other-text column"
junk_fees,Hotel.MCQ_DO_4,Which of the following do you think best represents what [Field-Hotel] is assessed for? - Display Order - ${e://Field/wr,excluded,"survey metadata, timing, display-order, randomiser or other-text column"
junk_fees,Car.MCQ,Which of the following do you think best represents what [Field-Rental.Car] is assessed for?,excluded,nominal options
junk_fees,Car.MCQ_DO_1,Which of the following do you think best represents what [Field-Rental.Car] is assessed for? - Display Order - ${e://Fie,excluded,"survey metadata, timing, display-order, randomiser or other-text column"
junk_fees,Car.MCQ_DO_2,Which of the following do you think best represents what [Field-Rental.Car] is assessed for? - Display Order - ${e://Fie,excluded,"survey metadata, timing, display-order, randomiser or other-text column"
junk_fees,Car.MCQ_DO_3,Which of the following do you think best represents what [Field-Rental.Car] is assessed for? - Display Order - ${e://Fie,excluded,"survey metadata, timing, display-order, randomiser or other-text column"
junk_fees,Car.MCQ_DO_4,Which of the following do you think best represents what [Field-Rental.Car] is assessed for? - Display Order - ${e://Fie,excluded,"survey metadata, timing, display-order, randomiser or other-text column"
junk_fees,Ticket.MCQ,Which of the following do you think best represents what [Field-Tickets] is assessed for?,excluded,nominal options
junk_fees,Ticket.MCQ_DO_1,Which of the following do you think best represents what [Field-Tickets] is assessed for? - Display Order - ${e://Field/,excluded,"survey metadata, timing, display-order, randomiser or other-text column"
junk_fees,Ticket.MCQ_DO_2,Which of the following do you think best represents what [Field-Tickets] is assessed for? - Display Order - ${e://Field/,excluded,"survey metadata, timing, display-order, randomiser or other-text column"
junk_fees,Ticket.MCQ_DO_3,Which of the following do you think best represents what [Field-Tickets] is assessed for? - Display Order - ${e://Field/,excluded,"survey metadata, timing, display-order, randomiser or other-text column"
junk_fees,Ticket.MCQ_DO_4,Which of the following do you think best represents what [Field-Tickets] is assessed for? - Display Order - ${e://Field/,excluded,"survey metadata, timing, display-order, randomiser or other-text column"
junk_fees,Food.MCQ,Which of the following do you think best represents what [Field-Food] is assessed for?,excluded,nominal options
junk_fees,Food.MCQ_DO_1,Which of the following do you think best represents what [Field-Food] is assessed for? - Display Order - ${e://Field/cor,excluded,"survey metadata, timing, display-order, randomiser or other-text column"
junk_fees,Food.MCQ_DO_2,Which of the following do you think best represents what [Field-Food] is assessed for? - Display Order - ${e://Field/wro,excluded,"survey metadata, timing, display-order, randomiser or other-text column"
junk_fees,Food.MCQ_DO_3,Which of the following do you think best represents what [Field-Food] is assessed for? - Display Order - ${e://Field/wro,excluded,"survey metadata, timing, display-order, randomiser or other-text column"
junk_fees,Food.MCQ_DO_4,Which of the following do you think best represents what [Field-Food] is assessed for? - Display Order - ${e://Field/wro,excluded,"survey metadata, timing, display-order, randomiser or other-text column"
junk_fees,Apart.MCQ,Which of the following do you think best represents what [Field-apartment] is assessed for?,excluded,nominal options
junk_fees,Apart.MCQ_DO_1,Which of the following do you think best represents what [Field-apartment] is assessed for? - Display Order - ${e://Fiel,excluded,"survey metadata, timing, display-order, randomiser or other-text column"
junk_fees,Apart.MCQ_DO_2,Which of the following do you think best represents what [Field-apartment] is assessed for? - Display Order - ${e://Fiel,excluded,"survey metadata, timing, display-order, randomiser or other-text column"
junk_fees,Apart.MCQ_DO_3,Which of the following do you think best represents what [Field-apartment] is assessed for? - Display Order - ${e://Fiel,excluded,"survey metadata, timing, display-order, randomiser or other-text column"
junk_fees,Apart.MCQ_DO_4,Which of the following do you think best represents what [Field-apartment] is assessed for? - Display Order - ${e://Fiel,excluded,"survey metadata, timing, display-order, randomiser or other-text column"
junk_fees,Health.MCQ,Which of the following do you think best represents what [Field-HealthCare] is assessed for?,excluded,nominal options
junk_fees,Health.MCQ_DO_1,Which of the following do you think best represents what [Field-HealthCare] is assessed for? - Display Order - ${e://Fie,excluded,"survey metadata, timing, display-order, randomiser or other-text column"
junk_fees,Health.MCQ_DO_2,Which of the following do you think best represents what [Field-HealthCare] is assessed for? - Display Order - ${e://Fie,excluded,"survey metadata, timing, display-order, randomiser or other-text column"
junk_fees,Health.MCQ_DO_3,Which of the following do you think best represents what [Field-HealthCare] is assessed for? - Display Order - ${e://Fie,excluded,"survey metadata, timing, display-order, randomiser or other-text column"
junk_fees,Health.MCQ_DO_4,Which of the following do you think best represents what [Field-HealthCare] is assessed for? - Display Order - ${e://Fie,excluded,"survey metadata, timing, display-order, randomiser or other-text column"
junk_fees,CC.MCQ ,Which of the following do you think best represents what [Field-CreditCard] is assessed for?,excluded,nominal options
junk_fees,CC.MCQ _DO_1,Which of the following do you think best represents what [Field-CreditCard] is assessed for? - Display Order - ${e://Fie,excluded,"survey metadata, timing, display-order, randomiser or other-text column"
junk_fees,CC.MCQ _DO_2,Which of the following do you think best represents what [Field-CreditCard] is assessed for? - Display Order - ${e://Fie,excluded,"survey metadata, timing, display-order, randomiser or other-text column"
junk_fees,CC.MCQ _DO_3,Which of the following do you think best represents what [Field-CreditCard] is assessed for? - Display Order - ${e://Fie,excluded,"survey metadata, timing, display-order, randomiser or other-text column"
junk_fees,CC.MCQ _DO_4,Which of the following do you think best represents what [Field-CreditCard] is assessed for? - Display Order - ${e://Fie,excluded,"survey metadata, timing, display-order, randomiser or other-text column"
junk_fees,Hotel,Hotel,excluded,no QSF question (embedded data or derived column)
junk_fees,correct.answer,correct.answer,excluded,no QSF question (embedded data or derived column)
junk_fees,wrong.answer1,wrong.answer1,excluded,no QSF question (embedded data or derived column)
junk_fees,wrong.answer2,wrong.answer2,excluded,no QSF question (embedded data or derived column)
junk_fees,wrong.answer3,wrong.answer3,excluded,no QSF question (embedded data or derived column)
junk_fees,Rental.Car,Rental.Car,excluded,no QSF question (embedded data or derived column)
junk_fees,Tickets,Tickets,excluded,no QSF question (embedded data or derived column)
junk_fees,Food,Food,excluded,no QSF question (embedded data or derived column)
junk_fees,apartment,apartment,excluded,no QSF question (embedded data or derived column)
junk_fees,HealthCare,HealthCare,excluded,no QSF question (embedded data or derived column)
junk_fees,CreditCard,CreditCard,excluded,no QSF question (embedded data or derived column)
junk_fees,FL_143_DO_FL_4,FL_143 - Block Randomizer - Display Order - FL_4,excluded,"survey metadata, timing, display-order, randomiser or other-text column"
junk_fees,FL_143_DO_FL_37,FL_143 - Block Randomizer - Display Order - FL_37,excluded,"survey metadata, timing, display-order, randomiser or other-text column"
junk_fees,FL_143_DO_FL_89,FL_143 - Block Randomizer - Display Order - FL_89,excluded,"survey metadata, timing, display-order, randomiser or other-text column"
junk_fees,FL_143_DO_FL_106,FL_143 - Block Randomizer - Display Order - FL_106,excluded,"survey metadata, timing, display-order, randomiser or other-text column"
junk_fees,FL_143_DO_FL_120,FL_143 - Block Randomizer - Display Order - FL_120,excluded,"survey metadata, timing, display-order, randomiser or other-text column"
junk_fees,FL_143_DO_FL_182,FL_143 - Block Randomizer - Display Order - FL_182,excluded,"survey metadata, timing, display-order, randomiser or other-text column"
junk_fees,FL_5_DO_FL_3,FL_5 - Block Randomizer - Display Order - FL_3,excluded,"survey metadata, timing, display-order, randomiser or other-text column"
junk_fees,FL_5_DO_FL_7,FL_5 - Block Randomizer - Display Order - FL_7,excluded,"survey metadata, timing, display-order, randomiser or other-text column"
junk_fees,FL_5_DO_FL_32,FL_5 - Block Randomizer - Display Order - FL_32,excluded,"survey metadata, timing, display-order, randomiser or other-text column"
junk_fees,FL_38_DO_FL_54,FL_38 - Block Randomizer - Display Order - FL_54,excluded,"survey metadata, timing, display-order, randomiser or other-text column"
junk_fees,FL_38_DO_FL_61,FL_38 - Block Randomizer - Display Order - FL_61,excluded,"survey metadata, timing, display-order, randomiser or other-text column"
junk_fees,FL_38_DO_FL_62,FL_38 - Block Randomizer - Display Order - FL_62,excluded,"survey metadata, timing, display-order, randomiser or other-text column"
junk_fees,FL_38_DO_FL_181,FL_38 - Block Randomizer - Display Order - FL_181,excluded,"survey metadata, timing, display-order, randomiser or other-text column"
junk_fees,FL_90_DO_FL_91,FL_90 - Block Randomizer - Display Order - FL_91,excluded,"survey metadata, timing, display-order, randomiser or other-text column"
junk_fees,FL_90_DO_FL_103,FL_90 - Block Randomizer - Display Order - FL_103,excluded,"survey metadata, timing, display-order, randomiser or other-text column"
junk_fees,FL_90_DO_FL_104,FL_90 - Block Randomizer - Display Order - FL_104,excluded,"survey metadata, timing, display-order, randomiser or other-text column"
junk_fees,FL_107_DO_FL_108,FL_107 - Block Randomizer - Display Order - FL_108,excluded,"survey metadata, timing, display-order, randomiser or other-text column"
junk_fees,FL_107_DO_FL_117,FL_107 - Block Randomizer - Display Order - FL_117,excluded,"survey metadata, timing, display-order, randomiser or other-text column"
junk_fees,FL_107_DO_FL_118,FL_107 - Block Randomizer - Display Order - FL_118,excluded,"survey metadata, timing, display-order, randomiser or other-text column"
junk_fees,FL_121_DO_FL_122,FL_121 - Block Randomizer - Display Order - FL_122,excluded,"survey metadata, timing, display-order, randomiser or other-text column"
junk_fees,FL_121_DO_FL_131,FL_121 - Block Randomizer - Display Order - FL_131,excluded,"survey metadata, timing, display-order, randomiser or other-text column"
junk_fees,FL_121_DO_FL_133,FL_121 - Block Randomizer - Display Order - FL_133,excluded,"survey metadata, timing, display-order, randomiser or other-text column"
junk_fees,FL_182_DO_FL_162,FL_182 - Block Randomizer - Display Order - FL_162,excluded,"survey metadata, timing, display-order, randomiser or other-text column"
junk_fees,FL_182_DO_FL_152,FL_182 - Block Randomizer - Display Order - FL_152,excluded,"survey metadata, timing, display-order, randomiser or other-text column"
junk_fees,FL_182_DO_FL_183,FL_182 - Block Randomizer - Display Order - FL_183,excluded,"survey metadata, timing, display-order, randomiser or other-text column"
junk_fees,FL_163_DO_FL_164,FL_163 - Block Randomizer - Display Order - FL_164,excluded,"survey metadata, timing, display-order, randomiser or other-text column"
junk_fees,FL_153_DO_FL_154,FL_153 - Block Randomizer - Display Order - FL_154,excluded,"survey metadata, timing, display-order, randomiser or other-text column"
junk_fees,FL_153_DO_FL_155,FL_153 - Block Randomizer - Display Order - FL_155,excluded,"survey metadata, timing, display-order, randomiser or other-text column"
junk_fees,FL_184_DO_FL_185,FL_184 - Block Randomizer - Display Order - FL_185,excluded,"survey metadata, timing, display-order, randomiser or other-text column"
junk_fees,FL_184_DO_FL_186,FL_184 - Block Randomizer - Display Order - FL_186,excluded,"survey metadata, timing, display-order, randomiser or other-text column"
junk_fees,Unnamed: 151,nan,excluded,no QSF question (embedded data or derived column)
obedient_twins,StartDate,Start Date,excluded,"survey metadata, timing, display-order, randomiser or other-text column"
obedient_twins,EndDate,End Date,excluded,"survey metadata, timing, display-order, randomiser or other-text column"
obedient_twins,Progress,Progress,excluded,"survey metadata, timing, display-order, randomiser or other-text column"
obedient_twins,Duration (in seconds),Duration (in seconds),excluded,"survey metadata, timing, display-order, randomiser or other-text column"
obedient_twins,Finished,Finished,excluded,"survey metadata, timing, display-order, randomiser or other-text column"
obedient_twins,RecordedDate,Recorded Date,excluded,"survey metadata, timing, display-order, randomiser or other-text column"
obedient_twins,consent non_twins,CONSENT TO PARTICIPATE The project is titled “Technology and Psychological Processes” (Protocol Number: AAAS7725) and is,excluded,constant in the human file
obedient_twins,consent twins,CONSENT TO PARTICIPATE The project is titled “Technology and Psychological Processes” (Protocol Number: AAAS7725) and is,excluded,empty in the human file
obedient_twins,Q57,This is an anonymous survey consisting of multiple questions. Several questions are open-ended where you need to type a ,excluded,empty in the human file
obedient_twins,Q4_First Click,Timing - First Click,excluded,"survey metadata, timing, display-order, randomiser or other-text column"
obedient_twins,Q4_Last Click,Timing - Last Click,excluded,"survey metadata, timing, display-order, randomiser or other-text column"
obedient_twins,Q4_Page Submit,Timing - Page Submit,excluded,"survey metadata, timing, display-order, randomiser or other-text column"
obedient_twins,Q4_Click Count,Timing - Click Count,excluded,"survey metadata, timing, display-order, randomiser or other-text column"
obedient_twins,argument,One compelling argument [Field-side3] universal basic income is...,excluded,empty in the human file
obedient_twins,side1,side1,excluded,no QSF question (embedded data or derived column)
obedient_twins,side2,side2,excluded,no QSF question (embedded data or derived column)
obedient_twins,side3,side3,excluded,no QSF question (embedded data or derived column)
obedient_twins,side 2,side 2,excluded,no QSF question (embedded data or derived column)
obedient_twins,absurd_1,absurd_1,excluded,no QSF question (embedded data or derived column)
obedient_twins,absurd_2,absurd_2,excluded,no QSF question (embedded data or derived column)
obedient_twins,absurd_3,absurd_3,excluded,no QSF question (embedded data or derived column)
obedient_twins,s_1,s_1,excluded,no QSF question (embedded data or derived column)
obedient_twins,s_2,s_2,excluded,no QSF question (embedded data or derived column)
obedient_twins,s_3,s_3,excluded,no QSF question (embedded data or derived column)
obedient_twins,FL_42_DO_FL_29,FL_42 - Block Randomizer - Display Order - FL_29,excluded,"survey metadata, timing, display-order, randomiser or other-text column"
obedient_twins,FL_42_DO_FL_43,FL_42 - Block Randomizer - Display Order - FL_43,excluded,"survey metadata, timing, display-order, randomiser or other-text column"
obedient_twins,FL_6_DO_FL_7,FL_6 - Block Randomizer - Display Order - FL_7,excluded,"survey metadata, timing, display-order, randomiser or other-text column"
obedient_twins,FL_6_DO_FL_8,FL_6 - Block Randomizer - Display Order - FL_8,excluded,"survey metadata, timing, display-order, randomiser or other-text column"
obedient_twins,FL_15_DO_FL_16,FL_15 - Block Randomizer - Display Order - FL_16,excluded,"survey metadata, timing, display-order, randomiser or other-text column"
obedient_twins,FL_15_DO_FL_17,FL_15 - Block Randomizer - Display Order - FL_17,excluded,"survey metadata, timing, display-order, randomiser or other-text column"
obedient_twins,FL_12_DO_FL_13,FL_12 - Block Randomizer - Display Order - FL_13,excluded,"survey metadata, timing, display-order, randomiser or other-text column"
obedient_twins,FL_12_DO_FL_14,FL_12 - Block Randomizer - Display Order - FL_14,excluded,"survey metadata, timing, display-order, randomiser or other-text column"
obedient_twins,FL_50_DO_FL_51,FL_50 - Block Randomizer - Display Order - FL_51,excluded,"survey metadata, timing, display-order, randomiser or other-text column"
obedient_twins,FL_50_DO_FL_52,FL_50 - Block Randomizer - Display Order - FL_52,excluded,"survey metadata, timing, display-order, randomiser or other-text column"
obedient_twins,FL_59_DO_FL_60,FL_59 - Block Randomizer - Display Order - FL_60,excluded,"survey metadata, timing, display-order, randomiser or other-text column"
obedient_twins,FL_59_DO_FL_61,FL_59 - Block Randomizer - Display Order - FL_61,excluded,"survey metadata, timing, display-order, randomiser or other-text column"
obedient_twins,FL_56_DO_FL_57,FL_56 - Block Randomizer - Display Order - FL_57,excluded,"survey metadata, timing, display-order, randomiser or other-text column"
obedient_twins,FL_56_DO_FL_58,FL_56 - Block Randomizer - Display Order - FL_58,excluded,"survey metadata, timing, display-order, randomiser or other-text column"
obedient_twins,Imagine1_DO_i1_2,Imagine 1 - Display Order - i1_2,excluded,"survey metadata, timing, display-order, randomiser or other-text column"
obedient_twins,Imagine1_DO_Q9,Imagine 1 - Display Order - Q9,excluded,"survey metadata, timing, display-order, randomiser or other-text column"
obedient_twins,Imagine1_DO_Q8,Imagine 1 - Display Order - Q8,excluded,"survey metadata, timing, display-order, randomiser or other-text column"
obedient_twins,Imagine1_DO_i1_1,Imagine 1 - Display Order - i1_1,excluded,"survey metadata, timing, display-order, randomiser or other-text column"
obedient_twins,Imagine2_DO_i2_2,Imagine 2 - Display Order - i2_2,excluded,"survey metadata, timing, display-order, randomiser or other-text column"
obedient_twins,Imagine2_DO_i2_1,Imagine 2 - Display Order - i2_1,excluded,"survey metadata, timing, display-order, randomiser or other-text column"
obedient_twins,Imagine2_DO_Q12,Imagine 2 - Display Order - Q12,excluded,"survey metadata, timing, display-order, randomiser or other-text column"
obedient_twins,Imagine2_DO_Q11,Imagine 2 - Display Order - Q11,excluded,"survey metadata, timing, display-order, randomiser or other-text column"
obedient_twins,Imagine3_DO_i3_1,Imagine 3 - Display Order - i3_1,excluded,"survey metadata, timing, display-order, randomiser or other-text column"
obedient_twins,Imagine3_DO_Q18,Imagine 3 - Display Order - Q18,excluded,"survey metadata, timing, display-order, randomiser or other-text column"
obedient_twins,Imagine3_DO_Q17,Imagine 3 - Display Order - Q17,excluded,"survey metadata, timing, display-order, randomiser or other-text column"
obedient_twins,Imagine3_DO_i3_2,Imagine 3 - Display Order - i3_2,excluded,"survey metadata, timing, display-order, randomiser or other-text column"
obedient_twins,Unnamed: 62,nan,excluded,no QSF question (embedded data or derived column)
preference_redistribution,StartDate,Start Date,excluded,"survey metadata, timing, display-order, randomiser or other-text column"
preference_redistribution,EndDate,End Date,excluded,"survey metadata, timing, display-order, randomiser or other-text column"
preference_redistribution,Progress,Progress,excluded,"survey metadata, timing, display-order, randomiser or other-text column"
preference_redistribution,Duration (in seconds),Duration (in seconds),excluded,"survey metadata, timing, display-order, randomiser or other-text column"
preference_redistribution,Finished,Finished,excluded,"survey metadata, timing, display-order, randomiser or other-text column"
preference_redistribution,RecordedDate,Recorded Date,excluded,"survey metadata, timing, display-order, randomiser or other-text column"
preference_redistribution,SETTYPE,Which of the following best describes the area where you currently live?,excluded,nominal options
preference_redistribution,DWELOWN_GSS,"Currently, do you (or does your family) own your home, pay rent, or something else?",excluded,"has a don't-know, other, not-sure or not-applicable option"
preference_redistribution,BUS_CPS,Do you or anyone in your household have a business or a farm?,excluded,"has a don't-know, other, not-sure or not-applicable option"
preference_redistribution,PUWC_CPS,"Last week, did you do ANY work for either pay or profit?",excluded,nominal options
preference_redistribution,V1-V2_ATUS,"Now we’d like to ask you about volunteer activities, that is, activities for which people are not paid, except perhaps e",excluded,"has a don't-know, other, not-sure or not-applicable option"
preference_redistribution,HEALTH_GSS,"Would you say your own health, in general, is excellent, good, fair, or poor?",excluded,"has a don't-know, other, not-sure or not-applicable option"
preference_redistribution,POORSERV_GSS,In your day-to-day life how often do you receive poorer service than other people at restaurants or stores?,excluded,"has a don't-know, other, not-sure or not-applicable option"
preference_redistribution,HLTHWEB_GSS,"During the past 12 months, how often, if at all, did you use the internet on any device (such as computers, tablets and ",excluded,"has a don't-know, other, not-sure or not-applicable option"
preference_redistribution,SATFIN_GSS,"We are interested in how people are getting along financially these days. So far as you and your family are concerned, h",excluded,"has a don't-know, other, not-sure or not-applicable option"
preference_redistribution,JOBLOSE_GSS,"Thinking about the next 12 months, how likely do you think it is that you will lose your job or be laid off?",excluded,"has a don't-know, other, not-sure or not-applicable option"
preference_redistribution,TRUST_GSS,"Generally speaking, would you say that most people can be trusted or that you can't be too careful in dealing with peopl",excluded,"has a don't-know, other, not-sure or not-applicable option"
preference_redistribution,CONBUS_GSS,"As far as the people running the MAJOR COMPANIES in this country are concerned, would you say you have a great deal of c",excluded,"has a don't-know, other, not-sure or not-applicable option"
preference_redistribution,CONPRESS_GSS,"As far as the people running the PRESS in this country are concerned, would you say you have a great deal of confidence,",excluded,"has a don't-know, other, not-sure or not-applicable option"
preference_redistribution,ATTENTION_CHECK,"To ensure you're paying attention, please select “Don’t know” as your answer to this question:",excluded,"has a don't-know, other, not-sure or not-applicable option"
preference_redistribution,FAMSUFFR_GSS,"To what extent do you agree or disagree with the following statement? All in all, family life suffers when the woman has",excluded,"has a don't-know, other, not-sure or not-applicable option"
preference_redistribution,IMMJOBS_GSS,"There are different opinions about immigrants from other countries living in America. By ""immigrants"" we mean people who",excluded,"has a don't-know, other, not-sure or not-applicable option"
preference_redistribution,AFFRMACT_GSS,"Some people say that because of past discrimination, Black people should be given preference in hiring and promotion. Ot",excluded,"has a don't-know, other, not-sure or not-applicable option"
preference_redistribution,GOVT_RESPONSIBILITY,We would like to talk with you about issues some people tell us are important. Some people think that the government in ,excluded,"has a don't-know, other, not-sure or not-applicable option"
preference_redistribution,HLTHTAX,How willing would you be to pay higher taxes to improve the level of health care for all people in the United States? Wo,excluded,"has a don't-know, other, not-sure or not-applicable option"
preference_redistribution,GETAHEAD,Some people say that people get ahead by their own hard work; others say that lucky breaks or help from other people are,excluded,"has a don't-know, other, not-sure or not-applicable option"
preference_redistribution,FAIR,"Do you think most people would try to take advantage of you if they got a chance, or would they try to be fair?",excluded,"has a don't-know, other, not-sure or not-applicable option"
preference_redistribution,FAEDUC,What is the highest level of education your father completed?,excluded,demographic or party item (a grouping variable)
preference_redistribution,CONCERNCO_PEW,How concerned are you about how companies are using the data they collect online about you?,excluded,"has a don't-know, other, not-sure or not-applicable option"
preference_redistribution,TIKTOK,"There are worries that the Chinese government could access personal information from American users of TikTok, a social ",excluded,"has a don't-know, other, not-sure or not-applicable option"
preference_redistribution,VOTE20_GSS,"In 2020, you remember that Joe Biden ran for President on the Democratic ticket against Donald Trump for the Republicans",excluded,"has a don't-know, other, not-sure or not-applicable option"
preference_redistribution,PRES20_GSS,"In 2020, Did you vote for Joe Biden or Donald Trump?",excluded,"has a don't-know, other, not-sure or not-applicable option"
privacy,StartDate,Start Date,excluded,"survey metadata, timing, display-order, randomiser or other-text column"
privacy,EndDate,End Date,excluded,"survey metadata, timing, display-order, randomiser or other-text column"
privacy,Status,Response Type,excluded,"survey metadata, timing, display-order, randomiser or other-text column"
privacy,Progress,Progress,excluded,"survey metadata, timing, display-order, randomiser or other-text column"
privacy,Duration (in seconds),Duration (in seconds),excluded,"survey metadata, timing, display-order, randomiser or other-text column"
privacy,Finished,Finished,excluded,"survey metadata, timing, display-order, randomiser or other-text column"
privacy,RecordedDate,Recorded Date,excluded,"survey metadata, timing, display-order, randomiser or other-text column"
privacy,ResponseId,Response ID,excluded,"survey metadata, timing, display-order, randomiser or other-text column"
privacy,RecipientLastName,Recipient Last Name,excluded,"survey metadata, timing, display-order, randomiser or other-text column"
privacy,RecipientFirstName,Recipient First Name,excluded,"survey metadata, timing, display-order, randomiser or other-text column"
privacy,RecipientEmail,Recipient Email,excluded,"survey metadata, timing, display-order, randomiser or other-text column"
privacy,ExternalReference,External Data Reference,excluded,"survey metadata, timing, display-order, randomiser or other-text column"
privacy,DistributionChannel,Distribution Channel,excluded,"survey metadata, timing, display-order, randomiser or other-text column"
privacy,UserLanguage,User Language,excluded,"survey metadata, timing, display-order, randomiser or other-text column"
privacy,Q1_Browser,Browser Meta Info - Browser,excluded,"survey metadata, timing, display-order, randomiser or other-text column"
privacy,Q1_Version,Browser Meta Info - Version,excluded,"survey metadata, timing, display-order, randomiser or other-text column"
privacy,Q1_Operating System,Browser Meta Info - Operating System,excluded,"survey metadata, timing, display-order, randomiser or other-text column"
privacy,Q1_Resolution,Browser Meta Info - Resolution,excluded,"survey metadata, timing, display-order, randomiser or other-text column"
privacy,Q2_1,"Based on the scenario described above, ... - ... do you perceive your privacy to be violated?",excluded,question type DB/TB not read as a rating
privacy,Q2_1.1,"Based on the scenario described above, ... - ... do you perceive your privacy to be violated?",excluded,question type DB/TB not read as a rating
privacy,Group,Group,excluded,no QSF question (embedded data or derived column)
privacy,Create New Field or Choose From Dropdown...,Create New Field or Choose From Dropdown...,excluded,no QSF question (embedded data or derived column)
privacy,FL_4_DO_FL_28,FL_4 - Block Randomizer - Display Order - FL_28,excluded,"survey metadata, timing, display-order, randomiser or other-text column"
privacy,FL_4_DO_FL_29,FL_4 - Block Randomizer - Display Order - FL_29,excluded,"survey metadata, timing, display-order, randomiser or other-text column"
privacy,FL_4_DO_FL_30,FL_4 - Block Randomizer - Display Order - FL_30,excluded,"survey metadata, timing, display-order, randomiser or other-text column"
privacy,FL_4_DO_FL_31,FL_4 - Block Randomizer - Display Order - FL_31,excluded,"survey metadata, timing, display-order, randomiser or other-text column"
privacy,FL_4_DO_FL_32,FL_4 - Block Randomizer - Display Order - FL_32,excluded,"survey metadata, timing, display-order, randomiser or other-text column"
privacy,FL_4_DO_FL_34,FL_4 - Block Randomizer - Display Order - FL_34,excluded,"survey metadata, timing, display-order, randomiser or other-text column"
promiscuous_donors,StartDate,Start Date,excluded,"survey metadata, timing, display-order, randomiser or other-text column"
promiscuous_donors,EndDate,End Date,excluded,"survey metadata, timing, display-order, randomiser or other-text column"
promiscuous_donors,Progress,Progress,excluded,"survey metadata, timing, display-order, randomiser or other-text column"
promiscuous_donors,Duration (in seconds),Duration (in seconds),excluded,"survey metadata, timing, display-order, randomiser or other-text column"
promiscuous_donors,Finished,Finished,excluded,"survey metadata, timing, display-order, randomiser or other-text column"
promiscuous_donors,RecordedDate,Recorded Date,excluded,"survey metadata, timing, display-order, randomiser or other-text column"
promiscuous_donors,botcheck1,"... thirteen, fourteen, fifteen, sixteen, ________, eighteen, nineteen... What number belongs in the blank space? Please",excluded,constant in the human file
promiscuous_donors,botcheck2,Is the following statement true or false? Strawberries are generally red,excluded,"has a don't-know, other, not-sure or not-applicable option"
promiscuous_donors,Q403_Browser,Click to write the question text - Browser,excluded,"survey metadata, timing, display-order, randomiser or other-text column"
promiscuous_donors,Q403_Version,Click to write the question text - Version,excluded,"survey metadata, timing, display-order, randomiser or other-text column"
promiscuous_donors,Q403_Operating System,Click to write the question text - Operating System,excluded,"survey metadata, timing, display-order, randomiser or other-text column"
promiscuous_donors,Q403_Resolution,Click to write the question text - Resolution,excluded,"survey metadata, timing, display-order, randomiser or other-text column"
promiscuous_donors,Q635,"In this study, we will ask you to answer a few questions regarding your views. You must be over 18 years of age to parti",excluded,constant in the human file
promiscuous_donors,Q313,What is your gender? - Selected Choice,excluded,"has a don't-know, other, not-sure or not-applicable option"
promiscuous_donors,Q313_3_TEXT,"What is your gender? - Other, please specify: - Text",excluded,"survey metadata, timing, display-order, randomiser or other-text column"
promiscuous_donors,Q326,What is your age?,excluded,demographic or party item (a grouping variable)
promiscuous_donors,oonservative,Here is a seven-point scale on which the political views that people might hold are arranged from extremely liberal to e,excluded,demographic or party item (a grouping variable)
promiscuous_donors,Q315,"Generally speaking, do you usually think of yourself as a Republican, a Democrat, an independent, or something else? - S",excluded,"has a don't-know, other, not-sure or not-applicable option"
promiscuous_donors,Q315_4_TEXT,"Generally speaking, do you usually think of yourself as a Republican, a Democrat, an independent, or something else? - O",excluded,"survey metadata, timing, display-order, randomiser or other-text column"
promiscuous_donors,lean,"As of today, do you lean more towards the Republican Party or more towards the Democratic Party?",excluded,nominal options
promiscuous_donors,strong_rep,Would you call yourself a strong Republican or not a very strong Republican?,excluded,demographic or party item (a grouping variable)
promiscuous_donors,strong_dem,Would you call yourself a strong Democrat or not a very strong Democrat?,excluded,demographic or party item (a grouping variable)
promiscuous_donors,OpenEndedComments,"Thank you for completing the survey. If you have any comments about the survey, please let us know.",excluded,empty in the human file
promiscuous_donors,rid,rid,excluded,no QSF question (embedded data or derived column)
promiscuous_donors,age,age,excluded,demographic or party item (a grouping variable)
promiscuous_donors,gender,gender,excluded,nominal options
promiscuous_donors,hhi,hhi,excluded,no QSF question (embedded data or derived column)
promiscuous_donors,ethnicity,ethnicity,excluded,no QSF question (embedded data or derived column)
promiscuous_donors,hispanic,hispanic,excluded,no QSF question (embedded data or derived column)
promiscuous_donors,education,education,excluded,no QSF question (embedded data or derived column)
promiscuous_donors,political_party,political_party,excluded,no QSF question (embedded data or derived column)
promiscuous_donors,region,region,excluded,no QSF question (embedded data or derived column)
promiscuous_donors,zip,zip,excluded,no QSF question (embedded data or derived column)
promiscuous_donors,party_1,party_1,excluded,no QSF question (embedded data or derived column)
promiscuous_donors,party_2,party_2,excluded,no QSF question (embedded data or derived column)
promiscuous_donors,party_3,party_3,excluded,no QSF question (embedded data or derived column)
promiscuous_donors,party_4,party_4,excluded,no QSF question (embedded data or derived column)
promiscuous_donors,party_5,party_5,excluded,no QSF question (embedded data or derived column)
promiscuous_donors,party_6,party_6,excluded,no QSF question (embedded data or derived column)
promiscuous_donors,party_7,party_7,excluded,no QSF question (embedded data or derived column)
promiscuous_donors,party_8,party_8,excluded,no QSF question (embedded data or derived column)
promiscuous_donors,party_9,party_9,excluded,no QSF question (embedded data or derived column)
promiscuous_donors,party_10,party_10,excluded,no QSF question (embedded data or derived column)
promiscuous_donors,party_11,party_11,excluded,no QSF question (embedded data or derived column)
promiscuous_donors,occupation_1,occupation_1,excluded,no QSF question (embedded data or derived column)
promiscuous_donors,occupation_2,occupation_2,excluded,no QSF question (embedded data or derived column)
promiscuous_donors,occupation_3,occupation_3,excluded,no QSF question (embedded data or derived column)
promiscuous_donors,occupation_4,occupation_4,excluded,no QSF question (embedded data or derived column)
promiscuous_donors,occupation_5,occupation_5,excluded,no QSF question (embedded data or derived column)
promiscuous_donors,occupation_6,occupation_6,excluded,no QSF question (embedded data or derived column)
promiscuous_donors,occupation_7,occupation_7,excluded,no QSF question (embedded data or derived column)
promiscuous_donors,occupation_8,occupation_8,excluded,no QSF question (embedded data or derived column)
promiscuous_donors,occupation_9,occupation_9,excluded,no QSF question (embedded data or derived column)
promiscuous_donors,occupation_10,occupation_10,excluded,no QSF question (embedded data or derived column)
promiscuous_donors,history_1,history_1,excluded,no QSF question (embedded data or derived column)
promiscuous_donors,history_2,history_2,excluded,no QSF question (embedded data or derived column)
promiscuous_donors,history_3,history_3,excluded,no QSF question (embedded data or derived column)
promiscuous_donors,history_4,history_4,excluded,no QSF question (embedded data or derived column)
promiscuous_donors,history_5,history_5,excluded,no QSF question (embedded data or derived column)
promiscuous_donors,history_6,history_6,excluded,no QSF question (embedded data or derived column)
promiscuous_donors,history_7,history_7,excluded,no QSF question (embedded data or derived column)
promiscuous_donors,history_8,history_8,excluded,no QSF question (embedded data or derived column)
promiscuous_donors,history_9,history_9,excluded,no QSF question (embedded data or derived column)
promiscuous_donors,history_10,history_10,excluded,no QSF question (embedded data or derived column)
promiscuous_donors,donation_1,donation_1,excluded,no QSF question (embedded data or derived column)
promiscuous_donors,donation_2,donation_2,excluded,no QSF question (embedded data or derived column)
promiscuous_donors,donation_3,donation_3,excluded,no QSF question (embedded data or derived column)
promiscuous_donors,donation_4,donation_4,excluded,no QSF question (embedded data or derived column)
promiscuous_donors,donation_5,donation_5,excluded,no QSF question (embedded data or derived column)
promiscuous_donors,donation_6,donation_6,excluded,no QSF question (embedded data or derived column)
promiscuous_donors,donation_7,donation_7,excluded,no QSF question (embedded data or derived column)
promiscuous_donors,donation_8,donation_8,excluded,no QSF question (embedded data or derived column)
promiscuous_donors,donation_9,donation_9,excluded,no QSF question (embedded data or derived column)
promiscuous_donors,donation_10,donation_10,excluded,no QSF question (embedded data or derived column)
quantitative_intuition,StartDate,Start Date,excluded,"survey metadata, timing, display-order, randomiser or other-text column"
quantitative_intuition,EndDate,End Date,excluded,"survey metadata, timing, display-order, randomiser or other-text column"
quantitative_intuition,Progress,Progress,excluded,"survey metadata, timing, display-order, randomiser or other-text column"
quantitative_intuition,Duration (in seconds),Duration (in seconds),excluded,"survey metadata, timing, display-order, randomiser or other-text column"
quantitative_intuition,Finished,Finished,excluded,"survey metadata, timing, display-order, randomiser or other-text column"
quantitative_intuition,RecordedDate,Recorded Date,excluded,"survey metadata, timing, display-order, randomiser or other-text column"
quantitative_intuition,Informed Consent,Ever wonder why you spend 15 minutes deciding what to watch on Netflix or why seasoned teams at work struggle to make to,excluded,constant in the human file
quantitative_intuition,Q20_DO_1,Please read the following statements and indicate the extent to which you agree or disagree. - Display Order - I have a ,excluded,"survey metadata, timing, display-order, randomiser or other-text column"
quantitative_intuition,Q20_DO_2,Please read the following statements and indicate the extent to which you agree or disagree. - Display Order - Data-driv,excluded,"survey metadata, timing, display-order, randomiser or other-text column"
quantitative_intuition,Q20_DO_3,Please read the following statements and indicate the extent to which you agree or disagree. - Display Order - I effecti,excluded,"survey metadata, timing, display-order, randomiser or other-text column"
quantitative_intuition,Q20_DO_4,Please read the following statements and indicate the extent to which you agree or disagree. - Display Order - I am conf,excluded,"survey metadata, timing, display-order, randomiser or other-text column"
quantitative_intuition,Q20_DO_5,Please read the following statements and indicate the extent to which you agree or disagree. - Display Order - My collea,excluded,"survey metadata, timing, display-order, randomiser or other-text column"
quantitative_intuition,Q20_DO_6,Please read the following statements and indicate the extent to which you agree or disagree. - Display Order - I prefer ,excluded,"survey metadata, timing, display-order, randomiser or other-text column"
quantitative_intuition,Q20_DO_7,Please read the following statements and indicate the extent to which you agree or disagree. - Display Order - I hold of,excluded,"survey metadata, timing, display-order, randomiser or other-text column"
quantitative_intuition,Q20_DO_8,Please read the following statements and indicate the extent to which you agree or disagree. - Display Order - I often v,excluded,"survey metadata, timing, display-order, randomiser or other-text column"
quantitative_intuition,Q20_DO_9,Please read the following statements and indicate the extent to which you agree or disagree. - Display Order - Please se,excluded,"survey metadata, timing, display-order, randomiser or other-text column"
quantitative_intuition,Q20_DO_10,Please read the following statements and indicate the extent to which you agree or disagree. - Display Order - I am skil,excluded,"survey metadata, timing, display-order, randomiser or other-text column"
quantitative_intuition,Q20_DO_11,Please read the following statements and indicate the extent to which you agree or disagree. - Display Order - I like to,excluded,"survey metadata, timing, display-order, randomiser or other-text column"
quantitative_intuition,Q20_DO_12,Please read the following statements and indicate the extent to which you agree or disagree. - Display Order - I am good,excluded,"survey metadata, timing, display-order, randomiser or other-text column"
quantitative_intuition,Q20_DO_13,Please read the following statements and indicate the extent to which you agree or disagree. - Display Order - I don't f,excluded,"survey metadata, timing, display-order, randomiser or other-text column"
quantitative_intuition,Q20_DO_14,Please read the following statements and indicate the extent to which you agree or disagree. - Display Order - When pres,excluded,"survey metadata, timing, display-order, randomiser or other-text column"
quantitative_intuition,Q20_DO_15,Please read the following statements and indicate the extent to which you agree or disagree. - Display Order - I priorit,excluded,"survey metadata, timing, display-order, randomiser or other-text column"
quantitative_intuition,Q20_DO_16,Please read the following statements and indicate the extent to which you agree or disagree. - Display Order - I take a ,excluded,"survey metadata, timing, display-order, randomiser or other-text column"
quantitative_intuition,Q20_DO_17,Please read the following statements and indicate the extent to which you agree or disagree. - Display Order - I wait fo,excluded,"survey metadata, timing, display-order, randomiser or other-text column"
quantitative_intuition,Q20_DO_18,Please read the following statements and indicate the extent to which you agree or disagree. - Display Order - I strive ,excluded,"survey metadata, timing, display-order, randomiser or other-text column"
quantitative_intuition,Q20_DO_19,Please read the following statements and indicate the extent to which you agree or disagree. - Display Order - I struggl,excluded,"survey metadata, timing, display-order, randomiser or other-text column"
quantitative_intuition,Q20_DO_20,Please read the following statements and indicate the extent to which you agree or disagree. - Display Order - Before ma,excluded,"survey metadata, timing, display-order, randomiser or other-text column"
quantitative_intuition,Q1_DO_1,"Q1 - Display Order - I notice when things feel off, even without clear evidence",excluded,"survey metadata, timing, display-order, randomiser or other-text column"
quantitative_intuition,Q1_DO_2,Q1 - Display Order - Others view me as someone who is future-focused,excluded,"survey metadata, timing, display-order, randomiser or other-text column"
quantitative_intuition,Q1_DO_3,Q1 - Display Order - More time should be spent defining the problem than analyzing the data,excluded,"survey metadata, timing, display-order, randomiser or other-text column"
quantitative_intuition,Q1_DO_4,Q1 - Display Order - I often think about the decision to be made before conducting analysis,excluded,"survey metadata, timing, display-order, randomiser or other-text column"
quantitative_intuition,Q1_DO_5,Q1 - Display Order - I often disregard my inner voice when making decisions,excluded,"survey metadata, timing, display-order, randomiser or other-text column"
quantitative_intuition,Q1_DO_6,"Q1 - Display Order - I structure my communication around the recommendation, not the data",excluded,"survey metadata, timing, display-order, randomiser or other-text column"
quantitative_intuition,Q1_DO_7,"Q1 - Display Order - I often think about how things feel overall, rather than analyzing each part",excluded,"survey metadata, timing, display-order, randomiser or other-text column"
quantitative_intuition,Q1_DO_8,Q1 - Display Order - I find that my intial intuition is often correct,excluded,"survey metadata, timing, display-order, randomiser or other-text column"
quantitative_intuition,Q1_DO_9,Q1 - Display Order - I consider my intuition an important input when making decisions,excluded,"survey metadata, timing, display-order, randomiser or other-text column"
quantitative_intuition,Q1_DO_10,Q1 - Display Order - I often make connections between unrelated topics,excluded,"survey metadata, timing, display-order, randomiser or other-text column"
quantitative_intuition,Q1_DO_11,Q1 - Display Order - I find it challenging to make decisions under tight time constraints,excluded,"survey metadata, timing, display-order, randomiser or other-text column"
quantitative_intuition,Q1_DO_12,Q1 - Display Order - I am open to exploring unconventional solutions,excluded,"survey metadata, timing, display-order, randomiser or other-text column"
quantitative_intuition,Q1_DO_13,Q1 - Display Order - I am comfortable figuring things out as I go,excluded,"survey metadata, timing, display-order, randomiser or other-text column"
quantitative_intuition,Q1_DO_14,Q1 - Display Order - I often challenge the status quo,excluded,"survey metadata, timing, display-order, randomiser or other-text column"
quantitative_intuition,Q1_DO_15,Q1 - Display Order - I find abstract concepts more engaging than concrete facts,excluded,"survey metadata, timing, display-order, randomiser or other-text column"
quantitative_intuition,Q1_DO_16,Q1 - Display Order - I am considered as someone who challenges the status quo,excluded,"survey metadata, timing, display-order, randomiser or other-text column"
quantitative_intuition,Q1_DO_17,Q1 - Display Order - I use trial and error as a valuable part of the learning process,excluded,"survey metadata, timing, display-order, randomiser or other-text column"
quantitative_intuition,Q1_DO_18,Q1 - Display Order - People see me as someone who ask thought-provoking questions,excluded,"survey metadata, timing, display-order, randomiser or other-text column"
quantitative_intuition,Q1_DO_19,Q1 - Display Order - My colleagues view me as someone who sees the big picture,excluded,"survey metadata, timing, display-order, randomiser or other-text column"
quantitative_intuition,Q32,Please type “-3” here,excluded,attention check
quantitative_intuition,Q22_DO_1,Please read the following statements about your organization and indicate the extent to which you agree or disagree. If ,excluded,"survey metadata, timing, display-order, randomiser or other-text column"
quantitative_intuition,Q22_DO_2,Please read the following statements about your organization and indicate the extent to which you agree or disagree. If ,excluded,"survey metadata, timing, display-order, randomiser or other-text column"
quantitative_intuition,Q22_DO_3,Please read the following statements about your organization and indicate the extent to which you agree or disagree. If ,excluded,"survey metadata, timing, display-order, randomiser or other-text column"
quantitative_intuition,Q22_DO_4,Please read the following statements about your organization and indicate the extent to which you agree or disagree. If ,excluded,"survey metadata, timing, display-order, randomiser or other-text column"
quantitative_intuition,Q22_DO_5,Please read the following statements about your organization and indicate the extent to which you agree or disagree. If ,excluded,"survey metadata, timing, display-order, randomiser or other-text column"
quantitative_intuition,Q22_DO_6,Please read the following statements about your organization and indicate the extent to which you agree or disagree. If ,excluded,"survey metadata, timing, display-order, randomiser or other-text column"
quantitative_intuition,Q22_DO_7,Please read the following statements about your organization and indicate the extent to which you agree or disagree. If ,excluded,"survey metadata, timing, display-order, randomiser or other-text column"
quantitative_intuition,Q21_DO_1,Q21 - Display Order - Leaders in my organization often know the direction we should go before seeing the evidence,excluded,"survey metadata, timing, display-order, randomiser or other-text column"
quantitative_intuition,Q21_DO_2,Q21 - Display Order - My organization prioritizes critical thinking skills in hiring people.,excluded,"survey metadata, timing, display-order, randomiser or other-text column"
quantitative_intuition,Q21_DO_3,Q21 - Display Order - My organization often jumps to the data without carefully considering the problem,excluded,"survey metadata, timing, display-order, randomiser or other-text column"
quantitative_intuition,Q21_DO_4,Q21 - Display Order - Questioning is a valued aspect of my organizational culture,excluded,"survey metadata, timing, display-order, randomiser or other-text column"
quantitative_intuition,Q21_DO_5,Q21 - Display Order - Unexpected results are often dismissed by leaders in my organization,excluded,"survey metadata, timing, display-order, randomiser or other-text column"
quantitative_intuition,Q21_DO_6,Q21 - Display Order - Meetings in my organization are purposeful,excluded,"survey metadata, timing, display-order, randomiser or other-text column"
quantitative_intuition,Q21_DO_7,Q21 - Display Order - My organization is doing well at converting insights to actions,excluded,"survey metadata, timing, display-order, randomiser or other-text column"
quantitative_intuition,Q21_DO_8,Q21 - Display Order - My organization focuses too much on analysis versus actions,excluded,"survey metadata, timing, display-order, randomiser or other-text column"
quantitative_intuition,Q21_DO_9,Q21 - Display Order - When needed my organization can make quick decisions,excluded,"survey metadata, timing, display-order, randomiser or other-text column"
quantitative_intuition,Q21_DO_10,"Q21 - Display Order - Please select ""Strongly agree"" here",excluded,"survey metadata, timing, display-order, randomiser or other-text column"
quantitative_intuition,Q33,"You need to estimate the market size for a new gadget your company might launch, but there is no direct data on this nic",excluded,"has a don't-know, other, not-sure or not-applicable option"
quantitative_intuition,Q34,"Here are some facts about a company in 2022 and 2023. In up to 100 words, please explain what is going on with this comp",excluded,empty in the human file
quantitative_intuition,Q28,"Which industry do you currently work in? If you are not currently employed, please indicate the industry you most recent",excluded,"has a don't-know, other, not-sure or not-applicable option"
quantitative_intuition,Q28_27_TEXT,"Which industry do you currently work in? If you are not currently employed, please indicate the industry you most recent",excluded,"survey metadata, timing, display-order, randomiser or other-text column"
quantitative_intuition,SC0,Score,excluded,no QSF question (embedded data or derived column)
quantitative_intuition,Unnamed: 128,nan,excluded,no QSF question (embedded data or derived column)
recommendation_algorithms,StartDate,Start Date,excluded,"survey metadata, timing, display-order, randomiser or other-text column"
recommendation_algorithms,EndDate,End Date,excluded,"survey metadata, timing, display-order, randomiser or other-text column"
recommendation_algorithms,Progress,Progress,excluded,"survey metadata, timing, display-order, randomiser or other-text column"
recommendation_algorithms,Duration (in seconds),Duration (in seconds),excluded,"survey metadata, timing, display-order, randomiser or other-text column"
recommendation_algorithms,Finished,Finished,excluded,"survey metadata, timing, display-order, randomiser or other-text column"
recommendation_algorithms,RecordedDate,Recorded Date,excluded,"survey metadata, timing, display-order, randomiser or other-text column"
recommendation_algorithms,Platform Use_2,Do you use any of the following platforms? [Check all that apply] - Facebook,excluded,question type MC/MAVR not read as a rating
recommendation_algorithms,Platform Use_3,Do you use any of the following platforms? [Check all that apply] - Instagram,excluded,question type MC/MAVR not read as a rating
recommendation_algorithms,Platform Use_4,Do you use any of the following platforms? [Check all that apply] - Netflix,excluded,question type MC/MAVR not read as a rating
recommendation_algorithms,Platform Use_6,Do you use any of the following platforms? [Check all that apply] - Tiktok,excluded,question type MC/MAVR not read as a rating
recommendation_algorithms,Platform Use_7,Do you use any of the following platforms? [Check all that apply] - Youtube,excluded,question type MC/MAVR not read as a rating
recommendation_algorithms,Platform Use_8,Do you use any of the following platforms? [Check all that apply] - None of these,excluded,question type MC/MAVR not read as a rating
recommendation_algorithms,Q13,Help us keep track of who is paying attention. Please select “Somewhat disagree” from the options below,excluded,question type DB/TB not read as a rating
recommendation_algorithms,1_Q16_1,TikTok - How do you think [Field-1] recommends content? Please check ALL that apply - By randomly selecting recent conte,excluded,question type MC/MAVR not read as a rating
recommendation_algorithms,1_Q16_2,"TikTok - How do you think [Field-1] recommends content? Please check ALL that apply - Based on your age, gender, and loc",excluded,question type MC/MAVR not read as a rating
recommendation_algorithms,1_Q16_3,TikTok - How do you think [Field-1] recommends content? Please check ALL that apply - Based on what’s currently trending,excluded,question type MC/MAVR not read as a rating
recommendation_algorithms,1_Q16_4,TikTok - How do you think [Field-1] recommends content? Please check ALL that apply - By analyzing what content you’ve i,excluded,question type MC/MAVR not read as a rating
recommendation_algorithms,1_Q16_5,TikTok - How do you think [Field-1] recommends content? Please check ALL that apply - By randomly selecting content that,excluded,question type MC/MAVR not read as a rating
recommendation_algorithms,1_Q16_6,TikTok - How do you think [Field-1] recommends content? Please check ALL that apply - Based on what celebrities and infl,excluded,question type MC/MAVR not read as a rating
recommendation_algorithms,1_Q16_1.1,"When you are on [Field-1], do you give a thumbs-up (or thumbs-down) for any of the following reasons? Please check ALL t",excluded,question type MC/MAVR not read as a rating
recommendation_algorithms,1_Q16_2.1,"When you are on [Field-1], do you give a thumbs-up (or thumbs-down) for any of the following reasons? Please check ALL t",excluded,question type MC/MAVR not read as a rating
recommendation_algorithms,1_Q16_3.1,"When you are on [Field-1], do you give a thumbs-up (or thumbs-down) for any of the following reasons? Please check ALL t",excluded,question type MC/MAVR not read as a rating
recommendation_algorithms,1_Q16_4.1,"When you are on [Field-1], do you give a thumbs-up (or thumbs-down) for any of the following reasons? Please check ALL t",excluded,question type MC/MAVR not read as a rating
recommendation_algorithms,1_Q16_5.1,"When you are on [Field-1], do you give a thumbs-up (or thumbs-down) for any of the following reasons? Please check ALL t",excluded,question type MC/MAVR not read as a rating
recommendation_algorithms,1_Q16_6.1,"When you are on [Field-1], do you give a thumbs-up (or thumbs-down) for any of the following reasons? Please check ALL t",excluded,question type MC/MAVR not read as a rating
recommendation_algorithms,1_Q16_7,"When you are on [Field-1], do you give a thumbs-up (or thumbs-down) for any of the following reasons? Please check ALL t",excluded,question type MC/MAVR not read as a rating
recommendation_algorithms,1_Q16_6_TEXT,"When you are on [Field-1], do you give a thumbs-up (or thumbs-down) for any of the following reasons? Please check ALL t",excluded,"survey metadata, timing, display-order, randomiser or other-text column"
recommendation_algorithms,1_Q19_1,"TikTok - On [Field-1], do you ever give positive feedback (e.g., watch, listen or like) to content that you don't like O",excluded,question type MC/MAVR not read as a rating
recommendation_algorithms,1_Q19_2,"TikTok - On [Field-1], do you ever give positive feedback (e.g., watch, listen or like) to content that you don't like O",excluded,question type MC/MAVR not read as a rating
recommendation_algorithms,1_Q19_3,"TikTok - On [Field-1], do you ever give positive feedback (e.g., watch, listen or like) to content that you don't like O",excluded,question type MC/MAVR not read as a rating
recommendation_algorithms,1_Q19_4,"TikTok - On [Field-1], do you ever give positive feedback (e.g., watch, listen or like) to content that you don't like O",excluded,question type MC/MAVR not read as a rating
recommendation_algorithms,1_Q19_5,"TikTok - On [Field-1], do you ever give positive feedback (e.g., watch, listen or like) to content that you don't like O",excluded,question type MC/MAVR not read as a rating
recommendation_algorithms,1_Q19_6,"TikTok - On [Field-1], do you ever give positive feedback (e.g., watch, listen or like) to content that you don't like O",excluded,question type MC/MAVR not read as a rating
recommendation_algorithms,1_Q18_1,How do you typically react if [Field-1] shows you content or advertisements that you don’t want to see in the future? Pl,excluded,question type MC/MAVR not read as a rating
recommendation_algorithms,1_Q18_2,How do you typically react if [Field-1] shows you content or advertisements that you don’t want to see in the future? Pl,excluded,question type MC/MAVR not read as a rating
recommendation_algorithms,1_Q18_3,How do you typically react if [Field-1] shows you content or advertisements that you don’t want to see in the future? Pl,excluded,question type MC/MAVR not read as a rating
recommendation_algorithms,1_Q18_4,How do you typically react if [Field-1] shows you content or advertisements that you don’t want to see in the future? Pl,excluded,question type MC/MAVR not read as a rating
recommendation_algorithms,1_Q18_5,How do you typically react if [Field-1] shows you content or advertisements that you don’t want to see in the future? Pl,excluded,question type MC/MAVR not read as a rating
recommendation_algorithms,1_Q18_6,How do you typically react if [Field-1] shows you content or advertisements that you don’t want to see in the future? Pl,excluded,question type MC/MAVR not read as a rating
recommendation_algorithms,1_Q18_7,How do you typically react if [Field-1] shows you content or advertisements that you don’t want to see in the future? Pl,excluded,question type MC/MAVR not read as a rating
recommendation_algorithms,1_Q18_8,How do you typically react if [Field-1] shows you content or advertisements that you don’t want to see in the future? Pl,excluded,question type MC/MAVR not read as a rating
recommendation_algorithms,1_Q18_8_TEXT,How do you typically react if [Field-1] shows you content or advertisements that you don’t want to see in the future? Pl,excluded,"survey metadata, timing, display-order, randomiser or other-text column"
recommendation_algorithms,1_Q22_1,What do you think [Field-1]’s goal is in choosing which content to show? Please check ALL that apply - TikTok - What do ,excluded,question type MC/MAVR not read as a rating
recommendation_algorithms,1_Q22_2,What do you think [Field-1]’s goal is in choosing which content to show? Please check ALL that apply - TikTok - What do ,excluded,question type MC/MAVR not read as a rating
recommendation_algorithms,1_Q22_3,What do you think [Field-1]’s goal is in choosing which content to show? Please check ALL that apply - TikTok - What do ,excluded,question type MC/MAVR not read as a rating
recommendation_algorithms,1_Q22_4,What do you think [Field-1]’s goal is in choosing which content to show? Please check ALL that apply - TikTok - What do ,excluded,question type MC/MAVR not read as a rating
recommendation_algorithms,1_Q22_5,What do you think [Field-1]’s goal is in choosing which content to show? Please check ALL that apply - TikTok - What do ,excluded,question type MC/MAVR not read as a rating
recommendation_algorithms,1_Q22_6,What do you think [Field-1]’s goal is in choosing which content to show? Please check ALL that apply - TikTok - What do ,excluded,question type MC/MAVR not read as a rating
recommendation_algorithms,1_Q22_7,What do you think [Field-1]’s goal is in choosing which content to show? Please check ALL that apply - TikTok - What do ,excluded,question type MC/MAVR not read as a rating
recommendation_algorithms,1_Q22_8,What do you think [Field-1]’s goal is in choosing which content to show? Please check ALL that apply - TikTok - What do ,excluded,question type MC/MAVR not read as a rating
recommendation_algorithms,1_Q22_8_TEXT,What do you think [Field-1]’s goal is in choosing which content to show? Please check ALL that apply - TikTok - Other - ,excluded,"survey metadata, timing, display-order, randomiser or other-text column"
recommendation_algorithms,1_Q23_1,"According to YOU, what should [Field-1]’s goal be in choosing which content to show? Please check ALL that apply - TikTo",excluded,question type MC/MAVR not read as a rating
recommendation_algorithms,1_Q23_2,"According to YOU, what should [Field-1]’s goal be in choosing which content to show? Please check ALL that apply - TikTo",excluded,question type MC/MAVR not read as a rating
recommendation_algorithms,1_Q23_3,"According to YOU, what should [Field-1]’s goal be in choosing which content to show? Please check ALL that apply - TikTo",excluded,question type MC/MAVR not read as a rating
recommendation_algorithms,1_Q23_4,"According to YOU, what should [Field-1]’s goal be in choosing which content to show? Please check ALL that apply - TikTo",excluded,question type MC/MAVR not read as a rating
recommendation_algorithms,1_Q23_5,"According to YOU, what should [Field-1]’s goal be in choosing which content to show? Please check ALL that apply - TikTo",excluded,question type MC/MAVR not read as a rating
recommendation_algorithms,1_Q23_6,"According to YOU, what should [Field-1]’s goal be in choosing which content to show? Please check ALL that apply - TikTo",excluded,question type MC/MAVR not read as a rating
recommendation_algorithms,1_Q23_7,"According to YOU, what should [Field-1]’s goal be in choosing which content to show? Please check ALL that apply - TikTo",excluded,question type MC/MAVR not read as a rating
recommendation_algorithms,1_Q23_8,"According to YOU, what should [Field-1]’s goal be in choosing which content to show? Please check ALL that apply - TikTo",excluded,question type MC/MAVR not read as a rating
recommendation_algorithms,1_Q23_8_TEXT,"According to YOU, what should [Field-1]’s goal be in choosing which content to show? Please check ALL that apply - TikTo",excluded,"survey metadata, timing, display-order, randomiser or other-text column"
recommendation_algorithms,1_Q20_1,What do you dislike about the recommendation system on [Field-1]? Please check ALL that apply - TikTok - What do you dis,excluded,question type MC/MAVR not read as a rating
recommendation_algorithms,1_Q20_2,What do you dislike about the recommendation system on [Field-1]? Please check ALL that apply - TikTok - What do you dis,excluded,question type MC/MAVR not read as a rating
recommendation_algorithms,1_Q20_3,What do you dislike about the recommendation system on [Field-1]? Please check ALL that apply - TikTok - What do you dis,excluded,question type MC/MAVR not read as a rating
recommendation_algorithms,1_Q20_4,What do you dislike about the recommendation system on [Field-1]? Please check ALL that apply - TikTok - What do you dis,excluded,question type MC/MAVR not read as a rating
recommendation_algorithms,1_Q20_5,What do you dislike about the recommendation system on [Field-1]? Please check ALL that apply - TikTok - What do you dis,excluded,question type MC/MAVR not read as a rating
recommendation_algorithms,1_Q20_6,What do you dislike about the recommendation system on [Field-1]? Please check ALL that apply - TikTok - What do you dis,excluded,question type MC/MAVR not read as a rating
recommendation_algorithms,1_Q20_9,What do you dislike about the recommendation system on [Field-1]? Please check ALL that apply - TikTok - What do you dis,excluded,question type MC/MAVR not read as a rating
recommendation_algorithms,1_Q20_8,What do you dislike about the recommendation system on [Field-1]? Please check ALL that apply - TikTok - What do you dis,excluded,question type MC/MAVR not read as a rating
recommendation_algorithms,1_Q20_8_TEXT,What do you dislike about the recommendation system on [Field-1]? Please check ALL that apply - TikTok - Other - Text,excluded,"survey metadata, timing, display-order, randomiser or other-text column"
recommendation_algorithms,1_Q20_1.1,"What controls, if any, would you like to have over their recommendation systems? Please check ALL that apply - TikTok - ",excluded,question type MC/MAVR not read as a rating
recommendation_algorithms,1_Q20_2.1,"What controls, if any, would you like to have over their recommendation systems? Please check ALL that apply - TikTok - ",excluded,question type MC/MAVR not read as a rating
recommendation_algorithms,1_Q20_3.1,"What controls, if any, would you like to have over their recommendation systems? Please check ALL that apply - TikTok - ",excluded,question type MC/MAVR not read as a rating
recommendation_algorithms,1_Q20_4.1,"What controls, if any, would you like to have over their recommendation systems? Please check ALL that apply - TikTok - ",excluded,question type MC/MAVR not read as a rating
recommendation_algorithms,1_Q20_5.1,"What controls, if any, would you like to have over their recommendation systems? Please check ALL that apply - TikTok - ",excluded,question type MC/MAVR not read as a rating
recommendation_algorithms,1_Q20_6.1,"What controls, if any, would you like to have over their recommendation systems? Please check ALL that apply - TikTok - ",excluded,question type MC/MAVR not read as a rating
recommendation_algorithms,1_Q20_7,"What controls, if any, would you like to have over their recommendation systems? Please check ALL that apply - TikTok - ",excluded,question type MC/MAVR not read as a rating
recommendation_algorithms,1_Q20_7_TEXT,"What controls, if any, would you like to have over their recommendation systems? Please check ALL that apply - TikTok - ",excluded,"survey metadata, timing, display-order, randomiser or other-text column"
recommendation_algorithms,2_Q16_1,Netflix - How do you think [Field-1] recommends content? Please check ALL that apply - By randomly selecting recent cont,excluded,question type MC/MAVR not read as a rating
recommendation_algorithms,2_Q16_2,"Netflix - How do you think [Field-1] recommends content? Please check ALL that apply - Based on your age, gender, and lo",excluded,question type MC/MAVR not read as a rating
recommendation_algorithms,2_Q16_3,Netflix - How do you think [Field-1] recommends content? Please check ALL that apply - Based on what’s currently trendin,excluded,question type MC/MAVR not read as a rating
recommendation_algorithms,2_Q16_4,Netflix - How do you think [Field-1] recommends content? Please check ALL that apply - By analyzing what content you’ve ,excluded,question type MC/MAVR not read as a rating
recommendation_algorithms,2_Q16_5,Netflix - How do you think [Field-1] recommends content? Please check ALL that apply - By randomly selecting content tha,excluded,question type MC/MAVR not read as a rating
recommendation_algorithms,2_Q16_6,Netflix - How do you think [Field-1] recommends content? Please check ALL that apply - Based on what celebrities and inf,excluded,question type MC/MAVR not read as a rating
recommendation_algorithms,2_Q16_1.1,"When you are on [Field-1], do you give a thumbs-up (or thumbs-down) for any of the following reasons? Please check ALL t",excluded,question type MC/MAVR not read as a rating
recommendation_algorithms,2_Q16_2.1,"When you are on [Field-1], do you give a thumbs-up (or thumbs-down) for any of the following reasons? Please check ALL t",excluded,question type MC/MAVR not read as a rating
recommendation_algorithms,2_Q16_3.1,"When you are on [Field-1], do you give a thumbs-up (or thumbs-down) for any of the following reasons? Please check ALL t",excluded,question type MC/MAVR not read as a rating
recommendation_algorithms,2_Q16_4.1,"When you are on [Field-1], do you give a thumbs-up (or thumbs-down) for any of the following reasons? Please check ALL t",excluded,question type MC/MAVR not read as a rating
recommendation_algorithms,2_Q16_5.1,"When you are on [Field-1], do you give a thumbs-up (or thumbs-down) for any of the following reasons? Please check ALL t",excluded,question type MC/MAVR not read as a rating
recommendation_algorithms,2_Q16_6.1,"When you are on [Field-1], do you give a thumbs-up (or thumbs-down) for any of the following reasons? Please check ALL t",excluded,question type MC/MAVR not read as a rating
recommendation_algorithms,2_Q16_7,"When you are on [Field-1], do you give a thumbs-up (or thumbs-down) for any of the following reasons? Please check ALL t",excluded,question type MC/MAVR not read as a rating
recommendation_algorithms,2_Q16_6_TEXT,"When you are on [Field-1], do you give a thumbs-up (or thumbs-down) for any of the following reasons? Please check ALL t",excluded,"survey metadata, timing, display-order, randomiser or other-text column"
recommendation_algorithms,2_Q19_1,"Netflix - On [Field-1], do you ever give positive feedback (e.g., watch, listen or like) to content that you don't like ",excluded,question type MC/MAVR not read as a rating
recommendation_algorithms,2_Q19_2,"Netflix - On [Field-1], do you ever give positive feedback (e.g., watch, listen or like) to content that you don't like ",excluded,question type MC/MAVR not read as a rating
recommendation_algorithms,2_Q19_3,"Netflix - On [Field-1], do you ever give positive feedback (e.g., watch, listen or like) to content that you don't like ",excluded,question type MC/MAVR not read as a rating
recommendation_algorithms,2_Q19_4,"Netflix - On [Field-1], do you ever give positive feedback (e.g., watch, listen or like) to content that you don't like ",excluded,question type MC/MAVR not read as a rating
recommendation_algorithms,2_Q19_5,"Netflix - On [Field-1], do you ever give positive feedback (e.g., watch, listen or like) to content that you don't like ",excluded,question type MC/MAVR not read as a rating
recommendation_algorithms,2_Q19_6,"Netflix - On [Field-1], do you ever give positive feedback (e.g., watch, listen or like) to content that you don't like ",excluded,question type MC/MAVR not read as a rating
recommendation_algorithms,2_Q18_1,How do you typically react if [Field-1] shows you content or advertisements that you don’t want to see in the future? Pl,excluded,question type MC/MAVR not read as a rating
recommendation_algorithms,2_Q18_2,How do you typically react if [Field-1] shows you content or advertisements that you don’t want to see in the future? Pl,excluded,question type MC/MAVR not read as a rating
recommendation_algorithms,2_Q18_3,How do you typically react if [Field-1] shows you content or advertisements that you don’t want to see in the future? Pl,excluded,question type MC/MAVR not read as a rating
recommendation_algorithms,2_Q18_4,How do you typically react if [Field-1] shows you content or advertisements that you don’t want to see in the future? Pl,excluded,question type MC/MAVR not read as a rating
recommendation_algorithms,2_Q18_5,How do you typically react if [Field-1] shows you content or advertisements that you don’t want to see in the future? Pl,excluded,question type MC/MAVR not read as a rating
recommendation_algorithms,2_Q18_6,How do you typically react if [Field-1] shows you content or advertisements that you don’t want to see in the future? Pl,excluded,question type MC/MAVR not read as a rating
recommendation_algorithms,2_Q18_7,How do you typically react if [Field-1] shows you content or advertisements that you don’t want to see in the future? Pl,excluded,question type MC/MAVR not read as a rating
recommendation_algorithms,2_Q18_8,How do you typically react if [Field-1] shows you content or advertisements that you don’t want to see in the future? Pl,excluded,question type MC/MAVR not read as a rating
recommendation_algorithms,2_Q18_8_TEXT,How do you typically react if [Field-1] shows you content or advertisements that you don’t want to see in the future? Pl,excluded,"survey metadata, timing, display-order, randomiser or other-text column"
recommendation_algorithms,2_Q22_1,What do you think [Field-1]’s goal is in choosing which content to show? Please check ALL that apply - Netflix - What do,excluded,question type MC/MAVR not read as a rating
recommendation_algorithms,2_Q22_2,What do you think [Field-1]’s goal is in choosing which content to show? Please check ALL that apply - Netflix - What do,excluded,question type MC/MAVR not read as a rating
recommendation_algorithms,2_Q22_3,What do you think [Field-1]’s goal is in choosing which content to show? Please check ALL that apply - Netflix - What do,excluded,question type MC/MAVR not read as a rating
recommendation_algorithms,2_Q22_4,What do you think [Field-1]’s goal is in choosing which content to show? Please check ALL that apply - Netflix - What do,excluded,question type MC/MAVR not read as a rating
recommendation_algorithms,2_Q22_5,What do you think [Field-1]’s goal is in choosing which content to show? Please check ALL that apply - Netflix - What do,excluded,question type MC/MAVR not read as a rating
recommendation_algorithms,2_Q22_6,What do you think [Field-1]’s goal is in choosing which content to show? Please check ALL that apply - Netflix - What do,excluded,question type MC/MAVR not read as a rating
recommendation_algorithms,2_Q22_7,What do you think [Field-1]’s goal is in choosing which content to show? Please check ALL that apply - Netflix - What do,excluded,question type MC/MAVR not read as a rating
recommendation_algorithms,2_Q22_8,What do you think [Field-1]’s goal is in choosing which content to show? Please check ALL that apply - Netflix - What do,excluded,question type MC/MAVR not read as a rating
recommendation_algorithms,2_Q22_8_TEXT,What do you think [Field-1]’s goal is in choosing which content to show? Please check ALL that apply - Netflix - Other -,excluded,"survey metadata, timing, display-order, randomiser or other-text column"
recommendation_algorithms,2_Q23_1,"According to YOU, what should [Field-1]’s goal be in choosing which content to show? Please check ALL that apply - Netfl",excluded,question type MC/MAVR not read as a rating
recommendation_algorithms,2_Q23_2,"According to YOU, what should [Field-1]’s goal be in choosing which content to show? Please check ALL that apply - Netfl",excluded,question type MC/MAVR not read as a rating
recommendation_algorithms,2_Q23_3,"According to YOU, what should [Field-1]’s goal be in choosing which content to show? Please check ALL that apply - Netfl",excluded,question type MC/MAVR not read as a rating
recommendation_algorithms,2_Q23_4,"According to YOU, what should [Field-1]’s goal be in choosing which content to show? Please check ALL that apply - Netfl",excluded,question type MC/MAVR not read as a rating
recommendation_algorithms,2_Q23_5,"According to YOU, what should [Field-1]’s goal be in choosing which content to show? Please check ALL that apply - Netfl",excluded,question type MC/MAVR not read as a rating
recommendation_algorithms,2_Q23_6,"According to YOU, what should [Field-1]’s goal be in choosing which content to show? Please check ALL that apply - Netfl",excluded,question type MC/MAVR not read as a rating
recommendation_algorithms,2_Q23_7,"According to YOU, what should [Field-1]’s goal be in choosing which content to show? Please check ALL that apply - Netfl",excluded,question type MC/MAVR not read as a rating
recommendation_algorithms,2_Q23_8,"According to YOU, what should [Field-1]’s goal be in choosing which content to show? Please check ALL that apply - Netfl",excluded,question type MC/MAVR not read as a rating
recommendation_algorithms,2_Q23_8_TEXT,"According to YOU, what should [Field-1]’s goal be in choosing which content to show? Please check ALL that apply - Netfl",excluded,"survey metadata, timing, display-order, randomiser or other-text column"
recommendation_algorithms,2_Q20_1,What do you dislike about the recommendation system on [Field-1]? Please check ALL that apply - Netflix - What do you di,excluded,question type MC/MAVR not read as a rating
recommendation_algorithms,2_Q20_2,What do you dislike about the recommendation system on [Field-1]? Please check ALL that apply - Netflix - What do you di,excluded,question type MC/MAVR not read as a rating
recommendation_algorithms,2_Q20_3,What do you dislike about the recommendation system on [Field-1]? Please check ALL that apply - Netflix - What do you di,excluded,question type MC/MAVR not read as a rating
recommendation_algorithms,2_Q20_4,What do you dislike about the recommendation system on [Field-1]? Please check ALL that apply - Netflix - What do you di,excluded,question type MC/MAVR not read as a rating
recommendation_algorithms,2_Q20_5,What do you dislike about the recommendation system on [Field-1]? Please check ALL that apply - Netflix - What do you di,excluded,question type MC/MAVR not read as a rating
recommendation_algorithms,2_Q20_6,What do you dislike about the recommendation system on [Field-1]? Please check ALL that apply - Netflix - What do you di,excluded,question type MC/MAVR not read as a rating
recommendation_algorithms,2_Q20_9,What do you dislike about the recommendation system on [Field-1]? Please check ALL that apply - Netflix - What do you di,excluded,question type MC/MAVR not read as a rating
recommendation_algorithms,2_Q20_8,What do you dislike about the recommendation system on [Field-1]? Please check ALL that apply - Netflix - What do you di,excluded,question type MC/MAVR not read as a rating
recommendation_algorithms,2_Q20_8_TEXT,What do you dislike about the recommendation system on [Field-1]? Please check ALL that apply - Netflix - Other - Text,excluded,"survey metadata, timing, display-order, randomiser or other-text column"
recommendation_algorithms,2_Q20_1.1,"What controls, if any, would you like to have over their recommendation systems? Please check ALL that apply - Netflix -",excluded,question type MC/MAVR not read as a rating
recommendation_algorithms,2_Q20_2.1,"What controls, if any, would you like to have over their recommendation systems? Please check ALL that apply - Netflix -",excluded,question type MC/MAVR not read as a rating
recommendation_algorithms,2_Q20_3.1,"What controls, if any, would you like to have over their recommendation systems? Please check ALL that apply - Netflix -",excluded,question type MC/MAVR not read as a rating
recommendation_algorithms,2_Q20_4.1,"What controls, if any, would you like to have over their recommendation systems? Please check ALL that apply - Netflix -",excluded,question type MC/MAVR not read as a rating
recommendation_algorithms,2_Q20_5.1,"What controls, if any, would you like to have over their recommendation systems? Please check ALL that apply - Netflix -",excluded,question type MC/MAVR not read as a rating
recommendation_algorithms,2_Q20_6.1,"What controls, if any, would you like to have over their recommendation systems? Please check ALL that apply - Netflix -",excluded,question type MC/MAVR not read as a rating
recommendation_algorithms,2_Q20_7,"What controls, if any, would you like to have over their recommendation systems? Please check ALL that apply - Netflix -",excluded,question type MC/MAVR not read as a rating
recommendation_algorithms,2_Q20_7_TEXT,"What controls, if any, would you like to have over their recommendation systems? Please check ALL that apply - Netflix -",excluded,"survey metadata, timing, display-order, randomiser or other-text column"
story_beliefs,StartDate,Start Date,excluded,"survey metadata, timing, display-order, randomiser or other-text column"
story_beliefs,EndDate,End Date,excluded,"survey metadata, timing, display-order, randomiser or other-text column"
story_beliefs,Progress,Progress,excluded,"survey metadata, timing, display-order, randomiser or other-text column"
story_beliefs,Duration (in seconds),Duration (in seconds),excluded,"survey metadata, timing, display-order, randomiser or other-text column"
story_beliefs,Finished,Finished,excluded,"survey metadata, timing, display-order, randomiser or other-text column"
story_beliefs,RecordedDate,Recorded Date,excluded,"survey metadata, timing, display-order, randomiser or other-text column"
story_beliefs,Q1,"Matt and Alex are best friends. Alex's birthday is coming up soon. Matt wanted to buy Alex a computer or a television, b",excluded,question type DB/TB not read as a rating
story_beliefs,Q1_DO_1,"Matt and Alex are best friends. Alex's birthday is coming up soon. Matt wanted to buy Alex a computer or a television, b",excluded,"survey metadata, timing, display-order, randomiser or other-text column"
story_beliefs,Q1_DO_2,"Matt and Alex are best friends. Alex's birthday is coming up soon. Matt wanted to buy Alex a computer or a television, b",excluded,"survey metadata, timing, display-order, randomiser or other-text column"
story_beliefs,Q1_DO_3,"Matt and Alex are best friends. Alex's birthday is coming up soon. Matt wanted to buy Alex a computer or a television, b",excluded,"survey metadata, timing, display-order, randomiser or other-text column"
story_beliefs,Q1_DO_4,"Matt and Alex are best friends. Alex's birthday is coming up soon. Matt wanted to buy Alex a computer or a television, b",excluded,"survey metadata, timing, display-order, randomiser or other-text column"
story_beliefs,Q2,"By clicking “I agree” below, you acknowledge that you understand the procedures described above, that you are at least 1",excluded,constant in the human file
story_beliefs,Q291_First Click,Timing - First Click,excluded,"survey metadata, timing, display-order, randomiser or other-text column"
story_beliefs,Q291_Last Click,Timing - Last Click,excluded,"survey metadata, timing, display-order, randomiser or other-text column"
story_beliefs,Q291_Page Submit,Timing - Page Submit,excluded,"survey metadata, timing, display-order, randomiser or other-text column"
story_beliefs,Q291_Click Count,Timing - Click Count,excluded,"survey metadata, timing, display-order, randomiser or other-text column"
story_beliefs,Achap1_val_1,"Based on the chapter you just read, what do you think is the likelihood that the text of the next chapter will be very n",excluded,question type CS/VRTL not read as a rating
story_beliefs,Achap1_val_2,"Based on the chapter you just read, what do you think is the likelihood that the text of the next chapter will be very n",excluded,question type CS/VRTL not read as a rating
story_beliefs,Achap1_val_3,"Based on the chapter you just read, what do you think is the likelihood that the text of the next chapter will be very n",excluded,question type CS/VRTL not read as a rating
story_beliefs,Achap1_val_4,"Based on the chapter you just read, what do you think is the likelihood that the text of the next chapter will be very n",excluded,question type CS/VRTL not read as a rating
story_beliefs,Achap1_val_5,"Based on the chapter you just read, what do you think is the likelihood that the text of the next chapter will be very n",excluded,question type CS/VRTL not read as a rating
story_beliefs,Achap1_val_expl,Please explain why you gave the previous estimates.,excluded,empty in the human file
story_beliefs,Achap1_aro_1,"Based on the chapter you just read, what do you think is the likelihood that the text of the next chapter will be very l",excluded,question type CS/VRTL not read as a rating
story_beliefs,Achap1_aro_2,"Based on the chapter you just read, what do you think is the likelihood that the text of the next chapter will be very l",excluded,question type CS/VRTL not read as a rating
story_beliefs,Achap1_aro_3,"Based on the chapter you just read, what do you think is the likelihood that the text of the next chapter will be very l",excluded,question type CS/VRTL not read as a rating
story_beliefs,Achap1_aro_4,"Based on the chapter you just read, what do you think is the likelihood that the text of the next chapter will be very l",excluded,question type CS/VRTL not read as a rating
story_beliefs,Achap1_aro_5,"Based on the chapter you just read, what do you think is the likelihood that the text of the next chapter will be very l",excluded,question type CS/VRTL not read as a rating
story_beliefs,Achap1_aro_expl,Please explain why you gave the previous estimates.,excluded,empty in the human file
story_beliefs,Achap1_belief,"In your own words (without using any tools like ChatGPT), please describe briefly what you believe will happen in the ne",excluded,empty in the human file
story_beliefs,Q184_First Click,Timing - First Click,excluded,"survey metadata, timing, display-order, randomiser or other-text column"
story_beliefs,Q184_Last Click,Timing - Last Click,excluded,"survey metadata, timing, display-order, randomiser or other-text column"
story_beliefs,Q184_Page Submit,Timing - Page Submit,excluded,"survey metadata, timing, display-order, randomiser or other-text column"
story_beliefs,Q184_Click Count,Timing - Click Count,excluded,"survey metadata, timing, display-order, randomiser or other-text column"
story_beliefs,Achap2_val_surp_reas,Please explain why you are not surprised or surprised by how negative or positive you thought the words would be.,excluded,empty in the human file
story_beliefs,Achap2_aro_surp_reas,Please explain why you are not surprised or surprised by how high or low energy you thought the words would be.,excluded,empty in the human file
story_beliefs,Achap2_val_1,"Based on the chapter you just read, what do you think is the likelihood that the text of the next chapter will be very n",excluded,question type CS/VRTL not read as a rating
story_beliefs,Achap2_val_2,"Based on the chapter you just read, what do you think is the likelihood that the text of the next chapter will be very n",excluded,question type CS/VRTL not read as a rating
story_beliefs,Achap2_val_3,"Based on the chapter you just read, what do you think is the likelihood that the text of the next chapter will be very n",excluded,question type CS/VRTL not read as a rating
story_beliefs,Achap2_val_4,"Based on the chapter you just read, what do you think is the likelihood that the text of the next chapter will be very n",excluded,question type CS/VRTL not read as a rating
story_beliefs,Achap2_val_5,"Based on the chapter you just read, what do you think is the likelihood that the text of the next chapter will be very n",excluded,question type CS/VRTL not read as a rating
story_beliefs,Achap2_val_expl,Please explain why you gave the previous estimates.,excluded,empty in the human file
story_beliefs,Achap2_aro_1,"Based on the chapter you just read, what do you think is the likelihood that the text of the next chapter will be very l",excluded,question type CS/VRTL not read as a rating
story_beliefs,Achap2_aro_2,"Based on the chapter you just read, what do you think is the likelihood that the text of the next chapter will be very l",excluded,question type CS/VRTL not read as a rating
story_beliefs,Achap2_aro_3,"Based on the chapter you just read, what do you think is the likelihood that the text of the next chapter will be very l",excluded,question type CS/VRTL not read as a rating
story_beliefs,Achap2_aro_4,"Based on the chapter you just read, what do you think is the likelihood that the text of the next chapter will be very l",excluded,question type CS/VRTL not read as a rating
story_beliefs,Achap2_aro_5,"Based on the chapter you just read, what do you think is the likelihood that the text of the next chapter will be very l",excluded,question type CS/VRTL not read as a rating
story_beliefs,Achap2_aro_expl,Please explain why you gave the previous estimates.,excluded,empty in the human file
story_beliefs,Achap2_belief,"In your own words (without using any tools like ChatGPT), please describe briefly what you believe will happen in the ne",excluded,empty in the human file
story_beliefs,Q294_First Click,Timing - First Click,excluded,"survey metadata, timing, display-order, randomiser or other-text column"
story_beliefs,Q294_Last Click,Timing - Last Click,excluded,"survey metadata, timing, display-order, randomiser or other-text column"
story_beliefs,Q294_Page Submit,Timing - Page Submit,excluded,"survey metadata, timing, display-order, randomiser or other-text column"
story_beliefs,Q294_Click Count,Timing - Click Count,excluded,"survey metadata, timing, display-order, randomiser or other-text column"
story_beliefs,Bchap1_val_1,"Based on the chapter you just read, what do you think is the likelihood that the text of the next chapter will be very n",excluded,question type CS/VRTL not read as a rating
story_beliefs,Bchap1_val_2,"Based on the chapter you just read, what do you think is the likelihood that the text of the next chapter will be very n",excluded,question type CS/VRTL not read as a rating
story_beliefs,Bchap1_val_3,"Based on the chapter you just read, what do you think is the likelihood that the text of the next chapter will be very n",excluded,question type CS/VRTL not read as a rating
story_beliefs,Bchap1_val_4,"Based on the chapter you just read, what do you think is the likelihood that the text of the next chapter will be very n",excluded,question type CS/VRTL not read as a rating
story_beliefs,Bchap1_val_5,"Based on the chapter you just read, what do you think is the likelihood that the text of the next chapter will be very n",excluded,question type CS/VRTL not read as a rating
story_beliefs,Bchap1_val_expl,Please explain why you gave the previous estimates.,excluded,empty in the human file
story_beliefs,Bchap1_aro_1,"Based on the chapter you just read, what do you think is the likelihood that the text of the next chapter will be very l",excluded,question type CS/VRTL not read as a rating
story_beliefs,Bchap1_aro_2,"Based on the chapter you just read, what do you think is the likelihood that the text of the next chapter will be very l",excluded,question type CS/VRTL not read as a rating
story_beliefs,Bchap1_aro_3,"Based on the chapter you just read, what do you think is the likelihood that the text of the next chapter will be very l",excluded,question type CS/VRTL not read as a rating
story_beliefs,Bchap1_aro_4,"Based on the chapter you just read, what do you think is the likelihood that the text of the next chapter will be very l",excluded,question type CS/VRTL not read as a rating
story_beliefs,Bchap1_aro_5,"Based on the chapter you just read, what do you think is the likelihood that the text of the next chapter will be very l",excluded,question type CS/VRTL not read as a rating
story_beliefs,Bchap1_aro_expl,Please explain why you gave the previous estimates.,excluded,empty in the human file
story_beliefs,Bchap1_belief,"In your own words (without using any tools like ChatGPT), please describe briefly what you believe will happen in the ne",excluded,empty in the human file
story_beliefs,Q305_First Click,Timing - First Click,excluded,"survey metadata, timing, display-order, randomiser or other-text column"
story_beliefs,Q305_Last Click,Timing - Last Click,excluded,"survey metadata, timing, display-order, randomiser or other-text column"
story_beliefs,Q305_Page Submit,Timing - Page Submit,excluded,"survey metadata, timing, display-order, randomiser or other-text column"
story_beliefs,Q305_Click Count,Timing - Click Count,excluded,"survey metadata, timing, display-order, randomiser or other-text column"
story_beliefs,Bchap2_val_1,"Based on the chapter you just read, what do you think is the likelihood that the text of the next chapter will be very n",excluded,question type CS/VRTL not read as a rating
story_beliefs,Bchap2_val_2,"Based on the chapter you just read, what do you think is the likelihood that the text of the next chapter will be very n",excluded,question type CS/VRTL not read as a rating
story_beliefs,Bchap2_val_3,"Based on the chapter you just read, what do you think is the likelihood that the text of the next chapter will be very n",excluded,question type CS/VRTL not read as a rating
story_beliefs,Bchap2_val_4,"Based on the chapter you just read, what do you think is the likelihood that the text of the next chapter will be very n",excluded,question type CS/VRTL not read as a rating
story_beliefs,Bchap2_val_5,"Based on the chapter you just read, what do you think is the likelihood that the text of the next chapter will be very n",excluded,question type CS/VRTL not read as a rating
story_beliefs,Bchap2_val_cert_expl,Please explain why you gave the previous estimates.,excluded,empty in the human file
story_beliefs,Bchap2_aro_1,"Based on the chapter you just read, what do you think is the likelihood that the text of the next chapter will be very l",excluded,question type CS/VRTL not read as a rating
story_beliefs,Bchap2_aro_2,"Based on the chapter you just read, what do you think is the likelihood that the text of the next chapter will be very l",excluded,question type CS/VRTL not read as a rating
story_beliefs,Bchap2_aro_3,"Based on the chapter you just read, what do you think is the likelihood that the text of the next chapter will be very l",excluded,question type CS/VRTL not read as a rating
story_beliefs,Bchap2_aro_4,"Based on the chapter you just read, what do you think is the likelihood that the text of the next chapter will be very l",excluded,question type CS/VRTL not read as a rating
story_beliefs,Bchap2_aro_5,"Based on the chapter you just read, what do you think is the likelihood that the text of the next chapter will be very l",excluded,question type CS/VRTL not read as a rating
story_beliefs,Bchap2_aro_expl,Please explain why you gave the previous estimates.,excluded,empty in the human file
story_beliefs,Bchap2_belief,"In your own words (without using any tools like ChatGPT), please describe briefly what you believe will happen in the ne",excluded,empty in the human file
story_beliefs,genre_DO_1,"For each of the following genres, how many books in that genre have you read in the last 10 years? - Display Order - Rom",excluded,"survey metadata, timing, display-order, randomiser or other-text column"
story_beliefs,genre_DO_2,"For each of the following genres, how many books in that genre have you read in the last 10 years? - Display Order - Fan",excluded,"survey metadata, timing, display-order, randomiser or other-text column"
story_beliefs,genre_DO_3,"For each of the following genres, how many books in that genre have you read in the last 10 years? - Display Order - Bio",excluded,"survey metadata, timing, display-order, randomiser or other-text column"
story_beliefs,genre_DO_4,"For each of the following genres, how many books in that genre have you read in the last 10 years? - Display Order - Mys",excluded,"survey metadata, timing, display-order, randomiser or other-text column"
story_beliefs,genre_DO_5,"For each of the following genres, how many books in that genre have you read in the last 10 years? - Display Order - Thr",excluded,"survey metadata, timing, display-order, randomiser or other-text column"
story_beliefs,genre_DO_6,"For each of the following genres, how many books in that genre have you read in the last 10 years? - Display Order - His",excluded,"survey metadata, timing, display-order, randomiser or other-text column"
story_beliefs,genre_DO_7,"For each of the following genres, how many books in that genre have you read in the last 10 years? - Display Order - Sci",excluded,"survey metadata, timing, display-order, randomiser or other-text column"
story_beliefs,genre_DO_8,"For each of the following genres, how many books in that genre have you read in the last 10 years? - Display Order - Fan",excluded,"survey metadata, timing, display-order, randomiser or other-text column"
story_beliefs,genre_DO_9,"For each of the following genres, how many books in that genre have you read in the last 10 years? - Display Order - Sel",excluded,"survey metadata, timing, display-order, randomiser or other-text column"
story_beliefs,genre_DO_10,"For each of the following genres, how many books in that genre have you read in the last 10 years? - Display Order - His",excluded,"survey metadata, timing, display-order, randomiser or other-text column"
story_beliefs,culture_familiar_DO_1,How familiar are you with the following story cultures? - Display Order - Hollywood,excluded,"survey metadata, timing, display-order, randomiser or other-text column"
story_beliefs,culture_familiar_DO_2,How familiar are you with the following story cultures? - Display Order - Bollywood,excluded,"survey metadata, timing, display-order, randomiser or other-text column"
story_beliefs,culture_familiar_DO_3,How familiar are you with the following story cultures? - Display Order - East Asian Drama,excluded,"survey metadata, timing, display-order, randomiser or other-text column"
story_beliefs,culture_familiar_DO_4,How familiar are you with the following story cultures? - Display Order - Latin American Telenovelas,excluded,"survey metadata, timing, display-order, randomiser or other-text column"
story_beliefs,culture_familiar_DO_5,How familiar are you with the following story cultures? - Display Order - African Oral Tradition,excluded,"survey metadata, timing, display-order, randomiser or other-text column"
story_beliefs,culture_familiar_DO_6,How familiar are you with the following story cultures? - Display Order - European Fairy Tales,excluded,"survey metadata, timing, display-order, randomiser or other-text column"
story_beliefs,story_elements_pref_9,Which of these story elements appeal most strongly to you? (Select up to three choices.) - Emphasis on family bonds and ,excluded,question type MC/MAVR not read as a rating
story_beliefs,story_elements_pref_3,Which of these story elements appeal most strongly to you? (Select up to three choices.) - Individual achievement and se,excluded,question type MC/MAVR not read as a rating
story_beliefs,story_elements_pref_12,Which of these story elements appeal most strongly to you? (Select up to three choices.) - Community cohesion and collec,excluded,question type MC/MAVR not read as a rating
story_beliefs,story_elements_pref_7,Which of these story elements appeal most strongly to you? (Select up to three choices.) - Romantic love and relationshi,excluded,question type MC/MAVR not read as a rating
story_beliefs,story_elements_pref_25,Which of these story elements appeal most strongly to you? (Select up to three choices.) - Adventure and exploration,excluded,question type MC/MAVR not read as a rating
story_beliefs,story_elements_pref_26,Which of these story elements appeal most strongly to you? (Select up to three choices.) - Historical events and traditi,excluded,question type MC/MAVR not read as a rating
story_beliefs,story_elements_pref_27,"Which of these story elements appeal most strongly to you? (Select up to three choices.) - Justice, fairness, and moral ",excluded,question type MC/MAVR not read as a rating
story_beliefs,story_elements_pref_28,Which of these story elements appeal most strongly to you? (Select up to three choices.) - Spiritual or religious themes,excluded,question type MC/MAVR not read as a rating
story_beliefs,story_elements_pref_29,Which of these story elements appeal most strongly to you? (Select up to three choices.) - Conflict resolution through d,excluded,question type MC/MAVR not read as a rating
story_beliefs,story_elements_pref_30,Which of these story elements appeal most strongly to you? (Select up to three choices.) - Heroism and sacrifice,excluded,question type MC/MAVR not read as a rating
story_beliefs,story_elements_pref_31,Which of these story elements appeal most strongly to you? (Select up to three choices.) - Humor and satire,excluded,question type MC/MAVR not read as a rating
story_beliefs,story_elements_pref_32,Which of these story elements appeal most strongly to you? (Select up to three choices.) - Emphasis on fate or destiny,excluded,question type MC/MAVR not read as a rating
story_beliefs,story_elements_pref_33,Which of these story elements appeal most strongly to you? (Select up to three choices.) - Social status and prestige,excluded,question type MC/MAVR not read as a rating
story_beliefs,story_elements_pref_34,Which of these story elements appeal most strongly to you? (Select up to three choices.) - Realism and everyday life sit,excluded,question type MC/MAVR not read as a rating
story_beliefs,story_elements_pref_35,"Which of these story elements appeal most strongly to you? (Select up to three choices.) - Fantasy, magic, and mythologi",excluded,question type MC/MAVR not read as a rating
story_beliefs,story_elements_pref_DO_9,Which of these story elements appeal most strongly to you? (Select up to three choices.) - Display Order - Emphasis on f,excluded,"survey metadata, timing, display-order, randomiser or other-text column"
story_beliefs,story_elements_pref_DO_3,Which of these story elements appeal most strongly to you? (Select up to three choices.) - Display Order - Individual ac,excluded,"survey metadata, timing, display-order, randomiser or other-text column"
story_beliefs,story_elements_pref_DO_12,Which of these story elements appeal most strongly to you? (Select up to three choices.) - Display Order - Community coh,excluded,"survey metadata, timing, display-order, randomiser or other-text column"
story_beliefs,story_elements_pref_DO_7,Which of these story elements appeal most strongly to you? (Select up to three choices.) - Display Order - Romantic love,excluded,"survey metadata, timing, display-order, randomiser or other-text column"
story_beliefs,story_elements_pref_DO_25,Which of these story elements appeal most strongly to you? (Select up to three choices.) - Display Order - Adventure and,excluded,"survey metadata, timing, display-order, randomiser or other-text column"
story_beliefs,story_elements_pref_DO_26,Which of these story elements appeal most strongly to you? (Select up to three choices.) - Display Order - Historical ev,excluded,"survey metadata, timing, display-order, randomiser or other-text column"
story_beliefs,story_elements_pref_DO_27,"Which of these story elements appeal most strongly to you? (Select up to three choices.) - Display Order - Justice, fair",excluded,"survey metadata, timing, display-order, randomiser or other-text column"
story_beliefs,story_elements_pref_DO_28,Which of these story elements appeal most strongly to you? (Select up to three choices.) - Display Order - Spiritual or ,excluded,"survey metadata, timing, display-order, randomiser or other-text column"
story_beliefs,story_elements_pref_DO_29,Which of these story elements appeal most strongly to you? (Select up to three choices.) - Display Order - Conflict reso,excluded,"survey metadata, timing, display-order, randomiser or other-text column"
story_beliefs,story_elements_pref_DO_30,Which of these story elements appeal most strongly to you? (Select up to three choices.) - Display Order - Heroism and s,excluded,"survey metadata, timing, display-order, randomiser or other-text column"
story_beliefs,story_elements_pref_DO_31,Which of these story elements appeal most strongly to you? (Select up to three choices.) - Display Order - Humor and sat,excluded,"survey metadata, timing, display-order, randomiser or other-text column"
story_beliefs,story_elements_pref_DO_32,Which of these story elements appeal most strongly to you? (Select up to three choices.) - Display Order - Emphasis on f,excluded,"survey metadata, timing, display-order, randomiser or other-text column"
story_beliefs,story_elements_pref_DO_33,Which of these story elements appeal most strongly to you? (Select up to three choices.) - Display Order - Social status,excluded,"survey metadata, timing, display-order, randomiser or other-text column"
story_beliefs,story_elements_pref_DO_34,Which of these story elements appeal most strongly to you? (Select up to three choices.) - Display Order - Realism and e,excluded,"survey metadata, timing, display-order, randomiser or other-text column"
story_beliefs,story_elements_pref_DO_35,"Which of these story elements appeal most strongly to you? (Select up to three choices.) - Display Order - Fantasy, magi",excluded,"survey metadata, timing, display-order, randomiser or other-text column"
story_beliefs,belief_preference_DO_1,How likely would you be to continue reading if you believed the next chapter included each of the following story develo,excluded,"survey metadata, timing, display-order, randomiser or other-text column"
story_beliefs,belief_preference_DO_2,How likely would you be to continue reading if you believed the next chapter included each of the following story develo,excluded,"survey metadata, timing, display-order, randomiser or other-text column"
story_beliefs,belief_preference_DO_3,How likely would you be to continue reading if you believed the next chapter included each of the following story develo,excluded,"survey metadata, timing, display-order, randomiser or other-text column"
story_beliefs,belief_preference_DO_4,How likely would you be to continue reading if you believed the next chapter included each of the following story develo,excluded,"survey metadata, timing, display-order, randomiser or other-text column"
story_beliefs,culture_open,"Describe how your childhood experiences or cultural upbringing influenced what you now enjoy, expect, or look for in sto",excluded,empty in the human file
story_beliefs,att_check1,What was the first story about?,excluded,empty in the human file
story_beliefs,att_check2,What was the second story about?,excluded,empty in the human file
story_beliefs,comments,You have completed this task. Thank you for participating. Did you notice any errors or have any comments about this sur,excluded,empty in the human file
story_beliefs,StoryA_Chapter1,StoryA_Chapter1,excluded,no QSF question (embedded data or derived column)
story_beliefs,StoryA_Chapter2,StoryA_Chapter2,excluded,no QSF question (embedded data or derived column)
story_beliefs,StoryB_Chapter1,StoryB_Chapter1,excluded,no QSF question (embedded data or derived column)
story_beliefs,StoryB_Chapter2,StoryB_Chapter2,excluded,no QSF question (embedded data or derived column)
story_beliefs,tasktime,tasktime,excluded,no QSF question (embedded data or derived column)
story_beliefs,worktimeArray,worktimeArray,excluded,no QSF question (embedded data or derived column)
story_beliefs,offTask,offTask,excluded,no QSF question (embedded data or derived column)
story_beliefs,onTask,onTask,excluded,no QSF question (embedded data or derived column)
story_beliefs,totalOffTask,totalOffTask,excluded,no QSF question (embedded data or derived column)
story_beliefs,totalOnTask,totalOnTask,excluded,no QSF question (embedded data or derived column)
story_beliefs,perPagePT,perPagePT,excluded,no QSF question (embedded data or derived column)
story_beliefs,pageNo,pageNo,excluded,no QSF question (embedded data or derived column)
story_beliefs,FL_90_DO_FL_5,FL_90 - Block Randomizer - Display Order - FL_5,excluded,"survey metadata, timing, display-order, randomiser or other-text column"
story_beliefs,FL_90_DO_FL_91,FL_90 - Block Randomizer - Display Order - FL_91,excluded,"survey metadata, timing, display-order, randomiser or other-text column"
story_beliefs,FL_5_DO_FL_20,FL_5 - Block Randomizer - Display Order - FL_20,excluded,"survey metadata, timing, display-order, randomiser or other-text column"
story_beliefs,FL_5_DO_FL_75,FL_5 - Block Randomizer - Display Order - FL_75,excluded,"survey metadata, timing, display-order, randomiser or other-text column"
story_beliefs,FL_20_DO_FL_36,FL_20 - Block Randomizer - Display Order - FL_36,excluded,"survey metadata, timing, display-order, randomiser or other-text column"
story_beliefs,FL_20_DO_FL_37,FL_20 - Block Randomizer - Display Order - FL_37,excluded,"survey metadata, timing, display-order, randomiser or other-text column"
story_beliefs,FL_36_DO_FL_44,FL_36 - Block Randomizer - Display Order - FL_44,excluded,"survey metadata, timing, display-order, randomiser or other-text column"
story_beliefs,FL_36_DO_FL_45,FL_36 - Block Randomizer - Display Order - FL_45,excluded,"survey metadata, timing, display-order, randomiser or other-text column"
story_beliefs,FL_44_DO_FL_48,FL_44 - Block Randomizer - Display Order - FL_48,excluded,"survey metadata, timing, display-order, randomiser or other-text column"
story_beliefs,FL_44_DO_FL_49,FL_44 - Block Randomizer - Display Order - FL_49,excluded,"survey metadata, timing, display-order, randomiser or other-text column"
story_beliefs,FL_45_DO_FL_46,FL_45 - Block Randomizer - Display Order - FL_46,excluded,"survey metadata, timing, display-order, randomiser or other-text column"
story_beliefs,FL_45_DO_FL_47,FL_45 - Block Randomizer - Display Order - FL_47,excluded,"survey metadata, timing, display-order, randomiser or other-text column"
story_beliefs,FL_37_DO_FL_51,FL_37 - Block Randomizer - Display Order - FL_51,excluded,"survey metadata, timing, display-order, randomiser or other-text column"
story_beliefs,FL_37_DO_FL_54,FL_37 - Block Randomizer - Display Order - FL_54,excluded,"survey metadata, timing, display-order, randomiser or other-text column"
story_beliefs,FL_51_DO_FL_52,FL_51 - Block Randomizer - Display Order - FL_52,excluded,"survey metadata, timing, display-order, randomiser or other-text column"
story_beliefs,FL_51_DO_FL_53,FL_51 - Block Randomizer - Display Order - FL_53,excluded,"survey metadata, timing, display-order, randomiser or other-text column"
story_beliefs,FL_54_DO_FL_55,FL_54 - Block Randomizer - Display Order - FL_55,excluded,"survey metadata, timing, display-order, randomiser or other-text column"
story_beliefs,FL_54_DO_FL_56,FL_54 - Block Randomizer - Display Order - FL_56,excluded,"survey metadata, timing, display-order, randomiser or other-text column"
story_beliefs,FL_75_DO_FL_76,FL_75 - Block Randomizer - Display Order - FL_76,excluded,"survey metadata, timing, display-order, randomiser or other-text column"
story_beliefs,FL_75_DO_FL_83,FL_75 - Block Randomizer - Display Order - FL_83,excluded,"survey metadata, timing, display-order, randomiser or other-text column"
story_beliefs,FL_76_DO_FL_77,FL_76 - Block Randomizer - Display Order - FL_77,excluded,"survey metadata, timing, display-order, randomiser or other-text column"
story_beliefs,FL_76_DO_FL_80,FL_76 - Block Randomizer - Display Order - FL_80,excluded,"survey metadata, timing, display-order, randomiser or other-text column"
story_beliefs,FL_77_DO_FL_78,FL_77 - Block Randomizer - Display Order - FL_78,excluded,"survey metadata, timing, display-order, randomiser or other-text column"
story_beliefs,FL_77_DO_FL_79,FL_77 - Block Randomizer - Display Order - FL_79,excluded,"survey metadata, timing, display-order, randomiser or other-text column"
story_beliefs,FL_80_DO_FL_81,FL_80 - Block Randomizer - Display Order - FL_81,excluded,"survey metadata, timing, display-order, randomiser or other-text column"
story_beliefs,FL_80_DO_FL_82,FL_80 - Block Randomizer - Display Order - FL_82,excluded,"survey metadata, timing, display-order, randomiser or other-text column"
story_beliefs,FL_83_DO_FL_84,FL_83 - Block Randomizer - Display Order - FL_84,excluded,"survey metadata, timing, display-order, randomiser or other-text column"
story_beliefs,FL_83_DO_FL_87,FL_83 - Block Randomizer - Display Order - FL_87,excluded,"survey metadata, timing, display-order, randomiser or other-text column"
story_beliefs,FL_84_DO_FL_85,FL_84 - Block Randomizer - Display Order - FL_85,excluded,"survey metadata, timing, display-order, randomiser or other-text column"
story_beliefs,FL_84_DO_FL_86,FL_84 - Block Randomizer - Display Order - FL_86,excluded,"survey metadata, timing, display-order, randomiser or other-text column"
story_beliefs,FL_87_DO_FL_88,FL_87 - Block Randomizer - Display Order - FL_88,excluded,"survey metadata, timing, display-order, randomiser or other-text column"
story_beliefs,FL_87_DO_FL_89,FL_87 - Block Randomizer - Display Order - FL_89,excluded,"survey metadata, timing, display-order, randomiser or other-text column"
story_beliefs,FL_91_DO_FL_92,FL_91 - Block Randomizer - Display Order - FL_92,excluded,"survey metadata, timing, display-order, randomiser or other-text column"
story_beliefs,FL_91_DO_FL_107,FL_91 - Block Randomizer - Display Order - FL_107,excluded,"survey metadata, timing, display-order, randomiser or other-text column"
story_beliefs,FL_92_DO_FL_93,FL_92 - Block Randomizer - Display Order - FL_93,excluded,"survey metadata, timing, display-order, randomiser or other-text column"
story_beliefs,FL_92_DO_FL_100,FL_92 - Block Randomizer - Display Order - FL_100,excluded,"survey metadata, timing, display-order, randomiser or other-text column"
story_beliefs,FL_93_DO_FL_94,FL_93 - Block Randomizer - Display Order - FL_94,excluded,"survey metadata, timing, display-order, randomiser or other-text column"
story_beliefs,FL_93_DO_FL_97,FL_93 - Block Randomizer - Display Order - FL_97,excluded,"survey metadata, timing, display-order, randomiser or other-text column"
story_beliefs,FL_94_DO_FL_95,FL_94 - Block Randomizer - Display Order - FL_95,excluded,"survey metadata, timing, display-order, randomiser or other-text column"
story_beliefs,FL_94_DO_FL_96,FL_94 - Block Randomizer - Display Order - FL_96,excluded,"survey metadata, timing, display-order, randomiser or other-text column"
story_beliefs,FL_97_DO_FL_98,FL_97 - Block Randomizer - Display Order - FL_98,excluded,"survey metadata, timing, display-order, randomiser or other-text column"
story_beliefs,FL_97_DO_FL_99,FL_97 - Block Randomizer - Display Order - FL_99,excluded,"survey metadata, timing, display-order, randomiser or other-text column"
story_beliefs,FL_100_DO_FL_101,FL_100 - Block Randomizer - Display Order - FL_101,excluded,"survey metadata, timing, display-order, randomiser or other-text column"
story_beliefs,FL_100_DO_FL_104,FL_100 - Block Randomizer - Display Order - FL_104,excluded,"survey metadata, timing, display-order, randomiser or other-text column"
story_beliefs,FL_101_DO_FL_102,FL_101 - Block Randomizer - Display Order - FL_102,excluded,"survey metadata, timing, display-order, randomiser or other-text column"
story_beliefs,FL_101_DO_FL_103,FL_101 - Block Randomizer - Display Order - FL_103,excluded,"survey metadata, timing, display-order, randomiser or other-text column"
story_beliefs,FL_104_DO_FL_105,FL_104 - Block Randomizer - Display Order - FL_105,excluded,"survey metadata, timing, display-order, randomiser or other-text column"
story_beliefs,FL_104_DO_FL_106,FL_104 - Block Randomizer - Display Order - FL_106,excluded,"survey metadata, timing, display-order, randomiser or other-text column"
story_beliefs,FL_107_DO_FL_108,FL_107 - Block Randomizer - Display Order - FL_108,excluded,"survey metadata, timing, display-order, randomiser or other-text column"
story_beliefs,FL_107_DO_FL_115,FL_107 - Block Randomizer - Display Order - FL_115,excluded,"survey metadata, timing, display-order, randomiser or other-text column"
story_beliefs,FL_108_DO_FL_109,FL_108 - Block Randomizer - Display Order - FL_109,excluded,"survey metadata, timing, display-order, randomiser or other-text column"
story_beliefs,FL_108_DO_FL_112,FL_108 - Block Randomizer - Display Order - FL_112,excluded,"survey metadata, timing, display-order, randomiser or other-text column"
story_beliefs,FL_109_DO_FL_110,FL_109 - Block Randomizer - Display Order - FL_110,excluded,"survey metadata, timing, display-order, randomiser or other-text column"
story_beliefs,FL_109_DO_FL_111,FL_109 - Block Randomizer - Display Order - FL_111,excluded,"survey metadata, timing, display-order, randomiser or other-text column"
story_beliefs,FL_112_DO_FL_113,FL_112 - Block Randomizer - Display Order - FL_113,excluded,"survey metadata, timing, display-order, randomiser or other-text column"
story_beliefs,FL_112_DO_FL_114,FL_112 - Block Randomizer - Display Order - FL_114,excluded,"survey metadata, timing, display-order, randomiser or other-text column"
story_beliefs,FL_115_DO_FL_116,FL_115 - Block Randomizer - Display Order - FL_116,excluded,"survey metadata, timing, display-order, randomiser or other-text column"
story_beliefs,FL_115_DO_FL_119,FL_115 - Block Randomizer - Display Order - FL_119,excluded,"survey metadata, timing, display-order, randomiser or other-text column"
story_beliefs,FL_116_DO_FL_117,FL_116 - Block Randomizer - Display Order - FL_117,excluded,"survey metadata, timing, display-order, randomiser or other-text column"
story_beliefs,FL_116_DO_FL_118,FL_116 - Block Randomizer - Display Order - FL_118,excluded,"survey metadata, timing, display-order, randomiser or other-text column"
story_beliefs,FL_119_DO_FL_120,FL_119 - Block Randomizer - Display Order - FL_120,excluded,"survey metadata, timing, display-order, randomiser or other-text column"
story_beliefs,FL_119_DO_FL_121,FL_119 - Block Randomizer - Display Order - FL_121,excluded,"survey metadata, timing, display-order, randomiser or other-text column"
story_beliefs,Unnamed: 246,nan,excluded,no QSF question (embedded data or derived column)
targeting_fairness,StartDate,Start Date,excluded,"survey metadata, timing, display-order, randomiser or other-text column"
targeting_fairness,EndDate,End Date,excluded,"survey metadata, timing, display-order, randomiser or other-text column"
targeting_fairness,Progress,Progress,excluded,"survey metadata, timing, display-order, randomiser or other-text column"
targeting_fairness,Duration (in seconds),Duration (in seconds),excluded,"survey metadata, timing, display-order, randomiser or other-text column"
targeting_fairness,Finished,Finished,excluded,"survey metadata, timing, display-order, randomiser or other-text column"
targeting_fairness,RecordedDate,Recorded Date,excluded,"survey metadata, timing, display-order, randomiser or other-text column"
targeting_fairness,Q16,Above is a list of numbers. Only one of these numbers is an even number. Please spell that number out in ALL-CAPS below.,excluded,empty in the human file
targeting_fairness,Q18,"Welcome to our Survey! DESCRIPTION: We are a team at Columbia University. In today's study, you will fill out a survey. ",excluded,constant in the human file
targeting_fairness,Q41_First Click,Timing - First Click,excluded,"survey metadata, timing, display-order, randomiser or other-text column"
targeting_fairness,Q41_Last Click,Timing - Last Click,excluded,"survey metadata, timing, display-order, randomiser or other-text column"
targeting_fairness,Q41_Page Submit,Timing - Page Submit,excluded,"survey metadata, timing, display-order, randomiser or other-text column"
targeting_fairness,Q41_Click Count,Timing - Click Count,excluded,"survey metadata, timing, display-order, randomiser or other-text column"
targeting_fairness,comments,Please feel free to write any comments you may have about the survey or scenarios.,excluded,empty in the human file
targeting_fairness,Segment,Segment,excluded,no QSF question (embedded data or derived column)
targeting_fairness,target,target,excluded,no QSF question (embedded data or derived column)
targeting_fairness,FL_491_DO,FL_491 - Block Randomizer - Display Order,excluded,"survey metadata, timing, display-order, randomiser or other-text column"
targeting_fairness,FL_491_DO_FL_493,FL_491 - Block Randomizer - Display Order - FL_493,excluded,"survey metadata, timing, display-order, randomiser or other-text column"
targeting_fairness,FL_491_DO_FL_497,FL_491 - Block Randomizer - Display Order - FL_497,excluded,"survey metadata, timing, display-order, randomiser or other-text column"
