item,ours,published,source_location,match
accuracy_nudges / Fake1_3 / full_persona_without_reasoning: correlation,0.14801322882968715,0.148013228829687,"Twin-2K-500-Mega-Study/mega_study_evaluation/meta_analysis_results/combined_all_specifications_meta_analysis.csv; row study name='Accuracy Nudge', persona specification='full_persona_without_reasoning', variable name='Fake1_3'",True
accuracy_nudges / Fake1_3 / full_persona_without_reasoning: mean_human,2.5862412761714855,2.586241276171485,"Twin-2K-500-Mega-Study/mega_study_evaluation/meta_analysis_results/combined_all_specifications_meta_analysis.csv; row study name='Accuracy Nudge', persona specification='full_persona_without_reasoning', variable name='Fake1_3'",True
accuracy_nudges / Fake1_3 / full_persona_without_reasoning: mean_twin,2.975074775672981,2.975074775672981,"Twin-2K-500-Mega-Study/mega_study_evaluation/meta_analysis_results/combined_all_specifications_meta_analysis.csv; row study name='Accuracy Nudge', persona specification='full_persona_without_reasoning', variable name='Fake1_3'",True
accuracy_nudges / Fake1_3 / full_persona_without_reasoning: std_human,1.5679200817788754,1.5679200817788754,"Twin-2K-500-Mega-Study/mega_study_evaluation/meta_analysis_results/combined_all_specifications_meta_analysis.csv; row study name='Accuracy Nudge', persona specification='full_persona_without_reasoning', variable name='Fake1_3'",True
accuracy_nudges / Fake1_3 / full_persona_without_reasoning: std_twin,0.9790096779362494,0.9790096779362494,"Twin-2K-500-Mega-Study/mega_study_evaluation/meta_analysis_results/combined_all_specifications_meta_analysis.csv; row study name='Accuracy Nudge', persona specification='full_persona_without_reasoning', variable name='Fake1_3'",True
accuracy_nudges / Fake1_3 / full_persona_without_reasoning: sample size,1003.0,1003.0,"Twin-2K-500-Mega-Study/mega_study_evaluation/meta_analysis_results/combined_all_specifications_meta_analysis.csv; row study name='Accuracy Nudge', persona specification='full_persona_without_reasoning', variable name='Fake1_3'",True
accuracy_nudges / Fake2_3 / full_persona_without_reasoning: correlation,0.11916244155277686,0.1191624415527771,"Twin-2K-500-Mega-Study/mega_study_evaluation/meta_analysis_results/combined_all_specifications_meta_analysis.csv; row study name='Accuracy Nudge', persona specification='full_persona_without_reasoning', variable name='Fake2_3'",True
accuracy_nudges / Fake2_3 / full_persona_without_reasoning: mean_human,2.7288135593220337,2.7288135593220337,"Twin-2K-500-Mega-Study/mega_study_evaluation/meta_analysis_results/combined_all_specifications_meta_analysis.csv; row study name='Accuracy Nudge', persona specification='full_persona_without_reasoning', variable name='Fake2_3'",True
accuracy_nudges / Fake2_3 / full_persona_without_reasoning: mean_twin,2.715852442671984,2.715852442671984,"Twin-2K-500-Mega-Study/mega_study_evaluation/meta_analysis_results/combined_all_specifications_meta_analysis.csv; row study name='Accuracy Nudge', persona specification='full_persona_without_reasoning', variable name='Fake2_3'",True
accuracy_nudges / Fake2_3 / full_persona_without_reasoning: std_human,1.5984764727913445,1.5984764727913443,"Twin-2K-500-Mega-Study/mega_study_evaluation/meta_analysis_results/combined_all_specifications_meta_analysis.csv; row study name='Accuracy Nudge', persona specification='full_persona_without_reasoning', variable name='Fake2_3'",True
accuracy_nudges / Fake2_3 / full_persona_without_reasoning: std_twin,1.0778193526966475,1.0778193526966475,"Twin-2K-500-Mega-Study/mega_study_evaluation/meta_analysis_results/combined_all_specifications_meta_analysis.csv; row study name='Accuracy Nudge', persona specification='full_persona_without_reasoning', variable name='Fake2_3'",True
accuracy_nudges / Fake2_3 / full_persona_without_reasoning: sample size,1003.0,1003.0,"Twin-2K-500-Mega-Study/mega_study_evaluation/meta_analysis_results/combined_all_specifications_meta_analysis.csv; row study name='Accuracy Nudge', persona specification='full_persona_without_reasoning', variable name='Fake2_3'",True
accuracy_nudges / Fake3_3 / full_persona_without_reasoning: correlation,0.23838530203043787,0.2383853020304377,"Twin-2K-500-Mega-Study/mega_study_evaluation/meta_analysis_results/combined_all_specifications_meta_analysis.csv; row study name='Accuracy Nudge', persona specification='full_persona_without_reasoning', variable name='Fake3_3'",True
accuracy_nudges / Fake3_3 / full_persona_without_reasoning: mean_human,2.9202392821535392,2.9202392821535392,"Twin-2K-500-Mega-Study/mega_study_evaluation/meta_analysis_results/combined_all_specifications_meta_analysis.csv; row study name='Accuracy Nudge', persona specification='full_persona_without_reasoning', variable name='Fake3_3'",True
accuracy_nudges / Fake3_3 / full_persona_without_reasoning: mean_twin,3.3270189431704886,3.3270189431704886,"Twin-2K-500-Mega-Study/mega_study_evaluation/meta_analysis_results/combined_all_specifications_meta_analysis.csv; row study name='Accuracy Nudge', persona specification='full_persona_without_reasoning', variable name='Fake3_3'",True
accuracy_nudges / Fake3_3 / full_persona_without_reasoning: std_human,1.663155725912343,1.663155725912343,"Twin-2K-500-Mega-Study/mega_study_evaluation/meta_analysis_results/combined_all_specifications_meta_analysis.csv; row study name='Accuracy Nudge', persona specification='full_persona_without_reasoning', variable name='Fake3_3'",True
accuracy_nudges / Fake3_3 / full_persona_without_reasoning: std_twin,1.153289916446565,1.153289916446565,"Twin-2K-500-Mega-Study/mega_study_evaluation/meta_analysis_results/combined_all_specifications_meta_analysis.csv; row study name='Accuracy Nudge', persona specification='full_persona_without_reasoning', variable name='Fake3_3'",True
accuracy_nudges / Fake3_3 / full_persona_without_reasoning: sample size,1003.0,1003.0,"Twin-2K-500-Mega-Study/mega_study_evaluation/meta_analysis_results/combined_all_specifications_meta_analysis.csv; row study name='Accuracy Nudge', persona specification='full_persona_without_reasoning', variable name='Fake3_3'",True
accuracy_nudges / Fake4_3 / full_persona_without_reasoning: correlation,0.18251814695072843,0.1825181469507292,"Twin-2K-500-Mega-Study/mega_study_evaluation/meta_analysis_results/combined_all_specifications_meta_analysis.csv; row study name='Accuracy Nudge', persona specification='full_persona_without_reasoning', variable name='Fake4_3'",True
accuracy_nudges / Fake4_3 / full_persona_without_reasoning: mean_human,3.1206380857427716,3.120638085742772,"Twin-2K-500-Mega-Study/mega_study_evaluation/meta_analysis_results/combined_all_specifications_meta_analysis.csv; row study name='Accuracy Nudge', persona specification='full_persona_without_reasoning', variable name='Fake4_3'",True
accuracy_nudges / Fake4_3 / full_persona_without_reasoning: mean_twin,2.9042871385842473,2.9042871385842477,"Twin-2K-500-Mega-Study/mega_study_evaluation/meta_analysis_results/combined_all_specifications_meta_analysis.csv; row study name='Accuracy Nudge', persona specification='full_persona_without_reasoning', variable name='Fake4_3'",True
accuracy_nudges / Fake4_3 / full_persona_without_reasoning: std_human,1.6669868330080715,1.6669868330080715,"Twin-2K-500-Mega-Study/mega_study_evaluation/meta_analysis_results/combined_all_specifications_meta_analysis.csv; row study name='Accuracy Nudge', persona specification='full_persona_without_reasoning', variable name='Fake4_3'",True
accuracy_nudges / Fake4_3 / full_persona_without_reasoning: std_twin,1.0679562277057504,1.0679562277057504,"Twin-2K-500-Mega-Study/mega_study_evaluation/meta_analysis_results/combined_all_specifications_meta_analysis.csv; row study name='Accuracy Nudge', persona specification='full_persona_without_reasoning', variable name='Fake4_3'",True
accuracy_nudges / Fake4_3 / full_persona_without_reasoning: sample size,1003.0,1003.0,"Twin-2K-500-Mega-Study/mega_study_evaluation/meta_analysis_results/combined_all_specifications_meta_analysis.csv; row study name='Accuracy Nudge', persona specification='full_persona_without_reasoning', variable name='Fake4_3'",True
accuracy_nudges / Fake5_3 / full_persona_without_reasoning: correlation,0.1816421332943156,0.1816421332943144,"Twin-2K-500-Mega-Study/mega_study_evaluation/meta_analysis_results/combined_all_specifications_meta_analysis.csv; row study name='Accuracy Nudge', persona specification='full_persona_without_reasoning', variable name='Fake5_3'",True
accuracy_nudges / Fake5_3 / full_persona_without_reasoning: mean_human,2.69690927218345,2.69690927218345,"Twin-2K-500-Mega-Study/mega_study_evaluation/meta_analysis_results/combined_all_specifications_meta_analysis.csv; row study name='Accuracy Nudge', persona specification='full_persona_without_reasoning', variable name='Fake5_3'",True
accuracy_nudges / Fake5_3 / full_persona_without_reasoning: mean_twin,2.313060817547358,2.313060817547358,"Twin-2K-500-Mega-Study/mega_study_evaluation/meta_analysis_results/combined_all_specifications_meta_analysis.csv; row study name='Accuracy Nudge', persona specification='full_persona_without_reasoning', variable name='Fake5_3'",True
accuracy_nudges / Fake5_3 / full_persona_without_reasoning: std_human,1.712890082251636,1.712890082251636,"Twin-2K-500-Mega-Study/mega_study_evaluation/meta_analysis_results/combined_all_specifications_meta_analysis.csv; row study name='Accuracy Nudge', persona specification='full_persona_without_reasoning', variable name='Fake5_3'",True
accuracy_nudges / Fake5_3 / full_persona_without_reasoning: std_twin,0.8730260902067967,0.8730260902067967,"Twin-2K-500-Mega-Study/mega_study_evaluation/meta_analysis_results/combined_all_specifications_meta_analysis.csv; row study name='Accuracy Nudge', persona specification='full_persona_without_reasoning', variable name='Fake5_3'",True
accuracy_nudges / Fake5_3 / full_persona_without_reasoning: sample size,1003.0,1003.0,"Twin-2K-500-Mega-Study/mega_study_evaluation/meta_analysis_results/combined_all_specifications_meta_analysis.csv; row study name='Accuracy Nudge', persona specification='full_persona_without_reasoning', variable name='Fake5_3'",True
accuracy_nudges / Fake6_3 / full_persona_without_reasoning: correlation,0.14533544437419982,0.1453354443741985,"Twin-2K-500-Mega-Study/mega_study_evaluation/meta_analysis_results/combined_all_specifications_meta_analysis.csv; row study name='Accuracy Nudge', persona specification='full_persona_without_reasoning', variable name='Fake6_3'",True
accuracy_nudges / Fake6_3 / full_persona_without_reasoning: mean_human,2.823529411764706,2.823529411764706,"Twin-2K-500-Mega-Study/mega_study_evaluation/meta_analysis_results/combined_all_specifications_meta_analysis.csv; row study name='Accuracy Nudge', persona specification='full_persona_without_reasoning', variable name='Fake6_3'",True
accuracy_nudges / Fake6_3 / full_persona_without_reasoning: mean_twin,2.991026919242273,2.991026919242273,"Twin-2K-500-Mega-Study/mega_study_evaluation/meta_analysis_results/combined_all_specifications_meta_analysis.csv; row study name='Accuracy Nudge', persona specification='full_persona_without_reasoning', variable name='Fake6_3'",True
accuracy_nudges / Fake6_3 / full_persona_without_reasoning: std_human,1.6852550361321386,1.6852550361321386,"Twin-2K-500-Mega-Study/mega_study_evaluation/meta_analysis_results/combined_all_specifications_meta_analysis.csv; row study name='Accuracy Nudge', persona specification='full_persona_without_reasoning', variable name='Fake6_3'",True
accuracy_nudges / Fake6_3 / full_persona_without_reasoning: std_twin,1.0529491149129615,1.0529491149129615,"Twin-2K-500-Mega-Study/mega_study_evaluation/meta_analysis_results/combined_all_specifications_meta_analysis.csv; row study name='Accuracy Nudge', persona specification='full_persona_without_reasoning', variable name='Fake6_3'",True
accuracy_nudges / Fake6_3 / full_persona_without_reasoning: sample size,1003.0,1003.0,"Twin-2K-500-Mega-Study/mega_study_evaluation/meta_analysis_results/combined_all_specifications_meta_analysis.csv; row study name='Accuracy Nudge', persona specification='full_persona_without_reasoning', variable name='Fake6_3'",True
accuracy_nudges / Fake7_3 / full_persona_without_reasoning: correlation,0.10863027783020218,0.1086302778302025,"Twin-2K-500-Mega-Study/mega_study_evaluation/meta_analysis_results/combined_all_specifications_meta_analysis.csv; row study name='Accuracy Nudge', persona specification='full_persona_without_reasoning', variable name='Fake7_3'",True
accuracy_nudges / Fake7_3 / full_persona_without_reasoning: mean_human,2.5792622133599203,2.5792622133599203,"Twin-2K-500-Mega-Study/mega_study_evaluation/meta_analysis_results/combined_all_specifications_meta_analysis.csv; row study name='Accuracy Nudge', persona specification='full_persona_without_reasoning', variable name='Fake7_3'",True
accuracy_nudges / Fake7_3 / full_persona_without_reasoning: mean_twin,3.2163509471585243,3.2163509471585243,"Twin-2K-500-Mega-Study/mega_study_evaluation/meta_analysis_results/combined_all_specifications_meta_analysis.csv; row study name='Accuracy Nudge', persona specification='full_persona_without_reasoning', variable name='Fake7_3'",True
accuracy_nudges / Fake7_3 / full_persona_without_reasoning: std_human,1.5771726939763562,1.5771726939763562,"Twin-2K-500-Mega-Study/mega_study_evaluation/meta_analysis_results/combined_all_specifications_meta_analysis.csv; row study name='Accuracy Nudge', persona specification='full_persona_without_reasoning', variable name='Fake7_3'",True
accuracy_nudges / Fake7_3 / full_persona_without_reasoning: std_twin,0.8755105977958773,0.8755105977958773,"Twin-2K-500-Mega-Study/mega_study_evaluation/meta_analysis_results/combined_all_specifications_meta_analysis.csv; row study name='Accuracy Nudge', persona specification='full_persona_without_reasoning', variable name='Fake7_3'",True
accuracy_nudges / Fake7_3 / full_persona_without_reasoning: sample size,1003.0,1003.0,"Twin-2K-500-Mega-Study/mega_study_evaluation/meta_analysis_results/combined_all_specifications_meta_analysis.csv; row study name='Accuracy Nudge', persona specification='full_persona_without_reasoning', variable name='Fake7_3'",True
accuracy_nudges / Fake8_3 / full_persona_without_reasoning: correlation,0.13405179108915363,0.1340517910891535,"Twin-2K-500-Mega-Study/mega_study_evaluation/meta_analysis_results/combined_all_specifications_meta_analysis.csv; row study name='Accuracy Nudge', persona specification='full_persona_without_reasoning', variable name='Fake8_3'",True
accuracy_nudges / Fake8_3 / full_persona_without_reasoning: mean_human,2.6719840478564305,2.6719840478564305,"Twin-2K-500-Mega-Study/mega_study_evaluation/meta_analysis_results/combined_all_specifications_meta_analysis.csv; row study name='Accuracy Nudge', persona specification='full_persona_without_reasoning', variable name='Fake8_3'",True
accuracy_nudges / Fake8_3 / full_persona_without_reasoning: mean_twin,3.3728813559322033,3.3728813559322037,"Twin-2K-500-Mega-Study/mega_study_evaluation/meta_analysis_results/combined_all_specifications_meta_analysis.csv; row study name='Accuracy Nudge', persona specification='full_persona_without_reasoning', variable name='Fake8_3'",True
accuracy_nudges / Fake8_3 / full_persona_without_reasoning: std_human,1.5754740603117956,1.5754740603117956,"Twin-2K-500-Mega-Study/mega_study_evaluation/meta_analysis_results/combined_all_specifications_meta_analysis.csv; row study name='Accuracy Nudge', persona specification='full_persona_without_reasoning', variable name='Fake8_3'",True
accuracy_nudges / Fake8_3 / full_persona_without_reasoning: std_twin,0.9719326451703638,0.9719326451703638,"Twin-2K-500-Mega-Study/mega_study_evaluation/meta_analysis_results/combined_all_specifications_meta_analysis.csv; row study name='Accuracy Nudge', persona specification='full_persona_without_reasoning', variable name='Fake8_3'",True
accuracy_nudges / Fake8_3 / full_persona_without_reasoning: sample size,1003.0,1003.0,"Twin-2K-500-Mega-Study/mega_study_evaluation/meta_analysis_results/combined_all_specifications_meta_analysis.csv; row study name='Accuracy Nudge', persona specification='full_persona_without_reasoning', variable name='Fake8_3'",True
accuracy_nudges / Real1_3 / full_persona_without_reasoning: correlation,0.10846766313914787,0.1084676631391468,"Twin-2K-500-Mega-Study/mega_study_evaluation/meta_analysis_results/combined_all_specifications_meta_analysis.csv; row study name='Accuracy Nudge', persona specification='full_persona_without_reasoning', variable name='Real1_3'",True
accuracy_nudges / Real1_3 / full_persona_without_reasoning: mean_human,2.25024925224327,2.25024925224327,"Twin-2K-500-Mega-Study/mega_study_evaluation/meta_analysis_results/combined_all_specifications_meta_analysis.csv; row study name='Accuracy Nudge', persona specification='full_persona_without_reasoning', variable name='Real1_3'",True
accuracy_nudges / Real1_3 / full_persona_without_reasoning: mean_twin,3.0378863409770687,3.0378863409770687,"Twin-2K-500-Mega-Study/mega_study_evaluation/meta_analysis_results/combined_all_specifications_meta_analysis.csv; row study name='Accuracy Nudge', persona specification='full_persona_without_reasoning', variable name='Real1_3'",True
accuracy_nudges / Real1_3 / full_persona_without_reasoning: std_human,1.465568713632419,1.465568713632419,"Twin-2K-500-Mega-Study/mega_study_evaluation/meta_analysis_results/combined_all_specifications_meta_analysis.csv; row study name='Accuracy Nudge', persona specification='full_persona_without_reasoning', variable name='Real1_3'",True
accuracy_nudges / Real1_3 / full_persona_without_reasoning: std_twin,0.8631744775452415,0.8631744775452415,"Twin-2K-500-Mega-Study/mega_study_evaluation/meta_analysis_results/combined_all_specifications_meta_analysis.csv; row study name='Accuracy Nudge', persona specification='full_persona_without_reasoning', variable name='Real1_3'",True
accuracy_nudges / Real1_3 / full_persona_without_reasoning: sample size,1003.0,1003.0,"Twin-2K-500-Mega-Study/mega_study_evaluation/meta_analysis_results/combined_all_specifications_meta_analysis.csv; row study name='Accuracy Nudge', persona specification='full_persona_without_reasoning', variable name='Real1_3'",True
accuracy_nudges / Real2_3 / full_persona_without_reasoning: correlation,0.06291363344783416,0.0629136334478346,"Twin-2K-500-Mega-Study/mega_study_evaluation/meta_analysis_results/combined_all_specifications_meta_analysis.csv; row study name='Accuracy Nudge', persona specification='full_persona_without_reasoning', variable name='Real2_3'",True
accuracy_nudges / Real2_3 / full_persona_without_reasoning: mean_human,2.3609172482552343,2.3609172482552343,"Twin-2K-500-Mega-Study/mega_study_evaluation/meta_analysis_results/combined_all_specifications_meta_analysis.csv; row study name='Accuracy Nudge', persona specification='full_persona_without_reasoning', variable name='Real2_3'",True
accuracy_nudges / Real2_3 / full_persona_without_reasoning: mean_twin,3.2452642073778666,3.2452642073778666,"Twin-2K-500-Mega-Study/mega_study_evaluation/meta_analysis_results/combined_all_specifications_meta_analysis.csv; row study name='Accuracy Nudge', persona specification='full_persona_without_reasoning', variable name='Real2_3'",True
accuracy_nudges / Real2_3 / full_persona_without_reasoning: std_human,1.5634765869866725,1.5634765869866725,"Twin-2K-500-Mega-Study/mega_study_evaluation/meta_analysis_results/combined_all_specifications_meta_analysis.csv; row study name='Accuracy Nudge', persona specification='full_persona_without_reasoning', variable name='Real2_3'",True
accuracy_nudges / Real2_3 / full_persona_without_reasoning: std_twin,1.0370698997806187,1.0370698997806187,"Twin-2K-500-Mega-Study/mega_study_evaluation/meta_analysis_results/combined_all_specifications_meta_analysis.csv; row study name='Accuracy Nudge', persona specification='full_persona_without_reasoning', variable name='Real2_3'",True
accuracy_nudges / Real2_3 / full_persona_without_reasoning: sample size,1003.0,1003.0,"Twin-2K-500-Mega-Study/mega_study_evaluation/meta_analysis_results/combined_all_specifications_meta_analysis.csv; row study name='Accuracy Nudge', persona specification='full_persona_without_reasoning', variable name='Real2_3'",True
accuracy_nudges / Real3_3 / full_persona_without_reasoning: correlation,0.08580386179163366,0.0858038617916341,"Twin-2K-500-Mega-Study/mega_study_evaluation/meta_analysis_results/combined_all_specifications_meta_analysis.csv; row study name='Accuracy Nudge', persona specification='full_persona_without_reasoning', variable name='Real3_3'",True
accuracy_nudges / Real3_3 / full_persona_without_reasoning: mean_human,2.1016949152542375,2.101694915254237,"Twin-2K-500-Mega-Study/mega_study_evaluation/meta_analysis_results/combined_all_specifications_meta_analysis.csv; row study name='Accuracy Nudge', persona specification='full_persona_without_reasoning', variable name='Real3_3'",True
accuracy_nudges / Real3_3 / full_persona_without_reasoning: mean_twin,1.9770687936191427,1.977068793619143,"Twin-2K-500-Mega-Study/mega_study_evaluation/meta_analysis_results/combined_all_specifications_meta_analysis.csv; row study name='Accuracy Nudge', persona specification='full_persona_without_reasoning', variable name='Real3_3'",True
accuracy_nudges / Real3_3 / full_persona_without_reasoning: std_human,1.4413438778776828,1.4413438778776828,"Twin-2K-500-Mega-Study/mega_study_evaluation/meta_analysis_results/combined_all_specifications_meta_analysis.csv; row study name='Accuracy Nudge', persona specification='full_persona_without_reasoning', variable name='Real3_3'",True
accuracy_nudges / Real3_3 / full_persona_without_reasoning: std_twin,0.7532183657083512,0.7532183657083512,"Twin-2K-500-Mega-Study/mega_study_evaluation/meta_analysis_results/combined_all_specifications_meta_analysis.csv; row study name='Accuracy Nudge', persona specification='full_persona_without_reasoning', variable name='Real3_3'",True
accuracy_nudges / Real3_3 / full_persona_without_reasoning: sample size,1003.0,1003.0,"Twin-2K-500-Mega-Study/mega_study_evaluation/meta_analysis_results/combined_all_specifications_meta_analysis.csv; row study name='Accuracy Nudge', persona specification='full_persona_without_reasoning', variable name='Real3_3'",True
accuracy_nudges / Real4_3 / full_persona_without_reasoning: correlation,0.054884907590923016,0.0548849075909231,"Twin-2K-500-Mega-Study/mega_study_evaluation/meta_analysis_results/combined_all_specifications_meta_analysis.csv; row study name='Accuracy Nudge', persona specification='full_persona_without_reasoning', variable name='Real4_3'",True
accuracy_nudges / Real4_3 / full_persona_without_reasoning: mean_human,2.614157527417747,2.614157527417747,"Twin-2K-500-Mega-Study/mega_study_evaluation/meta_analysis_results/combined_all_specifications_meta_analysis.csv; row study name='Accuracy Nudge', persona specification='full_persona_without_reasoning', variable name='Real4_3'",True
accuracy_nudges / Real4_3 / full_persona_without_reasoning: mean_twin,2.4975074775672983,2.4975074775672983,"Twin-2K-500-Mega-Study/mega_study_evaluation/meta_analysis_results/combined_all_specifications_meta_analysis.csv; row study name='Accuracy Nudge', persona specification='full_persona_without_reasoning', variable name='Real4_3'",True
accuracy_nudges / Real4_3 / full_persona_without_reasoning: std_human,1.6804853171950216,1.6804853171950216,"Twin-2K-500-Mega-Study/mega_study_evaluation/meta_analysis_results/combined_all_specifications_meta_analysis.csv; row study name='Accuracy Nudge', persona specification='full_persona_without_reasoning', variable name='Real4_3'",True
accuracy_nudges / Real4_3 / full_persona_without_reasoning: std_twin,1.0337342770667677,1.0337342770667677,"Twin-2K-500-Mega-Study/mega_study_evaluation/meta_analysis_results/combined_all_specifications_meta_analysis.csv; row study name='Accuracy Nudge', persona specification='full_persona_without_reasoning', variable name='Real4_3'",True
accuracy_nudges / Real4_3 / full_persona_without_reasoning: sample size,1003.0,1003.0,"Twin-2K-500-Mega-Study/mega_study_evaluation/meta_analysis_results/combined_all_specifications_meta_analysis.csv; row study name='Accuracy Nudge', persona specification='full_persona_without_reasoning', variable name='Real4_3'",True
accuracy_nudges / Real5_3 / full_persona_without_reasoning: correlation,0.11614966377493856,0.1161496637749381,"Twin-2K-500-Mega-Study/mega_study_evaluation/meta_analysis_results/combined_all_specifications_meta_analysis.csv; row study name='Accuracy Nudge', persona specification='full_persona_without_reasoning', variable name='Real5_3'",True
accuracy_nudges / Real5_3 / full_persona_without_reasoning: mean_human,2.604187437686939,2.604187437686939,"Twin-2K-500-Mega-Study/mega_study_evaluation/meta_analysis_results/combined_all_specifications_meta_analysis.csv; row study name='Accuracy Nudge', persona specification='full_persona_without_reasoning', variable name='Real5_3'",True
accuracy_nudges / Real5_3 / full_persona_without_reasoning: mean_twin,3.333000997008973,3.333000997008973,"Twin-2K-500-Mega-Study/mega_study_evaluation/meta_analysis_results/combined_all_specifications_meta_analysis.csv; row study name='Accuracy Nudge', persona specification='full_persona_without_reasoning', variable name='Real5_3'",True
accuracy_nudges / Real5_3 / full_persona_without_reasoning: std_human,1.6775678659511726,1.6775678659511726,"Twin-2K-500-Mega-Study/mega_study_evaluation/meta_analysis_results/combined_all_specifications_meta_analysis.csv; row study name='Accuracy Nudge', persona specification='full_persona_without_reasoning', variable name='Real5_3'",True
accuracy_nudges / Real5_3 / full_persona_without_reasoning: std_twin,1.2456622007439573,1.2456622007439573,"Twin-2K-500-Mega-Study/mega_study_evaluation/meta_analysis_results/combined_all_specifications_meta_analysis.csv; row study name='Accuracy Nudge', persona specification='full_persona_without_reasoning', variable name='Real5_3'",True
accuracy_nudges / Real5_3 / full_persona_without_reasoning: sample size,1003.0,1003.0,"Twin-2K-500-Mega-Study/mega_study_evaluation/meta_analysis_results/combined_all_specifications_meta_analysis.csv; row study name='Accuracy Nudge', persona specification='full_persona_without_reasoning', variable name='Real5_3'",True
accuracy_nudges / Real6_3 / full_persona_without_reasoning: correlation,0.19200171968980137,0.1920017196898009,"Twin-2K-500-Mega-Study/mega_study_evaluation/meta_analysis_results/combined_all_specifications_meta_analysis.csv; row study name='Accuracy Nudge', persona specification='full_persona_without_reasoning', variable name='Real6_3'",True
accuracy_nudges / Real6_3 / full_persona_without_reasoning: mean_human,3.2721834496510467,3.2721834496510467,"Twin-2K-500-Mega-Study/mega_study_evaluation/meta_analysis_results/combined_all_specifications_meta_analysis.csv; row study name='Accuracy Nudge', persona specification='full_persona_without_reasoning', variable name='Real6_3'",True
accuracy_nudges / Real6_3 / full_persona_without_reasoning: mean_twin,4.3160518444666005,4.3160518444666005,"Twin-2K-500-Mega-Study/mega_study_evaluation/meta_analysis_results/combined_all_specifications_meta_analysis.csv; row study name='Accuracy Nudge', persona specification='full_persona_without_reasoning', variable name='Real6_3'",True
accuracy_nudges / Real6_3 / full_persona_without_reasoning: std_human,1.6670739776480712,1.6670739776480712,"Twin-2K-500-Mega-Study/mega_study_evaluation/meta_analysis_results/combined_all_specifications_meta_analysis.csv; row study name='Accuracy Nudge', persona specification='full_persona_without_reasoning', variable name='Real6_3'",True
accuracy_nudges / Real6_3 / full_persona_without_reasoning: std_twin,1.009343359451851,1.009343359451851,"Twin-2K-500-Mega-Study/mega_study_evaluation/meta_analysis_results/combined_all_specifications_meta_analysis.csv; row study name='Accuracy Nudge', persona specification='full_persona_without_reasoning', variable name='Real6_3'",True
accuracy_nudges / Real6_3 / full_persona_without_reasoning: sample size,1003.0,1003.0,"Twin-2K-500-Mega-Study/mega_study_evaluation/meta_analysis_results/combined_all_specifications_meta_analysis.csv; row study name='Accuracy Nudge', persona specification='full_persona_without_reasoning', variable name='Real6_3'",True
accuracy_nudges / Real7_3 / full_persona_without_reasoning: correlation,0.18291655703850987,0.182916557038511,"Twin-2K-500-Mega-Study/mega_study_evaluation/meta_analysis_results/combined_all_specifications_meta_analysis.csv; row study name='Accuracy Nudge', persona specification='full_persona_without_reasoning', variable name='Real7_3'",True
accuracy_nudges / Real7_3 / full_persona_without_reasoning: mean_human,3.5373878364905282,3.537387836490528,"Twin-2K-500-Mega-Study/mega_study_evaluation/meta_analysis_results/combined_all_specifications_meta_analysis.csv; row study name='Accuracy Nudge', persona specification='full_persona_without_reasoning', variable name='Real7_3'",True
accuracy_nudges / Real7_3 / full_persona_without_reasoning: mean_twin,4.06580259222333,4.06580259222333,"Twin-2K-500-Mega-Study/mega_study_evaluation/meta_analysis_results/combined_all_specifications_meta_analysis.csv; row study name='Accuracy Nudge', persona specification='full_persona_without_reasoning', variable name='Real7_3'",True
accuracy_nudges / Real7_3 / full_persona_without_reasoning: std_human,1.785768746534502,1.785768746534502,"Twin-2K-500-Mega-Study/mega_study_evaluation/meta_analysis_results/combined_all_specifications_meta_analysis.csv; row study name='Accuracy Nudge', persona specification='full_persona_without_reasoning', variable name='Real7_3'",True
accuracy_nudges / Real7_3 / full_persona_without_reasoning: std_twin,1.0923692086183066,1.0923692086183066,"Twin-2K-500-Mega-Study/mega_study_evaluation/meta_analysis_results/combined_all_specifications_meta_analysis.csv; row study name='Accuracy Nudge', persona specification='full_persona_without_reasoning', variable name='Real7_3'",True
accuracy_nudges / Real7_3 / full_persona_without_reasoning: sample size,1003.0,1003.0,"Twin-2K-500-Mega-Study/mega_study_evaluation/meta_analysis_results/combined_all_specifications_meta_analysis.csv; row study name='Accuracy Nudge', persona specification='full_persona_without_reasoning', variable name='Real7_3'",True
accuracy_nudges / Real8_3 / full_persona_without_reasoning: correlation,0.1654106345467986,0.165410634546799,"Twin-2K-500-Mega-Study/mega_study_evaluation/meta_analysis_results/combined_all_specifications_meta_analysis.csv; row study name='Accuracy Nudge', persona specification='full_persona_without_reasoning', variable name='Real8_3'",True
accuracy_nudges / Real8_3 / full_persona_without_reasoning: mean_human,3.0638085742771684,3.0638085742771684,"Twin-2K-500-Mega-Study/mega_study_evaluation/meta_analysis_results/combined_all_specifications_meta_analysis.csv; row study name='Accuracy Nudge', persona specification='full_persona_without_reasoning', variable name='Real8_3'",True
accuracy_nudges / Real8_3 / full_persona_without_reasoning: mean_twin,3.4705882352941178,3.4705882352941178,"Twin-2K-500-Mega-Study/mega_study_evaluation/meta_analysis_results/combined_all_specifications_meta_analysis.csv; row study name='Accuracy Nudge', persona specification='full_persona_without_reasoning', variable name='Real8_3'",True
accuracy_nudges / Real8_3 / full_persona_without_reasoning: std_human,1.7117406751515618,1.7117406751515618,"Twin-2K-500-Mega-Study/mega_study_evaluation/meta_analysis_results/combined_all_specifications_meta_analysis.csv; row study name='Accuracy Nudge', persona specification='full_persona_without_reasoning', variable name='Real8_3'",True
accuracy_nudges / Real8_3 / full_persona_without_reasoning: std_twin,1.1416110551928356,1.1416110551928356,"Twin-2K-500-Mega-Study/mega_study_evaluation/meta_analysis_results/combined_all_specifications_meta_analysis.csv; row study name='Accuracy Nudge', persona specification='full_persona_without_reasoning', variable name='Real8_3'",True
accuracy_nudges / Real8_3 / full_persona_without_reasoning: sample size,1003.0,1003.0,"Twin-2K-500-Mega-Study/mega_study_evaluation/meta_analysis_results/combined_all_specifications_meta_analysis.csv; row study name='Accuracy Nudge', persona specification='full_persona_without_reasoning', variable name='Real8_3'",True
consumer_minimalism / Q33 / full_persona_without_reasoning: correlation,0.33880450210429236,0.3388045021042927,"Twin-2K-500-Mega-Study/mega_study_evaluation/meta_analysis_results/combined_all_specifications_meta_analysis.csv; row study name='Consumer Minimalism', persona specification='full_persona_without_reasoning', variable name='Q33'",True
consumer_minimalism / Q33 / full_persona_without_reasoning: mean_human,4.53,4.53,"Twin-2K-500-Mega-Study/mega_study_evaluation/meta_analysis_results/combined_all_specifications_meta_analysis.csv; row study name='Consumer Minimalism', persona specification='full_persona_without_reasoning', variable name='Q33'",True
consumer_minimalism / Q33 / full_persona_without_reasoning: mean_twin,5.105,5.105,"Twin-2K-500-Mega-Study/mega_study_evaluation/meta_analysis_results/combined_all_specifications_meta_analysis.csv; row study name='Consumer Minimalism', persona specification='full_persona_without_reasoning', variable name='Q33'",True
consumer_minimalism / Q33 / full_persona_without_reasoning: std_human,2.166232400752595,2.166232400752595,"Twin-2K-500-Mega-Study/mega_study_evaluation/meta_analysis_results/combined_all_specifications_meta_analysis.csv; row study name='Consumer Minimalism', persona specification='full_persona_without_reasoning', variable name='Q33'",True
consumer_minimalism / Q33 / full_persona_without_reasoning: std_twin,2.0942551235733116,2.094255123573312,"Twin-2K-500-Mega-Study/mega_study_evaluation/meta_analysis_results/combined_all_specifications_meta_analysis.csv; row study name='Consumer Minimalism', persona specification='full_persona_without_reasoning', variable name='Q33'",True
consumer_minimalism / Q33 / full_persona_without_reasoning: sample size,200.0,200.0,"Twin-2K-500-Mega-Study/mega_study_evaluation/meta_analysis_results/combined_all_specifications_meta_analysis.csv; row study name='Consumer Minimalism', persona specification='full_persona_without_reasoning', variable name='Q33'",True
consumer_minimalism / Q35 / full_persona_without_reasoning: correlation,0.31164739421740806,0.3116473942174079,"Twin-2K-500-Mega-Study/mega_study_evaluation/meta_analysis_results/combined_all_specifications_meta_analysis.csv; row study name='Consumer Minimalism', persona specification='full_persona_without_reasoning', variable name='Q35'",True
consumer_minimalism / Q35 / full_persona_without_reasoning: mean_human,4.885,4.885,"Twin-2K-500-Mega-Study/mega_study_evaluation/meta_analysis_results/combined_all_specifications_meta_analysis.csv; row study name='Consumer Minimalism', persona specification='full_persona_without_reasoning', variable name='Q35'",True
consumer_minimalism / Q35 / full_persona_without_reasoning: mean_twin,5.68,5.68,"Twin-2K-500-Mega-Study/mega_study_evaluation/meta_analysis_results/combined_all_specifications_meta_analysis.csv; row study name='Consumer Minimalism', persona specification='full_persona_without_reasoning', variable name='Q35'",True
consumer_minimalism / Q35 / full_persona_without_reasoning: std_human,2.1876250861580324,2.1876250861580324,"Twin-2K-500-Mega-Study/mega_study_evaluation/meta_analysis_results/combined_all_specifications_meta_analysis.csv; row study name='Consumer Minimalism', persona specification='full_persona_without_reasoning', variable name='Q35'",True
consumer_minimalism / Q35 / full_persona_without_reasoning: std_twin,1.8695120691999885,1.8695120691999885,"Twin-2K-500-Mega-Study/mega_study_evaluation/meta_analysis_results/combined_all_specifications_meta_analysis.csv; row study name='Consumer Minimalism', persona specification='full_persona_without_reasoning', variable name='Q35'",True
consumer_minimalism / Q35 / full_persona_without_reasoning: sample size,200.0,200.0,"Twin-2K-500-Mega-Study/mega_study_evaluation/meta_analysis_results/combined_all_specifications_meta_analysis.csv; row study name='Consumer Minimalism', persona specification='full_persona_without_reasoning', variable name='Q35'",True
consumer_minimalism / Q38 / full_persona_without_reasoning: correlation,0.3314773631045047,0.3314773631045046,"Twin-2K-500-Mega-Study/mega_study_evaluation/meta_analysis_results/combined_all_specifications_meta_analysis.csv; row study name='Consumer Minimalism', persona specification='full_persona_without_reasoning', variable name='Q38'",True
consumer_minimalism / Q38 / full_persona_without_reasoning: mean_human,4.36,4.36,"Twin-2K-500-Mega-Study/mega_study_evaluation/meta_analysis_results/combined_all_specifications_meta_analysis.csv; row study name='Consumer Minimalism', persona specification='full_persona_without_reasoning', variable name='Q38'",True
consumer_minimalism / Q38 / full_persona_without_reasoning: mean_twin,5.485,5.485,"Twin-2K-500-Mega-Study/mega_study_evaluation/meta_analysis_results/combined_all_specifications_meta_analysis.csv; row study name='Consumer Minimalism', persona specification='full_persona_without_reasoning', variable name='Q38'",True
consumer_minimalism / Q38 / full_persona_without_reasoning: std_human,2.1642132740276288,2.1642132740276288,"Twin-2K-500-Mega-Study/mega_study_evaluation/meta_analysis_results/combined_all_specifications_meta_analysis.csv; row study name='Consumer Minimalism', persona specification='full_persona_without_reasoning', variable name='Q38'",True
consumer_minimalism / Q38 / full_persona_without_reasoning: std_twin,1.9618919696309765,1.9618919696309765,"Twin-2K-500-Mega-Study/mega_study_evaluation/meta_analysis_results/combined_all_specifications_meta_analysis.csv; row study name='Consumer Minimalism', persona specification='full_persona_without_reasoning', variable name='Q38'",True
consumer_minimalism / Q38 / full_persona_without_reasoning: sample size,200.0,200.0,"Twin-2K-500-Mega-Study/mega_study_evaluation/meta_analysis_results/combined_all_specifications_meta_analysis.csv; row study name='Consumer Minimalism', persona specification='full_persona_without_reasoning', variable name='Q38'",True
consumer_minimalism / Q26 / full_persona_without_reasoning: correlation,0.34924279347378867,0.3492427934737884,"Twin-2K-500-Mega-Study/mega_study_evaluation/meta_analysis_results/combined_all_specifications_meta_analysis.csv; row study name='Consumer Minimalism', persona specification='full_persona_without_reasoning', variable name='Q26'",True
consumer_minimalism / Q26 / full_persona_without_reasoning: mean_human,4.295,4.295,"Twin-2K-500-Mega-Study/mega_study_evaluation/meta_analysis_results/combined_all_specifications_meta_analysis.csv; row study name='Consumer Minimalism', persona specification='full_persona_without_reasoning', variable name='Q26'",True
consumer_minimalism / Q26 / full_persona_without_reasoning: mean_twin,5.225,5.225,"Twin-2K-500-Mega-Study/mega_study_evaluation/meta_analysis_results/combined_all_specifications_meta_analysis.csv; row study name='Consumer Minimalism', persona specification='full_persona_without_reasoning', variable name='Q26'",True
consumer_minimalism / Q26 / full_persona_without_reasoning: std_human,2.1590000942647443,2.1590000942647443,"Twin-2K-500-Mega-Study/mega_study_evaluation/meta_analysis_results/combined_all_specifications_meta_analysis.csv; row study name='Consumer Minimalism', persona specification='full_persona_without_reasoning', variable name='Q26'",True
consumer_minimalism / Q26 / full_persona_without_reasoning: std_twin,2.0774876110026135,2.077487611002613,"Twin-2K-500-Mega-Study/mega_study_evaluation/meta_analysis_results/combined_all_specifications_meta_analysis.csv; row study name='Consumer Minimalism', persona specification='full_persona_without_reasoning', variable name='Q26'",True
consumer_minimalism / Q26 / full_persona_without_reasoning: sample size,200.0,200.0,"Twin-2K-500-Mega-Study/mega_study_evaluation/meta_analysis_results/combined_all_specifications_meta_analysis.csv; row study name='Consumer Minimalism', persona specification='full_persona_without_reasoning', variable name='Q26'",True
promiscuous_donors / rating_1_1 / full_persona_without_reasoning: correlation,0.4169394724226563,0.416939472422657,"Twin-2K-500-Mega-Study/mega_study_evaluation/meta_analysis_results/combined_all_specifications_meta_analysis.csv; row study name='Promiscuous donors', persona specification='full_persona_without_reasoning', variable name='rating_1_1'",True
promiscuous_donors / rating_1_1 / full_persona_without_reasoning: mean_human,6.251564455569461,6.251564455569461,"Twin-2K-500-Mega-Study/mega_study_evaluation/meta_analysis_results/combined_all_specifications_meta_analysis.csv; row study name='Promiscuous donors', persona specification='full_persona_without_reasoning', variable name='rating_1_1'",True
promiscuous_donors / rating_1_1 / full_persona_without_reasoning: mean_twin,6.6958698372966206,6.6958698372966206,"Twin-2K-500-Mega-Study/mega_study_evaluation/meta_analysis_results/combined_all_specifications_meta_analysis.csv; row study name='Promiscuous donors', persona specification='full_persona_without_reasoning', variable name='rating_1_1'",True
promiscuous_donors / rating_1_1 / full_persona_without_reasoning: std_human,2.056969186966225,2.056969186966225,"Twin-2K-500-Mega-Study/mega_study_evaluation/meta_analysis_results/combined_all_specifications_meta_analysis.csv; row study name='Promiscuous donors', persona specification='full_persona_without_reasoning', variable name='rating_1_1'",True
promiscuous_donors / rating_1_1 / full_persona_without_reasoning: std_twin,1.3824428863116307,1.3824428863116307,"Twin-2K-500-Mega-Study/mega_study_evaluation/meta_analysis_results/combined_all_specifications_meta_analysis.csv; row study name='Promiscuous donors', persona specification='full_persona_without_reasoning', variable name='rating_1_1'",True
promiscuous_donors / rating_1_1 / full_persona_without_reasoning: sample size,799.0,799.0,"Twin-2K-500-Mega-Study/mega_study_evaluation/meta_analysis_results/combined_all_specifications_meta_analysis.csv; row study name='Promiscuous donors', persona specification='full_persona_without_reasoning', variable name='rating_1_1'",True
promiscuous_donors / rating_2_1 / full_persona_without_reasoning: correlation,0.45901499995724127,0.4590149999572385,"Twin-2K-500-Mega-Study/mega_study_evaluation/meta_analysis_results/combined_all_specifications_meta_analysis.csv; row study name='Promiscuous donors', persona specification='full_persona_without_reasoning', variable name='rating_2_1'",True
promiscuous_donors / rating_2_1 / full_persona_without_reasoning: mean_human,6.075093867334168,6.075093867334168,"Twin-2K-500-Mega-Study/mega_study_evaluation/meta_analysis_results/combined_all_specifications_meta_analysis.csv; row study name='Promiscuous donors', persona specification='full_persona_without_reasoning', variable name='rating_2_1'",True
promiscuous_donors / rating_2_1 / full_persona_without_reasoning: mean_twin,6.76720901126408,6.76720901126408,"Twin-2K-500-Mega-Study/mega_study_evaluation/meta_analysis_results/combined_all_specifications_meta_analysis.csv; row study name='Promiscuous donors', persona specification='full_persona_without_reasoning', variable name='rating_2_1'",True
promiscuous_donors / rating_2_1 / full_persona_without_reasoning: std_human,2.188914417185914,2.188914417185914,"Twin-2K-500-Mega-Study/mega_study_evaluation/meta_analysis_results/combined_all_specifications_meta_analysis.csv; row study name='Promiscuous donors', persona specification='full_persona_without_reasoning', variable name='rating_2_1'",True
promiscuous_donors / rating_2_1 / full_persona_without_reasoning: std_twin,1.4853929026716017,1.4853929026716015,"Twin-2K-500-Mega-Study/mega_study_evaluation/meta_analysis_results/combined_all_specifications_meta_analysis.csv; row study name='Promiscuous donors', persona specification='full_persona_without_reasoning', variable name='rating_2_1'",True
promiscuous_donors / rating_2_1 / full_persona_without_reasoning: sample size,799.0,799.0,"Twin-2K-500-Mega-Study/mega_study_evaluation/meta_analysis_results/combined_all_specifications_meta_analysis.csv; row study name='Promiscuous donors', persona specification='full_persona_without_reasoning', variable name='rating_2_1'",True
promiscuous_donors / rating_3_1 / full_persona_without_reasoning: correlation,0.4021083830058685,0.4021083830058679,"Twin-2K-500-Mega-Study/mega_study_evaluation/meta_analysis_results/combined_all_specifications_meta_analysis.csv; row study name='Promiscuous donors', persona specification='full_persona_without_reasoning', variable name='rating_3_1'",True
promiscuous_donors / rating_3_1 / full_persona_without_reasoning: mean_human,6.1439299123904885,6.1439299123904885,"Twin-2K-500-Mega-Study/mega_study_evaluation/meta_analysis_results/combined_all_specifications_meta_analysis.csv; row study name='Promiscuous donors', persona specification='full_persona_without_reasoning', variable name='rating_3_1'",True
promiscuous_donors / rating_3_1 / full_persona_without_reasoning: mean_twin,6.863579474342929,6.863579474342929,"Twin-2K-500-Mega-Study/mega_study_evaluation/meta_analysis_results/combined_all_specifications_meta_analysis.csv; row study name='Promiscuous donors', persona specification='full_persona_without_reasoning', variable name='rating_3_1'",True
promiscuous_donors / rating_3_1 / full_persona_without_reasoning: std_human,2.177708914290963,2.177708914290963,"Twin-2K-500-Mega-Study/mega_study_evaluation/meta_analysis_results/combined_all_specifications_meta_analysis.csv; row study name='Promiscuous donors', persona specification='full_persona_without_reasoning', variable name='rating_3_1'",True
promiscuous_donors / rating_3_1 / full_persona_without_reasoning: std_twin,1.4062740558581293,1.4062740558581293,"Twin-2K-500-Mega-Study/mega_study_evaluation/meta_analysis_results/combined_all_specifications_meta_analysis.csv; row study name='Promiscuous donors', persona specification='full_persona_without_reasoning', variable name='rating_3_1'",True
promiscuous_donors / rating_3_1 / full_persona_without_reasoning: sample size,799.0,799.0,"Twin-2K-500-Mega-Study/mega_study_evaluation/meta_analysis_results/combined_all_specifications_meta_analysis.csv; row study name='Promiscuous donors', persona specification='full_persona_without_reasoning', variable name='rating_3_1'",True
promiscuous_donors / rating_4_1 / full_persona_without_reasoning: correlation,0.3792452660443459,0.3792452660443468,"Twin-2K-500-Mega-Study/mega_study_evaluation/meta_analysis_results/combined_all_specifications_meta_analysis.csv; row study name='Promiscuous donors', persona specification='full_persona_without_reasoning', variable name='rating_4_1'",True
promiscuous_donors / rating_4_1 / full_persona_without_reasoning: mean_human,6.230287859824781,6.230287859824781,"Twin-2K-500-Mega-Study/mega_study_evaluation/meta_analysis_results/combined_all_specifications_meta_analysis.csv; row study name='Promiscuous donors', persona specification='full_persona_without_reasoning', variable name='rating_4_1'",True
promiscuous_donors / rating_4_1 / full_persona_without_reasoning: mean_twin,6.966207759699625,6.966207759699625,"Twin-2K-500-Mega-Study/mega_study_evaluation/meta_analysis_results/combined_all_specifications_meta_analysis.csv; row study name='Promiscuous donors', persona specification='full_persona_without_reasoning', variable name='rating_4_1'",True
promiscuous_donors / rating_4_1 / full_persona_without_reasoning: std_human,2.117958489358778,2.117958489358778,"Twin-2K-500-Mega-Study/mega_study_evaluation/meta_analysis_results/combined_all_specifications_meta_analysis.csv; row study name='Promiscuous donors', persona specification='full_persona_without_reasoning', variable name='rating_4_1'",True
promiscuous_donors / rating_4_1 / full_persona_without_reasoning: std_twin,1.3982120741864823,1.3982120741864823,"Twin-2K-500-Mega-Study/mega_study_evaluation/meta_analysis_results/combined_all_specifications_meta_analysis.csv; row study name='Promiscuous donors', persona specification='full_persona_without_reasoning', variable name='rating_4_1'",True
promiscuous_donors / rating_4_1 / full_persona_without_reasoning: sample size,799.0,799.0,"Twin-2K-500-Mega-Study/mega_study_evaluation/meta_analysis_results/combined_all_specifications_meta_analysis.csv; row study name='Promiscuous donors', persona specification='full_persona_without_reasoning', variable name='rating_4_1'",True
promiscuous_donors / rating_5_1 / full_persona_without_reasoning: correlation,0.3285584328283763,0.3285584328283771,"Twin-2K-500-Mega-Study/mega_study_evaluation/meta_analysis_results/combined_all_specifications_meta_analysis.csv; row study name='Promiscuous donors', persona specification='full_persona_without_reasoning', variable name='rating_5_1'",True
promiscuous_donors / rating_5_1 / full_persona_without_reasoning: mean_human,6.088861076345432,6.088861076345432,"Twin-2K-500-Mega-Study/mega_study_evaluation/meta_analysis_results/combined_all_specifications_meta_analysis.csv; row study name='Promiscuous donors', persona specification='full_persona_without_reasoning', variable name='rating_5_1'",True
promiscuous_donors / rating_5_1 / full_persona_without_reasoning: mean_twin,6.828535669586984,6.828535669586984,"Twin-2K-500-Mega-Study/mega_study_evaluation/meta_analysis_results/combined_all_specifications_meta_analysis.csv; row study name='Promiscuous donors', persona specification='full_persona_without_reasoning', variable name='rating_5_1'",True
promiscuous_donors / rating_5_1 / full_persona_without_reasoning: std_human,2.189256881617279,2.189256881617279,"Twin-2K-500-Mega-Study/mega_study_evaluation/meta_analysis_results/combined_all_specifications_meta_analysis.csv; row study name='Promiscuous donors', persona specification='full_persona_without_reasoning', variable name='rating_5_1'",True
promiscuous_donors / rating_5_1 / full_persona_without_reasoning: std_twin,1.4184204329917813,1.418420432991781,"Twin-2K-500-Mega-Study/mega_study_evaluation/meta_analysis_results/combined_all_specifications_meta_analysis.csv; row study name='Promiscuous donors', persona specification='full_persona_without_reasoning', variable name='rating_5_1'",True
promiscuous_donors / rating_5_1 / full_persona_without_reasoning: sample size,799.0,799.0,"Twin-2K-500-Mega-Study/mega_study_evaluation/meta_analysis_results/combined_all_specifications_meta_analysis.csv; row study name='Promiscuous donors', persona specification='full_persona_without_reasoning', variable name='rating_5_1'",True
promiscuous_donors / rating_6_1 / full_persona_without_reasoning: correlation,0.3895530101764529,0.3895530101764527,"Twin-2K-500-Mega-Study/mega_study_evaluation/meta_analysis_results/combined_all_specifications_meta_analysis.csv; row study name='Promiscuous donors', persona specification='full_persona_without_reasoning', variable name='rating_6_1'",True
promiscuous_donors / rating_6_1 / full_persona_without_reasoning: mean_human,6.230287859824781,6.230287859824781,"Twin-2K-500-Mega-Study/mega_study_evaluation/meta_analysis_results/combined_all_specifications_meta_analysis.csv; row study name='Promiscuous donors', persona specification='full_persona_without_reasoning', variable name='rating_6_1'",True
promiscuous_donors / rating_6_1 / full_persona_without_reasoning: mean_twin,6.782227784730914,6.782227784730914,"Twin-2K-500-Mega-Study/mega_study_evaluation/meta_analysis_results/combined_all_specifications_meta_analysis.csv; row study name='Promiscuous donors', persona specification='full_persona_without_reasoning', variable name='rating_6_1'",True
promiscuous_donors / rating_6_1 / full_persona_without_reasoning: std_human,2.242119877728567,2.242119877728567,"Twin-2K-500-Mega-Study/mega_study_evaluation/meta_analysis_results/combined_all_specifications_meta_analysis.csv; row study name='Promiscuous donors', persona specification='full_persona_without_reasoning', variable name='rating_6_1'",True
promiscuous_donors / rating_6_1 / full_persona_without_reasoning: std_twin,1.4893555630412365,1.4893555630412365,"Twin-2K-500-Mega-Study/mega_study_evaluation/meta_analysis_results/combined_all_specifications_meta_analysis.csv; row study name='Promiscuous donors', persona specification='full_persona_without_reasoning', variable name='rating_6_1'",True
promiscuous_donors / rating_6_1 / full_persona_without_reasoning: sample size,799.0,799.0,"Twin-2K-500-Mega-Study/mega_study_evaluation/meta_analysis_results/combined_all_specifications_meta_analysis.csv; row study name='Promiscuous donors', persona specification='full_persona_without_reasoning', variable name='rating_6_1'",True
promiscuous_donors / rating_7_1 / full_persona_without_reasoning: correlation,0.37727873620151225,0.3772787362015109,"Twin-2K-500-Mega-Study/mega_study_evaluation/meta_analysis_results/combined_all_specifications_meta_analysis.csv; row study name='Promiscuous donors', persona specification='full_persona_without_reasoning', variable name='rating_7_1'",True
promiscuous_donors / rating_7_1 / full_persona_without_reasoning: mean_human,6.097622027534418,6.097622027534418,"Twin-2K-500-Mega-Study/mega_study_evaluation/meta_analysis_results/combined_all_specifications_meta_analysis.csv; row study name='Promiscuous donors', persona specification='full_persona_without_reasoning', variable name='rating_7_1'",True
promiscuous_donors / rating_7_1 / full_persona_without_reasoning: mean_twin,6.848560700876095,6.848560700876095,"Twin-2K-500-Mega-Study/mega_study_evaluation/meta_analysis_results/combined_all_specifications_meta_analysis.csv; row study name='Promiscuous donors', persona specification='full_persona_without_reasoning', variable name='rating_7_1'",True
promiscuous_donors / rating_7_1 / full_persona_without_reasoning: std_human,2.2849583012412773,2.2849583012412773,"Twin-2K-500-Mega-Study/mega_study_evaluation/meta_analysis_results/combined_all_specifications_meta_analysis.csv; row study name='Promiscuous donors', persona specification='full_persona_without_reasoning', variable name='rating_7_1'",True
promiscuous_donors / rating_7_1 / full_persona_without_reasoning: std_twin,1.464994993792505,1.464994993792505,"Twin-2K-500-Mega-Study/mega_study_evaluation/meta_analysis_results/combined_all_specifications_meta_analysis.csv; row study name='Promiscuous donors', persona specification='full_persona_without_reasoning', variable name='rating_7_1'",True
promiscuous_donors / rating_7_1 / full_persona_without_reasoning: sample size,799.0,799.0,"Twin-2K-500-Mega-Study/mega_study_evaluation/meta_analysis_results/combined_all_specifications_meta_analysis.csv; row study name='Promiscuous donors', persona specification='full_persona_without_reasoning', variable name='rating_7_1'",True
promiscuous_donors / rating_8_1 / full_persona_without_reasoning: correlation,0.32853161053342345,0.3285316105334222,"Twin-2K-500-Mega-Study/mega_study_evaluation/meta_analysis_results/combined_all_specifications_meta_analysis.csv; row study name='Promiscuous donors', persona specification='full_persona_without_reasoning', variable name='rating_8_1'",True
promiscuous_donors / rating_8_1 / full_persona_without_reasoning: mean_human,6.067584480600751,6.067584480600751,"Twin-2K-500-Mega-Study/mega_study_evaluation/meta_analysis_results/combined_all_specifications_meta_analysis.csv; row study name='Promiscuous donors', persona specification='full_persona_without_reasoning', variable name='rating_8_1'",True
promiscuous_donors / rating_8_1 / full_persona_without_reasoning: mean_twin,6.881101376720901,6.881101376720901,"Twin-2K-500-Mega-Study/mega_study_evaluation/meta_analysis_results/combined_all_specifications_meta_analysis.csv; row study name='Promiscuous donors', persona specification='full_persona_without_reasoning', variable name='rating_8_1'",True
promiscuous_donors / rating_8_1 / full_persona_without_reasoning: std_human,2.2011475812051,2.2011475812051,"Twin-2K-500-Mega-Study/mega_study_evaluation/meta_analysis_results/combined_all_specifications_meta_analysis.csv; row study name='Promiscuous donors', persona specification='full_persona_without_reasoning', variable name='rating_8_1'",True
promiscuous_donors / rating_8_1 / full_persona_without_reasoning: std_twin,1.5274040711209327,1.527404071120933,"Twin-2K-500-Mega-Study/mega_study_evaluation/meta_analysis_results/combined_all_specifications_meta_analysis.csv; row study name='Promiscuous donors', persona specification='full_persona_without_reasoning', variable name='rating_8_1'",True
promiscuous_donors / rating_8_1 / full_persona_without_reasoning: sample size,799.0,799.0,"Twin-2K-500-Mega-Study/mega_study_evaluation/meta_analysis_results/combined_all_specifications_meta_analysis.csv; row study name='Promiscuous donors', persona specification='full_persona_without_reasoning', variable name='rating_8_1'",True
promiscuous_donors / rating_9_1 / full_persona_without_reasoning: correlation,0.34368445885927706,0.3436844588592754,"Twin-2K-500-Mega-Study/mega_study_evaluation/meta_analysis_results/combined_all_specifications_meta_analysis.csv; row study name='Promiscuous donors', persona specification='full_persona_without_reasoning', variable name='rating_9_1'",True
promiscuous_donors / rating_9_1 / full_persona_without_reasoning: mean_human,6.0,6.0,"Twin-2K-500-Mega-Study/mega_study_evaluation/meta_analysis_results/combined_all_specifications_meta_analysis.csv; row study name='Promiscuous donors', persona specification='full_persona_without_reasoning', variable name='rating_9_1'",True
promiscuous_donors / rating_9_1 / full_persona_without_reasoning: mean_twin,6.750938673341677,6.750938673341677,"Twin-2K-500-Mega-Study/mega_study_evaluation/meta_analysis_results/combined_all_specifications_meta_analysis.csv; row study name='Promiscuous donors', persona specification='full_persona_without_reasoning', variable name='rating_9_1'",True
promiscuous_donors / rating_9_1 / full_persona_without_reasoning: std_human,2.2782616597915593,2.2782616597915597,"Twin-2K-500-Mega-Study/mega_study_evaluation/meta_analysis_results/combined_all_specifications_meta_analysis.csv; row study name='Promiscuous donors', persona specification='full_persona_without_reasoning', variable name='rating_9_1'",True
promiscuous_donors / rating_9_1 / full_persona_without_reasoning: std_twin,1.5107952378202325,1.5107952378202325,"Twin-2K-500-Mega-Study/mega_study_evaluation/meta_analysis_results/combined_all_specifications_meta_analysis.csv; row study name='Promiscuous donors', persona specification='full_persona_without_reasoning', variable name='rating_9_1'",True
promiscuous_donors / rating_9_1 / full_persona_without_reasoning: sample size,799.0,799.0,"Twin-2K-500-Mega-Study/mega_study_evaluation/meta_analysis_results/combined_all_specifications_meta_analysis.csv; row study name='Promiscuous donors', persona specification='full_persona_without_reasoning', variable name='rating_9_1'",True
promiscuous_donors / rating_10_1 / full_persona_without_reasoning: correlation,0.29963591186597804,0.2996359118659787,"Twin-2K-500-Mega-Study/mega_study_evaluation/meta_analysis_results/combined_all_specifications_meta_analysis.csv; row study name='Promiscuous donors', persona specification='full_persona_without_reasoning', variable name='rating_10_1'",True
promiscuous_donors / rating_10_1 / full_persona_without_reasoning: mean_human,6.09136420525657,6.09136420525657,"Twin-2K-500-Mega-Study/mega_study_evaluation/meta_analysis_results/combined_all_specifications_meta_analysis.csv; row study name='Promiscuous donors', persona specification='full_persona_without_reasoning', variable name='rating_10_1'",True
promiscuous_donors / rating_10_1 / full_persona_without_reasoning: mean_twin,6.984981226533167,6.984981226533167,"Twin-2K-500-Mega-Study/mega_study_evaluation/meta_analysis_results/combined_all_specifications_meta_analysis.csv; row study name='Promiscuous donors', persona specification='full_persona_without_reasoning', variable name='rating_10_1'",True
promiscuous_donors / rating_10_1 / full_persona_without_reasoning: std_human,2.216459959745093,2.216459959745093,"Twin-2K-500-Mega-Study/mega_study_evaluation/meta_analysis_results/combined_all_specifications_meta_analysis.csv; row study name='Promiscuous donors', persona specification='full_persona_without_reasoning', variable name='rating_10_1'",True
promiscuous_donors / rating_10_1 / full_persona_without_reasoning: std_twin,1.4474157139607644,1.4474157139607644,"Twin-2K-500-Mega-Study/mega_study_evaluation/meta_analysis_results/combined_all_specifications_meta_analysis.csv; row study name='Promiscuous donors', persona specification='full_persona_without_reasoning', variable name='rating_10_1'",True
promiscuous_donors / rating_10_1 / full_persona_without_reasoning: sample size,799.0,799.0,"Twin-2K-500-Mega-Study/mega_study_evaluation/meta_analysis_results/combined_all_specifications_meta_analysis.csv; row study name='Promiscuous donors', persona specification='full_persona_without_reasoning', variable name='rating_10_1'",True
targeting_fairness / fair1 / full_persona_without_reasoning: correlation,0.13334506806116772,0.1333450680611675,"Twin-2K-500-Mega-Study/mega_study_evaluation/meta_analysis_results/combined_all_specifications_meta_analysis.csv; row study name='Targeting fairness', persona specification='full_persona_without_reasoning', variable name='fair1'",True
targeting_fairness / fair1 / full_persona_without_reasoning: mean_human,6.92436974789916,6.92436974789916,"Twin-2K-500-Mega-Study/mega_study_evaluation/meta_analysis_results/combined_all_specifications_meta_analysis.csv; row study name='Targeting fairness', persona specification='full_persona_without_reasoning', variable name='fair1'",True
targeting_fairness / fair1 / full_persona_without_reasoning: mean_twin,6.899159663865547,6.899159663865547,"Twin-2K-500-Mega-Study/mega_study_evaluation/meta_analysis_results/combined_all_specifications_meta_analysis.csv; row study name='Targeting fairness', persona specification='full_persona_without_reasoning', variable name='fair1'",True
targeting_fairness / fair1 / full_persona_without_reasoning: std_human,2.0791622551227653,2.0791622551227653,"Twin-2K-500-Mega-Study/mega_study_evaluation/meta_analysis_results/combined_all_specifications_meta_analysis.csv; row study name='Targeting fairness', persona specification='full_persona_without_reasoning', variable name='fair1'",True
targeting_fairness / fair1 / full_persona_without_reasoning: std_twin,0.8842722963537665,0.8842722963537665,"Twin-2K-500-Mega-Study/mega_study_evaluation/meta_analysis_results/combined_all_specifications_meta_analysis.csv; row study name='Targeting fairness', persona specification='full_persona_without_reasoning', variable name='fair1'",True
targeting_fairness / fair1 / full_persona_without_reasoning: sample size,357.0,357.0,"Twin-2K-500-Mega-Study/mega_study_evaluation/meta_analysis_results/combined_all_specifications_meta_analysis.csv; row study name='Targeting fairness', persona specification='full_persona_without_reasoning', variable name='fair1'",True
hiring_algorithms / Q6 / full_persona_without_reasoning: correlation,0.6875234197784784,0.6875234197784751,"Twin-2K-500-Mega-Study/mega_study_evaluation/meta_analysis_results/combined_all_specifications_meta_analysis.csv; row study name='hiring algorithms', persona specification='full_persona_without_reasoning', variable name='Q6'",True
hiring_algorithms / Q6 / full_persona_without_reasoning: mean_human,2.875875875875876,2.875875875875876,"Twin-2K-500-Mega-Study/mega_study_evaluation/meta_analysis_results/combined_all_specifications_meta_analysis.csv; row study name='hiring algorithms', persona specification='full_persona_without_reasoning', variable name='Q6'",True
hiring_algorithms / Q6 / full_persona_without_reasoning: mean_twin,3.4544544544544546,3.454454454454454,"Twin-2K-500-Mega-Study/mega_study_evaluation/meta_analysis_results/combined_all_specifications_meta_analysis.csv; row study name='hiring algorithms', persona specification='full_persona_without_reasoning', variable name='Q6'",True
hiring_algorithms / Q6 / full_persona_without_reasoning: std_human,1.214726194689461,1.214726194689461,"Twin-2K-500-Mega-Study/mega_study_evaluation/meta_analysis_results/combined_all_specifications_meta_analysis.csv; row study name='hiring algorithms', persona specification='full_persona_without_reasoning', variable name='Q6'",True
hiring_algorithms / Q6 / full_persona_without_reasoning: std_twin,1.2242038342257975,1.2242038342257977,"Twin-2K-500-Mega-Study/mega_study_evaluation/meta_analysis_results/combined_all_specifications_meta_analysis.csv; row study name='hiring algorithms', persona specification='full_persona_without_reasoning', variable name='Q6'",True
hiring_algorithms / Q6 / full_persona_without_reasoning: sample size,999.0,999.0,"Twin-2K-500-Mega-Study/mega_study_evaluation/meta_analysis_results/combined_all_specifications_meta_analysis.csv; row study name='hiring algorithms', persona specification='full_persona_without_reasoning', variable name='Q6'",True
hiring_algorithms / Q8 / full_persona_without_reasoning: correlation,0.572228525357966,0.5722285253579706,"Twin-2K-500-Mega-Study/mega_study_evaluation/meta_analysis_results/combined_all_specifications_meta_analysis.csv; row study name='hiring algorithms', persona specification='full_persona_without_reasoning', variable name='Q8'",True
hiring_algorithms / Q8 / full_persona_without_reasoning: mean_human,3.2962962962962963,3.2962962962962963,"Twin-2K-500-Mega-Study/mega_study_evaluation/meta_analysis_results/combined_all_specifications_meta_analysis.csv; row study name='hiring algorithms', persona specification='full_persona_without_reasoning', variable name='Q8'",True
hiring_algorithms / Q8 / full_persona_without_reasoning: mean_twin,3.674674674674675,3.674674674674675,"Twin-2K-500-Mega-Study/mega_study_evaluation/meta_analysis_results/combined_all_specifications_meta_analysis.csv; row study name='hiring algorithms', persona specification='full_persona_without_reasoning', variable name='Q8'",True
hiring_algorithms / Q8 / full_persona_without_reasoning: std_human,1.3527587400248886,1.3527587400248886,"Twin-2K-500-Mega-Study/mega_study_evaluation/meta_analysis_results/combined_all_specifications_meta_analysis.csv; row study name='hiring algorithms', persona specification='full_persona_without_reasoning', variable name='Q8'",True
hiring_algorithms / Q8 / full_persona_without_reasoning: std_twin,1.4061378725795968,1.4061378725795968,"Twin-2K-500-Mega-Study/mega_study_evaluation/meta_analysis_results/combined_all_specifications_meta_analysis.csv; row study name='hiring algorithms', persona specification='full_persona_without_reasoning', variable name='Q8'",True
hiring_algorithms / Q8 / full_persona_without_reasoning: sample size,999.0,999.0,"Twin-2K-500-Mega-Study/mega_study_evaluation/meta_analysis_results/combined_all_specifications_meta_analysis.csv; row study name='hiring algorithms', persona specification='full_persona_without_reasoning', variable name='Q8'",True
hiring_algorithms / Q9 / full_persona_without_reasoning: correlation,0.11490954964280978,0.1149095496428102,"Twin-2K-500-Mega-Study/mega_study_evaluation/meta_analysis_results/combined_all_specifications_meta_analysis.csv (authors recode Q9 in hiring_algorithms/mega_study_evaluation.py); row study name='hiring algorithms', persona specification='full_persona_without_reasoning', variable name='Q9'",True
hiring_algorithms / Q9 / full_persona_without_reasoning: mean_human,3.3633633633633635,3.3633633633633635,"Twin-2K-500-Mega-Study/mega_study_evaluation/meta_analysis_results/combined_all_specifications_meta_analysis.csv (authors recode Q9 in hiring_algorithms/mega_study_evaluation.py); row study name='hiring algorithms', persona specification='full_persona_without_reasoning', variable name='Q9'",True
hiring_algorithms / Q9 / full_persona_without_reasoning: mean_twin,3.3313313313313313,3.3313313313313317,"Twin-2K-500-Mega-Study/mega_study_evaluation/meta_analysis_results/combined_all_specifications_meta_analysis.csv (authors recode Q9 in hiring_algorithms/mega_study_evaluation.py); row study name='hiring algorithms', persona specification='full_persona_without_reasoning', variable name='Q9'",True
hiring_algorithms / Q9 / full_persona_without_reasoning: std_human,0.8744303035752594,0.8744303035752594,"Twin-2K-500-Mega-Study/mega_study_evaluation/meta_analysis_results/combined_all_specifications_meta_analysis.csv (authors recode Q9 in hiring_algorithms/mega_study_evaluation.py); row study name='hiring algorithms', persona specification='full_persona_without_reasoning', variable name='Q9'",True
hiring_algorithms / Q9 / full_persona_without_reasoning: std_twin,0.9246834096844284,0.9246834096844284,"Twin-2K-500-Mega-Study/mega_study_evaluation/meta_analysis_results/combined_all_specifications_meta_analysis.csv (authors recode Q9 in hiring_algorithms/mega_study_evaluation.py); row study name='hiring algorithms', persona specification='full_persona_without_reasoning', variable name='Q9'",True
hiring_algorithms / Q9 / full_persona_without_reasoning: sample size,999.0,999.0,"Twin-2K-500-Mega-Study/mega_study_evaluation/meta_analysis_results/combined_all_specifications_meta_analysis.csv (authors recode Q9 in hiring_algorithms/mega_study_evaluation.py); row study name='hiring algorithms', persona specification='full_persona_without_reasoning', variable name='Q9'",True
hiring_algorithms / Q10 / full_persona_without_reasoning: correlation,0.13489690217300776,0.1348969021730071,"Twin-2K-500-Mega-Study/mega_study_evaluation/meta_analysis_results/combined_all_specifications_meta_analysis.csv; row study name='hiring algorithms', persona specification='full_persona_without_reasoning', variable name='Q10'",True
hiring_algorithms / Q10 / full_persona_without_reasoning: mean_human,2.967967967967968,2.967967967967968,"Twin-2K-500-Mega-Study/mega_study_evaluation/meta_analysis_results/combined_all_specifications_meta_analysis.csv; row study name='hiring algorithms', persona specification='full_persona_without_reasoning', variable name='Q10'",True
hiring_algorithms / Q10 / full_persona_without_reasoning: mean_twin,2.945945945945946,2.945945945945946,"Twin-2K-500-Mega-Study/mega_study_evaluation/meta_analysis_results/combined_all_specifications_meta_analysis.csv; row study name='hiring algorithms', persona specification='full_persona_without_reasoning', variable name='Q10'",True
hiring_algorithms / Q10 / full_persona_without_reasoning: std_human,1.4131415048750695,1.4131415048750695,"Twin-2K-500-Mega-Study/mega_study_evaluation/meta_analysis_results/combined_all_specifications_meta_analysis.csv; row study name='hiring algorithms', persona specification='full_persona_without_reasoning', variable name='Q10'",True
hiring_algorithms / Q10 / full_persona_without_reasoning: std_twin,1.315500728016486,1.315500728016486,"Twin-2K-500-Mega-Study/mega_study_evaluation/meta_analysis_results/combined_all_specifications_meta_analysis.csv; row study name='hiring algorithms', persona specification='full_persona_without_reasoning', variable name='Q10'",True
hiring_algorithms / Q10 / full_persona_without_reasoning: sample size,999.0,999.0,"Twin-2K-500-Mega-Study/mega_study_evaluation/meta_analysis_results/combined_all_specifications_meta_analysis.csv; row study name='hiring algorithms', persona specification='full_persona_without_reasoning', variable name='Q10'",True
hiring_algorithms / Q13 / full_persona_without_reasoning: correlation,0.2685593954439786,0.2685593954439784,"Twin-2K-500-Mega-Study/mega_study_evaluation/meta_analysis_results/combined_all_specifications_meta_analysis.csv; row study name='hiring algorithms', persona specification='full_persona_without_reasoning', variable name='Q13'",True
hiring_algorithms / Q13 / full_persona_without_reasoning: mean_human,3.6676676676676676,3.667667667667667,"Twin-2K-500-Mega-Study/mega_study_evaluation/meta_analysis_results/combined_all_specifications_meta_analysis.csv; row study name='hiring algorithms', persona specification='full_persona_without_reasoning', variable name='Q13'",True
hiring_algorithms / Q13 / full_persona_without_reasoning: mean_twin,3.5625625625625625,3.5625625625625625,"Twin-2K-500-Mega-Study/mega_study_evaluation/meta_analysis_results/combined_all_specifications_meta_analysis.csv; row study name='hiring algorithms', persona specification='full_persona_without_reasoning', variable name='Q13'",True
hiring_algorithms / Q13 / full_persona_without_reasoning: std_human,1.076095548231435,1.076095548231435,"Twin-2K-500-Mega-Study/mega_study_evaluation/meta_analysis_results/combined_all_specifications_meta_analysis.csv; row study name='hiring algorithms', persona specification='full_persona_without_reasoning', variable name='Q13'",True
hiring_algorithms / Q13 / full_persona_without_reasoning: std_twin,0.9041431244104425,0.9041431244104424,"Twin-2K-500-Mega-Study/mega_study_evaluation/meta_analysis_results/combined_all_specifications_meta_analysis.csv; row study name='hiring algorithms', persona specification='full_persona_without_reasoning', variable name='Q13'",True
hiring_algorithms / Q13 / full_persona_without_reasoning: sample size,999.0,999.0,"Twin-2K-500-Mega-Study/mega_study_evaluation/meta_analysis_results/combined_all_specifications_meta_analysis.csv; row study name='hiring algorithms', persona specification='full_persona_without_reasoning', variable name='Q13'",True
hiring_algorithms / Q14 / full_persona_without_reasoning: correlation,0.11058210537368528,0.1105821053736861,"Twin-2K-500-Mega-Study/mega_study_evaluation/meta_analysis_results/combined_all_specifications_meta_analysis.csv (authors recode Q14 in hiring_algorithms/mega_study_evaluation.py); row study name='hiring algorithms', persona specification='full_persona_without_reasoning', variable name='Q14'",True
hiring_algorithms / Q14 / full_persona_without_reasoning: mean_human,2.980980980980981,2.980980980980981,"Twin-2K-500-Mega-Study/mega_study_evaluation/meta_analysis_results/combined_all_specifications_meta_analysis.csv (authors recode Q14 in hiring_algorithms/mega_study_evaluation.py); row study name='hiring algorithms', persona specification='full_persona_without_reasoning', variable name='Q14'",True
hiring_algorithms / Q14 / full_persona_without_reasoning: mean_twin,3.650650650650651,3.650650650650651,"Twin-2K-500-Mega-Study/mega_study_evaluation/meta_analysis_results/combined_all_specifications_meta_analysis.csv (authors recode Q14 in hiring_algorithms/mega_study_evaluation.py); row study name='hiring algorithms', persona specification='full_persona_without_reasoning', variable name='Q14'",True
hiring_algorithms / Q14 / full_persona_without_reasoning: std_human,1.0405788039033395,1.0405788039033397,"Twin-2K-500-Mega-Study/mega_study_evaluation/meta_analysis_results/combined_all_specifications_meta_analysis.csv (authors recode Q14 in hiring_algorithms/mega_study_evaluation.py); row study name='hiring algorithms', persona specification='full_persona_without_reasoning', variable name='Q14'",True
hiring_algorithms / Q14 / full_persona_without_reasoning: std_twin,0.9523081742769336,0.9523081742769336,"Twin-2K-500-Mega-Study/mega_study_evaluation/meta_analysis_results/combined_all_specifications_meta_analysis.csv (authors recode Q14 in hiring_algorithms/mega_study_evaluation.py); row study name='hiring algorithms', persona specification='full_persona_without_reasoning', variable name='Q14'",True
hiring_algorithms / Q14 / full_persona_without_reasoning: sample size,999.0,999.0,"Twin-2K-500-Mega-Study/mega_study_evaluation/meta_analysis_results/combined_all_specifications_meta_analysis.csv (authors recode Q14 in hiring_algorithms/mega_study_evaluation.py); row study name='hiring algorithms', persona specification='full_persona_without_reasoning', variable name='Q14'",True
hiring_algorithms / Q15 / full_persona_without_reasoning: correlation,0.2862106626160285,0.2862106626160275,"Twin-2K-500-Mega-Study/mega_study_evaluation/meta_analysis_results/combined_all_specifications_meta_analysis.csv; row study name='hiring algorithms', persona specification='full_persona_without_reasoning', variable name='Q15'",True
hiring_algorithms / Q15 / full_persona_without_reasoning: mean_human,3.8328328328328327,3.8328328328328327,"Twin-2K-500-Mega-Study/mega_study_evaluation/meta_analysis_results/combined_all_specifications_meta_analysis.csv; row study name='hiring algorithms', persona specification='full_persona_without_reasoning', variable name='Q15'",True
hiring_algorithms / Q15 / full_persona_without_reasoning: mean_twin,4.4274274274274275,4.427427427427428,"Twin-2K-500-Mega-Study/mega_study_evaluation/meta_analysis_results/combined_all_specifications_meta_analysis.csv; row study name='hiring algorithms', persona specification='full_persona_without_reasoning', variable name='Q15'",True
hiring_algorithms / Q15 / full_persona_without_reasoning: std_human,0.9586036328602918,0.9586036328602918,"Twin-2K-500-Mega-Study/mega_study_evaluation/meta_analysis_results/combined_all_specifications_meta_analysis.csv; row study name='hiring algorithms', persona specification='full_persona_without_reasoning', variable name='Q15'",True
hiring_algorithms / Q15 / full_persona_without_reasoning: std_twin,0.607640471309503,0.607640471309503,"Twin-2K-500-Mega-Study/mega_study_evaluation/meta_analysis_results/combined_all_specifications_meta_analysis.csv; row study name='hiring algorithms', persona specification='full_persona_without_reasoning', variable name='Q15'",True
hiring_algorithms / Q15 / full_persona_without_reasoning: sample size,999.0,999.0,"Twin-2K-500-Mega-Study/mega_study_evaluation/meta_analysis_results/combined_all_specifications_meta_analysis.csv; row study name='hiring algorithms', persona specification='full_persona_without_reasoning', variable name='Q15'",True
hiring_algorithms / Q16 / full_persona_without_reasoning: correlation,0.3678308905054129,0.3678308905054116,"Twin-2K-500-Mega-Study/mega_study_evaluation/meta_analysis_results/combined_all_specifications_meta_analysis.csv; row study name='hiring algorithms', persona specification='full_persona_without_reasoning', variable name='Q16'",True
hiring_algorithms / Q16 / full_persona_without_reasoning: mean_human,3.3853853853853852,3.385385385385385,"Twin-2K-500-Mega-Study/mega_study_evaluation/meta_analysis_results/combined_all_specifications_meta_analysis.csv; row study name='hiring algorithms', persona specification='full_persona_without_reasoning', variable name='Q16'",True
hiring_algorithms / Q16 / full_persona_without_reasoning: mean_twin,3.5395395395395397,3.53953953953954,"Twin-2K-500-Mega-Study/mega_study_evaluation/meta_analysis_results/combined_all_specifications_meta_analysis.csv; row study name='hiring algorithms', persona specification='full_persona_without_reasoning', variable name='Q16'",True
hiring_algorithms / Q16 / full_persona_without_reasoning: std_human,1.0709437275420919,1.070943727542092,"Twin-2K-500-Mega-Study/mega_study_evaluation/meta_analysis_results/combined_all_specifications_meta_analysis.csv; row study name='hiring algorithms', persona specification='full_persona_without_reasoning', variable name='Q16'",True
hiring_algorithms / Q16 / full_persona_without_reasoning: std_twin,0.855366290644265,0.855366290644265,"Twin-2K-500-Mega-Study/mega_study_evaluation/meta_analysis_results/combined_all_specifications_meta_analysis.csv; row study name='hiring algorithms', persona specification='full_persona_without_reasoning', variable name='Q16'",True
hiring_algorithms / Q16 / full_persona_without_reasoning: sample size,999.0,999.0,"Twin-2K-500-Mega-Study/mega_study_evaluation/meta_analysis_results/combined_all_specifications_meta_analysis.csv; row study name='hiring algorithms', persona specification='full_persona_without_reasoning', variable name='Q16'",True
infotainment / Profile1 / full_persona_without_reasoning: correlation,0.3283812485821894,0.3283812485821883,"Twin-2K-500-Mega-Study/mega_study_evaluation/meta_analysis_results/combined_all_specifications_meta_analysis.csv; row study name='infotainment news sharing', persona specification='full_persona_without_reasoning', variable name='Profile1'",True
infotainment / Profile1 / full_persona_without_reasoning: mean_human,2.243333333333333,2.243333333333333,"Twin-2K-500-Mega-Study/mega_study_evaluation/meta_analysis_results/combined_all_specifications_meta_analysis.csv; row study name='infotainment news sharing', persona specification='full_persona_without_reasoning', variable name='Profile1'",True
infotainment / Profile1 / full_persona_without_reasoning: mean_twin,2.19,2.19,"Twin-2K-500-Mega-Study/mega_study_evaluation/meta_analysis_results/combined_all_specifications_meta_analysis.csv; row study name='infotainment news sharing', persona specification='full_persona_without_reasoning', variable name='Profile1'",True
infotainment / Profile1 / full_persona_without_reasoning: std_human,1.6246807421568523,1.6246807421568523,"Twin-2K-500-Mega-Study/mega_study_evaluation/meta_analysis_results/combined_all_specifications_meta_analysis.csv; row study name='infotainment news sharing', persona specification='full_persona_without_reasoning', variable name='Profile1'",True
infotainment / Profile1 / full_persona_without_reasoning: std_twin,0.6339608462003392,0.6339608462003392,"Twin-2K-500-Mega-Study/mega_study_evaluation/meta_analysis_results/combined_all_specifications_meta_analysis.csv; row study name='infotainment news sharing', persona specification='full_persona_without_reasoning', variable name='Profile1'",True
infotainment / Profile1 / full_persona_without_reasoning: sample size,300.0,300.0,"Twin-2K-500-Mega-Study/mega_study_evaluation/meta_analysis_results/combined_all_specifications_meta_analysis.csv; row study name='infotainment news sharing', persona specification='full_persona_without_reasoning', variable name='Profile1'",True
infotainment / Profile2 / full_persona_without_reasoning: correlation,0.1915589307433207,0.1915589307433202,"Twin-2K-500-Mega-Study/mega_study_evaluation/meta_analysis_results/combined_all_specifications_meta_analysis.csv; row study name='infotainment news sharing', persona specification='full_persona_without_reasoning', variable name='Profile2'",True
infotainment / Profile2 / full_persona_without_reasoning: mean_human,3.6166666666666667,3.616666666666666,"Twin-2K-500-Mega-Study/mega_study_evaluation/meta_analysis_results/combined_all_specifications_meta_analysis.csv; row study name='infotainment news sharing', persona specification='full_persona_without_reasoning', variable name='Profile2'",True
infotainment / Profile2 / full_persona_without_reasoning: mean_twin,3.7933333333333334,3.793333333333333,"Twin-2K-500-Mega-Study/mega_study_evaluation/meta_analysis_results/combined_all_specifications_meta_analysis.csv; row study name='infotainment news sharing', persona specification='full_persona_without_reasoning', variable name='Profile2'",True
infotainment / Profile2 / full_persona_without_reasoning: std_human,2.0584410332043728,2.0584410332043728,"Twin-2K-500-Mega-Study/mega_study_evaluation/meta_analysis_results/combined_all_specifications_meta_analysis.csv; row study name='infotainment news sharing', persona specification='full_persona_without_reasoning', variable name='Profile2'",True
infotainment / Profile2 / full_persona_without_reasoning: std_twin,1.36754872696526,1.36754872696526,"Twin-2K-500-Mega-Study/mega_study_evaluation/meta_analysis_results/combined_all_specifications_meta_analysis.csv; row study name='infotainment news sharing', persona specification='full_persona_without_reasoning', variable name='Profile2'",True
infotainment / Profile2 / full_persona_without_reasoning: sample size,300.0,300.0,"Twin-2K-500-Mega-Study/mega_study_evaluation/meta_analysis_results/combined_all_specifications_meta_analysis.csv; row study name='infotainment news sharing', persona specification='full_persona_without_reasoning', variable name='Profile2'",True
infotainment / Profile3 / full_persona_without_reasoning: correlation,0.2611885612502419,0.2611885612502427,"Twin-2K-500-Mega-Study/mega_study_evaluation/meta_analysis_results/combined_all_specifications_meta_analysis.csv; row study name='infotainment news sharing', persona specification='full_persona_without_reasoning', variable name='Profile3'",True
infotainment / Profile3 / full_persona_without_reasoning: mean_human,2.37,2.37,"Twin-2K-500-Mega-Study/mega_study_evaluation/meta_analysis_results/combined_all_specifications_meta_analysis.csv; row study name='infotainment news sharing', persona specification='full_persona_without_reasoning', variable name='Profile3'",True
infotainment / Profile3 / full_persona_without_reasoning: mean_twin,2.3,2.3,"Twin-2K-500-Mega-Study/mega_study_evaluation/meta_analysis_results/combined_all_specifications_meta_analysis.csv; row study name='infotainment news sharing', persona specification='full_persona_without_reasoning', variable name='Profile3'",True
infotainment / Profile3 / full_persona_without_reasoning: std_human,1.6519270190459932,1.6519270190459932,"Twin-2K-500-Mega-Study/mega_study_evaluation/meta_analysis_results/combined_all_specifications_meta_analysis.csv; row study name='infotainment news sharing', persona specification='full_persona_without_reasoning', variable name='Profile3'",True
infotainment / Profile3 / full_persona_without_reasoning: std_twin,0.6255432421712243,0.6255432421712243,"Twin-2K-500-Mega-Study/mega_study_evaluation/meta_analysis_results/combined_all_specifications_meta_analysis.csv; row study name='infotainment news sharing', persona specification='full_persona_without_reasoning', variable name='Profile3'",True
infotainment / Profile3 / full_persona_without_reasoning: sample size,300.0,300.0,"Twin-2K-500-Mega-Study/mega_study_evaluation/meta_analysis_results/combined_all_specifications_meta_analysis.csv; row study name='infotainment news sharing', persona specification='full_persona_without_reasoning', variable name='Profile3'",True
infotainment / Profile4 / full_persona_without_reasoning: correlation,0.2977646226847491,0.2977646226847495,"Twin-2K-500-Mega-Study/mega_study_evaluation/meta_analysis_results/combined_all_specifications_meta_analysis.csv; row study name='infotainment news sharing', persona specification='full_persona_without_reasoning', variable name='Profile4'",True
infotainment / Profile4 / full_persona_without_reasoning: mean_human,2.32,2.32,"Twin-2K-500-Mega-Study/mega_study_evaluation/meta_analysis_results/combined_all_specifications_meta_analysis.csv; row study name='infotainment news sharing', persona specification='full_persona_without_reasoning', variable name='Profile4'",True
infotainment / Profile4 / full_persona_without_reasoning: mean_twin,3.2,3.2,"Twin-2K-500-Mega-Study/mega_study_evaluation/meta_analysis_results/combined_all_specifications_meta_analysis.csv; row study name='infotainment news sharing', persona specification='full_persona_without_reasoning', variable name='Profile4'",True
infotainment / Profile4 / full_persona_without_reasoning: std_human,1.7342506791292316,1.7342506791292316,"Twin-2K-500-Mega-Study/mega_study_evaluation/meta_analysis_results/combined_all_specifications_meta_analysis.csv; row study name='infotainment news sharing', persona specification='full_persona_without_reasoning', variable name='Profile4'",True
infotainment / Profile4 / full_persona_without_reasoning: std_twin,0.7758909001678076,0.7758909001678076,"Twin-2K-500-Mega-Study/mega_study_evaluation/meta_analysis_results/combined_all_specifications_meta_analysis.csv; row study name='infotainment news sharing', persona specification='full_persona_without_reasoning', variable name='Profile4'",True
infotainment / Profile4 / full_persona_without_reasoning: sample size,300.0,300.0,"Twin-2K-500-Mega-Study/mega_study_evaluation/meta_analysis_results/combined_all_specifications_meta_analysis.csv; row study name='infotainment news sharing', persona specification='full_persona_without_reasoning', variable name='Profile4'",True
infotainment / Profile5 / full_persona_without_reasoning: correlation,0.2193576383564912,0.2193576383564909,"Twin-2K-500-Mega-Study/mega_study_evaluation/meta_analysis_results/combined_all_specifications_meta_analysis.csv; row study name='infotainment news sharing', persona specification='full_persona_without_reasoning', variable name='Profile5'",True
infotainment / Profile5 / full_persona_without_reasoning: mean_human,3.5233333333333334,3.523333333333333,"Twin-2K-500-Mega-Study/mega_study_evaluation/meta_analysis_results/combined_all_specifications_meta_analysis.csv; row study name='infotainment news sharing', persona specification='full_persona_without_reasoning', variable name='Profile5'",True
infotainment / Profile5 / full_persona_without_reasoning: mean_twin,2.7333333333333334,2.7333333333333334,"Twin-2K-500-Mega-Study/mega_study_evaluation/meta_analysis_results/combined_all_specifications_meta_analysis.csv; row study name='infotainment news sharing', persona specification='full_persona_without_reasoning', variable name='Profile5'",True
infotainment / Profile5 / full_persona_without_reasoning: std_human,2.019003915695609,2.019003915695609,"Twin-2K-500-Mega-Study/mega_study_evaluation/meta_analysis_results/combined_all_specifications_meta_analysis.csv; row study name='infotainment news sharing', persona specification='full_persona_without_reasoning', variable name='Profile5'",True
infotainment / Profile5 / full_persona_without_reasoning: std_twin,0.7466013667894413,0.7466013667894413,"Twin-2K-500-Mega-Study/mega_study_evaluation/meta_analysis_results/combined_all_specifications_meta_analysis.csv; row study name='infotainment news sharing', persona specification='full_persona_without_reasoning', variable name='Profile5'",True
infotainment / Profile5 / full_persona_without_reasoning: sample size,300.0,300.0,"Twin-2K-500-Mega-Study/mega_study_evaluation/meta_analysis_results/combined_all_specifications_meta_analysis.csv; row study name='infotainment news sharing', persona specification='full_persona_without_reasoning', variable name='Profile5'",True
infotainment / Profile6 / full_persona_without_reasoning: correlation,0.22396945907584012,0.2239694590758406,"Twin-2K-500-Mega-Study/mega_study_evaluation/meta_analysis_results/combined_all_specifications_meta_analysis.csv; row study name='infotainment news sharing', persona specification='full_persona_without_reasoning', variable name='Profile6'",True
infotainment / Profile6 / full_persona_without_reasoning: mean_human,3.3666666666666667,3.3666666666666667,"Twin-2K-500-Mega-Study/mega_study_evaluation/meta_analysis_results/combined_all_specifications_meta_analysis.csv; row study name='infotainment news sharing', persona specification='full_persona_without_reasoning', variable name='Profile6'",True
infotainment / Profile6 / full_persona_without_reasoning: mean_twin,4.053333333333334,4.053333333333334,"Twin-2K-500-Mega-Study/mega_study_evaluation/meta_analysis_results/combined_all_specifications_meta_analysis.csv; row study name='infotainment news sharing', persona specification='full_persona_without_reasoning', variable name='Profile6'",True
infotainment / Profile6 / full_persona_without_reasoning: std_human,2.1230276439113065,2.1230276439113065,"Twin-2K-500-Mega-Study/mega_study_evaluation/meta_analysis_results/combined_all_specifications_meta_analysis.csv; row study name='infotainment news sharing', persona specification='full_persona_without_reasoning', variable name='Profile6'",True
infotainment / Profile6 / full_persona_without_reasoning: std_twin,1.3303087210116131,1.3303087210116131,"Twin-2K-500-Mega-Study/mega_study_evaluation/meta_analysis_results/combined_all_specifications_meta_analysis.csv; row study name='infotainment news sharing', persona specification='full_persona_without_reasoning', variable name='Profile6'",True
infotainment / Profile6 / full_persona_without_reasoning: sample size,300.0,300.0,"Twin-2K-500-Mega-Study/mega_study_evaluation/meta_analysis_results/combined_all_specifications_meta_analysis.csv; row study name='infotainment news sharing', persona specification='full_persona_without_reasoning', variable name='Profile6'",True
infotainment / Profile7 / full_persona_without_reasoning: correlation,0.18304927667561494,0.1830492766756151,"Twin-2K-500-Mega-Study/mega_study_evaluation/meta_analysis_results/combined_all_specifications_meta_analysis.csv; row study name='infotainment news sharing', persona specification='full_persona_without_reasoning', variable name='Profile7'",True
infotainment / Profile7 / full_persona_without_reasoning: mean_human,2.5433333333333334,2.543333333333333,"Twin-2K-500-Mega-Study/mega_study_evaluation/meta_analysis_results/combined_all_specifications_meta_analysis.csv; row study name='infotainment news sharing', persona specification='full_persona_without_reasoning', variable name='Profile7'",True
infotainment / Profile7 / full_persona_without_reasoning: mean_twin,2.0866666666666664,2.0866666666666664,"Twin-2K-500-Mega-Study/mega_study_evaluation/meta_analysis_results/combined_all_specifications_meta_analysis.csv; row study name='infotainment news sharing', persona specification='full_persona_without_reasoning', variable name='Profile7'",True
infotainment / Profile7 / full_persona_without_reasoning: std_human,1.8491945880039864,1.8491945880039864,"Twin-2K-500-Mega-Study/mega_study_evaluation/meta_analysis_results/combined_all_specifications_meta_analysis.csv; row study name='infotainment news sharing', persona specification='full_persona_without_reasoning', variable name='Profile7'",True
infotainment / Profile7 / full_persona_without_reasoning: std_twin,0.6113384260178445,0.6113384260178445,"Twin-2K-500-Mega-Study/mega_study_evaluation/meta_analysis_results/combined_all_specifications_meta_analysis.csv; row study name='infotainment news sharing', persona specification='full_persona_without_reasoning', variable name='Profile7'",True
infotainment / Profile7 / full_persona_without_reasoning: sample size,300.0,300.0,"Twin-2K-500-Mega-Study/mega_study_evaluation/meta_analysis_results/combined_all_specifications_meta_analysis.csv; row study name='infotainment news sharing', persona specification='full_persona_without_reasoning', variable name='Profile7'",True
infotainment / Profile8 / full_persona_without_reasoning: correlation,0.20637305882035817,0.2063730588203588,"Twin-2K-500-Mega-Study/mega_study_evaluation/meta_analysis_results/combined_all_specifications_meta_analysis.csv; row study name='infotainment news sharing', persona specification='full_persona_without_reasoning', variable name='Profile8'",True
infotainment / Profile8 / full_persona_without_reasoning: mean_human,2.066666666666667,2.066666666666667,"Twin-2K-500-Mega-Study/mega_study_evaluation/meta_analysis_results/combined_all_specifications_meta_analysis.csv; row study name='infotainment news sharing', persona specification='full_persona_without_reasoning', variable name='Profile8'",True
infotainment / Profile8 / full_persona_without_reasoning: mean_twin,1.8433333333333333,1.8433333333333333,"Twin-2K-500-Mega-Study/mega_study_evaluation/meta_analysis_results/combined_all_specifications_meta_analysis.csv; row study name='infotainment news sharing', persona specification='full_persona_without_reasoning', variable name='Profile8'",True
infotainment / Profile8 / full_persona_without_reasoning: std_human,1.5176406026741553,1.5176406026741551,"Twin-2K-500-Mega-Study/mega_study_evaluation/meta_analysis_results/combined_all_specifications_meta_analysis.csv; row study name='infotainment news sharing', persona specification='full_persona_without_reasoning', variable name='Profile8'",True
infotainment / Profile8 / full_persona_without_reasoning: std_twin,0.5887367198558092,0.5887367198558092,"Twin-2K-500-Mega-Study/mega_study_evaluation/meta_analysis_results/combined_all_specifications_meta_analysis.csv; row study name='infotainment news sharing', persona specification='full_persona_without_reasoning', variable name='Profile8'",True
infotainment / Profile8 / full_persona_without_reasoning: sample size,300.0,300.0,"Twin-2K-500-Mega-Study/mega_study_evaluation/meta_analysis_results/combined_all_specifications_meta_analysis.csv; row study name='infotainment news sharing', persona specification='full_persona_without_reasoning', variable name='Profile8'",True
infotainment / Profile9 / full_persona_without_reasoning: correlation,0.300768790170512,0.3007687901705125,"Twin-2K-500-Mega-Study/mega_study_evaluation/meta_analysis_results/combined_all_specifications_meta_analysis.csv; row study name='infotainment news sharing', persona specification='full_persona_without_reasoning', variable name='Profile9'",True
infotainment / Profile9 / full_persona_without_reasoning: mean_human,2.2866666666666666,2.286666666666666,"Twin-2K-500-Mega-Study/mega_study_evaluation/meta_analysis_results/combined_all_specifications_meta_analysis.csv; row study name='infotainment news sharing', persona specification='full_persona_without_reasoning', variable name='Profile9'",True
infotainment / Profile9 / full_persona_without_reasoning: mean_twin,2.65,2.65,"Twin-2K-500-Mega-Study/mega_study_evaluation/meta_analysis_results/combined_all_specifications_meta_analysis.csv; row study name='infotainment news sharing', persona specification='full_persona_without_reasoning', variable name='Profile9'",True
infotainment / Profile9 / full_persona_without_reasoning: std_human,1.7129710412563406,1.7129710412563406,"Twin-2K-500-Mega-Study/mega_study_evaluation/meta_analysis_results/combined_all_specifications_meta_analysis.csv; row study name='infotainment news sharing', persona specification='full_persona_without_reasoning', variable name='Profile9'",True
infotainment / Profile9 / full_persona_without_reasoning: std_twin,0.6498005868538326,0.6498005868538326,"Twin-2K-500-Mega-Study/mega_study_evaluation/meta_analysis_results/combined_all_specifications_meta_analysis.csv; row study name='infotainment news sharing', persona specification='full_persona_without_reasoning', variable name='Profile9'",True
infotainment / Profile9 / full_persona_without_reasoning: sample size,300.0,300.0,"Twin-2K-500-Mega-Study/mega_study_evaluation/meta_analysis_results/combined_all_specifications_meta_analysis.csv; row study name='infotainment news sharing', persona specification='full_persona_without_reasoning', variable name='Profile9'",True
infotainment / Profile10 / full_persona_without_reasoning: correlation,0.29219339997592697,0.2921933999759264,"Twin-2K-500-Mega-Study/mega_study_evaluation/meta_analysis_results/combined_all_specifications_meta_analysis.csv; row study name='infotainment news sharing', persona specification='full_persona_without_reasoning', variable name='Profile10'",True
infotainment / Profile10 / full_persona_without_reasoning: mean_human,2.3833333333333333,2.3833333333333333,"Twin-2K-500-Mega-Study/mega_study_evaluation/meta_analysis_results/combined_all_specifications_meta_analysis.csv; row study name='infotainment news sharing', persona specification='full_persona_without_reasoning', variable name='Profile10'",True
infotainment / Profile10 / full_persona_without_reasoning: mean_twin,2.71,2.71,"Twin-2K-500-Mega-Study/mega_study_evaluation/meta_analysis_results/combined_all_specifications_meta_analysis.csv; row study name='infotainment news sharing', persona specification='full_persona_without_reasoning', variable name='Profile10'",True
infotainment / Profile10 / full_persona_without_reasoning: std_human,1.696855902959032,1.696855902959032,"Twin-2K-500-Mega-Study/mega_study_evaluation/meta_analysis_results/combined_all_specifications_meta_analysis.csv; row study name='infotainment news sharing', persona specification='full_persona_without_reasoning', variable name='Profile10'",True
infotainment / Profile10 / full_persona_without_reasoning: std_twin,0.8455470612425542,0.8455470612425542,"Twin-2K-500-Mega-Study/mega_study_evaluation/meta_analysis_results/combined_all_specifications_meta_analysis.csv; row study name='infotainment news sharing', persona specification='full_persona_without_reasoning', variable name='Profile10'",True
infotainment / Profile10 / full_persona_without_reasoning: sample size,300.0,300.0,"Twin-2K-500-Mega-Study/mega_study_evaluation/meta_analysis_results/combined_all_specifications_meta_analysis.csv; row study name='infotainment news sharing', persona specification='full_persona_without_reasoning', variable name='Profile10'",True
infotainment / Profile11 / full_persona_without_reasoning: correlation,0.17671336137876678,0.1767133613787667,"Twin-2K-500-Mega-Study/mega_study_evaluation/meta_analysis_results/combined_all_specifications_meta_analysis.csv; row study name='infotainment news sharing', persona specification='full_persona_without_reasoning', variable name='Profile11'",True
infotainment / Profile11 / full_persona_without_reasoning: mean_human,3.6733333333333333,3.673333333333334,"Twin-2K-500-Mega-Study/mega_study_evaluation/meta_analysis_results/combined_all_specifications_meta_analysis.csv; row study name='infotainment news sharing', persona specification='full_persona_without_reasoning', variable name='Profile11'",True
infotainment / Profile11 / full_persona_without_reasoning: mean_twin,3.6766666666666667,3.6766666666666654,"Twin-2K-500-Mega-Study/mega_study_evaluation/meta_analysis_results/combined_all_specifications_meta_analysis.csv; row study name='infotainment news sharing', persona specification='full_persona_without_reasoning', variable name='Profile11'",True
infotainment / Profile11 / full_persona_without_reasoning: std_human,2.06741454443726,2.06741454443726,"Twin-2K-500-Mega-Study/mega_study_evaluation/meta_analysis_results/combined_all_specifications_meta_analysis.csv; row study name='infotainment news sharing', persona specification='full_persona_without_reasoning', variable name='Profile11'",True
infotainment / Profile11 / full_persona_without_reasoning: std_twin,0.8725403396807064,0.8725403396807064,"Twin-2K-500-Mega-Study/mega_study_evaluation/meta_analysis_results/combined_all_specifications_meta_analysis.csv; row study name='infotainment news sharing', persona specification='full_persona_without_reasoning', variable name='Profile11'",True
infotainment / Profile11 / full_persona_without_reasoning: sample size,300.0,300.0,"Twin-2K-500-Mega-Study/mega_study_evaluation/meta_analysis_results/combined_all_specifications_meta_analysis.csv; row study name='infotainment news sharing', persona specification='full_persona_without_reasoning', variable name='Profile11'",True
infotainment / Profile12 / full_persona_without_reasoning: correlation,0.09889274360351115,0.0988927436035114,"Twin-2K-500-Mega-Study/mega_study_evaluation/meta_analysis_results/combined_all_specifications_meta_analysis.csv; row study name='infotainment news sharing', persona specification='full_persona_without_reasoning', variable name='Profile12'",True
infotainment / Profile12 / full_persona_without_reasoning: mean_human,2.73,2.73,"Twin-2K-500-Mega-Study/mega_study_evaluation/meta_analysis_results/combined_all_specifications_meta_analysis.csv; row study name='infotainment news sharing', persona specification='full_persona_without_reasoning', variable name='Profile12'",True
infotainment / Profile12 / full_persona_without_reasoning: mean_twin,3.4566666666666666,3.4566666666666666,"Twin-2K-500-Mega-Study/mega_study_evaluation/meta_analysis_results/combined_all_specifications_meta_analysis.csv; row study name='infotainment news sharing', persona specification='full_persona_without_reasoning', variable name='Profile12'",True
infotainment / Profile12 / full_persona_without_reasoning: std_human,1.8838603360881847,1.8838603360881847,"Twin-2K-500-Mega-Study/mega_study_evaluation/meta_analysis_results/combined_all_specifications_meta_analysis.csv; row study name='infotainment news sharing', persona specification='full_persona_without_reasoning', variable name='Profile12'",True
infotainment / Profile12 / full_persona_without_reasoning: std_twin,1.2026123553107386,1.2026123553107386,"Twin-2K-500-Mega-Study/mega_study_evaluation/meta_analysis_results/combined_all_specifications_meta_analysis.csv; row study name='infotainment news sharing', persona specification='full_persona_without_reasoning', variable name='Profile12'",True
infotainment / Profile12 / full_persona_without_reasoning: sample size,300.0,300.0,"Twin-2K-500-Mega-Study/mega_study_evaluation/meta_analysis_results/combined_all_specifications_meta_analysis.csv; row study name='infotainment news sharing', persona specification='full_persona_without_reasoning', variable name='Profile12'",True
infotainment / Profile13 / full_persona_without_reasoning: correlation,0.28359614709767433,0.2835961470976749,"Twin-2K-500-Mega-Study/mega_study_evaluation/meta_analysis_results/combined_all_specifications_meta_analysis.csv; row study name='infotainment news sharing', persona specification='full_persona_without_reasoning', variable name='Profile13'",True
infotainment / Profile13 / full_persona_without_reasoning: mean_human,2.56,2.56,"Twin-2K-500-Mega-Study/mega_study_evaluation/meta_analysis_results/combined_all_specifications_meta_analysis.csv; row study name='infotainment news sharing', persona specification='full_persona_without_reasoning', variable name='Profile13'",True
infotainment / Profile13 / full_persona_without_reasoning: mean_twin,3.3066666666666666,3.306666666666666,"Twin-2K-500-Mega-Study/mega_study_evaluation/meta_analysis_results/combined_all_specifications_meta_analysis.csv; row study name='infotainment news sharing', persona specification='full_persona_without_reasoning', variable name='Profile13'",True
infotainment / Profile13 / full_persona_without_reasoning: std_human,1.8287192367399492,1.8287192367399487,"Twin-2K-500-Mega-Study/mega_study_evaluation/meta_analysis_results/combined_all_specifications_meta_analysis.csv; row study name='infotainment news sharing', persona specification='full_persona_without_reasoning', variable name='Profile13'",True
infotainment / Profile13 / full_persona_without_reasoning: std_twin,0.8092001638900524,0.8092001638900524,"Twin-2K-500-Mega-Study/mega_study_evaluation/meta_analysis_results/combined_all_specifications_meta_analysis.csv; row study name='infotainment news sharing', persona specification='full_persona_without_reasoning', variable name='Profile13'",True
infotainment / Profile13 / full_persona_without_reasoning: sample size,300.0,300.0,"Twin-2K-500-Mega-Study/mega_study_evaluation/meta_analysis_results/combined_all_specifications_meta_analysis.csv; row study name='infotainment news sharing', persona specification='full_persona_without_reasoning', variable name='Profile13'",True
infotainment / Profile14 / full_persona_without_reasoning: correlation,0.26301257355119256,0.2630125735511922,"Twin-2K-500-Mega-Study/mega_study_evaluation/meta_analysis_results/combined_all_specifications_meta_analysis.csv; row study name='infotainment news sharing', persona specification='full_persona_without_reasoning', variable name='Profile14'",True
infotainment / Profile14 / full_persona_without_reasoning: mean_human,3.223333333333333,3.223333333333333,"Twin-2K-500-Mega-Study/mega_study_evaluation/meta_analysis_results/combined_all_specifications_meta_analysis.csv; row study name='infotainment news sharing', persona specification='full_persona_without_reasoning', variable name='Profile14'",True
infotainment / Profile14 / full_persona_without_reasoning: mean_twin,2.7533333333333334,2.7533333333333334,"Twin-2K-500-Mega-Study/mega_study_evaluation/meta_analysis_results/combined_all_specifications_meta_analysis.csv; row study name='infotainment news sharing', persona specification='full_persona_without_reasoning', variable name='Profile14'",True
infotainment / Profile14 / full_persona_without_reasoning: std_human,1.973093819264801,1.973093819264801,"Twin-2K-500-Mega-Study/mega_study_evaluation/meta_analysis_results/combined_all_specifications_meta_analysis.csv; row study name='infotainment news sharing', persona specification='full_persona_without_reasoning', variable name='Profile14'",True
infotainment / Profile14 / full_persona_without_reasoning: std_twin,0.7445378954861456,0.7445378954861456,"Twin-2K-500-Mega-Study/mega_study_evaluation/meta_analysis_results/combined_all_specifications_meta_analysis.csv; row study name='infotainment news sharing', persona specification='full_persona_without_reasoning', variable name='Profile14'",True
infotainment / Profile14 / full_persona_without_reasoning: sample size,300.0,300.0,"Twin-2K-500-Mega-Study/mega_study_evaluation/meta_analysis_results/combined_all_specifications_meta_analysis.csv; row study name='infotainment news sharing', persona specification='full_persona_without_reasoning', variable name='Profile14'",True
infotainment / Profile15 / full_persona_without_reasoning: correlation,0.11664496647520681,0.1166449664752066,"Twin-2K-500-Mega-Study/mega_study_evaluation/meta_analysis_results/combined_all_specifications_meta_analysis.csv; row study name='infotainment news sharing', persona specification='full_persona_without_reasoning', variable name='Profile15'",True
infotainment / Profile15 / full_persona_without_reasoning: mean_human,2.61,2.61,"Twin-2K-500-Mega-Study/mega_study_evaluation/meta_analysis_results/combined_all_specifications_meta_analysis.csv; row study name='infotainment news sharing', persona specification='full_persona_without_reasoning', variable name='Profile15'",True
infotainment / Profile15 / full_persona_without_reasoning: mean_twin,3.44,3.44,"Twin-2K-500-Mega-Study/mega_study_evaluation/meta_analysis_results/combined_all_specifications_meta_analysis.csv; row study name='infotainment news sharing', persona specification='full_persona_without_reasoning', variable name='Profile15'",True
infotainment / Profile15 / full_persona_without_reasoning: std_human,1.7535153416813054,1.7535153416813054,"Twin-2K-500-Mega-Study/mega_study_evaluation/meta_analysis_results/combined_all_specifications_meta_analysis.csv; row study name='infotainment news sharing', persona specification='full_persona_without_reasoning', variable name='Profile15'",True
infotainment / Profile15 / full_persona_without_reasoning: std_twin,1.136090815532422,1.136090815532422,"Twin-2K-500-Mega-Study/mega_study_evaluation/meta_analysis_results/combined_all_specifications_meta_analysis.csv; row study name='infotainment news sharing', persona specification='full_persona_without_reasoning', variable name='Profile15'",True
infotainment / Profile15 / full_persona_without_reasoning: sample size,300.0,300.0,"Twin-2K-500-Mega-Study/mega_study_evaluation/meta_analysis_results/combined_all_specifications_meta_analysis.csv; row study name='infotainment news sharing', persona specification='full_persona_without_reasoning', variable name='Profile15'",True
infotainment / Profile16 / full_persona_without_reasoning: correlation,0.21433099871267494,0.2143309987126751,"Twin-2K-500-Mega-Study/mega_study_evaluation/meta_analysis_results/combined_all_specifications_meta_analysis.csv; row study name='infotainment news sharing', persona specification='full_persona_without_reasoning', variable name='Profile16'",True
infotainment / Profile16 / full_persona_without_reasoning: mean_human,2.6266666666666665,2.6266666666666665,"Twin-2K-500-Mega-Study/mega_study_evaluation/meta_analysis_results/combined_all_specifications_meta_analysis.csv; row study name='infotainment news sharing', persona specification='full_persona_without_reasoning', variable name='Profile16'",True
infotainment / Profile16 / full_persona_without_reasoning: mean_twin,3.5166666666666666,3.5166666666666666,"Twin-2K-500-Mega-Study/mega_study_evaluation/meta_analysis_results/combined_all_specifications_meta_analysis.csv; row study name='infotainment news sharing', persona specification='full_persona_without_reasoning', variable name='Profile16'",True
infotainment / Profile16 / full_persona_without_reasoning: std_human,1.8830227839580802,1.88302278395808,"Twin-2K-500-Mega-Study/mega_study_evaluation/meta_analysis_results/combined_all_specifications_meta_analysis.csv; row study name='infotainment news sharing', persona specification='full_persona_without_reasoning', variable name='Profile16'",True
infotainment / Profile16 / full_persona_without_reasoning: std_twin,0.9518801438467562,0.9518801438467562,"Twin-2K-500-Mega-Study/mega_study_evaluation/meta_analysis_results/combined_all_specifications_meta_analysis.csv; row study name='infotainment news sharing', persona specification='full_persona_without_reasoning', variable name='Profile16'",True
infotainment / Profile16 / full_persona_without_reasoning: sample size,300.0,300.0,"Twin-2K-500-Mega-Study/mega_study_evaluation/meta_analysis_results/combined_all_specifications_meta_analysis.csv; row study name='infotainment news sharing', persona specification='full_persona_without_reasoning', variable name='Profile16'",True
infotainment / Profile17 / full_persona_without_reasoning: correlation,0.1008640034652068,0.1008640034652068,"Twin-2K-500-Mega-Study/mega_study_evaluation/meta_analysis_results/combined_all_specifications_meta_analysis.csv; row study name='infotainment news sharing', persona specification='full_persona_without_reasoning', variable name='Profile17'",True
infotainment / Profile17 / full_persona_without_reasoning: mean_human,2.1633333333333336,2.1633333333333336,"Twin-2K-500-Mega-Study/mega_study_evaluation/meta_analysis_results/combined_all_specifications_meta_analysis.csv; row study name='infotainment news sharing', persona specification='full_persona_without_reasoning', variable name='Profile17'",True
infotainment / Profile17 / full_persona_without_reasoning: mean_twin,2.6033333333333335,2.603333333333333,"Twin-2K-500-Mega-Study/mega_study_evaluation/meta_analysis_results/combined_all_specifications_meta_analysis.csv; row study name='infotainment news sharing', persona specification='full_persona_without_reasoning', variable name='Profile17'",True
infotainment / Profile17 / full_persona_without_reasoning: std_human,1.5974443078276392,1.5974443078276392,"Twin-2K-500-Mega-Study/mega_study_evaluation/meta_analysis_results/combined_all_specifications_meta_analysis.csv; row study name='infotainment news sharing', persona specification='full_persona_without_reasoning', variable name='Profile17'",True
infotainment / Profile17 / full_persona_without_reasoning: std_twin,0.9638909905661206,0.9638909905661206,"Twin-2K-500-Mega-Study/mega_study_evaluation/meta_analysis_results/combined_all_specifications_meta_analysis.csv; row study name='infotainment news sharing', persona specification='full_persona_without_reasoning', variable name='Profile17'",True
infotainment / Profile17 / full_persona_without_reasoning: sample size,300.0,300.0,"Twin-2K-500-Mega-Study/mega_study_evaluation/meta_analysis_results/combined_all_specifications_meta_analysis.csv; row study name='infotainment news sharing', persona specification='full_persona_without_reasoning', variable name='Profile17'",True
infotainment / Profile18 / full_persona_without_reasoning: correlation,0.11096361742107493,0.110963617421075,"Twin-2K-500-Mega-Study/mega_study_evaluation/meta_analysis_results/combined_all_specifications_meta_analysis.csv; row study name='infotainment news sharing', persona specification='full_persona_without_reasoning', variable name='Profile18'",True
infotainment / Profile18 / full_persona_without_reasoning: mean_human,2.243333333333333,2.243333333333333,"Twin-2K-500-Mega-Study/mega_study_evaluation/meta_analysis_results/combined_all_specifications_meta_analysis.csv; row study name='infotainment news sharing', persona specification='full_persona_without_reasoning', variable name='Profile18'",True
infotainment / Profile18 / full_persona_without_reasoning: mean_twin,2.4833333333333334,2.4833333333333334,"Twin-2K-500-Mega-Study/mega_study_evaluation/meta_analysis_results/combined_all_specifications_meta_analysis.csv; row study name='infotainment news sharing', persona specification='full_persona_without_reasoning', variable name='Profile18'",True
infotainment / Profile18 / full_persona_without_reasoning: std_human,1.5787432733981446,1.5787432733981446,"Twin-2K-500-Mega-Study/mega_study_evaluation/meta_analysis_results/combined_all_specifications_meta_analysis.csv; row study name='infotainment news sharing', persona specification='full_persona_without_reasoning', variable name='Profile18'",True
infotainment / Profile18 / full_persona_without_reasoning: std_twin,0.7009708190689368,0.7009708190689368,"Twin-2K-500-Mega-Study/mega_study_evaluation/meta_analysis_results/combined_all_specifications_meta_analysis.csv; row study name='infotainment news sharing', persona specification='full_persona_without_reasoning', variable name='Profile18'",True
infotainment / Profile18 / full_persona_without_reasoning: sample size,300.0,300.0,"Twin-2K-500-Mega-Study/mega_study_evaluation/meta_analysis_results/combined_all_specifications_meta_analysis.csv; row study name='infotainment news sharing', persona specification='full_persona_without_reasoning', variable name='Profile18'",True
accuracy_nudges / Fake1_3 / GPT5: correlation,0.06857555910456614,0.0685755591045663,"Twin-2K-500-Mega-Study/mega_study_evaluation/meta_analysis_results/combined_all_specifications_meta_analysis.csv; row study name='Accuracy Nudge', persona specification='GPT5', variable name='Fake1_3'",True
accuracy_nudges / Fake1_3 / GPT5: mean_human,2.5862412761714855,2.586241276171485,"Twin-2K-500-Mega-Study/mega_study_evaluation/meta_analysis_results/combined_all_specifications_meta_analysis.csv; row study name='Accuracy Nudge', persona specification='GPT5', variable name='Fake1_3'",True
accuracy_nudges / Fake1_3 / GPT5: mean_twin,1.1944167497507479,1.194416749750748,"Twin-2K-500-Mega-Study/mega_study_evaluation/meta_analysis_results/combined_all_specifications_meta_analysis.csv; row study name='Accuracy Nudge', persona specification='GPT5', variable name='Fake1_3'",True
accuracy_nudges / Fake1_3 / GPT5: std_human,1.5679200817788754,1.5679200817788754,"Twin-2K-500-Mega-Study/mega_study_evaluation/meta_analysis_results/combined_all_specifications_meta_analysis.csv; row study name='Accuracy Nudge', persona specification='GPT5', variable name='Fake1_3'",True
accuracy_nudges / Fake1_3 / GPT5: std_twin,0.461154428564483,0.461154428564483,"Twin-2K-500-Mega-Study/mega_study_evaluation/meta_analysis_results/combined_all_specifications_meta_analysis.csv; row study name='Accuracy Nudge', persona specification='GPT5', variable name='Fake1_3'",True
accuracy_nudges / Fake1_3 / GPT5: sample size,1003.0,1003.0,"Twin-2K-500-Mega-Study/mega_study_evaluation/meta_analysis_results/combined_all_specifications_meta_analysis.csv; row study name='Accuracy Nudge', persona specification='GPT5', variable name='Fake1_3'",True
accuracy_nudges / Fake2_3 / GPT5: correlation,0.048734185532234686,0.0487341855322347,"Twin-2K-500-Mega-Study/mega_study_evaluation/meta_analysis_results/combined_all_specifications_meta_analysis.csv; row study name='Accuracy Nudge', persona specification='GPT5', variable name='Fake2_3'",True
accuracy_nudges / Fake2_3 / GPT5: mean_human,2.7288135593220337,2.7288135593220337,"Twin-2K-500-Mega-Study/mega_study_evaluation/meta_analysis_results/combined_all_specifications_meta_analysis.csv; row study name='Accuracy Nudge', persona specification='GPT5', variable name='Fake2_3'",True
accuracy_nudges / Fake2_3 / GPT5: mean_twin,1.0598205383848454,1.0598205383848454,"Twin-2K-500-Mega-Study/mega_study_evaluation/meta_analysis_results/combined_all_specifications_meta_analysis.csv; row study name='Accuracy Nudge', persona specification='GPT5', variable name='Fake2_3'",True
accuracy_nudges / Fake2_3 / GPT5: std_human,1.5984764727913445,1.5984764727913443,"Twin-2K-500-Mega-Study/mega_study_evaluation/meta_analysis_results/combined_all_specifications_meta_analysis.csv; row study name='Accuracy Nudge', persona specification='GPT5', variable name='Fake2_3'",True
accuracy_nudges / Fake2_3 / GPT5: std_twin,0.2725109964946154,0.2725109964946154,"Twin-2K-500-Mega-Study/mega_study_evaluation/meta_analysis_results/combined_all_specifications_meta_analysis.csv; row study name='Accuracy Nudge', persona specification='GPT5', variable name='Fake2_3'",True
accuracy_nudges / Fake2_3 / GPT5: sample size,1003.0,1003.0,"Twin-2K-500-Mega-Study/mega_study_evaluation/meta_analysis_results/combined_all_specifications_meta_analysis.csv; row study name='Accuracy Nudge', persona specification='GPT5', variable name='Fake2_3'",True
accuracy_nudges / Fake3_3 / GPT5: correlation,0.10190946190557501,0.1019094619055742,"Twin-2K-500-Mega-Study/mega_study_evaluation/meta_analysis_results/combined_all_specifications_meta_analysis.csv; row study name='Accuracy Nudge', persona specification='GPT5', variable name='Fake3_3'",True
accuracy_nudges / Fake3_3 / GPT5: mean_human,2.9202392821535392,2.9202392821535392,"Twin-2K-500-Mega-Study/mega_study_evaluation/meta_analysis_results/combined_all_specifications_meta_analysis.csv; row study name='Accuracy Nudge', persona specification='GPT5', variable name='Fake3_3'",True
accuracy_nudges / Fake3_3 / GPT5: mean_twin,1.3918245264207378,1.3918245264207378,"Twin-2K-500-Mega-Study/mega_study_evaluation/meta_analysis_results/combined_all_specifications_meta_analysis.csv; row study name='Accuracy Nudge', persona specification='GPT5', variable name='Fake3_3'",True
accuracy_nudges / Fake3_3 / GPT5: std_human,1.663155725912343,1.663155725912343,"Twin-2K-500-Mega-Study/mega_study_evaluation/meta_analysis_results/combined_all_specifications_meta_analysis.csv; row study name='Accuracy Nudge', persona specification='GPT5', variable name='Fake3_3'",True
accuracy_nudges / Fake3_3 / GPT5: std_twin,0.5084249887429741,0.5084249887429741,"Twin-2K-500-Mega-Study/mega_study_evaluation/meta_analysis_results/combined_all_specifications_meta_analysis.csv; row study name='Accuracy Nudge', persona specification='GPT5', variable name='Fake3_3'",True
accuracy_nudges / Fake3_3 / GPT5: sample size,1003.0,1003.0,"Twin-2K-500-Mega-Study/mega_study_evaluation/meta_analysis_results/combined_all_specifications_meta_analysis.csv; row study name='Accuracy Nudge', persona specification='GPT5', variable name='Fake3_3'",True
accuracy_nudges / Fake4_3 / GPT5: correlation,0.11354271047218732,0.1135427104721862,"Twin-2K-500-Mega-Study/mega_study_evaluation/meta_analysis_results/combined_all_specifications_meta_analysis.csv; row study name='Accuracy Nudge', persona specification='GPT5', variable name='Fake4_3'",True
accuracy_nudges / Fake4_3 / GPT5: mean_human,3.1206380857427716,3.120638085742772,"Twin-2K-500-Mega-Study/mega_study_evaluation/meta_analysis_results/combined_all_specifications_meta_analysis.csv; row study name='Accuracy Nudge', persona specification='GPT5', variable name='Fake4_3'",True
accuracy_nudges / Fake4_3 / GPT5: mean_twin,1.4267198404785644,1.4267198404785644,"Twin-2K-500-Mega-Study/mega_study_evaluation/meta_analysis_results/combined_all_specifications_meta_analysis.csv; row study name='Accuracy Nudge', persona specification='GPT5', variable name='Fake4_3'",True
accuracy_nudges / Fake4_3 / GPT5: std_human,1.6669868330080715,1.6669868330080715,"Twin-2K-500-Mega-Study/mega_study_evaluation/meta_analysis_results/combined_all_specifications_meta_analysis.csv; row study name='Accuracy Nudge', persona specification='GPT5', variable name='Fake4_3'",True
accuracy_nudges / Fake4_3 / GPT5: std_twin,0.5028500689980978,0.5028500689980978,"Twin-2K-500-Mega-Study/mega_study_evaluation/meta_analysis_results/combined_all_specifications_meta_analysis.csv; row study name='Accuracy Nudge', persona specification='GPT5', variable name='Fake4_3'",True
accuracy_nudges / Fake4_3 / GPT5: sample size,1003.0,1003.0,"Twin-2K-500-Mega-Study/mega_study_evaluation/meta_analysis_results/combined_all_specifications_meta_analysis.csv; row study name='Accuracy Nudge', persona specification='GPT5', variable name='Fake4_3'",True
accuracy_nudges / Fake5_3 / GPT5: correlation,-0.03131207675721648,-0.0313120767572165,"Twin-2K-500-Mega-Study/mega_study_evaluation/meta_analysis_results/combined_all_specifications_meta_analysis.csv; row study name='Accuracy Nudge', persona specification='GPT5', variable name='Fake5_3'",True
accuracy_nudges / Fake5_3 / GPT5: mean_human,2.69690927218345,2.69690927218345,"Twin-2K-500-Mega-Study/mega_study_evaluation/meta_analysis_results/combined_all_specifications_meta_analysis.csv; row study name='Accuracy Nudge', persona specification='GPT5', variable name='Fake5_3'",True
accuracy_nudges / Fake5_3 / GPT5: mean_twin,1.0029910269192424,1.0029910269192424,"Twin-2K-500-Mega-Study/mega_study_evaluation/meta_analysis_results/combined_all_specifications_meta_analysis.csv; row study name='Accuracy Nudge', persona specification='GPT5', variable name='Fake5_3'",True
accuracy_nudges / Fake5_3 / GPT5: std_human,1.712890082251636,1.712890082251636,"Twin-2K-500-Mega-Study/mega_study_evaluation/meta_analysis_results/combined_all_specifications_meta_analysis.csv; row study name='Accuracy Nudge', persona specification='GPT5', variable name='Fake5_3'",True
accuracy_nudges / Fake5_3 / GPT5: std_twin,0.09472634669260088,0.0947263466926008,"Twin-2K-500-Mega-Study/mega_study_evaluation/meta_analysis_results/combined_all_specifications_meta_analysis.csv; row study name='Accuracy Nudge', persona specification='GPT5', variable name='Fake5_3'",True
accuracy_nudges / Fake5_3 / GPT5: sample size,1003.0,1003.0,"Twin-2K-500-Mega-Study/mega_study_evaluation/meta_analysis_results/combined_all_specifications_meta_analysis.csv; row study name='Accuracy Nudge', persona specification='GPT5', variable name='Fake5_3'",True
accuracy_nudges / Fake6_3 / GPT5: correlation,-0.037617803627421724,-0.0376178036274212,"Twin-2K-500-Mega-Study/mega_study_evaluation/meta_analysis_results/combined_all_specifications_meta_analysis.csv; row study name='Accuracy Nudge', persona specification='GPT5', variable name='Fake6_3'",True
accuracy_nudges / Fake6_3 / GPT5: mean_human,2.823529411764706,2.823529411764706,"Twin-2K-500-Mega-Study/mega_study_evaluation/meta_analysis_results/combined_all_specifications_meta_analysis.csv; row study name='Accuracy Nudge', persona specification='GPT5', variable name='Fake6_3'",True
accuracy_nudges / Fake6_3 / GPT5: mean_twin,1.0059820538384845,1.0059820538384845,"Twin-2K-500-Mega-Study/mega_study_evaluation/meta_analysis_results/combined_all_specifications_meta_analysis.csv; row study name='Accuracy Nudge', persona specification='GPT5', variable name='Fake6_3'",True
accuracy_nudges / Fake6_3 / GPT5: std_human,1.6852550361321386,1.6852550361321386,"Twin-2K-500-Mega-Study/mega_study_evaluation/meta_analysis_results/combined_all_specifications_meta_analysis.csv; row study name='Accuracy Nudge', persona specification='GPT5', variable name='Fake6_3'",True
accuracy_nudges / Fake6_3 / GPT5: std_twin,0.10927134675899278,0.1092713467589927,"Twin-2K-500-Mega-Study/mega_study_evaluation/meta_analysis_results/combined_all_specifications_meta_analysis.csv; row study name='Accuracy Nudge', persona specification='GPT5', variable name='Fake6_3'",True
accuracy_nudges / Fake6_3 / GPT5: sample size,1003.0,1003.0,"Twin-2K-500-Mega-Study/mega_study_evaluation/meta_analysis_results/combined_all_specifications_meta_analysis.csv; row study name='Accuracy Nudge', persona specification='GPT5', variable name='Fake6_3'",True
accuracy_nudges / Fake7_3 / GPT5: correlation,0.12110837390450159,0.1211083739045017,"Twin-2K-500-Mega-Study/mega_study_evaluation/meta_analysis_results/combined_all_specifications_meta_analysis.csv; row study name='Accuracy Nudge', persona specification='GPT5', variable name='Fake7_3'",True
accuracy_nudges / Fake7_3 / GPT5: mean_human,2.5792622133599203,2.5792622133599203,"Twin-2K-500-Mega-Study/mega_study_evaluation/meta_analysis_results/combined_all_specifications_meta_analysis.csv; row study name='Accuracy Nudge', persona specification='GPT5', variable name='Fake7_3'",True
accuracy_nudges / Fake7_3 / GPT5: mean_twin,2.506480558325025,2.506480558325025,"Twin-2K-500-Mega-Study/mega_study_evaluation/meta_analysis_results/combined_all_specifications_meta_analysis.csv; row study name='Accuracy Nudge', persona specification='GPT5', variable name='Fake7_3'",True
accuracy_nudges / Fake7_3 / GPT5: std_human,1.5771726939763562,1.5771726939763562,"Twin-2K-500-Mega-Study/mega_study_evaluation/meta_analysis_results/combined_all_specifications_meta_analysis.csv; row study name='Accuracy Nudge', persona specification='GPT5', variable name='Fake7_3'",True
accuracy_nudges / Fake7_3 / GPT5: std_twin,0.688302517545569,0.688302517545569,"Twin-2K-500-Mega-Study/mega_study_evaluation/meta_analysis_results/combined_all_specifications_meta_analysis.csv; row study name='Accuracy Nudge', persona specification='GPT5', variable name='Fake7_3'",True
accuracy_nudges / Fake7_3 / GPT5: sample size,1003.0,1003.0,"Twin-2K-500-Mega-Study/mega_study_evaluation/meta_analysis_results/combined_all_specifications_meta_analysis.csv; row study name='Accuracy Nudge', persona specification='GPT5', variable name='Fake7_3'",True
accuracy_nudges / Fake8_3 / GPT5: correlation,0.12948873586373225,0.1294887358637326,"Twin-2K-500-Mega-Study/mega_study_evaluation/meta_analysis_results/combined_all_specifications_meta_analysis.csv; row study name='Accuracy Nudge', persona specification='GPT5', variable name='Fake8_3'",True
accuracy_nudges / Fake8_3 / GPT5: mean_human,2.6719840478564305,2.6719840478564305,"Twin-2K-500-Mega-Study/mega_study_evaluation/meta_analysis_results/combined_all_specifications_meta_analysis.csv; row study name='Accuracy Nudge', persona specification='GPT5', variable name='Fake8_3'",True
accuracy_nudges / Fake8_3 / GPT5: mean_twin,2.506480558325025,2.506480558325025,"Twin-2K-500-Mega-Study/mega_study_evaluation/meta_analysis_results/combined_all_specifications_meta_analysis.csv; row study name='Accuracy Nudge', persona specification='GPT5', variable name='Fake8_3'",True
accuracy_nudges / Fake8_3 / GPT5: std_human,1.5754740603117956,1.5754740603117956,"Twin-2K-500-Mega-Study/mega_study_evaluation/meta_analysis_results/combined_all_specifications_meta_analysis.csv; row study name='Accuracy Nudge', persona specification='GPT5', variable name='Fake8_3'",True
accuracy_nudges / Fake8_3 / GPT5: std_twin,0.7026524286586417,0.7026524286586417,"Twin-2K-500-Mega-Study/mega_study_evaluation/meta_analysis_results/combined_all_specifications_meta_analysis.csv; row study name='Accuracy Nudge', persona specification='GPT5', variable name='Fake8_3'",True
accuracy_nudges / Fake8_3 / GPT5: sample size,1003.0,1003.0,"Twin-2K-500-Mega-Study/mega_study_evaluation/meta_analysis_results/combined_all_specifications_meta_analysis.csv; row study name='Accuracy Nudge', persona specification='GPT5', variable name='Fake8_3'",True
accuracy_nudges / Real1_3 / GPT5: correlation,0.05559615799289272,0.0555961579928928,"Twin-2K-500-Mega-Study/mega_study_evaluation/meta_analysis_results/combined_all_specifications_meta_analysis.csv; row study name='Accuracy Nudge', persona specification='GPT5', variable name='Real1_3'",True
accuracy_nudges / Real1_3 / GPT5: mean_human,2.25024925224327,2.25024925224327,"Twin-2K-500-Mega-Study/mega_study_evaluation/meta_analysis_results/combined_all_specifications_meta_analysis.csv; row study name='Accuracy Nudge', persona specification='GPT5', variable name='Real1_3'",True
accuracy_nudges / Real1_3 / GPT5: mean_twin,3.7148554336989035,3.714855433698903,"Twin-2K-500-Mega-Study/mega_study_evaluation/meta_analysis_results/combined_all_specifications_meta_analysis.csv; row study name='Accuracy Nudge', persona specification='GPT5', variable name='Real1_3'",True
accuracy_nudges / Real1_3 / GPT5: std_human,1.465568713632419,1.465568713632419,"Twin-2K-500-Mega-Study/mega_study_evaluation/meta_analysis_results/combined_all_specifications_meta_analysis.csv; row study name='Accuracy Nudge', persona specification='GPT5', variable name='Real1_3'",True
accuracy_nudges / Real1_3 / GPT5: std_twin,0.6194201251614095,0.6194201251614095,"Twin-2K-500-Mega-Study/mega_study_evaluation/meta_analysis_results/combined_all_specifications_meta_analysis.csv; row study name='Accuracy Nudge', persona specification='GPT5', variable name='Real1_3'",True
accuracy_nudges / Real1_3 / GPT5: sample size,1003.0,1003.0,"Twin-2K-500-Mega-Study/mega_study_evaluation/meta_analysis_results/combined_all_specifications_meta_analysis.csv; row study name='Accuracy Nudge', persona specification='GPT5', variable name='Real1_3'",True
accuracy_nudges / Real2_3 / GPT5: correlation,0.01967270902187199,0.0196727090218722,"Twin-2K-500-Mega-Study/mega_study_evaluation/meta_analysis_results/combined_all_specifications_meta_analysis.csv; row study name='Accuracy Nudge', persona specification='GPT5', variable name='Real2_3'",True
accuracy_nudges / Real2_3 / GPT5: mean_human,2.3609172482552343,2.3609172482552343,"Twin-2K-500-Mega-Study/mega_study_evaluation/meta_analysis_results/combined_all_specifications_meta_analysis.csv; row study name='Accuracy Nudge', persona specification='GPT5', variable name='Real2_3'",True
accuracy_nudges / Real2_3 / GPT5: mean_twin,3.9032901296111664,3.9032901296111664,"Twin-2K-500-Mega-Study/mega_study_evaluation/meta_analysis_results/combined_all_specifications_meta_analysis.csv; row study name='Accuracy Nudge', persona specification='GPT5', variable name='Real2_3'",True
accuracy_nudges / Real2_3 / GPT5: std_human,1.5634765869866725,1.5634765869866725,"Twin-2K-500-Mega-Study/mega_study_evaluation/meta_analysis_results/combined_all_specifications_meta_analysis.csv; row study name='Accuracy Nudge', persona specification='GPT5', variable name='Real2_3'",True
accuracy_nudges / Real2_3 / GPT5: std_twin,0.6816815701236103,0.6816815701236103,"Twin-2K-500-Mega-Study/mega_study_evaluation/meta_analysis_results/combined_all_specifications_meta_analysis.csv; row study name='Accuracy Nudge', persona specification='GPT5', variable name='Real2_3'",True
accuracy_nudges / Real2_3 / GPT5: sample size,1003.0,1003.0,"Twin-2K-500-Mega-Study/mega_study_evaluation/meta_analysis_results/combined_all_specifications_meta_analysis.csv; row study name='Accuracy Nudge', persona specification='GPT5', variable name='Real2_3'",True
accuracy_nudges / Real3_3 / GPT5: correlation,0.10082405733455094,0.1008240573345509,"Twin-2K-500-Mega-Study/mega_study_evaluation/meta_analysis_results/combined_all_specifications_meta_analysis.csv; row study name='Accuracy Nudge', persona specification='GPT5', variable name='Real3_3'",True
accuracy_nudges / Real3_3 / GPT5: mean_human,2.1016949152542375,2.101694915254237,"Twin-2K-500-Mega-Study/mega_study_evaluation/meta_analysis_results/combined_all_specifications_meta_analysis.csv; row study name='Accuracy Nudge', persona specification='GPT5', variable name='Real3_3'",True
accuracy_nudges / Real3_3 / GPT5: mean_twin,3.2003988035892323,3.2003988035892323,"Twin-2K-500-Mega-Study/mega_study_evaluation/meta_analysis_results/combined_all_specifications_meta_analysis.csv; row study name='Accuracy Nudge', persona specification='GPT5', variable name='Real3_3'",True
accuracy_nudges / Real3_3 / GPT5: std_human,1.4413438778776828,1.4413438778776828,"Twin-2K-500-Mega-Study/mega_study_evaluation/meta_analysis_results/combined_all_specifications_meta_analysis.csv; row study name='Accuracy Nudge', persona specification='GPT5', variable name='Real3_3'",True
accuracy_nudges / Real3_3 / GPT5: std_twin,0.738666760665417,0.738666760665417,"Twin-2K-500-Mega-Study/mega_study_evaluation/meta_analysis_results/combined_all_specifications_meta_analysis.csv; row study name='Accuracy Nudge', persona specification='GPT5', variable name='Real3_3'",True
accuracy_nudges / Real3_3 / GPT5: sample size,1003.0,1003.0,"Twin-2K-500-Mega-Study/mega_study_evaluation/meta_analysis_results/combined_all_specifications_meta_analysis.csv; row study name='Accuracy Nudge', persona specification='GPT5', variable name='Real3_3'",True
accuracy_nudges / Real4_3 / GPT5: correlation,0.057126700215612315,0.0571267002156124,"Twin-2K-500-Mega-Study/mega_study_evaluation/meta_analysis_results/combined_all_specifications_meta_analysis.csv; row study name='Accuracy Nudge', persona specification='GPT5', variable name='Real4_3'",True
accuracy_nudges / Real4_3 / GPT5: mean_human,2.614157527417747,2.614157527417747,"Twin-2K-500-Mega-Study/mega_study_evaluation/meta_analysis_results/combined_all_specifications_meta_analysis.csv; row study name='Accuracy Nudge', persona specification='GPT5', variable name='Real4_3'",True
accuracy_nudges / Real4_3 / GPT5: mean_twin,2.003988035892323,2.003988035892323,"Twin-2K-500-Mega-Study/mega_study_evaluation/meta_analysis_results/combined_all_specifications_meta_analysis.csv; row study name='Accuracy Nudge', persona specification='GPT5', variable name='Real4_3'",True
accuracy_nudges / Real4_3 / GPT5: std_human,1.6804853171950216,1.6804853171950216,"Twin-2K-500-Mega-Study/mega_study_evaluation/meta_analysis_results/combined_all_specifications_meta_analysis.csv; row study name='Accuracy Nudge', persona specification='GPT5', variable name='Real4_3'",True
accuracy_nudges / Real4_3 / GPT5: std_twin,0.7853346718201769,0.7853346718201769,"Twin-2K-500-Mega-Study/mega_study_evaluation/meta_analysis_results/combined_all_specifications_meta_analysis.csv; row study name='Accuracy Nudge', persona specification='GPT5', variable name='Real4_3'",True
accuracy_nudges / Real4_3 / GPT5: sample size,1003.0,1003.0,"Twin-2K-500-Mega-Study/mega_study_evaluation/meta_analysis_results/combined_all_specifications_meta_analysis.csv; row study name='Accuracy Nudge', persona specification='GPT5', variable name='Real4_3'",True
accuracy_nudges / Real5_3 / GPT5: correlation,0.10865572494465427,0.1086557249446548,"Twin-2K-500-Mega-Study/mega_study_evaluation/meta_analysis_results/combined_all_specifications_meta_analysis.csv; row study name='Accuracy Nudge', persona specification='GPT5', variable name='Real5_3'",True
accuracy_nudges / Real5_3 / GPT5: mean_human,2.604187437686939,2.604187437686939,"Twin-2K-500-Mega-Study/mega_study_evaluation/meta_analysis_results/combined_all_specifications_meta_analysis.csv; row study name='Accuracy Nudge', persona specification='GPT5', variable name='Real5_3'",True
accuracy_nudges / Real5_3 / GPT5: mean_twin,3.7637088733798603,3.76370887337986,"Twin-2K-500-Mega-Study/mega_study_evaluation/meta_analysis_results/combined_all_specifications_meta_analysis.csv; row study name='Accuracy Nudge', persona specification='GPT5', variable name='Real5_3'",True
accuracy_nudges / Real5_3 / GPT5: std_human,1.6775678659511726,1.6775678659511726,"Twin-2K-500-Mega-Study/mega_study_evaluation/meta_analysis_results/combined_all_specifications_meta_analysis.csv; row study name='Accuracy Nudge', persona specification='GPT5', variable name='Real5_3'",True
accuracy_nudges / Real5_3 / GPT5: std_twin,0.7402048342167399,0.7402048342167399,"Twin-2K-500-Mega-Study/mega_study_evaluation/meta_analysis_results/combined_all_specifications_meta_analysis.csv; row study name='Accuracy Nudge', persona specification='GPT5', variable name='Real5_3'",True
accuracy_nudges / Real5_3 / GPT5: sample size,1003.0,1003.0,"Twin-2K-500-Mega-Study/mega_study_evaluation/meta_analysis_results/combined_all_specifications_meta_analysis.csv; row study name='Accuracy Nudge', persona specification='GPT5', variable name='Real5_3'",True
accuracy_nudges / Real6_3 / GPT5: correlation,0.144345842436408,0.1443458424364066,"Twin-2K-500-Mega-Study/mega_study_evaluation/meta_analysis_results/combined_all_specifications_meta_analysis.csv; row study name='Accuracy Nudge', persona specification='GPT5', variable name='Real6_3'",True
accuracy_nudges / Real6_3 / GPT5: mean_human,3.2721834496510467,3.2721834496510467,"Twin-2K-500-Mega-Study/mega_study_evaluation/meta_analysis_results/combined_all_specifications_meta_analysis.csv; row study name='Accuracy Nudge', persona specification='GPT5', variable name='Real6_3'",True
accuracy_nudges / Real6_3 / GPT5: mean_twin,4.753738783649053,4.753738783649053,"Twin-2K-500-Mega-Study/mega_study_evaluation/meta_analysis_results/combined_all_specifications_meta_analysis.csv; row study name='Accuracy Nudge', persona specification='GPT5', variable name='Real6_3'",True
accuracy_nudges / Real6_3 / GPT5: std_human,1.6670739776480712,1.6670739776480712,"Twin-2K-500-Mega-Study/mega_study_evaluation/meta_analysis_results/combined_all_specifications_meta_analysis.csv; row study name='Accuracy Nudge', persona specification='GPT5', variable name='Real6_3'",True
accuracy_nudges / Real6_3 / GPT5: std_twin,0.7765098482777738,0.7765098482777738,"Twin-2K-500-Mega-Study/mega_study_evaluation/meta_analysis_results/combined_all_specifications_meta_analysis.csv; row study name='Accuracy Nudge', persona specification='GPT5', variable name='Real6_3'",True
accuracy_nudges / Real6_3 / GPT5: sample size,1003.0,1003.0,"Twin-2K-500-Mega-Study/mega_study_evaluation/meta_analysis_results/combined_all_specifications_meta_analysis.csv; row study name='Accuracy Nudge', persona specification='GPT5', variable name='Real6_3'",True
accuracy_nudges / Real7_3 / GPT5: correlation,0.07102133555196016,0.0710213355519602,"Twin-2K-500-Mega-Study/mega_study_evaluation/meta_analysis_results/combined_all_specifications_meta_analysis.csv; row study name='Accuracy Nudge', persona specification='GPT5', variable name='Real7_3'",True
accuracy_nudges / Real7_3 / GPT5: mean_human,3.5373878364905282,3.537387836490528,"Twin-2K-500-Mega-Study/mega_study_evaluation/meta_analysis_results/combined_all_specifications_meta_analysis.csv; row study name='Accuracy Nudge', persona specification='GPT5', variable name='Real7_3'",True
accuracy_nudges / Real7_3 / GPT5: mean_twin,4.365902293120638,4.365902293120638,"Twin-2K-500-Mega-Study/mega_study_evaluation/meta_analysis_results/combined_all_specifications_meta_analysis.csv; row study name='Accuracy Nudge', persona specification='GPT5', variable name='Real7_3'",True
accuracy_nudges / Real7_3 / GPT5: std_human,1.785768746534502,1.785768746534502,"Twin-2K-500-Mega-Study/mega_study_evaluation/meta_analysis_results/combined_all_specifications_meta_analysis.csv; row study name='Accuracy Nudge', persona specification='GPT5', variable name='Real7_3'",True
accuracy_nudges / Real7_3 / GPT5: std_twin,0.8008938733888917,0.8008938733888917,"Twin-2K-500-Mega-Study/mega_study_evaluation/meta_analysis_results/combined_all_specifications_meta_analysis.csv; row study name='Accuracy Nudge', persona specification='GPT5', variable name='Real7_3'",True
accuracy_nudges / Real7_3 / GPT5: sample size,1003.0,1003.0,"Twin-2K-500-Mega-Study/mega_study_evaluation/meta_analysis_results/combined_all_specifications_meta_analysis.csv; row study name='Accuracy Nudge', persona specification='GPT5', variable name='Real7_3'",True
accuracy_nudges / Real8_3 / GPT5: correlation,0.10269122744137321,0.1026912274413734,"Twin-2K-500-Mega-Study/mega_study_evaluation/meta_analysis_results/combined_all_specifications_meta_analysis.csv; row study name='Accuracy Nudge', persona specification='GPT5', variable name='Real8_3'",True
accuracy_nudges / Real8_3 / GPT5: mean_human,3.0638085742771684,3.0638085742771684,"Twin-2K-500-Mega-Study/mega_study_evaluation/meta_analysis_results/combined_all_specifications_meta_analysis.csv; row study name='Accuracy Nudge', persona specification='GPT5', variable name='Real8_3'",True
accuracy_nudges / Real8_3 / GPT5: mean_twin,3.9411764705882355,3.941176470588235,"Twin-2K-500-Mega-Study/mega_study_evaluation/meta_analysis_results/combined_all_specifications_meta_analysis.csv; row study name='Accuracy Nudge', persona specification='GPT5', variable name='Real8_3'",True
accuracy_nudges / Real8_3 / GPT5: std_human,1.7117406751515618,1.7117406751515618,"Twin-2K-500-Mega-Study/mega_study_evaluation/meta_analysis_results/combined_all_specifications_meta_analysis.csv; row study name='Accuracy Nudge', persona specification='GPT5', variable name='Real8_3'",True
accuracy_nudges / Real8_3 / GPT5: std_twin,0.7310680479840025,0.7310680479840025,"Twin-2K-500-Mega-Study/mega_study_evaluation/meta_analysis_results/combined_all_specifications_meta_analysis.csv; row study name='Accuracy Nudge', persona specification='GPT5', variable name='Real8_3'",True
accuracy_nudges / Real8_3 / GPT5: sample size,1003.0,1003.0,"Twin-2K-500-Mega-Study/mega_study_evaluation/meta_analysis_results/combined_all_specifications_meta_analysis.csv; row study name='Accuracy Nudge', persona specification='GPT5', variable name='Real8_3'",True
consumer_minimalism / Q33 / GPT5: correlation,-0.1837878398651246,-0.1837878398651242,"Twin-2K-500-Mega-Study/mega_study_evaluation/meta_analysis_results/combined_all_specifications_meta_analysis.csv; row study name='Consumer Minimalism', persona specification='GPT5', variable name='Q33'",True
consumer_minimalism / Q33 / GPT5: mean_human,4.53,4.53,"Twin-2K-500-Mega-Study/mega_study_evaluation/meta_analysis_results/combined_all_specifications_meta_analysis.csv; row study name='Consumer Minimalism', persona specification='GPT5', variable name='Q33'",True
consumer_minimalism / Q33 / GPT5: mean_twin,4.06,4.06,"Twin-2K-500-Mega-Study/mega_study_evaluation/meta_analysis_results/combined_all_specifications_meta_analysis.csv; row study name='Consumer Minimalism', persona specification='GPT5', variable name='Q33'",True
consumer_minimalism / Q33 / GPT5: std_human,2.166232400752595,2.166232400752595,"Twin-2K-500-Mega-Study/mega_study_evaluation/meta_analysis_results/combined_all_specifications_meta_analysis.csv; row study name='Consumer Minimalism', persona specification='GPT5', variable name='Q33'",True
consumer_minimalism / Q33 / GPT5: std_twin,1.3172225995952325,1.3172225995952325,"Twin-2K-500-Mega-Study/mega_study_evaluation/meta_analysis_results/combined_all_specifications_meta_analysis.csv; row study name='Consumer Minimalism', persona specification='GPT5', variable name='Q33'",True
consumer_minimalism / Q33 / GPT5: sample size,200.0,200.0,"Twin-2K-500-Mega-Study/mega_study_evaluation/meta_analysis_results/combined_all_specifications_meta_analysis.csv; row study name='Consumer Minimalism', persona specification='GPT5', variable name='Q33'",True
consumer_minimalism / Q35 / GPT5: correlation,0.25130553088431534,0.2513055308843153,"Twin-2K-500-Mega-Study/mega_study_evaluation/meta_analysis_results/combined_all_specifications_meta_analysis.csv; row study name='Consumer Minimalism', persona specification='GPT5', variable name='Q35'",True
consumer_minimalism / Q35 / GPT5: mean_human,4.885,4.885,"Twin-2K-500-Mega-Study/mega_study_evaluation/meta_analysis_results/combined_all_specifications_meta_analysis.csv; row study name='Consumer Minimalism', persona specification='GPT5', variable name='Q35'",True
consumer_minimalism / Q35 / GPT5: mean_twin,3.89,3.89,"Twin-2K-500-Mega-Study/mega_study_evaluation/meta_analysis_results/combined_all_specifications_meta_analysis.csv; row study name='Consumer Minimalism', persona specification='GPT5', variable name='Q35'",True
consumer_minimalism / Q35 / GPT5: std_human,2.1876250861580324,2.1876250861580324,"Twin-2K-500-Mega-Study/mega_study_evaluation/meta_analysis_results/combined_all_specifications_meta_analysis.csv; row study name='Consumer Minimalism', persona specification='GPT5', variable name='Q35'",True
consumer_minimalism / Q35 / GPT5: std_twin,1.3479558318517397,1.3479558318517395,"Twin-2K-500-Mega-Study/mega_study_evaluation/meta_analysis_results/combined_all_specifications_meta_analysis.csv; row study name='Consumer Minimalism', persona specification='GPT5', variable name='Q35'",True
consumer_minimalism / Q35 / GPT5: sample size,200.0,200.0,"Twin-2K-500-Mega-Study/mega_study_evaluation/meta_analysis_results/combined_all_specifications_meta_analysis.csv; row study name='Consumer Minimalism', persona specification='GPT5', variable name='Q35'",True
consumer_minimalism / Q38 / GPT5: correlation,0.32033302903518207,0.3203330290351815,"Twin-2K-500-Mega-Study/mega_study_evaluation/meta_analysis_results/combined_all_specifications_meta_analysis.csv; row study name='Consumer Minimalism', persona specification='GPT5', variable name='Q38'",True
consumer_minimalism / Q38 / GPT5: mean_human,4.36,4.36,"Twin-2K-500-Mega-Study/mega_study_evaluation/meta_analysis_results/combined_all_specifications_meta_analysis.csv; row study name='Consumer Minimalism', persona specification='GPT5', variable name='Q38'",True
consumer_minimalism / Q38 / GPT5: mean_twin,5.02,5.02,"Twin-2K-500-Mega-Study/mega_study_evaluation/meta_analysis_results/combined_all_specifications_meta_analysis.csv; row study name='Consumer Minimalism', persona specification='GPT5', variable name='Q38'",True
consumer_minimalism / Q38 / GPT5: std_human,2.1642132740276288,2.1642132740276288,"Twin-2K-500-Mega-Study/mega_study_evaluation/meta_analysis_results/combined_all_specifications_meta_analysis.csv; row study name='Consumer Minimalism', persona specification='GPT5', variable name='Q38'",True
consumer_minimalism / Q38 / GPT5: std_twin,2.2438301783661645,2.2438301783661645,"Twin-2K-500-Mega-Study/mega_study_evaluation/meta_analysis_results/combined_all_specifications_meta_analysis.csv; row study name='Consumer Minimalism', persona specification='GPT5', variable name='Q38'",True
consumer_minimalism / Q38 / GPT5: sample size,200.0,200.0,"Twin-2K-500-Mega-Study/mega_study_evaluation/meta_analysis_results/combined_all_specifications_meta_analysis.csv; row study name='Consumer Minimalism', persona specification='GPT5', variable name='Q38'",True
consumer_minimalism / Q26 / GPT5: correlation,0.3389280016223023,0.3389280016223023,"Twin-2K-500-Mega-Study/mega_study_evaluation/meta_analysis_results/combined_all_specifications_meta_analysis.csv; row study name='Consumer Minimalism', persona specification='GPT5', variable name='Q26'",True
consumer_minimalism / Q26 / GPT5: mean_human,4.295,4.295,"Twin-2K-500-Mega-Study/mega_study_evaluation/meta_analysis_results/combined_all_specifications_meta_analysis.csv; row study name='Consumer Minimalism', persona specification='GPT5', variable name='Q26'",True
consumer_minimalism / Q26 / GPT5: mean_twin,4.61,4.61,"Twin-2K-500-Mega-Study/mega_study_evaluation/meta_analysis_results/combined_all_specifications_meta_analysis.csv; row study name='Consumer Minimalism', persona specification='GPT5', variable name='Q26'",True
consumer_minimalism / Q26 / GPT5: std_human,2.1590000942647443,2.1590000942647443,"Twin-2K-500-Mega-Study/mega_study_evaluation/meta_analysis_results/combined_all_specifications_meta_analysis.csv; row study name='Consumer Minimalism', persona specification='GPT5', variable name='Q26'",True
consumer_minimalism / Q26 / GPT5: std_twin,2.376158802198694,2.376158802198694,"Twin-2K-500-Mega-Study/mega_study_evaluation/meta_analysis_results/combined_all_specifications_meta_analysis.csv; row study name='Consumer Minimalism', persona specification='GPT5', variable name='Q26'",True
consumer_minimalism / Q26 / GPT5: sample size,200.0,200.0,"Twin-2K-500-Mega-Study/mega_study_evaluation/meta_analysis_results/combined_all_specifications_meta_analysis.csv; row study name='Consumer Minimalism', persona specification='GPT5', variable name='Q26'",True
promiscuous_donors / rating_1_1 / GPT5: correlation,0.3939847788658753,0.3939847788658761,"Twin-2K-500-Mega-Study/mega_study_evaluation/meta_analysis_results/combined_all_specifications_meta_analysis.csv; row study name='Promiscuous donors', persona specification='GPT5', variable name='rating_1_1'",True
promiscuous_donors / rating_1_1 / GPT5: mean_human,6.251564455569461,6.251564455569461,"Twin-2K-500-Mega-Study/mega_study_evaluation/meta_analysis_results/combined_all_specifications_meta_analysis.csv; row study name='Promiscuous donors', persona specification='GPT5', variable name='rating_1_1'",True
promiscuous_donors / rating_1_1 / GPT5: mean_twin,6.888610763454318,6.888610763454318,"Twin-2K-500-Mega-Study/mega_study_evaluation/meta_analysis_results/combined_all_specifications_meta_analysis.csv; row study name='Promiscuous donors', persona specification='GPT5', variable name='rating_1_1'",True
promiscuous_donors / rating_1_1 / GPT5: std_human,2.056969186966225,2.056969186966225,"Twin-2K-500-Mega-Study/mega_study_evaluation/meta_analysis_results/combined_all_specifications_meta_analysis.csv; row study name='Promiscuous donors', persona specification='GPT5', variable name='rating_1_1'",True
promiscuous_donors / rating_1_1 / GPT5: std_twin,1.5345177774981746,1.5345177774981746,"Twin-2K-500-Mega-Study/mega_study_evaluation/meta_analysis_results/combined_all_specifications_meta_analysis.csv; row study name='Promiscuous donors', persona specification='GPT5', variable name='rating_1_1'",True
promiscuous_donors / rating_1_1 / GPT5: sample size,799.0,799.0,"Twin-2K-500-Mega-Study/mega_study_evaluation/meta_analysis_results/combined_all_specifications_meta_analysis.csv; row study name='Promiscuous donors', persona specification='GPT5', variable name='rating_1_1'",True
promiscuous_donors / rating_2_1 / GPT5: correlation,0.43486408572056034,0.4348640857205598,"Twin-2K-500-Mega-Study/mega_study_evaluation/meta_analysis_results/combined_all_specifications_meta_analysis.csv; row study name='Promiscuous donors', persona specification='GPT5', variable name='rating_2_1'",True
promiscuous_donors / rating_2_1 / GPT5: mean_human,6.075093867334168,6.075093867334168,"Twin-2K-500-Mega-Study/mega_study_evaluation/meta_analysis_results/combined_all_specifications_meta_analysis.csv; row study name='Promiscuous donors', persona specification='GPT5', variable name='rating_2_1'",True
promiscuous_donors / rating_2_1 / GPT5: mean_twin,6.685857321652065,6.685857321652065,"Twin-2K-500-Mega-Study/mega_study_evaluation/meta_analysis_results/combined_all_specifications_meta_analysis.csv; row study name='Promiscuous donors', persona specification='GPT5', variable name='rating_2_1'",True
promiscuous_donors / rating_2_1 / GPT5: std_human,2.188914417185914,2.188914417185914,"Twin-2K-500-Mega-Study/mega_study_evaluation/meta_analysis_results/combined_all_specifications_meta_analysis.csv; row study name='Promiscuous donors', persona specification='GPT5', variable name='rating_2_1'",True
promiscuous_donors / rating_2_1 / GPT5: std_twin,1.6612003796718473,1.6612003796718473,"Twin-2K-500-Mega-Study/mega_study_evaluation/meta_analysis_results/combined_all_specifications_meta_analysis.csv; row study name='Promiscuous donors', persona specification='GPT5', variable name='rating_2_1'",True
promiscuous_donors / rating_2_1 / GPT5: sample size,799.0,799.0,"Twin-2K-500-Mega-Study/mega_study_evaluation/meta_analysis_results/combined_all_specifications_meta_analysis.csv; row study name='Promiscuous donors', persona specification='GPT5', variable name='rating_2_1'",True
promiscuous_donors / rating_3_1 / GPT5: correlation,0.37996858296083186,0.3799685829608331,"Twin-2K-500-Mega-Study/mega_study_evaluation/meta_analysis_results/combined_all_specifications_meta_analysis.csv; row study name='Promiscuous donors', persona specification='GPT5', variable name='rating_3_1'",True
promiscuous_donors / rating_3_1 / GPT5: mean_human,6.1439299123904885,6.1439299123904885,"Twin-2K-500-Mega-Study/mega_study_evaluation/meta_analysis_results/combined_all_specifications_meta_analysis.csv; row study name='Promiscuous donors', persona specification='GPT5', variable name='rating_3_1'",True
promiscuous_donors / rating_3_1 / GPT5: mean_twin,6.730913642052566,6.730913642052566,"Twin-2K-500-Mega-Study/mega_study_evaluation/meta_analysis_results/combined_all_specifications_meta_analysis.csv; row study name='Promiscuous donors', persona specification='GPT5', variable name='rating_3_1'",True
promiscuous_donors / rating_3_1 / GPT5: std_human,2.177708914290963,2.177708914290963,"Twin-2K-500-Mega-Study/mega_study_evaluation/meta_analysis_results/combined_all_specifications_meta_analysis.csv; row study name='Promiscuous donors', persona specification='GPT5', variable name='rating_3_1'",True
promiscuous_donors / rating_3_1 / GPT5: std_twin,1.5946128107921633,1.594612810792163,"Twin-2K-500-Mega-Study/mega_study_evaluation/meta_analysis_results/combined_all_specifications_meta_analysis.csv; row study name='Promiscuous donors', persona specification='GPT5', variable name='rating_3_1'",True
promiscuous_donors / rating_3_1 / GPT5: sample size,799.0,799.0,"Twin-2K-500-Mega-Study/mega_study_evaluation/meta_analysis_results/combined_all_specifications_meta_analysis.csv; row study name='Promiscuous donors', persona specification='GPT5', variable name='rating_3_1'",True
promiscuous_donors / rating_4_1 / GPT5: correlation,0.3816662830317756,0.3816662830317754,"Twin-2K-500-Mega-Study/mega_study_evaluation/meta_analysis_results/combined_all_specifications_meta_analysis.csv; row study name='Promiscuous donors', persona specification='GPT5', variable name='rating_4_1'",True
promiscuous_donors / rating_4_1 / GPT5: mean_human,6.230287859824781,6.230287859824781,"Twin-2K-500-Mega-Study/mega_study_evaluation/meta_analysis_results/combined_all_specifications_meta_analysis.csv; row study name='Promiscuous donors', persona specification='GPT5', variable name='rating_4_1'",True
promiscuous_donors / rating_4_1 / GPT5: mean_twin,6.8798498122653315,6.879849812265332,"Twin-2K-500-Mega-Study/mega_study_evaluation/meta_analysis_results/combined_all_specifications_meta_analysis.csv; row study name='Promiscuous donors', persona specification='GPT5', variable name='rating_4_1'",True
promiscuous_donors / rating_4_1 / GPT5: std_human,2.117958489358778,2.117958489358778,"Twin-2K-500-Mega-Study/mega_study_evaluation/meta_analysis_results/combined_all_specifications_meta_analysis.csv; row study name='Promiscuous donors', persona specification='GPT5', variable name='rating_4_1'",True
promiscuous_donors / rating_4_1 / GPT5: std_twin,1.5178410922838408,1.5178410922838408,"Twin-2K-500-Mega-Study/mega_study_evaluation/meta_analysis_results/combined_all_specifications_meta_analysis.csv; row study name='Promiscuous donors', persona specification='GPT5', variable name='rating_4_1'",True
promiscuous_donors / rating_4_1 / GPT5: sample size,799.0,799.0,"Twin-2K-500-Mega-Study/mega_study_evaluation/meta_analysis_results/combined_all_specifications_meta_analysis.csv; row study name='Promiscuous donors', persona specification='GPT5', variable name='rating_4_1'",True
promiscuous_donors / rating_5_1 / GPT5: correlation,0.3221623114069747,0.3221623114069727,"Twin-2K-500-Mega-Study/mega_study_evaluation/meta_analysis_results/combined_all_specifications_meta_analysis.csv; row study name='Promiscuous donors', persona specification='GPT5', variable name='rating_5_1'",True
promiscuous_donors / rating_5_1 / GPT5: mean_human,6.088861076345432,6.088861076345432,"Twin-2K-500-Mega-Study/mega_study_evaluation/meta_analysis_results/combined_all_specifications_meta_analysis.csv; row study name='Promiscuous donors', persona specification='GPT5', variable name='rating_5_1'",True
promiscuous_donors / rating_5_1 / GPT5: mean_twin,6.717146433041302,6.717146433041302,"Twin-2K-500-Mega-Study/mega_study_evaluation/meta_analysis_results/combined_all_specifications_meta_analysis.csv; row study name='Promiscuous donors', persona specification='GPT5', variable name='rating_5_1'",True
promiscuous_donors / rating_5_1 / GPT5: std_human,2.189256881617279,2.189256881617279,"Twin-2K-500-Mega-Study/mega_study_evaluation/meta_analysis_results/combined_all_specifications_meta_analysis.csv; row study name='Promiscuous donors', persona specification='GPT5', variable name='rating_5_1'",True
promiscuous_donors / rating_5_1 / GPT5: std_twin,1.5672378420226578,1.5672378420226578,"Twin-2K-500-Mega-Study/mega_study_evaluation/meta_analysis_results/combined_all_specifications_meta_analysis.csv; row study name='Promiscuous donors', persona specification='GPT5', variable name='rating_5_1'",True
promiscuous_donors / rating_5_1 / GPT5: sample size,799.0,799.0,"Twin-2K-500-Mega-Study/mega_study_evaluation/meta_analysis_results/combined_all_specifications_meta_analysis.csv; row study name='Promiscuous donors', persona specification='GPT5', variable name='rating_5_1'",True
promiscuous_donors / rating_6_1 / GPT5: correlation,0.4117705820521929,0.4117705820521936,"Twin-2K-500-Mega-Study/mega_study_evaluation/meta_analysis_results/combined_all_specifications_meta_analysis.csv; row study name='Promiscuous donors', persona specification='GPT5', variable name='rating_6_1'",True
promiscuous_donors / rating_6_1 / GPT5: mean_human,6.230287859824781,6.230287859824781,"Twin-2K-500-Mega-Study/mega_study_evaluation/meta_analysis_results/combined_all_specifications_meta_analysis.csv; row study name='Promiscuous donors', persona specification='GPT5', variable name='rating_6_1'",True
promiscuous_donors / rating_6_1 / GPT5: mean_twin,6.773466833541927,6.773466833541927,"Twin-2K-500-Mega-Study/mega_study_evaluation/meta_analysis_results/combined_all_specifications_meta_analysis.csv; row study name='Promiscuous donors', persona specification='GPT5', variable name='rating_6_1'",True
promiscuous_donors / rating_6_1 / GPT5: std_human,2.242119877728567,2.242119877728567,"Twin-2K-500-Mega-Study/mega_study_evaluation/meta_analysis_results/combined_all_specifications_meta_analysis.csv; row study name='Promiscuous donors', persona specification='GPT5', variable name='rating_6_1'",True
promiscuous_donors / rating_6_1 / GPT5: std_twin,1.5632037249838453,1.5632037249838453,"Twin-2K-500-Mega-Study/mega_study_evaluation/meta_analysis_results/combined_all_specifications_meta_analysis.csv; row study name='Promiscuous donors', persona specification='GPT5', variable name='rating_6_1'",True
promiscuous_donors / rating_6_1 / GPT5: sample size,799.0,799.0,"Twin-2K-500-Mega-Study/mega_study_evaluation/meta_analysis_results/combined_all_specifications_meta_analysis.csv; row study name='Promiscuous donors', persona specification='GPT5', variable name='rating_6_1'",True
promiscuous_donors / rating_7_1 / GPT5: correlation,0.41991537133993645,0.4199153713399358,"Twin-2K-500-Mega-Study/mega_study_evaluation/meta_analysis_results/combined_all_specifications_meta_analysis.csv; row study name='Promiscuous donors', persona specification='GPT5', variable name='rating_7_1'",True
promiscuous_donors / rating_7_1 / GPT5: mean_human,6.097622027534418,6.097622027534418,"Twin-2K-500-Mega-Study/mega_study_evaluation/meta_analysis_results/combined_all_specifications_meta_analysis.csv; row study name='Promiscuous donors', persona specification='GPT5', variable name='rating_7_1'",True
promiscuous_donors / rating_7_1 / GPT5: mean_twin,6.763454317897372,6.763454317897372,"Twin-2K-500-Mega-Study/mega_study_evaluation/meta_analysis_results/combined_all_specifications_meta_analysis.csv; row study name='Promiscuous donors', persona specification='GPT5', variable name='rating_7_1'",True
promiscuous_donors / rating_7_1 / GPT5: std_human,2.2849583012412773,2.2849583012412773,"Twin-2K-500-Mega-Study/mega_study_evaluation/meta_analysis_results/combined_all_specifications_meta_analysis.csv; row study name='Promiscuous donors', persona specification='GPT5', variable name='rating_7_1'",True
promiscuous_donors / rating_7_1 / GPT5: std_twin,1.5848170858468917,1.5848170858468915,"Twin-2K-500-Mega-Study/mega_study_evaluation/meta_analysis_results/combined_all_specifications_meta_analysis.csv; row study name='Promiscuous donors', persona specification='GPT5', variable name='rating_7_1'",True
promiscuous_donors / rating_7_1 / GPT5: sample size,799.0,799.0,"Twin-2K-500-Mega-Study/mega_study_evaluation/meta_analysis_results/combined_all_specifications_meta_analysis.csv; row study name='Promiscuous donors', persona specification='GPT5', variable name='rating_7_1'",True
promiscuous_donors / rating_8_1 / GPT5: correlation,0.34322418680365285,0.3432241868036536,"Twin-2K-500-Mega-Study/mega_study_evaluation/meta_analysis_results/combined_all_specifications_meta_analysis.csv; row study name='Promiscuous donors', persona specification='GPT5', variable name='rating_8_1'",True
promiscuous_donors / rating_8_1 / GPT5: mean_human,6.067584480600751,6.067584480600751,"Twin-2K-500-Mega-Study/mega_study_evaluation/meta_analysis_results/combined_all_specifications_meta_analysis.csv; row study name='Promiscuous donors', persona specification='GPT5', variable name='rating_8_1'",True
promiscuous_donors / rating_8_1 / GPT5: mean_twin,6.764705882352941,6.764705882352941,"Twin-2K-500-Mega-Study/mega_study_evaluation/meta_analysis_results/combined_all_specifications_meta_analysis.csv; row study name='Promiscuous donors', persona specification='GPT5', variable name='rating_8_1'",True
promiscuous_donors / rating_8_1 / GPT5: std_human,2.2011475812051,2.2011475812051,"Twin-2K-500-Mega-Study/mega_study_evaluation/meta_analysis_results/combined_all_specifications_meta_analysis.csv; row study name='Promiscuous donors', persona specification='GPT5', variable name='rating_8_1'",True
promiscuous_donors / rating_8_1 / GPT5: std_twin,1.570309064722552,1.570309064722552,"Twin-2K-500-Mega-Study/mega_study_evaluation/meta_analysis_results/combined_all_specifications_meta_analysis.csv; row study name='Promiscuous donors', persona specification='GPT5', variable name='rating_8_1'",True
promiscuous_donors / rating_8_1 / GPT5: sample size,799.0,799.0,"Twin-2K-500-Mega-Study/mega_study_evaluation/meta_analysis_results/combined_all_specifications_meta_analysis.csv; row study name='Promiscuous donors', persona specification='GPT5', variable name='rating_8_1'",True
promiscuous_donors / rating_9_1 / GPT5: correlation,0.3522947371593722,0.3522947371593737,"Twin-2K-500-Mega-Study/mega_study_evaluation/meta_analysis_results/combined_all_specifications_meta_analysis.csv; row study name='Promiscuous donors', persona specification='GPT5', variable name='rating_9_1'",True
promiscuous_donors / rating_9_1 / GPT5: mean_human,6.0,6.0,"Twin-2K-500-Mega-Study/mega_study_evaluation/meta_analysis_results/combined_all_specifications_meta_analysis.csv; row study name='Promiscuous donors', persona specification='GPT5', variable name='rating_9_1'",True
promiscuous_donors / rating_9_1 / GPT5: mean_twin,6.72090112640801,6.72090112640801,"Twin-2K-500-Mega-Study/mega_study_evaluation/meta_analysis_results/combined_all_specifications_meta_analysis.csv; row study name='Promiscuous donors', persona specification='GPT5', variable name='rating_9_1'",True
promiscuous_donors / rating_9_1 / GPT5: std_human,2.2782616597915593,2.2782616597915597,"Twin-2K-500-Mega-Study/mega_study_evaluation/meta_analysis_results/combined_all_specifications_meta_analysis.csv; row study name='Promiscuous donors', persona specification='GPT5', variable name='rating_9_1'",True
promiscuous_donors / rating_9_1 / GPT5: std_twin,1.5691100838131284,1.5691100838131284,"Twin-2K-500-Mega-Study/mega_study_evaluation/meta_analysis_results/combined_all_specifications_meta_analysis.csv; row study name='Promiscuous donors', persona specification='GPT5', variable name='rating_9_1'",True
promiscuous_donors / rating_9_1 / GPT5: sample size,799.0,799.0,"Twin-2K-500-Mega-Study/mega_study_evaluation/meta_analysis_results/combined_all_specifications_meta_analysis.csv; row study name='Promiscuous donors', persona specification='GPT5', variable name='rating_9_1'",True
promiscuous_donors / rating_10_1 / GPT5: correlation,0.3577362391183596,0.3577362391183587,"Twin-2K-500-Mega-Study/mega_study_evaluation/meta_analysis_results/combined_all_specifications_meta_analysis.csv; row study name='Promiscuous donors', persona specification='GPT5', variable name='rating_10_1'",True
promiscuous_donors / rating_10_1 / GPT5: mean_human,6.09136420525657,6.09136420525657,"Twin-2K-500-Mega-Study/mega_study_evaluation/meta_analysis_results/combined_all_specifications_meta_analysis.csv; row study name='Promiscuous donors', persona specification='GPT5', variable name='rating_10_1'",True
promiscuous_donors / rating_10_1 / GPT5: mean_twin,6.899874843554443,6.899874843554443,"Twin-2K-500-Mega-Study/mega_study_evaluation/meta_analysis_results/combined_all_specifications_meta_analysis.csv; row study name='Promiscuous donors', persona specification='GPT5', variable name='rating_10_1'",True
promiscuous_donors / rating_10_1 / GPT5: std_human,2.216459959745093,2.216459959745093,"Twin-2K-500-Mega-Study/mega_study_evaluation/meta_analysis_results/combined_all_specifications_meta_analysis.csv; row study name='Promiscuous donors', persona specification='GPT5', variable name='rating_10_1'",True
promiscuous_donors / rating_10_1 / GPT5: std_twin,1.541404328076178,1.541404328076178,"Twin-2K-500-Mega-Study/mega_study_evaluation/meta_analysis_results/combined_all_specifications_meta_analysis.csv; row study name='Promiscuous donors', persona specification='GPT5', variable name='rating_10_1'",True
promiscuous_donors / rating_10_1 / GPT5: sample size,799.0,799.0,"Twin-2K-500-Mega-Study/mega_study_evaluation/meta_analysis_results/combined_all_specifications_meta_analysis.csv; row study name='Promiscuous donors', persona specification='GPT5', variable name='rating_10_1'",True
targeting_fairness / fair1 / GPT5: correlation,0.20696503999064206,0.206965039990642,"Twin-2K-500-Mega-Study/mega_study_evaluation/meta_analysis_results/combined_all_specifications_meta_analysis.csv; row study name='Targeting fairness', persona specification='GPT5', variable name='fair1'",True
targeting_fairness / fair1 / GPT5: mean_human,6.92436974789916,6.92436974789916,"Twin-2K-500-Mega-Study/mega_study_evaluation/meta_analysis_results/combined_all_specifications_meta_analysis.csv; row study name='Targeting fairness', persona specification='GPT5', variable name='fair1'",True
targeting_fairness / fair1 / GPT5: mean_twin,8.369747899159664,8.369747899159664,"Twin-2K-500-Mega-Study/mega_study_evaluation/meta_analysis_results/combined_all_specifications_meta_analysis.csv; row study name='Targeting fairness', persona specification='GPT5', variable name='fair1'",True
targeting_fairness / fair1 / GPT5: std_human,2.0791622551227653,2.0791622551227653,"Twin-2K-500-Mega-Study/mega_study_evaluation/meta_analysis_results/combined_all_specifications_meta_analysis.csv; row study name='Targeting fairness', persona specification='GPT5', variable name='fair1'",True
targeting_fairness / fair1 / GPT5: std_twin,0.6853057984507624,0.6853057984507624,"Twin-2K-500-Mega-Study/mega_study_evaluation/meta_analysis_results/combined_all_specifications_meta_analysis.csv; row study name='Targeting fairness', persona specification='GPT5', variable name='fair1'",True
targeting_fairness / fair1 / GPT5: sample size,357.0,357.0,"Twin-2K-500-Mega-Study/mega_study_evaluation/meta_analysis_results/combined_all_specifications_meta_analysis.csv; row study name='Targeting fairness', persona specification='GPT5', variable name='fair1'",True
hiring_algorithms / Q6 / GPT5: correlation,0.677004908446329,0.6770049084463247,"Twin-2K-500-Mega-Study/mega_study_evaluation/meta_analysis_results/combined_all_specifications_meta_analysis.csv; row study name='hiring algorithms', persona specification='GPT5', variable name='Q6'",True
hiring_algorithms / Q6 / GPT5: mean_human,2.875875875875876,2.875875875875876,"Twin-2K-500-Mega-Study/mega_study_evaluation/meta_analysis_results/combined_all_specifications_meta_analysis.csv; row study name='hiring algorithms', persona specification='GPT5', variable name='Q6'",True
hiring_algorithms / Q6 / GPT5: mean_twin,3.3673673673673674,3.3673673673673674,"Twin-2K-500-Mega-Study/mega_study_evaluation/meta_analysis_results/combined_all_specifications_meta_analysis.csv; row study name='hiring algorithms', persona specification='GPT5', variable name='Q6'",True
hiring_algorithms / Q6 / GPT5: std_human,1.214726194689461,1.214726194689461,"Twin-2K-500-Mega-Study/mega_study_evaluation/meta_analysis_results/combined_all_specifications_meta_analysis.csv; row study name='hiring algorithms', persona specification='GPT5', variable name='Q6'",True
hiring_algorithms / Q6 / GPT5: std_twin,1.1996058872586728,1.1996058872586728,"Twin-2K-500-Mega-Study/mega_study_evaluation/meta_analysis_results/combined_all_specifications_meta_analysis.csv; row study name='hiring algorithms', persona specification='GPT5', variable name='Q6'",True
hiring_algorithms / Q6 / GPT5: sample size,999.0,999.0,"Twin-2K-500-Mega-Study/mega_study_evaluation/meta_analysis_results/combined_all_specifications_meta_analysis.csv; row study name='hiring algorithms', persona specification='GPT5', variable name='Q6'",True
hiring_algorithms / Q8 / GPT5: correlation,0.5489123933252356,0.5489123933252384,"Twin-2K-500-Mega-Study/mega_study_evaluation/meta_analysis_results/combined_all_specifications_meta_analysis.csv; row study name='hiring algorithms', persona specification='GPT5', variable name='Q8'",True
hiring_algorithms / Q8 / GPT5: mean_human,3.2962962962962963,3.2962962962962963,"Twin-2K-500-Mega-Study/mega_study_evaluation/meta_analysis_results/combined_all_specifications_meta_analysis.csv; row study name='hiring algorithms', persona specification='GPT5', variable name='Q8'",True
hiring_algorithms / Q8 / GPT5: mean_twin,3.924924924924925,3.924924924924925,"Twin-2K-500-Mega-Study/mega_study_evaluation/meta_analysis_results/combined_all_specifications_meta_analysis.csv; row study name='hiring algorithms', persona specification='GPT5', variable name='Q8'",True
hiring_algorithms / Q8 / GPT5: std_human,1.3527587400248886,1.3527587400248886,"Twin-2K-500-Mega-Study/mega_study_evaluation/meta_analysis_results/combined_all_specifications_meta_analysis.csv; row study name='hiring algorithms', persona specification='GPT5', variable name='Q8'",True
hiring_algorithms / Q8 / GPT5: std_twin,1.175641797760974,1.175641797760974,"Twin-2K-500-Mega-Study/mega_study_evaluation/meta_analysis_results/combined_all_specifications_meta_analysis.csv; row study name='hiring algorithms', persona specification='GPT5', variable name='Q8'",True
hiring_algorithms / Q8 / GPT5: sample size,999.0,999.0,"Twin-2K-500-Mega-Study/mega_study_evaluation/meta_analysis_results/combined_all_specifications_meta_analysis.csv; row study name='hiring algorithms', persona specification='GPT5', variable name='Q8'",True
hiring_algorithms / Q9 / GPT5: correlation,0.14033124832053234,0.140331248320533,"Twin-2K-500-Mega-Study/mega_study_evaluation/meta_analysis_results/combined_all_specifications_meta_analysis.csv (authors recode Q9 in hiring_algorithms/mega_study_evaluation.py); row study name='hiring algorithms', persona specification='GPT5', variable name='Q9'",True
hiring_algorithms / Q9 / GPT5: mean_human,3.3633633633633635,3.3633633633633635,"Twin-2K-500-Mega-Study/mega_study_evaluation/meta_analysis_results/combined_all_specifications_meta_analysis.csv (authors recode Q9 in hiring_algorithms/mega_study_evaluation.py); row study name='hiring algorithms', persona specification='GPT5', variable name='Q9'",True
hiring_algorithms / Q9 / GPT5: mean_twin,2.7767767767767766,2.7767767767767766,"Twin-2K-500-Mega-Study/mega_study_evaluation/meta_analysis_results/combined_all_specifications_meta_analysis.csv (authors recode Q9 in hiring_algorithms/mega_study_evaluation.py); row study name='hiring algorithms', persona specification='GPT5', variable name='Q9'",True
hiring_algorithms / Q9 / GPT5: std_human,0.8744303035752594,0.8744303035752594,"Twin-2K-500-Mega-Study/mega_study_evaluation/meta_analysis_results/combined_all_specifications_meta_analysis.csv (authors recode Q9 in hiring_algorithms/mega_study_evaluation.py); row study name='hiring algorithms', persona specification='GPT5', variable name='Q9'",True
hiring_algorithms / Q9 / GPT5: std_twin,0.8249741729249515,0.8249741729249515,"Twin-2K-500-Mega-Study/mega_study_evaluation/meta_analysis_results/combined_all_specifications_meta_analysis.csv (authors recode Q9 in hiring_algorithms/mega_study_evaluation.py); row study name='hiring algorithms', persona specification='GPT5', variable name='Q9'",True
hiring_algorithms / Q9 / GPT5: sample size,999.0,999.0,"Twin-2K-500-Mega-Study/mega_study_evaluation/meta_analysis_results/combined_all_specifications_meta_analysis.csv (authors recode Q9 in hiring_algorithms/mega_study_evaluation.py); row study name='hiring algorithms', persona specification='GPT5', variable name='Q9'",True
hiring_algorithms / Q10 / GPT5: correlation,0.2224569371060906,0.2224569371060898,"Twin-2K-500-Mega-Study/mega_study_evaluation/meta_analysis_results/combined_all_specifications_meta_analysis.csv; row study name='hiring algorithms', persona specification='GPT5', variable name='Q10'",True
hiring_algorithms / Q10 / GPT5: mean_human,2.967967967967968,2.967967967967968,"Twin-2K-500-Mega-Study/mega_study_evaluation/meta_analysis_results/combined_all_specifications_meta_analysis.csv; row study name='hiring algorithms', persona specification='GPT5', variable name='Q10'",True
hiring_algorithms / Q10 / GPT5: mean_twin,2.6936936936936937,2.6936936936936937,"Twin-2K-500-Mega-Study/mega_study_evaluation/meta_analysis_results/combined_all_specifications_meta_analysis.csv; row study name='hiring algorithms', persona specification='GPT5', variable name='Q10'",True
hiring_algorithms / Q10 / GPT5: std_human,1.4131415048750695,1.4131415048750695,"Twin-2K-500-Mega-Study/mega_study_evaluation/meta_analysis_results/combined_all_specifications_meta_analysis.csv; row study name='hiring algorithms', persona specification='GPT5', variable name='Q10'",True
hiring_algorithms / Q10 / GPT5: std_twin,1.1640361810234825,1.1640361810234825,"Twin-2K-500-Mega-Study/mega_study_evaluation/meta_analysis_results/combined_all_specifications_meta_analysis.csv; row study name='hiring algorithms', persona specification='GPT5', variable name='Q10'",True
hiring_algorithms / Q10 / GPT5: sample size,999.0,999.0,"Twin-2K-500-Mega-Study/mega_study_evaluation/meta_analysis_results/combined_all_specifications_meta_analysis.csv; row study name='hiring algorithms', persona specification='GPT5', variable name='Q10'",True
hiring_algorithms / Q13 / GPT5: correlation,0.26423100141681977,0.2642310014168213,"Twin-2K-500-Mega-Study/mega_study_evaluation/meta_analysis_results/combined_all_specifications_meta_analysis.csv; row study name='hiring algorithms', persona specification='GPT5', variable name='Q13'",True
hiring_algorithms / Q13 / GPT5: mean_human,3.6676676676676676,3.667667667667667,"Twin-2K-500-Mega-Study/mega_study_evaluation/meta_analysis_results/combined_all_specifications_meta_analysis.csv; row study name='hiring algorithms', persona specification='GPT5', variable name='Q13'",True
hiring_algorithms / Q13 / GPT5: mean_twin,4.008008008008008,4.008008008008008,"Twin-2K-500-Mega-Study/mega_study_evaluation/meta_analysis_results/combined_all_specifications_meta_analysis.csv; row study name='hiring algorithms', persona specification='GPT5', variable name='Q13'",True
hiring_algorithms / Q13 / GPT5: std_human,1.076095548231435,1.076095548231435,"Twin-2K-500-Mega-Study/mega_study_evaluation/meta_analysis_results/combined_all_specifications_meta_analysis.csv; row study name='hiring algorithms', persona specification='GPT5', variable name='Q13'",True
hiring_algorithms / Q13 / GPT5: std_twin,0.8656990271145221,0.8656990271145221,"Twin-2K-500-Mega-Study/mega_study_evaluation/meta_analysis_results/combined_all_specifications_meta_analysis.csv; row study name='hiring algorithms', persona specification='GPT5', variable name='Q13'",True
hiring_algorithms / Q13 / GPT5: sample size,999.0,999.0,"Twin-2K-500-Mega-Study/mega_study_evaluation/meta_analysis_results/combined_all_specifications_meta_analysis.csv; row study name='hiring algorithms', persona specification='GPT5', variable name='Q13'",True
hiring_algorithms / Q14 / GPT5: correlation,0.16898222881989325,0.168982228819895,"Twin-2K-500-Mega-Study/mega_study_evaluation/meta_analysis_results/combined_all_specifications_meta_analysis.csv (authors recode Q14 in hiring_algorithms/mega_study_evaluation.py); row study name='hiring algorithms', persona specification='GPT5', variable name='Q14'",True
hiring_algorithms / Q14 / GPT5: mean_human,2.980980980980981,2.980980980980981,"Twin-2K-500-Mega-Study/mega_study_evaluation/meta_analysis_results/combined_all_specifications_meta_analysis.csv (authors recode Q14 in hiring_algorithms/mega_study_evaluation.py); row study name='hiring algorithms', persona specification='GPT5', variable name='Q14'",True
hiring_algorithms / Q14 / GPT5: mean_twin,3.6066066066066065,3.6066066066066074,"Twin-2K-500-Mega-Study/mega_study_evaluation/meta_analysis_results/combined_all_specifications_meta_analysis.csv (authors recode Q14 in hiring_algorithms/mega_study_evaluation.py); row study name='hiring algorithms', persona specification='GPT5', variable name='Q14'",True
hiring_algorithms / Q14 / GPT5: std_human,1.0405788039033395,1.0405788039033397,"Twin-2K-500-Mega-Study/mega_study_evaluation/meta_analysis_results/combined_all_specifications_meta_analysis.csv (authors recode Q14 in hiring_algorithms/mega_study_evaluation.py); row study name='hiring algorithms', persona specification='GPT5', variable name='Q14'",True
hiring_algorithms / Q14 / GPT5: std_twin,0.9033429322815354,0.9033429322815354,"Twin-2K-500-Mega-Study/mega_study_evaluation/meta_analysis_results/combined_all_specifications_meta_analysis.csv (authors recode Q14 in hiring_algorithms/mega_study_evaluation.py); row study name='hiring algorithms', persona specification='GPT5', variable name='Q14'",True
hiring_algorithms / Q14 / GPT5: sample size,999.0,999.0,"Twin-2K-500-Mega-Study/mega_study_evaluation/meta_analysis_results/combined_all_specifications_meta_analysis.csv (authors recode Q14 in hiring_algorithms/mega_study_evaluation.py); row study name='hiring algorithms', persona specification='GPT5', variable name='Q14'",True
hiring_algorithms / Q15 / GPT5: correlation,0.17732608728398355,0.1773260872839817,"Twin-2K-500-Mega-Study/mega_study_evaluation/meta_analysis_results/combined_all_specifications_meta_analysis.csv; row study name='hiring algorithms', persona specification='GPT5', variable name='Q15'",True
hiring_algorithms / Q15 / GPT5: mean_human,3.8328328328328327,3.8328328328328327,"Twin-2K-500-Mega-Study/mega_study_evaluation/meta_analysis_results/combined_all_specifications_meta_analysis.csv; row study name='hiring algorithms', persona specification='GPT5', variable name='Q15'",True
hiring_algorithms / Q15 / GPT5: mean_twin,4.912912912912913,4.912912912912913,"Twin-2K-500-Mega-Study/mega_study_evaluation/meta_analysis_results/combined_all_specifications_meta_analysis.csv; row study name='hiring algorithms', persona specification='GPT5', variable name='Q15'",True
hiring_algorithms / Q15 / GPT5: std_human,0.9586036328602918,0.9586036328602918,"Twin-2K-500-Mega-Study/mega_study_evaluation/meta_analysis_results/combined_all_specifications_meta_analysis.csv; row study name='hiring algorithms', persona specification='GPT5', variable name='Q15'",True
hiring_algorithms / Q15 / GPT5: std_twin,0.2856336755647988,0.2856336755647988,"Twin-2K-500-Mega-Study/mega_study_evaluation/meta_analysis_results/combined_all_specifications_meta_analysis.csv; row study name='hiring algorithms', persona specification='GPT5', variable name='Q15'",True
hiring_algorithms / Q15 / GPT5: sample size,999.0,999.0,"Twin-2K-500-Mega-Study/mega_study_evaluation/meta_analysis_results/combined_all_specifications_meta_analysis.csv; row study name='hiring algorithms', persona specification='GPT5', variable name='Q15'",True
hiring_algorithms / Q16 / GPT5: correlation,0.3610883107658911,0.361088310765886,"Twin-2K-500-Mega-Study/mega_study_evaluation/meta_analysis_results/combined_all_specifications_meta_analysis.csv; row study name='hiring algorithms', persona specification='GPT5', variable name='Q16'",True
hiring_algorithms / Q16 / GPT5: mean_human,3.3853853853853852,3.385385385385385,"Twin-2K-500-Mega-Study/mega_study_evaluation/meta_analysis_results/combined_all_specifications_meta_analysis.csv; row study name='hiring algorithms', persona specification='GPT5', variable name='Q16'",True
hiring_algorithms / Q16 / GPT5: mean_twin,3.890890890890891,3.890890890890891,"Twin-2K-500-Mega-Study/mega_study_evaluation/meta_analysis_results/combined_all_specifications_meta_analysis.csv; row study name='hiring algorithms', persona specification='GPT5', variable name='Q16'",True
hiring_algorithms / Q16 / GPT5: std_human,1.0709437275420919,1.070943727542092,"Twin-2K-500-Mega-Study/mega_study_evaluation/meta_analysis_results/combined_all_specifications_meta_analysis.csv; row study name='hiring algorithms', persona specification='GPT5', variable name='Q16'",True
hiring_algorithms / Q16 / GPT5: std_twin,0.7281259794782008,0.7281259794782008,"Twin-2K-500-Mega-Study/mega_study_evaluation/meta_analysis_results/combined_all_specifications_meta_analysis.csv; row study name='hiring algorithms', persona specification='GPT5', variable name='Q16'",True
hiring_algorithms / Q16 / GPT5: sample size,999.0,999.0,"Twin-2K-500-Mega-Study/mega_study_evaluation/meta_analysis_results/combined_all_specifications_meta_analysis.csv; row study name='hiring algorithms', persona specification='GPT5', variable name='Q16'",True
infotainment / Profile1 / GPT5: correlation,0.22143488436442357,0.2214348843644228,"Twin-2K-500-Mega-Study/mega_study_evaluation/meta_analysis_results/combined_all_specifications_meta_analysis.csv; row study name='infotainment news sharing', persona specification='GPT5', variable name='Profile1'",True
infotainment / Profile1 / GPT5: mean_human,2.243333333333333,2.243333333333333,"Twin-2K-500-Mega-Study/mega_study_evaluation/meta_analysis_results/combined_all_specifications_meta_analysis.csv; row study name='infotainment news sharing', persona specification='GPT5', variable name='Profile1'",True
infotainment / Profile1 / GPT5: mean_twin,1.86,1.86,"Twin-2K-500-Mega-Study/mega_study_evaluation/meta_analysis_results/combined_all_specifications_meta_analysis.csv; row study name='infotainment news sharing', persona specification='GPT5', variable name='Profile1'",True
infotainment / Profile1 / GPT5: std_human,1.6246807421568523,1.6246807421568523,"Twin-2K-500-Mega-Study/mega_study_evaluation/meta_analysis_results/combined_all_specifications_meta_analysis.csv; row study name='infotainment news sharing', persona specification='GPT5', variable name='Profile1'",True
infotainment / Profile1 / GPT5: std_twin,0.7085715056332126,0.7085715056332126,"Twin-2K-500-Mega-Study/mega_study_evaluation/meta_analysis_results/combined_all_specifications_meta_analysis.csv; row study name='infotainment news sharing', persona specification='GPT5', variable name='Profile1'",True
infotainment / Profile1 / GPT5: sample size,300.0,300.0,"Twin-2K-500-Mega-Study/mega_study_evaluation/meta_analysis_results/combined_all_specifications_meta_analysis.csv; row study name='infotainment news sharing', persona specification='GPT5', variable name='Profile1'",True
infotainment / Profile2 / GPT5: correlation,0.23959478821062738,0.239594788210627,"Twin-2K-500-Mega-Study/mega_study_evaluation/meta_analysis_results/combined_all_specifications_meta_analysis.csv; row study name='infotainment news sharing', persona specification='GPT5', variable name='Profile2'",True
infotainment / Profile2 / GPT5: mean_human,3.6166666666666667,3.616666666666666,"Twin-2K-500-Mega-Study/mega_study_evaluation/meta_analysis_results/combined_all_specifications_meta_analysis.csv; row study name='infotainment news sharing', persona specification='GPT5', variable name='Profile2'",True
infotainment / Profile2 / GPT5: mean_twin,5.25,5.25,"Twin-2K-500-Mega-Study/mega_study_evaluation/meta_analysis_results/combined_all_specifications_meta_analysis.csv; row study name='infotainment news sharing', persona specification='GPT5', variable name='Profile2'",True
infotainment / Profile2 / GPT5: std_human,2.0584410332043728,2.0584410332043728,"Twin-2K-500-Mega-Study/mega_study_evaluation/meta_analysis_results/combined_all_specifications_meta_analysis.csv; row study name='infotainment news sharing', persona specification='GPT5', variable name='Profile2'",True
infotainment / Profile2 / GPT5: std_twin,1.246064037393055,1.246064037393055,"Twin-2K-500-Mega-Study/mega_study_evaluation/meta_analysis_results/combined_all_specifications_meta_analysis.csv; row study name='infotainment news sharing', persona specification='GPT5', variable name='Profile2'",True
infotainment / Profile2 / GPT5: sample size,300.0,300.0,"Twin-2K-500-Mega-Study/mega_study_evaluation/meta_analysis_results/combined_all_specifications_meta_analysis.csv; row study name='infotainment news sharing', persona specification='GPT5', variable name='Profile2'",True
infotainment / Profile3 / GPT5: correlation,0.212141096091603,0.2121410960916034,"Twin-2K-500-Mega-Study/mega_study_evaluation/meta_analysis_results/combined_all_specifications_meta_analysis.csv; row study name='infotainment news sharing', persona specification='GPT5', variable name='Profile3'",True
infotainment / Profile3 / GPT5: mean_human,2.37,2.37,"Twin-2K-500-Mega-Study/mega_study_evaluation/meta_analysis_results/combined_all_specifications_meta_analysis.csv; row study name='infotainment news sharing', persona specification='GPT5', variable name='Profile3'",True
infotainment / Profile3 / GPT5: mean_twin,3.9633333333333334,3.963333333333334,"Twin-2K-500-Mega-Study/mega_study_evaluation/meta_analysis_results/combined_all_specifications_meta_analysis.csv; row study name='infotainment news sharing', persona specification='GPT5', variable name='Profile3'",True
infotainment / Profile3 / GPT5: std_human,1.6519270190459932,1.6519270190459932,"Twin-2K-500-Mega-Study/mega_study_evaluation/meta_analysis_results/combined_all_specifications_meta_analysis.csv; row study name='infotainment news sharing', persona specification='GPT5', variable name='Profile3'",True
infotainment / Profile3 / GPT5: std_twin,1.0981843736903263,1.0981843736903265,"Twin-2K-500-Mega-Study/mega_study_evaluation/meta_analysis_results/combined_all_specifications_meta_analysis.csv; row study name='infotainment news sharing', persona specification='GPT5', variable name='Profile3'",True
infotainment / Profile3 / GPT5: sample size,300.0,300.0,"Twin-2K-500-Mega-Study/mega_study_evaluation/meta_analysis_results/combined_all_specifications_meta_analysis.csv; row study name='infotainment news sharing', persona specification='GPT5', variable name='Profile3'",True
infotainment / Profile4 / GPT5: correlation,0.2001999009822398,0.2001999009822403,"Twin-2K-500-Mega-Study/mega_study_evaluation/meta_analysis_results/combined_all_specifications_meta_analysis.csv; row study name='infotainment news sharing', persona specification='GPT5', variable name='Profile4'",True
infotainment / Profile4 / GPT5: mean_human,2.32,2.32,"Twin-2K-500-Mega-Study/mega_study_evaluation/meta_analysis_results/combined_all_specifications_meta_analysis.csv; row study name='infotainment news sharing', persona specification='GPT5', variable name='Profile4'",True
infotainment / Profile4 / GPT5: mean_twin,2.6866666666666665,2.6866666666666665,"Twin-2K-500-Mega-Study/mega_study_evaluation/meta_analysis_results/combined_all_specifications_meta_analysis.csv; row study name='infotainment news sharing', persona specification='GPT5', variable name='Profile4'",True
infotainment / Profile4 / GPT5: std_human,1.7342506791292316,1.7342506791292316,"Twin-2K-500-Mega-Study/mega_study_evaluation/meta_analysis_results/combined_all_specifications_meta_analysis.csv; row study name='infotainment news sharing', persona specification='GPT5', variable name='Profile4'",True
infotainment / Profile4 / GPT5: std_twin,1.002583063000905,1.002583063000905,"Twin-2K-500-Mega-Study/mega_study_evaluation/meta_analysis_results/combined_all_specifications_meta_analysis.csv; row study name='infotainment news sharing', persona specification='GPT5', variable name='Profile4'",True
infotainment / Profile4 / GPT5: sample size,300.0,300.0,"Twin-2K-500-Mega-Study/mega_study_evaluation/meta_analysis_results/combined_all_specifications_meta_analysis.csv; row study name='infotainment news sharing', persona specification='GPT5', variable name='Profile4'",True
infotainment / Profile5 / GPT5: correlation,0.1438739367187556,0.1438739367187556,"Twin-2K-500-Mega-Study/mega_study_evaluation/meta_analysis_results/combined_all_specifications_meta_analysis.csv; row study name='infotainment news sharing', persona specification='GPT5', variable name='Profile5'",True
infotainment / Profile5 / GPT5: mean_human,3.5233333333333334,3.523333333333333,"Twin-2K-500-Mega-Study/mega_study_evaluation/meta_analysis_results/combined_all_specifications_meta_analysis.csv; row study name='infotainment news sharing', persona specification='GPT5', variable name='Profile5'",True
infotainment / Profile5 / GPT5: mean_twin,4.3566666666666665,4.3566666666666665,"Twin-2K-500-Mega-Study/mega_study_evaluation/meta_analysis_results/combined_all_specifications_meta_analysis.csv; row study name='infotainment news sharing', persona specification='GPT5', variable name='Profile5'",True
infotainment / Profile5 / GPT5: std_human,2.019003915695609,2.019003915695609,"Twin-2K-500-Mega-Study/mega_study_evaluation/meta_analysis_results/combined_all_specifications_meta_analysis.csv; row study name='infotainment news sharing', persona specification='GPT5', variable name='Profile5'",True
infotainment / Profile5 / GPT5: std_twin,1.0707991993397163,1.0707991993397163,"Twin-2K-500-Mega-Study/mega_study_evaluation/meta_analysis_results/combined_all_specifications_meta_analysis.csv; row study name='infotainment news sharing', persona specification='GPT5', variable name='Profile5'",True
infotainment / Profile5 / GPT5: sample size,300.0,300.0,"Twin-2K-500-Mega-Study/mega_study_evaluation/meta_analysis_results/combined_all_specifications_meta_analysis.csv; row study name='infotainment news sharing', persona specification='GPT5', variable name='Profile5'",True
infotainment / Profile6 / GPT5: correlation,0.23386036183395417,0.2338603618339548,"Twin-2K-500-Mega-Study/mega_study_evaluation/meta_analysis_results/combined_all_specifications_meta_analysis.csv; row study name='infotainment news sharing', persona specification='GPT5', variable name='Profile6'",True
infotainment / Profile6 / GPT5: mean_human,3.3666666666666667,3.3666666666666667,"Twin-2K-500-Mega-Study/mega_study_evaluation/meta_analysis_results/combined_all_specifications_meta_analysis.csv; row study name='infotainment news sharing', persona specification='GPT5', variable name='Profile6'",True
infotainment / Profile6 / GPT5: mean_twin,3.5633333333333335,3.563333333333333,"Twin-2K-500-Mega-Study/mega_study_evaluation/meta_analysis_results/combined_all_specifications_meta_analysis.csv; row study name='infotainment news sharing', persona specification='GPT5', variable name='Profile6'",True
infotainment / Profile6 / GPT5: std_human,2.1230276439113065,2.1230276439113065,"Twin-2K-500-Mega-Study/mega_study_evaluation/meta_analysis_results/combined_all_specifications_meta_analysis.csv; row study name='infotainment news sharing', persona specification='GPT5', variable name='Profile6'",True
infotainment / Profile6 / GPT5: std_twin,1.3609418667861828,1.3609418667861828,"Twin-2K-500-Mega-Study/mega_study_evaluation/meta_analysis_results/combined_all_specifications_meta_analysis.csv; row study name='infotainment news sharing', persona specification='GPT5', variable name='Profile6'",True
infotainment / Profile6 / GPT5: sample size,300.0,300.0,"Twin-2K-500-Mega-Study/mega_study_evaluation/meta_analysis_results/combined_all_specifications_meta_analysis.csv; row study name='infotainment news sharing', persona specification='GPT5', variable name='Profile6'",True
infotainment / Profile7 / GPT5: correlation,0.16450129705885527,0.1645012970588552,"Twin-2K-500-Mega-Study/mega_study_evaluation/meta_analysis_results/combined_all_specifications_meta_analysis.csv; row study name='infotainment news sharing', persona specification='GPT5', variable name='Profile7'",True
infotainment / Profile7 / GPT5: mean_human,2.5433333333333334,2.543333333333333,"Twin-2K-500-Mega-Study/mega_study_evaluation/meta_analysis_results/combined_all_specifications_meta_analysis.csv; row study name='infotainment news sharing', persona specification='GPT5', variable name='Profile7'",True
infotainment / Profile7 / GPT5: mean_twin,2.32,2.32,"Twin-2K-500-Mega-Study/mega_study_evaluation/meta_analysis_results/combined_all_specifications_meta_analysis.csv; row study name='infotainment news sharing', persona specification='GPT5', variable name='Profile7'",True
infotainment / Profile7 / GPT5: std_human,1.8491945880039864,1.8491945880039864,"Twin-2K-500-Mega-Study/mega_study_evaluation/meta_analysis_results/combined_all_specifications_meta_analysis.csv; row study name='infotainment news sharing', persona specification='GPT5', variable name='Profile7'",True
infotainment / Profile7 / GPT5: std_twin,0.7568637984238304,0.7568637984238304,"Twin-2K-500-Mega-Study/mega_study_evaluation/meta_analysis_results/combined_all_specifications_meta_analysis.csv; row study name='infotainment news sharing', persona specification='GPT5', variable name='Profile7'",True
infotainment / Profile7 / GPT5: sample size,300.0,300.0,"Twin-2K-500-Mega-Study/mega_study_evaluation/meta_analysis_results/combined_all_specifications_meta_analysis.csv; row study name='infotainment news sharing', persona specification='GPT5', variable name='Profile7'",True
infotainment / Profile8 / GPT5: correlation,0.06735167013470617,0.0673516701347065,"Twin-2K-500-Mega-Study/mega_study_evaluation/meta_analysis_results/combined_all_specifications_meta_analysis.csv; row study name='infotainment news sharing', persona specification='GPT5', variable name='Profile8'",True
infotainment / Profile8 / GPT5: mean_human,2.066666666666667,2.066666666666667,"Twin-2K-500-Mega-Study/mega_study_evaluation/meta_analysis_results/combined_all_specifications_meta_analysis.csv; row study name='infotainment news sharing', persona specification='GPT5', variable name='Profile8'",True
infotainment / Profile8 / GPT5: mean_twin,2.8466666666666667,2.8466666666666667,"Twin-2K-500-Mega-Study/mega_study_evaluation/meta_analysis_results/combined_all_specifications_meta_analysis.csv; row study name='infotainment news sharing', persona specification='GPT5', variable name='Profile8'",True
infotainment / Profile8 / GPT5: std_human,1.5176406026741553,1.5176406026741551,"Twin-2K-500-Mega-Study/mega_study_evaluation/meta_analysis_results/combined_all_specifications_meta_analysis.csv; row study name='infotainment news sharing', persona specification='GPT5', variable name='Profile8'",True
infotainment / Profile8 / GPT5: std_twin,1.0164971439710129,1.0164971439710129,"Twin-2K-500-Mega-Study/mega_study_evaluation/meta_analysis_results/combined_all_specifications_meta_analysis.csv; row study name='infotainment news sharing', persona specification='GPT5', variable name='Profile8'",True
infotainment / Profile8 / GPT5: sample size,300.0,300.0,"Twin-2K-500-Mega-Study/mega_study_evaluation/meta_analysis_results/combined_all_specifications_meta_analysis.csv; row study name='infotainment news sharing', persona specification='GPT5', variable name='Profile8'",True
infotainment / Profile9 / GPT5: correlation,0.2767589162252599,0.2767589162252607,"Twin-2K-500-Mega-Study/mega_study_evaluation/meta_analysis_results/combined_all_specifications_meta_analysis.csv; row study name='infotainment news sharing', persona specification='GPT5', variable name='Profile9'",True
infotainment / Profile9 / GPT5: mean_human,2.2866666666666666,2.286666666666666,"Twin-2K-500-Mega-Study/mega_study_evaluation/meta_analysis_results/combined_all_specifications_meta_analysis.csv; row study name='infotainment news sharing', persona specification='GPT5', variable name='Profile9'",True
infotainment / Profile9 / GPT5: mean_twin,3.466666666666667,3.466666666666667,"Twin-2K-500-Mega-Study/mega_study_evaluation/meta_analysis_results/combined_all_specifications_meta_analysis.csv; row study name='infotainment news sharing', persona specification='GPT5', variable name='Profile9'",True
infotainment / Profile9 / GPT5: std_human,1.7129710412563406,1.7129710412563406,"Twin-2K-500-Mega-Study/mega_study_evaluation/meta_analysis_results/combined_all_specifications_meta_analysis.csv; row study name='infotainment news sharing', persona specification='GPT5', variable name='Profile9'",True
infotainment / Profile9 / GPT5: std_twin,0.9514408483181619,0.951440848318162,"Twin-2K-500-Mega-Study/mega_study_evaluation/meta_analysis_results/combined_all_specifications_meta_analysis.csv; row study name='infotainment news sharing', persona specification='GPT5', variable name='Profile9'",True
infotainment / Profile9 / GPT5: sample size,300.0,300.0,"Twin-2K-500-Mega-Study/mega_study_evaluation/meta_analysis_results/combined_all_specifications_meta_analysis.csv; row study name='infotainment news sharing', persona specification='GPT5', variable name='Profile9'",True
infotainment / Profile10 / GPT5: correlation,0.24572771421224096,0.24572771421224,"Twin-2K-500-Mega-Study/mega_study_evaluation/meta_analysis_results/combined_all_specifications_meta_analysis.csv; row study name='infotainment news sharing', persona specification='GPT5', variable name='Profile10'",True
infotainment / Profile10 / GPT5: mean_human,2.3833333333333333,2.3833333333333333,"Twin-2K-500-Mega-Study/mega_study_evaluation/meta_analysis_results/combined_all_specifications_meta_analysis.csv; row study name='infotainment news sharing', persona specification='GPT5', variable name='Profile10'",True
infotainment / Profile10 / GPT5: mean_twin,4.616666666666666,4.616666666666666,"Twin-2K-500-Mega-Study/mega_study_evaluation/meta_analysis_results/combined_all_specifications_meta_analysis.csv; row study name='infotainment news sharing', persona specification='GPT5', variable name='Profile10'",True
infotainment / Profile10 / GPT5: std_human,1.696855902959032,1.696855902959032,"Twin-2K-500-Mega-Study/mega_study_evaluation/meta_analysis_results/combined_all_specifications_meta_analysis.csv; row study name='infotainment news sharing', persona specification='GPT5', variable name='Profile10'",True
infotainment / Profile10 / GPT5: std_twin,1.1637166078417795,1.1637166078417795,"Twin-2K-500-Mega-Study/mega_study_evaluation/meta_analysis_results/combined_all_specifications_meta_analysis.csv; row study name='infotainment news sharing', persona specification='GPT5', variable name='Profile10'",True
infotainment / Profile10 / GPT5: sample size,300.0,300.0,"Twin-2K-500-Mega-Study/mega_study_evaluation/meta_analysis_results/combined_all_specifications_meta_analysis.csv; row study name='infotainment news sharing', persona specification='GPT5', variable name='Profile10'",True
infotainment / Profile11 / GPT5: correlation,0.17391642843312313,0.1739164284331231,"Twin-2K-500-Mega-Study/mega_study_evaluation/meta_analysis_results/combined_all_specifications_meta_analysis.csv; row study name='infotainment news sharing', persona specification='GPT5', variable name='Profile11'",True
infotainment / Profile11 / GPT5: mean_human,3.6733333333333333,3.673333333333334,"Twin-2K-500-Mega-Study/mega_study_evaluation/meta_analysis_results/combined_all_specifications_meta_analysis.csv; row study name='infotainment news sharing', persona specification='GPT5', variable name='Profile11'",True
infotainment / Profile11 / GPT5: mean_twin,5.753333333333333,5.753333333333333,"Twin-2K-500-Mega-Study/mega_study_evaluation/meta_analysis_results/combined_all_specifications_meta_analysis.csv; row study name='infotainment news sharing', persona specification='GPT5', variable name='Profile11'",True
infotainment / Profile11 / GPT5: std_human,2.06741454443726,2.06741454443726,"Twin-2K-500-Mega-Study/mega_study_evaluation/meta_analysis_results/combined_all_specifications_meta_analysis.csv; row study name='infotainment news sharing', persona specification='GPT5', variable name='Profile11'",True
infotainment / Profile11 / GPT5: std_twin,1.0308723887214735,1.0308723887214737,"Twin-2K-500-Mega-Study/mega_study_evaluation/meta_analysis_results/combined_all_specifications_meta_analysis.csv; row study name='infotainment news sharing', persona specification='GPT5', variable name='Profile11'",True
infotainment / Profile11 / GPT5: sample size,300.0,300.0,"Twin-2K-500-Mega-Study/mega_study_evaluation/meta_analysis_results/combined_all_specifications_meta_analysis.csv; row study name='infotainment news sharing', persona specification='GPT5', variable name='Profile11'",True
infotainment / Profile12 / GPT5: correlation,0.1872802126896824,0.1872802126896822,"Twin-2K-500-Mega-Study/mega_study_evaluation/meta_analysis_results/combined_all_specifications_meta_analysis.csv; row study name='infotainment news sharing', persona specification='GPT5', variable name='Profile12'",True
infotainment / Profile12 / GPT5: mean_human,2.73,2.73,"Twin-2K-500-Mega-Study/mega_study_evaluation/meta_analysis_results/combined_all_specifications_meta_analysis.csv; row study name='infotainment news sharing', persona specification='GPT5', variable name='Profile12'",True
infotainment / Profile12 / GPT5: mean_twin,5.003333333333333,5.003333333333333,"Twin-2K-500-Mega-Study/mega_study_evaluation/meta_analysis_results/combined_all_specifications_meta_analysis.csv; row study name='infotainment news sharing', persona specification='GPT5', variable name='Profile12'",True
infotainment / Profile12 / GPT5: std_human,1.8838603360881847,1.8838603360881847,"Twin-2K-500-Mega-Study/mega_study_evaluation/meta_analysis_results/combined_all_specifications_meta_analysis.csv; row study name='infotainment news sharing', persona specification='GPT5', variable name='Profile12'",True
infotainment / Profile12 / GPT5: std_twin,1.2254228219397,1.2254228219397,"Twin-2K-500-Mega-Study/mega_study_evaluation/meta_analysis_results/combined_all_specifications_meta_analysis.csv; row study name='infotainment news sharing', persona specification='GPT5', variable name='Profile12'",True
infotainment / Profile12 / GPT5: sample size,300.0,300.0,"Twin-2K-500-Mega-Study/mega_study_evaluation/meta_analysis_results/combined_all_specifications_meta_analysis.csv; row study name='infotainment news sharing', persona specification='GPT5', variable name='Profile12'",True
infotainment / Profile13 / GPT5: correlation,0.17696506845503826,0.1769650684550391,"Twin-2K-500-Mega-Study/mega_study_evaluation/meta_analysis_results/combined_all_specifications_meta_analysis.csv; row study name='infotainment news sharing', persona specification='GPT5', variable name='Profile13'",True
infotainment / Profile13 / GPT5: mean_human,2.56,2.56,"Twin-2K-500-Mega-Study/mega_study_evaluation/meta_analysis_results/combined_all_specifications_meta_analysis.csv; row study name='infotainment news sharing', persona specification='GPT5', variable name='Profile13'",True
infotainment / Profile13 / GPT5: mean_twin,5.306666666666667,5.306666666666667,"Twin-2K-500-Mega-Study/mega_study_evaluation/meta_analysis_results/combined_all_specifications_meta_analysis.csv; row study name='infotainment news sharing', persona specification='GPT5', variable name='Profile13'",True
infotainment / Profile13 / GPT5: std_human,1.8287192367399492,1.8287192367399487,"Twin-2K-500-Mega-Study/mega_study_evaluation/meta_analysis_results/combined_all_specifications_meta_analysis.csv; row study name='infotainment news sharing', persona specification='GPT5', variable name='Profile13'",True
infotainment / Profile13 / GPT5: std_twin,1.1417680748198449,1.1417680748198449,"Twin-2K-500-Mega-Study/mega_study_evaluation/meta_analysis_results/combined_all_specifications_meta_analysis.csv; row study name='infotainment news sharing', persona specification='GPT5', variable name='Profile13'",True
infotainment / Profile13 / GPT5: sample size,300.0,300.0,"Twin-2K-500-Mega-Study/mega_study_evaluation/meta_analysis_results/combined_all_specifications_meta_analysis.csv; row study name='infotainment news sharing', persona specification='GPT5', variable name='Profile13'",True
infotainment / Profile14 / GPT5: correlation,0.1944242636185334,0.1944242636185333,"Twin-2K-500-Mega-Study/mega_study_evaluation/meta_analysis_results/combined_all_specifications_meta_analysis.csv; row study name='infotainment news sharing', persona specification='GPT5', variable name='Profile14'",True
infotainment / Profile14 / GPT5: mean_human,3.223333333333333,3.223333333333333,"Twin-2K-500-Mega-Study/mega_study_evaluation/meta_analysis_results/combined_all_specifications_meta_analysis.csv; row study name='infotainment news sharing', persona specification='GPT5', variable name='Profile14'",True
infotainment / Profile14 / GPT5: mean_twin,2.67,2.67,"Twin-2K-500-Mega-Study/mega_study_evaluation/meta_analysis_results/combined_all_specifications_meta_analysis.csv; row study name='infotainment news sharing', persona specification='GPT5', variable name='Profile14'",True
infotainment / Profile14 / GPT5: std_human,1.973093819264801,1.973093819264801,"Twin-2K-500-Mega-Study/mega_study_evaluation/meta_analysis_results/combined_all_specifications_meta_analysis.csv; row study name='infotainment news sharing', persona specification='GPT5', variable name='Profile14'",True
infotainment / Profile14 / GPT5: std_twin,0.9076597125829449,0.9076597125829448,"Twin-2K-500-Mega-Study/mega_study_evaluation/meta_analysis_results/combined_all_specifications_meta_analysis.csv; row study name='infotainment news sharing', persona specification='GPT5', variable name='Profile14'",True
infotainment / Profile14 / GPT5: sample size,300.0,300.0,"Twin-2K-500-Mega-Study/mega_study_evaluation/meta_analysis_results/combined_all_specifications_meta_analysis.csv; row study name='infotainment news sharing', persona specification='GPT5', variable name='Profile14'",True
infotainment / Profile15 / GPT5: correlation,0.2098864916289772,0.2098864916289773,"Twin-2K-500-Mega-Study/mega_study_evaluation/meta_analysis_results/combined_all_specifications_meta_analysis.csv; row study name='infotainment news sharing', persona specification='GPT5', variable name='Profile15'",True
infotainment / Profile15 / GPT5: mean_human,2.61,2.61,"Twin-2K-500-Mega-Study/mega_study_evaluation/meta_analysis_results/combined_all_specifications_meta_analysis.csv; row study name='infotainment news sharing', persona specification='GPT5', variable name='Profile15'",True
infotainment / Profile15 / GPT5: mean_twin,4.203333333333333,4.203333333333333,"Twin-2K-500-Mega-Study/mega_study_evaluation/meta_analysis_results/combined_all_specifications_meta_analysis.csv; row study name='infotainment news sharing', persona specification='GPT5', variable name='Profile15'",True
infotainment / Profile15 / GPT5: std_human,1.7535153416813054,1.7535153416813054,"Twin-2K-500-Mega-Study/mega_study_evaluation/meta_analysis_results/combined_all_specifications_meta_analysis.csv; row study name='infotainment news sharing', persona specification='GPT5', variable name='Profile15'",True
infotainment / Profile15 / GPT5: std_twin,1.2248768509072727,1.2248768509072727,"Twin-2K-500-Mega-Study/mega_study_evaluation/meta_analysis_results/combined_all_specifications_meta_analysis.csv; row study name='infotainment news sharing', persona specification='GPT5', variable name='Profile15'",True
infotainment / Profile15 / GPT5: sample size,300.0,300.0,"Twin-2K-500-Mega-Study/mega_study_evaluation/meta_analysis_results/combined_all_specifications_meta_analysis.csv; row study name='infotainment news sharing', persona specification='GPT5', variable name='Profile15'",True
infotainment / Profile16 / GPT5: correlation,0.24488714836683426,0.2448871483668337,"Twin-2K-500-Mega-Study/mega_study_evaluation/meta_analysis_results/combined_all_specifications_meta_analysis.csv; row study name='infotainment news sharing', persona specification='GPT5', variable name='Profile16'",True
infotainment / Profile16 / GPT5: mean_human,2.6266666666666665,2.6266666666666665,"Twin-2K-500-Mega-Study/mega_study_evaluation/meta_analysis_results/combined_all_specifications_meta_analysis.csv; row study name='infotainment news sharing', persona specification='GPT5', variable name='Profile16'",True
infotainment / Profile16 / GPT5: mean_twin,3.236666666666667,3.236666666666667,"Twin-2K-500-Mega-Study/mega_study_evaluation/meta_analysis_results/combined_all_specifications_meta_analysis.csv; row study name='infotainment news sharing', persona specification='GPT5', variable name='Profile16'",True
infotainment / Profile16 / GPT5: std_human,1.8830227839580802,1.88302278395808,"Twin-2K-500-Mega-Study/mega_study_evaluation/meta_analysis_results/combined_all_specifications_meta_analysis.csv; row study name='infotainment news sharing', persona specification='GPT5', variable name='Profile16'",True
infotainment / Profile16 / GPT5: std_twin,1.142368405610033,1.142368405610033,"Twin-2K-500-Mega-Study/mega_study_evaluation/meta_analysis_results/combined_all_specifications_meta_analysis.csv; row study name='infotainment news sharing', persona specification='GPT5', variable name='Profile16'",True
infotainment / Profile16 / GPT5: sample size,300.0,300.0,"Twin-2K-500-Mega-Study/mega_study_evaluation/meta_analysis_results/combined_all_specifications_meta_analysis.csv; row study name='infotainment news sharing', persona specification='GPT5', variable name='Profile16'",True
infotainment / Profile17 / GPT5: correlation,0.15120662804919566,0.1512066280491952,"Twin-2K-500-Mega-Study/mega_study_evaluation/meta_analysis_results/combined_all_specifications_meta_analysis.csv; row study name='infotainment news sharing', persona specification='GPT5', variable name='Profile17'",True
infotainment / Profile17 / GPT5: mean_human,2.1633333333333336,2.1633333333333336,"Twin-2K-500-Mega-Study/mega_study_evaluation/meta_analysis_results/combined_all_specifications_meta_analysis.csv; row study name='infotainment news sharing', persona specification='GPT5', variable name='Profile17'",True
infotainment / Profile17 / GPT5: mean_twin,3.12,3.12,"Twin-2K-500-Mega-Study/mega_study_evaluation/meta_analysis_results/combined_all_specifications_meta_analysis.csv; row study name='infotainment news sharing', persona specification='GPT5', variable name='Profile17'",True
infotainment / Profile17 / GPT5: std_human,1.5974443078276392,1.5974443078276392,"Twin-2K-500-Mega-Study/mega_study_evaluation/meta_analysis_results/combined_all_specifications_meta_analysis.csv; row study name='infotainment news sharing', persona specification='GPT5', variable name='Profile17'",True
infotainment / Profile17 / GPT5: std_twin,0.8878217302753768,0.8878217302753768,"Twin-2K-500-Mega-Study/mega_study_evaluation/meta_analysis_results/combined_all_specifications_meta_analysis.csv; row study name='infotainment news sharing', persona specification='GPT5', variable name='Profile17'",True
infotainment / Profile17 / GPT5: sample size,300.0,300.0,"Twin-2K-500-Mega-Study/mega_study_evaluation/meta_analysis_results/combined_all_specifications_meta_analysis.csv; row study name='infotainment news sharing', persona specification='GPT5', variable name='Profile17'",True
infotainment / Profile18 / GPT5: correlation,0.1800811408279696,0.1800811408279694,"Twin-2K-500-Mega-Study/mega_study_evaluation/meta_analysis_results/combined_all_specifications_meta_analysis.csv; row study name='infotainment news sharing', persona specification='GPT5', variable name='Profile18'",True
infotainment / Profile18 / GPT5: mean_human,2.243333333333333,2.243333333333333,"Twin-2K-500-Mega-Study/mega_study_evaluation/meta_analysis_results/combined_all_specifications_meta_analysis.csv; row study name='infotainment news sharing', persona specification='GPT5', variable name='Profile18'",True
infotainment / Profile18 / GPT5: mean_twin,3.9166666666666665,3.9166666666666665,"Twin-2K-500-Mega-Study/mega_study_evaluation/meta_analysis_results/combined_all_specifications_meta_analysis.csv; row study name='infotainment news sharing', persona specification='GPT5', variable name='Profile18'",True
infotainment / Profile18 / GPT5: std_human,1.5787432733981446,1.5787432733981446,"Twin-2K-500-Mega-Study/mega_study_evaluation/meta_analysis_results/combined_all_specifications_meta_analysis.csv; row study name='infotainment news sharing', persona specification='GPT5', variable name='Profile18'",True
infotainment / Profile18 / GPT5: std_twin,1.2361833953119734,1.2361833953119734,"Twin-2K-500-Mega-Study/mega_study_evaluation/meta_analysis_results/combined_all_specifications_meta_analysis.csv; row study name='infotainment news sharing', persona specification='GPT5', variable name='Profile18'",True
infotainment / Profile18 / GPT5: sample size,300.0,300.0,"Twin-2K-500-Mega-Study/mega_study_evaluation/meta_analysis_results/combined_all_specifications_meta_analysis.csv; row study name='infotainment news sharing', persona specification='GPT5', variable name='Profile18'",True
accuracy_nudges / Fake1_3 / temperature_zero: correlation,0.1695183029041776,0.169518302904177,"Twin-2K-500-Mega-Study/mega_study_evaluation/meta_analysis_results/combined_all_specifications_meta_analysis.csv; row study name='Accuracy Nudge', persona specification='temperature_zero', variable name='Fake1_3'",True
accuracy_nudges / Fake1_3 / temperature_zero: mean_human,2.5862412761714855,2.586241276171485,"Twin-2K-500-Mega-Study/mega_study_evaluation/meta_analysis_results/combined_all_specifications_meta_analysis.csv; row study name='Accuracy Nudge', persona specification='temperature_zero', variable name='Fake1_3'",True
accuracy_nudges / Fake1_3 / temperature_zero: mean_twin,2.8883349950149553,2.8883349950149557,"Twin-2K-500-Mega-Study/mega_study_evaluation/meta_analysis_results/combined_all_specifications_meta_analysis.csv; row study name='Accuracy Nudge', persona specification='temperature_zero', variable name='Fake1_3'",True
accuracy_nudges / Fake1_3 / temperature_zero: std_human,1.5679200817788754,1.5679200817788754,"Twin-2K-500-Mega-Study/mega_study_evaluation/meta_analysis_results/combined_all_specifications_meta_analysis.csv; row study name='Accuracy Nudge', persona specification='temperature_zero', variable name='Fake1_3'",True
accuracy_nudges / Fake1_3 / temperature_zero: std_twin,0.9336755428963904,0.9336755428963904,"Twin-2K-500-Mega-Study/mega_study_evaluation/meta_analysis_results/combined_all_specifications_meta_analysis.csv; row study name='Accuracy Nudge', persona specification='temperature_zero', variable name='Fake1_3'",True
accuracy_nudges / Fake1_3 / temperature_zero: sample size,1003.0,1003.0,"Twin-2K-500-Mega-Study/mega_study_evaluation/meta_analysis_results/combined_all_specifications_meta_analysis.csv; row study name='Accuracy Nudge', persona specification='temperature_zero', variable name='Fake1_3'",True
accuracy_nudges / Fake2_3 / temperature_zero: correlation,0.15860323584977046,0.1586032358497711,"Twin-2K-500-Mega-Study/mega_study_evaluation/meta_analysis_results/combined_all_specifications_meta_analysis.csv; row study name='Accuracy Nudge', persona specification='temperature_zero', variable name='Fake2_3'",True
accuracy_nudges / Fake2_3 / temperature_zero: mean_human,2.7288135593220337,2.7288135593220337,"Twin-2K-500-Mega-Study/mega_study_evaluation/meta_analysis_results/combined_all_specifications_meta_analysis.csv; row study name='Accuracy Nudge', persona specification='temperature_zero', variable name='Fake2_3'",True
accuracy_nudges / Fake2_3 / temperature_zero: mean_twin,2.6231306081754737,2.6231306081754737,"Twin-2K-500-Mega-Study/mega_study_evaluation/meta_analysis_results/combined_all_specifications_meta_analysis.csv; row study name='Accuracy Nudge', persona specification='temperature_zero', variable name='Fake2_3'",True
accuracy_nudges / Fake2_3 / temperature_zero: std_human,1.5984764727913445,1.5984764727913443,"Twin-2K-500-Mega-Study/mega_study_evaluation/meta_analysis_results/combined_all_specifications_meta_analysis.csv; row study name='Accuracy Nudge', persona specification='temperature_zero', variable name='Fake2_3'",True
accuracy_nudges / Fake2_3 / temperature_zero: std_twin,1.0214971644485247,1.021497164448525,"Twin-2K-500-Mega-Study/mega_study_evaluation/meta_analysis_results/combined_all_specifications_meta_analysis.csv; row study name='Accuracy Nudge', persona specification='temperature_zero', variable name='Fake2_3'",True
accuracy_nudges / Fake2_3 / temperature_zero: sample size,1003.0,1003.0,"Twin-2K-500-Mega-Study/mega_study_evaluation/meta_analysis_results/combined_all_specifications_meta_analysis.csv; row study name='Accuracy Nudge', persona specification='temperature_zero', variable name='Fake2_3'",True
accuracy_nudges / Fake3_3 / temperature_zero: correlation,0.2561466881716239,0.2561466881716223,"Twin-2K-500-Mega-Study/mega_study_evaluation/meta_analysis_results/combined_all_specifications_meta_analysis.csv; row study name='Accuracy Nudge', persona specification='temperature_zero', variable name='Fake3_3'",True
accuracy_nudges / Fake3_3 / temperature_zero: mean_human,2.9202392821535392,2.9202392821535392,"Twin-2K-500-Mega-Study/mega_study_evaluation/meta_analysis_results/combined_all_specifications_meta_analysis.csv; row study name='Accuracy Nudge', persona specification='temperature_zero', variable name='Fake3_3'",True
accuracy_nudges / Fake3_3 / temperature_zero: mean_twin,3.26321036889332,3.26321036889332,"Twin-2K-500-Mega-Study/mega_study_evaluation/meta_analysis_results/combined_all_specifications_meta_analysis.csv; row study name='Accuracy Nudge', persona specification='temperature_zero', variable name='Fake3_3'",True
accuracy_nudges / Fake3_3 / temperature_zero: std_human,1.663155725912343,1.663155725912343,"Twin-2K-500-Mega-Study/mega_study_evaluation/meta_analysis_results/combined_all_specifications_meta_analysis.csv; row study name='Accuracy Nudge', persona specification='temperature_zero', variable name='Fake3_3'",True
accuracy_nudges / Fake3_3 / temperature_zero: std_twin,1.141012114449939,1.141012114449939,"Twin-2K-500-Mega-Study/mega_study_evaluation/meta_analysis_results/combined_all_specifications_meta_analysis.csv; row study name='Accuracy Nudge', persona specification='temperature_zero', variable name='Fake3_3'",True
accuracy_nudges / Fake3_3 / temperature_zero: sample size,1003.0,1003.0,"Twin-2K-500-Mega-Study/mega_study_evaluation/meta_analysis_results/combined_all_specifications_meta_analysis.csv; row study name='Accuracy Nudge', persona specification='temperature_zero', variable name='Fake3_3'",True
accuracy_nudges / Fake4_3 / temperature_zero: correlation,0.17795974016728722,0.1779597401672867,"Twin-2K-500-Mega-Study/mega_study_evaluation/meta_analysis_results/combined_all_specifications_meta_analysis.csv; row study name='Accuracy Nudge', persona specification='temperature_zero', variable name='Fake4_3'",True
accuracy_nudges / Fake4_3 / temperature_zero: mean_human,3.1206380857427716,3.120638085742772,"Twin-2K-500-Mega-Study/mega_study_evaluation/meta_analysis_results/combined_all_specifications_meta_analysis.csv; row study name='Accuracy Nudge', persona specification='temperature_zero', variable name='Fake4_3'",True
accuracy_nudges / Fake4_3 / temperature_zero: mean_twin,2.8115653040877366,2.8115653040877366,"Twin-2K-500-Mega-Study/mega_study_evaluation/meta_analysis_results/combined_all_specifications_meta_analysis.csv; row study name='Accuracy Nudge', persona specification='temperature_zero', variable name='Fake4_3'",True
accuracy_nudges / Fake4_3 / temperature_zero: std_human,1.6669868330080715,1.6669868330080715,"Twin-2K-500-Mega-Study/mega_study_evaluation/meta_analysis_results/combined_all_specifications_meta_analysis.csv; row study name='Accuracy Nudge', persona specification='temperature_zero', variable name='Fake4_3'",True
accuracy_nudges / Fake4_3 / temperature_zero: std_twin,1.0388586947690182,1.0388586947690182,"Twin-2K-500-Mega-Study/mega_study_evaluation/meta_analysis_results/combined_all_specifications_meta_analysis.csv; row study name='Accuracy Nudge', persona specification='temperature_zero', variable name='Fake4_3'",True
accuracy_nudges / Fake4_3 / temperature_zero: sample size,1003.0,1003.0,"Twin-2K-500-Mega-Study/mega_study_evaluation/meta_analysis_results/combined_all_specifications_meta_analysis.csv; row study name='Accuracy Nudge', persona specification='temperature_zero', variable name='Fake4_3'",True
accuracy_nudges / Fake5_3 / temperature_zero: correlation,0.19028419800199045,0.1902841980019898,"Twin-2K-500-Mega-Study/mega_study_evaluation/meta_analysis_results/combined_all_specifications_meta_analysis.csv; row study name='Accuracy Nudge', persona specification='temperature_zero', variable name='Fake5_3'",True
accuracy_nudges / Fake5_3 / temperature_zero: mean_human,2.69690927218345,2.69690927218345,"Twin-2K-500-Mega-Study/mega_study_evaluation/meta_analysis_results/combined_all_specifications_meta_analysis.csv; row study name='Accuracy Nudge', persona specification='temperature_zero', variable name='Fake5_3'",True
accuracy_nudges / Fake5_3 / temperature_zero: mean_twin,2.181455633100698,2.181455633100698,"Twin-2K-500-Mega-Study/mega_study_evaluation/meta_analysis_results/combined_all_specifications_meta_analysis.csv; row study name='Accuracy Nudge', persona specification='temperature_zero', variable name='Fake5_3'",True
accuracy_nudges / Fake5_3 / temperature_zero: std_human,1.712890082251636,1.712890082251636,"Twin-2K-500-Mega-Study/mega_study_evaluation/meta_analysis_results/combined_all_specifications_meta_analysis.csv; row study name='Accuracy Nudge', persona specification='temperature_zero', variable name='Fake5_3'",True
accuracy_nudges / Fake5_3 / temperature_zero: std_twin,0.7935462453371546,0.7935462453371546,"Twin-2K-500-Mega-Study/mega_study_evaluation/meta_analysis_results/combined_all_specifications_meta_analysis.csv; row study name='Accuracy Nudge', persona specification='temperature_zero', variable name='Fake5_3'",True
accuracy_nudges / Fake5_3 / temperature_zero: sample size,1003.0,1003.0,"Twin-2K-500-Mega-Study/mega_study_evaluation/meta_analysis_results/combined_all_specifications_meta_analysis.csv; row study name='Accuracy Nudge', persona specification='temperature_zero', variable name='Fake5_3'",True
accuracy_nudges / Fake6_3 / temperature_zero: correlation,0.17928757785555766,0.1792875778555569,"Twin-2K-500-Mega-Study/mega_study_evaluation/meta_analysis_results/combined_all_specifications_meta_analysis.csv; row study name='Accuracy Nudge', persona specification='temperature_zero', variable name='Fake6_3'",True
accuracy_nudges / Fake6_3 / temperature_zero: mean_human,2.823529411764706,2.823529411764706,"Twin-2K-500-Mega-Study/mega_study_evaluation/meta_analysis_results/combined_all_specifications_meta_analysis.csv; row study name='Accuracy Nudge', persona specification='temperature_zero', variable name='Fake6_3'",True
accuracy_nudges / Fake6_3 / temperature_zero: mean_twin,2.8853439680957127,2.8853439680957127,"Twin-2K-500-Mega-Study/mega_study_evaluation/meta_analysis_results/combined_all_specifications_meta_analysis.csv; row study name='Accuracy Nudge', persona specification='temperature_zero', variable name='Fake6_3'",True
accuracy_nudges / Fake6_3 / temperature_zero: std_human,1.6852550361321386,1.6852550361321386,"Twin-2K-500-Mega-Study/mega_study_evaluation/meta_analysis_results/combined_all_specifications_meta_analysis.csv; row study name='Accuracy Nudge', persona specification='temperature_zero', variable name='Fake6_3'",True
accuracy_nudges / Fake6_3 / temperature_zero: std_twin,1.0196740097495325,1.0196740097495325,"Twin-2K-500-Mega-Study/mega_study_evaluation/meta_analysis_results/combined_all_specifications_meta_analysis.csv; row study name='Accuracy Nudge', persona specification='temperature_zero', variable name='Fake6_3'",True
accuracy_nudges / Fake6_3 / temperature_zero: sample size,1003.0,1003.0,"Twin-2K-500-Mega-Study/mega_study_evaluation/meta_analysis_results/combined_all_specifications_meta_analysis.csv; row study name='Accuracy Nudge', persona specification='temperature_zero', variable name='Fake6_3'",True
accuracy_nudges / Fake7_3 / temperature_zero: correlation,0.16728647057315643,0.1672864705731565,"Twin-2K-500-Mega-Study/mega_study_evaluation/meta_analysis_results/combined_all_specifications_meta_analysis.csv; row study name='Accuracy Nudge', persona specification='temperature_zero', variable name='Fake7_3'",True
accuracy_nudges / Fake7_3 / temperature_zero: mean_human,2.5792622133599203,2.5792622133599203,"Twin-2K-500-Mega-Study/mega_study_evaluation/meta_analysis_results/combined_all_specifications_meta_analysis.csv; row study name='Accuracy Nudge', persona specification='temperature_zero', variable name='Fake7_3'",True
accuracy_nudges / Fake7_3 / temperature_zero: mean_twin,3.1076769690927217,3.1076769690927217,"Twin-2K-500-Mega-Study/mega_study_evaluation/meta_analysis_results/combined_all_specifications_meta_analysis.csv; row study name='Accuracy Nudge', persona specification='temperature_zero', variable name='Fake7_3'",True
accuracy_nudges / Fake7_3 / temperature_zero: std_human,1.5771726939763562,1.5771726939763562,"Twin-2K-500-Mega-Study/mega_study_evaluation/meta_analysis_results/combined_all_specifications_meta_analysis.csv; row study name='Accuracy Nudge', persona specification='temperature_zero', variable name='Fake7_3'",True
accuracy_nudges / Fake7_3 / temperature_zero: std_twin,0.8300559628934161,0.8300559628934161,"Twin-2K-500-Mega-Study/mega_study_evaluation/meta_analysis_results/combined_all_specifications_meta_analysis.csv; row study name='Accuracy Nudge', persona specification='temperature_zero', variable name='Fake7_3'",True
accuracy_nudges / Fake7_3 / temperature_zero: sample size,1003.0,1003.0,"Twin-2K-500-Mega-Study/mega_study_evaluation/meta_analysis_results/combined_all_specifications_meta_analysis.csv; row study name='Accuracy Nudge', persona specification='temperature_zero', variable name='Fake7_3'",True
accuracy_nudges / Fake8_3 / temperature_zero: correlation,0.1620238206103688,0.1620238206103695,"Twin-2K-500-Mega-Study/mega_study_evaluation/meta_analysis_results/combined_all_specifications_meta_analysis.csv; row study name='Accuracy Nudge', persona specification='temperature_zero', variable name='Fake8_3'",True
accuracy_nudges / Fake8_3 / temperature_zero: mean_human,2.6719840478564305,2.6719840478564305,"Twin-2K-500-Mega-Study/mega_study_evaluation/meta_analysis_results/combined_all_specifications_meta_analysis.csv; row study name='Accuracy Nudge', persona specification='temperature_zero', variable name='Fake8_3'",True
accuracy_nudges / Fake8_3 / temperature_zero: mean_twin,3.2771684945164505,3.2771684945164505,"Twin-2K-500-Mega-Study/mega_study_evaluation/meta_analysis_results/combined_all_specifications_meta_analysis.csv; row study name='Accuracy Nudge', persona specification='temperature_zero', variable name='Fake8_3'",True
accuracy_nudges / Fake8_3 / temperature_zero: std_human,1.5754740603117956,1.5754740603117956,"Twin-2K-500-Mega-Study/mega_study_evaluation/meta_analysis_results/combined_all_specifications_meta_analysis.csv; row study name='Accuracy Nudge', persona specification='temperature_zero', variable name='Fake8_3'",True
accuracy_nudges / Fake8_3 / temperature_zero: std_twin,0.9312425747668059,0.931242574766806,"Twin-2K-500-Mega-Study/mega_study_evaluation/meta_analysis_results/combined_all_specifications_meta_analysis.csv; row study name='Accuracy Nudge', persona specification='temperature_zero', variable name='Fake8_3'",True
accuracy_nudges / Fake8_3 / temperature_zero: sample size,1003.0,1003.0,"Twin-2K-500-Mega-Study/mega_study_evaluation/meta_analysis_results/combined_all_specifications_meta_analysis.csv; row study name='Accuracy Nudge', persona specification='temperature_zero', variable name='Fake8_3'",True
accuracy_nudges / Real1_3 / temperature_zero: correlation,0.14240401859994642,0.1424040185999448,"Twin-2K-500-Mega-Study/mega_study_evaluation/meta_analysis_results/combined_all_specifications_meta_analysis.csv; row study name='Accuracy Nudge', persona specification='temperature_zero', variable name='Real1_3'",True
accuracy_nudges / Real1_3 / temperature_zero: mean_human,2.25024925224327,2.25024925224327,"Twin-2K-500-Mega-Study/mega_study_evaluation/meta_analysis_results/combined_all_specifications_meta_analysis.csv; row study name='Accuracy Nudge', persona specification='temperature_zero', variable name='Real1_3'",True
accuracy_nudges / Real1_3 / temperature_zero: mean_twin,2.939182452642074,2.939182452642074,"Twin-2K-500-Mega-Study/mega_study_evaluation/meta_analysis_results/combined_all_specifications_meta_analysis.csv; row study name='Accuracy Nudge', persona specification='temperature_zero', variable name='Real1_3'",True
accuracy_nudges / Real1_3 / temperature_zero: std_human,1.465568713632419,1.465568713632419,"Twin-2K-500-Mega-Study/mega_study_evaluation/meta_analysis_results/combined_all_specifications_meta_analysis.csv; row study name='Accuracy Nudge', persona specification='temperature_zero', variable name='Real1_3'",True
accuracy_nudges / Real1_3 / temperature_zero: std_twin,0.7759419808824465,0.7759419808824465,"Twin-2K-500-Mega-Study/mega_study_evaluation/meta_analysis_results/combined_all_specifications_meta_analysis.csv; row study name='Accuracy Nudge', persona specification='temperature_zero', variable name='Real1_3'",True
accuracy_nudges / Real1_3 / temperature_zero: sample size,1003.0,1003.0,"Twin-2K-500-Mega-Study/mega_study_evaluation/meta_analysis_results/combined_all_specifications_meta_analysis.csv; row study name='Accuracy Nudge', persona specification='temperature_zero', variable name='Real1_3'",True
accuracy_nudges / Real2_3 / temperature_zero: correlation,0.07301403712474616,0.0730140371247467,"Twin-2K-500-Mega-Study/mega_study_evaluation/meta_analysis_results/combined_all_specifications_meta_analysis.csv; row study name='Accuracy Nudge', persona specification='temperature_zero', variable name='Real2_3'",True
accuracy_nudges / Real2_3 / temperature_zero: mean_human,2.3609172482552343,2.3609172482552343,"Twin-2K-500-Mega-Study/mega_study_evaluation/meta_analysis_results/combined_all_specifications_meta_analysis.csv; row study name='Accuracy Nudge', persona specification='temperature_zero', variable name='Real2_3'",True
accuracy_nudges / Real2_3 / temperature_zero: mean_twin,3.0997008973080757,3.099700897308076,"Twin-2K-500-Mega-Study/mega_study_evaluation/meta_analysis_results/combined_all_specifications_meta_analysis.csv; row study name='Accuracy Nudge', persona specification='temperature_zero', variable name='Real2_3'",True
accuracy_nudges / Real2_3 / temperature_zero: std_human,1.5634765869866725,1.5634765869866725,"Twin-2K-500-Mega-Study/mega_study_evaluation/meta_analysis_results/combined_all_specifications_meta_analysis.csv; row study name='Accuracy Nudge', persona specification='temperature_zero', variable name='Real2_3'",True
accuracy_nudges / Real2_3 / temperature_zero: std_twin,0.9696131244197854,0.9696131244197854,"Twin-2K-500-Mega-Study/mega_study_evaluation/meta_analysis_results/combined_all_specifications_meta_analysis.csv; row study name='Accuracy Nudge', persona specification='temperature_zero', variable name='Real2_3'",True
accuracy_nudges / Real2_3 / temperature_zero: sample size,1003.0,1003.0,"Twin-2K-500-Mega-Study/mega_study_evaluation/meta_analysis_results/combined_all_specifications_meta_analysis.csv; row study name='Accuracy Nudge', persona specification='temperature_zero', variable name='Real2_3'",True
accuracy_nudges / Real3_3 / temperature_zero: correlation,0.11978745214405769,0.1197874521440574,"Twin-2K-500-Mega-Study/mega_study_evaluation/meta_analysis_results/combined_all_specifications_meta_analysis.csv; row study name='Accuracy Nudge', persona specification='temperature_zero', variable name='Real3_3'",True
accuracy_nudges / Real3_3 / temperature_zero: mean_human,2.1016949152542375,2.101694915254237,"Twin-2K-500-Mega-Study/mega_study_evaluation/meta_analysis_results/combined_all_specifications_meta_analysis.csv; row study name='Accuracy Nudge', persona specification='temperature_zero', variable name='Real3_3'",True
accuracy_nudges / Real3_3 / temperature_zero: mean_twin,1.885343968095713,1.885343968095713,"Twin-2K-500-Mega-Study/mega_study_evaluation/meta_analysis_results/combined_all_specifications_meta_analysis.csv; row study name='Accuracy Nudge', persona specification='temperature_zero', variable name='Real3_3'",True
accuracy_nudges / Real3_3 / temperature_zero: std_human,1.4413438778776828,1.4413438778776828,"Twin-2K-500-Mega-Study/mega_study_evaluation/meta_analysis_results/combined_all_specifications_meta_analysis.csv; row study name='Accuracy Nudge', persona specification='temperature_zero', variable name='Real3_3'",True
accuracy_nudges / Real3_3 / temperature_zero: std_twin,0.703437919448455,0.703437919448455,"Twin-2K-500-Mega-Study/mega_study_evaluation/meta_analysis_results/combined_all_specifications_meta_analysis.csv; row study name='Accuracy Nudge', persona specification='temperature_zero', variable name='Real3_3'",True
accuracy_nudges / Real3_3 / temperature_zero: sample size,1003.0,1003.0,"Twin-2K-500-Mega-Study/mega_study_evaluation/meta_analysis_results/combined_all_specifications_meta_analysis.csv; row study name='Accuracy Nudge', persona specification='temperature_zero', variable name='Real3_3'",True
accuracy_nudges / Real4_3 / temperature_zero: correlation,0.04891716317726726,0.0489171631772673,"Twin-2K-500-Mega-Study/mega_study_evaluation/meta_analysis_results/combined_all_specifications_meta_analysis.csv; row study name='Accuracy Nudge', persona specification='temperature_zero', variable name='Real4_3'",True
accuracy_nudges / Real4_3 / temperature_zero: mean_human,2.614157527417747,2.614157527417747,"Twin-2K-500-Mega-Study/mega_study_evaluation/meta_analysis_results/combined_all_specifications_meta_analysis.csv; row study name='Accuracy Nudge', persona specification='temperature_zero', variable name='Real4_3'",True
accuracy_nudges / Real4_3 / temperature_zero: mean_twin,2.3270189431704886,2.3270189431704886,"Twin-2K-500-Mega-Study/mega_study_evaluation/meta_analysis_results/combined_all_specifications_meta_analysis.csv; row study name='Accuracy Nudge', persona specification='temperature_zero', variable name='Real4_3'",True
accuracy_nudges / Real4_3 / temperature_zero: std_human,1.6804853171950216,1.6804853171950216,"Twin-2K-500-Mega-Study/mega_study_evaluation/meta_analysis_results/combined_all_specifications_meta_analysis.csv; row study name='Accuracy Nudge', persona specification='temperature_zero', variable name='Real4_3'",True
accuracy_nudges / Real4_3 / temperature_zero: std_twin,0.9658530129139576,0.9658530129139576,"Twin-2K-500-Mega-Study/mega_study_evaluation/meta_analysis_results/combined_all_specifications_meta_analysis.csv; row study name='Accuracy Nudge', persona specification='temperature_zero', variable name='Real4_3'",True
accuracy_nudges / Real4_3 / temperature_zero: sample size,1003.0,1003.0,"Twin-2K-500-Mega-Study/mega_study_evaluation/meta_analysis_results/combined_all_specifications_meta_analysis.csv; row study name='Accuracy Nudge', persona specification='temperature_zero', variable name='Real4_3'",True
accuracy_nudges / Real5_3 / temperature_zero: correlation,0.13661222971499912,0.1366122297149992,"Twin-2K-500-Mega-Study/mega_study_evaluation/meta_analysis_results/combined_all_specifications_meta_analysis.csv; row study name='Accuracy Nudge', persona specification='temperature_zero', variable name='Real5_3'",True
accuracy_nudges / Real5_3 / temperature_zero: mean_human,2.604187437686939,2.604187437686939,"Twin-2K-500-Mega-Study/mega_study_evaluation/meta_analysis_results/combined_all_specifications_meta_analysis.csv; row study name='Accuracy Nudge', persona specification='temperature_zero', variable name='Real5_3'",True
accuracy_nudges / Real5_3 / temperature_zero: mean_twin,3.230309072781655,3.230309072781655,"Twin-2K-500-Mega-Study/mega_study_evaluation/meta_analysis_results/combined_all_specifications_meta_analysis.csv; row study name='Accuracy Nudge', persona specification='temperature_zero', variable name='Real5_3'",True
accuracy_nudges / Real5_3 / temperature_zero: std_human,1.6775678659511726,1.6775678659511726,"Twin-2K-500-Mega-Study/mega_study_evaluation/meta_analysis_results/combined_all_specifications_meta_analysis.csv; row study name='Accuracy Nudge', persona specification='temperature_zero', variable name='Real5_3'",True
accuracy_nudges / Real5_3 / temperature_zero: std_twin,1.2604052370029684,1.2604052370029684,"Twin-2K-500-Mega-Study/mega_study_evaluation/meta_analysis_results/combined_all_specifications_meta_analysis.csv; row study name='Accuracy Nudge', persona specification='temperature_zero', variable name='Real5_3'",True
accuracy_nudges / Real5_3 / temperature_zero: sample size,1003.0,1003.0,"Twin-2K-500-Mega-Study/mega_study_evaluation/meta_analysis_results/combined_all_specifications_meta_analysis.csv; row study name='Accuracy Nudge', persona specification='temperature_zero', variable name='Real5_3'",True
accuracy_nudges / Real6_3 / temperature_zero: correlation,0.21172773909373027,0.211727739093728,"Twin-2K-500-Mega-Study/mega_study_evaluation/meta_analysis_results/combined_all_specifications_meta_analysis.csv; row study name='Accuracy Nudge', persona specification='temperature_zero', variable name='Real6_3'",True
accuracy_nudges / Real6_3 / temperature_zero: mean_human,3.2721834496510467,3.2721834496510467,"Twin-2K-500-Mega-Study/mega_study_evaluation/meta_analysis_results/combined_all_specifications_meta_analysis.csv; row study name='Accuracy Nudge', persona specification='temperature_zero', variable name='Real6_3'",True
accuracy_nudges / Real6_3 / temperature_zero: mean_twin,4.216350947158524,4.216350947158524,"Twin-2K-500-Mega-Study/mega_study_evaluation/meta_analysis_results/combined_all_specifications_meta_analysis.csv; row study name='Accuracy Nudge', persona specification='temperature_zero', variable name='Real6_3'",True
accuracy_nudges / Real6_3 / temperature_zero: std_human,1.6670739776480712,1.6670739776480712,"Twin-2K-500-Mega-Study/mega_study_evaluation/meta_analysis_results/combined_all_specifications_meta_analysis.csv; row study name='Accuracy Nudge', persona specification='temperature_zero', variable name='Real6_3'",True
accuracy_nudges / Real6_3 / temperature_zero: std_twin,1.0148851465782274,1.0148851465782274,"Twin-2K-500-Mega-Study/mega_study_evaluation/meta_analysis_results/combined_all_specifications_meta_analysis.csv; row study name='Accuracy Nudge', persona specification='temperature_zero', variable name='Real6_3'",True
accuracy_nudges / Real6_3 / temperature_zero: sample size,1003.0,1003.0,"Twin-2K-500-Mega-Study/mega_study_evaluation/meta_analysis_results/combined_all_specifications_meta_analysis.csv; row study name='Accuracy Nudge', persona specification='temperature_zero', variable name='Real6_3'",True
accuracy_nudges / Real7_3 / temperature_zero: correlation,0.1591247204616534,0.1591247204616545,"Twin-2K-500-Mega-Study/mega_study_evaluation/meta_analysis_results/combined_all_specifications_meta_analysis.csv; row study name='Accuracy Nudge', persona specification='temperature_zero', variable name='Real7_3'",True
accuracy_nudges / Real7_3 / temperature_zero: mean_human,3.5373878364905282,3.537387836490528,"Twin-2K-500-Mega-Study/mega_study_evaluation/meta_analysis_results/combined_all_specifications_meta_analysis.csv; row study name='Accuracy Nudge', persona specification='temperature_zero', variable name='Real7_3'",True
accuracy_nudges / Real7_3 / temperature_zero: mean_twin,3.9770687936191425,3.9770687936191433,"Twin-2K-500-Mega-Study/mega_study_evaluation/meta_analysis_results/combined_all_specifications_meta_analysis.csv; row study name='Accuracy Nudge', persona specification='temperature_zero', variable name='Real7_3'",True
accuracy_nudges / Real7_3 / temperature_zero: std_human,1.785768746534502,1.785768746534502,"Twin-2K-500-Mega-Study/mega_study_evaluation/meta_analysis_results/combined_all_specifications_meta_analysis.csv; row study name='Accuracy Nudge', persona specification='temperature_zero', variable name='Real7_3'",True
accuracy_nudges / Real7_3 / temperature_zero: std_twin,1.0724608327476044,1.0724608327476044,"Twin-2K-500-Mega-Study/mega_study_evaluation/meta_analysis_results/combined_all_specifications_meta_analysis.csv; row study name='Accuracy Nudge', persona specification='temperature_zero', variable name='Real7_3'",True
accuracy_nudges / Real7_3 / temperature_zero: sample size,1003.0,1003.0,"Twin-2K-500-Mega-Study/mega_study_evaluation/meta_analysis_results/combined_all_specifications_meta_analysis.csv; row study name='Accuracy Nudge', persona specification='temperature_zero', variable name='Real7_3'",True
accuracy_nudges / Real8_3 / temperature_zero: correlation,0.21049897882507054,0.2104989788250691,"Twin-2K-500-Mega-Study/mega_study_evaluation/meta_analysis_results/combined_all_specifications_meta_analysis.csv; row study name='Accuracy Nudge', persona specification='temperature_zero', variable name='Real8_3'",True
accuracy_nudges / Real8_3 / temperature_zero: mean_human,3.0638085742771684,3.0638085742771684,"Twin-2K-500-Mega-Study/mega_study_evaluation/meta_analysis_results/combined_all_specifications_meta_analysis.csv; row study name='Accuracy Nudge', persona specification='temperature_zero', variable name='Real8_3'",True
accuracy_nudges / Real8_3 / temperature_zero: mean_twin,3.3509471585244266,3.3509471585244266,"Twin-2K-500-Mega-Study/mega_study_evaluation/meta_analysis_results/combined_all_specifications_meta_analysis.csv; row study name='Accuracy Nudge', persona specification='temperature_zero', variable name='Real8_3'",True
accuracy_nudges / Real8_3 / temperature_zero: std_human,1.7117406751515618,1.7117406751515618,"Twin-2K-500-Mega-Study/mega_study_evaluation/meta_analysis_results/combined_all_specifications_meta_analysis.csv; row study name='Accuracy Nudge', persona specification='temperature_zero', variable name='Real8_3'",True
accuracy_nudges / Real8_3 / temperature_zero: std_twin,1.0872453243903073,1.0872453243903073,"Twin-2K-500-Mega-Study/mega_study_evaluation/meta_analysis_results/combined_all_specifications_meta_analysis.csv; row study name='Accuracy Nudge', persona specification='temperature_zero', variable name='Real8_3'",True
accuracy_nudges / Real8_3 / temperature_zero: sample size,1003.0,1003.0,"Twin-2K-500-Mega-Study/mega_study_evaluation/meta_analysis_results/combined_all_specifications_meta_analysis.csv; row study name='Accuracy Nudge', persona specification='temperature_zero', variable name='Real8_3'",True
consumer_minimalism / Q33 / temperature_zero: correlation,-0.2174960994680528,-0.2174960994680527,"Twin-2K-500-Mega-Study/mega_study_evaluation/meta_analysis_results/combined_all_specifications_meta_analysis.csv; row study name='Consumer Minimalism', persona specification='temperature_zero', variable name='Q33'",True
consumer_minimalism / Q33 / temperature_zero: mean_human,4.53,4.53,"Twin-2K-500-Mega-Study/mega_study_evaluation/meta_analysis_results/combined_all_specifications_meta_analysis.csv; row study name='Consumer Minimalism', persona specification='temperature_zero', variable name='Q33'",True
consumer_minimalism / Q33 / temperature_zero: mean_twin,3.4,3.4,"Twin-2K-500-Mega-Study/mega_study_evaluation/meta_analysis_results/combined_all_specifications_meta_analysis.csv; row study name='Consumer Minimalism', persona specification='temperature_zero', variable name='Q33'",True
consumer_minimalism / Q33 / temperature_zero: std_human,2.166232400752595,2.166232400752595,"Twin-2K-500-Mega-Study/mega_study_evaluation/meta_analysis_results/combined_all_specifications_meta_analysis.csv; row study name='Consumer Minimalism', persona specification='temperature_zero', variable name='Q33'",True
consumer_minimalism / Q33 / temperature_zero: std_twin,2.052085591875229,2.052085591875229,"Twin-2K-500-Mega-Study/mega_study_evaluation/meta_analysis_results/combined_all_specifications_meta_analysis.csv; row study name='Consumer Minimalism', persona specification='temperature_zero', variable name='Q33'",True
consumer_minimalism / Q33 / temperature_zero: sample size,200.0,200.0,"Twin-2K-500-Mega-Study/mega_study_evaluation/meta_analysis_results/combined_all_specifications_meta_analysis.csv; row study name='Consumer Minimalism', persona specification='temperature_zero', variable name='Q33'",True
consumer_minimalism / Q35 / temperature_zero: correlation,0.175043728031589,0.1750437280315889,"Twin-2K-500-Mega-Study/mega_study_evaluation/meta_analysis_results/combined_all_specifications_meta_analysis.csv; row study name='Consumer Minimalism', persona specification='temperature_zero', variable name='Q35'",True
consumer_minimalism / Q35 / temperature_zero: mean_human,4.885,4.885,"Twin-2K-500-Mega-Study/mega_study_evaluation/meta_analysis_results/combined_all_specifications_meta_analysis.csv; row study name='Consumer Minimalism', persona specification='temperature_zero', variable name='Q35'",True
consumer_minimalism / Q35 / temperature_zero: mean_twin,4.605,4.605,"Twin-2K-500-Mega-Study/mega_study_evaluation/meta_analysis_results/combined_all_specifications_meta_analysis.csv; row study name='Consumer Minimalism', persona specification='temperature_zero', variable name='Q35'",True
consumer_minimalism / Q35 / temperature_zero: std_human,2.1876250861580324,2.1876250861580324,"Twin-2K-500-Mega-Study/mega_study_evaluation/meta_analysis_results/combined_all_specifications_meta_analysis.csv; row study name='Consumer Minimalism', persona specification='temperature_zero', variable name='Q35'",True
consumer_minimalism / Q35 / temperature_zero: std_twin,2.059168735047467,2.059168735047467,"Twin-2K-500-Mega-Study/mega_study_evaluation/meta_analysis_results/combined_all_specifications_meta_analysis.csv; row study name='Consumer Minimalism', persona specification='temperature_zero', variable name='Q35'",True
consumer_minimalism / Q35 / temperature_zero: sample size,200.0,200.0,"Twin-2K-500-Mega-Study/mega_study_evaluation/meta_analysis_results/combined_all_specifications_meta_analysis.csv; row study name='Consumer Minimalism', persona specification='temperature_zero', variable name='Q35'",True
consumer_minimalism / Q38 / temperature_zero: correlation,0.3067608758822728,0.3067608758822727,"Twin-2K-500-Mega-Study/mega_study_evaluation/meta_analysis_results/combined_all_specifications_meta_analysis.csv; row study name='Consumer Minimalism', persona specification='temperature_zero', variable name='Q38'",True
consumer_minimalism / Q38 / temperature_zero: mean_human,4.36,4.36,"Twin-2K-500-Mega-Study/mega_study_evaluation/meta_analysis_results/combined_all_specifications_meta_analysis.csv; row study name='Consumer Minimalism', persona specification='temperature_zero', variable name='Q38'",True
consumer_minimalism / Q38 / temperature_zero: mean_twin,5.28,5.28,"Twin-2K-500-Mega-Study/mega_study_evaluation/meta_analysis_results/combined_all_specifications_meta_analysis.csv; row study name='Consumer Minimalism', persona specification='temperature_zero', variable name='Q38'",True
consumer_minimalism / Q38 / temperature_zero: std_human,2.1642132740276288,2.1642132740276288,"Twin-2K-500-Mega-Study/mega_study_evaluation/meta_analysis_results/combined_all_specifications_meta_analysis.csv; row study name='Consumer Minimalism', persona specification='temperature_zero', variable name='Q38'",True
consumer_minimalism / Q38 / temperature_zero: std_twin,2.050027576723453,2.050027576723453,"Twin-2K-500-Mega-Study/mega_study_evaluation/meta_analysis_results/combined_all_specifications_meta_analysis.csv; row study name='Consumer Minimalism', persona specification='temperature_zero', variable name='Q38'",True
consumer_minimalism / Q38 / temperature_zero: sample size,200.0,200.0,"Twin-2K-500-Mega-Study/mega_study_evaluation/meta_analysis_results/combined_all_specifications_meta_analysis.csv; row study name='Consumer Minimalism', persona specification='temperature_zero', variable name='Q38'",True
consumer_minimalism / Q26 / temperature_zero: correlation,0.3137062314967392,0.3137062314967387,"Twin-2K-500-Mega-Study/mega_study_evaluation/meta_analysis_results/combined_all_specifications_meta_analysis.csv; row study name='Consumer Minimalism', persona specification='temperature_zero', variable name='Q26'",True
consumer_minimalism / Q26 / temperature_zero: mean_human,4.295,4.295,"Twin-2K-500-Mega-Study/mega_study_evaluation/meta_analysis_results/combined_all_specifications_meta_analysis.csv; row study name='Consumer Minimalism', persona specification='temperature_zero', variable name='Q26'",True
consumer_minimalism / Q26 / temperature_zero: mean_twin,5.115,5.115,"Twin-2K-500-Mega-Study/mega_study_evaluation/meta_analysis_results/combined_all_specifications_meta_analysis.csv; row study name='Consumer Minimalism', persona specification='temperature_zero', variable name='Q26'",True
consumer_minimalism / Q26 / temperature_zero: std_human,2.1590000942647443,2.1590000942647443,"Twin-2K-500-Mega-Study/mega_study_evaluation/meta_analysis_results/combined_all_specifications_meta_analysis.csv; row study name='Consumer Minimalism', persona specification='temperature_zero', variable name='Q26'",True
consumer_minimalism / Q26 / temperature_zero: std_twin,1.9751661720055798,1.97516617200558,"Twin-2K-500-Mega-Study/mega_study_evaluation/meta_analysis_results/combined_all_specifications_meta_analysis.csv; row study name='Consumer Minimalism', persona specification='temperature_zero', variable name='Q26'",True
consumer_minimalism / Q26 / temperature_zero: sample size,200.0,200.0,"Twin-2K-500-Mega-Study/mega_study_evaluation/meta_analysis_results/combined_all_specifications_meta_analysis.csv; row study name='Consumer Minimalism', persona specification='temperature_zero', variable name='Q26'",True
promiscuous_donors / rating_1_1 / temperature_zero: correlation,0.43623671465384756,0.4362367146538459,"Twin-2K-500-Mega-Study/mega_study_evaluation/meta_analysis_results/combined_all_specifications_meta_analysis.csv; row study name='Promiscuous donors', persona specification='temperature_zero', variable name='rating_1_1'",True
promiscuous_donors / rating_1_1 / temperature_zero: mean_human,6.251564455569461,6.251564455569461,"Twin-2K-500-Mega-Study/mega_study_evaluation/meta_analysis_results/combined_all_specifications_meta_analysis.csv; row study name='Promiscuous donors', persona specification='temperature_zero', variable name='rating_1_1'",True
promiscuous_donors / rating_1_1 / temperature_zero: mean_twin,6.683354192740926,6.683354192740926,"Twin-2K-500-Mega-Study/mega_study_evaluation/meta_analysis_results/combined_all_specifications_meta_analysis.csv; row study name='Promiscuous donors', persona specification='temperature_zero', variable name='rating_1_1'",True
promiscuous_donors / rating_1_1 / temperature_zero: std_human,2.056969186966225,2.056969186966225,"Twin-2K-500-Mega-Study/mega_study_evaluation/meta_analysis_results/combined_all_specifications_meta_analysis.csv; row study name='Promiscuous donors', persona specification='temperature_zero', variable name='rating_1_1'",True
promiscuous_donors / rating_1_1 / temperature_zero: std_twin,1.3750774007667956,1.3750774007667956,"Twin-2K-500-Mega-Study/mega_study_evaluation/meta_analysis_results/combined_all_specifications_meta_analysis.csv; row study name='Promiscuous donors', persona specification='temperature_zero', variable name='rating_1_1'",True
promiscuous_donors / rating_1_1 / temperature_zero: sample size,799.0,799.0,"Twin-2K-500-Mega-Study/mega_study_evaluation/meta_analysis_results/combined_all_specifications_meta_analysis.csv; row study name='Promiscuous donors', persona specification='temperature_zero', variable name='rating_1_1'",True
promiscuous_donors / rating_2_1 / temperature_zero: correlation,0.4695591676702764,0.4695591676702753,"Twin-2K-500-Mega-Study/mega_study_evaluation/meta_analysis_results/combined_all_specifications_meta_analysis.csv; row study name='Promiscuous donors', persona specification='temperature_zero', variable name='rating_2_1'",True
promiscuous_donors / rating_2_1 / temperature_zero: mean_human,6.075093867334168,6.075093867334168,"Twin-2K-500-Mega-Study/mega_study_evaluation/meta_analysis_results/combined_all_specifications_meta_analysis.csv; row study name='Promiscuous donors', persona specification='temperature_zero', variable name='rating_2_1'",True
promiscuous_donors / rating_2_1 / temperature_zero: mean_twin,6.717146433041302,6.717146433041302,"Twin-2K-500-Mega-Study/mega_study_evaluation/meta_analysis_results/combined_all_specifications_meta_analysis.csv; row study name='Promiscuous donors', persona specification='temperature_zero', variable name='rating_2_1'",True
promiscuous_donors / rating_2_1 / temperature_zero: std_human,2.188914417185914,2.188914417185914,"Twin-2K-500-Mega-Study/mega_study_evaluation/meta_analysis_results/combined_all_specifications_meta_analysis.csv; row study name='Promiscuous donors', persona specification='temperature_zero', variable name='rating_2_1'",True
promiscuous_donors / rating_2_1 / temperature_zero: std_twin,1.4142468322717376,1.4142468322717376,"Twin-2K-500-Mega-Study/mega_study_evaluation/meta_analysis_results/combined_all_specifications_meta_analysis.csv; row study name='Promiscuous donors', persona specification='temperature_zero', variable name='rating_2_1'",True
promiscuous_donors / rating_2_1 / temperature_zero: sample size,799.0,799.0,"Twin-2K-500-Mega-Study/mega_study_evaluation/meta_analysis_results/combined_all_specifications_meta_analysis.csv; row study name='Promiscuous donors', persona specification='temperature_zero', variable name='rating_2_1'",True
promiscuous_donors / rating_3_1 / temperature_zero: correlation,0.4331186477053696,0.4331186477053694,"Twin-2K-500-Mega-Study/mega_study_evaluation/meta_analysis_results/combined_all_specifications_meta_analysis.csv; row study name='Promiscuous donors', persona specification='temperature_zero', variable name='rating_3_1'",True
promiscuous_donors / rating_3_1 / temperature_zero: mean_human,6.1439299123904885,6.1439299123904885,"Twin-2K-500-Mega-Study/mega_study_evaluation/meta_analysis_results/combined_all_specifications_meta_analysis.csv; row study name='Promiscuous donors', persona specification='temperature_zero', variable name='rating_3_1'",True
promiscuous_donors / rating_3_1 / temperature_zero: mean_twin,6.843554443053817,6.843554443053817,"Twin-2K-500-Mega-Study/mega_study_evaluation/meta_analysis_results/combined_all_specifications_meta_analysis.csv; row study name='Promiscuous donors', persona specification='temperature_zero', variable name='rating_3_1'",True
promiscuous_donors / rating_3_1 / temperature_zero: std_human,2.177708914290963,2.177708914290963,"Twin-2K-500-Mega-Study/mega_study_evaluation/meta_analysis_results/combined_all_specifications_meta_analysis.csv; row study name='Promiscuous donors', persona specification='temperature_zero', variable name='rating_3_1'",True
promiscuous_donors / rating_3_1 / temperature_zero: std_twin,1.3671056383077684,1.3671056383077684,"Twin-2K-500-Mega-Study/mega_study_evaluation/meta_analysis_results/combined_all_specifications_meta_analysis.csv; row study name='Promiscuous donors', persona specification='temperature_zero', variable name='rating_3_1'",True
promiscuous_donors / rating_3_1 / temperature_zero: sample size,799.0,799.0,"Twin-2K-500-Mega-Study/mega_study_evaluation/meta_analysis_results/combined_all_specifications_meta_analysis.csv; row study name='Promiscuous donors', persona specification='temperature_zero', variable name='rating_3_1'",True
promiscuous_donors / rating_4_1 / temperature_zero: correlation,0.41848942041783516,0.4184894204178365,"Twin-2K-500-Mega-Study/mega_study_evaluation/meta_analysis_results/combined_all_specifications_meta_analysis.csv; row study name='Promiscuous donors', persona specification='temperature_zero', variable name='rating_4_1'",True
promiscuous_donors / rating_4_1 / temperature_zero: mean_human,6.230287859824781,6.230287859824781,"Twin-2K-500-Mega-Study/mega_study_evaluation/meta_analysis_results/combined_all_specifications_meta_analysis.csv; row study name='Promiscuous donors', persona specification='temperature_zero', variable name='rating_4_1'",True
promiscuous_donors / rating_4_1 / temperature_zero: mean_twin,6.8936170212765955,6.893617021276596,"Twin-2K-500-Mega-Study/mega_study_evaluation/meta_analysis_results/combined_all_specifications_meta_analysis.csv; row study name='Promiscuous donors', persona specification='temperature_zero', variable name='rating_4_1'",True
promiscuous_donors / rating_4_1 / temperature_zero: std_human,2.117958489358778,2.117958489358778,"Twin-2K-500-Mega-Study/mega_study_evaluation/meta_analysis_results/combined_all_specifications_meta_analysis.csv; row study name='Promiscuous donors', persona specification='temperature_zero', variable name='rating_4_1'",True
promiscuous_donors / rating_4_1 / temperature_zero: std_twin,1.3609103574494432,1.3609103574494432,"Twin-2K-500-Mega-Study/mega_study_evaluation/meta_analysis_results/combined_all_specifications_meta_analysis.csv; row study name='Promiscuous donors', persona specification='temperature_zero', variable name='rating_4_1'",True
promiscuous_donors / rating_4_1 / temperature_zero: sample size,799.0,799.0,"Twin-2K-500-Mega-Study/mega_study_evaluation/meta_analysis_results/combined_all_specifications_meta_analysis.csv; row study name='Promiscuous donors', persona specification='temperature_zero', variable name='rating_4_1'",True
promiscuous_donors / rating_5_1 / temperature_zero: correlation,0.33579280041388243,0.3357928004138815,"Twin-2K-500-Mega-Study/mega_study_evaluation/meta_analysis_results/combined_all_specifications_meta_analysis.csv; row study name='Promiscuous donors', persona specification='temperature_zero', variable name='rating_5_1'",True
promiscuous_donors / rating_5_1 / temperature_zero: mean_human,6.088861076345432,6.088861076345432,"Twin-2K-500-Mega-Study/mega_study_evaluation/meta_analysis_results/combined_all_specifications_meta_analysis.csv; row study name='Promiscuous donors', persona specification='temperature_zero', variable name='rating_5_1'",True
promiscuous_donors / rating_5_1 / temperature_zero: mean_twin,6.81476846057572,6.81476846057572,"Twin-2K-500-Mega-Study/mega_study_evaluation/meta_analysis_results/combined_all_specifications_meta_analysis.csv; row study name='Promiscuous donors', persona specification='temperature_zero', variable name='rating_5_1'",True
promiscuous_donors / rating_5_1 / temperature_zero: std_human,2.189256881617279,2.189256881617279,"Twin-2K-500-Mega-Study/mega_study_evaluation/meta_analysis_results/combined_all_specifications_meta_analysis.csv; row study name='Promiscuous donors', persona specification='temperature_zero', variable name='rating_5_1'",True
promiscuous_donors / rating_5_1 / temperature_zero: std_twin,1.3639586221781228,1.3639586221781228,"Twin-2K-500-Mega-Study/mega_study_evaluation/meta_analysis_results/combined_all_specifications_meta_analysis.csv; row study name='Promiscuous donors', persona specification='temperature_zero', variable name='rating_5_1'",True
promiscuous_donors / rating_5_1 / temperature_zero: sample size,799.0,799.0,"Twin-2K-500-Mega-Study/mega_study_evaluation/meta_analysis_results/combined_all_specifications_meta_analysis.csv; row study name='Promiscuous donors', persona specification='temperature_zero', variable name='rating_5_1'",True
promiscuous_donors / rating_6_1 / temperature_zero: correlation,0.42708621629314947,0.4270862162931504,"Twin-2K-500-Mega-Study/mega_study_evaluation/meta_analysis_results/combined_all_specifications_meta_analysis.csv; row study name='Promiscuous donors', persona specification='temperature_zero', variable name='rating_6_1'",True
promiscuous_donors / rating_6_1 / temperature_zero: mean_human,6.230287859824781,6.230287859824781,"Twin-2K-500-Mega-Study/mega_study_evaluation/meta_analysis_results/combined_all_specifications_meta_analysis.csv; row study name='Promiscuous donors', persona specification='temperature_zero', variable name='rating_6_1'",True
promiscuous_donors / rating_6_1 / temperature_zero: mean_twin,6.779724655819774,6.779724655819774,"Twin-2K-500-Mega-Study/mega_study_evaluation/meta_analysis_results/combined_all_specifications_meta_analysis.csv; row study name='Promiscuous donors', persona specification='temperature_zero', variable name='rating_6_1'",True
promiscuous_donors / rating_6_1 / temperature_zero: std_human,2.242119877728567,2.242119877728567,"Twin-2K-500-Mega-Study/mega_study_evaluation/meta_analysis_results/combined_all_specifications_meta_analysis.csv; row study name='Promiscuous donors', persona specification='temperature_zero', variable name='rating_6_1'",True
promiscuous_donors / rating_6_1 / temperature_zero: std_twin,1.4297376678178741,1.429737667817874,"Twin-2K-500-Mega-Study/mega_study_evaluation/meta_analysis_results/combined_all_specifications_meta_analysis.csv; row study name='Promiscuous donors', persona specification='temperature_zero', variable name='rating_6_1'",True
promiscuous_donors / rating_6_1 / temperature_zero: sample size,799.0,799.0,"Twin-2K-500-Mega-Study/mega_study_evaluation/meta_analysis_results/combined_all_specifications_meta_analysis.csv; row study name='Promiscuous donors', persona specification='temperature_zero', variable name='rating_6_1'",True
promiscuous_donors / rating_7_1 / temperature_zero: correlation,0.40123158054485997,0.40123158054486,"Twin-2K-500-Mega-Study/mega_study_evaluation/meta_analysis_results/combined_all_specifications_meta_analysis.csv; row study name='Promiscuous donors', persona specification='temperature_zero', variable name='rating_7_1'",True
promiscuous_donors / rating_7_1 / temperature_zero: mean_human,6.097622027534418,6.097622027534418,"Twin-2K-500-Mega-Study/mega_study_evaluation/meta_analysis_results/combined_all_specifications_meta_analysis.csv; row study name='Promiscuous donors', persona specification='temperature_zero', variable name='rating_7_1'",True
promiscuous_donors / rating_7_1 / temperature_zero: mean_twin,6.816020025031289,6.816020025031289,"Twin-2K-500-Mega-Study/mega_study_evaluation/meta_analysis_results/combined_all_specifications_meta_analysis.csv; row study name='Promiscuous donors', persona specification='temperature_zero', variable name='rating_7_1'",True
promiscuous_donors / rating_7_1 / temperature_zero: std_human,2.2849583012412773,2.2849583012412773,"Twin-2K-500-Mega-Study/mega_study_evaluation/meta_analysis_results/combined_all_specifications_meta_analysis.csv; row study name='Promiscuous donors', persona specification='temperature_zero', variable name='rating_7_1'",True
promiscuous_donors / rating_7_1 / temperature_zero: std_twin,1.437047823043403,1.437047823043403,"Twin-2K-500-Mega-Study/mega_study_evaluation/meta_analysis_results/combined_all_specifications_meta_analysis.csv; row study name='Promiscuous donors', persona specification='temperature_zero', variable name='rating_7_1'",True
promiscuous_donors / rating_7_1 / temperature_zero: sample size,799.0,799.0,"Twin-2K-500-Mega-Study/mega_study_evaluation/meta_analysis_results/combined_all_specifications_meta_analysis.csv; row study name='Promiscuous donors', persona specification='temperature_zero', variable name='rating_7_1'",True
promiscuous_donors / rating_8_1 / temperature_zero: correlation,0.3494937776555719,0.349493777655572,"Twin-2K-500-Mega-Study/mega_study_evaluation/meta_analysis_results/combined_all_specifications_meta_analysis.csv; row study name='Promiscuous donors', persona specification='temperature_zero', variable name='rating_8_1'",True
promiscuous_donors / rating_8_1 / temperature_zero: mean_human,6.067584480600751,6.067584480600751,"Twin-2K-500-Mega-Study/mega_study_evaluation/meta_analysis_results/combined_all_specifications_meta_analysis.csv; row study name='Promiscuous donors', persona specification='temperature_zero', variable name='rating_8_1'",True
promiscuous_donors / rating_8_1 / temperature_zero: mean_twin,6.812265331664581,6.812265331664581,"Twin-2K-500-Mega-Study/mega_study_evaluation/meta_analysis_results/combined_all_specifications_meta_analysis.csv; row study name='Promiscuous donors', persona specification='temperature_zero', variable name='rating_8_1'",True
promiscuous_donors / rating_8_1 / temperature_zero: std_human,2.2011475812051,2.2011475812051,"Twin-2K-500-Mega-Study/mega_study_evaluation/meta_analysis_results/combined_all_specifications_meta_analysis.csv; row study name='Promiscuous donors', persona specification='temperature_zero', variable name='rating_8_1'",True
promiscuous_donors / rating_8_1 / temperature_zero: std_twin,1.518408264872855,1.518408264872855,"Twin-2K-500-Mega-Study/mega_study_evaluation/meta_analysis_results/combined_all_specifications_meta_analysis.csv; row study name='Promiscuous donors', persona specification='temperature_zero', variable name='rating_8_1'",True
promiscuous_donors / rating_8_1 / temperature_zero: sample size,799.0,799.0,"Twin-2K-500-Mega-Study/mega_study_evaluation/meta_analysis_results/combined_all_specifications_meta_analysis.csv; row study name='Promiscuous donors', persona specification='temperature_zero', variable name='rating_8_1'",True
promiscuous_donors / rating_9_1 / temperature_zero: correlation,0.3515845191265128,0.3515845191265121,"Twin-2K-500-Mega-Study/mega_study_evaluation/meta_analysis_results/combined_all_specifications_meta_analysis.csv; row study name='Promiscuous donors', persona specification='temperature_zero', variable name='rating_9_1'",True
promiscuous_donors / rating_9_1 / temperature_zero: mean_human,6.0,6.0,"Twin-2K-500-Mega-Study/mega_study_evaluation/meta_analysis_results/combined_all_specifications_meta_analysis.csv; row study name='Promiscuous donors', persona specification='temperature_zero', variable name='rating_9_1'",True
promiscuous_donors / rating_9_1 / temperature_zero: mean_twin,6.700876095118899,6.700876095118899,"Twin-2K-500-Mega-Study/mega_study_evaluation/meta_analysis_results/combined_all_specifications_meta_analysis.csv; row study name='Promiscuous donors', persona specification='temperature_zero', variable name='rating_9_1'",True
promiscuous_donors / rating_9_1 / temperature_zero: std_human,2.2782616597915593,2.2782616597915597,"Twin-2K-500-Mega-Study/mega_study_evaluation/meta_analysis_results/combined_all_specifications_meta_analysis.csv; row study name='Promiscuous donors', persona specification='temperature_zero', variable name='rating_9_1'",True
promiscuous_donors / rating_9_1 / temperature_zero: std_twin,1.5050080919413003,1.5050080919413005,"Twin-2K-500-Mega-Study/mega_study_evaluation/meta_analysis_results/combined_all_specifications_meta_analysis.csv; row study name='Promiscuous donors', persona specification='temperature_zero', variable name='rating_9_1'",True
promiscuous_donors / rating_9_1 / temperature_zero: sample size,799.0,799.0,"Twin-2K-500-Mega-Study/mega_study_evaluation/meta_analysis_results/combined_all_specifications_meta_analysis.csv; row study name='Promiscuous donors', persona specification='temperature_zero', variable name='rating_9_1'",True
promiscuous_donors / rating_10_1 / temperature_zero: correlation,0.3798200161284905,0.3798200161284897,"Twin-2K-500-Mega-Study/mega_study_evaluation/meta_analysis_results/combined_all_specifications_meta_analysis.csv; row study name='Promiscuous donors', persona specification='temperature_zero', variable name='rating_10_1'",True
promiscuous_donors / rating_10_1 / temperature_zero: mean_human,6.09136420525657,6.09136420525657,"Twin-2K-500-Mega-Study/mega_study_evaluation/meta_analysis_results/combined_all_specifications_meta_analysis.csv; row study name='Promiscuous donors', persona specification='temperature_zero', variable name='rating_10_1'",True
promiscuous_donors / rating_10_1 / temperature_zero: mean_twin,6.947434292866083,6.947434292866083,"Twin-2K-500-Mega-Study/mega_study_evaluation/meta_analysis_results/combined_all_specifications_meta_analysis.csv; row study name='Promiscuous donors', persona specification='temperature_zero', variable name='rating_10_1'",True
promiscuous_donors / rating_10_1 / temperature_zero: std_human,2.216459959745093,2.216459959745093,"Twin-2K-500-Mega-Study/mega_study_evaluation/meta_analysis_results/combined_all_specifications_meta_analysis.csv; row study name='Promiscuous donors', persona specification='temperature_zero', variable name='rating_10_1'",True
promiscuous_donors / rating_10_1 / temperature_zero: std_twin,1.4034473490406731,1.4034473490406731,"Twin-2K-500-Mega-Study/mega_study_evaluation/meta_analysis_results/combined_all_specifications_meta_analysis.csv; row study name='Promiscuous donors', persona specification='temperature_zero', variable name='rating_10_1'",True
promiscuous_donors / rating_10_1 / temperature_zero: sample size,799.0,799.0,"Twin-2K-500-Mega-Study/mega_study_evaluation/meta_analysis_results/combined_all_specifications_meta_analysis.csv; row study name='Promiscuous donors', persona specification='temperature_zero', variable name='rating_10_1'",True
targeting_fairness / fair1 / temperature_zero: correlation,0.21810322242608246,0.2181032224260826,"Twin-2K-500-Mega-Study/mega_study_evaluation/meta_analysis_results/combined_all_specifications_meta_analysis.csv; row study name='Targeting fairness', persona specification='temperature_zero', variable name='fair1'",True
targeting_fairness / fair1 / temperature_zero: mean_human,6.92436974789916,6.92436974789916,"Twin-2K-500-Mega-Study/mega_study_evaluation/meta_analysis_results/combined_all_specifications_meta_analysis.csv; row study name='Targeting fairness', persona specification='temperature_zero', variable name='fair1'",True
targeting_fairness / fair1 / temperature_zero: mean_twin,6.927170868347339,6.927170868347339,"Twin-2K-500-Mega-Study/mega_study_evaluation/meta_analysis_results/combined_all_specifications_meta_analysis.csv; row study name='Targeting fairness', persona specification='temperature_zero', variable name='fair1'",True
targeting_fairness / fair1 / temperature_zero: std_human,2.0791622551227653,2.0791622551227653,"Twin-2K-500-Mega-Study/mega_study_evaluation/meta_analysis_results/combined_all_specifications_meta_analysis.csv; row study name='Targeting fairness', persona specification='temperature_zero', variable name='fair1'",True
targeting_fairness / fair1 / temperature_zero: std_twin,0.7497311176761201,0.7497311176761201,"Twin-2K-500-Mega-Study/mega_study_evaluation/meta_analysis_results/combined_all_specifications_meta_analysis.csv; row study name='Targeting fairness', persona specification='temperature_zero', variable name='fair1'",True
targeting_fairness / fair1 / temperature_zero: sample size,357.0,357.0,"Twin-2K-500-Mega-Study/mega_study_evaluation/meta_analysis_results/combined_all_specifications_meta_analysis.csv; row study name='Targeting fairness', persona specification='temperature_zero', variable name='fair1'",True
hiring_algorithms / Q6 / temperature_zero: correlation,0.6916397534272486,0.6916397534272465,"Twin-2K-500-Mega-Study/mega_study_evaluation/meta_analysis_results/combined_all_specifications_meta_analysis.csv; row study name='hiring algorithms', persona specification='temperature_zero', variable name='Q6'",True
hiring_algorithms / Q6 / temperature_zero: mean_human,2.875875875875876,2.875875875875876,"Twin-2K-500-Mega-Study/mega_study_evaluation/meta_analysis_results/combined_all_specifications_meta_analysis.csv; row study name='hiring algorithms', persona specification='temperature_zero', variable name='Q6'",True
hiring_algorithms / Q6 / temperature_zero: mean_twin,3.4624624624624625,3.4624624624624625,"Twin-2K-500-Mega-Study/mega_study_evaluation/meta_analysis_results/combined_all_specifications_meta_analysis.csv; row study name='hiring algorithms', persona specification='temperature_zero', variable name='Q6'",True
hiring_algorithms / Q6 / temperature_zero: std_human,1.214726194689461,1.214726194689461,"Twin-2K-500-Mega-Study/mega_study_evaluation/meta_analysis_results/combined_all_specifications_meta_analysis.csv; row study name='hiring algorithms', persona specification='temperature_zero', variable name='Q6'",True
hiring_algorithms / Q6 / temperature_zero: std_twin,1.2121389788925376,1.2121389788925376,"Twin-2K-500-Mega-Study/mega_study_evaluation/meta_analysis_results/combined_all_specifications_meta_analysis.csv; row study name='hiring algorithms', persona specification='temperature_zero', variable name='Q6'",True
hiring_algorithms / Q6 / temperature_zero: sample size,999.0,999.0,"Twin-2K-500-Mega-Study/mega_study_evaluation/meta_analysis_results/combined_all_specifications_meta_analysis.csv; row study name='hiring algorithms', persona specification='temperature_zero', variable name='Q6'",True
hiring_algorithms / Q8 / temperature_zero: correlation,0.5742428338748444,0.5742428338748414,"Twin-2K-500-Mega-Study/mega_study_evaluation/meta_analysis_results/combined_all_specifications_meta_analysis.csv; row study name='hiring algorithms', persona specification='temperature_zero', variable name='Q8'",True
hiring_algorithms / Q8 / temperature_zero: mean_human,3.2962962962962963,3.2962962962962963,"Twin-2K-500-Mega-Study/mega_study_evaluation/meta_analysis_results/combined_all_specifications_meta_analysis.csv; row study name='hiring algorithms', persona specification='temperature_zero', variable name='Q8'",True
hiring_algorithms / Q8 / temperature_zero: mean_twin,3.6576576576576576,3.6576576576576576,"Twin-2K-500-Mega-Study/mega_study_evaluation/meta_analysis_results/combined_all_specifications_meta_analysis.csv; row study name='hiring algorithms', persona specification='temperature_zero', variable name='Q8'",True
hiring_algorithms / Q8 / temperature_zero: std_human,1.3527587400248886,1.3527587400248886,"Twin-2K-500-Mega-Study/mega_study_evaluation/meta_analysis_results/combined_all_specifications_meta_analysis.csv; row study name='hiring algorithms', persona specification='temperature_zero', variable name='Q8'",True
hiring_algorithms / Q8 / temperature_zero: std_twin,1.4102824938088137,1.4102824938088137,"Twin-2K-500-Mega-Study/mega_study_evaluation/meta_analysis_results/combined_all_specifications_meta_analysis.csv; row study name='hiring algorithms', persona specification='temperature_zero', variable name='Q8'",True
hiring_algorithms / Q8 / temperature_zero: sample size,999.0,999.0,"Twin-2K-500-Mega-Study/mega_study_evaluation/meta_analysis_results/combined_all_specifications_meta_analysis.csv; row study name='hiring algorithms', persona specification='temperature_zero', variable name='Q8'",True
hiring_algorithms / Q9 / temperature_zero: correlation,0.12241264450672093,0.1224126445067211,"Twin-2K-500-Mega-Study/mega_study_evaluation/meta_analysis_results/combined_all_specifications_meta_analysis.csv (authors recode Q9 in hiring_algorithms/mega_study_evaluation.py); row study name='hiring algorithms', persona specification='temperature_zero', variable name='Q9'",True
hiring_algorithms / Q9 / temperature_zero: mean_human,3.3633633633633635,3.3633633633633635,"Twin-2K-500-Mega-Study/mega_study_evaluation/meta_analysis_results/combined_all_specifications_meta_analysis.csv (authors recode Q9 in hiring_algorithms/mega_study_evaluation.py); row study name='hiring algorithms', persona specification='temperature_zero', variable name='Q9'",True
hiring_algorithms / Q9 / temperature_zero: mean_twin,3.349349349349349,3.349349349349349,"Twin-2K-500-Mega-Study/mega_study_evaluation/meta_analysis_results/combined_all_specifications_meta_analysis.csv (authors recode Q9 in hiring_algorithms/mega_study_evaluation.py); row study name='hiring algorithms', persona specification='temperature_zero', variable name='Q9'",True
hiring_algorithms / Q9 / temperature_zero: std_human,0.8744303035752594,0.8744303035752594,"Twin-2K-500-Mega-Study/mega_study_evaluation/meta_analysis_results/combined_all_specifications_meta_analysis.csv (authors recode Q9 in hiring_algorithms/mega_study_evaluation.py); row study name='hiring algorithms', persona specification='temperature_zero', variable name='Q9'",True
hiring_algorithms / Q9 / temperature_zero: std_twin,0.919111859513124,0.919111859513124,"Twin-2K-500-Mega-Study/mega_study_evaluation/meta_analysis_results/combined_all_specifications_meta_analysis.csv (authors recode Q9 in hiring_algorithms/mega_study_evaluation.py); row study name='hiring algorithms', persona specification='temperature_zero', variable name='Q9'",True
hiring_algorithms / Q9 / temperature_zero: sample size,999.0,999.0,"Twin-2K-500-Mega-Study/mega_study_evaluation/meta_analysis_results/combined_all_specifications_meta_analysis.csv (authors recode Q9 in hiring_algorithms/mega_study_evaluation.py); row study name='hiring algorithms', persona specification='temperature_zero', variable name='Q9'",True
hiring_algorithms / Q10 / temperature_zero: correlation,0.14721612185018945,0.147216121850188,"Twin-2K-500-Mega-Study/mega_study_evaluation/meta_analysis_results/combined_all_specifications_meta_analysis.csv; row study name='hiring algorithms', persona specification='temperature_zero', variable name='Q10'",True
hiring_algorithms / Q10 / temperature_zero: mean_human,2.967967967967968,2.967967967967968,"Twin-2K-500-Mega-Study/mega_study_evaluation/meta_analysis_results/combined_all_specifications_meta_analysis.csv; row study name='hiring algorithms', persona specification='temperature_zero', variable name='Q10'",True
hiring_algorithms / Q10 / temperature_zero: mean_twin,2.895895895895896,2.895895895895896,"Twin-2K-500-Mega-Study/mega_study_evaluation/meta_analysis_results/combined_all_specifications_meta_analysis.csv; row study name='hiring algorithms', persona specification='temperature_zero', variable name='Q10'",True
hiring_algorithms / Q10 / temperature_zero: std_human,1.4131415048750695,1.4131415048750695,"Twin-2K-500-Mega-Study/mega_study_evaluation/meta_analysis_results/combined_all_specifications_meta_analysis.csv; row study name='hiring algorithms', persona specification='temperature_zero', variable name='Q10'",True
hiring_algorithms / Q10 / temperature_zero: std_twin,1.2940333139484432,1.2940333139484432,"Twin-2K-500-Mega-Study/mega_study_evaluation/meta_analysis_results/combined_all_specifications_meta_analysis.csv; row study name='hiring algorithms', persona specification='temperature_zero', variable name='Q10'",True
hiring_algorithms / Q10 / temperature_zero: sample size,999.0,999.0,"Twin-2K-500-Mega-Study/mega_study_evaluation/meta_analysis_results/combined_all_specifications_meta_analysis.csv; row study name='hiring algorithms', persona specification='temperature_zero', variable name='Q10'",True
hiring_algorithms / Q13 / temperature_zero: correlation,0.27572689621924434,0.2757268962192429,"Twin-2K-500-Mega-Study/mega_study_evaluation/meta_analysis_results/combined_all_specifications_meta_analysis.csv; row study name='hiring algorithms', persona specification='temperature_zero', variable name='Q13'",True
hiring_algorithms / Q13 / temperature_zero: mean_human,3.6676676676676676,3.667667667667667,"Twin-2K-500-Mega-Study/mega_study_evaluation/meta_analysis_results/combined_all_specifications_meta_analysis.csv; row study name='hiring algorithms', persona specification='temperature_zero', variable name='Q13'",True
hiring_algorithms / Q13 / temperature_zero: mean_twin,3.5895895895895897,3.5895895895895897,"Twin-2K-500-Mega-Study/mega_study_evaluation/meta_analysis_results/combined_all_specifications_meta_analysis.csv; row study name='hiring algorithms', persona specification='temperature_zero', variable name='Q13'",True
hiring_algorithms / Q13 / temperature_zero: std_human,1.076095548231435,1.076095548231435,"Twin-2K-500-Mega-Study/mega_study_evaluation/meta_analysis_results/combined_all_specifications_meta_analysis.csv; row study name='hiring algorithms', persona specification='temperature_zero', variable name='Q13'",True
hiring_algorithms / Q13 / temperature_zero: std_twin,0.8873028481981634,0.8873028481981634,"Twin-2K-500-Mega-Study/mega_study_evaluation/meta_analysis_results/combined_all_specifications_meta_analysis.csv; row study name='hiring algorithms', persona specification='temperature_zero', variable name='Q13'",True
hiring_algorithms / Q13 / temperature_zero: sample size,999.0,999.0,"Twin-2K-500-Mega-Study/mega_study_evaluation/meta_analysis_results/combined_all_specifications_meta_analysis.csv; row study name='hiring algorithms', persona specification='temperature_zero', variable name='Q13'",True
hiring_algorithms / Q14 / temperature_zero: correlation,0.13113645218601308,0.1311364521860148,"Twin-2K-500-Mega-Study/mega_study_evaluation/meta_analysis_results/combined_all_specifications_meta_analysis.csv (authors recode Q14 in hiring_algorithms/mega_study_evaluation.py); row study name='hiring algorithms', persona specification='temperature_zero', variable name='Q14'",True
hiring_algorithms / Q14 / temperature_zero: mean_human,2.980980980980981,2.980980980980981,"Twin-2K-500-Mega-Study/mega_study_evaluation/meta_analysis_results/combined_all_specifications_meta_analysis.csv (authors recode Q14 in hiring_algorithms/mega_study_evaluation.py); row study name='hiring algorithms', persona specification='temperature_zero', variable name='Q14'",True
hiring_algorithms / Q14 / temperature_zero: mean_twin,3.6516516516516515,3.651651651651651,"Twin-2K-500-Mega-Study/mega_study_evaluation/meta_analysis_results/combined_all_specifications_meta_analysis.csv (authors recode Q14 in hiring_algorithms/mega_study_evaluation.py); row study name='hiring algorithms', persona specification='temperature_zero', variable name='Q14'",True
hiring_algorithms / Q14 / temperature_zero: std_human,1.0405788039033395,1.0405788039033397,"Twin-2K-500-Mega-Study/mega_study_evaluation/meta_analysis_results/combined_all_specifications_meta_analysis.csv (authors recode Q14 in hiring_algorithms/mega_study_evaluation.py); row study name='hiring algorithms', persona specification='temperature_zero', variable name='Q14'",True
hiring_algorithms / Q14 / temperature_zero: std_twin,0.9500420699337809,0.9500420699337808,"Twin-2K-500-Mega-Study/mega_study_evaluation/meta_analysis_results/combined_all_specifications_meta_analysis.csv (authors recode Q14 in hiring_algorithms/mega_study_evaluation.py); row study name='hiring algorithms', persona specification='temperature_zero', variable name='Q14'",True
hiring_algorithms / Q14 / temperature_zero: sample size,999.0,999.0,"Twin-2K-500-Mega-Study/mega_study_evaluation/meta_analysis_results/combined_all_specifications_meta_analysis.csv (authors recode Q14 in hiring_algorithms/mega_study_evaluation.py); row study name='hiring algorithms', persona specification='temperature_zero', variable name='Q14'",True
hiring_algorithms / Q15 / temperature_zero: correlation,0.32666185004876225,0.3266618500487617,"Twin-2K-500-Mega-Study/mega_study_evaluation/meta_analysis_results/combined_all_specifications_meta_analysis.csv; row study name='hiring algorithms', persona specification='temperature_zero', variable name='Q15'",True
hiring_algorithms / Q15 / temperature_zero: mean_human,3.8328328328328327,3.8328328328328327,"Twin-2K-500-Mega-Study/mega_study_evaluation/meta_analysis_results/combined_all_specifications_meta_analysis.csv; row study name='hiring algorithms', persona specification='temperature_zero', variable name='Q15'",True
hiring_algorithms / Q15 / temperature_zero: mean_twin,4.412412412412412,4.412412412412412,"Twin-2K-500-Mega-Study/mega_study_evaluation/meta_analysis_results/combined_all_specifications_meta_analysis.csv; row study name='hiring algorithms', persona specification='temperature_zero', variable name='Q15'",True
hiring_algorithms / Q15 / temperature_zero: std_human,0.9586036328602918,0.9586036328602918,"Twin-2K-500-Mega-Study/mega_study_evaluation/meta_analysis_results/combined_all_specifications_meta_analysis.csv; row study name='hiring algorithms', persona specification='temperature_zero', variable name='Q15'",True
hiring_algorithms / Q15 / temperature_zero: std_twin,0.620367469876886,0.620367469876886,"Twin-2K-500-Mega-Study/mega_study_evaluation/meta_analysis_results/combined_all_specifications_meta_analysis.csv; row study name='hiring algorithms', persona specification='temperature_zero', variable name='Q15'",True
hiring_algorithms / Q15 / temperature_zero: sample size,999.0,999.0,"Twin-2K-500-Mega-Study/mega_study_evaluation/meta_analysis_results/combined_all_specifications_meta_analysis.csv; row study name='hiring algorithms', persona specification='temperature_zero', variable name='Q15'",True
hiring_algorithms / Q16 / temperature_zero: correlation,0.3818640795378072,0.3818640795378034,"Twin-2K-500-Mega-Study/mega_study_evaluation/meta_analysis_results/combined_all_specifications_meta_analysis.csv; row study name='hiring algorithms', persona specification='temperature_zero', variable name='Q16'",True
hiring_algorithms / Q16 / temperature_zero: mean_human,3.3853853853853852,3.385385385385385,"Twin-2K-500-Mega-Study/mega_study_evaluation/meta_analysis_results/combined_all_specifications_meta_analysis.csv; row study name='hiring algorithms', persona specification='temperature_zero', variable name='Q16'",True
hiring_algorithms / Q16 / temperature_zero: mean_twin,3.5215215215215214,3.521521521521521,"Twin-2K-500-Mega-Study/mega_study_evaluation/meta_analysis_results/combined_all_specifications_meta_analysis.csv; row study name='hiring algorithms', persona specification='temperature_zero', variable name='Q16'",True
hiring_algorithms / Q16 / temperature_zero: std_human,1.0709437275420919,1.070943727542092,"Twin-2K-500-Mega-Study/mega_study_evaluation/meta_analysis_results/combined_all_specifications_meta_analysis.csv; row study name='hiring algorithms', persona specification='temperature_zero', variable name='Q16'",True
hiring_algorithms / Q16 / temperature_zero: std_twin,0.8262279300969144,0.8262279300969144,"Twin-2K-500-Mega-Study/mega_study_evaluation/meta_analysis_results/combined_all_specifications_meta_analysis.csv; row study name='hiring algorithms', persona specification='temperature_zero', variable name='Q16'",True
hiring_algorithms / Q16 / temperature_zero: sample size,999.0,999.0,"Twin-2K-500-Mega-Study/mega_study_evaluation/meta_analysis_results/combined_all_specifications_meta_analysis.csv; row study name='hiring algorithms', persona specification='temperature_zero', variable name='Q16'",True
infotainment / Profile1 / temperature_zero: correlation,0.4101360924545206,0.4101360924545191,"Twin-2K-500-Mega-Study/mega_study_evaluation/meta_analysis_results/combined_all_specifications_meta_analysis.csv; row study name='infotainment news sharing', persona specification='temperature_zero', variable name='Profile1'",True
infotainment / Profile1 / temperature_zero: mean_human,2.243333333333333,2.243333333333333,"Twin-2K-500-Mega-Study/mega_study_evaluation/meta_analysis_results/combined_all_specifications_meta_analysis.csv; row study name='infotainment news sharing', persona specification='temperature_zero', variable name='Profile1'",True
infotainment / Profile1 / temperature_zero: mean_twin,2.1866666666666665,2.1866666666666665,"Twin-2K-500-Mega-Study/mega_study_evaluation/meta_analysis_results/combined_all_specifications_meta_analysis.csv; row study name='infotainment news sharing', persona specification='temperature_zero', variable name='Profile1'",True
infotainment / Profile1 / temperature_zero: std_human,1.6246807421568523,1.6246807421568523,"Twin-2K-500-Mega-Study/mega_study_evaluation/meta_analysis_results/combined_all_specifications_meta_analysis.csv; row study name='infotainment news sharing', persona specification='temperature_zero', variable name='Profile1'",True
infotainment / Profile1 / temperature_zero: std_twin,0.5941370929110539,0.5941370929110539,"Twin-2K-500-Mega-Study/mega_study_evaluation/meta_analysis_results/combined_all_specifications_meta_analysis.csv; row study name='infotainment news sharing', persona specification='temperature_zero', variable name='Profile1'",True
infotainment / Profile1 / temperature_zero: sample size,300.0,300.0,"Twin-2K-500-Mega-Study/mega_study_evaluation/meta_analysis_results/combined_all_specifications_meta_analysis.csv; row study name='infotainment news sharing', persona specification='temperature_zero', variable name='Profile1'",True
infotainment / Profile2 / temperature_zero: correlation,0.1753375964502947,0.1753375964502946,"Twin-2K-500-Mega-Study/mega_study_evaluation/meta_analysis_results/combined_all_specifications_meta_analysis.csv; row study name='infotainment news sharing', persona specification='temperature_zero', variable name='Profile2'",True
infotainment / Profile2 / temperature_zero: mean_human,3.6166666666666667,3.616666666666666,"Twin-2K-500-Mega-Study/mega_study_evaluation/meta_analysis_results/combined_all_specifications_meta_analysis.csv; row study name='infotainment news sharing', persona specification='temperature_zero', variable name='Profile2'",True
infotainment / Profile2 / temperature_zero: mean_twin,3.6266666666666665,3.6266666666666665,"Twin-2K-500-Mega-Study/mega_study_evaluation/meta_analysis_results/combined_all_specifications_meta_analysis.csv; row study name='infotainment news sharing', persona specification='temperature_zero', variable name='Profile2'",True
infotainment / Profile2 / temperature_zero: std_human,2.0584410332043728,2.0584410332043728,"Twin-2K-500-Mega-Study/mega_study_evaluation/meta_analysis_results/combined_all_specifications_meta_analysis.csv; row study name='infotainment news sharing', persona specification='temperature_zero', variable name='Profile2'",True
infotainment / Profile2 / temperature_zero: std_twin,1.3164595606416878,1.3164595606416878,"Twin-2K-500-Mega-Study/mega_study_evaluation/meta_analysis_results/combined_all_specifications_meta_analysis.csv; row study name='infotainment news sharing', persona specification='temperature_zero', variable name='Profile2'",True
infotainment / Profile2 / temperature_zero: sample size,300.0,300.0,"Twin-2K-500-Mega-Study/mega_study_evaluation/meta_analysis_results/combined_all_specifications_meta_analysis.csv; row study name='infotainment news sharing', persona specification='temperature_zero', variable name='Profile2'",True
infotainment / Profile3 / temperature_zero: correlation,0.287297620247383,0.287297620247382,"Twin-2K-500-Mega-Study/mega_study_evaluation/meta_analysis_results/combined_all_specifications_meta_analysis.csv; row study name='infotainment news sharing', persona specification='temperature_zero', variable name='Profile3'",True
infotainment / Profile3 / temperature_zero: mean_human,2.37,2.37,"Twin-2K-500-Mega-Study/mega_study_evaluation/meta_analysis_results/combined_all_specifications_meta_analysis.csv; row study name='infotainment news sharing', persona specification='temperature_zero', variable name='Profile3'",True
infotainment / Profile3 / temperature_zero: mean_twin,2.24,2.24,"Twin-2K-500-Mega-Study/mega_study_evaluation/meta_analysis_results/combined_all_specifications_meta_analysis.csv; row study name='infotainment news sharing', persona specification='temperature_zero', variable name='Profile3'",True
infotainment / Profile3 / temperature_zero: std_human,1.6519270190459932,1.6519270190459932,"Twin-2K-500-Mega-Study/mega_study_evaluation/meta_analysis_results/combined_all_specifications_meta_analysis.csv; row study name='infotainment news sharing', persona specification='temperature_zero', variable name='Profile3'",True
infotainment / Profile3 / temperature_zero: std_twin,0.5803931316710854,0.5803931316710854,"Twin-2K-500-Mega-Study/mega_study_evaluation/meta_analysis_results/combined_all_specifications_meta_analysis.csv; row study name='infotainment news sharing', persona specification='temperature_zero', variable name='Profile3'",True
infotainment / Profile3 / temperature_zero: sample size,300.0,300.0,"Twin-2K-500-Mega-Study/mega_study_evaluation/meta_analysis_results/combined_all_specifications_meta_analysis.csv; row study name='infotainment news sharing', persona specification='temperature_zero', variable name='Profile3'",True
infotainment / Profile4 / temperature_zero: correlation,0.3545374544176947,0.3545374544176947,"Twin-2K-500-Mega-Study/mega_study_evaluation/meta_analysis_results/combined_all_specifications_meta_analysis.csv; row study name='infotainment news sharing', persona specification='temperature_zero', variable name='Profile4'",True
infotainment / Profile4 / temperature_zero: mean_human,2.32,2.32,"Twin-2K-500-Mega-Study/mega_study_evaluation/meta_analysis_results/combined_all_specifications_meta_analysis.csv; row study name='infotainment news sharing', persona specification='temperature_zero', variable name='Profile4'",True
infotainment / Profile4 / temperature_zero: mean_twin,3.1733333333333333,3.1733333333333333,"Twin-2K-500-Mega-Study/mega_study_evaluation/meta_analysis_results/combined_all_specifications_meta_analysis.csv; row study name='infotainment news sharing', persona specification='temperature_zero', variable name='Profile4'",True
infotainment / Profile4 / temperature_zero: std_human,1.7342506791292316,1.7342506791292316,"Twin-2K-500-Mega-Study/mega_study_evaluation/meta_analysis_results/combined_all_specifications_meta_analysis.csv; row study name='infotainment news sharing', persona specification='temperature_zero', variable name='Profile4'",True
infotainment / Profile4 / temperature_zero: std_twin,0.7199653156516362,0.7199653156516362,"Twin-2K-500-Mega-Study/mega_study_evaluation/meta_analysis_results/combined_all_specifications_meta_analysis.csv; row study name='infotainment news sharing', persona specification='temperature_zero', variable name='Profile4'",True
infotainment / Profile4 / temperature_zero: sample size,300.0,300.0,"Twin-2K-500-Mega-Study/mega_study_evaluation/meta_analysis_results/combined_all_specifications_meta_analysis.csv; row study name='infotainment news sharing', persona specification='temperature_zero', variable name='Profile4'",True
infotainment / Profile5 / temperature_zero: correlation,0.2068841244868827,0.2068841244868826,"Twin-2K-500-Mega-Study/mega_study_evaluation/meta_analysis_results/combined_all_specifications_meta_analysis.csv; row study name='infotainment news sharing', persona specification='temperature_zero', variable name='Profile5'",True
infotainment / Profile5 / temperature_zero: mean_human,3.5233333333333334,3.523333333333333,"Twin-2K-500-Mega-Study/mega_study_evaluation/meta_analysis_results/combined_all_specifications_meta_analysis.csv; row study name='infotainment news sharing', persona specification='temperature_zero', variable name='Profile5'",True
infotainment / Profile5 / temperature_zero: mean_twin,2.62,2.62,"Twin-2K-500-Mega-Study/mega_study_evaluation/meta_analysis_results/combined_all_specifications_meta_analysis.csv; row study name='infotainment news sharing', persona specification='temperature_zero', variable name='Profile5'",True
infotainment / Profile5 / temperature_zero: std_human,2.019003915695609,2.019003915695609,"Twin-2K-500-Mega-Study/mega_study_evaluation/meta_analysis_results/combined_all_specifications_meta_analysis.csv; row study name='infotainment news sharing', persona specification='temperature_zero', variable name='Profile5'",True
infotainment / Profile5 / temperature_zero: std_twin,0.7098918849334133,0.7098918849334133,"Twin-2K-500-Mega-Study/mega_study_evaluation/meta_analysis_results/combined_all_specifications_meta_analysis.csv; row study name='infotainment news sharing', persona specification='temperature_zero', variable name='Profile5'",True
infotainment / Profile5 / temperature_zero: sample size,300.0,300.0,"Twin-2K-500-Mega-Study/mega_study_evaluation/meta_analysis_results/combined_all_specifications_meta_analysis.csv; row study name='infotainment news sharing', persona specification='temperature_zero', variable name='Profile5'",True
infotainment / Profile6 / temperature_zero: correlation,0.2432719488040136,0.2432719488040141,"Twin-2K-500-Mega-Study/mega_study_evaluation/meta_analysis_results/combined_all_specifications_meta_analysis.csv; row study name='infotainment news sharing', persona specification='temperature_zero', variable name='Profile6'",True
infotainment / Profile6 / temperature_zero: mean_human,3.3666666666666667,3.3666666666666667,"Twin-2K-500-Mega-Study/mega_study_evaluation/meta_analysis_results/combined_all_specifications_meta_analysis.csv; row study name='infotainment news sharing', persona specification='temperature_zero', variable name='Profile6'",True
infotainment / Profile6 / temperature_zero: mean_twin,4.056666666666667,4.056666666666667,"Twin-2K-500-Mega-Study/mega_study_evaluation/meta_analysis_results/combined_all_specifications_meta_analysis.csv; row study name='infotainment news sharing', persona specification='temperature_zero', variable name='Profile6'",True
infotainment / Profile6 / temperature_zero: std_human,2.1230276439113065,2.1230276439113065,"Twin-2K-500-Mega-Study/mega_study_evaluation/meta_analysis_results/combined_all_specifications_meta_analysis.csv; row study name='infotainment news sharing', persona specification='temperature_zero', variable name='Profile6'",True
infotainment / Profile6 / temperature_zero: std_twin,1.338941660962278,1.338941660962278,"Twin-2K-500-Mega-Study/mega_study_evaluation/meta_analysis_results/combined_all_specifications_meta_analysis.csv; row study name='infotainment news sharing', persona specification='temperature_zero', variable name='Profile6'",True
infotainment / Profile6 / temperature_zero: sample size,300.0,300.0,"Twin-2K-500-Mega-Study/mega_study_evaluation/meta_analysis_results/combined_all_specifications_meta_analysis.csv; row study name='infotainment news sharing', persona specification='temperature_zero', variable name='Profile6'",True
infotainment / Profile7 / temperature_zero: correlation,0.2618951622803311,0.2618951622803315,"Twin-2K-500-Mega-Study/mega_study_evaluation/meta_analysis_results/combined_all_specifications_meta_analysis.csv; row study name='infotainment news sharing', persona specification='temperature_zero', variable name='Profile7'",True
infotainment / Profile7 / temperature_zero: mean_human,2.5433333333333334,2.543333333333333,"Twin-2K-500-Mega-Study/mega_study_evaluation/meta_analysis_results/combined_all_specifications_meta_analysis.csv; row study name='infotainment news sharing', persona specification='temperature_zero', variable name='Profile7'",True
infotainment / Profile7 / temperature_zero: mean_twin,2.0366666666666666,2.036666666666666,"Twin-2K-500-Mega-Study/mega_study_evaluation/meta_analysis_results/combined_all_specifications_meta_analysis.csv; row study name='infotainment news sharing', persona specification='temperature_zero', variable name='Profile7'",True
infotainment / Profile7 / temperature_zero: std_human,1.8491945880039864,1.8491945880039864,"Twin-2K-500-Mega-Study/mega_study_evaluation/meta_analysis_results/combined_all_specifications_meta_analysis.csv; row study name='infotainment news sharing', persona specification='temperature_zero', variable name='Profile7'",True
infotainment / Profile7 / temperature_zero: std_twin,0.5319135226149935,0.5319135226149935,"Twin-2K-500-Mega-Study/mega_study_evaluation/meta_analysis_results/combined_all_specifications_meta_analysis.csv; row study name='infotainment news sharing', persona specification='temperature_zero', variable name='Profile7'",True
infotainment / Profile7 / temperature_zero: sample size,300.0,300.0,"Twin-2K-500-Mega-Study/mega_study_evaluation/meta_analysis_results/combined_all_specifications_meta_analysis.csv; row study name='infotainment news sharing', persona specification='temperature_zero', variable name='Profile7'",True
infotainment / Profile8 / temperature_zero: correlation,0.20618523736915714,0.2061852373691583,"Twin-2K-500-Mega-Study/mega_study_evaluation/meta_analysis_results/combined_all_specifications_meta_analysis.csv; row study name='infotainment news sharing', persona specification='temperature_zero', variable name='Profile8'",True
infotainment / Profile8 / temperature_zero: mean_human,2.066666666666667,2.066666666666667,"Twin-2K-500-Mega-Study/mega_study_evaluation/meta_analysis_results/combined_all_specifications_meta_analysis.csv; row study name='infotainment news sharing', persona specification='temperature_zero', variable name='Profile8'",True
infotainment / Profile8 / temperature_zero: mean_twin,1.7966666666666666,1.7966666666666666,"Twin-2K-500-Mega-Study/mega_study_evaluation/meta_analysis_results/combined_all_specifications_meta_analysis.csv; row study name='infotainment news sharing', persona specification='temperature_zero', variable name='Profile8'",True
infotainment / Profile8 / temperature_zero: std_human,1.5176406026741553,1.5176406026741551,"Twin-2K-500-Mega-Study/mega_study_evaluation/meta_analysis_results/combined_all_specifications_meta_analysis.csv; row study name='infotainment news sharing', persona specification='temperature_zero', variable name='Profile8'",True
infotainment / Profile8 / temperature_zero: std_twin,0.5564960452541424,0.5564960452541424,"Twin-2K-500-Mega-Study/mega_study_evaluation/meta_analysis_results/combined_all_specifications_meta_analysis.csv; row study name='infotainment news sharing', persona specification='temperature_zero', variable name='Profile8'",True
infotainment / Profile8 / temperature_zero: sample size,300.0,300.0,"Twin-2K-500-Mega-Study/mega_study_evaluation/meta_analysis_results/combined_all_specifications_meta_analysis.csv; row study name='infotainment news sharing', persona specification='temperature_zero', variable name='Profile8'",True
infotainment / Profile9 / temperature_zero: correlation,0.27795921246737015,0.2779592124673702,"Twin-2K-500-Mega-Study/mega_study_evaluation/meta_analysis_results/combined_all_specifications_meta_analysis.csv; row study name='infotainment news sharing', persona specification='temperature_zero', variable name='Profile9'",True
infotainment / Profile9 / temperature_zero: mean_human,2.2866666666666666,2.286666666666666,"Twin-2K-500-Mega-Study/mega_study_evaluation/meta_analysis_results/combined_all_specifications_meta_analysis.csv; row study name='infotainment news sharing', persona specification='temperature_zero', variable name='Profile9'",True
infotainment / Profile9 / temperature_zero: mean_twin,2.6033333333333335,2.603333333333333,"Twin-2K-500-Mega-Study/mega_study_evaluation/meta_analysis_results/combined_all_specifications_meta_analysis.csv; row study name='infotainment news sharing', persona specification='temperature_zero', variable name='Profile9'",True
infotainment / Profile9 / temperature_zero: std_human,1.7129710412563406,1.7129710412563406,"Twin-2K-500-Mega-Study/mega_study_evaluation/meta_analysis_results/combined_all_specifications_meta_analysis.csv; row study name='infotainment news sharing', persona specification='temperature_zero', variable name='Profile9'",True
infotainment / Profile9 / temperature_zero: std_twin,0.6329753139333733,0.6329753139333733,"Twin-2K-500-Mega-Study/mega_study_evaluation/meta_analysis_results/combined_all_specifications_meta_analysis.csv; row study name='infotainment news sharing', persona specification='temperature_zero', variable name='Profile9'",True
infotainment / Profile9 / temperature_zero: sample size,300.0,300.0,"Twin-2K-500-Mega-Study/mega_study_evaluation/meta_analysis_results/combined_all_specifications_meta_analysis.csv; row study name='infotainment news sharing', persona specification='temperature_zero', variable name='Profile9'",True
infotainment / Profile10 / temperature_zero: correlation,0.34604705774141403,0.3460470577414128,"Twin-2K-500-Mega-Study/mega_study_evaluation/meta_analysis_results/combined_all_specifications_meta_analysis.csv; row study name='infotainment news sharing', persona specification='temperature_zero', variable name='Profile10'",True
infotainment / Profile10 / temperature_zero: mean_human,2.3833333333333333,2.3833333333333333,"Twin-2K-500-Mega-Study/mega_study_evaluation/meta_analysis_results/combined_all_specifications_meta_analysis.csv; row study name='infotainment news sharing', persona specification='temperature_zero', variable name='Profile10'",True
infotainment / Profile10 / temperature_zero: mean_twin,2.6366666666666667,2.6366666666666667,"Twin-2K-500-Mega-Study/mega_study_evaluation/meta_analysis_results/combined_all_specifications_meta_analysis.csv; row study name='infotainment news sharing', persona specification='temperature_zero', variable name='Profile10'",True
infotainment / Profile10 / temperature_zero: std_human,1.696855902959032,1.696855902959032,"Twin-2K-500-Mega-Study/mega_study_evaluation/meta_analysis_results/combined_all_specifications_meta_analysis.csv; row study name='infotainment news sharing', persona specification='temperature_zero', variable name='Profile10'",True
infotainment / Profile10 / temperature_zero: std_twin,0.8759069197098175,0.8759069197098175,"Twin-2K-500-Mega-Study/mega_study_evaluation/meta_analysis_results/combined_all_specifications_meta_analysis.csv; row study name='infotainment news sharing', persona specification='temperature_zero', variable name='Profile10'",True
infotainment / Profile10 / temperature_zero: sample size,300.0,300.0,"Twin-2K-500-Mega-Study/mega_study_evaluation/meta_analysis_results/combined_all_specifications_meta_analysis.csv; row study name='infotainment news sharing', persona specification='temperature_zero', variable name='Profile10'",True
infotainment / Profile11 / temperature_zero: correlation,0.2661839160075609,0.2661839160075614,"Twin-2K-500-Mega-Study/mega_study_evaluation/meta_analysis_results/combined_all_specifications_meta_analysis.csv; row study name='infotainment news sharing', persona specification='temperature_zero', variable name='Profile11'",True
infotainment / Profile11 / temperature_zero: mean_human,3.6733333333333333,3.673333333333334,"Twin-2K-500-Mega-Study/mega_study_evaluation/meta_analysis_results/combined_all_specifications_meta_analysis.csv; row study name='infotainment news sharing', persona specification='temperature_zero', variable name='Profile11'",True
infotainment / Profile11 / temperature_zero: mean_twin,3.5233333333333334,3.523333333333333,"Twin-2K-500-Mega-Study/mega_study_evaluation/meta_analysis_results/combined_all_specifications_meta_analysis.csv; row study name='infotainment news sharing', persona specification='temperature_zero', variable name='Profile11'",True
infotainment / Profile11 / temperature_zero: std_human,2.06741454443726,2.06741454443726,"Twin-2K-500-Mega-Study/mega_study_evaluation/meta_analysis_results/combined_all_specifications_meta_analysis.csv; row study name='infotainment news sharing', persona specification='temperature_zero', variable name='Profile11'",True
infotainment / Profile11 / temperature_zero: std_twin,0.9012007350038393,0.9012007350038392,"Twin-2K-500-Mega-Study/mega_study_evaluation/meta_analysis_results/combined_all_specifications_meta_analysis.csv; row study name='infotainment news sharing', persona specification='temperature_zero', variable name='Profile11'",True
infotainment / Profile11 / temperature_zero: sample size,300.0,300.0,"Twin-2K-500-Mega-Study/mega_study_evaluation/meta_analysis_results/combined_all_specifications_meta_analysis.csv; row study name='infotainment news sharing', persona specification='temperature_zero', variable name='Profile11'",True
infotainment / Profile12 / temperature_zero: correlation,0.1293038941044099,0.1293038941044097,"Twin-2K-500-Mega-Study/mega_study_evaluation/meta_analysis_results/combined_all_specifications_meta_analysis.csv; row study name='infotainment news sharing', persona specification='temperature_zero', variable name='Profile12'",True
infotainment / Profile12 / temperature_zero: mean_human,2.73,2.73,"Twin-2K-500-Mega-Study/mega_study_evaluation/meta_analysis_results/combined_all_specifications_meta_analysis.csv; row study name='infotainment news sharing', persona specification='temperature_zero', variable name='Profile12'",True
infotainment / Profile12 / temperature_zero: mean_twin,3.2866666666666666,3.286666666666666,"Twin-2K-500-Mega-Study/mega_study_evaluation/meta_analysis_results/combined_all_specifications_meta_analysis.csv; row study name='infotainment news sharing', persona specification='temperature_zero', variable name='Profile12'",True
infotainment / Profile12 / temperature_zero: std_human,1.8838603360881847,1.8838603360881847,"Twin-2K-500-Mega-Study/mega_study_evaluation/meta_analysis_results/combined_all_specifications_meta_analysis.csv; row study name='infotainment news sharing', persona specification='temperature_zero', variable name='Profile12'",True
infotainment / Profile12 / temperature_zero: std_twin,1.1700651250586371,1.1700651250586371,"Twin-2K-500-Mega-Study/mega_study_evaluation/meta_analysis_results/combined_all_specifications_meta_analysis.csv; row study name='infotainment news sharing', persona specification='temperature_zero', variable name='Profile12'",True
infotainment / Profile12 / temperature_zero: sample size,300.0,300.0,"Twin-2K-500-Mega-Study/mega_study_evaluation/meta_analysis_results/combined_all_specifications_meta_analysis.csv; row study name='infotainment news sharing', persona specification='temperature_zero', variable name='Profile12'",True
infotainment / Profile13 / temperature_zero: correlation,0.337911071131019,0.3379110711310201,"Twin-2K-500-Mega-Study/mega_study_evaluation/meta_analysis_results/combined_all_specifications_meta_analysis.csv; row study name='infotainment news sharing', persona specification='temperature_zero', variable name='Profile13'",True
infotainment / Profile13 / temperature_zero: mean_human,2.56,2.56,"Twin-2K-500-Mega-Study/mega_study_evaluation/meta_analysis_results/combined_all_specifications_meta_analysis.csv; row study name='infotainment news sharing', persona specification='temperature_zero', variable name='Profile13'",True
infotainment / Profile13 / temperature_zero: mean_twin,3.1666666666666665,3.1666666666666665,"Twin-2K-500-Mega-Study/mega_study_evaluation/meta_analysis_results/combined_all_specifications_meta_analysis.csv; row study name='infotainment news sharing', persona specification='temperature_zero', variable name='Profile13'",True
infotainment / Profile13 / temperature_zero: std_human,1.8287192367399492,1.8287192367399487,"Twin-2K-500-Mega-Study/mega_study_evaluation/meta_analysis_results/combined_all_specifications_meta_analysis.csv; row study name='infotainment news sharing', persona specification='temperature_zero', variable name='Profile13'",True
infotainment / Profile13 / temperature_zero: std_twin,0.7577176313895683,0.7577176313895683,"Twin-2K-500-Mega-Study/mega_study_evaluation/meta_analysis_results/combined_all_specifications_meta_analysis.csv; row study name='infotainment news sharing', persona specification='temperature_zero', variable name='Profile13'",True
infotainment / Profile13 / temperature_zero: sample size,300.0,300.0,"Twin-2K-500-Mega-Study/mega_study_evaluation/meta_analysis_results/combined_all_specifications_meta_analysis.csv; row study name='infotainment news sharing', persona specification='temperature_zero', variable name='Profile13'",True
infotainment / Profile14 / temperature_zero: correlation,0.19191899014740807,0.1919189901474078,"Twin-2K-500-Mega-Study/mega_study_evaluation/meta_analysis_results/combined_all_specifications_meta_analysis.csv; row study name='infotainment news sharing', persona specification='temperature_zero', variable name='Profile14'",True
infotainment / Profile14 / temperature_zero: mean_human,3.223333333333333,3.223333333333333,"Twin-2K-500-Mega-Study/mega_study_evaluation/meta_analysis_results/combined_all_specifications_meta_analysis.csv; row study name='infotainment news sharing', persona specification='temperature_zero', variable name='Profile14'",True
infotainment / Profile14 / temperature_zero: mean_twin,2.6233333333333335,2.623333333333333,"Twin-2K-500-Mega-Study/mega_study_evaluation/meta_analysis_results/combined_all_specifications_meta_analysis.csv; row study name='infotainment news sharing', persona specification='temperature_zero', variable name='Profile14'",True
infotainment / Profile14 / temperature_zero: std_human,1.973093819264801,1.973093819264801,"Twin-2K-500-Mega-Study/mega_study_evaluation/meta_analysis_results/combined_all_specifications_meta_analysis.csv; row study name='infotainment news sharing', persona specification='temperature_zero', variable name='Profile14'",True
infotainment / Profile14 / temperature_zero: std_twin,0.6998247909409951,0.6998247909409951,"Twin-2K-500-Mega-Study/mega_study_evaluation/meta_analysis_results/combined_all_specifications_meta_analysis.csv; row study name='infotainment news sharing', persona specification='temperature_zero', variable name='Profile14'",True
infotainment / Profile14 / temperature_zero: sample size,300.0,300.0,"Twin-2K-500-Mega-Study/mega_study_evaluation/meta_analysis_results/combined_all_specifications_meta_analysis.csv; row study name='infotainment news sharing', persona specification='temperature_zero', variable name='Profile14'",True
infotainment / Profile15 / temperature_zero: correlation,0.16888622501312076,0.1688862250131197,"Twin-2K-500-Mega-Study/mega_study_evaluation/meta_analysis_results/combined_all_specifications_meta_analysis.csv; row study name='infotainment news sharing', persona specification='temperature_zero', variable name='Profile15'",True
infotainment / Profile15 / temperature_zero: mean_human,2.61,2.61,"Twin-2K-500-Mega-Study/mega_study_evaluation/meta_analysis_results/combined_all_specifications_meta_analysis.csv; row study name='infotainment news sharing', persona specification='temperature_zero', variable name='Profile15'",True
infotainment / Profile15 / temperature_zero: mean_twin,3.34,3.34,"Twin-2K-500-Mega-Study/mega_study_evaluation/meta_analysis_results/combined_all_specifications_meta_analysis.csv; row study name='infotainment news sharing', persona specification='temperature_zero', variable name='Profile15'",True
infotainment / Profile15 / temperature_zero: std_human,1.7535153416813054,1.7535153416813054,"Twin-2K-500-Mega-Study/mega_study_evaluation/meta_analysis_results/combined_all_specifications_meta_analysis.csv; row study name='infotainment news sharing', persona specification='temperature_zero', variable name='Profile15'",True
infotainment / Profile15 / temperature_zero: std_twin,1.138149645426565,1.138149645426565,"Twin-2K-500-Mega-Study/mega_study_evaluation/meta_analysis_results/combined_all_specifications_meta_analysis.csv; row study name='infotainment news sharing', persona specification='temperature_zero', variable name='Profile15'",True
infotainment / Profile15 / temperature_zero: sample size,300.0,300.0,"Twin-2K-500-Mega-Study/mega_study_evaluation/meta_analysis_results/combined_all_specifications_meta_analysis.csv; row study name='infotainment news sharing', persona specification='temperature_zero', variable name='Profile15'",True
infotainment / Profile16 / temperature_zero: correlation,0.2853870524880525,0.2853870524880518,"Twin-2K-500-Mega-Study/mega_study_evaluation/meta_analysis_results/combined_all_specifications_meta_analysis.csv; row study name='infotainment news sharing', persona specification='temperature_zero', variable name='Profile16'",True
infotainment / Profile16 / temperature_zero: mean_human,2.6266666666666665,2.6266666666666665,"Twin-2K-500-Mega-Study/mega_study_evaluation/meta_analysis_results/combined_all_specifications_meta_analysis.csv; row study name='infotainment news sharing', persona specification='temperature_zero', variable name='Profile16'",True
infotainment / Profile16 / temperature_zero: mean_twin,3.38,3.38,"Twin-2K-500-Mega-Study/mega_study_evaluation/meta_analysis_results/combined_all_specifications_meta_analysis.csv; row study name='infotainment news sharing', persona specification='temperature_zero', variable name='Profile16'",True
infotainment / Profile16 / temperature_zero: std_human,1.8830227839580802,1.88302278395808,"Twin-2K-500-Mega-Study/mega_study_evaluation/meta_analysis_results/combined_all_specifications_meta_analysis.csv; row study name='infotainment news sharing', persona specification='temperature_zero', variable name='Profile16'",True
infotainment / Profile16 / temperature_zero: std_twin,0.8934544585848891,0.8934544585848891,"Twin-2K-500-Mega-Study/mega_study_evaluation/meta_analysis_results/combined_all_specifications_meta_analysis.csv; row study name='infotainment news sharing', persona specification='temperature_zero', variable name='Profile16'",True
infotainment / Profile16 / temperature_zero: sample size,300.0,300.0,"Twin-2K-500-Mega-Study/mega_study_evaluation/meta_analysis_results/combined_all_specifications_meta_analysis.csv; row study name='infotainment news sharing', persona specification='temperature_zero', variable name='Profile16'",True
infotainment / Profile17 / temperature_zero: correlation,0.12780182012866032,0.12780182012866,"Twin-2K-500-Mega-Study/mega_study_evaluation/meta_analysis_results/combined_all_specifications_meta_analysis.csv; row study name='infotainment news sharing', persona specification='temperature_zero', variable name='Profile17'",True
infotainment / Profile17 / temperature_zero: mean_human,2.1633333333333336,2.1633333333333336,"Twin-2K-500-Mega-Study/mega_study_evaluation/meta_analysis_results/combined_all_specifications_meta_analysis.csv; row study name='infotainment news sharing', persona specification='temperature_zero', variable name='Profile17'",True
infotainment / Profile17 / temperature_zero: mean_twin,2.45,2.45,"Twin-2K-500-Mega-Study/mega_study_evaluation/meta_analysis_results/combined_all_specifications_meta_analysis.csv; row study name='infotainment news sharing', persona specification='temperature_zero', variable name='Profile17'",True
infotainment / Profile17 / temperature_zero: std_human,1.5974443078276392,1.5974443078276392,"Twin-2K-500-Mega-Study/mega_study_evaluation/meta_analysis_results/combined_all_specifications_meta_analysis.csv; row study name='infotainment news sharing', persona specification='temperature_zero', variable name='Profile17'",True
infotainment / Profile17 / temperature_zero: std_twin,0.9329530201423017,0.9329530201423016,"Twin-2K-500-Mega-Study/mega_study_evaluation/meta_analysis_results/combined_all_specifications_meta_analysis.csv; row study name='infotainment news sharing', persona specification='temperature_zero', variable name='Profile17'",True
infotainment / Profile17 / temperature_zero: sample size,300.0,300.0,"Twin-2K-500-Mega-Study/mega_study_evaluation/meta_analysis_results/combined_all_specifications_meta_analysis.csv; row study name='infotainment news sharing', persona specification='temperature_zero', variable name='Profile17'",True
infotainment / Profile18 / temperature_zero: correlation,0.08093438605961753,0.0809343860596177,"Twin-2K-500-Mega-Study/mega_study_evaluation/meta_analysis_results/combined_all_specifications_meta_analysis.csv; row study name='infotainment news sharing', persona specification='temperature_zero', variable name='Profile18'",True
infotainment / Profile18 / temperature_zero: mean_human,2.243333333333333,2.243333333333333,"Twin-2K-500-Mega-Study/mega_study_evaluation/meta_analysis_results/combined_all_specifications_meta_analysis.csv; row study name='infotainment news sharing', persona specification='temperature_zero', variable name='Profile18'",True
infotainment / Profile18 / temperature_zero: mean_twin,2.4366666666666665,2.4366666666666665,"Twin-2K-500-Mega-Study/mega_study_evaluation/meta_analysis_results/combined_all_specifications_meta_analysis.csv; row study name='infotainment news sharing', persona specification='temperature_zero', variable name='Profile18'",True
infotainment / Profile18 / temperature_zero: std_human,1.5787432733981446,1.5787432733981446,"Twin-2K-500-Mega-Study/mega_study_evaluation/meta_analysis_results/combined_all_specifications_meta_analysis.csv; row study name='infotainment news sharing', persona specification='temperature_zero', variable name='Profile18'",True
infotainment / Profile18 / temperature_zero: std_twin,0.68377436348263,0.68377436348263,"Twin-2K-500-Mega-Study/mega_study_evaluation/meta_analysis_results/combined_all_specifications_meta_analysis.csv; row study name='infotainment news sharing', persona specification='temperature_zero', variable name='Profile18'",True
infotainment / Profile18 / temperature_zero: sample size,300.0,300.0,"Twin-2K-500-Mega-Study/mega_study_evaluation/meta_analysis_results/combined_all_specifications_meta_analysis.csv; row study name='infotainment news sharing', persona specification='temperature_zero', variable name='Profile18'",True
